scheme,threshold,repeat,query_id,group,latency_us,matched,best_distance,records_examined,bits_compared
fuzzydedup,4,0,enron_full_000202,exact_ref,4665.879,1,0,59273,3793664
fuzzydedup,5,0,enron_full_000202,exact_ref,5006.063,1,0,72621,4647936
fuzzydedup,6,0,enron_full_000202,exact_ref,5365.216,1,0,84428,5403584
fuzzydedup,5,0,enron_full_000664,exact_ref,704.661,1,0,5738,367424
fuzzydedup,6,0,enron_full_000664,exact_ref,675.774,1,0,6118,391744
fuzzydedup,4,0,enron_full_000664,exact_ref,629.631,1,0,5179,331648
fuzzydedup,6,0,enron_full_001289,no_exact_ref,4666.178,0,7,75416,4826624
fuzzydedup,4,0,enron_full_001289,no_exact_ref,3578.468,0,5,50202,3212928
fuzzydedup,5,0,enron_full_001289,no_exact_ref,4034.955,0,6,62674,4011136
fuzzydedup,4,0,enron_full_001379,no_exact_ref,7754.139,0,5,128135,8200640
fuzzydedup,5,0,enron_full_001379,no_exact_ref,9039.544,0,6,154598,9894272
fuzzydedup,6,0,enron_full_001379,no_exact_ref,10225.758,0,7,180015,11520960
fuzzydedup,5,0,enron_full_001488,no_exact_ref,8553.295,0,6,147636,9448704
fuzzydedup,6,0,enron_full_001488,no_exact_ref,9676.471,0,7,172289,11026496
fuzzydedup,4,0,enron_full_001488,no_exact_ref,7188.448,0,5,121972,7806208
fuzzydedup,6,0,enron_full_001525,exact_ref,2002.789,1,0,25312,1620160
fuzzydedup,4,0,enron_full_001525,exact_ref,1650.006,1,0,19975,1278592
fuzzydedup,5,0,enron_full_001525,exact_ref,1653.258,1,0,22923,1467264
fuzzydedup,4,0,enron_full_002220,exact_ref,163.338,1,0,1769,113408
fuzzydedup,5,0,enron_full_002220,exact_ref,170.973,1,0,2319,148608
fuzzydedup,6,0,enron_full_002220,exact_ref,193.767,1,0,2918,186944
fuzzydedup,5,0,enron_full_004616,exact_ref,4140.672,1,0,68957,4413440
fuzzydedup,6,0,enron_full_004616,exact_ref,5063.371,1,0,79639,5097088
fuzzydedup,4,0,enron_full_004616,exact_ref,4022.817,1,0,57150,3657792
fuzzydedup,6,0,enron_full_005913,exact_ref,927.210,1,0,10537,674560
fuzzydedup,4,0,enron_full_005913,exact_ref,816.958,1,0,8716,558016
fuzzydedup,5,0,enron_full_005913,exact_ref,789.225,1,0,9831,629376
fuzzydedup,4,0,enron_full_006211,exact_ref,970.841,1,0,12995,831872
fuzzydedup,5,0,enron_full_006211,exact_ref,1007.912,1,0,14537,930560
fuzzydedup,6,0,enron_full_006211,exact_ref,936.342,1,0,15652,1001920
fuzzydedup,5,0,enron_full_006276,exact_ref,792.555,1,0,6811,436096
fuzzydedup,6,0,enron_full_006276,exact_ref,860.001,1,0,8764,561088
fuzzydedup,4,0,enron_full_006276,exact_ref,758.848,1,0,5061,324096
fuzzydedup,6,0,enron_full_006379,no_exact_ref,9533.220,0,7,177736,11375104
fuzzydedup,4,0,enron_full_006379,no_exact_ref,7558.588,0,5,127462,8157568
fuzzydedup,5,0,enron_full_006379,no_exact_ref,8400.810,0,6,153267,9809088
fuzzydedup,4,0,enron_full_006771,exact_ref,3924.352,1,0,45515,2913152
fuzzydedup,5,0,enron_full_006771,exact_ref,3881.097,1,0,54073,3460864
fuzzydedup,6,0,enron_full_006771,exact_ref,4365.014,1,0,61503,3936384
fuzzydedup,5,0,enron_full_007411,no_exact_ref,9405.702,0,6,154598,9894272
fuzzydedup,6,0,enron_full_007411,no_exact_ref,11454.203,0,7,180015,11520960
fuzzydedup,4,0,enron_full_007411,no_exact_ref,7156.071,0,5,128135,8200640
fuzzydedup,6,0,enron_full_008064,exact_ref,6293.030,1,0,94275,6033792
fuzzydedup,4,0,enron_full_008064,exact_ref,4913.599,1,0,64384,4120768
fuzzydedup,5,0,enron_full_008064,exact_ref,5075.389,1,0,79892,5113280
fuzzydedup,4,0,enron_full_008136,no_exact_ref,5693.521,0,5,92244,5903808
fuzzydedup,5,0,enron_full_008136,no_exact_ref,6631.421,0,6,113036,7234624
fuzzydedup,6,0,enron_full_008136,no_exact_ref,7669.161,0,7,133357,8535744
fuzzydedup,5,0,enron_full_008648,exact_ref,3483.081,1,0,48312,3092160
fuzzydedup,6,0,enron_full_008648,exact_ref,3669.453,1,0,54534,3490368
fuzzydedup,4,0,enron_full_008648,exact_ref,2822.612,1,0,40882,2616640
fuzzydedup,6,0,enron_full_008924,exact_ref,4247.414,1,0,73907,4730240
fuzzydedup,4,0,enron_full_008924,exact_ref,3800.307,1,0,53639,3433088
fuzzydedup,5,0,enron_full_008924,exact_ref,4175.994,1,0,64321,4116736
fuzzydedup,4,0,enron_full_009142,exact_ref,2639.955,1,0,36451,2333056
fuzzydedup,5,0,enron_full_009142,exact_ref,2690.617,1,0,42673,2731264
fuzzydedup,6,0,enron_full_009142,exact_ref,2632.294,1,0,48321,3092736
fuzzydedup,5,0,enron_full_009200,exact_ref,1932.987,1,0,27566,1764416
fuzzydedup,6,0,enron_full_009200,exact_ref,2134.430,1,0,30514,1953088
fuzzydedup,4,0,enron_full_009200,exact_ref,1916.308,1,0,24083,1541504
fuzzydedup,6,0,enron_full_009568,no_exact_ref,8306.841,0,7,159258,10192512
fuzzydedup,4,0,enron_full_009568,no_exact_ref,6118.285,0,5,113227,7246528
fuzzydedup,5,0,enron_full_009568,no_exact_ref,7297.510,0,6,136629,8744256
fuzzydedup,4,0,enron_full_009735,no_exact_ref,6822.193,0,5,132999,8511936
fuzzydedup,5,0,enron_full_009735,no_exact_ref,8225.693,0,6,159592,10213888
fuzzydedup,6,0,enron_full_009735,no_exact_ref,8965.534,0,7,184939,11836096
fuzzydedup,5,0,enron_full_011924,exact_ref,5566.249,1,0,79922,5115200
fuzzydedup,6,0,enron_full_011924,exact_ref,5836.548,1,0,95894,6137408
fuzzydedup,4,0,enron_full_011924,exact_ref,4260.448,1,0,63515,4065152
fuzzydedup,6,0,enron_full_012156,exact_ref,3136.221,1,0,43148,2761664
fuzzydedup,4,0,enron_full_012156,exact_ref,2324.491,1,0,25457,1629440
fuzzydedup,5,0,enron_full_012156,exact_ref,2745.476,1,0,33703,2157184
fuzzydedup,4,0,enron_full_012651,exact_ref,4804.907,1,0,62086,3973696
fuzzydedup,5,0,enron_full_012651,exact_ref,5241.327,1,0,78305,5011712
fuzzydedup,6,0,enron_full_012651,exact_ref,6247.895,1,0,94712,6061760
fuzzydedup,5,0,enron_full_013576,exact_ref,5295.740,1,0,79384,5080768
fuzzydedup,6,0,enron_full_013576,exact_ref,5986.976,1,0,95791,6130816
fuzzydedup,4,0,enron_full_013576,exact_ref,4618.412,1,0,63165,4042752
fuzzydedup,6,0,enron_full_013941,exact_ref,6186.863,1,0,94614,6055488
fuzzydedup,4,0,enron_full_013941,exact_ref,4607.658,1,0,61988,3967424
fuzzydedup,5,0,enron_full_013941,exact_ref,5480.352,1,0,78207,5005440
fuzzydedup,4,0,enron_full_014539,exact_ref,1480.051,1,0,14438,924224
fuzzydedup,5,0,enron_full_014539,exact_ref,1717.962,1,0,19674,1259328
fuzzydedup,6,0,enron_full_014539,exact_ref,1676.630,1,0,24734,1583168
fuzzydedup,5,0,enron_full_014678,exact_ref,3768.375,1,0,55792,3570880
fuzzydedup,6,0,enron_full_014678,exact_ref,4573.191,1,0,69989,4479488
fuzzydedup,4,0,enron_full_014678,exact_ref,3342.774,1,0,42463,2717824
fuzzydedup,6,0,enron_full_015568,exact_ref,3249.778,1,0,43174,2763328
fuzzydedup,4,0,enron_full_015568,exact_ref,2191.732,1,0,25483,1631104
fuzzydedup,5,0,enron_full_015568,exact_ref,2696.305,1,0,33729,2158848
fuzzydedup,4,0,enron_full_015698,exact_ref,4770.650,1,0,57816,3700416
fuzzydedup,5,0,enron_full_015698,exact_ref,5220.051,1,0,73577,4709120
fuzzydedup,6,0,enron_full_015698,exact_ref,5979.517,1,0,89488,5727424
fuzzydedup,5,0,enron_full_016017,exact_ref,5126.880,1,0,73561,4708096
fuzzydedup,6,0,enron_full_016017,exact_ref,6393.086,1,0,89472,5726400
fuzzydedup,4,0,enron_full_016017,exact_ref,4750.675,1,0,57800,3699392
fuzzydedup,6,0,enron_full_017189,exact_ref,5979.815,1,0,88896,5689536
fuzzydedup,4,0,enron_full_017189,exact_ref,5425.005,1,0,61726,3950656
fuzzydedup,5,0,enron_full_017189,exact_ref,5336.580,1,0,75548,4835264
fuzzydedup,4,0,enron_full_018163,no_exact_ref,979.107,0,5,11730,750720
fuzzydedup,5,0,enron_full_018163,no_exact_ref,1136.240,0,6,15488,991232
fuzzydedup,6,0,enron_full_018163,no_exact_ref,1348.725,0,7,20240,1295360
fuzzydedup,5,0,enron_full_018755,exact_ref,6128.998,1,0,80616,5159616
fuzzydedup,6,0,enron_full_018755,exact_ref,7457.331,1,0,96124,6152128
fuzzydedup,4,0,enron_full_018755,exact_ref,5097.772,1,0,65083,4165504
fuzzydedup,6,0,enron_full_019153,exact_ref,756.142,1,0,4638,297024
fuzzydedup,4,0,enron_full_019153,exact_ref,611.244,1,0,3982,255040
fuzzydedup,5,0,enron_full_019153,exact_ref,585.740,1,0,4362,279360
fuzzydedup,4,0,enron_full_019201,exact_ref,5310.351,1,0,65743,4207744
fuzzydedup,5,0,enron_full_019201,exact_ref,5306.642,1,0,81504,5216448
fuzzydedup,6,0,enron_full_019201,exact_ref,6061.029,1,0,97415,6234752
fuzzydedup,5,0,enron_full_019604,no_exact_ref,9602.158,0,6,168810,10803840
fuzzydedup,6,0,enron_full_019604,no_exact_ref,10726.862,0,7,194887,12472768
fuzzydedup,4,0,enron_full_019604,no_exact_ref,8279.803,0,5,139973,8958272
fuzzydedup,6,0,enron_full_019949,exact_ref,6538.033,1,0,96128,6152384
fuzzydedup,4,0,enron_full_019949,exact_ref,5013.766,1,0,65087,4165760
fuzzydedup,5,0,enron_full_019949,exact_ref,5637.045,1,0,80620,5159872
fuzzydedup,4,0,enron_full_020401,no_exact_ref,5603.463,0,5,95838,6133632
fuzzydedup,5,0,enron_full_020401,no_exact_ref,6194.118,0,6,116994,7487616
fuzzydedup,6,0,enron_full_020401,no_exact_ref,7016.763,0,7,137129,8776256
fuzzydedup,5,0,enron_full_020951,exact_ref,4465.450,1,0,64696,4140736
fuzzydedup,6,0,enron_full_020951,exact_ref,4549.115,1,0,74282,4754240
fuzzydedup,4,0,enron_full_020951,exact_ref,3548.661,1,0,54014,3457088
fuzzydedup,6,0,enron_full_021195,exact_ref,5690.167,1,0,75422,4827200
fuzzydedup,4,0,enron_full_021195,exact_ref,3651.672,1,0,46513,2977024
fuzzydedup,5,0,enron_full_021195,exact_ref,3877.287,1,0,60710,3885632
fuzzydedup,4,0,enron_full_021224,exact_ref,1853.230,1,4,5252,338752
fuzzydedup,5,0,enron_full_021224,exact_ref,2393.243,1,4,21471,1382912
fuzzydedup,6,0,enron_full_021224,exact_ref,3568.922,1,6,32732,2106048
fuzzydedup,5,0,enron_full_021900,exact_ref,510.986,1,0,1684,107968
fuzzydedup,6,0,enron_full_021900,exact_ref,415.792,1,0,1768,113344
fuzzydedup,4,0,enron_full_021900,exact_ref,382.104,1,0,1534,98368
fuzzydedup,6,0,enron_full_022531,exact_ref,5549.394,1,0,92600,5926592
fuzzydedup,4,0,enron_full_022531,exact_ref,3975.020,1,0,60470,3870272
fuzzydedup,5,0,enron_full_022531,exact_ref,4975.930,1,0,76381,4888576
fuzzydedup,4,0,enron_full_022683,exact_ref,3485.574,1,0,46060,2948032
fuzzydedup,5,0,enron_full_022683,exact_ref,3752.906,1,0,54618,3495744
fuzzydedup,6,0,enron_full_022683,exact_ref,3908.594,1,0,62048,3971264
fuzzydedup,5,0,enron_full_022865,exact_ref,5258.612,1,0,78607,5031040
fuzzydedup,6,0,enron_full_022865,exact_ref,6124.153,1,0,92429,5915648
fuzzydedup,4,0,enron_full_022865,exact_ref,4285.713,1,0,64224,4110528
fuzzydedup,6,0,enron_full_022972,exact_ref,2955.608,1,0,48798,3123264
fuzzydedup,4,0,enron_full_022972,exact_ref,2831.799,1,0,36928,2363584
fuzzydedup,5,0,enron_full_022972,exact_ref,3193.931,1,0,43150,2761792
fuzzydedup,4,0,enron_full_024952,no_exact_ref,134.153,0,5,1057,67648
fuzzydedup,5,0,enron_full_024952,no_exact_ref,119.760,0,6,1290,82560
fuzzydedup,6,0,enron_full_024952,no_exact_ref,129.550,0,7,1550,99200
fuzzydedup,5,0,enron_full_025050,exact_ref,5396.362,1,0,78500,5024192
fuzzydedup,6,0,enron_full_025050,exact_ref,6027.852,1,0,94907,6074240
fuzzydedup,4,0,enron_full_025050,exact_ref,4737.891,1,0,62281,3986176
fuzzydedup,6,0,enron_full_026603,exact_ref,5031.537,1,0,85158,5450304
fuzzydedup,4,0,enron_full_026603,exact_ref,3958.159,1,0,60003,3840384
fuzzydedup,5,0,enron_full_026603,exact_ref,4690.356,1,0,73351,4694656
fuzzydedup,4,0,enron_full_026721,exact_ref,3053.583,1,0,35512,2273024
fuzzydedup,5,0,enron_full_026721,exact_ref,3613.496,1,0,46563,2980288
fuzzydedup,6,0,enron_full_026721,exact_ref,3699.918,1,0,58257,3728704
fuzzydedup,5,0,enron_full_027643,exact_ref,2281.028,1,0,32902,2105920
fuzzydedup,6,0,enron_full_027643,exact_ref,2378.642,1,0,36385,2328832
fuzzydedup,4,0,enron_full_027643,exact_ref,2096.189,1,0,28300,1811392
fuzzydedup,6,0,enron_full_027693,exact_ref,4459.797,1,0,64154,4106048
fuzzydedup,4,0,enron_full_027693,exact_ref,3100.527,1,0,39131,2504576
fuzzydedup,5,0,enron_full_027693,exact_ref,3687.824,1,0,50825,3252992
fuzzydedup,4,0,enron_full_027925,exact_ref,3569.222,1,0,50711,3245696
fuzzydedup,5,0,enron_full_027925,exact_ref,5094.014,1,0,65423,4187264
fuzzydedup,6,0,enron_full_027925,exact_ref,5413.406,1,0,80684,5163968
fuzzydedup,5,0,enron_full_028250,exact_ref,4880.900,1,0,73336,4693696
fuzzydedup,6,0,enron_full_028250,exact_ref,5427.757,1,0,85143,5449344
fuzzydedup,4,0,enron_full_028250,exact_ref,4381.656,1,0,59988,3839424
fuzzydedup,6,0,enron_full_028591,exact_ref,6141.934,1,0,96454,6173248
fuzzydedup,4,0,enron_full_028591,exact_ref,4968.702,1,0,64949,4156928
fuzzydedup,5,0,enron_full_028591,exact_ref,5652.158,1,0,80921,5179136
fuzzydedup,4,0,enron_full_028607,no_exact_ref,7218.453,0,5,139516,8929024
fuzzydedup,5,0,enron_full_028607,no_exact_ref,9127.363,0,6,168125,10760000
fuzzydedup,6,0,enron_full_028607,no_exact_ref,10042.927,0,7,194644,12457216
fuzzydedup,5,0,enron_full_029506,no_exact_ref,9481.707,0,6,164996,10559744
fuzzydedup,6,0,enron_full_029506,no_exact_ref,10134.170,0,7,191555,12259520
fuzzydedup,4,0,enron_full_029506,no_exact_ref,7815.701,0,5,137769,8817216
fuzzydedup,6,0,enron_full_030144,exact_ref,276.456,1,0,3987,255360
fuzzydedup,4,0,enron_full_030144,exact_ref,166.314,1,0,2293,146944
fuzzydedup,5,0,enron_full_030144,exact_ref,200.537,1,0,3055,195712
fuzzydedup,4,0,enron_full_031433,exact_ref,4315.318,1,0,60482,3871040
fuzzydedup,5,0,enron_full_031433,exact_ref,5412.065,1,0,76393,4889344
fuzzydedup,6,0,enron_full_031433,exact_ref,5774.268,1,0,92612,5927360
fuzzydedup,5,0,enron_full_031542,exact_ref,4176.311,1,0,64657,4138240
fuzzydedup,6,0,enron_full_031542,exact_ref,4805.299,1,0,74243,4751744
fuzzydedup,4,0,enron_full_031542,exact_ref,3894.895,1,0,53975,3454592
fuzzydedup,6,0,enron_full_031612,exact_ref,5504.342,1,0,80643,5161344
fuzzydedup,4,0,enron_full_031612,exact_ref,3506.562,1,0,50670,3243072
fuzzydedup,5,0,enron_full_031612,exact_ref,5088.506,1,0,65382,4184640
fuzzydedup,4,0,enron_full_031680,exact_ref,4855.166,1,0,64094,4102208
fuzzydedup,5,0,enron_full_031680,exact_ref,5388.132,1,0,78477,5022720
fuzzydedup,6,0,enron_full_031680,exact_ref,6008.892,1,0,92299,5907328
fuzzydedup,5,0,enron_full_032079,no_exact_ref,3729.782,0,6,63363,4055232
fuzzydedup,6,0,enron_full_032079,no_exact_ref,4277.895,0,7,76712,4909568
fuzzydedup,4,0,enron_full_032079,no_exact_ref,2992.092,0,5,50866,3255424
fuzzydedup,6,0,enron_full_032704,exact_ref,6587.303,1,0,94788,6066624
fuzzydedup,4,0,enron_full_032704,exact_ref,4734.141,1,0,62162,3978560
fuzzydedup,5,0,enron_full_032704,exact_ref,5423.170,1,0,78381,5016576
fuzzydedup,4,0,enron_full_033187,no_exact_ref,7331.868,0,5,121972,7806272
fuzzydedup,5,0,enron_full_033187,no_exact_ref,8538.993,0,6,147636,9448768
fuzzydedup,6,0,enron_full_033187,no_exact_ref,9727.242,0,7,172289,11026560
fuzzydedup,5,0,enron_full_033628,no_exact_ref,5282.725,1,0,75655,4842112
fuzzydedup,6,0,enron_full_033628,no_exact_ref,5722.821,1,0,91416,5850816
fuzzydedup,4,0,enron_full_033628,no_exact_ref,4606.360,1,0,60394,3865408
fuzzydedup,6,0,enron_full_034178,no_exact_ref,10410.243,0,7,194887,12472768
fuzzydedup,4,0,enron_full_034178,no_exact_ref,8369.722,0,5,139973,8958272
fuzzydedup,5,0,enron_full_034178,no_exact_ref,8907.819,0,6,168810,10803840
fuzzydedup,4,0,enron_full_034530,no_exact_ref,2015.843,0,5,28839,1845696
fuzzydedup,5,0,enron_full_034530,no_exact_ref,2430.593,0,6,35649,2281536
fuzzydedup,6,0,enron_full_034530,no_exact_ref,3085.204,0,7,43148,2761472
fuzzydedup,5,0,enron_full_035481,no_exact_ref,7317.379,0,6,136629,8744256
fuzzydedup,6,0,enron_full_035481,no_exact_ref,8738.367,0,7,159258,10192512
fuzzydedup,4,0,enron_full_035481,no_exact_ref,5757.254,0,5,113227,7246528
fuzzydedup,6,0,enron_full_035578,no_exact_ref,4653.931,0,7,75416,4826688
fuzzydedup,4,0,enron_full_035578,no_exact_ref,3404.699,0,5,50202,3212928
fuzzydedup,5,0,enron_full_035578,no_exact_ref,3932.864,0,6,62674,4011200
fuzzydedup,4,0,enron_full_035695,no_exact_ref,5133.840,0,5,84127,5384128
fuzzydedup,5,0,enron_full_035695,no_exact_ref,6153.034,0,6,103384,6616576
fuzzydedup,6,0,enron_full_035695,no_exact_ref,7664.147,0,7,123332,7893248
fuzzydedup,5,0,enron_full_035726,no_exact_ref,6447.874,0,6,116994,7487616
fuzzydedup,6,0,enron_full_035726,no_exact_ref,7448.793,0,7,137129,8776256
fuzzydedup,4,0,enron_full_035726,no_exact_ref,5498.105,0,5,95838,6133632
fuzzydedup,6,0,enron_full_035827,no_exact_ref,8661.258,0,7,159258,10192512
fuzzydedup,4,0,enron_full_035827,no_exact_ref,6437.723,0,5,113227,7246528
fuzzydedup,5,0,enron_full_035827,no_exact_ref,7608.888,0,6,136629,8744256
fuzzydedup,4,0,enron_full_035969,no_exact_ref,7287.833,0,5,127462,8157568
fuzzydedup,5,0,enron_full_035969,no_exact_ref,8501.668,0,6,153267,9809088
fuzzydedup,6,0,enron_full_035969,no_exact_ref,9743.894,0,7,177736,11375104
fuzzydedup,5,0,enron_full_035998,no_exact_ref,6449.245,0,6,116994,7487616
fuzzydedup,6,0,enron_full_035998,no_exact_ref,7274.640,0,7,137129,8776256
fuzzydedup,4,0,enron_full_035998,no_exact_ref,5286.192,0,5,95838,6133632
fuzzydedup,6,0,enron_full_038008,no_exact_ref,8242.072,0,7,133357,8534848
fuzzydedup,4,0,enron_full_038008,no_exact_ref,5128.987,0,5,92244,5903616
fuzzydedup,5,0,enron_full_038008,no_exact_ref,6867.621,0,6,113036,7234304
fuzzydedup,4,0,enron_full_040212,no_exact_ref,7712.105,0,5,137103,8774592
fuzzydedup,5,0,enron_full_040212,no_exact_ref,8106.539,0,6,164671,10538944
fuzzydedup,6,0,enron_full_040212,no_exact_ref,9745.110,0,7,190614,12199296
fuzzydedup,5,0,enron_full_040615,exact_ref,5336.326,1,0,81315,5204352
fuzzydedup,6,0,enron_full_040615,exact_ref,6475.992,1,0,96823,6196864
fuzzydedup,4,0,enron_full_040615,exact_ref,5367.492,1,0,65782,4210240
fuzzydedup,6,0,enron_full_041235,exact_ref,731.698,1,0,6304,403648
fuzzydedup,4,0,enron_full_041235,exact_ref,665.390,1,0,5365,343552
fuzzydedup,5,0,enron_full_041235,exact_ref,676.896,1,0,5924,379328
fuzzydedup,4,0,enron_full_042132,exact_ref,3435.259,1,0,46439,2972288
fuzzydedup,5,0,enron_full_042132,exact_ref,3801.849,1,0,54997,3520000
fuzzydedup,6,0,enron_full_042132,exact_ref,4042.309,1,0,62427,3995520
fuzzydedup,5,0,enron_full_045885,exact_ref,5239.468,1,0,80866,5175616
fuzzydedup,6,0,enron_full_045885,exact_ref,5777.335,1,0,95249,6096128
fuzzydedup,4,0,enron_full_045885,exact_ref,4784.753,1,0,65358,4183104
fuzzydedup,6,0,enron_full_046009,exact_ref,5848.377,1,0,96788,6194624
fuzzydedup,4,0,enron_full_046009,exact_ref,4822.849,1,0,65747,4208000
fuzzydedup,5,0,enron_full_046009,exact_ref,5787.510,1,0,81280,5202112
fuzzydedup,4,0,enron_full_046306,exact_ref,4920.977,1,0,64722,4142400
fuzzydedup,5,0,enron_full_046306,exact_ref,5402.279,1,0,79105,5062912
fuzzydedup,6,0,enron_full_046306,exact_ref,6111.331,1,0,92927,5947520
fuzzydedup,5,0,enron_full_046840,exact_ref,2186.781,1,0,27700,1772992
fuzzydedup,6,0,enron_full_046840,exact_ref,2897.957,1,0,35152,2249920
fuzzydedup,4,0,enron_full_046840,exact_ref,1788.785,1,0,20926,1339456
fuzzydedup,6,0,enron_full_047084,no_exact_ref,10368.486,0,7,190614,12199296
fuzzydedup,4,0,enron_full_047084,no_exact_ref,7772.653,0,5,137103,8774592
fuzzydedup,5,0,enron_full_047084,no_exact_ref,9454.386,0,6,164671,10538944
fuzzydedup,4,0,enron_full_047376,exact_ref,1768.615,1,0,20560,1316032
fuzzydedup,5,0,enron_full_047376,exact_ref,1829.133,1,0,23508,1504704
fuzzydedup,6,0,enron_full_047376,exact_ref,1894.649,1,0,25897,1657600
fuzzydedup,5,0,enron_full_047738,exact_ref,1728.505,1,0,19853,1270784
fuzzydedup,6,0,enron_full_047738,exact_ref,1918.806,1,0,24913,1594624
fuzzydedup,4,0,enron_full_047738,exact_ref,1405.712,1,0,14617,935680
fuzzydedup,6,0,enron_full_047772,no_exact_ref,12485.240,0,7,184939,11836096
fuzzydedup,4,0,enron_full_047772,no_exact_ref,7567.685,0,5,132999,8511936
fuzzydedup,5,0,enron_full_047772,no_exact_ref,8122.657,0,6,159592,10213888
fuzzydedup,4,0,enron_full_048185,no_exact_ref,7640.829,0,5,137769,8817216
fuzzydedup,5,0,enron_full_048185,no_exact_ref,9080.143,0,6,164996,10559744
fuzzydedup,6,0,enron_full_048185,no_exact_ref,10674.513,0,7,191555,12259520
fuzzydedup,5,0,enron_full_048713,no_exact_ref,4138.349,0,6,62674,4011136
fuzzydedup,6,0,enron_full_048713,no_exact_ref,4387.540,0,7,75416,4826624
fuzzydedup,4,0,enron_full_048713,no_exact_ref,3536.333,0,5,50202,3212928
fuzzydedup,6,0,enron_full_049016,no_exact_ref,2554.495,0,7,38406,2457984
fuzzydedup,4,0,enron_full_049016,no_exact_ref,1875.572,0,5,25353,1622592
fuzzydedup,5,0,enron_full_049016,no_exact_ref,2197.907,0,6,32008,2048512
fuzzydedup,4,0,enron_full_049875,no_exact_ref,8395.366,0,5,140955,9021120
fuzzydedup,5,0,enron_full_049875,no_exact_ref,9661.444,0,6,169489,10847296
fuzzydedup,6,0,enron_full_049875,no_exact_ref,10942.427,0,7,197034,12610176
fuzzydedup,5,0,enron_full_050163,exact_ref,3901.224,1,0,55175,3531392
fuzzydedup,6,0,enron_full_050163,exact_ref,4121.013,1,0,62605,4006912
fuzzydedup,4,0,enron_full_050163,exact_ref,3331.064,1,0,46617,2983680
fuzzydedup,6,0,enron_full_050258,exact_ref,6725.190,1,0,97001,6208256
fuzzydedup,4,0,enron_full_050258,exact_ref,5036.106,1,0,65960,4221632
fuzzydedup,5,0,enron_full_050258,exact_ref,5639.965,1,0,81493,5215744
fuzzydedup,4,0,enron_full_050705,no_exact_ref,10146.857,0,5,140955,9021120
fuzzydedup,5,0,enron_full_050705,no_exact_ref,10053.796,0,6,169489,10847296
fuzzydedup,6,0,enron_full_050705,no_exact_ref,13003.007,0,7,197034,12610176
fuzzydedup,5,0,enron_full_050719,no_exact_ref,10374.590,0,6,168810,10803840
fuzzydedup,6,0,enron_full_050719,no_exact_ref,11465.319,0,7,194887,12472768
fuzzydedup,4,0,enron_full_050719,no_exact_ref,9203.945,0,5,139973,8958272
fuzzydedup,6,0,enron_full_051118,no_exact_ref,10795.436,0,7,180015,11520960
fuzzydedup,4,0,enron_full_051118,no_exact_ref,7761.615,0,5,128135,8200640
fuzzydedup,5,0,enron_full_051118,no_exact_ref,9704.318,0,6,154598,9894272
fuzzydedup,4,0,enron_full_051633,no_exact_ref,5205.914,0,5,75858,4854912
fuzzydedup,5,0,enron_full_051633,no_exact_ref,6068.307,0,6,94423,6043072
fuzzydedup,6,0,enron_full_051633,no_exact_ref,6574.657,0,7,112816,7220224
fuzzydedup,5,0,enron_full_052109,exact_ref,3249.941,1,2,47877,3064320
fuzzydedup,6,0,enron_full_052109,exact_ref,5061.718,1,2,62589,4005888
fuzzydedup,4,0,enron_full_052109,exact_ref,3506.504,1,2,33680,2155712
fuzzydedup,6,0,enron_full_052243,exact_ref,5513.690,1,0,88703,5677184
fuzzydedup,4,0,enron_full_052243,exact_ref,4371.498,1,0,61533,3938304
fuzzydedup,5,0,enron_full_052243,exact_ref,5580.238,1,0,75355,4822912
fuzzydedup,4,0,enron_full_052699,no_exact_ref,7637.362,0,5,128135,8200640
fuzzydedup,5,0,enron_full_052699,no_exact_ref,9516.892,0,6,154598,9894272
fuzzydedup,6,0,enron_full_052699,no_exact_ref,10150.109,0,7,180015,11520960
fuzzydedup,5,0,enron_full_052941,no_exact_ref,6837.924,0,6,116994,7487616
fuzzydedup,6,0,enron_full_052941,no_exact_ref,7807.427,0,7,137129,8776256
fuzzydedup,4,0,enron_full_052941,no_exact_ref,5870.217,0,5,95838,6133632
fuzzydedup,6,0,enron_full_053517,no_exact_ref,8626.441,0,7,148499,9503936
fuzzydedup,4,0,enron_full_053517,no_exact_ref,6280.168,0,5,105124,6727936
fuzzydedup,5,0,enron_full_053517,no_exact_ref,7910.117,0,6,126879,8120256
fuzzydedup,4,0,enron_full_053522,no_exact_ref,5933.998,0,5,95838,6133632
fuzzydedup,5,0,enron_full_053522,no_exact_ref,6770.227,0,6,116994,7487616
fuzzydedup,6,0,enron_full_053522,no_exact_ref,7042.671,0,7,137129,8776256
fuzzydedup,5,0,enron_full_054174,no_exact_ref,9893.243,0,6,169489,10847296
fuzzydedup,6,0,enron_full_054174,no_exact_ref,11271.347,0,7,197034,12610176
fuzzydedup,4,0,enron_full_054174,no_exact_ref,8321.031,0,5,140955,9021120
fuzzydedup,6,0,enron_full_055270,no_exact_ref,10600.890,0,7,197015,12608960
fuzzydedup,4,0,enron_full_055270,no_exact_ref,8824.356,0,5,141284,9042176
fuzzydedup,5,0,enron_full_055270,no_exact_ref,9967.753,0,6,169864,10871296
fuzzydedup,4,0,enron_full_055462,exact_ref,5142.919,1,0,66017,4225280
fuzzydedup,5,0,enron_full_055462,exact_ref,5600.902,1,0,80400,5145792
fuzzydedup,6,0,enron_full_055462,exact_ref,6377.835,1,0,94222,6030400
fuzzydedup,5,0,enron_full_056138,exact_ref,5853.974,1,0,82658,5291072
fuzzydedup,6,0,enron_full_056138,exact_ref,7085.665,1,0,98191,6285952
fuzzydedup,4,0,enron_full_056138,exact_ref,5321.520,1,0,66686,4268864
fuzzydedup,6,0,enron_full_056670,exact_ref,5895.337,1,0,93995,6019584
fuzzydedup,4,0,enron_full_056670,exact_ref,4450.346,1,0,65790,4211264
fuzzydedup,5,0,enron_full_056670,exact_ref,5510.754,1,0,80173,5133632
fuzzydedup,4,0,enron_full_056953,no_exact_ref,5865.599,0,5,100182,6411648
fuzzydedup,5,0,enron_full_056953,no_exact_ref,7290.271,0,6,122217,7821888
fuzzydedup,6,0,enron_full_056953,no_exact_ref,7855.681,0,7,144058,9219712
fuzzydedup,5,0,enron_full_057268,exact_ref,5443.174,1,0,82510,5280960
fuzzydedup,6,0,enron_full_057268,exact_ref,6001.270,1,0,98043,6275072
fuzzydedup,4,0,enron_full_057268,exact_ref,4798.822,1,0,66538,4258752
fuzzydedup,6,0,enron_full_057321,no_exact_ref,1260.805,0,7,15381,984384
fuzzydedup,4,0,enron_full_057321,no_exact_ref,904.134,0,5,10047,643008
fuzzydedup,5,0,enron_full_057321,no_exact_ref,935.417,0,6,12599,806336
fuzzydedup,4,0,enron_full_057826,no_exact_ref,867.417,0,5,11364,727296
fuzzydedup,5,0,enron_full_057826,no_exact_ref,1687.891,0,6,14232,910848
fuzzydedup,6,0,enron_full_057826,no_exact_ref,2068.777,0,7,17182,1099648
fuzzydedup,5,0,enron_full_058046,exact_ref,5749.098,1,0,75154,4810048
fuzzydedup,6,0,enron_full_058046,exact_ref,5433.585,1,0,91065,5828352
fuzzydedup,4,0,enron_full_058046,exact_ref,4519.946,1,0,59393,3801344
fuzzydedup,6,0,enron_full_058254,exact_ref,2958.544,1,0,43671,2795136
fuzzydedup,4,0,enron_full_058254,exact_ref,2558.833,1,0,33421,2139136
fuzzydedup,5,0,enron_full_058254,exact_ref,2515.123,1,0,39069,2500608
fuzzydedup,4,0,enron_full_058415,no_exact_ref,5288.383,0,5,105124,6727936
fuzzydedup,5,0,enron_full_058415,no_exact_ref,5997.967,0,6,126879,8120256
fuzzydedup,6,0,enron_full_058415,no_exact_ref,7127.616,0,7,148499,9503936
fuzzydedup,5,0,enron_full_059797,exact_ref,4554.264,1,0,70278,4497984
fuzzydedup,6,0,enron_full_059797,exact_ref,5151.945,1,0,86039,5506688
fuzzydedup,4,0,enron_full_059797,exact_ref,4366.794,1,0,55017,3521280
fuzzydedup,6,0,enron_full_060370,exact_ref,3533.298,1,0,56246,3599936
fuzzydedup,4,0,enron_full_060370,exact_ref,2642.051,1,0,42594,2726208
fuzzydedup,5,0,enron_full_060370,exact_ref,2957.273,1,0,50024,3201728
fuzzydedup,4,0,enron_full_060846,exact_ref,4002.883,1,0,59364,3799488
fuzzydedup,5,0,enron_full_060846,exact_ref,4497.234,1,0,71171,4555136
fuzzydedup,6,0,enron_full_060846,exact_ref,4206.588,1,0,81853,5238784
fuzzydedup,5,0,enron_full_062151,exact_ref,3149.341,1,0,55779,3570048
fuzzydedup,6,0,enron_full_062151,exact_ref,3472.652,1,0,63209,4045568
fuzzydedup,4,0,enron_full_062151,exact_ref,3228.220,1,0,47221,3022336
fuzzydedup,6,0,enron_full_062439,exact_ref,3634.424,1,0,63204,4045248
fuzzydedup,4,0,enron_full_062439,exact_ref,2776.234,1,0,47216,3022016
fuzzydedup,5,0,enron_full_062439,exact_ref,2964.961,1,0,55774,3569728
fuzzydedup,4,0,enron_full_063833,exact_ref,4403.532,1,0,59335,3797632
fuzzydedup,5,0,enron_full_063833,exact_ref,5068.693,1,0,75096,4806336
fuzzydedup,6,0,enron_full_063833,exact_ref,5406.268,1,0,91007,5824640
fuzzydedup,5,0,enron_full_063839,exact_ref,4839.790,1,0,77906,4986176
fuzzydedup,6,0,enron_full_063839,exact_ref,5974.852,1,0,94125,6024192
fuzzydedup,4,0,enron_full_063839,exact_ref,3942.682,1,0,61995,3967872
fuzzydedup,6,0,enron_full_064172,exact_ref,3634.312,1,0,63274,4049728
fuzzydedup,4,0,enron_full_064172,exact_ref,2972.569,1,0,47286,3026496
fuzzydedup,5,0,enron_full_064172,exact_ref,3502.458,1,0,55844,3574208
fuzzydedup,4,0,enron_full_064231,exact_ref,1573.408,1,0,17565,1124352
fuzzydedup,5,0,enron_full_064231,exact_ref,1525.396,1,0,19954,1277248
fuzzydedup,6,0,enron_full_064231,exact_ref,1617.427,1,0,21769,1393408
fuzzydedup,5,0,enron_full_064607,exact_ref,8239.151,1,0,81540,5218752
fuzzydedup,6,0,enron_full_064607,exact_ref,6527.574,1,0,97512,6240960
fuzzydedup,4,0,enron_full_064607,exact_ref,4854.422,1,0,65133,4168704
fuzzydedup,6,0,enron_full_065332,exact_ref,4505.128,1,0,70026,4481856
fuzzydedup,4,0,enron_full_065332,exact_ref,3715.803,1,0,51882,3320640
fuzzydedup,5,0,enron_full_065332,exact_ref,4049.678,1,0,61468,3934144
fuzzydedup,4,0,enron_full_065814,exact_ref,2016.623,1,0,25288,1618624
fuzzydedup,5,0,enron_full_065814,exact_ref,2076.109,1,0,28771,1841536
fuzzydedup,6,0,enron_full_065814,exact_ref,2049.763,1,0,31719,2030208
fuzzydedup,5,0,enron_full_066742,no_exact_ref,9613.473,0,6,164996,10559744
fuzzydedup,6,0,enron_full_066742,no_exact_ref,10779.876,0,7,191555,12259520
fuzzydedup,4,0,enron_full_066742,no_exact_ref,8254.751,0,5,137769,8817216
fuzzydedup,6,0,enron_full_067365,exact_ref,3646.108,1,0,55873,3576064
fuzzydedup,4,0,enron_full_067365,exact_ref,3091.546,1,0,42221,2702336
fuzzydedup,5,0,enron_full_067365,exact_ref,3508.204,1,0,49651,3177856
fuzzydedup,4,0,enron_full_067727,exact_ref,3029.810,1,0,33166,2122816
fuzzydedup,5,0,enron_full_067727,exact_ref,2654.940,1,0,38814,2484288
fuzzydedup,6,0,enron_full_067727,exact_ref,3050.638,1,0,43416,2778816
fuzzydedup,5,0,enron_full_067752,exact_ref,6215.740,1,0,81774,5233728
fuzzydedup,6,0,enron_full_067752,exact_ref,6752.415,1,0,96157,6154240
fuzzydedup,4,0,enron_full_067752,exact_ref,5184.702,1,0,66266,4241216
fuzzydedup,6,0,enron_full_068258,no_exact_ref,11527.385,0,7,197034,12610176
fuzzydedup,4,0,enron_full_068258,no_exact_ref,8614.851,0,5,140955,9021120
fuzzydedup,5,0,enron_full_068258,no_exact_ref,9689.780,0,6,169489,10847296
fuzzydedup,4,0,enron_full_068541,no_exact_ref,4187.800,1,1,48900,3129792
fuzzydedup,5,0,enron_full_068541,no_exact_ref,4823.018,1,1,63283,4050304
fuzzydedup,6,0,enron_full_068541,no_exact_ref,5540.266,1,1,77105,4934912
fuzzydedup,5,0,enron_full_068714,no_exact_ref,2920.507,1,0,31097,1990400
fuzzydedup,6,0,enron_full_068714,no_exact_ref,2950.606,1,0,39343,2518144
fuzzydedup,4,0,enron_full_068714,no_exact_ref,1947.456,1,0,23645,1513472
fuzzydedup,6,0,enron_full_068948,no_exact_ref,6508.691,0,7,112816,7220224
fuzzydedup,4,0,enron_full_068948,no_exact_ref,4315.421,0,5,75858,4854912
fuzzydedup,5,0,enron_full_068948,no_exact_ref,5013.128,0,6,94423,6043072
fuzzydedup,4,0,enron_full_069168,exact_ref,5400.518,1,0,66133,4232704
fuzzydedup,5,0,enron_full_069168,exact_ref,5525.247,1,0,82105,5254912
fuzzydedup,6,0,enron_full_069168,exact_ref,5726.279,1,0,97638,6249024
fuzzydedup,5,0,enron_full_069488,no_exact_ref,9129.672,0,6,160514,10272896
fuzzydedup,6,0,enron_full_069488,no_exact_ref,9389.678,0,7,186103,11910720
fuzzydedup,4,0,enron_full_069488,no_exact_ref,7355.780,0,5,133491,8543424
fuzzydedup,6,0,enron_full_070382,no_exact_ref,8670.198,0,7,172289,11026496
fuzzydedup,4,0,enron_full_070382,no_exact_ref,7633.906,0,5,121972,7806208
fuzzydedup,5,0,enron_full_070382,no_exact_ref,7847.853,0,6,147636,9448704
fuzzydedup,4,0,enron_full_071706,exact_ref,4568.735,1,0,61712,3949760
fuzzydedup,5,0,enron_full_071706,exact_ref,5265.429,1,0,77623,4968064
fuzzydedup,6,0,enron_full_071706,exact_ref,5408.866,1,0,93842,6006080
fuzzydedup,5,0,enron_full_071944,exact_ref,4569.349,1,0,65880,4216512
fuzzydedup,6,0,enron_full_071944,exact_ref,5054.650,1,0,75466,4830016
fuzzydedup,4,0,enron_full_071944,exact_ref,3605.737,1,0,55198,3532864
fuzzydedup,6,0,enron_full_072801,exact_ref,846.676,1,0,10948,700864
fuzzydedup,4,0,enron_full_072801,exact_ref,863.643,1,0,9127,584320
fuzzydedup,5,0,enron_full_072801,exact_ref,901.506,1,0,10242,655680
fuzzydedup,4,0,enron_full_073237,exact_ref,4389.733,1,0,63338,4054208
fuzzydedup,5,0,enron_full_073237,exact_ref,5483.696,1,0,77160,4938816
fuzzydedup,6,0,enron_full_073237,exact_ref,5844.993,1,0,90508,5793088
fuzzydedup,5,0,enron_full_075726,exact_ref,3596.411,1,0,49427,3163520
fuzzydedup,6,0,enron_full_075726,exact_ref,3865.305,1,0,55649,3561728
fuzzydedup,4,0,enron_full_075726,exact_ref,3140.994,1,0,41997,2688000
fuzzydedup,6,0,enron_full_076089,exact_ref,4174.861,1,0,62778,4017984
fuzzydedup,4,0,enron_full_076089,exact_ref,3456.429,1,0,46790,2994752
fuzzydedup,5,0,enron_full_076089,exact_ref,3860.355,1,0,55348,3542464
fuzzydedup,4,0,enron_full_078045,no_exact_ref,8165.351,0,5,137103,8774592
fuzzydedup,5,0,enron_full_078045,no_exact_ref,8416.172,0,6,164671,10538944
fuzzydedup,6,0,enron_full_078045,no_exact_ref,10423.491,0,7,190614,12199296
fuzzydedup,5,0,enron_full_078949,exact_ref,3281.010,1,0,43903,2809984
fuzzydedup,6,0,enron_full_078949,exact_ref,3199.276,1,0,49551,3171456
fuzzydedup,4,0,enron_full_078949,exact_ref,2873.697,1,0,37681,2411776
fuzzydedup,6,0,enron_full_080332,no_exact_ref,6353.210,0,7,125079,8005056
fuzzydedup,4,0,enron_full_080332,no_exact_ref,4626.570,0,5,87103,5574592
fuzzydedup,5,0,enron_full_080332,no_exact_ref,5835.932,0,6,106088,6789632
fuzzydedup,4,0,enron_full_080731,exact_ref,7463.324,1,0,65230,4175040
fuzzydedup,5,0,enron_full_080731,exact_ref,5469.782,1,0,79613,5095552
fuzzydedup,6,0,enron_full_080731,exact_ref,5990.776,1,0,93435,5980480
fuzzydedup,5,0,enron_full_081565,exact_ref,5439.750,1,0,70480,4510912
fuzzydedup,6,0,enron_full_081565,exact_ref,5804.880,1,0,86241,5519616
fuzzydedup,4,0,enron_full_081565,exact_ref,4567.147,1,0,55219,3534208
fuzzydedup,6,0,enron_full_081601,exact_ref,4915.811,1,0,75427,4827520
fuzzydedup,4,0,enron_full_081601,exact_ref,3956.551,1,0,55159,3530368
fuzzydedup,5,0,enron_full_081601,exact_ref,4330.885,1,0,65841,4214016
fuzzydedup,4,0,enron_full_081707,exact_ref,1345.624,1,0,10555,675712
fuzzydedup,5,0,enron_full_081707,exact_ref,1386.244,1,0,13877,888320
fuzzydedup,6,0,enron_full_081707,exact_ref,1551.496,1,0,17713,1133824
fuzzydedup,5,0,enron_full_082681,no_exact_ref,7538.408,0,6,136629,8744256
fuzzydedup,6,0,enron_full_082681,no_exact_ref,8587.684,0,7,159258,10192512
fuzzydedup,4,0,enron_full_082681,no_exact_ref,6293.574,0,5,113227,7246528
fuzzydedup,6,0,enron_full_085442,exact_ref,6055.321,1,0,94240,6031552
fuzzydedup,4,0,enron_full_085442,exact_ref,4769.277,1,0,62110,3975232
fuzzydedup,5,0,enron_full_085442,exact_ref,5036.272,1,0,78021,4993536
fuzzydedup,4,0,enron_full_085751,exact_ref,4350.632,1,0,65493,4191744
fuzzydedup,5,0,enron_full_085751,exact_ref,5486.396,1,0,81900,5241792
fuzzydedup,6,0,enron_full_085751,exact_ref,6105.021,1,0,97872,6264000
fuzzydedup,5,0,enron_full_086327,no_exact_ref,2829.396,0,6,54223,3470336
fuzzydedup,6,0,enron_full_086327,no_exact_ref,3199.263,0,7,66020,4225344
fuzzydedup,4,0,enron_full_086327,no_exact_ref,2627.010,0,5,43095,2758144
fuzzydedup,6,0,enron_full_087697,no_exact_ref,3765.214,0,7,54205,3469120
fuzzydedup,4,0,enron_full_087697,no_exact_ref,2465.598,0,5,35794,2290816
fuzzydedup,5,0,enron_full_087697,no_exact_ref,2651.820,0,6,44800,2867200
fuzzydedup,4,0,enron_full_088138,exact_ref,4574.703,1,0,59502,3808320
fuzzydedup,5,0,enron_full_088138,exact_ref,5239.745,1,0,75263,4817024
fuzzydedup,6,0,enron_full_088138,exact_ref,5664.755,1,0,91174,5835328
fuzzydedup,5,0,enron_full_088307,exact_ref,1913.207,1,0,28904,1850048
fuzzydedup,6,0,enron_full_088307,exact_ref,2149.861,1,0,31852,2038720
fuzzydedup,4,0,enron_full_088307,exact_ref,1917.286,1,0,25421,1627136
fuzzydedup,6,0,enron_full_088336,exact_ref,6420.068,1,0,71240,4559552
fuzzydedup,4,0,enron_full_088336,exact_ref,4070.043,1,0,43714,2797888
fuzzydedup,5,0,enron_full_088336,exact_ref,3593.777,1,0,57043,3650944
fuzzydedup,4,0,enron_full_089344,exact_ref,4921.333,1,0,67112,4295360
fuzzydedup,5,0,enron_full_089344,exact_ref,5671.835,1,0,82645,5289472
fuzzydedup,6,0,enron_full_089344,exact_ref,5360.929,1,0,98153,6281984
fuzzydedup,5,0,enron_full_089451,exact_ref,3316.150,1,0,44555,2851712
fuzzydedup,6,0,enron_full_089451,exact_ref,3088.483,1,0,50203,3213184
fuzzydedup,4,0,enron_full_089451,exact_ref,2817.723,1,0,38333,2453504
fuzzydedup,6,0,enron_full_090248,exact_ref,5659.090,1,0,98163,6282816
fuzzydedup,4,0,enron_full_090248,exact_ref,4301.488,1,0,67122,4296000
fuzzydedup,5,0,enron_full_090248,exact_ref,5624.412,1,0,82655,5290112
fuzzydedup,4,0,enron_full_091044,exact_ref,4682.369,1,0,66884,4280768
fuzzydedup,5,0,enron_full_091044,exact_ref,4927.819,1,0,82856,5302976
fuzzydedup,6,0,enron_full_091044,exact_ref,6459.935,1,0,98389,6297088
fuzzydedup,5,0,enron_full_091307,exact_ref,3726.954,1,4,50869,3281792
fuzzydedup,6,0,enron_full_091307,exact_ref,3116.162,1,6,37878,2436288
fuzzydedup,4,0,enron_full_091307,exact_ref,2897.148,1,4,34650,2235392
fuzzydedup,6,0,enron_full_092251,no_exact_ref,6044.779,0,7,112519,7201216
fuzzydedup,4,0,enron_full_092251,no_exact_ref,4544.543,0,5,77883,4984512
fuzzydedup,5,0,enron_full_092251,no_exact_ref,4454.769,0,6,95188,6092032
fuzzydedup,4,0,enron_full_092316,no_exact_ref,5956.556,0,5,120641,7721024
fuzzydedup,5,0,enron_full_092316,no_exact_ref,7738.652,0,6,145606,9318784
fuzzydedup,6,0,enron_full_092316,no_exact_ref,7881.320,0,7,169255,10832320
fuzzydedup,5,0,enron_full_092765,no_exact_ref,5179.711,0,6,95188,6092032
fuzzydedup,6,0,enron_full_092765,no_exact_ref,5130.154,0,7,112519,7201216
fuzzydedup,4,0,enron_full_092765,no_exact_ref,3613.453,0,5,77883,4984512
fuzzydedup,6,0,enron_full_093576,no_exact_ref,9825.229,0,7,180015,11520960
fuzzydedup,4,0,enron_full_093576,no_exact_ref,6712.317,0,5,128135,8200640
fuzzydedup,5,0,enron_full_093576,no_exact_ref,8754.790,0,6,154598,9894272
fuzzydedup,4,0,enron_full_094577,exact_ref,729.698,1,0,3790,242752
fuzzydedup,5,0,enron_full_094577,exact_ref,691.619,1,0,4942,316544
fuzzydedup,6,0,enron_full_094577,exact_ref,678.997,1,0,6280,402176
fuzzydedup,5,0,enron_full_094590,no_exact_ref,7911.061,0,6,168125,10760000
fuzzydedup,6,0,enron_full_094590,no_exact_ref,10064.488,0,7,194644,12457280
fuzzydedup,4,0,enron_full_094590,no_exact_ref,7379.804,0,5,139516,8929024
fuzzydedup,6,0,enron_full_094757,no_exact_ref,9474.925,0,7,184939,11836096
fuzzydedup,4,0,enron_full_094757,no_exact_ref,6632.383,0,5,132999,8511936
fuzzydedup,5,0,enron_full_094757,no_exact_ref,8445.909,0,6,159592,10213888
fuzzydedup,4,0,enron_full_095403,exact_ref,4226.810,1,0,64648,4137664
fuzzydedup,5,0,enron_full_095403,exact_ref,5581.412,1,0,80620,5159872
fuzzydedup,6,0,enron_full_095403,exact_ref,6466.787,1,0,96153,6153984
fuzzydedup,5,0,enron_full_096327,exact_ref,1418.206,1,0,12587,805760
fuzzydedup,6,0,enron_full_096327,exact_ref,1637.878,1,0,15909,1018368
fuzzydedup,4,0,enron_full_096327,exact_ref,1171.533,1,0,9560,612032
fuzzydedup,6,0,enron_full_096329,exact_ref,3936.684,1,0,54091,3462016
fuzzydedup,4,0,enron_full_096329,exact_ref,2780.431,1,0,32984,2111168
fuzzydedup,5,0,enron_full_096329,exact_ref,3361.336,1,0,43040,2754752
fuzzydedup,4,0,enron_full_098210,exact_ref,1750.513,1,0,20192,1292480
fuzzydedup,5,0,enron_full_098210,exact_ref,1706.760,1,0,23140,1481152
fuzzydedup,6,0,enron_full_098210,exact_ref,1752.732,1,0,25529,1634048
fuzzydedup,5,0,enron_full_098535,exact_ref,5843.346,1,0,79878,5112384
fuzzydedup,6,0,enron_full_098535,exact_ref,6518.206,1,0,95850,6134592
fuzzydedup,4,0,enron_full_098535,exact_ref,4769.222,1,0,63471,4062336
fuzzydedup,6,0,enron_full_098599,exact_ref,6292.827,1,0,94427,6043520
fuzzydedup,4,0,enron_full_098599,exact_ref,4716.372,1,0,61801,3955456
fuzzydedup,5,0,enron_full_098599,exact_ref,5705.407,1,0,78020,4993472
fuzzydedup,4,0,enron_full_098973,exact_ref,4794.095,1,0,61421,3931136
fuzzydedup,5,0,enron_full_098973,exact_ref,5298.031,1,0,75243,4815744
fuzzydedup,6,0,enron_full_098973,exact_ref,5021.753,1,0,88591,5670016
fuzzydedup,5,0,enron_full_099013,exact_ref,4837.033,1,0,78978,5054784
fuzzydedup,6,0,enron_full_099013,exact_ref,5543.170,1,0,92800,5939456
fuzzydedup,4,0,enron_full_099013,exact_ref,4638.107,1,0,64595,4134272
fuzzydedup,6,0,enron_full_099531,exact_ref,5567.268,1,0,94732,6063040
fuzzydedup,4,0,enron_full_099531,exact_ref,4470.888,1,0,62602,4006720
fuzzydedup,5,0,enron_full_099531,exact_ref,5247.712,1,0,78513,5025024
fuzzydedup,4,0,enron_full_100323,exact_ref,4648.117,1,0,67180,4302784
fuzzydedup,5,0,enron_full_100323,exact_ref,5077.860,1,0,82688,5297792
fuzzydedup,6,0,enron_full_100323,exact_ref,6053.356,1,0,97071,6221696
fuzzydedup,5,0,enron_full_100466,exact_ref,5149.948,1,0,83323,5332864
fuzzydedup,6,0,enron_full_100466,exact_ref,5595.393,1,0,98831,6325376
fuzzydedup,4,0,enron_full_100466,exact_ref,4926.934,1,0,67790,4338752
fuzzydedup,6,0,enron_full_101174,exact_ref,5766.778,1,0,97163,6218624
fuzzydedup,4,0,enron_full_101174,exact_ref,6022.622,1,0,64537,4130560
fuzzydedup,5,0,enron_full_101174,exact_ref,6121.985,1,0,80756,5168576
fuzzydedup,4,0,enron_full_101274,exact_ref,3024.362,1,0,36600,2342592
fuzzydedup,5,0,enron_full_101274,exact_ref,3400.014,1,0,47651,3049856
fuzzydedup,6,0,enron_full_101274,exact_ref,3942.039,1,0,59345,3798272
fuzzydedup,5,0,enron_full_102532,exact_ref,5960.150,1,0,83216,5326016
fuzzydedup,6,0,enron_full_102532,exact_ref,6108.783,1,0,98724,6318528
fuzzydedup,4,0,enron_full_102532,exact_ref,4868.154,1,0,67683,4331904
fuzzydedup,6,0,enron_full_102695,exact_ref,6549.838,1,0,98995,6335872
fuzzydedup,4,0,enron_full_102695,exact_ref,4701.804,1,0,67490,4319552
fuzzydedup,5,0,enron_full_102695,exact_ref,5341.744,1,0,83462,5341760
fuzzydedup,4,0,enron_full_102774,exact_ref,2542.254,1,0,26397,1689600
fuzzydedup,5,0,enron_full_102774,exact_ref,2827.800,1,0,34643,2217344
fuzzydedup,6,0,enron_full_102774,exact_ref,3292.330,1,0,44088,2821824
fuzzydedup,5,0,enron_full_103426,exact_ref,5604.396,1,0,83118,5319744
fuzzydedup,6,0,enron_full_103426,exact_ref,6218.218,1,0,97501,6240256
fuzzydedup,4,0,enron_full_103426,exact_ref,4987.653,1,0,67610,4327232
fuzzydedup,6,0,enron_full_103581,exact_ref,4092.616,1,0,64107,4103040
fuzzydedup,4,0,enron_full_103581,exact_ref,3296.034,1,0,48119,3079808
fuzzydedup,5,0,enron_full_103581,exact_ref,3715.539,1,0,56677,3627520
fuzzydedup,4,0,enron_full_104396,no_exact_ref,5213.823,0,5,95838,6133632
fuzzydedup,5,0,enron_full_104396,no_exact_ref,5366.237,0,6,116994,7487616
fuzzydedup,6,0,enron_full_104396,no_exact_ref,6822.414,0,7,137129,8776256
fuzzydedup,5,0,enron_full_104402,exact_ref,4484.810,1,0,72771,4657536
fuzzydedup,6,0,enron_full_104402,exact_ref,4530.310,1,0,84578,5413184
fuzzydedup,4,0,enron_full_104402,exact_ref,3658.543,1,0,59423,3803264
fuzzydedup,6,0,enron_full_104423,no_exact_ref,5834.297,0,7,112519,7201216
fuzzydedup,4,0,enron_full_104423,no_exact_ref,4080.390,0,5,77883,4984512
fuzzydedup,5,0,enron_full_104423,no_exact_ref,4673.410,0,6,95188,6092032
fuzzydedup,4,0,enron_full_104598,exact_ref,4314.004,1,0,59434,3803968
fuzzydedup,5,0,enron_full_104598,exact_ref,4863.541,1,0,72782,4658240
fuzzydedup,6,0,enron_full_104598,exact_ref,6112.505,1,0,84589,5413888
fuzzydedup,5,0,enron_full_105565,exact_ref,4695.888,1,0,67090,4293952
fuzzydedup,6,0,enron_full_105565,exact_ref,4672.236,1,0,76676,4907456
fuzzydedup,4,0,enron_full_105565,exact_ref,3376.676,1,0,56408,3610304
fuzzydedup,6,0,enron_full_105930,exact_ref,4764.266,1,0,91666,5866816
fuzzydedup,4,0,enron_full_105930,exact_ref,4245.577,1,0,64496,4127936
fuzzydedup,5,0,enron_full_105930,exact_ref,5196.017,1,0,78318,5012544
fuzzydedup,4,0,enron_full_106126,exact_ref,3483.365,1,0,56378,3608576
fuzzydedup,5,0,enron_full_106126,exact_ref,3751.776,1,0,67060,4292416
fuzzydedup,6,0,enron_full_106126,exact_ref,4470.064,1,0,76646,4905920
fuzzydedup,5,0,enron_full_106135,exact_ref,3735.080,1,0,56613,3623424
fuzzydedup,6,0,enron_full_106135,exact_ref,3570.979,1,0,64043,4098944
fuzzydedup,4,0,enron_full_106135,exact_ref,2792.221,1,0,48055,3075712
fuzzydedup,6,0,enron_full_108529,exact_ref,4337.559,1,0,71463,4573824
fuzzydedup,4,0,enron_full_108529,exact_ref,3476.905,1,0,43937,2812160
fuzzydedup,5,0,enron_full_108529,exact_ref,4094.429,1,0,57266,3665216
fuzzydedup,4,0,enron_full_108654,exact_ref,4935.232,1,0,64398,4121664
fuzzydedup,5,0,enron_full_108654,exact_ref,5554.911,1,0,80617,5159680
fuzzydedup,6,0,enron_full_108654,exact_ref,6442.921,1,0,97024,6209728
fuzzydedup,5,0,enron_full_108933,exact_ref,5433.268,1,0,78232,5007232
fuzzydedup,6,0,enron_full_108933,exact_ref,5832.197,1,0,91580,5861504
fuzzydedup,4,0,enron_full_108933,exact_ref,4748.215,1,0,64410,4122624
fuzzydedup,6,0,enron_full_108996,exact_ref,2963.269,1,0,44065,2820352
fuzzydedup,4,0,enron_full_108996,exact_ref,2674.426,1,0,33815,2164352
fuzzydedup,5,0,enron_full_108996,exact_ref,2850.369,1,0,39463,2525824
fuzzydedup,4,0,enron_full_109605,exact_ref,5092.394,1,0,66029,4226048
fuzzydedup,5,0,enron_full_109605,exact_ref,5800.124,1,0,82436,5276096
fuzzydedup,6,0,enron_full_109605,exact_ref,7096.075,1,0,98408,6298304
fuzzydedup,5,0,enron_full_110370,exact_ref,5381.993,1,0,71462,4573760
fuzzydedup,6,0,enron_full_110370,exact_ref,5975.968,1,0,87223,5582464
fuzzydedup,4,0,enron_full_110370,exact_ref,4706.753,1,0,56201,3597056
fuzzydedup,6,0,enron_full_111197,no_exact_ref,9976.387,0,7,197034,12610176
fuzzydedup,4,0,enron_full_111197,no_exact_ref,7442.013,0,5,140955,9021120
fuzzydedup,5,0,enron_full_111197,no_exact_ref,8621.674,0,6,169489,10847296
fuzzydedup,4,0,enron_full_111665,exact_ref,4084.723,1,0,59868,3831744
fuzzydedup,5,0,enron_full_111665,exact_ref,4898.809,1,0,75629,4840448
fuzzydedup,6,0,enron_full_111665,exact_ref,5989.670,1,0,91540,5858752
fuzzydedup,5,0,enron_full_111904,exact_ref,5668.023,1,0,83052,5315520
fuzzydedup,6,0,enron_full_111904,exact_ref,6113.039,1,0,98560,6308032
fuzzydedup,4,0,enron_full_111904,exact_ref,4604.134,1,0,67519,4321408
fuzzydedup,6,0,enron_full_112694,exact_ref,4482.148,1,0,83130,5320512
fuzzydedup,4,0,enron_full_112694,exact_ref,3649.358,1,0,60641,3881216
fuzzydedup,5,0,enron_full_112694,exact_ref,4043.104,1,0,72448,4636864
fuzzydedup,4,0,enron_full_113971,exact_ref,1012.978,1,0,10995,703872
fuzzydedup,5,0,enron_full_113971,exact_ref,1132.232,1,0,12537,802560
fuzzydedup,6,0,enron_full_113971,exact_ref,1025.303,1,0,13652,873920
fuzzydedup,5,0,enron_full_114650,exact_ref,2457.304,1,0,45538,2914624
fuzzydedup,6,0,enron_full_114650,exact_ref,2794.126,1,0,50140,3209152
fuzzydedup,4,0,enron_full_114650,exact_ref,2315.936,1,0,39890,2553152
fuzzydedup,6,0,enron_full_115626,no_exact_ref,10032.382,0,7,190614,12199296
fuzzydedup,4,0,enron_full_115626,no_exact_ref,6894.419,0,5,137103,8774592
fuzzydedup,5,0,enron_full_115626,no_exact_ref,8459.689,0,6,164671,10538944
fuzzydedup,4,0,enron_full_116065,exact_ref,1905.663,1,0,25885,1656832
fuzzydedup,5,0,enron_full_116065,exact_ref,1866.911,1,0,29368,1879744
fuzzydedup,6,0,enron_full_116065,exact_ref,1907.296,1,0,32316,2068416
fuzzydedup,5,0,enron_full_116692,exact_ref,1951.100,1,0,29341,1878016
fuzzydedup,6,0,enron_full_116692,exact_ref,1897.129,1,0,32289,2066688
fuzzydedup,4,0,enron_full_116692,exact_ref,1639.766,1,0,25858,1655104
fuzzydedup,6,0,enron_full_117087,exact_ref,3988.591,1,0,64305,4115712
fuzzydedup,4,0,enron_full_117087,exact_ref,3112.784,1,0,48317,3092480
fuzzydedup,5,0,enron_full_117087,exact_ref,3264.003,1,0,56875,3640192
fuzzydedup,4,0,enron_full_117441,exact_ref,4408.268,1,0,64838,4149824
fuzzydedup,5,0,enron_full_117441,exact_ref,5272.943,1,0,78660,5034432
fuzzydedup,6,0,enron_full_117441,exact_ref,5591.616,1,0,92008,5888704
fuzzydedup,5,0,enron_full_117988,exact_ref,3733.690,1,0,56860,3639232
fuzzydedup,6,0,enron_full_117988,exact_ref,3726.020,1,0,64290,4114752
fuzzydedup,4,0,enron_full_117988,exact_ref,3469.288,1,0,48302,3091520
fuzzydedup,6,0,enron_full_118247,exact_ref,1618.716,1,0,17995,1151872
fuzzydedup,4,0,enron_full_118247,exact_ref,1291.824,1,0,14638,937024
fuzzydedup,5,0,enron_full_118247,exact_ref,1188.895,1,0,16453,1053184
fuzzydedup,4,0,enron_full_118573,exact_ref,3062.226,1,0,48333,3093504
fuzzydedup,5,0,enron_full_118573,exact_ref,3257.727,1,0,56891,3641216
fuzzydedup,6,0,enron_full_118573,exact_ref,3557.601,1,0,64321,4116736
fuzzydedup,5,0,enron_full_119068,exact_ref,3058.416,1,0,45152,2889920
fuzzydedup,6,0,enron_full_119068,exact_ref,3065.687,1,0,50800,3251392
fuzzydedup,4,0,enron_full_119068,exact_ref,2422.285,1,0,38930,2491712
fuzzydedup,6,0,enron_full_119674,no_exact_ref,9772.406,0,7,172289,11026496
fuzzydedup,4,0,enron_full_119674,no_exact_ref,6997.889,0,5,121972,7806208
fuzzydedup,5,0,enron_full_119674,no_exact_ref,7354.141,0,6,147636,9448704
fuzzydedup,4,0,enron_full_119896,no_exact_ref,6431.749,0,5,107991,6911552
fuzzydedup,5,0,enron_full_119896,no_exact_ref,6808.391,0,6,131204,8397696
fuzzydedup,6,0,enron_full_119896,no_exact_ref,9463.355,0,7,153889,9850432
fuzzydedup,5,0,enron_full_120534,exact_ref,5639.900,1,0,72606,4646976
fuzzydedup,6,0,enron_full_120534,exact_ref,4717.004,1,0,83288,5330624
fuzzydedup,4,0,enron_full_120534,exact_ref,4065.718,1,0,60799,3891328
fuzzydedup,6,0,enron_full_120641,exact_ref,4608.071,1,0,77360,4951232
fuzzydedup,4,0,enron_full_120641,exact_ref,3461.093,1,0,57092,3654080
fuzzydedup,5,0,enron_full_120641,exact_ref,3792.287,1,0,67774,4337728
fuzzydedup,4,0,enron_full_120822,exact_ref,584.484,1,0,4350,278592
fuzzydedup,5,0,enron_full_120822,exact_ref,571.365,1,0,4730,302912
fuzzydedup,6,0,enron_full_120822,exact_ref,583.380,1,0,5006,320576
fuzzydedup,5,0,enron_full_121175,exact_ref,2682.857,1,0,39876,2552320
fuzzydedup,6,0,enron_full_121175,exact_ref,2832.577,1,0,44478,2846848
fuzzydedup,4,0,enron_full_121175,exact_ref,2527.935,1,0,34228,2190848
fuzzydedup,6,0,enron_full_122290,no_exact_ref,9494.012,0,7,194644,12457280
fuzzydedup,4,0,enron_full_122290,no_exact_ref,7784.514,0,5,139516,8929024
fuzzydedup,5,0,enron_full_122290,no_exact_ref,8768.134,0,6,168125,10760000
fuzzydedup,4,0,enron_full_122402,no_exact_ref,4631.544,0,5,69400,4441600
fuzzydedup,5,0,enron_full_122402,no_exact_ref,5191.176,0,6,85290,5458560
fuzzydedup,6,0,enron_full_122402,no_exact_ref,6038.103,0,7,102455,6557120
fuzzydedup,5,0,enron_full_123831,exact_ref,2784.354,1,0,39990,2559552
fuzzydedup,6,0,enron_full_123831,exact_ref,2909.920,1,0,44592,2854080
fuzzydedup,4,0,enron_full_123831,exact_ref,2555.595,1,0,34342,2198080
fuzzydedup,6,0,enron_full_124264,exact_ref,4522.823,1,0,65660,4202432
fuzzydedup,4,0,enron_full_124264,exact_ref,3234.488,1,0,40637,2600960
fuzzydedup,5,0,enron_full_124264,exact_ref,3728.389,1,0,52331,3349376
fuzzydedup,4,0,enron_full_124451,exact_ref,4805.934,1,0,65202,4173120
fuzzydedup,5,0,enron_full_124451,exact_ref,5633.758,1,0,79024,5057728
fuzzydedup,6,0,enron_full_124451,exact_ref,6632.045,1,0,92372,5912000
fuzzydedup,5,0,enron_full_126518,exact_ref,2775.821,1,0,39940,2556352
fuzzydedup,6,0,enron_full_126518,exact_ref,2888.791,1,0,44542,2850880
fuzzydedup,4,0,enron_full_126518,exact_ref,2521.815,1,0,34292,2194880
fuzzydedup,6,0,enron_full_128013,no_exact_ref,10475.723,0,7,186103,11910592
fuzzydedup,4,0,enron_full_128013,no_exact_ref,8011.195,0,5,133491,8543424
fuzzydedup,5,0,enron_full_128013,no_exact_ref,9187.087,0,6,160514,10272896
fuzzydedup,4,0,enron_full_128290,no_exact_ref,6433.967,0,5,100182,6411648
fuzzydedup,5,0,enron_full_128290,no_exact_ref,7395.299,0,6,122217,7821888
fuzzydedup,6,0,enron_full_128290,no_exact_ref,8115.540,0,7,144058,9219712
fuzzydedup,5,0,enron_full_128461,exact_ref,4243.793,1,0,62581,4005376
fuzzydedup,6,0,enron_full_128461,exact_ref,5412.418,1,0,77293,4946944
fuzzydedup,4,0,enron_full_128461,exact_ref,3639.485,1,0,48384,3096768
fuzzydedup,6,0,enron_full_129750,exact_ref,6170.890,1,0,95622,6120000
fuzzydedup,4,0,enron_full_129750,exact_ref,4957.917,1,0,67417,4314880
fuzzydedup,5,0,enron_full_129750,exact_ref,5467.388,1,0,81800,5235392
fuzzydedup,4,0,enron_full_129922,exact_ref,4459.960,1,0,63129,4040448
fuzzydedup,5,0,enron_full_129922,exact_ref,4822.228,1,0,76477,4894720
fuzzydedup,6,0,enron_full_129922,exact_ref,5264.265,1,0,88284,5650368
fuzzydedup,5,0,enron_full_129965,exact_ref,839.769,1,0,10655,682112
fuzzydedup,6,0,enron_full_129965,exact_ref,829.521,1,0,11361,727296
fuzzydedup,4,0,enron_full_129965,exact_ref,901.417,1,0,9540,610752
fuzzydedup,6,0,enron_full_130406,exact_ref,4451.298,1,0,77504,4960448
fuzzydedup,4,0,enron_full_130406,exact_ref,3872.265,1,0,57236,3663296
fuzzydedup,5,0,enron_full_130406,exact_ref,4221.516,1,0,67918,4346944
fuzzydedup,4,0,enron_full_130557,exact_ref,675.324,1,0,4341,278016
fuzzydedup,5,0,enron_full_130557,exact_ref,713.677,1,0,5679,363648
fuzzydedup,6,0,enron_full_130557,exact_ref,749.401,1,0,7098,454464
fuzzydedup,5,0,enron_full_130818,exact_ref,4642.642,1,0,81862,5239360
fuzzydedup,6,0,enron_full_130818,exact_ref,5235.203,1,0,95684,6123968
fuzzydedup,4,0,enron_full_130818,exact_ref,4925.880,1,0,67479,4318848
fuzzydedup,6,0,enron_full_131990,exact_ref,4498.956,1,0,71789,4594688
fuzzydedup,4,0,enron_full_131990,exact_ref,2948.985,1,0,44263,2833024
fuzzydedup,5,0,enron_full_131990,exact_ref,3617.355,1,0,57592,3686080
fuzzydedup,4,0,enron_full_132971,exact_ref,1293.408,1,0,11984,767168
fuzzydedup,5,0,enron_full_132971,exact_ref,1402.991,1,0,15820,1012672
fuzzydedup,6,0,enron_full_132971,exact_ref,1609.940,1,0,20016,1281216
fuzzydedup,5,0,enron_full_133588,exact_ref,5231.223,1,0,78942,5052480
fuzzydedup,6,0,enron_full_133588,exact_ref,4815.867,1,0,92290,5906752
fuzzydedup,4,0,enron_full_133588,exact_ref,4408.179,1,0,65120,4167872
fuzzydedup,6,0,enron_full_133819,exact_ref,3489.448,1,0,49190,3148352
fuzzydedup,4,0,enron_full_133819,exact_ref,2273.297,1,0,29689,1900288
fuzzydedup,5,0,enron_full_133819,exact_ref,2719.413,1,0,39134,2504768
fuzzydedup,4,0,enron_full_134727,no_exact_ref,6915.776,0,5,132999,8511936
fuzzydedup,5,0,enron_full_134727,no_exact_ref,8575.053,0,6,159592,10213888
fuzzydedup,6,0,enron_full_134727,no_exact_ref,9481.877,0,7,184939,11836096
fuzzydedup,5,0,enron_full_136330,exact_ref,956.470,1,0,10715,685952
fuzzydedup,6,0,enron_full_136330,exact_ref,950.237,1,0,11421,731136
fuzzydedup,4,0,enron_full_136330,exact_ref,974.841,1,0,9600,614592
fuzzydedup,6,0,enron_full_137531,exact_ref,3732.386,1,0,57759,3696768
fuzzydedup,4,0,enron_full_137531,exact_ref,2714.869,1,0,44107,2823040
fuzzydedup,5,0,enron_full_137531,exact_ref,3150.903,1,0,51537,3298560
fuzzydedup,4,0,enron_full_137711,exact_ref,4819.189,1,0,67023,4289664
fuzzydedup,5,0,enron_full_137711,exact_ref,5416.533,1,0,83430,5339712
fuzzydedup,6,0,enron_full_137711,exact_ref,5508.504,1,0,99402,6361920
fuzzydedup,5,0,enron_full_139013,no_exact_ref,8944.308,0,6,160514,10272896
fuzzydedup,6,0,enron_full_139013,no_exact_ref,9224.015,0,7,186103,11910592
fuzzydedup,4,0,enron_full_139013,no_exact_ref,7663.219,0,5,133491,8543424
fuzzydedup,6,0,enron_full_139188,exact_ref,2034.772,1,0,30842,1974080
fuzzydedup,4,0,enron_full_139188,exact_ref,1685.228,1,0,24411,1562496
fuzzydedup,5,0,enron_full_139188,exact_ref,1647.497,1,0,27894,1785408
fuzzydedup,4,0,enron_full_139197,exact_ref,1493.725,1,0,19233,1231104
fuzzydedup,5,0,enron_full_139197,exact_ref,1728.034,1,0,25313,1620224
fuzzydedup,6,0,enron_full_139197,exact_ref,1982.526,1,0,32087,2053760
fuzzydedup,5,0,enron_full_139486,exact_ref,4687.334,1,0,73056,4675776
fuzzydedup,6,0,enron_full_139486,exact_ref,4578.717,1,0,83738,5359424
fuzzydedup,4,0,enron_full_139486,exact_ref,3431.480,1,0,61249,3920128
fuzzydedup,6,0,enron_full_140225,no_exact_ref,10415.145,0,7,191555,12259840
fuzzydedup,4,0,enron_full_140225,no_exact_ref,7884.346,0,5,137769,8817216
fuzzydedup,5,0,enron_full_140225,no_exact_ref,8935.939,0,6,164996,10559808
fuzzydedup,4,0,enron_full_140420,exact_ref,2038.052,1,0,24234,1551168
fuzzydedup,5,0,enron_full_140420,exact_ref,1865.438,1,0,27717,1774464
fuzzydedup,6,0,enron_full_140420,exact_ref,2143.367,1,0,30665,1963392
fuzzydedup,5,0,enron_full_140552,exact_ref,1815.954,1,0,29839,1909888
fuzzydedup,6,0,enron_full_140552,exact_ref,2154.115,1,0,32787,2098560
fuzzydedup,4,0,enron_full_140552,exact_ref,1881.820,1,0,26356,1686976
fuzzydedup,6,0,enron_full_140885,exact_ref,6139.183,1,0,92362,5911360
fuzzydedup,4,0,enron_full_140885,exact_ref,4725.492,1,0,60690,3884352
fuzzydedup,5,0,enron_full_140885,exact_ref,5238.704,1,0,76451,4893056
fuzzydedup,4,0,enron_full_141161,no_exact_ref,150.324,0,5,1280,81920
fuzzydedup,5,0,enron_full_141161,no_exact_ref,140.395,0,6,1594,102016
fuzzydedup,6,0,enron_full_141161,no_exact_ref,161.123,0,7,1872,119808
fuzzydedup,5,0,enron_full_141985,exact_ref,4145.308,1,0,63151,4041856
fuzzydedup,6,0,enron_full_141985,exact_ref,4440.749,1,0,71709,4589568
fuzzydedup,4,0,enron_full_141985,exact_ref,3602.080,1,0,53565,3428352
fuzzydedup,6,0,enron_full_142230,exact_ref,1935.024,1,0,27342,1750080
fuzzydedup,4,0,enron_full_142230,exact_ref,1701.505,1,0,22005,1408512
fuzzydedup,5,0,enron_full_142230,exact_ref,1796.644,1,0,24953,1597184
fuzzydedup,4,0,enron_full_142612,exact_ref,5228.920,1,0,68531,4386176
fuzzydedup,5,0,enron_full_142612,exact_ref,5613.761,1,0,84039,5378688
fuzzydedup,6,0,enron_full_142612,exact_ref,6150.604,1,0,98422,6299200
fuzzydedup,5,0,enron_full_143076,exact_ref,4141.011,1,0,63158,4042304
fuzzydedup,6,0,enron_full_143076,exact_ref,4395.965,1,0,71716,4590016
fuzzydedup,4,0,enron_full_143076,exact_ref,3612.830,1,0,53572,3428800
fuzzydedup,6,0,enron_full_144720,no_exact_ref,512.028,0,7,3758,240704
fuzzydedup,4,0,enron_full_144720,no_exact_ref,408.112,0,5,1891,121024
fuzzydedup,5,0,enron_full_144720,no_exact_ref,431.699,0,6,2621,167872
fuzzydedup,4,0,enron_full_144759,no_exact_ref,7395.194,0,5,132999,8511936
fuzzydedup,5,0,enron_full_144759,no_exact_ref,8386.012,0,6,159592,10213888
fuzzydedup,6,0,enron_full_144759,no_exact_ref,9538.044,0,7,184939,11836096
fuzzydedup,5,0,enron_full_145061,exact_ref,3414.603,1,0,48080,3077312
fuzzydedup,6,0,enron_full_145061,exact_ref,3664.659,1,0,59774,3825728
fuzzydedup,4,0,enron_full_145061,exact_ref,2893.112,1,0,37029,2370048
fuzzydedup,6,0,enron_full_146696,exact_ref,3199.288,1,0,44563,2852224
fuzzydedup,4,0,enron_full_146696,exact_ref,2379.835,1,0,26872,1720000
fuzzydedup,5,0,enron_full_146696,exact_ref,2636.946,1,0,35118,2247744
fuzzydedup,4,0,enron_full_148007,exact_ref,2656.510,1,0,39727,2542720
fuzzydedup,5,0,enron_full_148007,exact_ref,2665.461,1,0,45949,2940928
fuzzydedup,6,0,enron_full_148007,exact_ref,3002.224,1,0,51597,3302400
fuzzydedup,5,0,enron_full_148315,exact_ref,2525.039,1,0,35135,2248832
fuzzydedup,6,0,enron_full_148315,exact_ref,3229.015,1,0,44580,2853312
fuzzydedup,4,0,enron_full_148315,exact_ref,2357.685,1,0,26889,1721088
fuzzydedup,6,0,enron_full_148338,exact_ref,6175.407,1,0,95818,6133248
fuzzydedup,4,0,enron_full_148338,exact_ref,4622.755,1,0,63688,4076928
fuzzydedup,5,0,enron_full_148338,exact_ref,5300.898,1,0,79599,5095232
fuzzydedup,4,0,enron_full_149174,exact_ref,2623.986,1,0,37063,2372224
fuzzydedup,5,0,enron_full_149174,exact_ref,3101.652,1,0,48114,3079488
fuzzydedup,6,0,enron_full_149174,exact_ref,4008.526,1,0,59808,3827904
fuzzydedup,5,0,enron_full_149842,exact_ref,4962.280,1,0,77225,4942720
fuzzydedup,6,0,enron_full_149842,exact_ref,5414.954,1,0,89032,5698368
fuzzydedup,4,0,enron_full_149842,exact_ref,4401.885,1,0,63877,4088448
fuzzydedup,6,0,enron_full_150562,exact_ref,5586.893,1,0,92920,5947072
fuzzydedup,4,0,enron_full_150562,exact_ref,4606.976,1,0,65750,4208192
fuzzydedup,5,0,enron_full_150562,exact_ref,4806.336,1,0,79572,5092800
fuzzydedup,4,0,enron_full_151773,no_exact_ref,5466.625,0,5,95838,6133632
fuzzydedup,5,0,enron_full_151773,no_exact_ref,6125.612,0,6,116994,7487616
fuzzydedup,6,0,enron_full_151773,no_exact_ref,7055.874,0,7,137129,8776256
fuzzydedup,5,0,enron_full_152307,exact_ref,5797.378,1,0,84671,5419136
fuzzydedup,6,0,enron_full_152307,exact_ref,5984.652,1,0,100179,6411648
fuzzydedup,4,0,enron_full_152307,exact_ref,4553.021,1,0,69138,4425024
fuzzydedup,6,0,enron_full_152987,exact_ref,792.022,1,0,4565,292352
fuzzydedup,4,0,enron_full_152987,exact_ref,203.713,1,0,2716,174016
fuzzydedup,5,0,enron_full_152987,exact_ref,259.869,1,0,3648,233664
fuzzydedup,4,0,enron_full_153167,exact_ref,3469.074,1,0,49415,3163456
fuzzydedup,5,0,enron_full_153167,exact_ref,3562.893,1,0,57973,3711872
fuzzydedup,6,0,enron_full_153167,exact_ref,3850.167,1,0,65403,4187520
fuzzydedup,5,0,enron_full_154125,no_exact_ref,2773.482,0,6,44800,2867264
fuzzydedup,6,0,enron_full_154125,no_exact_ref,3713.002,0,7,54205,3469248
fuzzydedup,4,0,enron_full_154125,no_exact_ref,2396.984,0,5,35794,2290816
fuzzydedup,6,0,enron_full_154648,no_exact_ref,9248.835,0,7,177736,11375104
fuzzydedup,4,0,enron_full_154648,no_exact_ref,7164.633,0,5,127462,8157568
fuzzydedup,5,0,enron_full_154648,no_exact_ref,8128.459,0,6,153267,9809088
fuzzydedup,4,0,enron_full_155829,exact_ref,4953.552,1,0,67423,4315264
fuzzydedup,5,0,enron_full_155829,exact_ref,5721.842,1,0,83830,5365312
fuzzydedup,6,0,enron_full_155829,exact_ref,6438.643,1,0,99802,6387520
fuzzydedup,5,0,enron_full_156626,exact_ref,5404.204,1,0,79750,5104192
fuzzydedup,6,0,enron_full_156626,exact_ref,5751.785,1,0,93098,5958464
fuzzydedup,4,0,enron_full_156626,exact_ref,4678.632,1,0,65928,4219584
fuzzydedup,6,0,enron_full_156811,exact_ref,4851.632,1,0,72233,4623104
fuzzydedup,4,0,enron_full_156811,exact_ref,3446.493,1,0,44707,2861440
fuzzydedup,5,0,enron_full_156811,exact_ref,4102.906,1,0,58036,3714496
fuzzydedup,4,0,enron_full_158640,exact_ref,789.865,1,0,7744,495808
fuzzydedup,5,0,enron_full_158640,exact_ref,796.900,1,0,8450,540992
fuzzydedup,6,0,enron_full_158640,exact_ref,798.829,1,0,9009,576768
fuzzydedup,5,0,enron_full_159222,exact_ref,5909.419,1,0,84760,5424832
fuzzydedup,6,0,enron_full_159222,exact_ref,6561.377,1,0,100268,6417344
fuzzydedup,4,0,enron_full_159222,exact_ref,5059.914,1,0,69227,4430720
fuzzydedup,6,0,enron_full_159570,exact_ref,6212.058,1,0,98865,6327552
fuzzydedup,4,0,enron_full_159570,exact_ref,4974.230,1,0,68974,4414528
fuzzydedup,5,0,enron_full_159570,exact_ref,5638.550,1,0,84482,5407040
fuzzydedup,4,0,enron_full_159687,exact_ref,4774.133,1,0,65215,4174336
fuzzydedup,5,0,enron_full_159687,exact_ref,5382.603,1,0,79598,5094848
fuzzydedup,6,0,enron_full_159687,exact_ref,5987.678,1,0,93420,5979456
fuzzydedup,5,0,enron_full_161067,exact_ref,969.824,1,0,11989,767488
fuzzydedup,6,0,enron_full_161067,exact_ref,970.918,1,0,12695,812672
fuzzydedup,4,0,enron_full_161067,exact_ref,986.731,1,0,10874,696128
fuzzydedup,6,0,enron_full_161301,exact_ref,1653.977,1,0,22847,1462400
fuzzydedup,4,0,enron_full_161301,exact_ref,1486.198,1,0,18643,1193344
fuzzydedup,5,0,enron_full_161301,exact_ref,1549.100,1,0,21032,1346240
fuzzydedup,4,0,enron_full_161404,exact_ref,1423.015,1,0,14970,958272
fuzzydedup,5,0,enron_full_161404,exact_ref,1687.660,1,0,20206,1293376
fuzzydedup,6,0,enron_full_161404,exact_ref,1892.940,1,0,25266,1617216
fuzzydedup,5,0,enron_full_161839,no_exact_ref,860.726,0,6,6528,417792
fuzzydedup,6,0,enron_full_161839,no_exact_ref,901.241,0,7,8031,513984
fuzzydedup,4,0,enron_full_161839,no_exact_ref,327.698,0,5,5247,335808
fuzzydedup,6,0,enron_full_162338,exact_ref,5772.953,1,0,77884,4984768
fuzzydedup,4,0,enron_full_162338,exact_ref,3723.648,1,0,48975,3134592
fuzzydedup,5,0,enron_full_162338,exact_ref,4350.507,1,0,63172,4043200
fuzzydedup,4,0,enron_full_163700,no_exact_ref,7686.435,0,5,128135,8200640
fuzzydedup,5,0,enron_full_163700,no_exact_ref,8951.522,0,6,154598,9894272
fuzzydedup,6,0,enron_full_163700,no_exact_ref,10096.928,0,7,180015,11520960
fuzzydedup,5,0,enron_full_163994,exact_ref,5350.297,1,0,82967,5310080
fuzzydedup,6,0,enron_full_163994,exact_ref,6087.733,1,0,98878,6328448
fuzzydedup,4,0,enron_full_163994,exact_ref,4709.512,1,0,67206,4301376
fuzzydedup,6,0,enron_full_164128,no_exact_ref,9794.077,0,7,190614,12199360
fuzzydedup,4,0,enron_full_164128,no_exact_ref,7153.038,0,5,137103,8774592
fuzzydedup,5,0,enron_full_164128,no_exact_ref,9057.358,0,6,164671,10538944
fuzzydedup,4,0,enron_full_164251,exact_ref,4308.417,1,0,66536,4258496
fuzzydedup,5,0,enron_full_164251,exact_ref,5003.828,1,0,80358,5143104
fuzzydedup,6,0,enron_full_164251,exact_ref,5523.197,1,0,93706,5997376
fuzzydedup,5,0,enron_full_164751,no_exact_ref,8848.232,0,6,168125,10760000
fuzzydedup,6,0,enron_full_164751,no_exact_ref,10272.045,0,7,194644,12457216
fuzzydedup,4,0,enron_full_164751,no_exact_ref,7541.206,0,5,139516,8929024
fuzzydedup,6,0,enron_full_164805,no_exact_ref,10198.323,0,7,197034,12610176
fuzzydedup,4,0,enron_full_164805,no_exact_ref,7439.303,0,5,140955,9021120
fuzzydedup,5,0,enron_full_164805,no_exact_ref,9240.420,0,6,169489,10847296
fuzzydedup,4,0,enron_full_165550,no_exact_ref,8029.081,0,5,141284,9042176
fuzzydedup,5,0,enron_full_165550,no_exact_ref,9336.811,0,6,169864,10871296
fuzzydedup,6,0,enron_full_165550,no_exact_ref,10155.974,0,7,197015,12608960
fuzzydedup,5,0,enron_full_165951,exact_ref,3337.734,1,0,42333,2709504
fuzzydedup,6,0,enron_full_165951,exact_ref,3548.968,1,0,53384,3416768
fuzzydedup,4,0,enron_full_165951,exact_ref,2421.516,1,0,32277,2065920
fuzzydedup,6,0,enron_full_167260,exact_ref,6207.034,1,0,100237,6421568
fuzzydedup,4,0,enron_full_167260,exact_ref,4693.283,1,0,67858,4345792
fuzzydedup,5,0,enron_full_167260,exact_ref,5558.694,1,0,84265,5397376
fuzzydedup,4,0,enron_full_168469,exact_ref,2022.431,1,0,24480,1566912
fuzzydedup,5,0,enron_full_168469,exact_ref,2078.450,1,0,27963,1789824
fuzzydedup,6,0,enron_full_168469,exact_ref,2161.590,1,0,30911,1978496
fuzzydedup,5,0,enron_full_168971,exact_ref,4108.038,1,0,63807,4083840
fuzzydedup,6,0,enron_full_168971,exact_ref,4314.347,1,0,72365,4631552
fuzzydedup,4,0,enron_full_168971,exact_ref,3426.225,1,0,54221,3470336
fuzzydedup,6,0,enron_full_170176,no_exact_ref,5229.958,0,7,83781,5361984
fuzzydedup,4,0,enron_full_170176,no_exact_ref,3813.159,0,5,56325,3604800
fuzzydedup,5,0,enron_full_170176,no_exact_ref,4125.789,0,6,69703,4460992
fuzzydedup,4,0,enron_full_170711,exact_ref,1534.801,1,0,17857,1143040
fuzzydedup,5,0,enron_full_170711,exact_ref,1405.719,1,0,20246,1295936
fuzzydedup,6,0,enron_full_170711,exact_ref,1452.966,1,0,22061,1412096
fuzzydedup,5,0,enron_full_170765,exact_ref,5603.087,1,0,77993,4991744
fuzzydedup,6,0,enron_full_170765,exact_ref,6388.402,1,0,94400,6041792
fuzzydedup,4,0,enron_full_170765,exact_ref,4612.339,1,0,61774,3953728
fuzzydedup,6,0,enron_full_170860,no_exact_ref,10603.893,0,7,194887,12472768
fuzzydedup,4,0,enron_full_170860,no_exact_ref,7850.240,0,5,139973,8958272
fuzzydedup,5,0,enron_full_170860,no_exact_ref,9594.125,0,6,168810,10803840
fuzzydedup,4,0,enron_full_171509,exact_ref,364.425,1,0,1283,82304
fuzzydedup,5,0,enron_full_171509,exact_ref,340.109,1,0,1367,87680
fuzzydedup,6,0,enron_full_171509,exact_ref,323.029,1,0,1456,93376
fuzzydedup,5,0,enron_full_171797,no_exact_ref,2756.580,0,6,44800,2867200
fuzzydedup,6,0,enron_full_171797,no_exact_ref,4215.707,0,7,54205,3469120
fuzzydedup,4,0,enron_full_171797,no_exact_ref,2442.070,0,5,35794,2290816
fuzzydedup,6,0,enron_full_172609,no_exact_ref,10596.871,0,7,194644,12457216
fuzzydedup,4,0,enron_full_172609,no_exact_ref,8653.591,0,5,139516,8929024
fuzzydedup,5,0,enron_full_172609,no_exact_ref,8614.907,0,6,168125,10760000
fuzzydedup,4,0,enron_full_174436,exact_ref,5268.691,1,0,63328,4053184
fuzzydedup,5,0,enron_full_174436,exact_ref,5769.231,1,0,79735,5103232
fuzzydedup,6,0,enron_full_174436,exact_ref,6093.919,1,0,95707,6125760
fuzzydedup,5,0,enron_full_174861,exact_ref,5089.328,1,0,74228,4750784
fuzzydedup,6,0,enron_full_174861,exact_ref,5314.093,1,0,84910,5434432
fuzzydedup,4,0,enron_full_174861,exact_ref,4137.769,1,0,62421,3995136
fuzzydedup,6,0,enron_full_175011,no_exact_ref,9456.240,0,7,144058,9219712
fuzzydedup,4,0,enron_full_175011,no_exact_ref,6693.442,0,5,100182,6411648
fuzzydedup,5,0,enron_full_175011,no_exact_ref,8232.838,0,6,122217,7821888
fuzzydedup,4,0,enron_full_176124,exact_ref,3243.838,1,0,45221,2894336
fuzzydedup,5,0,enron_full_176124,exact_ref,3463.753,1,0,52651,3369856
fuzzydedup,6,0,enron_full_176124,exact_ref,3887.772,1,0,58873,3768064
fuzzydedup,5,0,enron_full_176753,exact_ref,6285.938,1,0,84542,5410880
fuzzydedup,6,0,enron_full_176753,exact_ref,6423.847,1,0,100514,6433088
fuzzydedup,4,0,enron_full_176753,exact_ref,5090.640,1,0,68135,4360832
fuzzydedup,6,0,enron_full_178212,exact_ref,3502.117,1,0,36063,2308224
fuzzydedup,4,0,enron_full_178212,exact_ref,1864.185,1,0,21837,1397760
fuzzydedup,5,0,enron_full_178212,exact_ref,2021.235,1,0,28611,1831296
fuzzydedup,4,0,enron_full_178550,exact_ref,3435.416,1,0,54495,3487872
fuzzydedup,5,0,enron_full_178550,exact_ref,3538.997,1,0,64081,4101376
fuzzydedup,6,0,enron_full_178550,exact_ref,5422.063,1,0,72639,4649088
fuzzydedup,5,0,enron_full_179413,exact_ref,4829.906,1,0,78560,5028032
fuzzydedup,6,0,enron_full_179413,exact_ref,4893.685,1,0,90367,5783680
fuzzydedup,4,0,enron_full_179413,exact_ref,4896.566,1,0,65212,4173760
fuzzydedup,6,0,enron_full_179791,exact_ref,5800.604,1,0,97925,6267392
fuzzydedup,4,0,enron_full_179791,exact_ref,4594.587,1,0,69720,4462272
fuzzydedup,5,0,enron_full_179791,exact_ref,6002.133,1,0,84103,5382784
fuzzydedup,4,0,enron_full_180640,exact_ref,4684.311,1,0,65237,4175360
fuzzydedup,5,0,enron_full_180640,exact_ref,4585.556,1,0,78585,5029632
fuzzydedup,6,0,enron_full_180640,exact_ref,4896.071,1,0,90392,5785280
fuzzydedup,5,0,enron_full_181037,exact_ref,4372.761,1,0,51055,3267712
fuzzydedup,6,0,enron_full_181037,exact_ref,4316.923,1,0,64384,4120768
fuzzydedup,4,0,enron_full_181037,exact_ref,3048.087,1,0,39361,2519296
fuzzydedup,6,0,enron_full_181456,exact_ref,4899.585,1,0,76234,4879872
fuzzydedup,4,0,enron_full_181456,exact_ref,4600.533,1,0,55966,3582016
fuzzydedup,5,0,enron_full_181456,exact_ref,4387.563,1,0,66648,4265792
fuzzydedup,4,0,enron_full_181872,exact_ref,5289.453,1,0,77729,4974848
fuzzydedup,5,0,enron_full_181872,exact_ref,6509.478,1,0,93701,5997056
fuzzydedup,6,0,enron_full_181872,exact_ref,6831.327,1,0,109234,6991168
fuzzydedup,5,0,enron_full_181885,exact_ref,3908.778,1,0,53296,3411136
fuzzydedup,6,0,enron_full_181885,exact_ref,5276.213,1,0,66625,4264192
fuzzydedup,4,0,enron_full_181885,exact_ref,3261.113,1,0,41602,2662720
fuzzydedup,6,0,enron_full_182915,exact_ref,6127.769,1,0,97855,6262912
fuzzydedup,4,0,enron_full_182915,exact_ref,5346.841,1,0,69650,4457792
fuzzydedup,5,0,enron_full_182915,exact_ref,5805.059,1,0,84033,5378304
fuzzydedup,4,0,enron_full_182942,exact_ref,3075.885,1,0,37718,2414144
fuzzydedup,5,0,enron_full_182942,exact_ref,3605.230,1,0,48769,3121408
fuzzydedup,6,0,enron_full_182942,exact_ref,4622.686,1,0,60463,3869824
fuzzydedup,5,0,enron_full_183169,exact_ref,2062.524,1,0,20654,1322048
fuzzydedup,6,0,enron_full_183169,exact_ref,1946.373,1,0,25714,1645888
fuzzydedup,4,0,enron_full_183169,exact_ref,1383.819,1,0,15418,986944
fuzzydedup,6,0,enron_full_183297,exact_ref,6375.112,1,0,96900,6201792
fuzzydedup,4,0,enron_full_183297,exact_ref,5349.778,1,0,64770,4145472
fuzzydedup,5,0,enron_full_183297,exact_ref,5590.372,1,0,80681,5163776
fuzzydedup,4,0,enron_full_183379,exact_ref,4832.315,1,0,67091,4294016
fuzzydedup,5,0,enron_full_183379,exact_ref,6030.748,1,0,83310,5332032
fuzzydedup,6,0,enron_full_183379,exact_ref,6617.200,1,0,99717,6382080
fuzzydedup,5,0,enron_full_183388,exact_ref,2221.384,1,0,30661,1962496
fuzzydedup,6,0,enron_full_183388,exact_ref,2252.456,1,0,33609,2151168
fuzzydedup,4,0,enron_full_183388,exact_ref,1854.051,1,0,27178,1739584
fuzzydedup,6,0,enron_full_183934,exact_ref,3209.276,1,0,46010,2944832
fuzzydedup,4,0,enron_full_183934,exact_ref,2728.856,1,0,35760,2288832
fuzzydedup,5,0,enron_full_183934,exact_ref,2595.242,1,0,41408,2650304
fuzzydedup,4,0,enron_full_184508,exact_ref,4907.815,1,0,70035,4482432
fuzzydedup,5,0,enron_full_184508,exact_ref,5685.126,1,0,86007,5504640
fuzzydedup,6,0,enron_full_184508,exact_ref,6670.496,1,0,101540,6498752
fuzzydedup,5,0,enron_full_185731,no_exact_ref,2722.564,0,6,44800,2867200
fuzzydedup,6,0,enron_full_185731,no_exact_ref,3512.229,0,7,54205,3469120
fuzzydedup,4,0,enron_full_185731,no_exact_ref,2157.058,0,5,35794,2290816
fuzzydedup,6,0,enron_full_186258,exact_ref,7097.690,1,0,99570,6372672
fuzzydedup,4,0,enron_full_186258,exact_ref,4591.355,1,0,66944,4284608
fuzzydedup,5,0,enron_full_186258,exact_ref,5416.181,1,0,83163,5322624
fuzzydedup,4,0,enron_full_186778,exact_ref,3154.989,1,0,30404,1946048
fuzzydedup,5,0,enron_full_186778,exact_ref,3048.639,1,0,39849,2550528
fuzzydedup,6,0,enron_full_186778,exact_ref,3388.035,1,0,49905,3194112
fuzzydedup,5,0,enron_full_187181,exact_ref,4890.547,1,0,78621,5031936
fuzzydedup,6,0,enron_full_187181,exact_ref,5773.365,1,0,90428,5787584
fuzzydedup,4,0,enron_full_187181,exact_ref,4389.075,1,0,65273,4177664
fuzzydedup,6,0,enron_full_187432,exact_ref,5293.952,1,0,94518,6049344
fuzzydedup,4,0,enron_full_187432,exact_ref,4389.060,1,0,67348,4310464
fuzzydedup,5,0,enron_full_187432,exact_ref,5766.693,1,0,81170,5195072
fuzzydedup,4,0,enron_full_187706,exact_ref,4887.898,1,0,58095,3718272
fuzzydedup,5,0,enron_full_187706,exact_ref,5323.024,1,0,73356,4694976
fuzzydedup,6,0,enron_full_187706,exact_ref,6328.750,1,0,89117,5703680
fuzzydedup,5,0,enron_full_188453,exact_ref,5536.438,1,0,80006,5120576
fuzzydedup,6,0,enron_full_188453,exact_ref,7104.576,1,0,96225,6158592
fuzzydedup,4,0,enron_full_188453,exact_ref,4844.545,1,0,64095,4102272
fuzzydedup,6,0,enron_full_189842,exact_ref,2059.041,1,0,27949,1788928
fuzzydedup,4,0,enron_full_189842,exact_ref,1802.010,1,0,22612,1447360
fuzzydedup,5,0,enron_full_189842,exact_ref,1827.052,1,0,25560,1636032
fuzzydedup,4,0,enron_full_189980,exact_ref,5404.673,1,0,66872,4280000
fuzzydedup,5,0,enron_full_189980,exact_ref,5501.548,1,0,80694,5164608
fuzzydedup,6,0,enron_full_189980,exact_ref,5714.098,1,0,94042,6018880
fuzzydedup,5,0,enron_full_191466,exact_ref,6350.783,1,0,85909,5498368
fuzzydedup,6,0,enron_full_191466,exact_ref,6647.226,1,0,101442,6492544
fuzzydedup,4,0,enron_full_191466,exact_ref,4950.252,1,0,69937,4476160
fuzzydedup,6,0,enron_full_191744,no_exact_ref,11200.454,0,7,191555,12259648
fuzzydedup,4,0,enron_full_191744,no_exact_ref,7425.665,0,5,137769,8817216
fuzzydedup,5,0,enron_full_191744,no_exact_ref,9741.003,0,6,164996,10559872
fuzzydedup,4,0,enron_full_191882,exact_ref,109.799,1,0,546,35136
fuzzydedup,5,0,enron_full_191882,exact_ref,83.952,1,0,698,44864
fuzzydedup,6,0,enron_full_191882,exact_ref,100.005,1,0,802,51520
fuzzydedup,5,0,enron_full_193162,exact_ref,195.513,1,0,1952,125120
fuzzydedup,6,0,enron_full_193162,exact_ref,187.372,1,0,2456,157376
fuzzydedup,4,0,enron_full_193162,exact_ref,150.782,1,0,1551,99456
fuzzydedup,6,0,enron_full_195402,exact_ref,6056.093,1,0,100698,6444864
fuzzydedup,4,0,enron_full_195402,exact_ref,5315.719,1,0,68319,4372608
fuzzydedup,5,0,enron_full_195402,exact_ref,5334.250,1,0,84726,5422656
fuzzydedup,4,0,enron_full_195600,exact_ref,4590.203,1,0,68342,4382080
fuzzydedup,5,0,enron_full_195600,exact_ref,6478.807,1,0,84749,5440448
fuzzydedup,6,0,enron_full_195600,exact_ref,6458.081,1,0,100721,6471488
fuzzydedup,5,0,enron_full_195759,exact_ref,3083.435,1,0,46758,2992704
fuzzydedup,6,0,enron_full_195759,exact_ref,3096.956,1,0,52406,3354176
fuzzydedup,4,0,enron_full_195759,exact_ref,2734.296,1,0,40536,2594496
fuzzydedup,6,0,enron_full_196134,exact_ref,3295.230,1,0,45834,2933568
fuzzydedup,4,0,enron_full_196134,exact_ref,2448.736,1,0,35584,2277568
fuzzydedup,5,0,enron_full_196134,exact_ref,2464.284,1,0,41232,2639040
fuzzydedup,4,0,enron_full_197175,exact_ref,4909.218,1,0,69970,4478272
fuzzydedup,5,0,enron_full_197175,exact_ref,6221.973,1,0,85478,5471360
fuzzydedup,6,0,enron_full_197175,exact_ref,5815.739,1,0,99861,6393920
fuzzydedup,5,0,enron_full_197216,exact_ref,5165.821,1,0,83054,5315648
fuzzydedup,6,0,enron_full_197216,exact_ref,6963.476,1,0,99461,6365696
fuzzydedup,4,0,enron_full_197216,exact_ref,4801.967,1,0,66835,4277632
fuzzydedup,6,0,enron_full_197678,exact_ref,3308.249,1,0,52363,3351424
fuzzydedup,4,0,enron_full_197678,exact_ref,3568.090,1,0,40493,2591744
fuzzydedup,5,0,enron_full_197678,exact_ref,3281.818,1,0,46715,2989952
fuzzydedup,4,0,enron_full_198102,exact_ref,4843.384,1,0,66854,4278848
fuzzydedup,5,0,enron_full_198102,exact_ref,5346.830,1,0,80676,5163456
fuzzydedup,6,0,enron_full_198102,exact_ref,6648.532,1,0,94024,6017728
fuzzydedup,5,0,enron_full_198996,exact_ref,5360.925,1,0,77933,4987904
fuzzydedup,6,0,enron_full_198996,exact_ref,6250.406,1,0,93844,6006208
fuzzydedup,4,0,enron_full_198996,exact_ref,5147.999,1,0,62172,3979200
fuzzydedup,6,0,enron_full_200327,exact_ref,5850.291,1,0,94867,6071680
fuzzydedup,4,0,enron_full_200327,exact_ref,4783.264,1,0,67697,4332800
fuzzydedup,5,0,enron_full_200327,exact_ref,6029.836,1,0,81519,5217408
fuzzydedup,4,0,enron_full_200476,exact_ref,365.869,1,0,466,30016
fuzzydedup,5,0,enron_full_200476,exact_ref,331.420,1,0,497,32000
fuzzydedup,6,0,enron_full_200476,exact_ref,335.028,1,0,521,33536
fuzzydedup,5,0,enron_full_201608,exact_ref,3212.072,1,0,47187,3020160
fuzzydedup,6,0,enron_full_201608,exact_ref,3242.945,1,0,52835,3381632
fuzzydedup,4,0,enron_full_201608,exact_ref,2814.513,1,0,40965,2621952
fuzzydedup,6,0,enron_full_202547,exact_ref,6923.476,1,0,100826,6453056
fuzzydedup,4,0,enron_full_202547,exact_ref,4868.942,1,0,70935,4540032
fuzzydedup,5,0,enron_full_202547,exact_ref,5784.247,1,0,86443,5532544
fuzzydedup,4,0,enron_full_202611,no_exact_ref,3095.272,0,5,40217,2573888
fuzzydedup,5,0,enron_full_202611,no_exact_ref,3482.768,0,6,50020,3201280
fuzzydedup,6,0,enron_full_202611,no_exact_ref,3759.670,0,7,60498,3871872
fuzzydedup,5,0,enron_full_203046,exact_ref,5036.656,1,0,78235,5007232
fuzzydedup,6,0,enron_full_203046,exact_ref,6519.852,1,0,94146,6025536
fuzzydedup,4,0,enron_full_203046,exact_ref,4383.807,1,0,62474,3998528
fuzzydedup,6,0,enron_full_204937,exact_ref,3509.571,1,0,55320,3540864
fuzzydedup,4,0,enron_full_204937,exact_ref,2548.839,1,0,34213,2189824
fuzzydedup,5,0,enron_full_204937,exact_ref,3872.593,1,0,44269,2833408
fuzzydedup,4,0,enron_full_205754,exact_ref,4746.464,1,0,67426,4315456
fuzzydedup,5,0,enron_full_205754,exact_ref,5002.559,1,0,81248,5200064
fuzzydedup,6,0,enron_full_205754,exact_ref,5969.510,1,0,94596,6054464
fuzzydedup,5,0,enron_full_205846,exact_ref,5750.593,1,0,86320,5524672
fuzzydedup,6,0,enron_full_205846,exact_ref,5833.810,1,0,101853,6518784
fuzzydedup,4,0,enron_full_205846,exact_ref,5748.356,1,0,70348,4502464
fuzzydedup,6,0,enron_full_206132,exact_ref,5364.122,1,0,78594,5030208
fuzzydedup,4,0,enron_full_206132,exact_ref,3276.192,1,0,49685,3180032
fuzzydedup,5,0,enron_full_206132,exact_ref,4239.799,1,0,63882,4088640
fuzzydedup,4,0,enron_full_206426,exact_ref,5778.862,1,0,70793,4531264
fuzzydedup,5,0,enron_full_206426,exact_ref,5831.639,1,0,86765,5553472
fuzzydedup,6,0,enron_full_206426,exact_ref,6985.418,1,0,102298,6547584
fuzzydedup,5,0,enron_full_206631,no_exact_ref,7719.978,0,6,122217,7821888
fuzzydedup,6,0,enron_full_206631,no_exact_ref,8666.438,0,7,144058,9219712
fuzzydedup,4,0,enron_full_206631,no_exact_ref,6827.908,0,5,100182,6411648
fuzzydedup,6,0,enron_full_206780,exact_ref,4796.077,1,0,73357,4695040
fuzzydedup,4,0,enron_full_206780,exact_ref,3485.726,1,0,45831,2933376
fuzzydedup,5,0,enron_full_206780,exact_ref,4848.578,1,0,59160,3786432
fuzzydedup,4,0,enron_full_207863,exact_ref,1298.391,1,0,9953,637184
fuzzydedup,5,0,enron_full_207863,exact_ref,1384.980,1,0,12980,830912
fuzzydedup,6,0,enron_full_207863,exact_ref,1419.911,1,0,16302,1043520
fuzzydedup,5,0,enron_full_208242,exact_ref,1644.544,1,0,21565,1380352
fuzzydedup,6,0,enron_full_208242,exact_ref,1662.806,1,0,23380,1496512
fuzzydedup,4,0,enron_full_208242,exact_ref,1496.145,1,0,19176,1227456
fuzzydedup,6,0,enron_full_208362,exact_ref,7757.641,1,0,101887,6520960
fuzzydedup,4,0,enron_full_208362,exact_ref,5131.508,1,0,70382,4504640
fuzzydedup,5,0,enron_full_208362,exact_ref,5684.414,1,0,86354,5526848
fuzzydedup,4,0,enron_full_209030,exact_ref,1324.696,1,0,12275,785792
fuzzydedup,5,0,enron_full_209030,exact_ref,1518.619,1,0,16111,1031296
fuzzydedup,6,0,enron_full_209030,exact_ref,1618.564,1,0,20307,1299840
fuzzydedup,5,0,enron_full_209358,exact_ref,4569.501,1,0,59133,3784704
fuzzydedup,6,0,enron_full_209358,exact_ref,4161.497,1,0,66563,4260224
fuzzydedup,4,0,enron_full_209358,exact_ref,3369.648,1,0,50575,3236992
fuzzydedup,6,0,enron_full_209479,exact_ref,7119.086,1,0,97722,6254400
fuzzydedup,4,0,enron_full_209479,exact_ref,4750.151,1,0,65592,4198080
fuzzydedup,5,0,enron_full_209479,exact_ref,5237.014,1,0,81503,5216384
fuzzydedup,4,0,enron_full_209859,exact_ref,5848.460,1,0,70484,4512384
fuzzydedup,5,0,enron_full_209859,exact_ref,5811.647,1,0,85992,5504896
fuzzydedup,6,0,enron_full_209859,exact_ref,6617.604,1,0,100375,6425600
fuzzydedup,5,0,enron_full_209958,exact_ref,6181.257,1,0,86672,5547200
fuzzydedup,6,0,enron_full_209958,exact_ref,6343.965,1,0,102180,6539712
fuzzydedup,4,0,enron_full_209958,exact_ref,5379.047,1,0,71139,4553088
fuzzydedup,6,0,enron_full_210032,no_exact_ref,2486.895,1,6,22881,1464576
fuzzydedup,4,0,enron_full_210032,no_exact_ref,3530.578,0,5,50202,3213312
fuzzydedup,5,0,enron_full_210032,no_exact_ref,4013.435,0,6,62674,4011520
fuzzydedup,4,0,enron_full_210772,exact_ref,4235.978,1,0,65571,4196736
fuzzydedup,5,0,enron_full_210772,exact_ref,5681.613,1,0,78919,5051008
fuzzydedup,6,0,enron_full_210772,exact_ref,5535.894,1,0,90726,5806656
fuzzydedup,5,0,enron_full_211094,no_exact_ref,9320.405,0,6,153267,9809088
fuzzydedup,6,0,enron_full_211094,no_exact_ref,9535.335,0,7,177736,11375104
fuzzydedup,4,0,enron_full_211094,no_exact_ref,7843.677,0,5,127462,8157568
fuzzydedup,6,0,enron_full_211389,exact_ref,3610.249,1,3,50113,3207424
fuzzydedup,4,0,enron_full_211389,exact_ref,2393.610,1,3,22943,1468544
fuzzydedup,5,0,enron_full_211389,exact_ref,2813.500,1,3,36765,2353152
fuzzydedup,4,0,enron_full_211892,no_exact_ref,8470.727,0,5,139516,8929024
fuzzydedup,5,0,enron_full_211892,no_exact_ref,9267.966,0,6,168125,10760000
fuzzydedup,6,0,enron_full_211892,no_exact_ref,11136.270,0,7,194644,12457216
fuzzydedup,5,0,enron_full_211966,no_exact_ref,9644.610,0,6,164996,10559744
fuzzydedup,6,0,enron_full_211966,no_exact_ref,10847.221,0,7,191555,12259520
fuzzydedup,4,0,enron_full_211966,no_exact_ref,8836.179,0,5,137769,8817216
fuzzydedup,6,0,enron_full_212202,no_exact_ref,4239.220,0,7,67711,4333504
fuzzydedup,4,0,enron_full_212202,no_exact_ref,2911.206,0,5,44983,2878912
fuzzydedup,5,0,enron_full_212202,no_exact_ref,3240.166,0,6,55915,3578560
fuzzydedup,4,0,enron_full_213178,no_exact_ref,7932.683,0,5,127462,8157568
fuzzydedup,5,0,enron_full_213178,no_exact_ref,7527.332,0,6,153267,9809088
fuzzydedup,6,0,enron_full_213178,no_exact_ref,10320.983,0,7,177736,11375104
fuzzydedup,5,0,enron_full_214684,exact_ref,1270.371,1,0,11588,741824
fuzzydedup,6,0,enron_full_214684,exact_ref,1284.961,1,0,14615,935552
fuzzydedup,4,0,enron_full_214684,exact_ref,858.284,1,0,8902,569920
fuzzydedup,6,0,enron_full_214861,exact_ref,6097.653,1,0,102026,6529856
fuzzydedup,4,0,enron_full_214861,exact_ref,5534.890,1,0,70521,4513536
fuzzydedup,5,0,enron_full_214861,exact_ref,5400.141,1,0,86493,5535744
fuzzydedup,4,0,enron_full_214866,exact_ref,4410.539,1,0,65733,4207104
fuzzydedup,5,0,enron_full_214866,exact_ref,5915.086,1,0,79555,5091712
fuzzydedup,6,0,enron_full_214866,exact_ref,5299.571,1,0,92903,5945984
fuzzydedup,5,0,enron_full_214883,exact_ref,2617.676,1,0,35701,2285056
fuzzydedup,6,0,enron_full_214883,exact_ref,3869.252,1,0,45146,2889536
fuzzydedup,4,0,enron_full_214883,exact_ref,2985.118,1,0,27455,1757312
fuzzydedup,6,0,enron_full_215380,exact_ref,5947.408,1,0,94688,6060224
fuzzydedup,4,0,enron_full_215380,exact_ref,4242.182,1,0,67518,4321344
fuzzydedup,5,0,enron_full_215380,exact_ref,5801.523,1,0,81340,5205952
fuzzydedup,4,0,enron_full_215696,exact_ref,1667.389,1,0,15456,989376
fuzzydedup,5,0,enron_full_215696,exact_ref,1742.284,1,0,20692,1324480
fuzzydedup,6,0,enron_full_215696,exact_ref,1933.186,1,0,25752,1648320
fuzzydedup,5,0,enron_full_216853,exact_ref,3887.510,1,0,59108,3783104
fuzzydedup,6,0,enron_full_216853,exact_ref,4122.543,1,0,66538,4258624
fuzzydedup,4,0,enron_full_216853,exact_ref,3713.821,1,0,50550,3235392
fuzzydedup,6,0,enron_full_218707,exact_ref,6598.867,1,0,94210,6029632
fuzzydedup,4,0,enron_full_218707,exact_ref,5015.300,1,0,62538,4002624
fuzzydedup,5,0,enron_full_218707,exact_ref,6074.265,1,0,78299,5011328
fuzzydedup,4,0,enron_full_219044,exact_ref,3833.607,1,0,55291,3538816
fuzzydedup,5,0,enron_full_219044,exact_ref,4285.295,1,0,64877,4152320
fuzzydedup,6,0,enron_full_219044,exact_ref,4511.962,1,0,73435,4700032
fuzzydedup,5,0,enron_full_219142,exact_ref,4940.945,1,0,70412,4506560
fuzzydedup,6,0,enron_full_219142,exact_ref,4773.570,1,0,79998,5120064
fuzzydedup,4,0,enron_full_219142,exact_ref,3806.398,1,0,59730,3822912
fuzzydedup,6,0,enron_full_219243,exact_ref,3177.854,1,0,40534,2594368
fuzzydedup,4,0,enron_full_219243,exact_ref,2440.120,1,0,24836,1589696
fuzzydedup,5,0,enron_full_219243,exact_ref,2893.992,1,0,32288,2066624
fuzzydedup,4,0,enron_full_219501,no_exact_ref,4260.366,0,5,69400,4441728
fuzzydedup,5,0,enron_full_219501,no_exact_ref,5111.873,0,6,85290,5458816
fuzzydedup,6,0,enron_full_219501,no_exact_ref,6815.182,0,7,102455,6557440
fuzzydedup,5,0,enron_full_219509,no_exact_ref,8508.423,0,6,160514,10273088
fuzzydedup,6,0,enron_full_219509,no_exact_ref,10738.258,0,7,186103,11910784
fuzzydedup,4,0,enron_full_219509,no_exact_ref,7164.554,0,5,133491,8543424
fuzzydedup,6,0,enron_full_219658,no_exact_ref,11030.789,0,7,186103,11910592
fuzzydedup,4,0,enron_full_219658,no_exact_ref,7761.020,0,5,133491,8543424
fuzzydedup,5,0,enron_full_219658,no_exact_ref,9231.725,0,6,160514,10272896
fuzzydedup,4,0,enron_full_220234,exact_ref,4372.419,1,0,67401,4313856
fuzzydedup,5,0,enron_full_220234,exact_ref,6278.697,1,0,83620,5351872
fuzzydedup,6,0,enron_full_220234,exact_ref,6222.976,1,0,100027,6401920
fuzzydedup,5,0,enron_full_220556,exact_ref,1753.219,1,0,20699,1324928
fuzzydedup,6,0,enron_full_220556,exact_ref,1744.533,1,0,25759,1648768
fuzzydedup,4,0,enron_full_220556,exact_ref,1258.022,1,0,15463,989824
fuzzydedup,6,0,enron_full_221304,exact_ref,6831.860,1,0,97443,6236544
fuzzydedup,4,0,enron_full_221304,exact_ref,4742.188,1,0,65313,4180224
fuzzydedup,5,0,enron_full_221304,exact_ref,5048.444,1,0,81224,5198528
fuzzydedup,4,0,enron_full_223253,exact_ref,663.785,1,0,4452,285120
fuzzydedup,5,0,enron_full_223253,exact_ref,738.367,1,0,5790,370752
fuzzydedup,6,0,enron_full_223253,exact_ref,1016.082,1,0,7209,461568
fuzzydedup,5,0,enron_full_223630,exact_ref,3665.612,1,0,47142,3017280
fuzzydedup,6,0,enron_full_223630,exact_ref,3274.892,1,0,52790,3378752
fuzzydedup,4,0,enron_full_223630,exact_ref,2510.950,1,0,40920,2619072
fuzzydedup,6,0,enron_full_223933,exact_ref,5671.921,1,0,84243,5391744
fuzzydedup,4,0,enron_full_223933,exact_ref,4501.813,1,0,54270,3473472
fuzzydedup,5,0,enron_full_223933,exact_ref,5111.804,1,0,68982,4415040
fuzzydedup,4,0,enron_full_224076,exact_ref,2014.795,1,0,27263,1745024
fuzzydedup,5,0,enron_full_224076,exact_ref,1901.392,1,0,30746,1967936
fuzzydedup,6,0,enron_full_224076,exact_ref,1854.244,1,0,33694,2156608
fuzzydedup,5,0,enron_full_224176,exact_ref,5878.444,1,0,81042,5186880
fuzzydedup,6,0,enron_full_224176,exact_ref,5906.413,1,0,97261,6224896
fuzzydedup,4,0,enron_full_224176,exact_ref,4196.854,1,0,65131,4168576
fuzzydedup,6,0,enron_full_224421,exact_ref,6105.276,1,0,93769,6001408
fuzzydedup,4,0,enron_full_224421,exact_ref,4466.999,1,0,62097,3974400
fuzzydedup,5,0,enron_full_224421,exact_ref,5078.233,1,0,77858,4983104
fuzzydedup,4,0,enron_full_226002,no_exact_ref,7406.215,0,5,107991,6911424
fuzzydedup,5,0,enron_full_226002,no_exact_ref,7952.515,0,6,131204,8397056
fuzzydedup,6,0,enron_full_226002,no_exact_ref,9305.495,0,7,153889,9848896
fuzzydedup,5,0,enron_full_226675,exact_ref,5378.588,1,0,77984,4991168
fuzzydedup,6,0,enron_full_226675,exact_ref,5885.115,1,0,93895,6009472
fuzzydedup,4,0,enron_full_226675,exact_ref,5408.727,1,0,62223,3982464
fuzzydedup,6,0,enron_full_227135,exact_ref,5610.082,1,0,90710,5805632
fuzzydedup,4,0,enron_full_227135,exact_ref,3968.627,1,0,65555,4195712
fuzzydedup,5,0,enron_full_227135,exact_ref,4773.606,1,0,78903,5049984
fuzzydedup,4,0,enron_full_227290,no_exact_ref,8744.803,0,5,140955,9021120
fuzzydedup,5,0,enron_full_227290,no_exact_ref,9758.318,0,6,169489,10847296
fuzzydedup,6,0,enron_full_227290,no_exact_ref,10586.438,0,7,197034,12610176
fuzzydedup,5,0,enron_full_227315,exact_ref,5951.249,1,0,81516,5217216
fuzzydedup,6,0,enron_full_227315,exact_ref,5735.551,1,0,94864,6071488
fuzzydedup,4,0,enron_full_227315,exact_ref,4365.485,1,0,67694,4332608
fuzzydedup,6,0,enron_full_227317,no_exact_ref,7060.722,1,0,100107,6407040
fuzzydedup,4,0,enron_full_227317,no_exact_ref,4953.889,1,0,67481,4318976
fuzzydedup,5,0,enron_full_227317,no_exact_ref,5519.711,1,0,83700,5356992
fuzzydedup,4,0,enron_full_227401,exact_ref,3149.669,1,0,34677,2219520
fuzzydedup,5,0,enron_full_227401,exact_ref,3497.521,1,0,44733,2863104
fuzzydedup,6,0,enron_full_227401,exact_ref,4012.114,1,0,55784,3570368
fuzzydedup,5,0,enron_full_227576,exact_ref,3484.576,1,0,49651,3177856
fuzzydedup,6,0,enron_full_227576,exact_ref,3687.338,1,0,55873,3576064
fuzzydedup,4,0,enron_full_227576,exact_ref,3573.687,1,0,42221,2702336
fuzzydedup,6,0,enron_full_228518,exact_ref,4842.259,1,0,75825,4852992
fuzzydedup,4,0,enron_full_228518,exact_ref,3828.046,1,0,55557,3555840
fuzzydedup,5,0,enron_full_228518,exact_ref,4265.435,1,0,66239,4239488
fuzzydedup,4,0,enron_full_228640,exact_ref,5800.685,1,0,71363,4567424
fuzzydedup,5,0,enron_full_228640,exact_ref,5790.557,1,0,87335,5589632
fuzzydedup,6,0,enron_full_228640,exact_ref,6147.374,1,0,102868,6583744
fuzzydedup,5,0,enron_full_229065,exact_ref,132.979,1,0,877,56320
fuzzydedup,6,0,enron_full_229065,exact_ref,120.462,1,0,1039,66688
fuzzydedup,4,0,enron_full_229065,exact_ref,116.520,1,0,698,44864
fuzzydedup,6,0,enron_full_229125,exact_ref,1451.284,1,0,9163,586624
fuzzydedup,4,0,enron_full_229125,exact_ref,803.528,1,0,5460,349632
fuzzydedup,5,0,enron_full_229125,exact_ref,887.178,1,0,7210,461632
fuzzydedup,4,0,enron_full_230449,exact_ref,4064.811,1,0,55360,3543232
fuzzydedup,5,0,enron_full_230449,exact_ref,4073.295,1,0,66042,4226880
fuzzydedup,6,0,enron_full_230449,exact_ref,4040.254,1,0,75628,4840384
fuzzydedup,5,0,enron_full_230615,exact_ref,4819.282,1,0,71050,4547392
fuzzydedup,6,0,enron_full_230615,exact_ref,4418.459,1,0,80636,5160896
fuzzydedup,4,0,enron_full_230615,exact_ref,3254.017,1,0,60368,3863744
fuzzydedup,6,0,enron_full_231206,exact_ref,4060.043,1,0,80971,5182336
fuzzydedup,4,0,enron_full_231206,exact_ref,4085.896,1,0,60703,3885184
fuzzydedup,5,0,enron_full_231206,exact_ref,4350.506,1,0,71385,4568832
fuzzydedup,4,0,enron_full_232509,exact_ref,1181.309,1,0,15995,1023872
fuzzydedup,5,0,enron_full_232509,exact_ref,1215.014,1,0,17810,1140032
fuzzydedup,6,0,enron_full_232509,exact_ref,1183.765,1,0,19352,1238720
fuzzydedup,5,0,enron_full_232529,exact_ref,5544.579,1,0,80649,5161728
fuzzydedup,6,0,enron_full_232529,exact_ref,7012.216,1,0,96621,6183936
fuzzydedup,4,0,enron_full_232529,exact_ref,4872.936,1,0,64242,4111680
fuzzydedup,6,0,enron_full_232592,exact_ref,6442.247,1,0,94414,6042688
fuzzydedup,4,0,enron_full_232592,exact_ref,5012.155,1,0,62742,4015680
fuzzydedup,5,0,enron_full_232592,exact_ref,5223.586,1,0,78503,5024384
fuzzydedup,4,0,enron_full_232830,exact_ref,3530.962,1,0,51344,3286208
fuzzydedup,5,0,enron_full_232830,exact_ref,4736.815,1,0,59902,3833920
fuzzydedup,6,0,enron_full_232830,exact_ref,4326.081,1,0,67332,4309440
fuzzydedup,5,0,enron_full_232998,exact_ref,5613.544,1,0,81828,5237184
fuzzydedup,6,0,enron_full_232998,exact_ref,6817.675,1,0,98047,6275200
fuzzydedup,4,0,enron_full_232998,exact_ref,4824.350,1,0,65917,4218880
fuzzydedup,6,0,enron_full_233012,exact_ref,5335.539,1,0,86477,5534720
fuzzydedup,4,0,enron_full_233012,exact_ref,4729.467,1,0,63988,4095424
fuzzydedup,5,0,enron_full_233012,exact_ref,4846.178,1,0,75795,4851072
fuzzydedup,4,0,enron_full_233273,exact_ref,4646.136,1,0,68064,4356288
fuzzydedup,5,0,enron_full_233273,exact_ref,5036.459,1,0,84283,5394304
fuzzydedup,6,0,enron_full_233273,exact_ref,6536.401,1,0,100690,6444352
fuzzydedup,5,0,enron_full_233711,exact_ref,5099.581,1,0,81181,5195776
fuzzydedup,6,0,enron_full_233711,exact_ref,5438.367,1,0,97153,6217984
fuzzydedup,4,0,enron_full_233711,exact_ref,5111.535,1,0,64774,4145728
fuzzydedup,6,0,enron_full_233845,exact_ref,4823.779,1,0,91437,5852160
fuzzydedup,4,0,enron_full_233845,exact_ref,3794.922,1,0,66282,4242240
fuzzydedup,5,0,enron_full_233845,exact_ref,4954.218,1,0,79630,5096512
fuzzydedup,4,0,enron_full_234397,exact_ref,5051.892,1,0,69004,4416448
fuzzydedup,5,0,enron_full_234397,exact_ref,4876.175,1,0,84512,5408960
fuzzydedup,6,0,enron_full_234397,exact_ref,5982.006,1,0,98895,6329472
fuzzydedup,5,0,enron_full_235427,exact_ref,1131.208,1,0,10281,658176
fuzzydedup,6,0,enron_full_235427,exact_ref,1217.749,1,0,12967,830080
fuzzydedup,4,0,enron_full_235427,exact_ref,907.106,1,0,7930,507712
fuzzydedup,6,0,enron_full_237126,exact_ref,5686.839,1,0,101186,6476096
fuzzydedup,4,0,enron_full_237126,exact_ref,4280.090,1,0,71295,4563072
fuzzydedup,5,0,enron_full_237126,exact_ref,6032.026,1,0,86803,5555584
fuzzydedup,4,0,enron_full_238037,exact_ref,3366.588,1,0,46492,2975680
fuzzydedup,5,0,enron_full_238037,exact_ref,3119.532,1,0,53922,3451200
fuzzydedup,6,0,enron_full_238037,exact_ref,3218.893,1,0,60144,3849408
fuzzydedup,5,0,enron_full_238970,exact_ref,1917.377,1,0,28991,1855616
fuzzydedup,6,0,enron_full_238970,exact_ref,3285.192,1,0,36443,2332544
fuzzydedup,4,0,enron_full_238970,exact_ref,1779.477,1,0,22217,1422080
fuzzydedup,6,0,enron_full_239927,exact_ref,3585.883,1,0,60114,3847488
fuzzydedup,4,0,enron_full_239927,exact_ref,2566.418,1,0,46462,2973760
fuzzydedup,5,0,enron_full_239927,exact_ref,3061.236,1,0,53892,3449280
fuzzydedup,4,0,enron_full_240437,exact_ref,1254.525,1,0,19465,1245952
fuzzydedup,5,0,enron_full_240437,exact_ref,1304.096,1,0,21854,1398848
fuzzydedup,6,0,enron_full_240437,exact_ref,1525.036,1,0,23669,1515008
fuzzydedup,5,0,enron_full_240888,exact_ref,3995.009,1,5,55322,3542592
fuzzydedup,6,0,enron_full_240888,exact_ref,4033.143,1,5,66004,4226688
fuzzydedup,4,0,enron_full_240888,exact_ref,3628.447,1,4,59135,3786624
fuzzydedup,6,0,enron_full_241204,exact_ref,2756.889,1,0,48645,3113472
fuzzydedup,4,0,enron_full_241204,exact_ref,3321.620,1,0,36775,2353792
fuzzydedup,5,0,enron_full_241204,exact_ref,3026.551,1,0,42997,2752000
fuzzydedup,4,0,enron_full_242121,exact_ref,5294.129,1,0,69019,4417408
fuzzydedup,5,0,enron_full_242121,exact_ref,5656.830,1,0,84991,5439616
fuzzydedup,6,0,enron_full_242121,exact_ref,7245.598,1,0,100524,6433728
fuzzydedup,5,0,enron_full_242149,exact_ref,3328.895,1,0,49301,3155456
fuzzydedup,6,0,enron_full_242149,exact_ref,3683.579,1,0,60995,3903872
fuzzydedup,4,0,enron_full_242149,exact_ref,2498.357,1,0,38250,2448192
fuzzydedup,6,0,enron_full_242702,exact_ref,6107.184,1,0,94559,6051968
fuzzydedup,4,0,enron_full_242702,exact_ref,4760.026,1,0,62887,4024960
fuzzydedup,5,0,enron_full_242702,exact_ref,4700.537,1,0,78648,5033664
fuzzydedup,4,0,enron_full_242763,exact_ref,5242.590,1,0,58878,3768384
fuzzydedup,5,0,enron_full_242763,exact_ref,5305.941,1,0,74639,4777088
fuzzydedup,6,0,enron_full_242763,exact_ref,5909.336,1,0,90550,5795392
fuzzydedup,5,0,enron_full_243198,exact_ref,6360.505,1,0,82420,5275072
fuzzydedup,6,0,enron_full_243198,exact_ref,6601.220,1,0,97928,6267584
fuzzydedup,4,0,enron_full_243198,exact_ref,4980.682,1,0,66887,4280960
fuzzydedup,6,0,enron_full_243425,exact_ref,6961.139,1,0,96113,6151424
fuzzydedup,4,0,enron_full_243425,exact_ref,4834.474,1,0,63487,4063360
fuzzydedup,5,0,enron_full_243425,exact_ref,5522.914,1,0,79706,5101376
fuzzydedup,4,0,enron_full_244168,no_exact_ref,2235.698,1,0,19796,1267136
fuzzydedup,5,0,enron_full_244168,no_exact_ref,2032.685,1,0,25876,1656256
fuzzydedup,6,0,enron_full_244168,no_exact_ref,2385.368,1,0,32650,2089792
fuzzydedup,5,0,enron_full_244538,exact_ref,3688.285,1,0,49213,3149824
fuzzydedup,6,0,enron_full_244538,exact_ref,4084.297,1,0,60907,3898240
fuzzydedup,4,0,enron_full_244538,exact_ref,3148.091,1,0,38162,2442560
fuzzydedup,6,0,enron_full_244857,exact_ref,6267.710,1,0,95825,6132992
fuzzydedup,4,0,enron_full_244857,exact_ref,4432.850,1,0,68655,4394112
fuzzydedup,5,0,enron_full_244857,exact_ref,4795.358,1,0,82477,5278720
fuzzydedup,4,0,enron_full_244901,exact_ref,5358.977,1,0,71252,4560320
fuzzydedup,5,0,enron_full_244901,exact_ref,5667.093,1,0,86760,5552832
fuzzydedup,6,0,enron_full_244901,exact_ref,5674.939,1,0,101143,6473344
fuzzydedup,5,0,enron_full_244915,exact_ref,6363.425,1,0,87077,5573120
fuzzydedup,6,0,enron_full_244915,exact_ref,5971.223,1,0,102585,6565632
fuzzydedup,4,0,enron_full_244915,exact_ref,4473.519,1,0,71544,4579008
fuzzydedup,6,0,enron_full_245469,exact_ref,6854.085,1,0,100768,6449344
fuzzydedup,4,0,enron_full_245469,exact_ref,4649.240,1,0,68142,4361280
fuzzydedup,5,0,enron_full_245469,exact_ref,5207.451,1,0,84361,5399296
fuzzydedup,4,0,enron_full_246185,exact_ref,5470.913,1,0,71131,4552576
fuzzydedup,5,0,enron_full_246185,exact_ref,5519.625,1,0,85514,5473088
fuzzydedup,6,0,enron_full_246185,exact_ref,5995.429,1,0,99336,6357696
fuzzydedup,5,0,enron_full_246287,exact_ref,2672.651,1,0,31183,1995904
fuzzydedup,6,0,enron_full_246287,exact_ref,2373.642,1,0,34131,2184576
fuzzydedup,4,0,enron_full_246287,exact_ref,2046.318,1,0,27700,1772992
fuzzydedup,6,0,enron_full_246288,exact_ref,5494.766,1,0,86518,5537344
fuzzydedup,4,0,enron_full_246288,exact_ref,4660.215,1,0,61363,3927424
fuzzydedup,5,0,enron_full_246288,exact_ref,5246.253,1,0,74711,4781696
fuzzydedup,4,0,enron_full_246340,exact_ref,2586.785,1,0,36568,2340544
fuzzydedup,5,0,enron_full_246340,exact_ref,2507.426,1,0,42216,2702016
fuzzydedup,6,0,enron_full_246340,exact_ref,2751.003,1,0,46818,2996544
fuzzydedup,5,0,enron_full_246689,exact_ref,3206.354,1,0,44694,2860608
fuzzydedup,6,0,enron_full_246689,exact_ref,4367.289,1,0,55745,3567872
fuzzydedup,4,0,enron_full_246689,exact_ref,2791.037,1,0,34638,2217024
fuzzydedup,6,0,enron_full_246896,exact_ref,6775.924,1,0,102760,6576832
fuzzydedup,4,0,enron_full_246896,exact_ref,5834.341,1,0,71255,4560512
fuzzydedup,5,0,enron_full_246896,exact_ref,5875.725,1,0,87227,5582720
fuzzydedup,4,0,enron_full_247095,exact_ref,3264.587,1,0,46482,2975040
fuzzydedup,5,0,enron_full_247095,exact_ref,3346.153,1,0,53912,3450560
fuzzydedup,6,0,enron_full_247095,exact_ref,4248.168,1,0,60134,3849152
fuzzydedup,5,0,enron_full_247286,exact_ref,5959.873,1,0,86230,5518912
fuzzydedup,6,0,enron_full_247286,exact_ref,6208.737,1,0,102202,6541120
fuzzydedup,4,0,enron_full_247286,exact_ref,5379.670,1,0,69823,4468864
fuzzydedup,6,0,enron_full_247295,exact_ref,1511.205,1,0,19229,1230848
fuzzydedup,4,0,enron_full_247295,exact_ref,1320.861,1,0,15872,1016000
fuzzydedup,5,0,enron_full_247295,exact_ref,1245.422,1,0,17687,1132160
fuzzydedup,4,0,enron_full_247605,exact_ref,4379.091,1,0,66415,4250752
fuzzydedup,5,0,enron_full_247605,exact_ref,5167.127,1,0,79763,5105024
fuzzydedup,6,0,enron_full_247605,exact_ref,5928.606,1,0,91570,5860672
fuzzydedup,5,0,enron_full_247963,exact_ref,2711.934,1,0,42244,2703808
fuzzydedup,6,0,enron_full_247963,exact_ref,2891.259,1,0,46846,2998336
fuzzydedup,4,0,enron_full_247963,exact_ref,2496.728,1,0,36596,2342336
fuzzydedup,6,0,enron_full_248460,exact_ref,6709.815,1,0,95630,6120512
fuzzydedup,4,0,enron_full_248460,exact_ref,4252.676,1,0,68460,4381632
fuzzydedup,5,0,enron_full_248460,exact_ref,4449.680,1,0,82282,5266240
fuzzydedup,4,0,enron_full_248776,no_exact_ref,5429.278,1,0,71648,4585664
fuzzydedup,5,0,enron_full_248776,no_exact_ref,5406.418,1,0,87181,5579776
fuzzydedup,6,0,enron_full_248776,no_exact_ref,5444.299,1,0,102689,6572288
fuzzydedup,5,0,enron_full_249257,no_exact_ref,5849.062,0,6,85290,5458560
fuzzydedup,6,0,enron_full_249257,no_exact_ref,6031.264,0,7,102455,6557120
fuzzydedup,4,0,enron_full_249257,no_exact_ref,3783.534,0,5,69400,4441600
fuzzydedup,6,0,enron_full_250519,exact_ref,6340.522,1,0,94426,6043456
fuzzydedup,4,0,enron_full_250519,exact_ref,4846.863,1,0,62754,4016448
fuzzydedup,5,0,enron_full_250519,exact_ref,4477.095,1,0,78515,5025152
fuzzydedup,4,0,enron_full_250725,exact_ref,1400.563,1,0,17969,1150208
fuzzydedup,5,0,enron_full_250725,exact_ref,1557.333,1,0,23029,1474048
fuzzydedup,6,0,enron_full_250725,exact_ref,2085.631,1,0,29109,1863168
fuzzydedup,5,0,enron_full_252462,no_exact_ref,7313.287,0,6,122217,7821888
fuzzydedup,6,0,enron_full_252462,no_exact_ref,7130.017,0,7,144058,9219712
fuzzydedup,4,0,enron_full_252462,no_exact_ref,6913.944,0,5,100182,6411648
fuzzydedup,6,0,enron_full_253509,no_exact_ref,5621.315,0,7,92448,5916672
fuzzydedup,4,0,enron_full_253509,no_exact_ref,4083.009,0,5,62545,4002880
fuzzydedup,5,0,enron_full_253509,no_exact_ref,5455.679,0,6,77432,4955648
fuzzydedup,4,0,enron_full_253676,exact_ref,3930.441,1,0,50790,3250752
fuzzydedup,5,0,enron_full_253676,exact_ref,4028.666,1,0,60376,3864256
fuzzydedup,6,0,enron_full_253676,exact_ref,4167.520,1,0,68934,4411968
fuzzydedup,5,0,enron_full_253776,exact_ref,4855.791,1,0,65261,4176896
fuzzydedup,6,0,enron_full_253776,exact_ref,4873.420,1,0,74847,4790400
fuzzydedup,4,0,enron_full_253776,exact_ref,3816.352,1,0,54579,3493248
fuzzydedup,6,0,enron_full_253875,exact_ref,7173.649,1,0,103335,6617728
fuzzydedup,4,0,enron_full_253875,exact_ref,5120.447,1,0,72294,4627200
fuzzydedup,5,0,enron_full_253875,exact_ref,5635.712,1,0,87827,5622656
fuzzydedup,4,0,enron_full_254022,exact_ref,4583.481,1,0,50360,3223232
fuzzydedup,5,0,enron_full_254022,exact_ref,5097.154,1,0,65072,4164800
fuzzydedup,6,0,enron_full_254022,exact_ref,5231.443,1,0,80333,5141504
fuzzydedup,5,0,enron_full_254732,exact_ref,1937.393,1,0,27443,1756544
fuzzydedup,6,0,enron_full_254732,exact_ref,2495.032,1,0,34895,2233472
fuzzydedup,4,0,enron_full_254732,exact_ref,2152.106,1,0,20669,1323008
fuzzydedup,6,0,enron_full_254813,exact_ref,6646.738,1,0,102770,6577472
fuzzydedup,4,0,enron_full_254813,exact_ref,4349.012,1,0,70391,4505216
fuzzydedup,5,0,enron_full_254813,exact_ref,5852.739,1,0,86798,5555264
fuzzydedup,4,0,enron_full_254930,no_exact_ref,8385.964,0,5,141284,9042176
fuzzydedup,5,0,enron_full_254930,no_exact_ref,9501.881,0,6,169864,10871296
fuzzydedup,6,0,enron_full_254930,no_exact_ref,9862.352,0,7,197015,12609024
fuzzydedup,5,0,enron_full_256359,no_exact_ref,9024.771,0,6,154598,9894272
fuzzydedup,6,0,enron_full_256359,no_exact_ref,9181.289,0,7,180015,11520960
fuzzydedup,4,0,enron_full_256359,no_exact_ref,7562.548,0,5,128135,8200640
fuzzydedup,6,0,enron_full_256719,no_exact_ref,9694.062,0,7,194887,12472768
fuzzydedup,4,0,enron_full_256719,no_exact_ref,8534.561,0,5,139973,8958272
fuzzydedup,5,0,enron_full_256719,no_exact_ref,8777.608,0,6,168810,10803840
fuzzydedup,4,0,enron_full_257223,no_exact_ref,2378.523,0,5,25353,1622656
fuzzydedup,5,0,enron_full_257223,no_exact_ref,2132.991,0,6,32008,2048576
fuzzydedup,6,0,enron_full_257223,no_exact_ref,2575.518,0,7,38406,2458112
fuzzydedup,5,0,enron_full_257476,no_exact_ref,4229.043,0,6,69703,4460992
fuzzydedup,6,0,enron_full_257476,no_exact_ref,4418.871,0,7,83781,5361984
fuzzydedup,4,0,enron_full_257476,no_exact_ref,3806.291,0,5,56325,3604800
fuzzydedup,6,0,enron_full_257526,no_exact_ref,8677.105,0,7,163334,10453376
fuzzydedup,4,0,enron_full_257526,no_exact_ref,7235.619,0,5,115506,7392384
fuzzydedup,5,0,enron_full_257526,no_exact_ref,7521.563,0,6,139663,8938432
fuzzydedup,4,0,enron_full_258106,no_exact_ref,3424.147,0,5,59159,3786176
fuzzydedup,5,0,enron_full_258106,no_exact_ref,3778.088,0,6,73355,4694720
fuzzydedup,6,0,enron_full_258106,no_exact_ref,5281.343,0,7,88518,5665152
fuzzydedup,5,0,enron_full_258436,no_exact_ref,8385.994,0,6,164671,10538944
fuzzydedup,6,0,enron_full_258436,no_exact_ref,10269.765,0,7,190614,12199296
fuzzydedup,4,0,enron_full_258436,no_exact_ref,6527.638,0,5,137103,8774592
fuzzydedup,6,0,enron_full_259050,exact_ref,6444.891,1,0,103601,6630656
fuzzydedup,4,0,enron_full_259050,exact_ref,5029.931,1,0,72096,4614336
fuzzydedup,5,0,enron_full_259050,exact_ref,5156.226,1,0,88068,5636544
fuzzydedup,4,0,enron_full_259076,no_exact_ref,3195.007,0,5,59159,3786176
fuzzydedup,5,0,enron_full_259076,no_exact_ref,4465.463,0,6,73355,4694720
fuzzydedup,6,0,enron_full_259076,no_exact_ref,4610.023,0,7,88518,5665152
fuzzydedup,5,0,enron_full_259321,exact_ref,3590.073,1,0,69331,4437376
fuzzydedup,6,0,enron_full_259321,exact_ref,3787.860,1,0,77889,4985088
fuzzydedup,4,0,enron_full_259321,exact_ref,4022.662,1,0,59745,3823872
fuzzydedup,6,0,enron_full_260192,exact_ref,3732.999,1,0,53350,3414592
fuzzydedup,4,0,enron_full_260192,exact_ref,2343.808,1,0,32243,2063744
fuzzydedup,5,0,enron_full_260192,exact_ref,2716.010,1,0,42299,2707328
fuzzydedup,4,0,enron_full_261884,no_exact_ref,1612.087,0,5,25353,1622592
fuzzydedup,5,0,enron_full_261884,no_exact_ref,1993.056,0,6,32008,2048512
fuzzydedup,6,0,enron_full_261884,no_exact_ref,2721.138,0,7,38406,2457984
fuzzydedup,5,0,enron_full_262514,exact_ref,3518.195,1,0,48091,3078016
fuzzydedup,6,0,enron_full_262514,exact_ref,3255.654,1,0,54313,3476224
fuzzydedup,4,0,enron_full_262514,exact_ref,2936.902,1,0,40661,2602496
fuzzydedup,6,0,enron_full_262785,no_exact_ref,5037.773,0,7,83781,5361984
fuzzydedup,4,0,enron_full_262785,no_exact_ref,4282.835,0,5,56325,3604800
fuzzydedup,5,0,enron_full_262785,no_exact_ref,4363.318,0,6,69703,4460992
fuzzydedup,4,0,enron_full_263240,exact_ref,2683.605,1,0,42608,2727104
fuzzydedup,5,0,enron_full_263240,exact_ref,3234.247,1,0,54302,3475520
fuzzydedup,6,0,enron_full_263240,exact_ref,4665.983,1,0,67631,4328576
fuzzydedup,5,0,enron_full_264723,no_exact_ref,9008.160,0,6,169864,10871296
fuzzydedup,6,0,enron_full_264723,no_exact_ref,11624.641,0,7,197015,12608960
fuzzydedup,4,0,enron_full_264723,no_exact_ref,8375.972,0,5,141284,9042176
fuzzydedup,6,0,enron_full_265023,exact_ref,1843.874,1,0,16569,1060608
fuzzydedup,4,0,enron_full_265023,exact_ref,1515.953,1,0,10220,654272
fuzzydedup,5,0,enron_full_265023,exact_ref,1349.371,1,0,13247,848000
fuzzydedup,4,0,enron_full_265448,exact_ref,4959.994,1,0,62606,4006976
fuzzydedup,5,0,enron_full_265448,exact_ref,5509.577,1,0,78825,5044992
fuzzydedup,6,0,enron_full_265448,exact_ref,6970.575,1,0,95232,6095040
fuzzydedup,5,0,enron_full_265746,exact_ref,2705.156,1,0,37277,2385920
fuzzydedup,6,0,enron_full_265746,exact_ref,2611.871,1,0,40760,2608832
fuzzydedup,4,0,enron_full_265746,exact_ref,2194.554,1,0,32675,2091392
fuzzydedup,6,0,enron_full_265774,exact_ref,2498.003,1,0,40769,2611520
fuzzydedup,4,0,enron_full_265774,exact_ref,2153.927,1,0,32684,2092864
fuzzydedup,5,0,enron_full_265774,exact_ref,2854.982,1,0,37286,2388544
fuzzydedup,4,0,enron_full_266026,exact_ref,3118.624,1,0,38587,2469760
fuzzydedup,5,0,enron_full_266026,exact_ref,3753.868,1,0,49638,3177024
fuzzydedup,6,0,enron_full_266026,exact_ref,4073.431,1,0,61332,3925440
fuzzydedup,5,0,enron_full_266097,no_exact_ref,8920.443,0,6,139663,8938432
fuzzydedup,6,0,enron_full_266097,no_exact_ref,9400.166,0,7,163334,10453376
fuzzydedup,4,0,enron_full_266097,no_exact_ref,7025.052,0,5,115506,7392384
fuzzydedup,6,0,enron_full_267067,exact_ref,321.334,1,0,4228,270784
fuzzydedup,4,0,enron_full_267067,exact_ref,208.404,1,0,2534,162368
fuzzydedup,5,0,enron_full_267067,exact_ref,235.436,1,0,3296,211136
fuzzydedup,4,0,enron_full_267198,exact_ref,125.162,1,0,1037,66560
fuzzydedup,5,0,enron_full_267198,exact_ref,128.498,1,0,1304,83648
fuzzydedup,6,0,enron_full_267198,exact_ref,150.657,1,0,1642,105280
fuzzydedup,5,0,enron_full_268981,exact_ref,3625.937,1,0,49803,3187584
fuzzydedup,6,0,enron_full_268981,exact_ref,4048.025,1,0,61497,3936000
fuzzydedup,4,0,enron_full_268981,exact_ref,2905.762,1,0,38752,2480320
fuzzydedup,6,0,enron_full_269702,no_exact_ref,4928.385,0,7,88518,5679360
fuzzydedup,4,0,enron_full_269702,no_exact_ref,3264.854,0,5,59159,3788608
fuzzydedup,5,0,enron_full_269702,no_exact_ref,3786.804,0,6,73355,4701440
fuzzydedup,4,0,enron_full_270257,no_exact_ref,3642.750,0,5,68018,4354368
fuzzydedup,5,0,enron_full_270257,no_exact_ref,4576.375,0,6,84314,5400320
fuzzydedup,6,0,enron_full_270257,no_exact_ref,4936.483,0,7,100525,6442240
fuzzydedup,5,0,enron_full_270526,exact_ref,5883.767,1,0,87948,5628864
fuzzydedup,6,0,enron_full_270526,exact_ref,6204.464,1,0,102331,6549376
fuzzydedup,4,0,enron_full_270526,exact_ref,4630.080,1,0,72440,4636352
fuzzydedup,6,0,enron_full_271097,exact_ref,5983.111,1,0,103866,6647616
fuzzydedup,4,0,enron_full_271097,exact_ref,4831.813,1,0,72361,4631296
fuzzydedup,5,0,enron_full_271097,exact_ref,5472.524,1,0,88333,5653504
fuzzydedup,4,0,enron_full_271232,exact_ref,2190.350,1,0,31091,1990016
fuzzydedup,5,0,enron_full_271232,exact_ref,2784.248,1,0,40536,2594496
fuzzydedup,6,0,enron_full_271232,exact_ref,3232.955,1,0,50592,3238080
fuzzydedup,5,0,enron_full_272570,no_exact_ref,5245.717,0,6,95188,6092032
fuzzydedup,6,0,enron_full_272570,no_exact_ref,5421.052,0,7,112519,7201216
fuzzydedup,4,0,enron_full_272570,no_exact_ref,3933.609,0,5,77883,4984512
fuzzydedup,6,0,enron_full_273248,exact_ref,3556.096,1,0,60113,3847424
fuzzydedup,4,0,enron_full_273248,exact_ref,2979.232,1,0,46461,2973696
fuzzydedup,5,0,enron_full_273248,exact_ref,3107.521,1,0,53891,3449216
fuzzydedup,4,0,enron_full_273363,exact_ref,2641.458,1,0,38178,2443584
fuzzydedup,5,0,enron_full_273363,exact_ref,3331.534,1,0,49229,3150848
fuzzydedup,6,0,enron_full_273363,exact_ref,3595.160,1,0,60923,3899264
fuzzydedup,5,0,enron_full_273791,exact_ref,5720.009,1,0,87398,5593664
fuzzydedup,6,0,enron_full_273791,exact_ref,6022.617,1,0,103370,6615872
fuzzydedup,4,0,enron_full_273791,exact_ref,4721.063,1,0,70991,4543616
fuzzydedup,6,0,enron_full_273820,exact_ref,4691.597,1,0,74281,4754176
fuzzydedup,4,0,enron_full_273820,exact_ref,3175.376,1,0,46755,2992512
fuzzydedup,5,0,enron_full_273820,exact_ref,3634.076,1,0,60084,3845568
fuzzydedup,4,0,enron_full_273961,exact_ref,209.998,1,0,2824,180928
fuzzydedup,5,0,enron_full_273961,exact_ref,252.376,1,0,3756,240576
fuzzydedup,6,0,enron_full_273961,exact_ref,732.695,1,0,4673,299264
fuzzydedup,5,0,enron_full_274206,exact_ref,656.056,1,0,5255,336512
fuzzydedup,6,0,enron_full_274206,exact_ref,677.072,1,0,6593,422144
fuzzydedup,4,0,enron_full_274206,exact_ref,608.770,1,0,4103,262784
fuzzydedup,6,0,enron_full_274561,exact_ref,5053.239,1,0,87913,5626624
fuzzydedup,4,0,enron_full_274561,exact_ref,4160.029,1,0,65424,4187328
fuzzydedup,5,0,enron_full_274561,exact_ref,4631.566,1,0,77231,4942976
fuzzydedup,4,0,enron_full_274757,exact_ref,5041.284,1,0,72666,4650816
fuzzydedup,5,0,enron_full_274757,exact_ref,5545.558,1,0,88174,5643328
fuzzydedup,6,0,enron_full_274757,exact_ref,5565.022,1,0,102557,6563840
fuzzydedup,5,0,enron_full_274786,no_exact_ref,4747.661,0,6,95188,6092032
fuzzydedup,6,0,enron_full_274786,no_exact_ref,5927.635,0,7,112519,7201216
fuzzydedup,4,0,enron_full_274786,no_exact_ref,3974.822,0,5,77883,4984512
fuzzydedup,6,0,enron_full_275183,no_exact_ref,9097.205,0,7,190614,12199296
fuzzydedup,4,0,enron_full_275183,no_exact_ref,7113.731,0,5,137103,8774592
fuzzydedup,5,0,enron_full_275183,no_exact_ref,8282.885,0,6,164671,10538944
fuzzydedup,4,0,enron_full_275570,exact_ref,1368.994,1,0,16405,1050112
fuzzydedup,5,0,enron_full_275570,exact_ref,1398.892,1,0,18220,1166272
fuzzydedup,6,0,enron_full_275570,exact_ref,1354.048,1,0,19762,1264960
fuzzydedup,5,0,enron_full_276028,no_exact_ref,8545.047,0,6,164996,10559744
fuzzydedup,6,0,enron_full_276028,no_exact_ref,9761.459,0,7,191555,12259520
fuzzydedup,4,0,enron_full_276028,no_exact_ref,7072.856,0,5,137769,8817216
fuzzydedup,6,0,enron_full_276324,exact_ref,132.880,1,0,1171,75136
fuzzydedup,4,0,enron_full_276324,exact_ref,82.588,1,0,748,48064
fuzzydedup,5,0,enron_full_276324,exact_ref,87.561,1,0,959,61568
fuzzydedup,4,0,enron_full_276342,exact_ref,1061.157,1,0,13095,838272
fuzzydedup,5,0,enron_full_276342,exact_ref,1131.933,1,0,14637,936960
fuzzydedup,6,0,enron_full_276342,exact_ref,1055.952,1,0,15752,1008320
fuzzydedup,5,0,enron_full_277439,no_exact_ref,910.554,0,6,7305,467520
fuzzydedup,6,0,enron_full_277439,no_exact_ref,934.146,0,7,8821,564544
fuzzydedup,4,0,enron_full_277439,no_exact_ref,812.906,0,5,5778,369792
fuzzydedup,6,0,enron_full_277990,exact_ref,3041.387,1,0,54512,3488960
fuzzydedup,4,0,enron_full_277990,exact_ref,2797.005,1,0,42642,2729280
fuzzydedup,5,0,enron_full_277990,exact_ref,2995.962,1,0,48864,3127488
fuzzydedup,4,0,enron_full_278811,exact_ref,861.561,1,0,9056,579776
fuzzydedup,5,0,enron_full_278811,exact_ref,1284.671,1,0,11742,751680
fuzzydedup,6,0,enron_full_278811,exact_ref,1324.722,1,0,14769,945408
fuzzydedup,5,0,enron_full_279563,no_exact_ref,6486.122,1,0,88134,5640768
fuzzydedup,6,0,enron_full_279563,no_exact_ref,6047.402,1,0,102517,6561280
fuzzydedup,4,0,enron_full_279563,no_exact_ref,5007.893,1,0,72626,4648256
fuzzydedup,6,0,enron_full_279751,exact_ref,6521.972,1,0,95677,6123520
fuzzydedup,4,0,enron_full_279751,exact_ref,4893.978,1,0,64636,4136896
fuzzydedup,5,0,enron_full_279751,exact_ref,5578.179,1,0,80169,5131008
fuzzydedup,4,0,enron_full_280423,no_exact_ref,8324.061,0,5,140955,9021120
fuzzydedup,5,0,enron_full_280423,no_exact_ref,9404.938,0,6,169489,10847296
fuzzydedup,6,0,enron_full_280423,no_exact_ref,10658.817,0,7,197034,12610176
fuzzydedup,5,0,enron_full_280603,no_exact_ref,9281.515,0,6,164996,10559744
fuzzydedup,6,0,enron_full_280603,no_exact_ref,10691.931,0,7,191555,12259520
fuzzydedup,4,0,enron_full_280603,no_exact_ref,8244.357,0,5,137769,8817216
fuzzydedup,6,0,enron_full_281547,no_exact_ref,9387.364,0,7,190614,12199296
fuzzydedup,4,0,enron_full_281547,no_exact_ref,7349.311,0,5,137103,8774592
fuzzydedup,5,0,enron_full_281547,no_exact_ref,8053.307,0,6,164671,10538944
fuzzydedup,4,0,enron_full_282395,exact_ref,2452.226,1,0,35178,2251584
fuzzydedup,5,0,enron_full_282395,exact_ref,3107.442,1,0,45234,2895168
fuzzydedup,6,0,enron_full_282395,exact_ref,3718.475,1,0,56285,3602432
fuzzydedup,5,0,enron_full_283356,exact_ref,4206.319,1,0,68446,4380736
fuzzydedup,6,0,enron_full_283356,exact_ref,4334.429,1,0,78032,4994432
fuzzydedup,4,0,enron_full_283356,exact_ref,3720.929,1,0,57764,3697088
fuzzydedup,6,0,enron_full_283839,exact_ref,3025.643,1,0,51562,3300160
fuzzydedup,4,0,enron_full_283839,exact_ref,2396.812,1,0,39692,2540480
fuzzydedup,5,0,enron_full_283839,exact_ref,2487.051,1,0,45914,2938688
fuzzydedup,4,0,enron_full_283868,exact_ref,2125.366,1,0,34774,2225728
fuzzydedup,5,0,enron_full_283868,exact_ref,2213.237,1,0,40422,2587200
fuzzydedup,6,0,enron_full_283868,exact_ref,2717.411,1,0,45024,2881728
fuzzydedup,5,0,enron_full_284197,exact_ref,1180.405,1,0,12510,800832
fuzzydedup,6,0,enron_full_284197,exact_ref,963.396,1,0,13625,872192
fuzzydedup,4,0,enron_full_284197,exact_ref,948.759,1,0,10968,702144
fuzzydedup,6,0,enron_full_284956,exact_ref,5316.128,1,0,97517,6241280
fuzzydedup,4,0,enron_full_284956,exact_ref,4205.727,1,0,70347,4502400
fuzzydedup,5,0,enron_full_284956,exact_ref,4948.223,1,0,84169,5387008
fuzzydedup,4,0,enron_full_285559,exact_ref,3226.666,1,0,53121,3399936
fuzzydedup,5,0,enron_full_285559,exact_ref,3203.383,1,0,61679,3947648
fuzzydedup,6,0,enron_full_285559,exact_ref,3891.075,1,0,69109,4423168
fuzzydedup,5,0,enron_full_286024,exact_ref,6604.532,1,0,81612,5223360
fuzzydedup,6,0,enron_full_286024,exact_ref,5671.657,1,0,95995,6143872
fuzzydedup,4,0,enron_full_286024,exact_ref,4614.311,1,0,66104,4230848
fuzzydedup,6,0,enron_full_286036,exact_ref,4804.261,1,0,61726,3950656
fuzzydedup,4,0,enron_full_286036,exact_ref,3245.186,1,0,48074,3076928
fuzzydedup,5,0,enron_full_286036,exact_ref,3490.069,1,0,55504,3552448
fuzzydedup,4,0,enron_full_286164,exact_ref,3695.191,1,0,52090,3333952
fuzzydedup,5,0,enron_full_286164,exact_ref,4874.474,1,0,66802,4275520
fuzzydedup,6,0,enron_full_286164,exact_ref,5707.000,1,0,82063,5252224
fuzzydedup,5,0,enron_full_286899,exact_ref,5378.521,1,0,78260,5008832
fuzzydedup,6,0,enron_full_286899,exact_ref,5598.504,1,0,94479,6046848
fuzzydedup,4,0,enron_full_286899,exact_ref,4635.474,1,0,62349,3990528
fuzzydedup,6,0,enron_full_287012,no_exact_ref,9382.523,0,7,197034,12610176
fuzzydedup,4,0,enron_full_287012,no_exact_ref,8068.424,0,5,140955,9021120
fuzzydedup,5,0,enron_full_287012,no_exact_ref,8988.714,0,6,169489,10847296
fuzzydedup,4,0,enron_full_287512,exact_ref,4734.021,1,0,63954,4093248
fuzzydedup,5,0,enron_full_287512,exact_ref,5235.596,1,0,79715,5101952
fuzzydedup,6,0,enron_full_287512,exact_ref,6017.696,1,0,95626,6120256
fuzzydedup,5,0,enron_full_287655,exact_ref,5245.523,1,0,75412,4826560
fuzzydedup,6,0,enron_full_287655,exact_ref,5763.287,1,0,91173,5835264
fuzzydedup,4,0,enron_full_287655,exact_ref,4553.094,1,0,60151,3849856
fuzzydedup,6,0,enron_full_287736,exact_ref,6552.036,1,0,98994,6335808
fuzzydedup,4,0,enron_full_287736,exact_ref,4909.628,1,0,67953,4349184
fuzzydedup,5,0,enron_full_287736,exact_ref,5243.566,1,0,83486,5343296
fuzzydedup,4,0,enron_full_287760,exact_ref,4589.331,1,0,60154,3850048
fuzzydedup,5,0,enron_full_287760,exact_ref,5281.474,1,0,75415,4826752
fuzzydedup,6,0,enron_full_287760,exact_ref,5729.141,1,0,91176,5835456
fuzzydedup,5,0,enron_full_287778,exact_ref,4492.681,1,0,66910,4282432
fuzzydedup,6,0,enron_full_287778,exact_ref,4766.476,1,0,76496,4895936
fuzzydedup,4,0,enron_full_287778,exact_ref,3870.576,1,0,56228,3598784
fuzzydedup,6,0,enron_full_288938,exact_ref,4170.694,1,0,60262,3856960
fuzzydedup,4,0,enron_full_288938,exact_ref,2936.588,1,0,37517,2401280
fuzzydedup,5,0,enron_full_288938,exact_ref,3514.596,1,0,48568,3108544
fuzzydedup,4,0,enron_full_289243,no_exact_ref,6360.699,0,5,100182,6411648
fuzzydedup,5,0,enron_full_289243,no_exact_ref,7273.934,0,6,122217,7821888
fuzzydedup,6,0,enron_full_289243,no_exact_ref,8086.189,0,7,144058,9219712
fuzzydedup,5,0,enron_full_291054,no_exact_ref,9260.021,0,6,169864,10871296
fuzzydedup,6,0,enron_full_291054,no_exact_ref,10722.362,0,7,197015,12608960
fuzzydedup,4,0,enron_full_291054,no_exact_ref,8250.724,0,5,141284,9042176
fuzzydedup,6,0,enron_full_291275,no_exact_ref,9668.917,0,7,172289,11026624
fuzzydedup,4,0,enron_full_291275,no_exact_ref,7269.911,0,5,121972,7806208
fuzzydedup,5,0,enron_full_291275,no_exact_ref,8483.863,0,6,147636,9448704
fuzzydedup,4,0,enron_full_291375,no_exact_ref,7279.781,0,5,127462,8157568
fuzzydedup,5,0,enron_full_291375,no_exact_ref,8280.095,0,6,153267,9809088
fuzzydedup,6,0,enron_full_291375,no_exact_ref,8880.554,0,7,177736,11375104
fuzzydedup,5,0,enron_full_291790,exact_ref,5773.102,1,0,87845,5622272
fuzzydedup,6,0,enron_full_291790,exact_ref,6182.828,1,0,103817,6644480
fuzzydedup,4,0,enron_full_291790,exact_ref,4783.453,1,0,71438,4572224
fuzzydedup,6,0,enron_full_292561,exact_ref,4143.308,1,0,61760,3952832
fuzzydedup,4,0,enron_full_292561,exact_ref,2973.410,1,0,39015,2497152
fuzzydedup,5,0,enron_full_292561,exact_ref,3326.476,1,0,50066,3204416
fuzzydedup,4,0,enron_full_292656,exact_ref,1590.136,1,0,24163,1546624
fuzzydedup,5,0,enron_full_292656,exact_ref,1785.133,1,0,27111,1735296
fuzzydedup,6,0,enron_full_292656,exact_ref,1894.314,1,0,29500,1888192
fuzzydedup,5,0,enron_full_293066,exact_ref,3185.822,1,0,49264,3153088
fuzzydedup,6,0,enron_full_293066,exact_ref,3211.001,1,0,54912,3514560
fuzzydedup,4,0,enron_full_293066,exact_ref,2847.227,1,0,43042,2754880
fuzzydedup,6,0,enron_full_293083,exact_ref,6450.046,1,0,103785,6642432
fuzzydedup,4,0,enron_full_293083,exact_ref,4718.695,1,0,71406,4570176
fuzzydedup,5,0,enron_full_293083,exact_ref,5495.307,1,0,87813,5620224
fuzzydedup,4,0,enron_full_293619,exact_ref,3210.213,1,0,42502,2720320
fuzzydedup,5,0,enron_full_293619,exact_ref,3575.725,1,0,54196,3468736
fuzzydedup,6,0,enron_full_293619,exact_ref,4194.449,1,0,67525,4321792
fuzzydedup,5,0,enron_full_293948,no_exact_ref,8892.994,0,6,169489,10847360
fuzzydedup,6,0,enron_full_293948,no_exact_ref,9767.793,0,7,197034,12610240
fuzzydedup,4,0,enron_full_293948,no_exact_ref,7652.630,0,5,140955,9021184
fuzzydedup,6,0,enron_full_293985,exact_ref,1459.745,1,0,19926,1275456
fuzzydedup,4,0,enron_full_293985,exact_ref,1314.403,1,0,16569,1060608
fuzzydedup,5,0,enron_full_293985,exact_ref,1378.801,1,0,18384,1176768
fuzzydedup,4,0,enron_full_295023,exact_ref,5124.182,1,0,73093,4678144
fuzzydedup,5,0,enron_full_295023,exact_ref,5197.609,1,0,88601,5670656
fuzzydedup,6,0,enron_full_295023,exact_ref,5670.882,1,0,102984,6591168
fuzzydedup,5,0,enron_full_295246,no_exact_ref,2611.600,0,6,45752,2928320
fuzzydedup,6,0,enron_full_295246,no_exact_ref,3137.254,0,7,56044,3588032
fuzzydedup,4,0,enron_full_295246,no_exact_ref,2125.334,0,5,36079,2309056
fuzzydedup,6,0,enron_full_296957,no_exact_ref,7472.593,0,7,144058,9219840
fuzzydedup,4,0,enron_full_296957,no_exact_ref,6452.281,0,5,100182,6411712
fuzzydedup,5,0,enron_full_296957,no_exact_ref,7206.371,0,6,122217,7821952
fuzzydedup,4,0,enron_full_298392,no_exact_ref,1457.831,0,5,20078,1284992
fuzzydedup,5,0,enron_full_298392,no_exact_ref,1828.480,0,6,25066,1604224
fuzzydedup,6,0,enron_full_298392,no_exact_ref,2040.732,0,7,30403,1945792
fuzzydedup,5,0,enron_full_298764,no_exact_ref,9451.221,0,6,169489,10847296
fuzzydedup,6,0,enron_full_298764,no_exact_ref,9782.468,0,7,197034,12610176
fuzzydedup,4,0,enron_full_298764,no_exact_ref,7676.242,0,5,140955,9021120
fuzzydedup,6,0,enron_full_299033,no_exact_ref,9981.974,0,7,194887,12472768
fuzzydedup,4,0,enron_full_299033,no_exact_ref,7771.364,0,5,139973,8958272
fuzzydedup,5,0,enron_full_299033,no_exact_ref,8692.845,0,6,168810,10803840
fuzzydedup,4,0,enron_full_299289,exact_ref,138.980,1,0,738,47424
fuzzydedup,5,0,enron_full_299289,exact_ref,111.439,1,0,900,57792
fuzzydedup,6,0,enron_full_299289,exact_ref,116.144,1,0,1111,71296
fuzzydedup,5,0,enron_full_299345,exact_ref,4810.488,1,0,75345,4822272
fuzzydedup,6,0,enron_full_299345,exact_ref,4807.681,1,0,88693,5676544
fuzzydedup,4,0,enron_full_299345,exact_ref,4425.263,1,0,61523,3937664
fuzzydedup,6,0,enron_full_299690,exact_ref,6348.640,1,0,104861,6711296
fuzzydedup,4,0,enron_full_299690,exact_ref,4825.580,1,0,73820,4724672
fuzzydedup,5,0,enron_full_299690,exact_ref,5733.753,1,0,89353,5718784
fuzzydedup,4,0,enron_full_300310,exact_ref,2022.065,1,0,25550,1635392
fuzzydedup,5,0,enron_full_300310,exact_ref,2911.944,1,0,33002,2112320
fuzzydedup,6,0,enron_full_300310,exact_ref,3085.612,1,0,41248,2640064
fuzzydedup,5,0,enron_full_300702,exact_ref,6607.989,1,0,87474,5598528
fuzzydedup,6,0,enron_full_300702,exact_ref,6415.518,1,0,101296,6483136
fuzzydedup,4,0,enron_full_300702,exact_ref,5038.383,1,0,73091,4678016
fuzzydedup,6,0,enron_full_301521,exact_ref,3385.156,1,0,55305,3539712
fuzzydedup,4,0,enron_full_301521,exact_ref,3449.923,1,0,43435,2780032
fuzzydedup,5,0,enron_full_301521,exact_ref,3166.656,1,0,49657,3178240
fuzzydedup,4,0,enron_full_301926,exact_ref,3912.929,1,0,58069,3716608
fuzzydedup,5,0,enron_full_301926,exact_ref,4047.065,1,0,67655,4330304
fuzzydedup,6,0,enron_full_301926,exact_ref,5126.483,1,0,76213,4878016
fuzzydedup,5,0,enron_full_302529,exact_ref,1413.333,1,0,13283,850304
fuzzydedup,6,0,enron_full_302529,exact_ref,1459.103,1,0,16605,1062912
fuzzydedup,4,0,enron_full_302529,exact_ref,1204.006,1,0,10256,656576
fuzzydedup,6,0,enron_full_303527,exact_ref,6054.193,1,0,86109,5511168
fuzzydedup,4,0,enron_full_303527,exact_ref,4884.522,1,0,56136,3592896
fuzzydedup,5,0,enron_full_303527,exact_ref,5189.236,1,0,70848,4534464
fuzzydedup,4,0,enron_full_304134,exact_ref,4455.256,1,0,66214,4237888
fuzzydedup,5,0,enron_full_304134,exact_ref,4777.521,1,0,78021,4993536
fuzzydedup,6,0,enron_full_304134,exact_ref,5819.222,1,0,88703,5677184
fuzzydedup,5,0,enron_full_304324,exact_ref,6090.193,1,0,89408,5722304
fuzzydedup,6,0,enron_full_304324,exact_ref,6829.078,1,0,103791,6642816
fuzzydedup,4,0,enron_full_304324,exact_ref,5095.528,1,0,73900,4729792
fuzzydedup,6,0,enron_full_305112,exact_ref,4422.949,1,0,69462,4445760
fuzzydedup,4,0,enron_full_305112,exact_ref,3307.416,1,0,53474,3422528
fuzzydedup,5,0,enron_full_305112,exact_ref,4644.098,1,0,62032,3970240
fuzzydedup,4,0,enron_full_305491,exact_ref,3730.243,1,0,57982,3711040
fuzzydedup,5,0,enron_full_305491,exact_ref,4170.315,1,0,67568,4324544
fuzzydedup,6,0,enron_full_305491,exact_ref,3947.518,1,0,76126,4872256
fuzzydedup,5,0,enron_full_305595,exact_ref,5965.675,1,0,87307,5587840
fuzzydedup,6,0,enron_full_305595,exact_ref,6143.337,1,0,101129,6472448
fuzzydedup,4,0,enron_full_305595,exact_ref,4823.686,1,0,72924,4667328
fuzzydedup,6,0,enron_full_306022,exact_ref,4747.988,1,0,76434,4891968
fuzzydedup,4,0,enron_full_306022,exact_ref,3465.827,1,0,58290,3730752
fuzzydedup,5,0,enron_full_306022,exact_ref,3974.022,1,0,67876,4344256
fuzzydedup,4,0,enron_full_306282,exact_ref,1123.520,1,0,13502,864320
fuzzydedup,5,0,enron_full_306282,exact_ref,1292.152,1,0,15317,980480
fuzzydedup,6,0,enron_full_306282,exact_ref,1259.154,1,0,16859,1079168
fuzzydedup,5,0,enron_full_306838,exact_ref,4394.673,1,0,54751,3504256
fuzzydedup,6,0,enron_full_306838,exact_ref,4141.960,1,0,68080,4357312
fuzzydedup,4,0,enron_full_306838,exact_ref,3275.242,1,0,43057,2755840
fuzzydedup,6,0,enron_full_306879,exact_ref,6358.542,1,0,102856,6582976
fuzzydedup,4,0,enron_full_306879,exact_ref,5502.288,1,0,70230,4494912
fuzzydedup,5,0,enron_full_306879,exact_ref,5848.384,1,0,86449,5532928
fuzzydedup,4,0,enron_full_307066,exact_ref,5131.102,1,0,73227,4686720
fuzzydedup,5,0,enron_full_307066,exact_ref,6373.098,1,0,89199,5708928
fuzzydedup,6,0,enron_full_307066,exact_ref,6778.541,1,0,104732,6703040
fuzzydedup,5,0,enron_full_307536,exact_ref,5645.434,1,0,83919,5371008
fuzzydedup,6,0,enron_full_307536,exact_ref,6689.922,1,0,100138,6409024
fuzzydedup,4,0,enron_full_307536,exact_ref,4921.339,1,0,68008,4352704
fuzzydedup,6,0,enron_full_307959,exact_ref,1120.458,1,0,15971,1022528
fuzzydedup,4,0,enron_full_307959,exact_ref,1203.512,1,0,13314,852288
fuzzydedup,5,0,enron_full_307959,exact_ref,1241.992,1,0,14856,950976
fuzzydedup,4,0,enron_full_308283,exact_ref,5508.187,1,0,71756,4592576
fuzzydedup,5,0,enron_full_308283,exact_ref,5954.602,1,0,88163,5642624
fuzzydedup,6,0,enron_full_308283,exact_ref,6269.701,1,0,104135,6664832
fuzzydedup,5,0,enron_full_308504,exact_ref,4241.118,1,0,62350,3990592
fuzzydedup,6,0,enron_full_308504,exact_ref,4256.368,1,0,69780,4466112
fuzzydedup,4,0,enron_full_308504,exact_ref,3394.511,1,0,53792,3442880
fuzzydedup,6,0,enron_full_308666,exact_ref,1980.380,1,0,29662,1898560
fuzzydedup,4,0,enron_full_308666,exact_ref,1841.969,1,0,24325,1556992
fuzzydedup,5,0,enron_full_308666,exact_ref,2369.408,1,0,27273,1745664
fuzzydedup,4,0,enron_full_310049,exact_ref,1294.759,1,0,11486,735296
fuzzydedup,5,0,enron_full_310049,exact_ref,1346.600,1,0,14808,947904
fuzzydedup,6,0,enron_full_310049,exact_ref,1524.420,1,0,18644,1193408
fuzzydedup,5,0,enron_full_310050,exact_ref,2251.807,1,0,32666,2090816
fuzzydedup,6,0,enron_full_310050,exact_ref,2155.004,1,0,35614,2279488
fuzzydedup,4,0,enron_full_310050,exact_ref,1740.562,1,0,29183,1867904
fuzzydedup,6,0,enron_full_310056,exact_ref,3914.476,1,0,69816,4468416
fuzzydedup,4,0,enron_full_310056,exact_ref,3781.171,1,0,53828,3445184
fuzzydedup,5,0,enron_full_310056,exact_ref,3417.157,1,0,62386,3992896
fuzzydedup,4,0,enron_full_310895,exact_ref,1409.674,1,0,14344,918208
fuzzydedup,5,0,enron_full_310895,exact_ref,1689.332,1,0,18540,1186752
fuzzydedup,6,0,enron_full_310895,exact_ref,1660.630,1,0,23776,1521856
fuzzydedup,5,0,enron_full_310913,exact_ref,5629.047,1,0,88583,5669504
fuzzydedup,6,0,enron_full_310913,exact_ref,6760.928,1,0,104555,6691712
fuzzydedup,4,0,enron_full_310913,exact_ref,5088.623,1,0,72176,4619456
fuzzydedup,6,0,enron_full_311017,exact_ref,7229.505,1,0,102979,6590848
fuzzydedup,4,0,enron_full_311017,exact_ref,4890.922,1,0,70353,4502784
fuzzydedup,5,0,enron_full_311017,exact_ref,5446.128,1,0,86572,5540800
fuzzydedup,4,0,enron_full_313090,exact_ref,5465.604,1,0,72883,4664704
fuzzydedup,5,0,enron_full_313090,exact_ref,5603.366,1,0,87266,5585216
fuzzydedup,6,0,enron_full_313090,exact_ref,6010.399,1,0,101088,6469824
fuzzydedup,5,0,enron_full_314206,exact_ref,3891.627,1,0,54932,3515840
fuzzydedup,6,0,enron_full_314206,exact_ref,4525.814,1,0,68261,4368896
fuzzydedup,4,0,enron_full_314206,exact_ref,3482.173,1,0,43238,2767424
fuzzydedup,6,0,enron_full_314362,exact_ref,3764.639,1,0,56505,3616512
fuzzydedup,4,0,enron_full_314362,exact_ref,2520.927,1,0,35398,2265664
fuzzydedup,5,0,enron_full_314362,exact_ref,3264.241,1,0,45454,2909248
fuzzydedup,4,0,enron_full_315231,exact_ref,5628.979,1,0,73569,4708608
fuzzydedup,5,0,enron_full_315231,exact_ref,5683.106,1,0,89541,5730816
fuzzydedup,6,0,enron_full_315231,exact_ref,6848.001,1,0,105074,6724928
fuzzydedup,5,0,enron_full_315279,exact_ref,6000.369,1,0,89282,5714240
fuzzydedup,6,0,enron_full_315279,exact_ref,6249.203,1,0,104815,6708352
fuzzydedup,4,0,enron_full_315279,exact_ref,5611.779,1,0,73310,4692032
fuzzydedup,6,0,enron_full_315623,exact_ref,2418.500,1,0,35408,2266304
fuzzydedup,4,0,enron_full_315623,exact_ref,2209.107,1,0,28977,1854720
fuzzydedup,5,0,enron_full_315623,exact_ref,1909.304,1,0,32460,2077632
fuzzydedup,4,0,enron_full_316006,exact_ref,1167.855,1,0,13382,856640
fuzzydedup,5,0,enron_full_316006,exact_ref,1176.669,1,0,14924,955328
fuzzydedup,6,0,enron_full_316006,exact_ref,1115.167,1,0,16039,1026688
fuzzydedup,5,0,enron_full_317192,exact_ref,3620.419,1,0,40887,2617024
fuzzydedup,6,0,enron_full_317192,exact_ref,3696.830,1,0,50943,3260608
fuzzydedup,4,0,enron_full_317192,exact_ref,2595.806,1,0,31442,2012544
fuzzydedup,6,0,enron_full_317451,exact_ref,989.977,1,0,12604,806848
fuzzydedup,4,0,enron_full_317451,exact_ref,1117.933,1,0,10783,690304
fuzzydedup,5,0,enron_full_317451,exact_ref,923.774,1,0,11898,761664
fuzzydedup,4,0,enron_full_318133,exact_ref,4034.556,1,0,56010,3584832
fuzzydedup,5,0,enron_full_318133,exact_ref,5910.382,1,0,70722,4526400
fuzzydedup,6,0,enron_full_318133,exact_ref,6000.665,1,0,85983,5503104
fuzzydedup,5,0,enron_full_318207,exact_ref,742.767,1,0,7135,456832
fuzzydedup,6,0,enron_full_318207,exact_ref,709.166,1,0,7515,481152
fuzzydedup,4,0,enron_full_318207,exact_ref,652.520,1,0,6576,421056
fuzzydedup,6,0,enron_full_318845,exact_ref,6688.481,1,0,96250,6160192
fuzzydedup,4,0,enron_full_318845,exact_ref,4827.816,1,0,64578,4133184
fuzzydedup,5,0,enron_full_318845,exact_ref,4984.021,1,0,80339,5141888
fuzzydedup,4,0,enron_full_318909,exact_ref,5222.722,1,0,73080,4677312
fuzzydedup,5,0,enron_full_318909,exact_ref,5859.235,1,0,87463,5597824
fuzzydedup,6,0,enron_full_318909,exact_ref,5855.226,1,0,101285,6482432
fuzzydedup,5,0,enron_full_319080,exact_ref,1537.845,1,0,22698,1452864
fuzzydedup,6,0,enron_full_319080,exact_ref,1495.239,1,0,24513,1569024
fuzzydedup,4,0,enron_full_319080,exact_ref,1890.845,1,0,20309,1299968
fuzzydedup,6,0,enron_full_319320,exact_ref,6791.656,1,0,104693,6700544
fuzzydedup,4,0,enron_full_319320,exact_ref,4667.849,1,0,73652,4713920
fuzzydedup,5,0,enron_full_319320,exact_ref,6560.618,1,0,89185,5708032
fuzzydedup,4,0,enron_full_319952,exact_ref,4592.410,1,0,67731,4334976
fuzzydedup,5,0,enron_full_319952,exact_ref,4932.548,1,0,83642,5353472
fuzzydedup,6,0,enron_full_319952,exact_ref,6729.642,1,0,99861,6391488
fuzzydedup,5,0,enron_full_320564,exact_ref,4892.474,1,0,78197,5004800
fuzzydedup,6,0,enron_full_320564,exact_ref,4965.441,1,0,88879,5688448
fuzzydedup,4,0,enron_full_320564,exact_ref,3847.866,1,0,66390,4249152
fuzzydedup,6,0,enron_full_320626,exact_ref,6473.891,1,0,91664,5866688
fuzzydedup,4,0,enron_full_320626,exact_ref,4482.316,1,0,60642,3881280
fuzzydedup,5,0,enron_full_320626,exact_ref,4670.646,1,0,75903,4857984
fuzzydedup,4,0,enron_full_321445,exact_ref,4579.536,1,0,62423,3995264
fuzzydedup,5,0,enron_full_321445,exact_ref,4591.922,1,0,73105,4678912
fuzzydedup,6,0,enron_full_321445,exact_ref,4381.170,1,0,82691,5292416
fuzzydedup,5,0,enron_full_321807,exact_ref,1360.769,1,0,18466,1182016
fuzzydedup,6,0,enron_full_321807,exact_ref,1558.571,1,0,23702,1517120
fuzzydedup,4,0,enron_full_321807,exact_ref,1223.564,1,0,14270,913472
fuzzydedup,6,0,enron_full_321918,exact_ref,6666.333,1,0,86169,5515008
fuzzydedup,4,0,enron_full_321918,exact_ref,3839.433,1,0,56196,3596736
fuzzydedup,5,0,enron_full_321918,exact_ref,4688.118,1,0,70908,4538304
fuzzydedup,4,0,enron_full_322149,exact_ref,5828.232,1,0,71722,4590400
fuzzydedup,5,0,enron_full_322149,exact_ref,5664.523,1,0,88129,5640448
fuzzydedup,6,0,enron_full_322149,exact_ref,5825.382,1,0,104101,6662656
fuzzydedup,5,0,enron_full_322706,exact_ref,546.441,1,0,3903,249984
fuzzydedup,6,0,enron_full_322706,exact_ref,465.279,1,0,4178,267584
fuzzydedup,4,0,enron_full_322706,exact_ref,425.626,1,0,3627,232320
fuzzydedup,6,0,enron_full_322737,exact_ref,2162.047,1,0,35509,2272768
fuzzydedup,4,0,enron_full_322737,exact_ref,2539.127,1,0,29078,1861184
fuzzydedup,5,0,enron_full_322737,exact_ref,2144.435,1,0,32561,2084096
fuzzydedup,4,0,enron_full_322757,exact_ref,1713.458,1,0,20224,1294528
fuzzydedup,5,0,enron_full_322757,exact_ref,1764.996,1,0,26304,1683648
fuzzydedup,6,0,enron_full_322757,exact_ref,1980.195,1,0,33078,2117184
fuzzydedup,5,0,enron_full_324000,exact_ref,1964.155,1,0,27713,1773824
fuzzydedup,6,0,enron_full_324000,exact_ref,2210.317,1,0,30661,1962496
fuzzydedup,4,0,enron_full_324000,exact_ref,2408.895,1,0,24230,1550912
fuzzydedup,6,0,enron_full_324353,no_exact_ref,2630.962,0,7,34498,2207936
fuzzydedup,4,0,enron_full_324353,no_exact_ref,1762.921,0,5,22576,1444864
fuzzydedup,5,0,enron_full_324353,no_exact_ref,1946.477,0,6,28110,1799104
fuzzydedup,4,0,enron_full_325002,exact_ref,5275.291,1,0,74606,4774976
fuzzydedup,5,0,enron_full_325002,exact_ref,6769.217,1,0,90114,5767680
fuzzydedup,6,0,enron_full_325002,exact_ref,6285.166,1,0,104497,6688512
fuzzydedup,5,0,enron_full_325131,exact_ref,2624.713,1,0,35077,2245120
fuzzydedup,6,0,enron_full_325131,exact_ref,3178.899,1,0,44522,2849600
fuzzydedup,4,0,enron_full_325131,exact_ref,2985.688,1,0,26831,1717376
fuzzydedup,6,0,enron_full_325547,exact_ref,6316.671,1,0,99023,6337664
fuzzydedup,4,0,enron_full_325547,exact_ref,4536.269,1,0,69132,4424640
fuzzydedup,5,0,enron_full_325547,exact_ref,6345.564,1,0,84640,5417152
fuzzydedup,4,0,enron_full_326276,exact_ref,4165.213,1,0,56555,3619712
fuzzydedup,5,0,enron_full_326276,exact_ref,4881.395,1,0,71267,4561280
fuzzydedup,6,0,enron_full_326276,exact_ref,5898.503,1,0,86528,5537984
fuzzydedup,5,0,enron_full_326406,exact_ref,3553.744,1,0,50047,3203200
fuzzydedup,6,0,enron_full_326406,exact_ref,3296.075,1,0,55695,3564672
fuzzydedup,4,0,enron_full_326406,exact_ref,2498.490,1,0,43825,2804992
fuzzydedup,6,0,enron_full_326699,exact_ref,1671.132,1,0,20832,1333440
fuzzydedup,4,0,enron_full_326699,exact_ref,1207.157,1,0,12800,819392
fuzzydedup,5,0,enron_full_326699,exact_ref,1163.222,1,0,16636,1064896
fuzzydedup,4,0,enron_full_326891,exact_ref,3851.584,1,0,54155,3466112
fuzzydedup,5,0,enron_full_326891,exact_ref,4011.625,1,0,62713,4013824
fuzzydedup,6,0,enron_full_326891,exact_ref,4032.710,1,0,70143,4489344
fuzzydedup,5,0,enron_full_327398,exact_ref,2991.903,1,0,41062,2628160
fuzzydedup,6,0,enron_full_327398,exact_ref,3339.406,1,0,51118,3271744
fuzzydedup,4,0,enron_full_327398,exact_ref,3130.599,1,0,31617,2023680
fuzzydedup,6,0,enron_full_327734,exact_ref,5702.737,1,0,94675,6059392
fuzzydedup,4,0,enron_full_327734,exact_ref,4574.582,1,0,69520,4449472
fuzzydedup,5,0,enron_full_327734,exact_ref,4985.915,1,0,82868,5303744
fuzzydedup,4,0,enron_full_330743,exact_ref,542.535,1,0,1411,90496
fuzzydedup,5,0,enron_full_330743,exact_ref,453.704,1,0,1495,95872
fuzzydedup,6,0,enron_full_330743,exact_ref,381.107,1,0,1584,101568
fuzzydedup,5,0,enron_full_330847,exact_ref,2772.663,1,0,40822,2612800
fuzzydedup,6,0,enron_full_330847,exact_ref,2874.256,1,0,45424,2907328
fuzzydedup,4,0,enron_full_330847,exact_ref,2277.900,1,0,35174,2251328
fuzzydedup,6,0,enron_full_331065,no_exact_ref,7603.217,0,7,123332,7893248
fuzzydedup,4,0,enron_full_331065,no_exact_ref,5824.918,0,5,84127,5384128
fuzzydedup,5,0,enron_full_331065,no_exact_ref,5811.312,0,6,103384,6616576
fuzzydedup,4,0,enron_full_331235,exact_ref,2360.152,1,0,28621,1831936
fuzzydedup,5,0,enron_full_331235,exact_ref,3331.745,1,0,36867,2359680
fuzzydedup,6,0,enron_full_331235,exact_ref,3436.575,1,0,46312,2964160
fuzzydedup,5,0,enron_full_331309,no_exact_ref,3733.561,0,6,55915,3578560
fuzzydedup,6,0,enron_full_331309,no_exact_ref,4265.790,0,7,67711,4333504
fuzzydedup,4,0,enron_full_331309,no_exact_ref,3215.738,0,5,44983,2878912
fuzzydedup,6,0,enron_full_332147,no_exact_ref,3355.453,0,7,43148,2761472
fuzzydedup,4,0,enron_full_332147,no_exact_ref,2140.940,0,5,28839,1845696
fuzzydedup,5,0,enron_full_332147,no_exact_ref,2385.425,0,6,35649,2281536
fuzzydedup,4,0,enron_full_332523,exact_ref,5400.665,1,0,74325,4756992
fuzzydedup,5,0,enron_full_332523,exact_ref,6953.531,1,0,89833,5749504
fuzzydedup,6,0,enron_full_332523,exact_ref,6654.887,1,0,104216,6670016
fuzzydedup,5,0,enron_full_333276,exact_ref,3275.458,1,0,50169,3211008
fuzzydedup,6,0,enron_full_333276,exact_ref,3421.775,1,0,55817,3572480
fuzzydedup,4,0,enron_full_333276,exact_ref,3453.182,1,0,43947,2812800
fuzzydedup,6,0,enron_full_333308,exact_ref,4692.113,1,0,68566,4388416
fuzzydedup,4,0,enron_full_333308,exact_ref,3304.124,1,0,43543,2786944
fuzzydedup,5,0,enron_full_333308,exact_ref,3734.152,1,0,55237,3535360
fuzzydedup,4,0,enron_full_333309,exact_ref,5345.818,1,0,69624,4456128
fuzzydedup,5,0,enron_full_333309,exact_ref,5084.067,1,0,82972,5310400
fuzzydedup,6,0,enron_full_333309,exact_ref,5507.796,1,0,94779,6066048
fuzzydedup,5,0,enron_full_334798,no_exact_ref,1487.318,0,6,19815,1268160
fuzzydedup,6,0,enron_full_334798,no_exact_ref,2372.772,0,7,25738,1647232
fuzzydedup,4,0,enron_full_334798,no_exact_ref,1124.982,0,5,14937,955968
fuzzydedup,6,0,enron_full_335428,exact_ref,1566.871,1,0,20329,1301248
fuzzydedup,4,0,enron_full_335428,exact_ref,1325.958,1,0,16972,1086400
fuzzydedup,5,0,enron_full_335428,exact_ref,1353.712,1,0,18787,1202560
fuzzydedup,4,0,enron_full_335498,exact_ref,4472.400,1,0,69625,4456192
fuzzydedup,5,0,enron_full_335498,exact_ref,5136.071,1,0,82973,5310464
fuzzydedup,6,0,enron_full_335498,exact_ref,6195.713,1,0,94780,6066112
fuzzydedup,5,0,enron_full_335546,exact_ref,5293.395,1,0,71354,4566848
fuzzydedup,6,0,enron_full_335546,exact_ref,6216.102,1,0,86615,5543552
fuzzydedup,4,0,enron_full_335546,exact_ref,4175.762,1,0,56642,3625280
fuzzydedup,6,0,enron_full_335575,exact_ref,6338.622,1,0,100624,6440128
fuzzydedup,4,0,enron_full_335575,exact_ref,5022.229,1,0,68494,4383808
fuzzydedup,5,0,enron_full_335575,exact_ref,5978.226,1,0,84405,5402112
fuzzydedup,4,0,enron_full_335623,exact_ref,3990.005,1,0,56652,3625920
fuzzydedup,5,0,enron_full_335623,exact_ref,4482.285,1,0,71364,4567488
fuzzydedup,6,0,enron_full_335623,exact_ref,5965.172,1,0,86625,5544192
fuzzydedup,5,0,enron_full_335857,exact_ref,2243.844,1,0,29922,1915200
fuzzydedup,6,0,enron_full_335857,exact_ref,2280.172,1,0,32870,2103872
fuzzydedup,4,0,enron_full_335857,exact_ref,1932.507,1,0,26439,1692288
fuzzydedup,6,0,enron_full_335946,exact_ref,1403.496,1,0,18350,1174592
fuzzydedup,4,0,enron_full_335946,exact_ref,1265.738,1,0,14993,959744
fuzzydedup,5,0,enron_full_335946,exact_ref,1211.946,1,0,16808,1075904
fuzzydedup,4,0,enron_full_336542,exact_ref,5651.148,1,0,68670,4395072
fuzzydedup,5,0,enron_full_336542,exact_ref,5891.867,1,0,84178,5387584
fuzzydedup,6,0,enron_full_336542,exact_ref,5607.549,1,0,98561,6308096
fuzzydedup,5,0,enron_full_337267,exact_ref,916.401,1,0,11716,750016
fuzzydedup,6,0,enron_full_337267,exact_ref,904.944,1,0,12422,795200
fuzzydedup,4,0,enron_full_337267,exact_ref,981.677,1,0,10601,678656
fuzzydedup,6,0,enron_full_337292,exact_ref,6610.446,1,0,96091,6150016
fuzzydedup,4,0,enron_full_337292,exact_ref,4330.360,1,0,63961,4093696
fuzzydedup,5,0,enron_full_337292,exact_ref,4851.361,1,0,79872,5112000
fuzzydedup,4,0,enron_full_337470,exact_ref,5230.944,1,0,67651,4329856
fuzzydedup,5,0,enron_full_337470,exact_ref,5105.799,1,0,83412,5338560
fuzzydedup,6,0,enron_full_337470,exact_ref,5400.546,1,0,99323,6356864
fuzzydedup,5,0,enron_full_339638,no_exact_ref,7526.877,0,6,126879,8130304
fuzzydedup,6,0,enron_full_339638,no_exact_ref,7383.370,0,7,148499,9516736
fuzzydedup,4,0,enron_full_339638,no_exact_ref,6630.158,0,5,105124,6728064
fuzzydedup,6,0,enron_full_340418,exact_ref,3482.821,1,0,46481,2974976
fuzzydedup,4,0,enron_full_340418,exact_ref,2521.811,1,0,28790,1842752
fuzzydedup,5,0,enron_full_340418,exact_ref,2783.329,1,0,37036,2370496
fuzzydedup,4,0,enron_full_340472,exact_ref,4044.233,1,0,54224,3470528
fuzzydedup,5,0,enron_full_340472,exact_ref,5085.919,1,0,64906,4154176
fuzzydedup,6,0,enron_full_340472,exact_ref,4771.589,1,0,74492,4767680
fuzzydedup,5,0,enron_full_340761,exact_ref,3547.105,1,0,59979,3838848
fuzzydedup,6,0,enron_full_340761,exact_ref,4425.490,1,0,66201,4237056
fuzzydedup,4,0,enron_full_340761,exact_ref,3410.773,1,0,52549,3363328
fuzzydedup,6,0,enron_full_341249,exact_ref,3065.349,1,0,49151,3145856
fuzzydedup,4,0,enron_full_341249,exact_ref,2612.886,1,0,38901,2489856
fuzzydedup,5,0,enron_full_341249,exact_ref,2680.146,1,0,44549,2851328
fuzzydedup,4,0,enron_full_341362,exact_ref,2599.810,1,0,37712,2413760
fuzzydedup,5,0,enron_full_341362,exact_ref,3286.289,1,0,43360,2775232
fuzzydedup,6,0,enron_full_341362,exact_ref,3055.919,1,0,47962,3069760
fuzzydedup,5,0,enron_full_342301,exact_ref,2190.063,1,0,30327,1941120
fuzzydedup,6,0,enron_full_342301,exact_ref,2903.600,1,0,37779,2418048
fuzzydedup,4,0,enron_full_342301,exact_ref,1781.834,1,0,23553,1507584
fuzzydedup,6,0,enron_full_342735,exact_ref,4269.611,1,0,62374,3992128
fuzzydedup,4,0,enron_full_342735,exact_ref,3548.718,1,0,39629,2536448
fuzzydedup,5,0,enron_full_342735,exact_ref,3616.053,1,0,50680,3243712
fuzzydedup,4,0,enron_full_344191,exact_ref,3834.640,1,0,57050,3651392
fuzzydedup,5,0,enron_full_344191,exact_ref,4881.055,1,0,71762,4592960
fuzzydedup,6,0,enron_full_344191,exact_ref,6451.625,1,0,87023,5569664
fuzzydedup,5,0,enron_full_344335,exact_ref,5624.774,1,0,90670,5803072
fuzzydedup,6,0,enron_full_344335,exact_ref,7263.620,1,0,106178,6795584
fuzzydedup,4,0,enron_full_344335,exact_ref,5179.102,1,0,75137,4808960
fuzzydedup,6,0,enron_full_344645,no_exact_ref,9659.675,0,7,190614,12199296
fuzzydedup,4,0,enron_full_344645,no_exact_ref,8593.584,0,5,137103,8774592
fuzzydedup,5,0,enron_full_344645,no_exact_ref,10002.076,0,6,164671,10538944
fuzzydedup,4,0,enron_full_345595,exact_ref,2761.059,1,0,34407,2202240
fuzzydedup,5,0,enron_full_345595,exact_ref,2535.574,1,0,39009,2496768
fuzzydedup,6,0,enron_full_345595,exact_ref,2709.658,1,0,42492,2719680
fuzzydedup,5,0,enron_full_345814,exact_ref,6403.048,1,0,89646,5737536
fuzzydedup,6,0,enron_full_345814,exact_ref,7631.859,1,0,105618,6759744
fuzzydedup,4,0,enron_full_345814,exact_ref,5029.484,1,0,73239,4687488
fuzzydedup,6,0,enron_full_348142,exact_ref,7400.470,1,0,106104,6790848
fuzzydedup,4,0,enron_full_348142,exact_ref,5432.428,1,0,75063,4804224
fuzzydedup,5,0,enron_full_348142,exact_ref,5866.431,1,0,90596,5798336
fuzzydedup,4,0,enron_full_348438,no_exact_ref,9060.668,0,5,139516,8929024
fuzzydedup,5,0,enron_full_348438,no_exact_ref,8923.860,0,6,168125,10760128
fuzzydedup,6,0,enron_full_348438,no_exact_ref,11160.739,0,7,194644,12457408
fuzzydedup,5,0,enron_full_349353,no_exact_ref,8422.478,0,6,136629,8744256
fuzzydedup,6,0,enron_full_349353,no_exact_ref,8757.407,0,7,159258,10192512
fuzzydedup,4,0,enron_full_349353,no_exact_ref,6659.426,0,5,113227,7246528
fuzzydedup,6,0,enron_full_349483,no_exact_ref,6887.796,0,7,125079,8005056
fuzzydedup,4,0,enron_full_349483,no_exact_ref,4371.747,0,5,87103,5574592
fuzzydedup,5,0,enron_full_349483,no_exact_ref,5764.094,0,6,106088,6789632
fuzzydedup,4,0,enron_full_352068,no_exact_ref,8156.168,0,5,133491,8543424
fuzzydedup,5,0,enron_full_352068,no_exact_ref,8520.740,0,6,160514,10272896
fuzzydedup,6,0,enron_full_352068,no_exact_ref,10557.931,0,7,186103,11910592
fuzzydedup,5,0,enron_full_352183,exact_ref,124.990,1,0,878,56384
fuzzydedup,6,0,enron_full_352183,exact_ref,95.727,1,0,1034,66368
fuzzydedup,4,0,enron_full_352183,exact_ref,105.499,1,0,725,46592
fuzzydedup,6,0,enron_full_352410,exact_ref,2967.678,1,0,41078,2629184
fuzzydedup,4,0,enron_full_352410,exact_ref,2096.437,1,0,25380,1624512
fuzzydedup,5,0,enron_full_352410,exact_ref,3067.385,1,0,32832,2101440
fuzzydedup,4,0,enron_full_352552,no_exact_ref,7674.080,0,5,139973,8958272
fuzzydedup,5,0,enron_full_352552,no_exact_ref,9679.464,0,6,168810,10803840
fuzzydedup,6,0,enron_full_352552,no_exact_ref,10258.504,0,7,194887,12472768
fuzzydedup,5,0,enron_full_353158,exact_ref,5912.280,1,0,89470,5726272
fuzzydedup,6,0,enron_full_353158,exact_ref,6568.791,1,0,105442,6748480
fuzzydedup,4,0,enron_full_353158,exact_ref,4638.865,1,0,73063,4676224
fuzzydedup,6,0,enron_full_353883,no_exact_ref,10319.298,0,7,190614,12199296
fuzzydedup,4,0,enron_full_353883,no_exact_ref,7285.228,0,5,137103,8774592
fuzzydedup,5,0,enron_full_353883,no_exact_ref,8998.049,0,6,164671,10538944
fuzzydedup,4,0,enron_full_354290,no_exact_ref,4026.575,0,5,68018,4353408
fuzzydedup,5,0,enron_full_354290,no_exact_ref,5326.241,0,6,84314,5396352
fuzzydedup,6,0,enron_full_354290,no_exact_ref,5769.726,0,7,100525,6433920
fuzzydedup,5,0,enron_full_355229,no_exact_ref,3221.494,0,6,63363,4055232
fuzzydedup,6,0,enron_full_355229,no_exact_ref,3837.973,0,7,76712,4909568
fuzzydedup,4,0,enron_full_355229,no_exact_ref,2717.550,0,5,50866,3255424
fuzzydedup,6,0,enron_full_355694,exact_ref,7266.096,1,0,106312,6804160
fuzzydedup,4,0,enron_full_355694,exact_ref,4777.503,1,0,75271,4817536
fuzzydedup,5,0,enron_full_355694,exact_ref,6503.279,1,0,90804,5811648
fuzzydedup,4,0,enron_full_355895,no_exact_ref,7932.548,0,5,128135,8200640
fuzzydedup,5,0,enron_full_355895,no_exact_ref,10617.712,0,6,154598,9894272
fuzzydedup,6,0,enron_full_355895,no_exact_ref,11475.347,0,7,180015,11520960
fuzzydedup,5,0,enron_full_356569,no_exact_ref,5605.428,0,6,69703,4460992
fuzzydedup,6,0,enron_full_356569,no_exact_ref,5217.548,0,7,83781,5361984
fuzzydedup,4,0,enron_full_356569,no_exact_ref,3375.785,0,5,56325,3604800
fuzzydedup,6,0,enron_full_356908,exact_ref,6347.918,1,0,101171,6475136
fuzzydedup,4,0,enron_full_356908,exact_ref,5206.862,1,0,69041,4418816
fuzzydedup,5,0,enron_full_356908,exact_ref,5751.938,1,0,84952,5437120
fuzzydedup,4,0,enron_full_356976,no_exact_ref,5659.851,0,5,92244,5903680
fuzzydedup,5,0,enron_full_356976,no_exact_ref,7083.500,0,6,113036,7234368
fuzzydedup,6,0,enron_full_356976,no_exact_ref,7989.173,0,7,133357,8535232
fuzzydedup,5,0,enron_full_358597,no_exact_ref,7305.769,0,6,103384,6616576
fuzzydedup,6,0,enron_full_358597,no_exact_ref,7229.923,0,7,123332,7893248
fuzzydedup,4,0,enron_full_358597,no_exact_ref,5931.873,0,5,84127,5384128
fuzzydedup,6,0,enron_full_358915,no_exact_ref,7660.772,0,7,125079,8005056
fuzzydedup,4,0,enron_full_358915,no_exact_ref,5228.625,0,5,87103,5574592
fuzzydedup,5,0,enron_full_358915,no_exact_ref,6967.242,0,6,106088,6789632
fuzzydedup,4,0,enron_full_360085,exact_ref,3724.870,1,0,55184,3531968
fuzzydedup,5,0,enron_full_360085,exact_ref,3852.402,1,0,63742,4079680
fuzzydedup,6,0,enron_full_360085,exact_ref,5252.609,1,0,71172,4555200
fuzzydedup,5,0,enron_full_360983,exact_ref,5754.935,1,0,85025,5441792
fuzzydedup,6,0,enron_full_360983,exact_ref,6285.152,1,0,101244,6479808
fuzzydedup,4,0,enron_full_360983,exact_ref,5296.223,1,0,69114,4423488
fuzzydedup,6,0,enron_full_362389,exact_ref,6171.397,1,0,101289,6482688
fuzzydedup,4,0,enron_full_362389,exact_ref,4429.319,1,0,69159,4426368
fuzzydedup,5,0,enron_full_362389,exact_ref,6089.956,1,0,85070,5444672
fuzzydedup,4,0,enron_full_363120,exact_ref,2345.641,1,0,34401,2201856
fuzzydedup,5,0,enron_full_363120,exact_ref,2542.797,1,0,40049,2563328
fuzzydedup,6,0,enron_full_363120,exact_ref,2456.530,1,0,44651,2857856
fuzzydedup,5,0,enron_full_363607,no_exact_ref,8274.011,0,6,131204,8397056
fuzzydedup,6,0,enron_full_363607,no_exact_ref,8215.014,0,7,153889,9848896
fuzzydedup,4,0,enron_full_363607,no_exact_ref,7169.937,0,5,107991,6911424
fuzzydedup,6,0,enron_full_363846,no_exact_ref,10650.240,0,7,197015,12608960
fuzzydedup,4,0,enron_full_363846,no_exact_ref,8995.179,0,5,141284,9042176
fuzzydedup,5,0,enron_full_363846,no_exact_ref,8514.334,0,6,169864,10871296
fuzzydedup,4,0,enron_full_363876,exact_ref,3945.752,1,0,40034,2562368
fuzzydedup,5,0,enron_full_363876,exact_ref,3844.920,1,0,51728,3310784
fuzzydedup,6,0,enron_full_363876,exact_ref,4295.317,1,0,65057,4163840
fuzzydedup,5,0,enron_full_364025,no_exact_ref,7081.205,0,6,131204,8397056
fuzzydedup,6,0,enron_full_364025,no_exact_ref,9028.314,0,7,153889,9848896
fuzzydedup,4,0,enron_full_364025,no_exact_ref,6174.649,0,5,107991,6911424
fuzzydedup,6,0,enron_full_364586,exact_ref,3390.442,1,0,42236,2703296
fuzzydedup,4,0,enron_full_364586,exact_ref,2741.326,1,0,31986,2047296
fuzzydedup,5,0,enron_full_364586,exact_ref,2573.681,1,0,37634,2408768
fuzzydedup,4,0,enron_full_365105,no_exact_ref,2970.316,0,5,59159,3786176
fuzzydedup,5,0,enron_full_365105,no_exact_ref,3712.945,0,6,73355,4694720
fuzzydedup,6,0,enron_full_365105,no_exact_ref,4652.831,0,7,88518,5665152
fuzzydedup,5,0,enron_full_365478,no_exact_ref,9321.737,0,6,154598,9894272
fuzzydedup,6,0,enron_full_365478,no_exact_ref,10176.000,0,7,180015,11520960
fuzzydedup,4,0,enron_full_365478,no_exact_ref,7397.277,0,5,128135,8200640
fuzzydedup,6,0,enron_full_365497,exact_ref,5262.986,1,0,90511,5792896
fuzzydedup,4,0,enron_full_365497,exact_ref,4484.393,1,0,68022,4353600
fuzzydedup,5,0,enron_full_365497,exact_ref,4508.883,1,0,79829,5109248
fuzzydedup,4,0,enron_full_365509,no_exact_ref,2927.234,1,0,44595,2854272
fuzzydedup,5,0,enron_full_365509,no_exact_ref,3303.732,1,0,50817,3252480
fuzzydedup,6,0,enron_full_365509,no_exact_ref,3969.671,1,0,56465,3613952
fuzzydedup,5,0,enron_full_365947,no_exact_ref,8248.625,0,6,159592,10213888
fuzzydedup,6,0,enron_full_365947,no_exact_ref,9395.541,0,7,184939,11836096
fuzzydedup,4,0,enron_full_365947,no_exact_ref,6881.229,0,5,132999,8511936
fuzzydedup,6,0,enron_full_366510,exact_ref,1250.363,1,0,20786,1330496
fuzzydedup,4,0,enron_full_366510,exact_ref,1093.788,1,0,17429,1115648
fuzzydedup,5,0,enron_full_366510,exact_ref,1255.273,1,0,19244,1231808
fuzzydedup,4,0,enron_full_366895,exact_ref,4898.150,1,0,61851,3958656
fuzzydedup,5,0,enron_full_366895,exact_ref,5226.010,1,0,77112,4935360
fuzzydedup,6,0,enron_full_366895,exact_ref,5202.762,1,0,92873,5944064
fuzzydedup,5,0,enron_full_367052,no_exact_ref,8629.334,0,6,145606,9318784
fuzzydedup,6,0,enron_full_367052,no_exact_ref,8284.810,0,7,169255,10832320
fuzzydedup,4,0,enron_full_367052,no_exact_ref,6505.592,0,5,120641,7721024
fuzzydedup,6,0,enron_full_367129,no_exact_ref,6776.450,0,7,137129,8776256
fuzzydedup,4,0,enron_full_367129,no_exact_ref,4542.380,0,5,95838,6133632
fuzzydedup,5,0,enron_full_367129,no_exact_ref,6525.721,0,6,116994,7487616
fuzzydedup,4,0,enron_full_367319,no_exact_ref,7495.144,0,5,140955,9021120
fuzzydedup,5,0,enron_full_367319,no_exact_ref,9531.581,0,6,169489,10847296
fuzzydedup,6,0,enron_full_367319,no_exact_ref,9474.096,0,7,197034,12610176
fuzzydedup,5,0,enron_full_367765,exact_ref,3735.739,1,0,41487,2655360
fuzzydedup,6,0,enron_full_367765,exact_ref,3732.825,1,0,51543,3298944
fuzzydedup,4,0,enron_full_367765,exact_ref,2480.541,1,0,32042,2050880
fuzzydedup,6,0,enron_full_367912,no_exact_ref,5910.572,0,7,102455,6557120
fuzzydedup,4,0,enron_full_367912,no_exact_ref,4446.953,0,5,69400,4441600
fuzzydedup,5,0,enron_full_367912,no_exact_ref,5558.590,0,6,85290,5458560
fuzzydedup,4,0,enron_full_368156,no_exact_ref,2767.053,0,5,40217,2573888
fuzzydedup,5,0,enron_full_368156,no_exact_ref,3457.240,0,6,50020,3201280
fuzzydedup,6,0,enron_full_368156,no_exact_ref,4555.932,0,7,60498,3871872
fuzzydedup,5,0,enron_full_368318,no_exact_ref,8308.671,0,6,145606,9318784
fuzzydedup,6,0,enron_full_368318,no_exact_ref,9677.656,0,7,169255,10832320
fuzzydedup,4,0,enron_full_368318,no_exact_ref,6942.618,0,5,120641,7721024
fuzzydedup,6,0,enron_full_369168,exact_ref,6229.586,1,0,100629,6440448
fuzzydedup,4,0,enron_full_369168,exact_ref,5264.036,1,0,68957,4413440
fuzzydedup,5,0,enron_full_369168,exact_ref,5410.426,1,0,84718,5422144
fuzzydedup,4,0,enron_full_369419,exact_ref,4381.508,1,0,65588,4197824
fuzzydedup,5,0,enron_full_369419,exact_ref,5970.057,1,0,81807,5235840
fuzzydedup,6,0,enron_full_369419,exact_ref,6229.584,1,0,98214,6285888
fuzzydedup,5,0,enron_full_370439,exact_ref,4105.961,1,0,69137,4424960
fuzzydedup,6,0,enron_full_370439,exact_ref,5322.765,1,0,79819,5108608
fuzzydedup,4,0,enron_full_370439,exact_ref,4189.337,1,0,57330,3669312
fuzzydedup,6,0,enron_full_371121,no_exact_ref,3583.197,0,7,60498,3871872
fuzzydedup,4,0,enron_full_371121,no_exact_ref,2252.503,0,5,40217,2573888
fuzzydedup,5,0,enron_full_371121,no_exact_ref,3029.450,0,6,50020,3201280
fuzzydedup,4,0,enron_full_373728,exact_ref,5097.252,1,0,69523,4449664
fuzzydedup,5,0,enron_full_373728,exact_ref,5206.830,1,0,85434,5467968
fuzzydedup,6,0,enron_full_373728,exact_ref,5372.567,1,0,101653,6505984
fuzzydedup,5,0,enron_full_373978,exact_ref,5635.076,1,0,88100,5638592
fuzzydedup,6,0,enron_full_373978,exact_ref,6135.351,1,0,104507,6688640
fuzzydedup,4,0,enron_full_373978,exact_ref,4816.873,1,0,71881,4600576
fuzzydedup,6,0,enron_full_374719,exact_ref,4850.712,1,0,64143,4105344
fuzzydedup,4,0,enron_full_374719,exact_ref,3619.891,1,0,50491,3231616
fuzzydedup,5,0,enron_full_374719,exact_ref,3559.795,1,0,57921,3707136
fuzzydedup,4,0,enron_full_374736,exact_ref,4127.693,1,0,64570,4132672
fuzzydedup,5,0,enron_full_374736,exact_ref,5732.437,1,0,75252,4816320
fuzzydedup,6,0,enron_full_374736,exact_ref,5343.017,1,0,84838,5429824
fuzzydedup,5,0,enron_full_375606,exact_ref,4200.270,1,0,62079,3973248
fuzzydedup,6,0,enron_full_375606,exact_ref,5368.056,1,0,70637,4520960
fuzzydedup,4,0,enron_full_375606,exact_ref,3801.063,1,0,52493,3359744
fuzzydedup,6,0,enron_full_376013,exact_ref,236.393,1,0,2759,176768
fuzzydedup,4,0,enron_full_376013,exact_ref,154.202,1,0,1778,113984
fuzzydedup,5,0,enron_full_376013,exact_ref,176.028,1,0,2282,146240
fuzzydedup,4,0,enron_full_376710,exact_ref,5074.673,1,0,69573,4452864
fuzzydedup,5,0,enron_full_376710,exact_ref,6328.965,1,0,85484,5471168
fuzzydedup,6,0,enron_full_376710,exact_ref,6627.331,1,0,101703,6509184
fuzzydedup,5,0,enron_full_377221,exact_ref,5284.746,1,0,87259,5584768
fuzzydedup,6,0,enron_full_377221,exact_ref,6902.624,1,0,100607,6439040
fuzzydedup,4,0,enron_full_377221,exact_ref,4763.611,1,0,73437,4700160
fuzzydedup,6,0,enron_full_377377,exact_ref,2348.732,1,0,33601,2150656
fuzzydedup,4,0,enron_full_377377,exact_ref,1595.703,1,0,20747,1328000
fuzzydedup,5,0,enron_full_377377,exact_ref,1959.770,1,0,26827,1717120
fuzzydedup,4,0,enron_full_378712,exact_ref,6024.253,1,0,75452,4829120
fuzzydedup,5,0,enron_full_378712,exact_ref,6012.236,1,0,91424,5851328
fuzzydedup,6,0,enron_full_378712,exact_ref,6514.865,1,0,106957,6845440
fuzzydedup,5,0,enron_full_378826,exact_ref,4342.491,1,0,57788,3698624
fuzzydedup,6,0,enron_full_378826,exact_ref,3962.721,1,0,64010,4096832
fuzzydedup,4,0,enron_full_378826,exact_ref,2791.590,1,0,50358,3223104
fuzzydedup,6,0,enron_full_379382,exact_ref,6745.126,1,0,101705,6509312
fuzzydedup,4,0,enron_full_379382,exact_ref,5830.552,1,0,70664,4522688
fuzzydedup,5,0,enron_full_379382,exact_ref,5700.291,1,0,86197,5516800
fuzzydedup,4,0,enron_full_379515,exact_ref,3653.184,1,0,60018,3841344
fuzzydedup,5,0,enron_full_379515,exact_ref,4377.738,1,0,69604,4454848
fuzzydedup,6,0,enron_full_379515,exact_ref,4504.157,1,0,78162,5002560
fuzzydedup,5,0,enron_full_380183,exact_ref,4612.647,1,0,65464,4189888
fuzzydedup,6,0,enron_full_380183,exact_ref,6272.801,1,0,80725,5166592
fuzzydedup,4,0,enron_full_380183,exact_ref,3966.583,1,0,50752,3248320
fuzzydedup,6,0,enron_full_380419,exact_ref,4856.672,1,0,90835,5813632
fuzzydedup,4,0,enron_full_380419,exact_ref,3743.151,1,0,68346,4374336
fuzzydedup,5,0,enron_full_380419,exact_ref,4782.837,1,0,80153,5129984
fuzzydedup,4,0,enron_full_380667,exact_ref,3229.060,1,0,50330,3221312
fuzzydedup,5,0,enron_full_380667,exact_ref,3111.884,1,0,57760,3696832
fuzzydedup,6,0,enron_full_380667,exact_ref,3324.409,1,0,63982,4095040
fuzzydedup,5,0,enron_full_381275,exact_ref,4739.177,1,0,65388,4185024
fuzzydedup,6,0,enron_full_381275,exact_ref,6164.515,1,0,80649,5161728
fuzzydedup,4,0,enron_full_381275,exact_ref,3435.651,1,0,50676,3243456
fuzzydedup,6,0,enron_full_381430,exact_ref,814.269,1,0,10256,656576
fuzzydedup,4,0,enron_full_381430,exact_ref,682.519,1,0,8991,575616
fuzzydedup,5,0,enron_full_381430,exact_ref,648.876,1,0,9697,620800
fuzzydedup,4,0,enron_full_381540,exact_ref,5618.352,1,0,75559,4835968
fuzzydedup,5,0,enron_full_381540,exact_ref,5895.674,1,0,91067,5828480
fuzzydedup,6,0,enron_full_381540,exact_ref,6497.208,1,0,105450,6748992
fuzzydedup,5,0,enron_full_381912,exact_ref,1104.620,1,0,10709,685568
fuzzydedup,6,0,enron_full_381912,exact_ref,1457.759,1,0,13395,857472
fuzzydedup,4,0,enron_full_381912,exact_ref,1187.783,1,0,8358,535104
fuzzydedup,6,0,enron_full_382401,no_exact_ref,10207.369,0,7,172289,11026496
fuzzydedup,4,0,enron_full_382401,no_exact_ref,7980.744,0,5,121972,7806208
fuzzydedup,5,0,enron_full_382401,no_exact_ref,8693.522,0,6,147636,9448704
fuzzydedup,4,0,enron_full_382476,exact_ref,3923.652,1,0,60048,3843264
fuzzydedup,5,0,enron_full_382476,exact_ref,4701.637,1,0,69634,4456768
fuzzydedup,6,0,enron_full_382476,exact_ref,4706.955,1,0,78192,5004480
fuzzydedup,5,0,enron_full_382877,exact_ref,5878.539,1,0,83725,5358592
fuzzydedup,6,0,enron_full_382877,exact_ref,7250.244,1,0,99233,6351104
fuzzydedup,4,0,enron_full_382877,exact_ref,5020.453,1,0,68192,4364480
fuzzydedup,6,0,enron_full_384162,no_exact_ref,9087.030,0,7,169255,10832320
fuzzydedup,4,0,enron_full_384162,no_exact_ref,6896.556,0,5,120641,7721024
fuzzydedup,5,0,enron_full_384162,no_exact_ref,6833.046,0,6,145606,9318784
fuzzydedup,4,0,enron_full_384461,exact_ref,1923.787,1,0,23458,1501504
fuzzydedup,5,0,enron_full_384461,exact_ref,2268.238,1,0,30232,1935040
fuzzydedup,6,0,enron_full_384461,exact_ref,2844.578,1,0,37684,2411968
fuzzydedup,5,0,enron_full_384653,exact_ref,3441.912,1,0,51353,3286784
fuzzydedup,6,0,enron_full_384653,exact_ref,3619.069,1,0,63047,4035200
fuzzydedup,4,0,enron_full_384653,exact_ref,2530.931,1,0,40302,2579520
fuzzydedup,6,0,enron_full_384988,exact_ref,4566.885,1,0,64301,4115456
fuzzydedup,4,0,enron_full_384988,exact_ref,3344.491,1,0,50649,3241728
fuzzydedup,5,0,enron_full_384988,exact_ref,3070.856,1,0,58079,3717248
fuzzydedup,4,0,enron_full_385098,exact_ref,711.358,1,0,9033,578304
fuzzydedup,5,0,enron_full_385098,exact_ref,691.657,1,0,9739,623488
fuzzydedup,6,0,enron_full_385098,exact_ref,651.713,1,0,10298,659264
fuzzydedup,5,0,enron_full_385839,exact_ref,3384.816,1,0,51328,3285184
fuzzydedup,6,0,enron_full_385839,exact_ref,4305.386,1,0,63022,4033600
fuzzydedup,4,0,enron_full_385839,exact_ref,3128.558,1,0,40277,2577920
fuzzydedup,6,0,enron_full_386188,no_exact_ref,4577.928,0,7,83781,5361984
fuzzydedup,4,0,enron_full_386188,no_exact_ref,3346.597,0,5,56325,3604800
fuzzydedup,5,0,enron_full_386188,no_exact_ref,4353.807,0,6,69703,4460992
fuzzydedup,4,0,enron_full_386616,no_exact_ref,6510.098,0,5,113227,7246528
fuzzydedup,5,0,enron_full_386616,no_exact_ref,6847.424,0,6,136629,8744320
fuzzydedup,6,0,enron_full_386616,no_exact_ref,9376.351,0,7,159258,10192576
fuzzydedup,5,0,enron_full_386731,no_exact_ref,7165.944,0,6,139663,8938432
fuzzydedup,6,0,enron_full_386731,no_exact_ref,9497.056,0,7,163334,10453376
fuzzydedup,4,0,enron_full_386731,no_exact_ref,6246.231,0,5,115506,7392384
fuzzydedup,6,0,enron_full_387578,exact_ref,6999.677,1,0,106426,6811456
fuzzydedup,4,0,enron_full_387578,exact_ref,5044.853,1,0,74047,4739200
fuzzydedup,5,0,enron_full_387578,exact_ref,5230.747,1,0,90454,5789248
fuzzydedup,4,0,enron_full_387701,no_exact_ref,7696.131,0,5,132999,8511936
fuzzydedup,5,0,enron_full_387701,no_exact_ref,8192.044,0,6,159592,10213888
fuzzydedup,6,0,enron_full_387701,no_exact_ref,10238.721,0,7,184939,11836096
fuzzydedup,5,0,enron_full_387952,no_exact_ref,6508.020,0,6,136629,8744256
fuzzydedup,6,0,enron_full_387952,no_exact_ref,9100.388,0,7,159258,10192512
fuzzydedup,4,0,enron_full_387952,no_exact_ref,5812.862,0,5,113227,7246528
fuzzydedup,6,0,enron_full_388565,exact_ref,5959.982,1,0,82006,5248576
fuzzydedup,4,0,enron_full_388565,exact_ref,3536.395,1,0,53097,3398400
fuzzydedup,5,0,enron_full_388565,exact_ref,4106.112,1,0,67294,4307008
fuzzydedup,4,0,enron_full_388921,exact_ref,2667.638,1,0,45007,2880640
fuzzydedup,5,0,enron_full_388921,exact_ref,2884.155,1,0,51229,3278848
fuzzydedup,6,0,enron_full_388921,exact_ref,3073.800,1,0,56877,3640320
fuzzydedup,5,0,enron_full_390158,exact_ref,6036.226,1,0,93158,5964096
fuzzydedup,6,0,enron_full_390158,exact_ref,5611.825,1,6,103917,6653184
fuzzydedup,4,0,enron_full_390158,exact_ref,5590.459,1,0,78775,5043072
fuzzydedup,6,0,enron_full_391047,exact_ref,5783.210,1,0,97952,6269120
fuzzydedup,4,0,enron_full_391047,exact_ref,4461.143,1,0,65573,4196864
fuzzydedup,5,0,enron_full_391047,exact_ref,6455.268,1,0,81980,5246912
fuzzydedup,4,0,enron_full_391217,no_exact_ref,7907.375,0,5,133491,8543424
fuzzydedup,5,0,enron_full_391217,no_exact_ref,9022.145,0,6,160514,10272896
fuzzydedup,6,0,enron_full_391217,no_exact_ref,9997.788,0,7,186103,11910592
fuzzydedup,5,0,enron_full_391486,no_exact_ref,1614.631,0,6,25187,1611968
fuzzydedup,6,0,enron_full_391486,no_exact_ref,1779.612,0,7,31685,2027840
fuzzydedup,4,0,enron_full_391486,no_exact_ref,1332.029,0,5,19159,1226176
fuzzydedup,6,0,enron_full_391746,no_exact_ref,2271.347,0,7,31685,2027840
fuzzydedup,4,0,enron_full_391746,no_exact_ref,1300.981,0,5,19159,1226176
fuzzydedup,5,0,enron_full_391746,no_exact_ref,1533.150,0,6,25187,1611968
fuzzydedup,4,0,enron_full_392955,exact_ref,1191.842,1,0,14188,908224
fuzzydedup,5,0,enron_full_392955,exact_ref,1021.659,1,0,15730,1006912
fuzzydedup,6,0,enron_full_392955,exact_ref,919.198,1,0,16845,1078272
fuzzydedup,5,0,enron_full_393136,no_exact_ref,4397.762,0,6,77432,4955648
fuzzydedup,6,0,enron_full_393136,no_exact_ref,5240.668,0,7,92448,5916672
fuzzydedup,4,0,enron_full_393136,no_exact_ref,4158.392,0,5,62545,4002880
fuzzydedup,6,0,enron_full_393487,exact_ref,6754.786,1,0,106811,6836096
fuzzydedup,4,0,enron_full_393487,exact_ref,5335.840,1,0,74432,4763840
fuzzydedup,5,0,enron_full_393487,exact_ref,6210.654,1,0,90839,5813888
fuzzydedup,4,0,enron_full_394271,exact_ref,4636.670,1,0,71556,4579776
fuzzydedup,5,0,enron_full_394271,exact_ref,5022.428,1,0,84904,5434048
fuzzydedup,6,0,enron_full_394271,exact_ref,6229.187,1,0,96711,6189696
fuzzydedup,5,0,enron_full_394331,exact_ref,3325.137,1,0,51517,3297280
fuzzydedup,6,0,enron_full_394331,exact_ref,3828.602,1,0,57165,3658752
fuzzydedup,4,0,enron_full_394331,exact_ref,3032.042,1,0,45295,2899072
fuzzydedup,6,0,enron_full_394348,exact_ref,7005.557,1,0,98169,6283008
fuzzydedup,4,0,enron_full_394348,exact_ref,4999.692,1,0,66497,4256000
fuzzydedup,5,0,enron_full_394348,exact_ref,6330.292,1,0,82258,5264704
fuzzydedup,4,0,enron_full_394407,no_exact_ref,8697.041,0,5,140955,9021120
fuzzydedup,5,0,enron_full_394407,no_exact_ref,10100.951,0,6,169489,10847296
fuzzydedup,6,0,enron_full_394407,no_exact_ref,10759.476,0,7,197034,12610176
fuzzydedup,5,0,enron_full_395301,exact_ref,5777.047,1,0,72699,4652928
fuzzydedup,6,0,enron_full_395301,exact_ref,5943.409,1,0,87960,5629632
fuzzydedup,4,0,enron_full_395301,exact_ref,3816.161,1,0,57987,3711360
fuzzydedup,6,0,enron_full_395725,no_exact_ref,6569.885,0,7,112519,7201216
fuzzydedup,4,0,enron_full_395725,no_exact_ref,4705.153,0,5,77883,4984512
fuzzydedup,5,0,enron_full_395725,no_exact_ref,5043.487,0,6,95188,6092032
fuzzydedup,4,0,enron_full_396292,exact_ref,4723.832,1,0,71471,4574592
fuzzydedup,5,0,enron_full_396292,exact_ref,5310.334,1,0,84819,5428864
fuzzydedup,6,0,enron_full_396292,exact_ref,5310.018,1,0,96626,6184512
fuzzydedup,5,0,enron_full_396812,exact_ref,1831.224,1,0,29871,1911936
fuzzydedup,6,0,enron_full_396812,exact_ref,1835.714,1,0,32260,2064832
fuzzydedup,4,0,enron_full_396812,exact_ref,1797.656,1,0,26923,1723264
fuzzydedup,6,0,enron_full_397391,exact_ref,1951.441,1,0,21139,1353088
fuzzydedup,4,0,enron_full_397391,exact_ref,1285.407,1,0,13107,839040
fuzzydedup,5,0,enron_full_397391,exact_ref,1549.427,1,0,16943,1084544
fuzzydedup,4,0,enron_full_397879,exact_ref,3863.977,1,0,53256,3408576
fuzzydedup,5,0,enron_full_397879,exact_ref,4107.775,1,0,67453,4317184
fuzzydedup,6,0,enron_full_397879,exact_ref,5757.182,1,0,82165,5258752
fuzzydedup,5,0,enron_full_398718,exact_ref,4435.540,1,0,67481,4318976
fuzzydedup,6,0,enron_full_398718,exact_ref,5414.909,1,0,82193,5260544
fuzzydedup,4,0,enron_full_398718,exact_ref,3364.793,1,0,53284,3410368
fuzzydedup,6,0,enron_full_399591,no_exact_ref,10879.110,0,7,194887,12472832
fuzzydedup,4,0,enron_full_399591,no_exact_ref,8579.767,0,5,139973,8958272
fuzzydedup,5,0,enron_full_399591,no_exact_ref,9131.464,0,6,168810,10803904
fuzzydedup,4,0,enron_full_399779,no_exact_ref,7849.672,0,5,141284,9042176
fuzzydedup,5,0,enron_full_399779,no_exact_ref,9235.431,0,6,169864,10871296
fuzzydedup,6,0,enron_full_399779,no_exact_ref,9864.133,0,7,197015,12608960
fuzzydedup,5,0,enron_full_399917,no_exact_ref,9135.211,0,6,169864,10871296
fuzzydedup,6,0,enron_full_399917,no_exact_ref,10439.806,0,7,197015,12608960
fuzzydedup,4,0,enron_full_399917,no_exact_ref,7503.365,0,5,141284,9042176
fuzzydedup,6,0,enron_full_400523,exact_ref,5734.285,1,0,89587,5733760
fuzzydedup,4,0,enron_full_400523,exact_ref,4457.121,1,0,62417,3994880
fuzzydedup,5,0,enron_full_400523,exact_ref,4383.771,1,0,76239,4879488
fuzzydedup,4,0,enron_full_401763,no_exact_ref,7369.376,0,5,139516,8929024
fuzzydedup,5,0,enron_full_401763,no_exact_ref,8868.256,0,6,168125,10760000
fuzzydedup,6,0,enron_full_401763,no_exact_ref,9778.218,0,7,194644,12457216
fuzzydedup,5,0,enron_full_401798,no_exact_ref,8049.331,0,6,160514,10272896
fuzzydedup,6,0,enron_full_401798,no_exact_ref,9782.932,0,7,186103,11910592
fuzzydedup,4,0,enron_full_401798,no_exact_ref,7367.467,0,5,133491,8543424
fuzzydedup,6,0,enron_full_402233,exact_ref,3293.284,1,0,59386,3800896
fuzzydedup,4,0,enron_full_402233,exact_ref,2999.973,1,0,47516,3041216
fuzzydedup,5,0,enron_full_402233,exact_ref,3211.586,1,0,53738,3439424
fuzzydedup,4,0,enron_full_402310,exact_ref,4054.105,1,0,71697,4588800
fuzzydedup,5,0,enron_full_402310,exact_ref,4324.413,1,0,85045,5443072
fuzzydedup,6,0,enron_full_402310,exact_ref,5266.345,1,0,96852,6198720
fuzzydedup,5,0,enron_full_403001,exact_ref,5738.065,1,0,92265,5905152
fuzzydedup,6,0,enron_full_403001,exact_ref,5837.661,1,0,107773,6897664
fuzzydedup,4,0,enron_full_403001,exact_ref,5069.506,1,0,76732,4911040
fuzzydedup,6,0,enron_full_403036,exact_ref,6548.934,1,0,107191,6860416
fuzzydedup,4,0,enron_full_403036,exact_ref,4928.734,1,0,74812,4788160
fuzzydedup,5,0,enron_full_403036,exact_ref,5728.424,1,0,91219,5838208
fuzzydedup,4,0,enron_full_403180,exact_ref,4717.305,1,0,71896,4601536
fuzzydedup,5,0,enron_full_403180,exact_ref,5034.126,1,0,85244,5455808
fuzzydedup,6,0,enron_full_403180,exact_ref,5524.474,1,0,97051,6211456
fuzzydedup,5,0,enron_full_404066,exact_ref,248.957,1,0,2821,180736
fuzzydedup,6,0,enron_full_404066,exact_ref,236.915,1,0,3457,221440
fuzzydedup,4,0,enron_full_404066,exact_ref,175.951,1,0,2222,142400
fuzzydedup,6,0,enron_full_405218,exact_ref,2023.729,1,0,31152,1993920
fuzzydedup,4,0,enron_full_405218,exact_ref,1773.241,1,0,25815,1652352
fuzzydedup,5,0,enron_full_405218,exact_ref,1855.924,1,0,28763,1841024
fuzzydedup,4,0,enron_full_405288,exact_ref,4847.025,1,0,74158,4746304
fuzzydedup,5,0,enron_full_405288,exact_ref,5275.417,1,0,87980,5630912
fuzzydedup,6,0,enron_full_405288,exact_ref,5749.945,1,0,101328,6485184
fuzzydedup,5,0,enron_full_405421,exact_ref,3881.632,1,0,64823,4148864
fuzzydedup,6,0,enron_full_405421,exact_ref,4142.142,1,0,72253,4624384
fuzzydedup,4,0,enron_full_405421,exact_ref,3412.061,1,0,56265,3601152
fuzzydedup,6,0,enron_full_406531,exact_ref,6211.962,1,0,98289,6290688
fuzzydedup,4,0,enron_full_406531,exact_ref,4816.757,1,0,66617,4263680
fuzzydedup,5,0,enron_full_406531,exact_ref,5254.438,1,0,82378,5272384
fuzzydedup,4,0,enron_full_407210,exact_ref,1629.702,1,0,21528,1377984
fuzzydedup,5,0,enron_full_407210,exact_ref,1674.292,1,0,23917,1530880
fuzzydedup,6,0,enron_full_407210,exact_ref,1683.256,1,0,25732,1647040
fuzzydedup,5,0,enron_full_407416,exact_ref,4850.816,1,0,80943,5180544
fuzzydedup,6,0,enron_full_407416,exact_ref,5217.507,1,0,91625,5864192
fuzzydedup,4,0,enron_full_407416,exact_ref,4988.865,1,0,69136,4424896
fuzzydedup,6,0,enron_full_407459,exact_ref,622.749,1,0,4992,319680
fuzzydedup,4,0,enron_full_407459,exact_ref,568.483,1,0,4336,277696
fuzzydedup,5,0,enron_full_407459,exact_ref,569.349,1,0,4716,302016
fuzzydedup,4,0,enron_full_407590,exact_ref,381.312,1,0,1526,97856
fuzzydedup,5,0,enron_full_407590,exact_ref,368.044,1,0,1610,103232
fuzzydedup,6,0,enron_full_407590,exact_ref,369.648,1,0,1699,108928
fuzzydedup,5,0,enron_full_407747,exact_ref,6010.367,1,0,92244,5903808
fuzzydedup,6,0,enron_full_407747,exact_ref,6612.637,1,0,107752,6896320
fuzzydedup,4,0,enron_full_407747,exact_ref,5101.730,1,0,76711,4909696
fuzzydedup,6,0,enron_full_408988,exact_ref,6311.181,1,0,95942,6140480
fuzzydedup,4,0,enron_full_408988,exact_ref,4889.246,1,0,64901,4153856
fuzzydedup,5,0,enron_full_408988,exact_ref,5358.433,1,0,80434,5147968
fuzzydedup,4,0,enron_full_409260,exact_ref,1566.562,1,0,20943,1340544
fuzzydedup,5,0,enron_full_409260,exact_ref,1799.365,1,0,27023,1729664
fuzzydedup,6,0,enron_full_409260,exact_ref,2231.513,1,0,33797,2163200
fuzzydedup,5,0,enron_full_409276,exact_ref,5460.147,1,0,87986,5631296
fuzzydedup,6,0,enron_full_409276,exact_ref,5173.515,1,0,101334,6485568
fuzzydedup,4,0,enron_full_409276,exact_ref,4174.446,1,0,74164,4746688
fuzzydedup,6,0,enron_full_409720,exact_ref,4368.100,1,0,79004,5056448
fuzzydedup,4,0,enron_full_409720,exact_ref,3781.435,1,0,60860,3895232
fuzzydedup,5,0,enron_full_409720,exact_ref,3920.972,1,0,70446,4508736
fuzzydedup,4,0,enron_full_409761,exact_ref,4288.909,1,0,71807,4595840
fuzzydedup,5,0,enron_full_409761,exact_ref,4658.867,1,0,85155,5450112
fuzzydedup,6,0,enron_full_409761,exact_ref,5444.712,1,0,96962,6205760
fuzzydedup,5,0,enron_full_410980,no_exact_ref,5539.737,0,6,103384,6616576
fuzzydedup,6,0,enron_full_410980,no_exact_ref,7145.211,0,7,123332,7893248
fuzzydedup,4,0,enron_full_410980,no_exact_ref,4778.446,0,5,84127,5384128
fuzzydedup,6,0,enron_full_411073,no_exact_ref,7397.072,0,7,148499,9503936
fuzzydedup,4,0,enron_full_411073,no_exact_ref,5979.010,0,5,105124,6727936
fuzzydedup,5,0,enron_full_411073,no_exact_ref,6587.050,0,6,126879,8120256
fuzzydedup,4,0,enron_full_411853,exact_ref,3216.644,1,0,49138,3145024
fuzzydedup,5,0,enron_full_411853,exact_ref,3842.640,1,0,62467,3998208
fuzzydedup,6,0,enron_full_411853,exact_ref,4754.147,1,0,76664,4906816
fuzzydedup,5,0,enron_full_412435,exact_ref,4466.761,1,0,73301,4691456
fuzzydedup,6,0,enron_full_412435,exact_ref,4950.711,1,0,88562,5668160
fuzzydedup,4,0,enron_full_412435,exact_ref,3855.998,1,0,58589,3749888
fuzzydedup,6,0,enron_full_412836,exact_ref,5969.278,1,0,100211,6413696
fuzzydedup,4,0,enron_full_412836,exact_ref,4592.585,1,0,70320,4500672
fuzzydedup,5,0,enron_full_412836,exact_ref,5335.506,1,0,85828,5493184
fuzzydedup,4,0,enron_full_414414,exact_ref,3309.834,1,0,51542,3298880
fuzzydedup,5,0,enron_full_414414,exact_ref,3576.515,1,0,58972,3774400
fuzzydedup,6,0,enron_full_414414,exact_ref,3791.143,1,0,65194,4172608
fuzzydedup,5,0,enron_full_414620,exact_ref,3312.710,1,0,44043,2818944
fuzzydedup,6,0,enron_full_414620,exact_ref,3924.017,1,0,55094,3526208
fuzzydedup,4,0,enron_full_414620,exact_ref,2774.384,1,0,33987,2175360
fuzzydedup,6,0,enron_full_414624,no_exact_ref,10444.609,0,7,194644,12457216
fuzzydedup,4,0,enron_full_414624,no_exact_ref,8050.899,0,5,139516,8929024
fuzzydedup,5,0,enron_full_414624,no_exact_ref,9041.881,0,6,168125,10760000
fuzzydedup,4,0,enron_full_415032,exact_ref,2097.378,1,0,30991,1983616
fuzzydedup,5,0,enron_full_415032,exact_ref,2171.543,1,0,34474,2206528
fuzzydedup,6,0,enron_full_415032,exact_ref,2255.064,1,0,37422,2395200
fuzzydedup,5,0,enron_full_415416,exact_ref,4061.429,1,0,62427,3995520
fuzzydedup,6,0,enron_full_415416,exact_ref,4316.872,1,0,76624,4904128
fuzzydedup,4,0,enron_full_415416,exact_ref,3452.628,1,0,49098,3142464
fuzzydedup,6,0,enron_full_415425,exact_ref,4588.799,1,0,79541,5090816
fuzzydedup,4,0,enron_full_415425,exact_ref,3777.445,1,0,61397,3929600
fuzzydedup,5,0,enron_full_415425,exact_ref,4090.091,1,0,70983,4543104
fuzzydedup,4,0,enron_full_415589,exact_ref,4596.818,1,0,72330,4629312
fuzzydedup,5,0,enron_full_415589,exact_ref,4923.540,1,0,85678,5483584
fuzzydedup,6,0,enron_full_415589,exact_ref,5477.176,1,0,97485,6239232
fuzzydedup,5,0,enron_full_416173,no_exact_ref,6848.845,0,6,126879,8120256
fuzzydedup,6,0,enron_full_416173,no_exact_ref,7923.435,0,7,148499,9503936
fuzzydedup,4,0,enron_full_416173,no_exact_ref,5889.723,0,5,105124,6727936
fuzzydedup,6,0,enron_full_416275,no_exact_ref,10407.349,0,7,186103,11910592
fuzzydedup,4,0,enron_full_416275,no_exact_ref,7897.934,0,5,133491,8543424
fuzzydedup,5,0,enron_full_416275,no_exact_ref,9190.732,0,6,160514,10272896
fuzzydedup,4,0,enron_full_417397,exact_ref,1250.612,1,0,14433,923904
fuzzydedup,5,0,enron_full_417397,exact_ref,1254.141,1,0,15975,1022592
fuzzydedup,6,0,enron_full_417397,exact_ref,1146.254,1,0,17090,1093952
fuzzydedup,5,0,enron_full_418145,exact_ref,2154.904,1,0,34501,2208256
fuzzydedup,6,0,enron_full_418145,exact_ref,2254.315,1,0,37449,2396928
fuzzydedup,4,0,enron_full_418145,exact_ref,1979.254,1,0,31018,1985344
fuzzydedup,6,0,enron_full_418173,exact_ref,4547.984,1,0,79684,5099968
fuzzydedup,4,0,enron_full_418173,exact_ref,3775.841,1,0,61540,3938752
fuzzydedup,5,0,enron_full_418173,exact_ref,3828.993,1,0,71126,4552256
fuzzydedup,4,0,enron_full_418938,exact_ref,3077.753,1,0,40815,2612352
fuzzydedup,5,0,enron_full_418938,exact_ref,3675.042,1,0,51866,3319616
fuzzydedup,6,0,enron_full_418938,exact_ref,4144.469,1,0,63560,4068032
fuzzydedup,5,0,enron_full_419715,exact_ref,2893.219,1,0,42046,2691136
fuzzydedup,6,0,enron_full_419715,exact_ref,3449.811,1,0,52102,3334720
fuzzydedup,4,0,enron_full_419715,exact_ref,2537.656,1,0,32601,2086656
fuzzydedup,6,0,enron_full_419787,exact_ref,3864.627,1,0,65173,4171264
fuzzydedup,4,0,enron_full_419787,exact_ref,3242.669,1,0,51521,3297536
fuzzydedup,5,0,enron_full_419787,exact_ref,3094.366,1,0,58951,3773056
fuzzydedup,4,0,enron_full_419936,exact_ref,2744.006,1,0,36753,2352384
fuzzydedup,5,0,enron_full_419936,exact_ref,3234.679,1,0,46809,2995968
fuzzydedup,6,0,enron_full_419936,exact_ref,3809.599,1,0,57860,3703232
fuzzydedup,5,0,enron_full_419992,exact_ref,4242.330,1,0,81231,5198976
fuzzydedup,6,0,enron_full_419992,exact_ref,4667.880,1,0,91913,5882624
fuzzydedup,4,0,enron_full_419992,exact_ref,4182.519,1,0,69424,4443328
fuzzydedup,6,0,enron_full_420340,exact_ref,6355.108,1,0,96483,6175104
fuzzydedup,4,0,enron_full_420340,exact_ref,4658.084,1,0,64978,4158784
fuzzydedup,5,0,enron_full_420340,exact_ref,5421.633,1,0,80950,5180992
fuzzydedup,4,0,enron_full_420635,exact_ref,4584.229,1,0,72276,4625856
fuzzydedup,5,0,enron_full_420635,exact_ref,4478.156,1,0,85624,5480128
fuzzydedup,6,0,enron_full_420635,exact_ref,4803.178,1,0,97431,6235776
fuzzydedup,5,0,enron_full_421070,no_exact_ref,8599.303,0,6,164671,10538944
fuzzydedup,6,0,enron_full_421070,no_exact_ref,8672.596,0,7,190614,12199296
fuzzydedup,4,0,enron_full_421070,no_exact_ref,7666.813,0,5,137103,8774592
fuzzydedup,6,0,enron_full_421581,no_exact_ref,9229.860,0,7,180015,11520960
fuzzydedup,4,0,enron_full_421581,no_exact_ref,7143.801,0,5,128135,8200640
fuzzydedup,5,0,enron_full_421581,no_exact_ref,7923.287,0,6,154598,9894272
fuzzydedup,4,0,enron_full_421659,no_exact_ref,1214.330,0,5,12834,821376
fuzzydedup,5,0,enron_full_421659,no_exact_ref,1303.943,0,6,15947,1020608
fuzzydedup,6,0,enron_full_421659,no_exact_ref,1631.359,0,7,19269,1233216
fuzzydedup,5,0,enron_full_422214,no_exact_ref,8821.709,0,6,169864,10871296
fuzzydedup,6,0,enron_full_422214,no_exact_ref,10170.555,0,7,197015,12608960
fuzzydedup,4,0,enron_full_422214,no_exact_ref,7164.043,0,5,141284,9042176
fuzzydedup,6,0,enron_full_422408,exact_ref,4501.485,1,0,79199,5068928
fuzzydedup,4,0,enron_full_422408,exact_ref,3481.856,1,0,58931,3771776
fuzzydedup,5,0,enron_full_422408,exact_ref,3873.171,1,0,69613,4455424
fuzzydedup,4,0,enron_full_423045,exact_ref,2420.156,1,0,36707,2349440
fuzzydedup,5,0,enron_full_423045,exact_ref,2779.611,1,0,46763,2993024
fuzzydedup,6,0,enron_full_423045,exact_ref,3567.011,1,0,57814,3700288
fuzzydedup,5,0,enron_full_423694,exact_ref,2481.925,1,0,40062,2564160
fuzzydedup,6,0,enron_full_423694,exact_ref,2245.924,1,0,43545,2787072
fuzzydedup,4,0,enron_full_423694,exact_ref,1911.745,1,0,35460,2269632
fuzzydedup,6,0,enron_full_423789,exact_ref,5600.604,1,0,106733,6831104
fuzzydedup,4,0,enron_full_423789,exact_ref,4491.866,1,0,76842,4918080
fuzzydedup,5,0,enron_full_423789,exact_ref,4834.432,1,0,92350,5910592
fuzzydedup,4,0,enron_full_424183,no_exact_ref,1660.759,1,4,5252,338752
fuzzydedup,5,0,enron_full_424183,no_exact_ref,2304.730,1,4,21471,1382912
fuzzydedup,6,0,enron_full_424183,no_exact_ref,2812.019,1,6,32732,2106048
fuzzydedup,5,0,enron_full_424691,exact_ref,4090.042,1,0,62269,3985408
fuzzydedup,6,0,enron_full_424691,exact_ref,4101.350,1,0,76466,4894016
fuzzydedup,4,0,enron_full_424691,exact_ref,2824.091,1,0,48940,3132352
fuzzydedup,6,0,enron_full_425035,exact_ref,4011.130,1,0,79392,5081280
fuzzydedup,4,0,enron_full_425035,exact_ref,3667.349,1,0,61248,3920064
fuzzydedup,5,0,enron_full_425035,exact_ref,3937.234,1,0,70834,4533568
fuzzydedup,4,0,enron_full_425166,exact_ref,4260.095,1,0,74617,4775680
fuzzydedup,5,0,enron_full_425166,exact_ref,4591.482,1,0,88439,5660288
fuzzydedup,6,0,enron_full_425166,exact_ref,5071.851,1,0,101787,6514560
fuzzydedup,5,0,enron_full_425789,exact_ref,2120.311,1,0,30538,1954624
fuzzydedup,6,0,enron_full_425789,exact_ref,1991.206,1,0,33486,2143296
fuzzydedup,4,0,enron_full_425789,exact_ref,1785.807,1,0,27055,1731712
fuzzydedup,6,0,enron_full_426054,exact_ref,897.807,1,0,8493,543744
fuzzydedup,4,0,enron_full_426054,exact_ref,688.547,1,0,5324,340928
fuzzydedup,5,0,enron_full_426054,exact_ref,723.935,1,0,6743,431744
fuzzydedup,4,0,enron_full_426288,exact_ref,2720.983,1,0,51310,3284032
fuzzydedup,5,0,enron_full_426288,exact_ref,3171.469,1,0,58740,3759552
fuzzydedup,6,0,enron_full_426288,exact_ref,3249.911,1,0,64962,4157760
fuzzydedup,5,0,enron_full_427733,exact_ref,2064.660,1,0,40139,2569088
fuzzydedup,6,0,enron_full_427733,exact_ref,2283.911,1,0,43622,2792000
fuzzydedup,4,0,enron_full_427733,exact_ref,1959.612,1,0,35537,2274560
fuzzydedup,6,0,enron_full_428515,exact_ref,414.571,1,0,3216,206016
fuzzydedup,4,0,enron_full_428515,exact_ref,377.454,1,0,2791,178816
fuzzydedup,5,0,enron_full_428515,exact_ref,385.531,1,0,3066,196416
fuzzydedup,4,0,enron_full_428895,exact_ref,2308.451,1,0,40324,2580928
fuzzydedup,5,0,enron_full_428895,exact_ref,2410.837,1,0,45972,2942400
fuzzydedup,6,0,enron_full_428895,exact_ref,2886.349,1,0,50574,3236928
fuzzydedup,5,0,enron_full_429441,no_exact_ref,8746.276,0,6,160514,10272896
fuzzydedup,6,0,enron_full_429441,no_exact_ref,10128.163,0,7,186103,11910592
fuzzydedup,4,0,enron_full_429441,no_exact_ref,7817.104,0,5,133491,8543424
fuzzydedup,6,0,enron_full_429986,no_exact_ref,6540.121,0,7,112816,7220224
fuzzydedup,4,0,enron_full_429986,no_exact_ref,4620.395,0,5,75858,4854912
fuzzydedup,5,0,enron_full_429986,no_exact_ref,5590.358,0,6,94423,6043072
fuzzydedup,4,0,enron_full_430065,no_exact_ref,8122.487,0,5,137769,8817216
fuzzydedup,5,0,enron_full_430065,no_exact_ref,9399.541,0,6,164996,10559744
fuzzydedup,6,0,enron_full_430065,no_exact_ref,9737.538,0,7,191555,12259520
fuzzydedup,5,0,enron_full_430260,no_exact_ref,2831.774,0,6,44800,2867392
fuzzydedup,6,0,enron_full_430260,no_exact_ref,3454.686,0,7,54205,3469312
fuzzydedup,4,0,enron_full_430260,no_exact_ref,2329.414,0,5,35794,2290816
fuzzydedup,6,0,enron_full_430592,no_exact_ref,9562.900,0,7,197034,12610176
fuzzydedup,4,0,enron_full_430592,no_exact_ref,7729.845,0,5,140955,9021120
fuzzydedup,5,0,enron_full_430592,no_exact_ref,8716.686,0,6,169489,10847296
fuzzydedup,4,0,enron_full_431423,no_exact_ref,6408.623,0,5,115506,7392384
fuzzydedup,5,0,enron_full_431423,no_exact_ref,7106.540,0,6,139663,8938432
fuzzydedup,6,0,enron_full_431423,no_exact_ref,8039.519,0,7,163334,10453376
fuzzydedup,5,0,enron_full_432116,exact_ref,4642.648,1,0,74595,4774272
fuzzydedup,6,0,enron_full_432116,exact_ref,4897.149,1,0,90356,5782976
fuzzydedup,4,0,enron_full_432116,exact_ref,3922.963,1,0,59334,3797568
fuzzydedup,6,0,enron_full_432508,exact_ref,6244.819,1,0,108652,6953920
fuzzydedup,4,0,enron_full_432508,exact_ref,4411.940,1,0,77611,4967296
fuzzydedup,5,0,enron_full_432508,exact_ref,5032.532,1,0,93144,5961408
fuzzydedup,4,0,enron_full_433686,exact_ref,3213.454,1,0,51733,3311104
fuzzydedup,5,0,enron_full_433686,exact_ref,3172.398,1,0,59163,3786624
fuzzydedup,6,0,enron_full_433686,exact_ref,3456.422,1,0,65385,4184832
fuzzydedup,5,0,enron_full_433711,exact_ref,1902.403,1,0,34538,2210624
fuzzydedup,6,0,enron_full_433711,exact_ref,1964.114,1,0,37486,2399296
fuzzydedup,4,0,enron_full_433711,exact_ref,1708.786,1,0,31055,1987712
fuzzydedup,6,0,enron_full_433823,exact_ref,5099.769,1,0,97759,6256768
fuzzydedup,4,0,enron_full_433823,exact_ref,4420.065,1,0,72604,4646848
fuzzydedup,5,0,enron_full_433823,exact_ref,4889.509,1,0,85952,5501120
fuzzydedup,4,0,enron_full_434515,exact_ref,4844.168,1,0,75285,4818432
fuzzydedup,5,0,enron_full_434515,exact_ref,5393.167,1,0,89107,5703040
fuzzydedup,6,0,enron_full_434515,exact_ref,5720.962,1,0,102455,6557312
fuzzydedup,5,0,enron_full_434661,exact_ref,5478.955,1,0,91592,5862080
fuzzydedup,6,0,enron_full_434661,exact_ref,6073.236,1,0,105414,6746688
fuzzydedup,4,0,enron_full_434661,exact_ref,4943.893,1,0,77209,4941568
fuzzydedup,6,0,enron_full_435743,exact_ref,5721.486,1,0,102359,6551168
fuzzydedup,4,0,enron_full_435743,exact_ref,4728.305,1,0,75189,4812288
fuzzydedup,5,0,enron_full_435743,exact_ref,5318.534,1,0,89011,5696896
fuzzydedup,4,0,enron_full_436019,no_exact_ref,7986.221,0,5,140955,9021120
fuzzydedup,5,0,enron_full_436019,no_exact_ref,9319.142,0,6,169489,10847296
fuzzydedup,6,0,enron_full_436019,no_exact_ref,10298.357,0,7,197034,12610176
fuzzydedup,5,0,enron_full_436309,no_exact_ref,5660.154,0,6,116994,7487616
fuzzydedup,6,0,enron_full_436309,no_exact_ref,6732.218,0,7,137129,8776256
fuzzydedup,4,0,enron_full_436309,no_exact_ref,5394.631,0,5,95838,6133632
fuzzydedup,6,0,enron_full_436431,no_exact_ref,10248.494,0,7,194644,12457280
fuzzydedup,4,0,enron_full_436431,no_exact_ref,7821.477,0,5,139516,8929024
fuzzydedup,5,0,enron_full_436431,no_exact_ref,8782.941,0,6,168125,10760064
fuzzydedup,4,0,enron_full_436454,no_exact_ref,7475.002,0,5,139973,8958272
fuzzydedup,5,0,enron_full_436454,no_exact_ref,8756.846,0,6,168810,10803840
fuzzydedup,6,0,enron_full_436454,no_exact_ref,9793.648,0,7,194887,12472768
fuzzydedup,5,0,enron_full_437873,exact_ref,5722.106,1,0,93104,5958848
fuzzydedup,6,0,enron_full_437873,exact_ref,5887.483,1,0,107487,6879360
fuzzydedup,4,0,enron_full_437873,exact_ref,5098.237,1,0,77596,4966336
fuzzydedup,6,0,enron_full_439573,no_exact_ref,10625.513,0,7,186103,11910656
fuzzydedup,4,0,enron_full_439573,no_exact_ref,7959.716,0,5,133491,8543424
fuzzydedup,5,0,enron_full_439573,no_exact_ref,9117.276,0,6,160514,10272896
fuzzydedup,4,0,enron_full_440276,no_exact_ref,3841.598,0,5,56325,3604800
fuzzydedup,5,0,enron_full_440276,no_exact_ref,4360.074,0,6,69703,4460992
fuzzydedup,6,0,enron_full_440276,no_exact_ref,5111.945,0,7,83781,5361984
fuzzydedup,5,0,enron_full_440707,exact_ref,5591.529,1,0,89193,5715392
fuzzydedup,6,0,enron_full_440707,exact_ref,5826.810,1,0,102541,6572544
fuzzydedup,4,0,enron_full_440707,exact_ref,4804.757,1,0,75371,4827904
fuzzydedup,6,0,enron_full_441744,exact_ref,6408.185,1,0,103461,6621696
fuzzydedup,4,0,enron_full_441744,exact_ref,4730.686,1,0,71331,4565376
fuzzydedup,5,0,enron_full_441744,exact_ref,5431.372,1,0,87242,5583680
fuzzydedup,4,0,enron_full_442093,exact_ref,256.769,1,0,2969,190208
fuzzydedup,5,0,enron_full_442093,exact_ref,259.877,1,0,3901,249856
fuzzydedup,6,0,enron_full_442093,exact_ref,789.486,1,0,4818,308544
fuzzydedup,5,0,enron_full_442322,no_exact_ref,6968.937,0,6,113036,7234304
fuzzydedup,6,0,enron_full_442322,no_exact_ref,7853.750,0,7,133357,8534848
fuzzydedup,4,0,enron_full_442322,no_exact_ref,5528.837,0,5,92244,5903616
fuzzydedup,6,0,enron_full_442524,exact_ref,6324.542,1,0,107706,6893376
fuzzydedup,4,0,enron_full_442524,exact_ref,5091.893,1,0,77815,4980352
fuzzydedup,5,0,enron_full_442524,exact_ref,5757.990,1,0,93323,5972864
fuzzydedup,4,0,enron_full_442558,exact_ref,3910.507,1,0,58860,3767232
fuzzydedup,5,0,enron_full_442558,exact_ref,4917.406,1,0,73572,4708800
fuzzydedup,6,0,enron_full_442558,exact_ref,5593.252,1,0,88833,5685504
fuzzydedup,5,0,enron_full_442662,exact_ref,5565.747,1,0,93321,5972736
fuzzydedup,6,0,enron_full_442662,exact_ref,5999.683,1,0,107704,6893248
fuzzydedup,4,0,enron_full_442662,exact_ref,5068.484,1,0,77813,4980224
fuzzydedup,6,0,enron_full_442954,exact_ref,2062.988,1,0,31707,2029440
fuzzydedup,4,0,enron_full_442954,exact_ref,1600.982,1,0,26370,1687872
fuzzydedup,5,0,enron_full_442954,exact_ref,1853.989,1,0,29318,1876544
fuzzydedup,4,0,enron_full_443309,exact_ref,910.985,1,0,8905,570112
fuzzydedup,5,0,enron_full_443309,exact_ref,1147.565,1,0,11591,742016
fuzzydedup,6,0,enron_full_443309,exact_ref,1270.165,1,0,14618,935744
fuzzydedup,5,0,enron_full_443772,exact_ref,3862.437,1,0,65937,4220160
fuzzydedup,6,0,enron_full_443772,exact_ref,3935.657,1,0,73367,4695680
fuzzydedup,4,0,enron_full_443772,exact_ref,3088.190,1,0,57379,3672448
fuzzydedup,6,0,enron_full_444240,exact_ref,5894.719,1,0,103505,6624512
fuzzydedup,4,0,enron_full_444240,exact_ref,4198.908,1,0,71375,4568192
fuzzydedup,5,0,enron_full_444240,exact_ref,4889.393,1,0,87286,5586496
fuzzydedup,4,0,enron_full_445163,no_exact_ref,6550.797,0,5,120641,7721024
fuzzydedup,5,0,enron_full_445163,no_exact_ref,7735.236,0,6,145606,9318784
fuzzydedup,6,0,enron_full_445163,no_exact_ref,8234.557,0,7,169255,10832320
fuzzydedup,5,0,enron_full_445774,exact_ref,4968.484,1,0,79671,5099136
fuzzydedup,6,0,enron_full_445774,exact_ref,6379.608,1,0,95643,6121408
fuzzydedup,4,0,enron_full_445774,exact_ref,4870.000,1,0,63264,4049088
fuzzydedup,6,0,enron_full_445830,no_exact_ref,10347.241,0,7,191555,12259520
fuzzydedup,4,0,enron_full_445830,no_exact_ref,7360.908,0,5,137769,8817216
fuzzydedup,5,0,enron_full_445830,no_exact_ref,8465.991,0,6,164996,10559744
fuzzydedup,4,0,enron_full_446457,no_exact_ref,7324.169,0,5,139516,8929536
fuzzydedup,5,0,enron_full_446457,no_exact_ref,8154.863,0,6,168125,10760512
fuzzydedup,6,0,enron_full_446457,no_exact_ref,10060.813,0,7,194644,12457920
fuzzydedup,5,0,enron_full_447336,exact_ref,5776.973,1,0,93489,5983488
fuzzydedup,6,0,enron_full_447336,exact_ref,6319.400,1,0,108997,6976000
fuzzydedup,4,0,enron_full_447336,exact_ref,4591.073,1,0,77956,4989376
fuzzydedup,6,0,enron_full_447596,no_exact_ref,6777.206,0,7,123332,7893248
fuzzydedup,4,0,enron_full_447596,no_exact_ref,4863.624,0,5,84127,5384128
fuzzydedup,5,0,enron_full_447596,no_exact_ref,5246.014,0,6,103384,6616576
fuzzydedup,4,0,enron_full_448246,exact_ref,3223.114,1,0,54486,3487296
fuzzydedup,5,0,enron_full_448246,exact_ref,3510.340,1,0,63044,4035008
fuzzydedup,6,0,enron_full_448246,exact_ref,4125.682,1,0,70474,4510528
fuzzydedup,5,0,enron_full_448315,no_exact_ref,3640.347,1,0,67627,4328320
fuzzydedup,6,0,enron_full_448315,no_exact_ref,4024.945,1,0,75057,4803840
fuzzydedup,4,0,enron_full_448315,no_exact_ref,3436.695,1,0,59069,3780608
fuzzydedup,6,0,enron_full_448897,exact_ref,1489.062,1,0,20405,1306112
fuzzydedup,4,0,enron_full_448897,exact_ref,1323.861,1,0,17048,1091264
fuzzydedup,5,0,enron_full_448897,exact_ref,1379.013,1,0,18863,1207424
fuzzydedup,4,0,enron_full_449771,no_exact_ref,5169.687,0,5,92244,5903616
fuzzydedup,5,0,enron_full_449771,no_exact_ref,6821.129,0,6,113036,7234304
fuzzydedup,6,0,enron_full_449771,no_exact_ref,7719.097,0,7,133357,8534848
fuzzydedup,5,0,enron_full_450293,exact_ref,6055.187,1,0,92834,5941568
fuzzydedup,6,0,enron_full_450293,exact_ref,6689.298,1,0,108367,6935680
fuzzydedup,4,0,enron_full_450293,exact_ref,4758.433,1,0,76862,4919360
fuzzydedup,6,0,enron_full_450584,no_exact_ref,5172.080,0,7,92448,5916864
fuzzydedup,4,0,enron_full_450584,no_exact_ref,3953.797,0,5,62545,4002880
fuzzydedup,5,0,enron_full_450584,no_exact_ref,4741.557,0,6,77432,4955712
fuzzydedup,4,0,enron_full_451624,exact_ref,3581.947,1,0,59477,3806720
fuzzydedup,5,0,enron_full_451624,exact_ref,5029.017,1,0,74189,4748288
fuzzydedup,6,0,enron_full_451624,exact_ref,5852.884,1,0,89450,5724992
fuzzydedup,5,0,enron_full_451708,exact_ref,1720.266,1,0,24502,1568320
fuzzydedup,6,0,enron_full_451708,exact_ref,1752.103,1,0,26317,1684480
fuzzydedup,4,0,enron_full_451708,exact_ref,1541.560,1,0,22113,1415424
fuzzydedup,6,0,enron_full_451980,no_exact_ref,10248.358,0,7,190614,12199296
fuzzydedup,4,0,enron_full_451980,no_exact_ref,7677.053,0,5,137103,8774592
fuzzydedup,5,0,enron_full_451980,no_exact_ref,8905.796,0,6,164671,10538944
fuzzydedup,4,0,enron_full_452075,exact_ref,2351.073,1,0,36162,2314560
fuzzydedup,5,0,enron_full_452075,exact_ref,2486.157,1,0,40764,2609088
fuzzydedup,6,0,enron_full_452075,exact_ref,2576.421,1,0,44247,2832000
fuzzydedup,5,0,enron_full_452624,exact_ref,5466.678,1,0,78918,5050944
fuzzydedup,6,0,enron_full_452624,exact_ref,5920.577,1,0,94679,6059648
fuzzydedup,4,0,enron_full_452624,exact_ref,4697.638,1,0,63657,4074240
fuzzydedup,6,0,enron_full_452665,exact_ref,6608.243,1,0,108403,6937984
fuzzydedup,4,0,enron_full_452665,exact_ref,4998.468,1,0,76024,4865728
fuzzydedup,5,0,enron_full_452665,exact_ref,5476.127,1,0,92431,5915776
fuzzydedup,4,0,enron_full_453158,exact_ref,3068.271,1,0,41103,2630784
fuzzydedup,5,0,enron_full_453158,exact_ref,3662.901,1,0,52154,3338048
fuzzydedup,6,0,enron_full_453158,exact_ref,4131.633,1,0,63848,4086464
fuzzydedup,5,0,enron_full_453577,exact_ref,4083.391,1,0,64659,4138368
fuzzydedup,6,0,enron_full_453577,exact_ref,5556.607,1,0,79371,5079936
fuzzydedup,4,0,enron_full_453577,exact_ref,3680.584,1,0,50462,3229760
fuzzydedup,6,0,enron_full_455974,no_exact_ref,3453.351,1,3,51141,3273216
fuzzydedup,4,0,enron_full_455974,no_exact_ref,2397.848,1,3,25986,1663296
fuzzydedup,5,0,enron_full_455974,no_exact_ref,2753.573,1,3,39334,2517568
fuzzydedup,4,0,enron_full_456283,no_exact_ref,180.985,0,5,1920,122880
fuzzydedup,5,0,enron_full_456283,no_exact_ref,193.286,0,6,2411,154304
fuzzydedup,6,0,enron_full_456283,no_exact_ref,216.076,0,7,2934,187776
fuzzydedup,5,0,enron_full_458074,no_exact_ref,8312.603,0,6,153267,9809088
fuzzydedup,6,0,enron_full_458074,no_exact_ref,9153.407,0,7,177736,11375104
fuzzydedup,4,0,enron_full_458074,no_exact_ref,7211.703,0,5,127462,8157568
fuzzydedup,6,0,enron_full_458660,no_exact_ref,369.938,0,7,5369,343616
fuzzydedup,4,0,enron_full_458660,no_exact_ref,252.820,0,5,3649,233536
fuzzydedup,5,0,enron_full_458660,no_exact_ref,287.028,0,6,4502,288128
fuzzydedup,4,0,enron_full_459917,no_exact_ref,7425.413,0,5,128135,8200640
fuzzydedup,5,0,enron_full_459917,no_exact_ref,8792.441,0,6,154598,9894272
fuzzydedup,6,0,enron_full_459917,no_exact_ref,9770.807,0,7,180015,11520960
fuzzydedup,5,0,enron_full_459959,no_exact_ref,2051.756,0,6,28110,1799040
fuzzydedup,6,0,enron_full_459959,no_exact_ref,2369.591,0,7,34498,2207872
fuzzydedup,4,0,enron_full_459959,no_exact_ref,1734.983,0,5,22576,1444864
fuzzydedup,6,0,enron_full_460573,exact_ref,5026.946,1,0,80559,5155968
fuzzydedup,4,0,enron_full_460573,exact_ref,3706.447,1,0,58070,3716672
fuzzydedup,5,0,enron_full_460573,exact_ref,4576.066,1,0,69877,4472320
fuzzydedup,4,0,enron_full_461053,exact_ref,5007.543,1,0,67926,4347456
fuzzydedup,5,0,enron_full_461053,exact_ref,5232.973,1,0,83687,5356160
fuzzydedup,6,0,enron_full_461053,exact_ref,5822.130,1,0,99598,6374464
fuzzydedup,5,0,enron_full_461203,no_exact_ref,9186.613,0,6,169864,10871296
fuzzydedup,6,0,enron_full_461203,no_exact_ref,10199.573,0,7,197015,12608960
fuzzydedup,4,0,enron_full_461203,no_exact_ref,7937.571,0,5,141284,9042176
fuzzydedup,6,0,enron_full_461474,no_exact_ref,4723.866,0,7,88518,5665152
fuzzydedup,4,0,enron_full_461474,no_exact_ref,3501.023,0,5,59159,3786176
fuzzydedup,5,0,enron_full_461474,no_exact_ref,3675.256,0,6,73355,4694720
fuzzydedup,4,0,enron_full_461621,exact_ref,4758.641,1,0,71964,4605888
fuzzydedup,5,0,enron_full_461621,exact_ref,5062.540,1,0,87875,5624192
fuzzydedup,6,0,enron_full_461621,exact_ref,6018.186,1,0,104094,6662208
fuzzydedup,5,0,enron_full_461648,exact_ref,2774.792,1,0,34325,2196992
fuzzydedup,6,0,enron_full_461648,exact_ref,2812.553,1,0,42571,2724736
fuzzydedup,4,0,enron_full_461648,exact_ref,1967.879,1,0,26873,1720064
fuzzydedup,6,0,enron_full_461948,exact_ref,6794.564,1,0,109738,7023424
fuzzydedup,4,0,enron_full_461948,exact_ref,4961.982,1,0,78697,5036800
fuzzydedup,5,0,enron_full_461948,exact_ref,5240.832,1,0,94230,6030912
fuzzydedup,4,0,enron_full_462616,exact_ref,2040.136,1,0,31697,2028800
fuzzydedup,5,0,enron_full_462616,exact_ref,2168.790,1,0,35180,2251712
fuzzydedup,6,0,enron_full_462616,exact_ref,2266.944,1,0,38128,2440384
fuzzydedup,5,0,enron_full_463151,exact_ref,5500.882,1,0,89947,5756800
fuzzydedup,6,0,enron_full_463151,exact_ref,5254.103,1,0,103295,6611072
fuzzydedup,4,0,enron_full_463151,exact_ref,4590.449,1,0,76125,4872192
fuzzydedup,6,0,enron_full_463936,exact_ref,3925.492,1,0,58359,3735168
fuzzydedup,4,0,enron_full_463936,exact_ref,2898.204,1,0,37252,2384320
fuzzydedup,5,0,enron_full_463936,exact_ref,3071.548,1,0,47308,3027904
fuzzydedup,4,0,enron_full_463955,exact_ref,3524.858,1,0,62518,4001344
fuzzydedup,5,0,enron_full_463955,exact_ref,4153.904,1,0,72104,4614848
fuzzydedup,6,0,enron_full_463955,exact_ref,4525.089,1,0,80662,5162560
fuzzydedup,5,0,enron_full_463976,exact_ref,3760.839,1,0,66395,4249472
fuzzydedup,6,0,enron_full_463976,exact_ref,3788.953,1,0,73825,4724992
fuzzydedup,4,0,enron_full_463976,exact_ref,3194.400,1,0,57837,3701760
fuzzydedup,6,0,enron_full_465574,exact_ref,3163.554,1,0,47738,3055424
fuzzydedup,4,0,enron_full_465574,exact_ref,2408.558,1,0,30047,1923200
fuzzydedup,5,0,enron_full_465574,exact_ref,2706.286,1,0,38293,2450944
fuzzydedup,4,0,enron_full_466018,exact_ref,3057.061,1,0,57934,3707968
fuzzydedup,5,0,enron_full_466018,exact_ref,3296.084,1,0,66492,4255680
fuzzydedup,6,0,enron_full_466018,exact_ref,4084.874,1,0,73922,4731200
fuzzydedup,5,0,enron_full_466387,exact_ref,3187.566,1,0,48379,3096448
fuzzydedup,6,0,enron_full_466387,exact_ref,3581.198,1,0,54601,3494656
fuzzydedup,4,0,enron_full_466387,exact_ref,3004.181,1,0,40949,2620928
fuzzydedup,6,0,enron_full_466533,exact_ref,1987.232,1,0,32041,2050816
fuzzydedup,4,0,enron_full_466533,exact_ref,1746.147,1,0,26704,1709248
fuzzydedup,5,0,enron_full_466533,exact_ref,1867.503,1,0,29652,1897920
fuzzydedup,4,0,enron_full_466708,exact_ref,2018.727,1,0,31729,2030848
fuzzydedup,5,0,enron_full_466708,exact_ref,2141.073,1,0,35212,2253760
fuzzydedup,6,0,enron_full_466708,exact_ref,2295.155,1,0,38160,2442432
fuzzydedup,5,0,enron_full_467278,exact_ref,4279.625,1,0,63005,4032512
fuzzydedup,6,0,enron_full_467278,exact_ref,4796.879,1,0,77202,4941120
fuzzydedup,4,0,enron_full_467278,exact_ref,3471.922,1,0,49676,3179456
fuzzydedup,6,0,enron_full_467576,exact_ref,6693.885,1,0,104214,6669888
fuzzydedup,4,0,enron_full_467576,exact_ref,5034.038,1,0,73173,4683264
fuzzydedup,5,0,enron_full_467576,exact_ref,5823.469,1,0,88706,5677376
fuzzydedup,4,0,enron_full_467913,exact_ref,3406.474,1,0,45483,2911104
fuzzydedup,5,0,enron_full_467913,exact_ref,3831.154,1,0,57177,3659520
fuzzydedup,6,0,enron_full_467913,exact_ref,4418.151,1,0,70506,4512576
fuzzydedup,5,0,enron_full_468001,exact_ref,164.224,1,0,1671,107136
fuzzydedup,6,0,enron_full_468001,exact_ref,162.846,1,0,2035,130432
fuzzydedup,4,0,enron_full_468001,exact_ref,126.194,1,0,1309,83968
fuzzydedup,6,0,enron_full_468241,exact_ref,3058.948,1,0,51591,3302016
fuzzydedup,4,0,enron_full_468241,exact_ref,2678.084,1,0,41341,2646016
fuzzydedup,5,0,enron_full_468241,exact_ref,2576.379,1,0,46989,3007488
fuzzydedup,4,0,enron_full_468948,exact_ref,873.918,1,0,9555,611712
fuzzydedup,5,0,enron_full_468948,exact_ref,1121.488,1,0,12241,783616
fuzzydedup,6,0,enron_full_468948,exact_ref,1247.520,1,0,15268,977344
fuzzydedup,5,0,enron_full_469104,exact_ref,3511.117,1,0,63565,4068352
fuzzydedup,6,0,enron_full_469104,exact_ref,4357.370,1,0,72123,4616064
fuzzydedup,4,0,enron_full_469104,exact_ref,3599.617,1,0,53979,3454848
fuzzydedup,6,0,enron_full_469441,exact_ref,3995.548,1,0,58361,3735296
fuzzydedup,4,0,enron_full_469441,exact_ref,2486.053,1,0,37254,2384448
fuzzydedup,5,0,enron_full_469441,exact_ref,3046.522,1,0,47310,3028032
fuzzydedup,4,0,enron_full_470510,exact_ref,867.785,1,0,6680,427712
fuzzydedup,5,0,enron_full_470510,exact_ref,926.040,1,0,8633,552704
fuzzydedup,6,0,enron_full_470510,exact_ref,1027.290,1,0,10865,695552
fuzzydedup,5,0,enron_full_471172,exact_ref,4299.477,1,0,72095,4614272
fuzzydedup,6,0,enron_full_471172,exact_ref,4207.131,1,0,80653,5161984
fuzzydedup,4,0,enron_full_471172,exact_ref,3340.631,1,0,62509,4000768
fuzzydedup,6,0,enron_full_472398,exact_ref,2809.612,1,0,38156,2442176
fuzzydedup,4,0,enron_full_472398,exact_ref,1842.788,1,0,23930,1531712
fuzzydedup,5,0,enron_full_472398,exact_ref,2102.729,1,0,30704,1965248
fuzzydedup,4,0,enron_full_473353,exact_ref,4439.036,1,0,74148,4745664
fuzzydedup,5,0,enron_full_473353,exact_ref,4469.101,1,0,87496,5599936
fuzzydedup,6,0,enron_full_473353,exact_ref,5207.393,1,0,99303,6355584
fuzzydedup,5,0,enron_full_473987,no_exact_ref,3526.957,0,6,50020,3201280
fuzzydedup,6,0,enron_full_473987,no_exact_ref,3929.071,0,7,60498,3871872
fuzzydedup,4,0,enron_full_473987,no_exact_ref,2378.702,0,5,40217,2573888
fuzzydedup,6,0,enron_full_474902,exact_ref,6243.539,1,0,108836,6965696
fuzzydedup,4,0,enron_full_474902,exact_ref,5028.617,1,0,78945,5052672
fuzzydedup,5,0,enron_full_474902,exact_ref,5194.785,1,0,94453,6045184
fuzzydedup,4,0,enron_full_476646,exact_ref,3728.303,1,0,71621,4583936
fuzzydedup,5,0,enron_full_476646,exact_ref,4744.446,1,0,83428,5339584
fuzzydedup,6,0,enron_full_476646,exact_ref,4984.073,1,0,94110,6023232
fuzzydedup,5,0,enron_full_476866,exact_ref,4830.730,1,0,83565,5348352
fuzzydedup,6,0,enron_full_476866,exact_ref,5711.035,1,0,97387,6233344
fuzzydedup,4,0,enron_full_476866,exact_ref,4931.018,1,0,69182,4427840
fuzzydedup,6,0,enron_full_476952,exact_ref,1923.326,1,0,32227,2062720
fuzzydedup,4,0,enron_full_476952,exact_ref,1720.601,1,0,26890,1721152
fuzzydedup,5,0,enron_full_476952,exact_ref,1839.007,1,0,29838,1909824
fuzzydedup,4,0,enron_full_478933,no_exact_ref,8323.856,0,5,141284,9042176
fuzzydedup,5,0,enron_full_478933,no_exact_ref,8833.101,0,6,169864,10871296
fuzzydedup,6,0,enron_full_478933,no_exact_ref,10473.662,0,7,197015,12608960
fuzzydedup,5,0,enron_full_479947,no_exact_ref,2188.581,0,6,37900,2425600
fuzzydedup,6,0,enron_full_479947,no_exact_ref,2371.484,0,7,47017,3009088
fuzzydedup,4,0,enron_full_479947,no_exact_ref,1709.106,0,5,29764,1904896
fuzzydedup,6,0,enron_full_480468,no_exact_ref,8390.906,0,7,159258,10192512
fuzzydedup,4,0,enron_full_480468,no_exact_ref,5947.919,0,5,113227,7246528
fuzzydedup,5,0,enron_full_480468,no_exact_ref,7176.898,0,6,136629,8744256
fuzzydedup,4,0,enron_full_480848,exact_ref,4159.501,1,0,71338,4565824
fuzzydedup,5,0,enron_full_480848,exact_ref,4753.414,1,0,83145,5321472
fuzzydedup,6,0,enron_full_480848,exact_ref,5194.088,1,0,93827,6005120
fuzzydedup,5,0,enron_full_481384,exact_ref,5007.076,1,0,87260,5584832
fuzzydedup,6,0,enron_full_481384,exact_ref,5538.255,1,0,99067,6340480
fuzzydedup,4,0,enron_full_481384,exact_ref,4572.835,1,0,73912,4730560
fuzzydedup,6,0,enron_full_481691,exact_ref,6337.469,1,0,108686,6956096
fuzzydedup,4,0,enron_full_481691,exact_ref,5179.110,1,0,78795,5043072
fuzzydedup,5,0,enron_full_481691,exact_ref,5788.411,1,0,94303,6035584
fuzzydedup,4,0,enron_full_481940,exact_ref,4862.902,1,0,72159,4618368
fuzzydedup,5,0,enron_full_481940,exact_ref,5577.146,1,0,88070,5636672
fuzzydedup,6,0,enron_full_481940,exact_ref,6314.371,1,0,104289,6674688
fuzzydedup,5,0,enron_full_482039,exact_ref,3389.140,1,0,53267,3409280
fuzzydedup,6,0,enron_full_482039,exact_ref,3385.681,1,0,58915,3770752
fuzzydedup,4,0,enron_full_482039,exact_ref,2936.390,1,0,47045,3011072
fuzzydedup,6,0,enron_full_482398,no_exact_ref,7789.003,0,7,148499,9503936
fuzzydedup,4,0,enron_full_482398,no_exact_ref,5863.317,0,5,105124,6727936
fuzzydedup,5,0,enron_full_482398,no_exact_ref,6616.591,0,6,126879,8120256
fuzzydedup,4,0,enron_full_482679,no_exact_ref,1564.608,0,5,24248,1551872
fuzzydedup,5,0,enron_full_482679,no_exact_ref,1914.928,0,6,31029,1985856
fuzzydedup,6,0,enron_full_482679,no_exact_ref,2243.231,0,7,38839,2485696
fuzzydedup,5,0,enron_full_482700,exact_ref,5391.123,1,0,92684,5931968
fuzzydedup,6,0,enron_full_482700,exact_ref,6148.414,1,0,106506,6816576
fuzzydedup,4,0,enron_full_482700,exact_ref,5048.527,1,0,78301,5011456
fuzzydedup,6,0,enron_full_482778,exact_ref,5329.420,1,0,85152,5449920
fuzzydedup,4,0,enron_full_482778,exact_ref,4159.212,1,0,62663,4010624
fuzzydedup,5,0,enron_full_482778,exact_ref,4633.091,1,0,74470,4766272
fuzzydedup,4,0,enron_full_482919,exact_ref,3556.912,1,0,58135,3720832
fuzzydedup,5,0,enron_full_482919,exact_ref,3951.926,1,0,66693,4268544
fuzzydedup,6,0,enron_full_482919,exact_ref,4213.023,1,0,74123,4744064
fuzzydedup,5,0,enron_full_483941,exact_ref,5720.649,1,0,92721,5934336
fuzzydedup,6,0,enron_full_483941,exact_ref,6325.555,1,0,106543,6818944
fuzzydedup,4,0,enron_full_483941,exact_ref,5074.654,1,0,78338,5013824
fuzzydedup,6,0,enron_full_484013,exact_ref,5252.126,1,0,85227,5454720
fuzzydedup,4,0,enron_full_484013,exact_ref,4198.412,1,0,62738,4015424
fuzzydedup,5,0,enron_full_484013,exact_ref,4691.581,1,0,74545,4771072
fuzzydedup,4,0,enron_full_485161,exact_ref,5279.443,1,0,78282,5010240
fuzzydedup,5,0,enron_full_485161,exact_ref,5643.519,1,0,94254,6032448
fuzzydedup,6,0,enron_full_485161,exact_ref,6504.740,1,0,109787,7026560
fuzzydedup,5,0,enron_full_485319,exact_ref,1738.047,1,0,24781,1586176
fuzzydedup,6,0,enron_full_485319,exact_ref,1644.422,1,0,26596,1702336
fuzzydedup,4,0,enron_full_485319,exact_ref,1558.247,1,0,22392,1433280
fuzzydedup,6,0,enron_full_485507,no_exact_ref,10068.845,0,7,190614,12199296
fuzzydedup,4,0,enron_full_485507,no_exact_ref,7175.732,0,5,137103,8774592
fuzzydedup,5,0,enron_full_485507,no_exact_ref,8944.621,0,6,164671,10538944
fuzzydedup,4,0,enron_full_485652,no_exact_ref,1093.582,0,5,10047,643008
fuzzydedup,5,0,enron_full_485652,no_exact_ref,1100.115,0,6,12599,806336
fuzzydedup,6,0,enron_full_485652,no_exact_ref,1229.227,0,7,15381,984384
fuzzydedup,5,0,enron_full_485802,no_exact_ref,5880.273,0,6,116994,7487616
fuzzydedup,6,0,enron_full_485802,no_exact_ref,7394.405,0,7,137129,8776256
fuzzydedup,4,0,enron_full_485802,no_exact_ref,5481.257,0,5,95838,6133632
fuzzydedup,6,0,enron_full_486590,exact_ref,171.389,1,0,1316,84416
fuzzydedup,4,0,enron_full_486590,exact_ref,100.357,1,0,856,54976
fuzzydedup,5,0,enron_full_486590,exact_ref,121.887,1,0,1068,68544
fuzzydedup,4,0,enron_full_486718,exact_ref,5302.753,1,0,78707,5037440
fuzzydedup,5,0,enron_full_486718,exact_ref,5983.718,1,0,94679,6059648
fuzzydedup,6,0,enron_full_486718,exact_ref,6712.545,1,0,110212,7053760
fuzzydedup,5,0,enron_full_487009,no_exact_ref,5327.044,0,6,95188,6092032
fuzzydedup,6,0,enron_full_487009,no_exact_ref,6106.882,0,7,112519,7201216
fuzzydedup,4,0,enron_full_487009,no_exact_ref,4467.990,0,5,77883,4984512
fuzzydedup,6,0,enron_full_487095,no_exact_ref,9562.766,0,7,177736,11375104
fuzzydedup,4,0,enron_full_487095,no_exact_ref,7252.850,0,5,127462,8157568
fuzzydedup,5,0,enron_full_487095,no_exact_ref,8549.246,0,6,153267,9809088
fuzzydedup,4,0,enron_full_487221,exact_ref,3032.267,1,0,47336,3029696
fuzzydedup,5,0,enron_full_487221,exact_ref,3234.367,1,0,53558,3427904
fuzzydedup,6,0,enron_full_487221,exact_ref,3326.187,1,0,59206,3789376
fuzzydedup,5,0,enron_full_488455,no_exact_ref,8353.159,0,6,153267,9809088
fuzzydedup,6,0,enron_full_488455,no_exact_ref,9454.579,0,7,177736,11375104
fuzzydedup,4,0,enron_full_488455,no_exact_ref,7404.550,0,5,127462,8157568
fuzzydedup,6,0,enron_full_488704,no_exact_ref,2615.249,1,4,37658,2412928
fuzzydedup,4,0,enron_full_488704,no_exact_ref,2100.424,1,4,29573,1893632
fuzzydedup,5,0,enron_full_488704,no_exact_ref,2202.812,1,4,34175,2189376
fuzzydedup,4,0,enron_full_489126,no_exact_ref,7278.308,0,5,127462,8157568
fuzzydedup,5,0,enron_full_489126,no_exact_ref,8437.657,0,6,153267,9809088
fuzzydedup,6,0,enron_full_489126,no_exact_ref,9584.614,0,7,177736,11375104
fuzzydedup,5,0,enron_full_490171,no_exact_ref,9607.287,0,6,169864,10871296
fuzzydedup,6,0,enron_full_490171,no_exact_ref,10871.202,0,7,197015,12608960
fuzzydedup,4,0,enron_full_490171,no_exact_ref,8447.851,0,5,141284,9042176
fuzzydedup,6,0,enron_full_490913,exact_ref,6824.076,1,0,103834,6645568
fuzzydedup,4,0,enron_full_490913,exact_ref,5013.201,1,0,71208,4557504
fuzzydedup,5,0,enron_full_490913,exact_ref,6488.405,1,0,87427,5595520
fuzzydedup,4,0,enron_full_491597,exact_ref,3730.853,1,0,58583,3749504
fuzzydedup,5,0,enron_full_491597,exact_ref,3748.976,1,0,67141,4297216
fuzzydedup,6,0,enron_full_491597,exact_ref,4139.516,1,0,74571,4772736
fuzzydedup,5,0,enron_full_491993,no_exact_ref,8413.324,0,6,131204,8397056
fuzzydedup,6,0,enron_full_491993,no_exact_ref,9552.962,0,7,153889,9848896
fuzzydedup,4,0,enron_full_491993,no_exact_ref,7230.432,0,5,107991,6911424
fuzzydedup,6,0,enron_full_492310,no_exact_ref,3989.186,0,7,67711,4333568
fuzzydedup,4,0,enron_full_492310,no_exact_ref,3238.851,0,5,44983,2878912
fuzzydedup,5,0,enron_full_492310,no_exact_ref,4365.392,0,6,55915,3578560
fuzzydedup,4,0,enron_full_492624,exact_ref,2908.516,1,0,39688,2540224
fuzzydedup,5,0,enron_full_492624,exact_ref,3216.738,1,0,45910,2938432
fuzzydedup,6,0,enron_full_492624,exact_ref,2902.293,1,0,51558,3299904
fuzzydedup,5,0,enron_full_492762,no_exact_ref,3290.853,0,6,63363,4055232
fuzzydedup,6,0,enron_full_492762,no_exact_ref,4761.854,0,7,76712,4909568
fuzzydedup,4,0,enron_full_492762,no_exact_ref,3078.808,0,5,50866,3255424
fuzzydedup,6,0,enron_full_493081,no_exact_ref,6866.253,0,7,125079,8005056
fuzzydedup,4,0,enron_full_493081,no_exact_ref,5568.670,0,5,87103,5574592
fuzzydedup,5,0,enron_full_493081,no_exact_ref,5876.984,0,6,106088,6789632
fuzzydedup,4,0,enron_full_493173,no_exact_ref,6944.545,0,5,107991,6911424
fuzzydedup,5,0,enron_full_493173,no_exact_ref,8664.987,0,6,131204,8397056
fuzzydedup,6,0,enron_full_493173,no_exact_ref,9015.189,0,7,153889,9848896
fuzzydedup,5,0,enron_full_494836,no_exact_ref,10267.500,0,6,169489,10848128
fuzzydedup,6,0,enron_full_494836,no_exact_ref,11377.595,0,7,197034,12611520
fuzzydedup,4,0,enron_full_494836,no_exact_ref,7689.291,0,5,140955,9021632
fuzzydedup,6,0,enron_full_495207,no_exact_ref,11791.548,0,7,194887,12472768
fuzzydedup,4,0,enron_full_495207,no_exact_ref,7968.728,0,5,139973,8958272
fuzzydedup,5,0,enron_full_495207,no_exact_ref,9946.609,0,6,168810,10803840
fuzzydedup,4,0,enron_full_496303,no_exact_ref,7264.176,0,5,133491,8543424
fuzzydedup,5,0,enron_full_496303,no_exact_ref,9220.586,0,6,160514,10272896
fuzzydedup,6,0,enron_full_496303,no_exact_ref,10006.101,0,7,186103,11910592
fuzzydedup,5,0,enron_full_497180,exact_ref,4168.072,1,0,73068,4676544
fuzzydedup,6,0,enron_full_497180,exact_ref,4420.613,1,0,81626,5224256
fuzzydedup,4,0,enron_full_497180,exact_ref,3687.673,1,0,63482,4063040
fuzzydedup,6,0,enron_full_498346,no_exact_ref,10667.622,0,7,197034,12610176
fuzzydedup,4,0,enron_full_498346,no_exact_ref,7663.930,0,5,140955,9021120
fuzzydedup,5,0,enron_full_498346,no_exact_ref,9192.100,0,6,169489,10847296
fuzzydedup,4,0,enron_full_498425,exact_ref,2721.906,1,0,42038,2690624
fuzzydedup,5,0,enron_full_498425,exact_ref,2808.200,1,0,47686,3052096
fuzzydedup,6,0,enron_full_498425,exact_ref,3413.800,1,0,52288,3346624
fuzzydedup,5,0,enron_full_498832,exact_ref,1724.390,1,0,12328,789184
fuzzydedup,6,0,enron_full_498832,exact_ref,1440.568,1,0,15355,982912
fuzzydedup,4,0,enron_full_498832,exact_ref,975.966,1,0,9642,617280
fuzzydedup,6,0,enron_full_499190,exact_ref,1410.934,1,0,16470,1054272
fuzzydedup,4,0,enron_full_499190,exact_ref,1169.746,1,0,10121,647936
fuzzydedup,5,0,enron_full_499190,exact_ref,1293.297,1,0,13148,841664
fuzzydedup,4,0,enron_full_499335,exact_ref,2228.325,1,0,32167,2058880
fuzzydedup,5,0,enron_full_499335,exact_ref,2217.538,1,0,35650,2281792
fuzzydedup,6,0,enron_full_499335,exact_ref,2283.283,1,0,38598,2470464
fuzzydedup,5,0,enron_full_500125,exact_ref,3040.999,1,0,41670,2667072
fuzzydedup,6,0,enron_full_500125,exact_ref,2689.309,1,0,45153,2889984
fuzzydedup,4,0,enron_full_500125,exact_ref,2242.128,1,0,37068,2372544
fuzzydedup,6,0,enron_full_500480,exact_ref,1138.294,1,0,12157,778240
fuzzydedup,4,0,enron_full_500480,exact_ref,902.282,1,0,7574,484928
fuzzydedup,5,0,enron_full_500480,exact_ref,1108.473,1,0,9806,627776
fuzzydedup,4,0,enron_full_500856,exact_ref,2557.621,1,0,32270,2065472
fuzzydedup,5,0,enron_full_500856,exact_ref,2600.070,1,0,37918,2426944
fuzzydedup,6,0,enron_full_500856,exact_ref,3306.065,1,0,42520,2721472
fuzzydedup,5,0,enron_full_501389,exact_ref,2798.274,1,0,47805,3059712
fuzzydedup,6,0,enron_full_501389,exact_ref,2917.330,1,0,52407,3354240
fuzzydedup,4,0,enron_full_501389,exact_ref,2752.527,1,0,42157,2698240
fuzzydedup,6,0,enron_full_501995,no_exact_ref,2298.503,1,0,38862,2487360
fuzzydedup,4,0,enron_full_501995,no_exact_ref,2000.980,1,0,32431,2075776
fuzzydedup,5,0,enron_full_501995,no_exact_ref,2366.461,1,0,35914,2298688
fuzzydedup,4,0,enron_full_503996,no_exact_ref,6470.395,0,5,105124,6727936
fuzzydedup,5,0,enron_full_503996,no_exact_ref,7154.093,0,6,126879,8120256
fuzzydedup,6,0,enron_full_503996,no_exact_ref,8517.778,0,7,148499,9503936
fuzzydedup,5,0,enron_full_504214,no_exact_ref,4609.250,0,6,69703,4460992
fuzzydedup,6,0,enron_full_504214,no_exact_ref,4978.578,0,7,83781,5361984
fuzzydedup,4,0,enron_full_504214,no_exact_ref,3780.576,0,5,56325,3604800
fuzzydedup,6,0,enron_full_504672,exact_ref,4167.772,1,0,64073,4100864
fuzzydedup,4,0,enron_full_504672,exact_ref,3360.834,1,0,48085,3077632
fuzzydedup,5,0,enron_full_504672,exact_ref,3447.206,1,0,56643,3625344
fuzzydedup,4,0,enron_full_506077,no_exact_ref,2892.808,0,5,50866,3255424
fuzzydedup,5,0,enron_full_506077,no_exact_ref,3583.763,0,6,63363,4055232
fuzzydedup,6,0,enron_full_506077,no_exact_ref,4131.184,0,7,76712,4909568
fuzzydedup,5,0,enron_full_506313,no_exact_ref,7574.135,0,6,122217,7821888
fuzzydedup,6,0,enron_full_506313,no_exact_ref,8218.288,0,7,144058,9219712
fuzzydedup,4,0,enron_full_506313,no_exact_ref,5909.104,0,5,100182,6411648
fuzzydedup,6,0,enron_full_506691,no_exact_ref,8646.003,0,7,169255,10832320
fuzzydedup,4,0,enron_full_506691,no_exact_ref,6243.217,0,5,120641,7721024
fuzzydedup,5,0,enron_full_506691,no_exact_ref,7014.783,0,6,145606,9318784
fuzzydedup,4,0,enron_full_506951,no_exact_ref,7200.709,0,5,132999,8511936
fuzzydedup,5,0,enron_full_506951,no_exact_ref,7946.181,0,6,159592,10213888
fuzzydedup,6,0,enron_full_506951,no_exact_ref,9261.669,0,7,184939,11836096
fuzzydedup,5,0,enron_full_508297,exact_ref,1400.432,1,0,17605,1126912
fuzzydedup,6,0,enron_full_508297,exact_ref,1842.201,1,0,22841,1462016
fuzzydedup,4,0,enron_full_508297,exact_ref,1244.044,1,0,13409,858368
fuzzydedup,6,0,enron_full_508633,no_exact_ref,1729.923,1,0,25171,1611136
fuzzydedup,4,0,enron_full_508633,no_exact_ref,1501.032,1,0,20967,1342080
fuzzydedup,5,0,enron_full_508633,no_exact_ref,1589.615,1,0,23356,1494976
fuzzydedup,4,0,enron_full_509309,exact_ref,3997.169,1,0,64987,4159360
fuzzydedup,5,0,enron_full_509309,exact_ref,4489.103,1,0,75669,4843008
fuzzydedup,6,0,enron_full_509309,exact_ref,4794.665,1,0,85255,5456512
fuzzydedup,5,0,enron_full_509898,exact_ref,3975.335,1,0,57854,3702848
fuzzydedup,6,0,enron_full_509898,exact_ref,4529.631,1,0,71183,4555968
fuzzydedup,4,0,enron_full_509898,exact_ref,3272.244,1,0,46160,2954432
fuzzydedup,6,0,enron_full_511005,exact_ref,2641.824,1,0,42212,2701888
fuzzydedup,4,0,enron_full_511005,exact_ref,2239.649,1,0,34127,2184320
fuzzydedup,5,0,enron_full_511005,exact_ref,2380.653,1,0,38729,2478976
fuzzydedup,4,0,enron_full_513543,no_exact_ref,6554.695,0,5,100182,6411648
fuzzydedup,5,0,enron_full_513543,no_exact_ref,7331.758,0,6,122217,7821888
fuzzydedup,6,0,enron_full_513543,no_exact_ref,8143.893,0,7,144058,9219712
fuzzydedup,5,0,enron_full_513857,exact_ref,5824.810,1,0,95447,6108800
fuzzydedup,6,0,enron_full_513857,exact_ref,6124.422,1,0,109830,7029312
fuzzydedup,4,0,enron_full_513857,exact_ref,4939.439,1,0,79939,5116288
fuzzydedup,6,0,enron_full_514823,no_exact_ref,5544.370,0,7,102455,6557120
fuzzydedup,4,0,enron_full_514823,no_exact_ref,3849.597,0,5,69400,4441600
fuzzydedup,5,0,enron_full_514823,no_exact_ref,4987.138,0,6,85290,5458560
fuzzydedup,4,0,enron_full_514984,exact_ref,2593.480,1,0,33360,2135232
fuzzydedup,5,0,enron_full_514984,exact_ref,2805.859,1,0,42805,2739712
fuzzydedup,6,0,enron_full_514984,exact_ref,3184.112,1,0,52861,3383296
fuzzydedup,5,0,enron_full_515092,no_exact_ref,8278.742,0,6,154598,9894272
fuzzydedup,6,0,enron_full_515092,no_exact_ref,9414.098,0,7,180015,11520960
fuzzydedup,4,0,enron_full_515092,no_exact_ref,7219.030,0,5,128135,8200640
fuzzydedup,6,0,enron_full_515627,no_exact_ref,9337.204,0,7,190614,12199296
fuzzydedup,4,0,enron_full_515627,no_exact_ref,7139.386,0,5,137103,8774592
fuzzydedup,5,0,enron_full_515627,no_exact_ref,8328.080,0,6,164671,10538944
fuzzydedup,4,0,enron_full_515714,no_exact_ref,6952.176,0,5,137103,8774592
fuzzydedup,5,0,enron_full_515714,no_exact_ref,8553.701,0,6,164671,10538944
fuzzydedup,6,0,enron_full_515714,no_exact_ref,10054.037,0,7,190614,12199296
fuzzydedup,5,0,enron_full_516032,exact_ref,4301.355,1,0,73585,4709632
fuzzydedup,6,0,enron_full_516032,exact_ref,4567.694,1,0,82143,5257344
fuzzydedup,4,0,enron_full_516032,exact_ref,3766.124,1,0,63999,4096128
fuzzydedup,6,0,enron_full_516843,no_exact_ref,9013.533,0,7,169255,10832320
fuzzydedup,4,0,enron_full_516843,no_exact_ref,6766.134,0,5,120641,7721024
fuzzydedup,5,0,enron_full_516843,no_exact_ref,7927.166,0,6,145606,9318784
fuzzydedup,4,0,enron_full_516871,no_exact_ref,5706.822,0,5,92244,5903616
fuzzydedup,5,0,enron_full_516871,no_exact_ref,7080.790,0,6,113036,7234304
fuzzydedup,6,0,enron_full_516871,no_exact_ref,7618.799,0,7,133357,8534848
fuzzydedup,5,1,enron_full_000202,exact_ref,4569.719,1,0,72621,4647936
fuzzydedup,6,1,enron_full_000202,exact_ref,5348.699,1,0,84428,5403584
fuzzydedup,4,1,enron_full_000202,exact_ref,4104.411,1,0,59273,3793664
fuzzydedup,6,1,enron_full_000664,exact_ref,631.672,1,0,6118,391744
fuzzydedup,4,1,enron_full_000664,exact_ref,551.739,1,0,5179,331648
fuzzydedup,5,1,enron_full_000664,exact_ref,567.815,1,0,5738,367424
fuzzydedup,4,1,enron_full_001289,no_exact_ref,3160.675,0,5,50202,3212928
fuzzydedup,5,1,enron_full_001289,no_exact_ref,3919.167,0,6,62674,4011136
fuzzydedup,6,1,enron_full_001289,no_exact_ref,4378.947,0,7,75416,4826624
fuzzydedup,5,1,enron_full_001379,no_exact_ref,7910.319,0,6,154598,9894272
fuzzydedup,6,1,enron_full_001379,no_exact_ref,9252.468,0,7,180015,11520960
fuzzydedup,4,1,enron_full_001379,no_exact_ref,6641.604,0,5,128135,8200640
fuzzydedup,6,1,enron_full_001488,no_exact_ref,9544.351,0,7,172289,11026496
fuzzydedup,4,1,enron_full_001488,no_exact_ref,6614.880,0,5,121972,7806208
fuzzydedup,5,1,enron_full_001488,no_exact_ref,7623.812,0,6,147636,9448704
fuzzydedup,4,1,enron_full_001525,exact_ref,1724.018,1,0,19975,1278592
fuzzydedup,5,1,enron_full_001525,exact_ref,1674.948,1,0,22923,1467264
fuzzydedup,6,1,enron_full_001525,exact_ref,1708.615,1,0,25312,1620160
fuzzydedup,5,1,enron_full_002220,exact_ref,176.240,1,0,2319,148608
fuzzydedup,6,1,enron_full_002220,exact_ref,203.290,1,0,2918,186944
fuzzydedup,4,1,enron_full_002220,exact_ref,174.434,1,0,1769,113408
fuzzydedup,6,1,enron_full_004616,exact_ref,4431.822,1,0,79639,5097088
fuzzydedup,4,1,enron_full_004616,exact_ref,3681.548,1,0,57150,3657792
fuzzydedup,5,1,enron_full_004616,exact_ref,4460.524,1,0,68957,4413440
fuzzydedup,4,1,enron_full_005913,exact_ref,853.886,1,0,8716,558016
fuzzydedup,5,1,enron_full_005913,exact_ref,783.552,1,0,9831,629376
fuzzydedup,6,1,enron_full_005913,exact_ref,797.825,1,0,10537,674560
fuzzydedup,5,1,enron_full_006211,exact_ref,1106.370,1,0,14537,930560
fuzzydedup,6,1,enron_full_006211,exact_ref,921.930,1,0,15652,1001920
fuzzydedup,4,1,enron_full_006211,exact_ref,901.876,1,0,12995,831872
fuzzydedup,6,1,enron_full_006276,exact_ref,860.513,1,0,8764,561088
fuzzydedup,4,1,enron_full_006276,exact_ref,674.302,1,0,5061,324096
fuzzydedup,5,1,enron_full_006276,exact_ref,753.413,1,0,6811,436096
fuzzydedup,4,1,enron_full_006379,no_exact_ref,6840.818,0,5,127462,8157568
fuzzydedup,5,1,enron_full_006379,no_exact_ref,7857.764,0,6,153267,9809088
fuzzydedup,6,1,enron_full_006379,no_exact_ref,8907.715,0,7,177736,11375104
fuzzydedup,5,1,enron_full_006771,exact_ref,3603.568,1,0,54073,3460864
fuzzydedup,6,1,enron_full_006771,exact_ref,4064.602,1,0,61503,3936384
fuzzydedup,4,1,enron_full_006771,exact_ref,3274.226,1,0,45515,2913152
fuzzydedup,6,1,enron_full_007411,no_exact_ref,11631.042,0,7,180015,11520960
fuzzydedup,4,1,enron_full_007411,no_exact_ref,10904.320,0,5,128135,8200640
fuzzydedup,5,1,enron_full_007411,no_exact_ref,10099.200,0,6,154598,9894272
fuzzydedup,4,1,enron_full_008064,exact_ref,5032.443,1,0,64384,4120768
fuzzydedup,5,1,enron_full_008064,exact_ref,5629.805,1,0,79892,5113280
fuzzydedup,6,1,enron_full_008064,exact_ref,6150.896,1,0,94275,6033792
fuzzydedup,5,1,enron_full_008136,no_exact_ref,7164.392,0,6,113036,7234624
fuzzydedup,6,1,enron_full_008136,no_exact_ref,7965.354,0,7,133357,8535744
fuzzydedup,4,1,enron_full_008136,no_exact_ref,5559.072,0,5,92244,5903808
fuzzydedup,6,1,enron_full_008648,exact_ref,3748.143,1,0,54534,3490368
fuzzydedup,4,1,enron_full_008648,exact_ref,3110.620,1,0,40882,2616640
fuzzydedup,5,1,enron_full_008648,exact_ref,3385.646,1,0,48312,3092160
fuzzydedup,4,1,enron_full_008924,exact_ref,3852.993,1,0,53639,3433088
fuzzydedup,5,1,enron_full_008924,exact_ref,4262.343,1,0,64321,4116736
fuzzydedup,6,1,enron_full_008924,exact_ref,4629.995,1,0,73907,4730240
fuzzydedup,5,1,enron_full_009142,exact_ref,3024.409,1,0,42673,2731264
fuzzydedup,6,1,enron_full_009142,exact_ref,3121.964,1,0,48321,3092736
fuzzydedup,4,1,enron_full_009142,exact_ref,2622.863,1,0,36451,2333056
fuzzydedup,6,1,enron_full_009200,exact_ref,2060.323,1,0,30514,1953088
fuzzydedup,4,1,enron_full_009200,exact_ref,1868.844,1,0,24083,1541504
fuzzydedup,5,1,enron_full_009200,exact_ref,1953.036,1,0,27566,1764416
fuzzydedup,4,1,enron_full_009568,no_exact_ref,6382.968,0,5,113227,7246528
fuzzydedup,5,1,enron_full_009568,no_exact_ref,11030.432,0,6,136629,8744256
fuzzydedup,6,1,enron_full_009568,no_exact_ref,12331.868,0,7,159258,10192512
fuzzydedup,5,1,enron_full_009735,no_exact_ref,12637.468,0,6,159592,10213888
fuzzydedup,6,1,enron_full_009735,no_exact_ref,14119.592,0,7,184939,11836096
fuzzydedup,4,1,enron_full_009735,no_exact_ref,7860.831,0,5,132999,8511936
fuzzydedup,6,1,enron_full_011924,exact_ref,6266.408,1,0,95894,6137408
fuzzydedup,4,1,enron_full_011924,exact_ref,4444.563,1,0,63515,4065152
fuzzydedup,5,1,enron_full_011924,exact_ref,5096.957,1,0,79922,5115200
fuzzydedup,4,1,enron_full_012156,exact_ref,2486.816,1,0,25457,1629440
fuzzydedup,5,1,enron_full_012156,exact_ref,2769.413,1,0,33703,2157184
fuzzydedup,6,1,enron_full_012156,exact_ref,3241.798,1,0,43148,2761664
fuzzydedup,5,1,enron_full_012651,exact_ref,5087.339,1,0,78305,5011712
fuzzydedup,6,1,enron_full_012651,exact_ref,6174.754,1,0,94712,6061760
fuzzydedup,4,1,enron_full_012651,exact_ref,4419.770,1,0,62086,3973696
fuzzydedup,6,1,enron_full_013576,exact_ref,5417.369,1,0,95791,6130816
fuzzydedup,4,1,enron_full_013576,exact_ref,4244.523,1,0,63165,4042752
fuzzydedup,5,1,enron_full_013576,exact_ref,5387.802,1,0,79384,5080768
fuzzydedup,4,1,enron_full_013941,exact_ref,4268.948,1,0,61988,3967424
fuzzydedup,5,1,enron_full_013941,exact_ref,4774.192,1,0,78207,5005440
fuzzydedup,6,1,enron_full_013941,exact_ref,6307.578,1,0,94614,6055488
fuzzydedup,5,1,enron_full_014539,exact_ref,1596.836,1,0,19674,1259328
fuzzydedup,6,1,enron_full_014539,exact_ref,1809.012,1,0,24734,1583168
fuzzydedup,4,1,enron_full_014539,exact_ref,1333.066,1,0,14438,924224
fuzzydedup,6,1,enron_full_014678,exact_ref,4164.197,1,0,69989,4479488
fuzzydedup,4,1,enron_full_014678,exact_ref,3336.657,1,0,42463,2717824
fuzzydedup,5,1,enron_full_014678,exact_ref,3999.681,1,0,55792,3570880
fuzzydedup,4,1,enron_full_015568,exact_ref,2407.493,1,0,25483,1631104
fuzzydedup,5,1,enron_full_015568,exact_ref,2644.287,1,0,33729,2158848
fuzzydedup,6,1,enron_full_015568,exact_ref,2917.566,1,0,43174,2763328
fuzzydedup,5,1,enron_full_015698,exact_ref,5086.234,1,0,73577,4709120
fuzzydedup,6,1,enron_full_015698,exact_ref,5913.951,1,0,89488,5727424
fuzzydedup,4,1,enron_full_015698,exact_ref,4024.323,1,0,57816,3700416
fuzzydedup,6,1,enron_full_016017,exact_ref,5254.537,1,0,89472,5726400
fuzzydedup,4,1,enron_full_016017,exact_ref,4479.654,1,0,57800,3699392
fuzzydedup,5,1,enron_full_016017,exact_ref,4858.309,1,0,73561,4708096
fuzzydedup,4,1,enron_full_017189,exact_ref,4249.504,1,0,61726,3950656
fuzzydedup,5,1,enron_full_017189,exact_ref,5104.062,1,0,75548,4835264
fuzzydedup,6,1,enron_full_017189,exact_ref,5442.286,1,0,88896,5689536
fuzzydedup,5,1,enron_full_018163,no_exact_ref,1030.818,0,6,15488,991232
fuzzydedup,6,1,enron_full_018163,no_exact_ref,1217.502,0,7,20240,1295360
fuzzydedup,4,1,enron_full_018163,no_exact_ref,829.025,0,5,11730,750720
fuzzydedup,6,1,enron_full_018755,exact_ref,6215.584,1,0,96124,6152128
fuzzydedup,4,1,enron_full_018755,exact_ref,4904.455,1,0,65083,4165504
fuzzydedup,5,1,enron_full_018755,exact_ref,4894.507,1,0,80616,5159616
fuzzydedup,4,1,enron_full_019153,exact_ref,520.585,1,0,3982,255040
fuzzydedup,5,1,enron_full_019153,exact_ref,480.709,1,0,4362,279360
fuzzydedup,6,1,enron_full_019153,exact_ref,492.689,1,0,4638,297024
fuzzydedup,5,1,enron_full_019201,exact_ref,4619.192,1,0,81504,5216448
fuzzydedup,6,1,enron_full_019201,exact_ref,5943.349,1,0,97415,6234752
fuzzydedup,4,1,enron_full_019201,exact_ref,4443.409,1,0,65743,4207744
fuzzydedup,6,1,enron_full_019604,no_exact_ref,9877.282,0,7,194887,12472768
fuzzydedup,4,1,enron_full_019604,no_exact_ref,8229.817,0,5,139973,8958272
fuzzydedup,5,1,enron_full_019604,no_exact_ref,9360.959,0,6,168810,10803840
fuzzydedup,4,1,enron_full_019949,exact_ref,4939.623,1,0,65087,4165760
fuzzydedup,5,1,enron_full_019949,exact_ref,5611.307,1,0,80620,5159872
fuzzydedup,6,1,enron_full_019949,exact_ref,6289.723,1,0,96128,6152384
fuzzydedup,5,1,enron_full_020401,no_exact_ref,6418.540,0,6,116994,7487616
fuzzydedup,6,1,enron_full_020401,no_exact_ref,6945.598,0,7,137129,8776256
fuzzydedup,4,1,enron_full_020401,no_exact_ref,5410.664,0,5,95838,6133632
fuzzydedup,6,1,enron_full_020951,exact_ref,4448.050,1,0,74282,4754240
fuzzydedup,4,1,enron_full_020951,exact_ref,3698.986,1,0,54014,3457088
fuzzydedup,5,1,enron_full_020951,exact_ref,4196.033,1,0,64696,4140736
fuzzydedup,4,1,enron_full_021195,exact_ref,3763.545,1,0,46513,2977024
fuzzydedup,5,1,enron_full_021195,exact_ref,4038.014,1,0,60710,3885632
fuzzydedup,6,1,enron_full_021195,exact_ref,4955.060,1,0,75422,4827200
fuzzydedup,5,1,enron_full_021224,exact_ref,2426.176,1,4,21471,1382912
fuzzydedup,6,1,enron_full_021224,exact_ref,3299.953,1,6,32732,2106048
fuzzydedup,4,1,enron_full_021224,exact_ref,1894.824,1,4,5252,338752
fuzzydedup,6,1,enron_full_021900,exact_ref,416.900,1,0,1768,113344
fuzzydedup,4,1,enron_full_021900,exact_ref,367.645,1,0,1534,98368
fuzzydedup,5,1,enron_full_021900,exact_ref,320.011,1,0,1684,107968
fuzzydedup,4,1,enron_full_022531,exact_ref,3962.123,1,0,60470,3870272
fuzzydedup,5,1,enron_full_022531,exact_ref,5003.203,1,0,76381,4888576
fuzzydedup,6,1,enron_full_022531,exact_ref,5828.964,1,0,92600,5926592
fuzzydedup,5,1,enron_full_022683,exact_ref,3688.893,1,0,54618,3495744
fuzzydedup,6,1,enron_full_022683,exact_ref,3738.057,1,0,62048,3971264
fuzzydedup,4,1,enron_full_022683,exact_ref,2770.870,1,0,46060,2948032
fuzzydedup,6,1,enron_full_022865,exact_ref,5563.942,1,0,92429,5915648
fuzzydedup,4,1,enron_full_022865,exact_ref,4609.134,1,0,64224,4110528
fuzzydedup,5,1,enron_full_022865,exact_ref,4680.584,1,0,78607,5031040
fuzzydedup,4,1,enron_full_022972,exact_ref,2420.983,1,0,36928,2363584
fuzzydedup,5,1,enron_full_022972,exact_ref,2725.727,1,0,43150,2761792
fuzzydedup,6,1,enron_full_022972,exact_ref,3067.827,1,0,48798,3123264
fuzzydedup,5,1,enron_full_024952,no_exact_ref,136.319,0,6,1290,82560
fuzzydedup,6,1,enron_full_024952,no_exact_ref,125.531,0,7,1550,99200
fuzzydedup,4,1,enron_full_024952,no_exact_ref,117.508,0,5,1057,67648
fuzzydedup,6,1,enron_full_025050,exact_ref,5919.428,1,0,94907,6074240
fuzzydedup,4,1,enron_full_025050,exact_ref,4297.097,1,0,62281,3986176
fuzzydedup,5,1,enron_full_025050,exact_ref,5408.138,1,0,78500,5024192
fuzzydedup,4,1,enron_full_026603,exact_ref,4363.490,1,0,60003,3840384
fuzzydedup,5,1,enron_full_026603,exact_ref,4344.414,1,0,73351,4694656
fuzzydedup,6,1,enron_full_026603,exact_ref,4511.298,1,0,85158,5450304
fuzzydedup,5,1,enron_full_026721,exact_ref,3382.881,1,0,46563,2980288
fuzzydedup,6,1,enron_full_026721,exact_ref,3782.275,1,0,58257,3728704
fuzzydedup,4,1,enron_full_026721,exact_ref,2663.192,1,0,35512,2273024
fuzzydedup,6,1,enron_full_027643,exact_ref,2375.449,1,0,36385,2328832
fuzzydedup,4,1,enron_full_027643,exact_ref,1862.218,1,0,28300,1811392
fuzzydedup,5,1,enron_full_027643,exact_ref,2079.922,1,0,32902,2105920
fuzzydedup,4,1,enron_full_027693,exact_ref,3161.413,1,0,39131,2504576
fuzzydedup,5,1,enron_full_027693,exact_ref,3532.197,1,0,50825,3252992
fuzzydedup,6,1,enron_full_027693,exact_ref,4111.722,1,0,64154,4106048
fuzzydedup,5,1,enron_full_027925,exact_ref,4449.257,1,0,65423,4187264
fuzzydedup,6,1,enron_full_027925,exact_ref,5580.000,1,0,80684,5163968
fuzzydedup,4,1,enron_full_027925,exact_ref,3829.194,1,0,50711,3245696
fuzzydedup,6,1,enron_full_028250,exact_ref,4812.834,1,0,85143,5449344
fuzzydedup,4,1,enron_full_028250,exact_ref,4061.193,1,0,59988,3839424
fuzzydedup,5,1,enron_full_028250,exact_ref,4502.626,1,0,73336,4693696
fuzzydedup,4,1,enron_full_028591,exact_ref,4888.901,1,0,64949,4156928
fuzzydedup,5,1,enron_full_028591,exact_ref,5150.887,1,0,80921,5179136
fuzzydedup,6,1,enron_full_028591,exact_ref,6217.447,1,0,96454,6173248
fuzzydedup,5,1,enron_full_028607,no_exact_ref,8186.386,0,6,168125,10760000
fuzzydedup,6,1,enron_full_028607,no_exact_ref,9362.002,0,7,194644,12457216
fuzzydedup,4,1,enron_full_028607,no_exact_ref,7067.974,0,5,139516,8929024
fuzzydedup,6,1,enron_full_029506,no_exact_ref,9515.459,0,7,191555,12259520
fuzzydedup,4,1,enron_full_029506,no_exact_ref,7540.087,0,5,137769,8817216
fuzzydedup,5,1,enron_full_029506,no_exact_ref,8784.611,0,6,164996,10559744
fuzzydedup,4,1,enron_full_030144,exact_ref,235.139,1,0,2293,146944
fuzzydedup,5,1,enron_full_030144,exact_ref,235.224,1,0,3055,195712
fuzzydedup,6,1,enron_full_030144,exact_ref,275.245,1,0,3987,255360
fuzzydedup,5,1,enron_full_031433,exact_ref,4728.396,1,0,76393,4889344
fuzzydedup,6,1,enron_full_031433,exact_ref,5033.350,1,0,92612,5927360
fuzzydedup,4,1,enron_full_031433,exact_ref,4328.290,1,0,60482,3871040
fuzzydedup,6,1,enron_full_031542,exact_ref,4681.285,1,0,74243,4751744
fuzzydedup,4,1,enron_full_031542,exact_ref,3832.654,1,0,53975,3454592
fuzzydedup,5,1,enron_full_031542,exact_ref,4259.886,1,0,64657,4138240
fuzzydedup,4,1,enron_full_031612,exact_ref,3907.873,1,0,50670,3243072
fuzzydedup,5,1,enron_full_031612,exact_ref,5051.660,1,0,65382,4184640
fuzzydedup,6,1,enron_full_031612,exact_ref,5676.147,1,0,80643,5161344
fuzzydedup,5,1,enron_full_031680,exact_ref,5450.592,1,0,78477,5022720
fuzzydedup,6,1,enron_full_031680,exact_ref,5725.161,1,0,92299,5907328
fuzzydedup,4,1,enron_full_031680,exact_ref,4606.193,1,0,64094,4102208
fuzzydedup,6,1,enron_full_032079,no_exact_ref,3919.020,0,7,76712,4909568
fuzzydedup,4,1,enron_full_032079,no_exact_ref,3032.063,0,5,50866,3255424
fuzzydedup,5,1,enron_full_032079,no_exact_ref,3573.361,0,6,63363,4055232
fuzzydedup,4,1,enron_full_032704,exact_ref,4844.355,1,0,62162,3978560
fuzzydedup,5,1,enron_full_032704,exact_ref,5447.479,1,0,78381,5016576
fuzzydedup,6,1,enron_full_032704,exact_ref,6356.984,1,0,94788,6066624
fuzzydedup,5,1,enron_full_033187,no_exact_ref,8351.751,0,6,147636,9448768
fuzzydedup,6,1,enron_full_033187,no_exact_ref,9629.255,0,7,172289,11026560
fuzzydedup,4,1,enron_full_033187,no_exact_ref,7181.855,0,5,121972,7806272
fuzzydedup,6,1,enron_full_033628,no_exact_ref,5724.133,1,0,91416,5850816
fuzzydedup,4,1,enron_full_033628,no_exact_ref,4546.454,1,0,60394,3865408
fuzzydedup,5,1,enron_full_033628,no_exact_ref,5262.164,1,0,75655,4842112
fuzzydedup,4,1,enron_full_034178,no_exact_ref,8325.490,0,5,139973,8958272
fuzzydedup,5,1,enron_full_034178,no_exact_ref,9142.626,0,6,168810,10803840
fuzzydedup,6,1,enron_full_034178,no_exact_ref,10542.544,0,7,194887,12472768
fuzzydedup,5,1,enron_full_034530,no_exact_ref,2466.460,0,6,35649,2281536
fuzzydedup,6,1,enron_full_034530,no_exact_ref,2770.383,0,7,43148,2761472
fuzzydedup,4,1,enron_full_034530,no_exact_ref,1930.588,0,5,28839,1845696
fuzzydedup,6,1,enron_full_035481,no_exact_ref,8636.059,0,7,159258,10192512
fuzzydedup,4,1,enron_full_035481,no_exact_ref,6352.231,0,5,113227,7246528
fuzzydedup,5,1,enron_full_035481,no_exact_ref,7379.641,0,6,136629,8744256
fuzzydedup,4,1,enron_full_035578,no_exact_ref,3517.526,0,5,50202,3212928
fuzzydedup,5,1,enron_full_035578,no_exact_ref,4064.401,0,6,62674,4011200
fuzzydedup,6,1,enron_full_035578,no_exact_ref,4544.757,0,7,75416,4826688
fuzzydedup,5,1,enron_full_035695,no_exact_ref,6098.490,0,6,103384,6616576
fuzzydedup,6,1,enron_full_035695,no_exact_ref,7473.653,0,7,123332,7893248
fuzzydedup,4,1,enron_full_035695,no_exact_ref,5157.412,0,5,84127,5384128
fuzzydedup,6,1,enron_full_035726,no_exact_ref,7320.814,0,7,137129,8776256
fuzzydedup,4,1,enron_full_035726,no_exact_ref,5405.347,0,5,95838,6133632
fuzzydedup,5,1,enron_full_035726,no_exact_ref,6232.137,0,6,116994,7487616
fuzzydedup,4,1,enron_full_035827,no_exact_ref,5539.004,0,5,113227,7246528
fuzzydedup,5,1,enron_full_035827,no_exact_ref,6775.539,0,6,136629,8744256
fuzzydedup,6,1,enron_full_035827,no_exact_ref,8023.026,0,7,159258,10192512
fuzzydedup,5,1,enron_full_035969,no_exact_ref,7397.742,0,6,153267,9809088
fuzzydedup,6,1,enron_full_035969,no_exact_ref,9139.205,0,7,177736,11375104
fuzzydedup,4,1,enron_full_035969,no_exact_ref,6596.121,0,5,127462,8157568
fuzzydedup,6,1,enron_full_035998,no_exact_ref,7202.364,0,7,137129,8776256
fuzzydedup,4,1,enron_full_035998,no_exact_ref,4924.227,0,5,95838,6133632
fuzzydedup,5,1,enron_full_035998,no_exact_ref,5668.585,0,6,116994,7487616
fuzzydedup,4,1,enron_full_038008,no_exact_ref,5752.923,0,5,92244,5903616
fuzzydedup,5,1,enron_full_038008,no_exact_ref,6840.067,0,6,113036,7234304
fuzzydedup,6,1,enron_full_038008,no_exact_ref,7621.278,0,7,133357,8534848
fuzzydedup,5,1,enron_full_040212,no_exact_ref,9042.532,0,6,164671,10538944
fuzzydedup,6,1,enron_full_040212,no_exact_ref,10275.130,0,7,190614,12199296
fuzzydedup,4,1,enron_full_040212,no_exact_ref,7192.164,0,5,137103,8774592
fuzzydedup,6,1,enron_full_040615,exact_ref,5969.814,1,0,96823,6196864
fuzzydedup,4,1,enron_full_040615,exact_ref,4709.406,1,0,65782,4210240
fuzzydedup,5,1,enron_full_040615,exact_ref,5021.096,1,0,81315,5204352
fuzzydedup,4,1,enron_full_041235,exact_ref,579.182,1,0,5365,343552
fuzzydedup,5,1,enron_full_041235,exact_ref,554.491,1,0,5924,379328
fuzzydedup,6,1,enron_full_041235,exact_ref,582.447,1,0,6304,403648
fuzzydedup,5,1,enron_full_042132,exact_ref,3380.076,1,0,54997,3520000
fuzzydedup,6,1,enron_full_042132,exact_ref,4050.606,1,0,62427,3995520
fuzzydedup,4,1,enron_full_042132,exact_ref,3326.976,1,0,46439,2972288
fuzzydedup,6,1,enron_full_045885,exact_ref,6191.127,1,0,95249,6096128
fuzzydedup,4,1,enron_full_045885,exact_ref,4814.759,1,0,65358,4183104
fuzzydedup,5,1,enron_full_045885,exact_ref,5398.123,1,0,80866,5175616
fuzzydedup,4,1,enron_full_046009,exact_ref,4348.602,1,0,65747,4208000
fuzzydedup,5,1,enron_full_046009,exact_ref,4965.596,1,0,81280,5202112
fuzzydedup,6,1,enron_full_046009,exact_ref,6149.142,1,0,96788,6194624
fuzzydedup,5,1,enron_full_046306,exact_ref,4777.292,1,0,79105,5062912
fuzzydedup,6,1,enron_full_046306,exact_ref,5157.884,1,0,92927,5947520
fuzzydedup,4,1,enron_full_046306,exact_ref,4687.291,1,0,64722,4142400
fuzzydedup,6,1,enron_full_046840,exact_ref,2725.973,1,0,35152,2249920
fuzzydedup,4,1,enron_full_046840,exact_ref,1776.761,1,0,20926,1339456
fuzzydedup,5,1,enron_full_046840,exact_ref,1944.843,1,0,27700,1772992
fuzzydedup,4,1,enron_full_047084,no_exact_ref,7453.128,0,5,137103,8774592
fuzzydedup,5,1,enron_full_047084,no_exact_ref,8927.618,0,6,164671,10538944
fuzzydedup,6,1,enron_full_047084,no_exact_ref,10033.810,0,7,190614,12199296
fuzzydedup,5,1,enron_full_047376,exact_ref,1884.020,1,0,23508,1504704
fuzzydedup,6,1,enron_full_047376,exact_ref,1909.356,1,0,25897,1657600
fuzzydedup,4,1,enron_full_047376,exact_ref,1644.846,1,0,20560,1316032
fuzzydedup,6,1,enron_full_047738,exact_ref,1940.809,1,0,24913,1594624
fuzzydedup,4,1,enron_full_047738,exact_ref,1383.494,1,0,14617,935680
fuzzydedup,5,1,enron_full_047738,exact_ref,1645.041,1,0,19853,1270784
fuzzydedup,4,1,enron_full_047772,no_exact_ref,7548.565,0,5,132999,8511936
fuzzydedup,5,1,enron_full_047772,no_exact_ref,8699.730,0,6,159592,10213888
fuzzydedup,6,1,enron_full_047772,no_exact_ref,9755.236,0,7,184939,11836096
fuzzydedup,5,1,enron_full_048185,no_exact_ref,9150.136,0,6,164996,10559744
fuzzydedup,6,1,enron_full_048185,no_exact_ref,10441.020,0,7,191555,12259520
fuzzydedup,4,1,enron_full_048185,no_exact_ref,7854.902,0,5,137769,8817216
fuzzydedup,6,1,enron_full_048713,no_exact_ref,4731.194,0,7,75416,4826624
fuzzydedup,4,1,enron_full_048713,no_exact_ref,3413.502,0,5,50202,3212928
fuzzydedup,5,1,enron_full_048713,no_exact_ref,3749.853,0,6,62674,4011136
fuzzydedup,4,1,enron_full_049016,no_exact_ref,1592.934,0,5,25353,1622592
fuzzydedup,5,1,enron_full_049016,no_exact_ref,2169.748,0,6,32008,2048512
fuzzydedup,6,1,enron_full_049016,no_exact_ref,2437.657,0,7,38406,2457984
fuzzydedup,5,1,enron_full_049875,no_exact_ref,9077.168,0,6,169489,10847296
fuzzydedup,6,1,enron_full_049875,no_exact_ref,9917.129,0,7,197034,12610176
fuzzydedup,4,1,enron_full_049875,no_exact_ref,7591.434,0,5,140955,9021120
fuzzydedup,6,1,enron_full_050163,exact_ref,3890.043,1,0,62605,4006912
fuzzydedup,4,1,enron_full_050163,exact_ref,3337.420,1,0,46617,2983680
fuzzydedup,5,1,enron_full_050163,exact_ref,3471.193,1,0,55175,3531392
fuzzydedup,4,1,enron_full_050258,exact_ref,4655.347,1,0,65960,4221632
fuzzydedup,5,1,enron_full_050258,exact_ref,5274.358,1,0,81493,5215744
fuzzydedup,6,1,enron_full_050258,exact_ref,6295.429,1,0,97001,6208256
fuzzydedup,5,1,enron_full_050705,no_exact_ref,8046.282,0,6,169489,10847296
fuzzydedup,6,1,enron_full_050705,no_exact_ref,9748.393,0,7,197034,12610176
fuzzydedup,4,1,enron_full_050705,no_exact_ref,7341.599,0,5,140955,9021120
fuzzydedup,6,1,enron_full_050719,no_exact_ref,10398.631,0,7,194887,12472768
fuzzydedup,4,1,enron_full_050719,no_exact_ref,8249.844,0,5,139973,8958272
fuzzydedup,5,1,enron_full_050719,no_exact_ref,9543.796,0,6,168810,10803840
fuzzydedup,4,1,enron_full_051118,no_exact_ref,7469.272,0,5,128135,8200640
fuzzydedup,5,1,enron_full_051118,no_exact_ref,8797.401,0,6,154598,9894272
fuzzydedup,6,1,enron_full_051118,no_exact_ref,9785.689,0,7,180015,11520960
fuzzydedup,5,1,enron_full_051633,no_exact_ref,6356.319,0,6,94423,6043072
fuzzydedup,6,1,enron_full_051633,no_exact_ref,6623.048,0,7,112816,7220224
fuzzydedup,4,1,enron_full_051633,no_exact_ref,4808.898,0,5,75858,4854912
fuzzydedup,6,1,enron_full_052109,exact_ref,4752.347,1,2,62589,4005888
fuzzydedup,4,1,enron_full_052109,exact_ref,2829.627,1,2,33680,2155712
fuzzydedup,5,1,enron_full_052109,exact_ref,3372.090,1,2,47877,3064320
fuzzydedup,4,1,enron_full_052243,exact_ref,4705.328,1,0,61533,3938304
fuzzydedup,5,1,enron_full_052243,exact_ref,5231.806,1,0,75355,4822912
fuzzydedup,6,1,enron_full_052243,exact_ref,5412.753,1,0,88703,5677184
fuzzydedup,5,1,enron_full_052699,no_exact_ref,8827.609,0,6,154598,9894272
fuzzydedup,6,1,enron_full_052699,no_exact_ref,9039.839,0,7,180015,11520960
fuzzydedup,4,1,enron_full_052699,no_exact_ref,7440.718,0,5,128135,8200640
fuzzydedup,6,1,enron_full_052941,no_exact_ref,6995.688,0,7,137129,8776256
fuzzydedup,4,1,enron_full_052941,no_exact_ref,5485.247,0,5,95838,6133632
fuzzydedup,5,1,enron_full_052941,no_exact_ref,5821.555,0,6,116994,7487616
fuzzydedup,4,1,enron_full_053517,no_exact_ref,5219.915,0,5,105124,6727936
fuzzydedup,5,1,enron_full_053517,no_exact_ref,6882.400,0,6,126879,8120256
fuzzydedup,6,1,enron_full_053517,no_exact_ref,7409.030,0,7,148499,9503936
fuzzydedup,5,1,enron_full_053522,no_exact_ref,5439.512,0,6,116994,7487616
fuzzydedup,6,1,enron_full_053522,no_exact_ref,7183.566,0,7,137129,8776256
fuzzydedup,4,1,enron_full_053522,no_exact_ref,5017.084,0,5,95838,6133632
fuzzydedup,6,1,enron_full_054174,no_exact_ref,9931.144,0,7,197034,12610176
fuzzydedup,4,1,enron_full_054174,no_exact_ref,8039.266,0,5,140955,9021120
fuzzydedup,5,1,enron_full_054174,no_exact_ref,9358.460,0,6,169489,10847296
fuzzydedup,4,1,enron_full_055270,no_exact_ref,8225.048,0,5,141284,9042176
fuzzydedup,5,1,enron_full_055270,no_exact_ref,9097.258,0,6,169864,10871296
fuzzydedup,6,1,enron_full_055270,no_exact_ref,10545.352,0,7,197015,12608960
fuzzydedup,5,1,enron_full_055462,exact_ref,5423.572,1,0,80400,5145792
fuzzydedup,6,1,enron_full_055462,exact_ref,6026.142,1,0,94222,6030400
fuzzydedup,4,1,enron_full_055462,exact_ref,4817.129,1,0,66017,4225280
fuzzydedup,6,1,enron_full_056138,exact_ref,6354.989,1,0,98191,6285952
fuzzydedup,4,1,enron_full_056138,exact_ref,4946.187,1,0,66686,4268864
fuzzydedup,5,1,enron_full_056138,exact_ref,5497.884,1,0,82658,5291072
fuzzydedup,4,1,enron_full_056670,exact_ref,4859.248,1,0,65790,4211264
fuzzydedup,5,1,enron_full_056670,exact_ref,5376.080,1,0,80173,5133632
fuzzydedup,6,1,enron_full_056670,exact_ref,5309.148,1,0,93995,6019584
fuzzydedup,5,1,enron_full_056953,no_exact_ref,7053.097,0,6,122217,7821888
fuzzydedup,6,1,enron_full_056953,no_exact_ref,7931.765,0,7,144058,9219712
fuzzydedup,4,1,enron_full_056953,no_exact_ref,6082.955,0,5,100182,6411648
fuzzydedup,6,1,enron_full_057268,exact_ref,6456.960,1,0,98043,6275072
fuzzydedup,4,1,enron_full_057268,exact_ref,4501.219,1,0,66538,4258752
fuzzydedup,5,1,enron_full_057268,exact_ref,5461.596,1,0,82510,5280960
fuzzydedup,4,1,enron_full_057321,no_exact_ref,1074.841,0,5,10047,643008
fuzzydedup,5,1,enron_full_057321,no_exact_ref,1149.839,0,6,12599,806336
fuzzydedup,6,1,enron_full_057321,no_exact_ref,1190.188,0,7,15381,984384
fuzzydedup,5,1,enron_full_057826,no_exact_ref,1170.696,0,6,14232,910848
fuzzydedup,6,1,enron_full_057826,no_exact_ref,1326.512,0,7,17182,1099648
fuzzydedup,4,1,enron_full_057826,no_exact_ref,1062.549,0,5,11364,727296
fuzzydedup,6,1,enron_full_058046,exact_ref,6047.269,1,0,91065,5828352
fuzzydedup,4,1,enron_full_058046,exact_ref,4667.396,1,0,59393,3801344
fuzzydedup,5,1,enron_full_058046,exact_ref,5203.515,1,0,75154,4810048
fuzzydedup,4,1,enron_full_058254,exact_ref,2300.828,1,0,33421,2139136
fuzzydedup,5,1,enron_full_058254,exact_ref,2338.938,1,0,39069,2500608
fuzzydedup,6,1,enron_full_058254,exact_ref,2418.946,1,0,43671,2795136
fuzzydedup,5,1,enron_full_058415,no_exact_ref,6636.048,0,6,126879,8120256
fuzzydedup,6,1,enron_full_058415,no_exact_ref,7147.244,0,7,148499,9503936
fuzzydedup,4,1,enron_full_058415,no_exact_ref,5413.439,0,5,105124,6727936
fuzzydedup,6,1,enron_full_059797,exact_ref,5824.117,1,0,86039,5506688
fuzzydedup,4,1,enron_full_059797,exact_ref,4321.796,1,0,55017,3521280
fuzzydedup,5,1,enron_full_059797,exact_ref,4574.999,1,0,70278,4497984
fuzzydedup,4,1,enron_full_060370,exact_ref,3158.078,1,0,42594,2726208
fuzzydedup,5,1,enron_full_060370,exact_ref,3421.603,1,0,50024,3201728
fuzzydedup,6,1,enron_full_060370,exact_ref,3648.175,1,0,56246,3599936
fuzzydedup,5,1,enron_full_060846,exact_ref,4157.372,1,0,71171,4555136
fuzzydedup,6,1,enron_full_060846,exact_ref,4615.620,1,0,81853,5238784
fuzzydedup,4,1,enron_full_060846,exact_ref,3976.072,1,0,59364,3799488
fuzzydedup,6,1,enron_full_062151,exact_ref,3932.771,1,0,63209,4045568
fuzzydedup,4,1,enron_full_062151,exact_ref,2956.175,1,0,47221,3022336
fuzzydedup,5,1,enron_full_062151,exact_ref,3220.495,1,0,55779,3570048
fuzzydedup,4,1,enron_full_062439,exact_ref,3238.081,1,0,47216,3022016
fuzzydedup,5,1,enron_full_062439,exact_ref,3635.689,1,0,55774,3569728
fuzzydedup,6,1,enron_full_062439,exact_ref,3889.786,1,0,63204,4045248
fuzzydedup,5,1,enron_full_063833,exact_ref,4641.297,1,0,75096,4806336
fuzzydedup,6,1,enron_full_063833,exact_ref,5565.329,1,0,91007,5824640
fuzzydedup,4,1,enron_full_063833,exact_ref,4542.941,1,0,59335,3797632
fuzzydedup,6,1,enron_full_063839,exact_ref,5730.618,1,0,94125,6024192
fuzzydedup,4,1,enron_full_063839,exact_ref,4244.481,1,0,61995,3967872
fuzzydedup,5,1,enron_full_063839,exact_ref,5346.802,1,0,77906,4986176
fuzzydedup,4,1,enron_full_064172,exact_ref,3314.870,1,0,47286,3026496
fuzzydedup,5,1,enron_full_064172,exact_ref,3439.609,1,0,55844,3574208
fuzzydedup,6,1,enron_full_064172,exact_ref,3686.810,1,0,63274,4049728
fuzzydedup,5,1,enron_full_064231,exact_ref,1591.164,1,0,19954,1277248
fuzzydedup,6,1,enron_full_064231,exact_ref,1636.214,1,0,21769,1393408
fuzzydedup,4,1,enron_full_064231,exact_ref,1443.704,1,0,17565,1124352
fuzzydedup,6,1,enron_full_064607,exact_ref,6476.408,1,0,97512,6240960
fuzzydedup,4,1,enron_full_064607,exact_ref,4415.849,1,0,65133,4168704
fuzzydedup,5,1,enron_full_064607,exact_ref,5589.615,1,0,81540,5218752
fuzzydedup,4,1,enron_full_065332,exact_ref,3735.439,1,0,51882,3320640
fuzzydedup,5,1,enron_full_065332,exact_ref,3638.218,1,0,61468,3934144
fuzzydedup,6,1,enron_full_065332,exact_ref,3961.387,1,0,70026,4481856
fuzzydedup,5,1,enron_full_065814,exact_ref,2043.225,1,0,28771,1841536
fuzzydedup,6,1,enron_full_065814,exact_ref,2167.906,1,0,31719,2030208
fuzzydedup,4,1,enron_full_065814,exact_ref,1797.151,1,0,25288,1618624
fuzzydedup,6,1,enron_full_066742,no_exact_ref,9828.802,0,7,191555,12259520
fuzzydedup,4,1,enron_full_066742,no_exact_ref,7546.842,0,5,137769,8817216
fuzzydedup,5,1,enron_full_066742,no_exact_ref,8690.597,0,6,164996,10559744
fuzzydedup,4,1,enron_full_067365,exact_ref,3198.953,1,0,42221,2702336
fuzzydedup,5,1,enron_full_067365,exact_ref,3448.898,1,0,49651,3177856
fuzzydedup,6,1,enron_full_067365,exact_ref,3651.798,1,0,55873,3576064
fuzzydedup,5,1,enron_full_067727,exact_ref,2638.851,1,0,38814,2484288
fuzzydedup,6,1,enron_full_067727,exact_ref,2779.660,1,0,43416,2778816
fuzzydedup,4,1,enron_full_067727,exact_ref,2465.409,1,0,33166,2122816
fuzzydedup,6,1,enron_full_067752,exact_ref,6737.245,1,0,96157,6154240
fuzzydedup,4,1,enron_full_067752,exact_ref,5342.852,1,0,66266,4241216
fuzzydedup,5,1,enron_full_067752,exact_ref,5793.857,1,0,81774,5233728
fuzzydedup,4,1,enron_full_068258,no_exact_ref,9030.145,0,5,140955,9021120
fuzzydedup,5,1,enron_full_068258,no_exact_ref,9610.928,0,6,169489,10847296
fuzzydedup,6,1,enron_full_068258,no_exact_ref,11874.278,0,7,197034,12610176
fuzzydedup,5,1,enron_full_068541,no_exact_ref,6644.816,1,1,63283,4050304
fuzzydedup,6,1,enron_full_068541,no_exact_ref,5539.959,1,1,77105,4934912
fuzzydedup,4,1,enron_full_068541,no_exact_ref,4134.145,1,1,48900,3129792
fuzzydedup,6,1,enron_full_068714,no_exact_ref,3112.607,1,0,39343,2518144
fuzzydedup,4,1,enron_full_068714,no_exact_ref,1957.726,1,0,23645,1513472
fuzzydedup,5,1,enron_full_068714,no_exact_ref,2642.071,1,0,31097,1990400
fuzzydedup,4,1,enron_full_068948,no_exact_ref,4766.912,0,5,75858,4854912
fuzzydedup,5,1,enron_full_068948,no_exact_ref,5593.881,0,6,94423,6043072
fuzzydedup,6,1,enron_full_068948,no_exact_ref,6308.539,0,7,112816,7220224
fuzzydedup,5,1,enron_full_069168,exact_ref,5921.311,1,0,82105,5254912
fuzzydedup,6,1,enron_full_069168,exact_ref,6553.369,1,0,97638,6249024
fuzzydedup,4,1,enron_full_069168,exact_ref,4939.585,1,0,66133,4232704
fuzzydedup,6,1,enron_full_069488,no_exact_ref,11108.423,0,7,186103,11910720
fuzzydedup,4,1,enron_full_069488,no_exact_ref,7991.821,0,5,133491,8543424
fuzzydedup,5,1,enron_full_069488,no_exact_ref,9107.101,0,6,160514,10272896
fuzzydedup,4,1,enron_full_070382,no_exact_ref,7113.670,0,5,121972,7806208
fuzzydedup,5,1,enron_full_070382,no_exact_ref,8338.836,0,6,147636,9448704
fuzzydedup,6,1,enron_full_070382,no_exact_ref,9586.781,0,7,172289,11026496
fuzzydedup,5,1,enron_full_071706,exact_ref,5197.812,1,0,77623,4968064
fuzzydedup,6,1,enron_full_071706,exact_ref,6073.861,1,0,93842,6006080
fuzzydedup,4,1,enron_full_071706,exact_ref,4521.544,1,0,61712,3949760
fuzzydedup,6,1,enron_full_071944,exact_ref,4702.164,1,0,75466,4830016
fuzzydedup,4,1,enron_full_071944,exact_ref,3725.845,1,0,55198,3532864
fuzzydedup,5,1,enron_full_071944,exact_ref,4245.070,1,0,65880,4216512
fuzzydedup,4,1,enron_full_072801,exact_ref,942.993,1,0,9127,584320
fuzzydedup,5,1,enron_full_072801,exact_ref,908.561,1,0,10242,655680
fuzzydedup,6,1,enron_full_072801,exact_ref,817.444,1,0,10948,700864
fuzzydedup,5,1,enron_full_073237,exact_ref,5049.448,1,0,77160,4938816
fuzzydedup,6,1,enron_full_073237,exact_ref,5468.476,1,0,90508,5793088
fuzzydedup,4,1,enron_full_073237,exact_ref,4563.563,1,0,63338,4054208
fuzzydedup,6,1,enron_full_075726,exact_ref,3705.797,1,0,55649,3561728
fuzzydedup,4,1,enron_full_075726,exact_ref,2989.848,1,0,41997,2688000
fuzzydedup,5,1,enron_full_075726,exact_ref,3347.963,1,0,49427,3163520
fuzzydedup,4,1,enron_full_076089,exact_ref,3280.396,1,0,46790,2994752
fuzzydedup,5,1,enron_full_076089,exact_ref,3687.392,1,0,55348,3542464
fuzzydedup,6,1,enron_full_076089,exact_ref,3934.696,1,0,62778,4017984
fuzzydedup,5,1,enron_full_078045,no_exact_ref,8546.424,0,6,164671,10538944
fuzzydedup,6,1,enron_full_078045,no_exact_ref,9943.046,0,7,190614,12199296
fuzzydedup,4,1,enron_full_078045,no_exact_ref,7239.721,0,5,137103,8774592
fuzzydedup,6,1,enron_full_078949,exact_ref,3254.626,1,0,49551,3171456
fuzzydedup,4,1,enron_full_078949,exact_ref,2859.843,1,0,37681,2411776
fuzzydedup,5,1,enron_full_078949,exact_ref,2717.318,1,0,43903,2809984
fuzzydedup,4,1,enron_full_080332,no_exact_ref,4405.268,0,5,87103,5574592
fuzzydedup,5,1,enron_full_080332,no_exact_ref,5444.192,0,6,106088,6789632
fuzzydedup,6,1,enron_full_080332,no_exact_ref,6051.147,0,7,125079,8005056
fuzzydedup,5,1,enron_full_080731,exact_ref,4741.144,1,0,79613,5095552
fuzzydedup,6,1,enron_full_080731,exact_ref,5686.575,1,0,93435,5980480
fuzzydedup,4,1,enron_full_080731,exact_ref,4843.492,1,0,65230,4175040
fuzzydedup,6,1,enron_full_081565,exact_ref,5396.834,1,0,86241,5519616
fuzzydedup,4,1,enron_full_081565,exact_ref,4346.973,1,0,55219,3534208
fuzzydedup,5,1,enron_full_081565,exact_ref,5133.713,1,0,70480,4510912
fuzzydedup,4,1,enron_full_081601,exact_ref,3984.718,1,0,55159,3530368
fuzzydedup,5,1,enron_full_081601,exact_ref,3982.537,1,0,65841,4214016
fuzzydedup,6,1,enron_full_081601,exact_ref,4670.178,1,0,75427,4827520
fuzzydedup,5,1,enron_full_081707,exact_ref,1391.879,1,0,13877,888320
fuzzydedup,6,1,enron_full_081707,exact_ref,1960.599,1,0,17713,1133824
fuzzydedup,4,1,enron_full_081707,exact_ref,1357.714,1,0,10555,675712
fuzzydedup,6,1,enron_full_082681,no_exact_ref,8139.537,0,7,159258,10192512
fuzzydedup,4,1,enron_full_082681,no_exact_ref,6832.444,0,5,113227,7246528
fuzzydedup,5,1,enron_full_082681,no_exact_ref,7495.594,0,6,136629,8744256
fuzzydedup,4,1,enron_full_085442,exact_ref,4850.070,1,0,62110,3975232
fuzzydedup,5,1,enron_full_085442,exact_ref,6250.437,1,0,78021,4993536
fuzzydedup,6,1,enron_full_085442,exact_ref,5920.646,1,0,94240,6031552
fuzzydedup,5,1,enron_full_085751,exact_ref,6676.206,1,0,81900,5241792
fuzzydedup,6,1,enron_full_085751,exact_ref,6473.552,1,0,97872,6264000
fuzzydedup,4,1,enron_full_085751,exact_ref,5777.537,1,0,65493,4191744
fuzzydedup,6,1,enron_full_086327,no_exact_ref,4097.523,0,7,66020,4225344
fuzzydedup,4,1,enron_full_086327,no_exact_ref,2723.152,0,5,43095,2758144
fuzzydedup,5,1,enron_full_086327,no_exact_ref,3129.416,0,6,54223,3470336
fuzzydedup,4,1,enron_full_087697,no_exact_ref,3287.671,0,5,35794,2290816
fuzzydedup,5,1,enron_full_087697,no_exact_ref,3411.602,0,6,44800,2867200
fuzzydedup,6,1,enron_full_087697,no_exact_ref,3656.483,0,7,54205,3469120
fuzzydedup,5,1,enron_full_088138,exact_ref,5378.570,1,0,75263,4817024
fuzzydedup,6,1,enron_full_088138,exact_ref,7836.894,1,0,91174,5835328
fuzzydedup,4,1,enron_full_088138,exact_ref,4746.304,1,0,59502,3808320
fuzzydedup,6,1,enron_full_088307,exact_ref,2313.779,1,0,31852,2038720
fuzzydedup,4,1,enron_full_088307,exact_ref,1950.660,1,0,25421,1627136
fuzzydedup,5,1,enron_full_088307,exact_ref,1939.938,1,0,28904,1850048
fuzzydedup,4,1,enron_full_088336,exact_ref,3051.655,1,0,43714,2797888
fuzzydedup,5,1,enron_full_088336,exact_ref,4023.359,1,0,57043,3650944
fuzzydedup,6,1,enron_full_088336,exact_ref,4551.393,1,0,71240,4559552
fuzzydedup,5,1,enron_full_089344,exact_ref,5568.004,1,0,82645,5289472
fuzzydedup,6,1,enron_full_089344,exact_ref,5669.011,1,0,98153,6281984
fuzzydedup,4,1,enron_full_089344,exact_ref,4949.108,1,0,67112,4295360
fuzzydedup,6,1,enron_full_089451,exact_ref,3323.134,1,0,50203,3213184
fuzzydedup,4,1,enron_full_089451,exact_ref,2723.632,1,0,38333,2453504
fuzzydedup,5,1,enron_full_089451,exact_ref,3000.845,1,0,44555,2851712
fuzzydedup,4,1,enron_full_090248,exact_ref,5005.685,1,0,67122,4296000
fuzzydedup,5,1,enron_full_090248,exact_ref,5692.679,1,0,82655,5290112
fuzzydedup,6,1,enron_full_090248,exact_ref,5489.160,1,0,98163,6282816
fuzzydedup,5,1,enron_full_091044,exact_ref,5503.358,1,0,82856,5302976
fuzzydedup,6,1,enron_full_091044,exact_ref,5632.192,1,0,98389,6297088
fuzzydedup,4,1,enron_full_091044,exact_ref,4450.405,1,0,66884,4280768
fuzzydedup,6,1,enron_full_091307,exact_ref,3487.104,1,6,37878,2436288
fuzzydedup,4,1,enron_full_091307,exact_ref,3482.131,1,4,34650,2235392
fuzzydedup,5,1,enron_full_091307,exact_ref,4228.557,1,4,50869,3281792
fuzzydedup,4,1,enron_full_092251,no_exact_ref,4544.520,0,5,77883,4984512
fuzzydedup,5,1,enron_full_092251,no_exact_ref,5268.774,0,6,95188,6092032
fuzzydedup,6,1,enron_full_092251,no_exact_ref,5724.228,0,7,112519,7201216
fuzzydedup,5,1,enron_full_092316,no_exact_ref,6967.742,0,6,145606,9318784
fuzzydedup,6,1,enron_full_092316,no_exact_ref,8716.578,0,7,169255,10832320
fuzzydedup,4,1,enron_full_092316,no_exact_ref,6044.907,0,5,120641,7721024
fuzzydedup,6,1,enron_full_092765,no_exact_ref,5723.967,0,7,112519,7201216
fuzzydedup,4,1,enron_full_092765,no_exact_ref,4340.956,0,5,77883,4984512
fuzzydedup,5,1,enron_full_092765,no_exact_ref,4756.039,0,6,95188,6092032
fuzzydedup,4,1,enron_full_093576,no_exact_ref,7455.616,0,5,128135,8200640
fuzzydedup,5,1,enron_full_093576,no_exact_ref,8514.184,0,6,154598,9894272
fuzzydedup,6,1,enron_full_093576,no_exact_ref,9367.700,0,7,180015,11520960
fuzzydedup,5,1,enron_full_094577,exact_ref,821.239,1,0,4942,316544
fuzzydedup,6,1,enron_full_094577,exact_ref,840.124,1,0,6280,402176
fuzzydedup,4,1,enron_full_094577,exact_ref,734.219,1,0,3790,242752
fuzzydedup,6,1,enron_full_094590,no_exact_ref,9723.612,0,7,194644,12457280
fuzzydedup,4,1,enron_full_094590,no_exact_ref,7901.385,0,5,139516,8929024
fuzzydedup,5,1,enron_full_094590,no_exact_ref,8420.117,0,6,168125,10760000
fuzzydedup,4,1,enron_full_094757,no_exact_ref,7291.358,0,5,132999,8511936
fuzzydedup,5,1,enron_full_094757,no_exact_ref,7761.361,0,6,159592,10213888
fuzzydedup,6,1,enron_full_094757,no_exact_ref,9499.101,0,7,184939,11836096
fuzzydedup,5,1,enron_full_095403,exact_ref,5876.287,1,0,80620,5159872
fuzzydedup,6,1,enron_full_095403,exact_ref,7501.894,1,0,96153,6153984
fuzzydedup,4,1,enron_full_095403,exact_ref,5149.669,1,0,64648,4137664
fuzzydedup,6,1,enron_full_096327,exact_ref,1524.864,1,0,15909,1018368
fuzzydedup,4,1,enron_full_096327,exact_ref,1226.416,1,0,9560,612032
fuzzydedup,5,1,enron_full_096327,exact_ref,1298.486,1,0,12587,805760
fuzzydedup,4,1,enron_full_096329,exact_ref,2835.081,1,0,32984,2111168
fuzzydedup,5,1,enron_full_096329,exact_ref,3185.095,1,0,43040,2754752
fuzzydedup,6,1,enron_full_096329,exact_ref,3832.332,1,0,54091,3462016
fuzzydedup,5,1,enron_full_098210,exact_ref,1852.850,1,0,23140,1481152
fuzzydedup,6,1,enron_full_098210,exact_ref,1892.173,1,0,25529,1634048
fuzzydedup,4,1,enron_full_098210,exact_ref,1611.410,1,0,20192,1292480
fuzzydedup,6,1,enron_full_098535,exact_ref,6506.438,1,0,95850,6134592
fuzzydedup,4,1,enron_full_098535,exact_ref,4801.871,1,0,63471,4062336
fuzzydedup,5,1,enron_full_098535,exact_ref,5869.041,1,0,79878,5112384
fuzzydedup,4,1,enron_full_098599,exact_ref,4769.121,1,0,61801,3955456
fuzzydedup,5,1,enron_full_098599,exact_ref,5405.587,1,0,78020,4993472
fuzzydedup,6,1,enron_full_098599,exact_ref,6315.108,1,0,94427,6043520
fuzzydedup,5,1,enron_full_098973,exact_ref,5267.533,1,0,75243,4815744
fuzzydedup,6,1,enron_full_098973,exact_ref,6136.419,1,0,88591,5670016
fuzzydedup,4,1,enron_full_098973,exact_ref,4629.706,1,0,61421,3931136
fuzzydedup,6,1,enron_full_099013,exact_ref,6838.846,1,0,92800,5939456
fuzzydedup,4,1,enron_full_099013,exact_ref,4950.545,1,0,64595,4134272
fuzzydedup,5,1,enron_full_099013,exact_ref,6354.578,1,0,78978,5054784
fuzzydedup,4,1,enron_full_099531,exact_ref,5198.084,1,0,62602,4006720
fuzzydedup,5,1,enron_full_099531,exact_ref,7646.831,1,0,78513,5025024
fuzzydedup,6,1,enron_full_099531,exact_ref,6209.353,1,0,94732,6063040
fuzzydedup,5,1,enron_full_100323,exact_ref,7492.469,1,0,82688,5297792
fuzzydedup,6,1,enron_full_100323,exact_ref,6317.651,1,0,97071,6221696
fuzzydedup,4,1,enron_full_100323,exact_ref,4919.513,1,0,67180,4302784
fuzzydedup,6,1,enron_full_100466,exact_ref,6409.032,1,0,98831,6325376
fuzzydedup,4,1,enron_full_100466,exact_ref,4947.126,1,0,67790,4338752
fuzzydedup,5,1,enron_full_100466,exact_ref,5278.712,1,0,83323,5332864
fuzzydedup,4,1,enron_full_101174,exact_ref,4726.370,1,0,64537,4130560
fuzzydedup,5,1,enron_full_101174,exact_ref,5496.600,1,0,80756,5168576
fuzzydedup,6,1,enron_full_101174,exact_ref,6127.623,1,0,97163,6218624
fuzzydedup,5,1,enron_full_101274,exact_ref,3639.269,1,0,47651,3049856
fuzzydedup,6,1,enron_full_101274,exact_ref,4082.112,1,0,59345,3798272
fuzzydedup,4,1,enron_full_101274,exact_ref,2893.589,1,0,36600,2342592
fuzzydedup,6,1,enron_full_102532,exact_ref,6131.278,1,0,98724,6318528
fuzzydedup,4,1,enron_full_102532,exact_ref,4905.288,1,0,67683,4331904
fuzzydedup,5,1,enron_full_102532,exact_ref,5604.997,1,0,83216,5326016
fuzzydedup,4,1,enron_full_102695,exact_ref,4364.583,1,0,67490,4319552
fuzzydedup,5,1,enron_full_102695,exact_ref,5156.671,1,0,83462,5341760
fuzzydedup,6,1,enron_full_102695,exact_ref,6330.499,1,0,98995,6335872
fuzzydedup,5,1,enron_full_102774,exact_ref,2652.846,1,0,34643,2217344
fuzzydedup,6,1,enron_full_102774,exact_ref,2853.655,1,0,44088,2821824
fuzzydedup,4,1,enron_full_102774,exact_ref,2217.358,1,0,26397,1689600
fuzzydedup,6,1,enron_full_103426,exact_ref,6303.667,1,0,97501,6240256
fuzzydedup,4,1,enron_full_103426,exact_ref,4509.899,1,0,67610,4327232
fuzzydedup,5,1,enron_full_103426,exact_ref,4835.339,1,0,83118,5319744
fuzzydedup,4,1,enron_full_103581,exact_ref,3387.558,1,0,48119,3079808
fuzzydedup,5,1,enron_full_103581,exact_ref,3757.508,1,0,56677,3627520
fuzzydedup,6,1,enron_full_103581,exact_ref,3499.952,1,0,64107,4103040
fuzzydedup,5,1,enron_full_104396,no_exact_ref,5333.357,0,6,116994,7487616
fuzzydedup,6,1,enron_full_104396,no_exact_ref,6720.672,0,7,137129,8776256
fuzzydedup,4,1,enron_full_104396,no_exact_ref,5236.490,0,5,95838,6133632
fuzzydedup,6,1,enron_full_104402,exact_ref,4639.022,1,0,84578,5413184
fuzzydedup,4,1,enron_full_104402,exact_ref,4257.638,1,0,59423,3803264
fuzzydedup,5,1,enron_full_104402,exact_ref,4758.460,1,0,72771,4657536
fuzzydedup,4,1,enron_full_104423,no_exact_ref,3853.940,0,5,77883,4984512
fuzzydedup,5,1,enron_full_104423,no_exact_ref,4884.270,0,6,95188,6092032
fuzzydedup,6,1,enron_full_104423,no_exact_ref,5932.316,0,7,112519,7201216
fuzzydedup,5,1,enron_full_104598,exact_ref,4320.078,1,0,72782,4658240
fuzzydedup,6,1,enron_full_104598,exact_ref,4530.976,1,0,84589,5413888
fuzzydedup,4,1,enron_full_104598,exact_ref,4036.361,1,0,59434,3803968
fuzzydedup,6,1,enron_full_105565,exact_ref,4714.802,1,0,76676,4907456
fuzzydedup,4,1,enron_full_105565,exact_ref,3812.262,1,0,56408,3610304
fuzzydedup,5,1,enron_full_105565,exact_ref,3750.576,1,0,67090,4293952
fuzzydedup,4,1,enron_full_105930,exact_ref,4478.189,1,0,64496,4127936
fuzzydedup,5,1,enron_full_105930,exact_ref,5231.816,1,0,78318,5012544
fuzzydedup,6,1,enron_full_105930,exact_ref,5048.523,1,0,91666,5866816
fuzzydedup,5,1,enron_full_106126,exact_ref,3948.906,1,0,67060,4292416
fuzzydedup,6,1,enron_full_106126,exact_ref,4550.772,1,0,76646,4905920
fuzzydedup,4,1,enron_full_106126,exact_ref,3899.411,1,0,56378,3608576
fuzzydedup,6,1,enron_full_106135,exact_ref,4052.545,1,0,64043,4098944
fuzzydedup,4,1,enron_full_106135,exact_ref,3317.183,1,0,48055,3075712
fuzzydedup,5,1,enron_full_106135,exact_ref,4776.937,1,0,56613,3623424
fuzzydedup,4,1,enron_full_108529,exact_ref,3912.383,1,0,43937,2812160
fuzzydedup,5,1,enron_full_108529,exact_ref,4171.557,1,0,57266,3665216
fuzzydedup,6,1,enron_full_108529,exact_ref,4998.777,1,0,71463,4573824
fuzzydedup,5,1,enron_full_108654,exact_ref,6719.344,1,0,80617,5159680
fuzzydedup,6,1,enron_full_108654,exact_ref,6619.421,1,0,97024,6209728
fuzzydedup,4,1,enron_full_108654,exact_ref,4752.503,1,0,64398,4121664
fuzzydedup,6,1,enron_full_108933,exact_ref,5839.551,1,0,91580,5861504
fuzzydedup,4,1,enron_full_108933,exact_ref,4786.504,1,0,64410,4122624
fuzzydedup,5,1,enron_full_108933,exact_ref,5222.429,1,0,78232,5007232
fuzzydedup,4,1,enron_full_108996,exact_ref,2607.149,1,0,33815,2164352
fuzzydedup,5,1,enron_full_108996,exact_ref,2672.834,1,0,39463,2525824
fuzzydedup,6,1,enron_full_108996,exact_ref,2652.963,1,0,44065,2820352
fuzzydedup,5,1,enron_full_109605,exact_ref,5525.886,1,0,82436,5276096
fuzzydedup,6,1,enron_full_109605,exact_ref,6365.236,1,0,98408,6298304
fuzzydedup,4,1,enron_full_109605,exact_ref,4751.786,1,0,66029,4226048
fuzzydedup,6,1,enron_full_110370,exact_ref,5416.716,1,0,87223,5582464
fuzzydedup,4,1,enron_full_110370,exact_ref,4844.130,1,0,56201,3597056
fuzzydedup,5,1,enron_full_110370,exact_ref,5378.652,1,0,71462,4573760
fuzzydedup,4,1,enron_full_111197,no_exact_ref,9753.767,0,5,140955,9021120
fuzzydedup,5,1,enron_full_111197,no_exact_ref,9847.085,0,6,169489,10847296
fuzzydedup,6,1,enron_full_111197,no_exact_ref,13692.194,0,7,197034,12610176
fuzzydedup,5,1,enron_full_111665,exact_ref,6312.412,1,0,75629,4840448
fuzzydedup,6,1,enron_full_111665,exact_ref,5988.152,1,0,91540,5858752
fuzzydedup,4,1,enron_full_111665,exact_ref,4724.787,1,0,59868,3831744
fuzzydedup,6,1,enron_full_111904,exact_ref,6493.549,1,0,98560,6308032
fuzzydedup,4,1,enron_full_111904,exact_ref,4805.943,1,0,67519,4321408
fuzzydedup,5,1,enron_full_111904,exact_ref,5639.084,1,0,83052,5315520
fuzzydedup,4,1,enron_full_112694,exact_ref,3888.491,1,0,60641,3881216
fuzzydedup,5,1,enron_full_112694,exact_ref,4658.601,1,0,72448,4636864
fuzzydedup,6,1,enron_full_112694,exact_ref,5127.976,1,0,83130,5320512
fuzzydedup,5,1,enron_full_113971,exact_ref,1238.952,1,0,12537,802560
fuzzydedup,6,1,enron_full_113971,exact_ref,1120.654,1,0,13652,873920
fuzzydedup,4,1,enron_full_113971,exact_ref,1040.686,1,0,10995,703872
fuzzydedup,6,1,enron_full_114650,exact_ref,2631.290,1,0,50140,3209152
fuzzydedup,4,1,enron_full_114650,exact_ref,2503.807,1,0,39890,2553152
fuzzydedup,5,1,enron_full_114650,exact_ref,2354.069,1,0,45538,2914624
fuzzydedup,4,1,enron_full_115626,no_exact_ref,7409.899,0,5,137103,8774592
fuzzydedup,5,1,enron_full_115626,no_exact_ref,7915.152,0,6,164671,10538944
fuzzydedup,6,1,enron_full_115626,no_exact_ref,10909.464,0,7,190614,12199296
fuzzydedup,5,1,enron_full_116065,exact_ref,2227.584,1,0,29368,1879744
fuzzydedup,6,1,enron_full_116065,exact_ref,2241.046,1,0,32316,2068416
fuzzydedup,4,1,enron_full_116065,exact_ref,1726.488,1,0,25885,1656832
fuzzydedup,6,1,enron_full_116692,exact_ref,2554.181,1,0,32289,2066688
fuzzydedup,4,1,enron_full_116692,exact_ref,2141.606,1,0,25858,1655104
fuzzydedup,5,1,enron_full_116692,exact_ref,2315.936,1,0,29341,1878016
fuzzydedup,4,1,enron_full_117087,exact_ref,3153.901,1,0,48317,3092480
fuzzydedup,5,1,enron_full_117087,exact_ref,3468.011,1,0,56875,3640192
fuzzydedup,6,1,enron_full_117087,exact_ref,3432.551,1,0,64305,4115712
fuzzydedup,5,1,enron_full_117441,exact_ref,5978.838,1,0,78660,5034432
fuzzydedup,6,1,enron_full_117441,exact_ref,5537.448,1,0,92008,5888704
fuzzydedup,4,1,enron_full_117441,exact_ref,3946.718,1,0,64838,4149824
fuzzydedup,6,1,enron_full_117988,exact_ref,4128.575,1,0,64290,4114752
fuzzydedup,4,1,enron_full_117988,exact_ref,3402.109,1,0,48302,3091520
fuzzydedup,5,1,enron_full_117988,exact_ref,3806.261,1,0,56860,3639232
fuzzydedup,4,1,enron_full_118247,exact_ref,1842.473,1,0,14638,937024
fuzzydedup,5,1,enron_full_118247,exact_ref,1967.158,1,0,16453,1053184
fuzzydedup,6,1,enron_full_118247,exact_ref,1640.643,1,0,17995,1151872
fuzzydedup,5,1,enron_full_118573,exact_ref,4669.181,1,0,56891,3641216
fuzzydedup,6,1,enron_full_118573,exact_ref,4175.972,1,0,64321,4116736
fuzzydedup,4,1,enron_full_118573,exact_ref,3355.659,1,0,48333,3093504
fuzzydedup,6,1,enron_full_119068,exact_ref,3184.625,1,0,50800,3251392
fuzzydedup,4,1,enron_full_119068,exact_ref,2753.036,1,0,38930,2491712
fuzzydedup,5,1,enron_full_119068,exact_ref,3036.811,1,0,45152,2889920
fuzzydedup,4,1,enron_full_119674,no_exact_ref,7484.251,0,5,121972,7806208
fuzzydedup,5,1,enron_full_119674,no_exact_ref,7656.607,0,6,147636,9448704
fuzzydedup,6,1,enron_full_119674,no_exact_ref,9976.511,0,7,172289,11026496
fuzzydedup,5,1,enron_full_119896,no_exact_ref,7678.568,0,6,131204,8397696
fuzzydedup,6,1,enron_full_119896,no_exact_ref,8702.052,0,7,153889,9850432
fuzzydedup,4,1,enron_full_119896,no_exact_ref,6839.138,0,5,107991,6911552
fuzzydedup,6,1,enron_full_120534,exact_ref,5560.980,1,0,83288,5330624
fuzzydedup,4,1,enron_full_120534,exact_ref,4172.534,1,0,60799,3891328
fuzzydedup,5,1,enron_full_120534,exact_ref,4673.604,1,0,72606,4646976
fuzzydedup,4,1,enron_full_120641,exact_ref,3949.063,1,0,57092,3654080
fuzzydedup,5,1,enron_full_120641,exact_ref,4482.563,1,0,67774,4337728
fuzzydedup,6,1,enron_full_120641,exact_ref,4715.933,1,0,77360,4951232
fuzzydedup,5,1,enron_full_120822,exact_ref,601.849,1,0,4730,302912
fuzzydedup,6,1,enron_full_120822,exact_ref,585.244,1,0,5006,320576
fuzzydedup,4,1,enron_full_120822,exact_ref,546.385,1,0,4350,278592
fuzzydedup,6,1,enron_full_121175,exact_ref,2880.457,1,0,44478,2846848
fuzzydedup,4,1,enron_full_121175,exact_ref,2590.666,1,0,34228,2190848
fuzzydedup,5,1,enron_full_121175,exact_ref,2714.233,1,0,39876,2552320
fuzzydedup,4,1,enron_full_122290,no_exact_ref,7777.966,0,5,139516,8929024
fuzzydedup,5,1,enron_full_122290,no_exact_ref,8827.723,0,6,168125,10760000
fuzzydedup,6,1,enron_full_122290,no_exact_ref,9396.911,0,7,194644,12457280
fuzzydedup,5,1,enron_full_122402,no_exact_ref,5202.462,0,6,85290,5458560
fuzzydedup,6,1,enron_full_122402,no_exact_ref,6160.348,0,7,102455,6557120
fuzzydedup,4,1,enron_full_122402,no_exact_ref,3973.625,0,5,69400,4441600
fuzzydedup,6,1,enron_full_123831,exact_ref,2596.170,1,0,44592,2854080
fuzzydedup,4,1,enron_full_123831,exact_ref,2382.494,1,0,34342,2198080
fuzzydedup,5,1,enron_full_123831,exact_ref,2602.009,1,0,39990,2559552
fuzzydedup,4,1,enron_full_124264,exact_ref,3260.704,1,0,40637,2600960
fuzzydedup,5,1,enron_full_124264,exact_ref,3210.666,1,0,52331,3349376
fuzzydedup,6,1,enron_full_124264,exact_ref,3775.026,1,0,65660,4202432
fuzzydedup,5,1,enron_full_124451,exact_ref,5052.352,1,0,79024,5057728
fuzzydedup,6,1,enron_full_124451,exact_ref,6864.571,1,0,92372,5912000
fuzzydedup,4,1,enron_full_124451,exact_ref,4435.173,1,0,65202,4173120
fuzzydedup,6,1,enron_full_126518,exact_ref,2689.773,1,0,44542,2850880
fuzzydedup,4,1,enron_full_126518,exact_ref,2786.369,1,0,34292,2194880
fuzzydedup,5,1,enron_full_126518,exact_ref,3997.170,1,0,39940,2556352
fuzzydedup,4,1,enron_full_128013,no_exact_ref,9414.300,0,5,133491,8543424
fuzzydedup,5,1,enron_full_128013,no_exact_ref,10174.699,0,6,160514,10272896
fuzzydedup,6,1,enron_full_128013,no_exact_ref,10639.475,0,7,186103,11910592
fuzzydedup,5,1,enron_full_128290,no_exact_ref,7387.781,0,6,122217,7821888
fuzzydedup,6,1,enron_full_128290,no_exact_ref,8179.573,0,7,144058,9219712
fuzzydedup,4,1,enron_full_128290,no_exact_ref,6813.966,0,5,100182,6411648
fuzzydedup,6,1,enron_full_128461,exact_ref,5944.181,1,0,77293,4946944
fuzzydedup,4,1,enron_full_128461,exact_ref,4086.819,1,0,48384,3096768
fuzzydedup,5,1,enron_full_128461,exact_ref,5115.953,1,0,62581,4005376
fuzzydedup,4,1,enron_full_129750,exact_ref,4738.124,1,0,67417,4314880
fuzzydedup,5,1,enron_full_129750,exact_ref,5420.063,1,0,81800,5235392
fuzzydedup,6,1,enron_full_129750,exact_ref,6213.030,1,0,95622,6120000
fuzzydedup,5,1,enron_full_129922,exact_ref,4390.358,1,0,76477,4894720
fuzzydedup,6,1,enron_full_129922,exact_ref,4778.861,1,0,88284,5650368
fuzzydedup,4,1,enron_full_129922,exact_ref,4930.069,1,0,63129,4040448
fuzzydedup,6,1,enron_full_129965,exact_ref,1170.733,1,0,11361,727296
fuzzydedup,4,1,enron_full_129965,exact_ref,922.263,1,0,9540,610752
fuzzydedup,5,1,enron_full_129965,exact_ref,800.807,1,0,10655,682112
fuzzydedup,4,1,enron_full_130406,exact_ref,3328.917,1,0,57236,3663296
fuzzydedup,5,1,enron_full_130406,exact_ref,3794.213,1,0,67918,4346944
fuzzydedup,6,1,enron_full_130406,exact_ref,5322.990,1,0,77504,4960448
fuzzydedup,5,1,enron_full_130557,exact_ref,856.706,1,0,5679,363648
fuzzydedup,6,1,enron_full_130557,exact_ref,1011.448,1,0,7098,454464
fuzzydedup,4,1,enron_full_130557,exact_ref,823.518,1,0,4341,278016
fuzzydedup,6,1,enron_full_130818,exact_ref,5584.592,1,0,95684,6123968
fuzzydedup,4,1,enron_full_130818,exact_ref,4349.382,1,0,67479,4318848
fuzzydedup,5,1,enron_full_130818,exact_ref,5877.627,1,0,81862,5239360
fuzzydedup,4,1,enron_full_131990,exact_ref,3245.711,1,0,44263,2833024
fuzzydedup,5,1,enron_full_131990,exact_ref,3602.093,1,0,57592,3686080
fuzzydedup,6,1,enron_full_131990,exact_ref,4997.291,1,0,71789,4594688
fuzzydedup,5,1,enron_full_132971,exact_ref,2095.324,1,0,15820,1012672
fuzzydedup,6,1,enron_full_132971,exact_ref,2022.879,1,0,20016,1281216
fuzzydedup,4,1,enron_full_132971,exact_ref,1712.122,1,0,11984,767168
fuzzydedup,6,1,enron_full_133588,exact_ref,6375.567,1,0,92290,5906752
fuzzydedup,4,1,enron_full_133588,exact_ref,5187.089,1,0,65120,4167872
fuzzydedup,5,1,enron_full_133588,exact_ref,6037.903,1,0,78942,5052480
fuzzydedup,4,1,enron_full_133819,exact_ref,2672.043,1,0,29689,1900288
fuzzydedup,5,1,enron_full_133819,exact_ref,3070.339,1,0,39134,2504768
fuzzydedup,6,1,enron_full_133819,exact_ref,3452.764,1,0,49190,3148352
fuzzydedup,5,1,enron_full_134727,no_exact_ref,10375.111,0,6,159592,10213888
fuzzydedup,6,1,enron_full_134727,no_exact_ref,10921.307,0,7,184939,11836096
fuzzydedup,4,1,enron_full_134727,no_exact_ref,7038.842,0,5,132999,8511936
fuzzydedup,6,1,enron_full_136330,exact_ref,1034.317,1,0,11421,731136
fuzzydedup,4,1,enron_full_136330,exact_ref,946.981,1,0,9600,614592
fuzzydedup,5,1,enron_full_136330,exact_ref,793.326,1,0,10715,685952
fuzzydedup,4,1,enron_full_137531,exact_ref,3497.424,1,0,44107,2823040
fuzzydedup,5,1,enron_full_137531,exact_ref,3633.162,1,0,51537,3298560
fuzzydedup,6,1,enron_full_137531,exact_ref,3376.912,1,0,57759,3696768
fuzzydedup,5,1,enron_full_137711,exact_ref,5550.623,1,0,83430,5339712
fuzzydedup,6,1,enron_full_137711,exact_ref,7179.144,1,0,99402,6361920
fuzzydedup,4,1,enron_full_137711,exact_ref,4384.642,1,0,67023,4289664
fuzzydedup,6,1,enron_full_139013,no_exact_ref,11274.556,0,7,186103,11910592
fuzzydedup,4,1,enron_full_139013,no_exact_ref,7629.559,0,5,133491,8543424
fuzzydedup,5,1,enron_full_139013,no_exact_ref,9584.690,0,6,160514,10272896
fuzzydedup,4,1,enron_full_139188,exact_ref,2051.229,1,0,24411,1562496
fuzzydedup,5,1,enron_full_139188,exact_ref,2699.811,1,0,27894,1785408
fuzzydedup,6,1,enron_full_139188,exact_ref,2750.202,1,0,30842,1974080
fuzzydedup,5,1,enron_full_139197,exact_ref,2049.925,1,0,25313,1620224
fuzzydedup,6,1,enron_full_139197,exact_ref,2284.026,1,0,32087,2053760
fuzzydedup,4,1,enron_full_139197,exact_ref,1947.331,1,0,19233,1231104
fuzzydedup,6,1,enron_full_139486,exact_ref,5662.597,1,0,83738,5359424
fuzzydedup,4,1,enron_full_139486,exact_ref,4216.381,1,0,61249,3920128
fuzzydedup,5,1,enron_full_139486,exact_ref,4410.551,1,0,73056,4675776
fuzzydedup,4,1,enron_full_140225,no_exact_ref,8628.202,0,5,137769,8817216
fuzzydedup,5,1,enron_full_140225,no_exact_ref,8110.126,0,6,164996,10559808
fuzzydedup,6,1,enron_full_140225,no_exact_ref,10319.424,0,7,191555,12259840
fuzzydedup,5,1,enron_full_140420,exact_ref,1937.044,1,0,27717,1774464
fuzzydedup,6,1,enron_full_140420,exact_ref,1876.284,1,0,30665,1963392
fuzzydedup,4,1,enron_full_140420,exact_ref,1646.550,1,0,24234,1551168
fuzzydedup,6,1,enron_full_140552,exact_ref,1986.446,1,0,32787,2098560
fuzzydedup,4,1,enron_full_140552,exact_ref,1844.534,1,0,26356,1686976
fuzzydedup,5,1,enron_full_140552,exact_ref,1938.298,1,0,29839,1909888
fuzzydedup,4,1,enron_full_140885,exact_ref,5083.694,1,0,60690,3884352
fuzzydedup,5,1,enron_full_140885,exact_ref,4281.407,1,0,76451,4893056
fuzzydedup,6,1,enron_full_140885,exact_ref,5848.249,1,0,92362,5911360
fuzzydedup,5,1,enron_full_141161,no_exact_ref,165.979,0,6,1594,102016
fuzzydedup,6,1,enron_full_141161,no_exact_ref,185.620,0,7,1872,119808
fuzzydedup,4,1,enron_full_141161,no_exact_ref,125.456,0,5,1280,81920
fuzzydedup,6,1,enron_full_141985,exact_ref,5105.181,1,0,71709,4589568
fuzzydedup,4,1,enron_full_141985,exact_ref,3532.303,1,0,53565,3428352
fuzzydedup,5,1,enron_full_141985,exact_ref,3932.770,1,0,63151,4041856
fuzzydedup,4,1,enron_full_142230,exact_ref,1799.788,1,0,22005,1408512
fuzzydedup,5,1,enron_full_142230,exact_ref,1879.306,1,0,24953,1597184
fuzzydedup,6,1,enron_full_142230,exact_ref,2531.680,1,0,27342,1750080
fuzzydedup,5,1,enron_full_142612,exact_ref,6042.659,1,0,84039,5378688
fuzzydedup,6,1,enron_full_142612,exact_ref,6247.858,1,0,98422,6299200
fuzzydedup,4,1,enron_full_142612,exact_ref,6181.896,1,0,68531,4386176
fuzzydedup,6,1,enron_full_143076,exact_ref,4598.146,1,0,71716,4590016
fuzzydedup,4,1,enron_full_143076,exact_ref,3694.110,1,0,53572,3428800
fuzzydedup,5,1,enron_full_143076,exact_ref,4522.658,1,0,63158,4042304
fuzzydedup,4,1,enron_full_144720,no_exact_ref,604.803,0,5,1891,121024
fuzzydedup,5,1,enron_full_144720,no_exact_ref,577.598,0,6,2621,167872
fuzzydedup,6,1,enron_full_144720,no_exact_ref,506.693,0,7,3758,240704
fuzzydedup,5,1,enron_full_144759,no_exact_ref,8669.224,0,6,159592,10213888
fuzzydedup,6,1,enron_full_144759,no_exact_ref,12013.531,0,7,184939,11836096
fuzzydedup,4,1,enron_full_144759,no_exact_ref,7561.670,0,5,132999,8511936
fuzzydedup,6,1,enron_full_145061,exact_ref,5244.942,1,0,59774,3825728
fuzzydedup,4,1,enron_full_145061,exact_ref,3008.919,1,0,37029,2370048
fuzzydedup,5,1,enron_full_145061,exact_ref,3548.240,1,0,48080,3077312
fuzzydedup,4,1,enron_full_146696,exact_ref,2230.622,1,0,26872,1720000
fuzzydedup,5,1,enron_full_146696,exact_ref,2776.683,1,0,35118,2247744
fuzzydedup,6,1,enron_full_146696,exact_ref,3347.702,1,0,44563,2852224
fuzzydedup,5,1,enron_full_148007,exact_ref,3378.168,1,0,45949,2940928
fuzzydedup,6,1,enron_full_148007,exact_ref,2957.743,1,0,51597,3302400
fuzzydedup,4,1,enron_full_148007,exact_ref,2434.557,1,0,39727,2542720
fuzzydedup,6,1,enron_full_148315,exact_ref,2908.342,1,0,44580,2853312
fuzzydedup,4,1,enron_full_148315,exact_ref,2495.311,1,0,26889,1721088
fuzzydedup,5,1,enron_full_148315,exact_ref,3265.198,1,0,35135,2248832
fuzzydedup,4,1,enron_full_148338,exact_ref,5039.009,1,0,63688,4076928
fuzzydedup,5,1,enron_full_148338,exact_ref,5243.610,1,0,79599,5095232
fuzzydedup,6,1,enron_full_148338,exact_ref,7221.305,1,0,95818,6133248
fuzzydedup,5,1,enron_full_149174,exact_ref,3607.962,1,0,48114,3079488
fuzzydedup,6,1,enron_full_149174,exact_ref,4022.668,1,0,59808,3827904
fuzzydedup,4,1,enron_full_149174,exact_ref,2892.658,1,0,37063,2372224
fuzzydedup,6,1,enron_full_149842,exact_ref,5949.880,1,0,89032,5698368
fuzzydedup,4,1,enron_full_149842,exact_ref,5017.309,1,0,63877,4088448
fuzzydedup,5,1,enron_full_149842,exact_ref,4304.015,1,0,77225,4942720
fuzzydedup,4,1,enron_full_150562,exact_ref,4602.746,1,0,65750,4208192
fuzzydedup,5,1,enron_full_150562,exact_ref,5708.834,1,0,79572,5092800
fuzzydedup,6,1,enron_full_150562,exact_ref,5051.674,1,0,92920,5947072
fuzzydedup,5,1,enron_full_151773,no_exact_ref,6027.925,0,6,116994,7487616
fuzzydedup,6,1,enron_full_151773,no_exact_ref,7627.024,0,7,137129,8776256
fuzzydedup,4,1,enron_full_151773,no_exact_ref,5259.569,0,5,95838,6133632
fuzzydedup,6,1,enron_full_152307,exact_ref,7405.395,1,0,100179,6411648
fuzzydedup,4,1,enron_full_152307,exact_ref,5046.519,1,0,69138,4425024
fuzzydedup,5,1,enron_full_152307,exact_ref,5864.113,1,0,84671,5419136
fuzzydedup,4,1,enron_full_152987,exact_ref,352.999,1,0,2716,174016
fuzzydedup,5,1,enron_full_152987,exact_ref,375.506,1,0,3648,233664
fuzzydedup,6,1,enron_full_152987,exact_ref,911.041,1,0,4565,292352
fuzzydedup,5,1,enron_full_153167,exact_ref,4390.779,1,0,57973,3711872
fuzzydedup,6,1,enron_full_153167,exact_ref,4057.297,1,0,65403,4187520
fuzzydedup,4,1,enron_full_153167,exact_ref,3374.501,1,0,49415,3163456
fuzzydedup,6,1,enron_full_154125,no_exact_ref,3835.550,0,7,54205,3469248
fuzzydedup,4,1,enron_full_154125,no_exact_ref,2511.770,0,5,35794,2290816
fuzzydedup,5,1,enron_full_154125,no_exact_ref,3326.695,0,6,44800,2867264
fuzzydedup,4,1,enron_full_154648,no_exact_ref,7275.396,0,5,127462,8157568
fuzzydedup,5,1,enron_full_154648,no_exact_ref,9102.812,0,6,153267,9809088
fuzzydedup,6,1,enron_full_154648,no_exact_ref,8772.869,0,7,177736,11375104
fuzzydedup,5,1,enron_full_155829,exact_ref,6733.565,1,0,83830,5365312
fuzzydedup,6,1,enron_full_155829,exact_ref,5438.068,1,0,99802,6387520
fuzzydedup,4,1,enron_full_155829,exact_ref,3915.053,1,0,67423,4315264
fuzzydedup,6,1,enron_full_156626,exact_ref,5229.994,1,0,93098,5958464
fuzzydedup,4,1,enron_full_156626,exact_ref,4295.767,1,0,65928,4219584
fuzzydedup,5,1,enron_full_156626,exact_ref,4364.219,1,0,79750,5104192
fuzzydedup,4,1,enron_full_156811,exact_ref,3120.446,1,0,44707,2861440
fuzzydedup,5,1,enron_full_156811,exact_ref,4001.192,1,0,58036,3714496
fuzzydedup,6,1,enron_full_156811,exact_ref,4713.651,1,0,72233,4623104
fuzzydedup,5,1,enron_full_158640,exact_ref,729.378,1,0,8450,540992
fuzzydedup,6,1,enron_full_158640,exact_ref,675.345,1,0,9009,576768
fuzzydedup,4,1,enron_full_158640,exact_ref,605.748,1,0,7744,495808
fuzzydedup,6,1,enron_full_159222,exact_ref,5784.862,1,0,100268,6417344
fuzzydedup,4,1,enron_full_159222,exact_ref,4349.961,1,0,69227,4430720
fuzzydedup,5,1,enron_full_159222,exact_ref,5431.384,1,0,84760,5424832
fuzzydedup,4,1,enron_full_159570,exact_ref,4189.994,1,0,68974,4414528
fuzzydedup,5,1,enron_full_159570,exact_ref,4899.123,1,0,84482,5407040
fuzzydedup,6,1,enron_full_159570,exact_ref,5896.256,1,0,98865,6327552
fuzzydedup,5,1,enron_full_159687,exact_ref,4619.229,1,0,79598,5094848
fuzzydedup,6,1,enron_full_159687,exact_ref,5358.301,1,0,93420,5979456
fuzzydedup,4,1,enron_full_159687,exact_ref,5265.274,1,0,65215,4174336
fuzzydedup,6,1,enron_full_161067,exact_ref,979.161,1,0,12695,812672
fuzzydedup,4,1,enron_full_161067,exact_ref,898.552,1,0,10874,696128
fuzzydedup,5,1,enron_full_161067,exact_ref,758.033,1,0,11989,767488
fuzzydedup,4,1,enron_full_161301,exact_ref,1317.958,1,0,18643,1193344
fuzzydedup,5,1,enron_full_161301,exact_ref,1273.344,1,0,21032,1346240
fuzzydedup,6,1,enron_full_161301,exact_ref,1429.285,1,0,22847,1462400
fuzzydedup,5,1,enron_full_161404,exact_ref,1724.543,1,0,20206,1293376
fuzzydedup,6,1,enron_full_161404,exact_ref,1936.601,1,0,25266,1617216
fuzzydedup,4,1,enron_full_161404,exact_ref,1367.196,1,0,14970,958272
fuzzydedup,6,1,enron_full_161839,no_exact_ref,992.902,0,7,8031,513984
fuzzydedup,4,1,enron_full_161839,no_exact_ref,334.388,0,5,5247,335808
fuzzydedup,5,1,enron_full_161839,no_exact_ref,912.514,0,6,6528,417792
fuzzydedup,4,1,enron_full_162338,exact_ref,4265.219,1,0,48975,3134592
fuzzydedup,5,1,enron_full_162338,exact_ref,4137.827,1,0,63172,4043200
fuzzydedup,6,1,enron_full_162338,exact_ref,5399.369,1,0,77884,4984768
fuzzydedup,5,1,enron_full_163700,no_exact_ref,9203.219,0,6,154598,9894272
fuzzydedup,6,1,enron_full_163700,no_exact_ref,10016.839,0,7,180015,11520960
fuzzydedup,4,1,enron_full_163700,no_exact_ref,8222.428,0,5,128135,8200640
fuzzydedup,6,1,enron_full_163994,exact_ref,6009.757,1,0,98878,6328448
fuzzydedup,4,1,enron_full_163994,exact_ref,5514.971,1,0,67206,4301376
fuzzydedup,5,1,enron_full_163994,exact_ref,5045.261,1,0,82967,5310080
fuzzydedup,4,1,enron_full_164128,no_exact_ref,7419.537,0,5,137103,8774592
fuzzydedup,5,1,enron_full_164128,no_exact_ref,8639.713,0,6,164671,10538944
fuzzydedup,6,1,enron_full_164128,no_exact_ref,8865.150,0,7,190614,12199360
fuzzydedup,5,1,enron_full_164251,exact_ref,5353.694,1,0,80358,5143104
fuzzydedup,6,1,enron_full_164251,exact_ref,4918.336,1,0,93706,5997376
fuzzydedup,4,1,enron_full_164251,exact_ref,3900.562,1,0,66536,4258496
fuzzydedup,6,1,enron_full_164751,no_exact_ref,10559.732,0,7,194644,12457216
fuzzydedup,4,1,enron_full_164751,no_exact_ref,6875.230,0,5,139516,8929024
fuzzydedup,5,1,enron_full_164751,no_exact_ref,8036.085,0,6,168125,10760000
fuzzydedup,4,1,enron_full_164805,no_exact_ref,6843.839,0,5,140955,9021120
fuzzydedup,5,1,enron_full_164805,no_exact_ref,8465.127,0,6,169489,10847296
fuzzydedup,6,1,enron_full_164805,no_exact_ref,9112.312,0,7,197034,12610176
fuzzydedup,5,1,enron_full_165550,no_exact_ref,8502.560,0,6,169864,10871296
fuzzydedup,6,1,enron_full_165550,no_exact_ref,9476.805,0,7,197015,12608960
fuzzydedup,4,1,enron_full_165550,no_exact_ref,7363.858,0,5,141284,9042176
fuzzydedup,6,1,enron_full_165951,exact_ref,3453.167,1,0,53384,3416768
fuzzydedup,4,1,enron_full_165951,exact_ref,2415.523,1,0,32277,2065920
fuzzydedup,5,1,enron_full_165951,exact_ref,2745.507,1,0,42333,2709504
fuzzydedup,4,1,enron_full_167260,exact_ref,4395.471,1,0,67858,4345792
fuzzydedup,5,1,enron_full_167260,exact_ref,5186.424,1,0,84265,5397376
fuzzydedup,6,1,enron_full_167260,exact_ref,5534.852,1,0,100237,6421568
fuzzydedup,5,1,enron_full_168469,exact_ref,1837.804,1,0,27963,1789824
fuzzydedup,6,1,enron_full_168469,exact_ref,1929.914,1,0,30911,1978496
fuzzydedup,4,1,enron_full_168469,exact_ref,1663.516,1,0,24480,1566912
fuzzydedup,6,1,enron_full_168971,exact_ref,4284.674,1,0,72365,4631552
fuzzydedup,4,1,enron_full_168971,exact_ref,3211.309,1,0,54221,3470336
fuzzydedup,5,1,enron_full_168971,exact_ref,3433.558,1,0,63807,4083840
fuzzydedup,4,1,enron_full_170176,no_exact_ref,3337.578,0,5,56325,3604800
fuzzydedup,5,1,enron_full_170176,no_exact_ref,3893.358,0,6,69703,4460992
fuzzydedup,6,1,enron_full_170176,no_exact_ref,4749.030,0,7,83781,5361984
fuzzydedup,5,1,enron_full_170711,exact_ref,1389.186,1,0,20246,1295936
fuzzydedup,6,1,enron_full_170711,exact_ref,1404.674,1,0,22061,1412096
fuzzydedup,4,1,enron_full_170711,exact_ref,1256.260,1,0,17857,1143040
fuzzydedup,6,1,enron_full_170765,exact_ref,5742.559,1,0,94400,6041792
fuzzydedup,4,1,enron_full_170765,exact_ref,4375.828,1,0,61774,3953728
fuzzydedup,5,1,enron_full_170765,exact_ref,4651.815,1,0,77993,4991744
fuzzydedup,4,1,enron_full_170860,no_exact_ref,7332.758,0,5,139973,8958272
fuzzydedup,5,1,enron_full_170860,no_exact_ref,8707.514,0,6,168810,10803840
fuzzydedup,6,1,enron_full_170860,no_exact_ref,8943.770,0,7,194887,12472768
fuzzydedup,5,1,enron_full_171509,exact_ref,387.731,1,0,1367,87680
fuzzydedup,6,1,enron_full_171509,exact_ref,374.629,1,0,1456,93376
fuzzydedup,4,1,enron_full_171509,exact_ref,315.051,1,0,1283,82304
fuzzydedup,6,1,enron_full_171797,no_exact_ref,3192.058,0,7,54205,3469120
fuzzydedup,4,1,enron_full_171797,no_exact_ref,2074.839,0,5,35794,2290816
fuzzydedup,5,1,enron_full_171797,no_exact_ref,2340.332,0,6,44800,2867200
fuzzydedup,4,1,enron_full_172609,no_exact_ref,6972.055,0,5,139516,8929024
fuzzydedup,5,1,enron_full_172609,no_exact_ref,8104.659,0,6,168125,10760000
fuzzydedup,6,1,enron_full_172609,no_exact_ref,8986.485,0,7,194644,12457216
fuzzydedup,5,1,enron_full_174436,exact_ref,5477.411,1,0,79735,5103232
fuzzydedup,6,1,enron_full_174436,exact_ref,5817.025,1,0,95707,6125760
fuzzydedup,4,1,enron_full_174436,exact_ref,4712.573,1,0,63328,4053184
fuzzydedup,6,1,enron_full_174861,exact_ref,5205.499,1,0,84910,5434432
fuzzydedup,4,1,enron_full_174861,exact_ref,4095.448,1,0,62421,3995136
fuzzydedup,5,1,enron_full_174861,exact_ref,4573.876,1,0,74228,4750784
fuzzydedup,4,1,enron_full_175011,no_exact_ref,6227.034,0,5,100182,6411648
fuzzydedup,5,1,enron_full_175011,no_exact_ref,6803.150,0,6,122217,7821888
fuzzydedup,6,1,enron_full_175011,no_exact_ref,7365.914,0,7,144058,9219712
fuzzydedup,5,1,enron_full_176124,exact_ref,3477.210,1,0,52651,3369856
fuzzydedup,6,1,enron_full_176124,exact_ref,3611.686,1,0,58873,3768064
fuzzydedup,4,1,enron_full_176124,exact_ref,3081.946,1,0,45221,2894336
fuzzydedup,6,1,enron_full_176753,exact_ref,6521.502,1,0,100514,6433088
fuzzydedup,4,1,enron_full_176753,exact_ref,4796.267,1,0,68135,4360832
fuzzydedup,5,1,enron_full_176753,exact_ref,5578.364,1,0,84542,5410880
fuzzydedup,4,1,enron_full_178212,exact_ref,1866.791,1,0,21837,1397760
fuzzydedup,5,1,enron_full_178212,exact_ref,2108.152,1,0,28611,1831296
fuzzydedup,6,1,enron_full_178212,exact_ref,2806.148,1,0,36063,2308224
fuzzydedup,5,1,enron_full_178550,exact_ref,4102.062,1,0,64081,4101376
fuzzydedup,6,1,enron_full_178550,exact_ref,4378.079,1,0,72639,4649088
fuzzydedup,4,1,enron_full_178550,exact_ref,3588.067,1,0,54495,3487872
fuzzydedup,6,1,enron_full_179413,exact_ref,5338.000,1,0,90367,5783680
fuzzydedup,4,1,enron_full_179413,exact_ref,4431.178,1,0,65212,4173760
fuzzydedup,5,1,enron_full_179413,exact_ref,4747.142,1,0,78560,5028032
fuzzydedup,4,1,enron_full_179791,exact_ref,4948.850,1,0,69720,4462272
fuzzydedup,5,1,enron_full_179791,exact_ref,5277.719,1,0,84103,5382784
fuzzydedup,6,1,enron_full_179791,exact_ref,5753.665,1,0,97925,6267392
fuzzydedup,5,1,enron_full_180640,exact_ref,4759.990,1,0,78585,5029632
fuzzydedup,6,1,enron_full_180640,exact_ref,5188.051,1,0,90392,5785280
fuzzydedup,4,1,enron_full_180640,exact_ref,4154.063,1,0,65237,4175360
fuzzydedup,6,1,enron_full_181037,exact_ref,4288.610,1,0,64384,4120768
fuzzydedup,4,1,enron_full_181037,exact_ref,2889.137,1,0,39361,2519296
fuzzydedup,5,1,enron_full_181037,exact_ref,3071.106,1,0,51055,3267712
fuzzydedup,4,1,enron_full_181456,exact_ref,3693.705,1,0,55966,3582016
fuzzydedup,5,1,enron_full_181456,exact_ref,3711.607,1,0,66648,4265792
fuzzydedup,6,1,enron_full_181456,exact_ref,3979.230,1,0,76234,4879872
fuzzydedup,5,1,enron_full_181872,exact_ref,5260.846,1,0,93701,5997056
fuzzydedup,6,1,enron_full_181872,exact_ref,5528.967,1,0,109234,6991168
fuzzydedup,4,1,enron_full_181872,exact_ref,4466.755,1,0,77729,4974848
fuzzydedup,6,1,enron_full_181885,exact_ref,4247.471,1,0,66625,4264192
fuzzydedup,4,1,enron_full_181885,exact_ref,2906.573,1,0,41602,2662720
fuzzydedup,5,1,enron_full_181885,exact_ref,3299.330,1,0,53296,3411136
fuzzydedup,4,1,enron_full_182915,exact_ref,4398.444,1,0,69650,4457792
fuzzydedup,5,1,enron_full_182915,exact_ref,4805.023,1,0,84033,5378304
fuzzydedup,6,1,enron_full_182915,exact_ref,5147.823,1,0,97855,6262912
fuzzydedup,5,1,enron_full_182942,exact_ref,3186.201,1,0,48769,3121408
fuzzydedup,6,1,enron_full_182942,exact_ref,3719.695,1,0,60463,3869824
fuzzydedup,4,1,enron_full_182942,exact_ref,2791.584,1,0,37718,2414144
fuzzydedup,6,1,enron_full_183169,exact_ref,1888.199,1,0,25714,1645888
fuzzydedup,4,1,enron_full_183169,exact_ref,1356.793,1,0,15418,986944
fuzzydedup,5,1,enron_full_183169,exact_ref,1464.934,1,0,20654,1322048
fuzzydedup,4,1,enron_full_183297,exact_ref,4475.955,1,0,64770,4145472
fuzzydedup,5,1,enron_full_183297,exact_ref,4928.951,1,0,80681,5163776
fuzzydedup,6,1,enron_full_183297,exact_ref,5567.821,1,0,96900,6201792
fuzzydedup,5,1,enron_full_183379,exact_ref,5065.531,1,0,83310,5332032
fuzzydedup,6,1,enron_full_183379,exact_ref,5469.432,1,0,99717,6382080
fuzzydedup,4,1,enron_full_183379,exact_ref,4043.177,1,0,67091,4294016
fuzzydedup,6,1,enron_full_183388,exact_ref,2022.914,1,0,33609,2151168
fuzzydedup,4,1,enron_full_183388,exact_ref,1860.597,1,0,27178,1739584
fuzzydedup,5,1,enron_full_183388,exact_ref,1904.408,1,0,30661,1962496
fuzzydedup,4,1,enron_full_183934,exact_ref,2224.135,1,0,35760,2288832
fuzzydedup,5,1,enron_full_183934,exact_ref,2333.404,1,0,41408,2650304
fuzzydedup,6,1,enron_full_183934,exact_ref,2408.304,1,0,46010,2944832
fuzzydedup,5,1,enron_full_184508,exact_ref,5560.142,1,0,86007,5504640
fuzzydedup,6,1,enron_full_184508,exact_ref,6069.856,1,0,101540,6498752
fuzzydedup,4,1,enron_full_184508,exact_ref,4547.491,1,0,70035,4482432
fuzzydedup,6,1,enron_full_185731,no_exact_ref,3287.462,0,7,54205,3469120
fuzzydedup,4,1,enron_full_185731,no_exact_ref,2348.112,0,5,35794,2290816
fuzzydedup,5,1,enron_full_185731,no_exact_ref,2581.448,0,6,44800,2867200
fuzzydedup,4,1,enron_full_186258,exact_ref,4351.901,1,0,66944,4284608
fuzzydedup,5,1,enron_full_186258,exact_ref,4870.637,1,0,83163,5322624
fuzzydedup,6,1,enron_full_186258,exact_ref,5552.599,1,0,99570,6372672
fuzzydedup,5,1,enron_full_186778,exact_ref,2752.002,1,0,39849,2550528
fuzzydedup,6,1,enron_full_186778,exact_ref,3274.551,1,0,49905,3194112
fuzzydedup,4,1,enron_full_186778,exact_ref,2440.744,1,0,30404,1946048
fuzzydedup,6,1,enron_full_187181,exact_ref,5030.271,1,0,90428,5787584
fuzzydedup,4,1,enron_full_187181,exact_ref,4468.225,1,0,65273,4177664
fuzzydedup,5,1,enron_full_187181,exact_ref,4504.039,1,0,78621,5031936
fuzzydedup,4,1,enron_full_187432,exact_ref,4162.544,1,0,67348,4310464
fuzzydedup,5,1,enron_full_187432,exact_ref,4452.164,1,0,81170,5195072
fuzzydedup,6,1,enron_full_187432,exact_ref,4817.731,1,0,94518,6049344
fuzzydedup,5,1,enron_full_187706,exact_ref,5041.724,1,0,73356,4694976
fuzzydedup,6,1,enron_full_187706,exact_ref,5107.990,1,0,89117,5703680
fuzzydedup,4,1,enron_full_187706,exact_ref,4243.835,1,0,58095,3718272
fuzzydedup,6,1,enron_full_188453,exact_ref,5875.892,1,0,96225,6158592
fuzzydedup,4,1,enron_full_188453,exact_ref,4028.890,1,0,64095,4102272
fuzzydedup,5,1,enron_full_188453,exact_ref,4540.839,1,0,80006,5120576
fuzzydedup,4,1,enron_full_189842,exact_ref,1692.448,1,0,22612,1447360
fuzzydedup,5,1,enron_full_189842,exact_ref,1751.822,1,0,25560,1636032
fuzzydedup,6,1,enron_full_189842,exact_ref,1650.888,1,0,27949,1788928
fuzzydedup,5,1,enron_full_189980,exact_ref,4972.596,1,0,80694,5164608
fuzzydedup,6,1,enron_full_189980,exact_ref,4851.923,1,0,94042,6018880
fuzzydedup,4,1,enron_full_189980,exact_ref,3989.477,1,0,66872,4280000
fuzzydedup,6,1,enron_full_191466,exact_ref,5975.454,1,0,101442,6492544
fuzzydedup,4,1,enron_full_191466,exact_ref,4739.922,1,0,69937,4476160
fuzzydedup,5,1,enron_full_191466,exact_ref,5118.443,1,0,85909,5498368
fuzzydedup,4,1,enron_full_191744,no_exact_ref,7454.273,0,5,137769,8817216
fuzzydedup,5,1,enron_full_191744,no_exact_ref,8111.905,0,6,164996,10559872
fuzzydedup,6,1,enron_full_191744,no_exact_ref,10219.220,0,7,191555,12259648
fuzzydedup,5,1,enron_full_191882,exact_ref,106.661,1,0,698,44864
fuzzydedup,6,1,enron_full_191882,exact_ref,89.693,1,0,802,51520
fuzzydedup,4,1,enron_full_191882,exact_ref,75.647,1,0,546,35136
fuzzydedup,6,1,enron_full_193162,exact_ref,202.164,1,0,2456,157376
fuzzydedup,4,1,enron_full_193162,exact_ref,141.855,1,0,1551,99456
fuzzydedup,5,1,enron_full_193162,exact_ref,168.600,1,0,1952,125120
fuzzydedup,4,1,enron_full_195402,exact_ref,4506.061,1,0,68319,4372608
fuzzydedup,5,1,enron_full_195402,exact_ref,5663.711,1,0,84726,5422656
fuzzydedup,6,1,enron_full_195402,exact_ref,6356.132,1,0,100698,6444864
fuzzydedup,5,1,enron_full_195600,exact_ref,5568.430,1,0,84749,5440448
fuzzydedup,6,1,enron_full_195600,exact_ref,6304.765,1,0,100721,6471488
fuzzydedup,4,1,enron_full_195600,exact_ref,4802.363,1,0,68342,4382080
fuzzydedup,6,1,enron_full_195759,exact_ref,3265.836,1,0,52406,3354176
fuzzydedup,4,1,enron_full_195759,exact_ref,2857.785,1,0,40536,2594496
fuzzydedup,5,1,enron_full_195759,exact_ref,3061.429,1,0,46758,2992704
fuzzydedup,4,1,enron_full_196134,exact_ref,2528.148,1,0,35584,2277568
fuzzydedup,5,1,enron_full_196134,exact_ref,2631.020,1,0,41232,2639040
fuzzydedup,6,1,enron_full_196134,exact_ref,2802.819,1,0,45834,2933568
fuzzydedup,5,1,enron_full_197175,exact_ref,5845.684,1,0,85478,5471360
fuzzydedup,6,1,enron_full_197175,exact_ref,6164.593,1,0,99861,6393920
fuzzydedup,4,1,enron_full_197175,exact_ref,4801.747,1,0,69970,4478272
fuzzydedup,6,1,enron_full_197216,exact_ref,5990.786,1,0,99461,6365696
fuzzydedup,4,1,enron_full_197216,exact_ref,4767.912,1,0,66835,4277632
fuzzydedup,5,1,enron_full_197216,exact_ref,4906.876,1,0,83054,5315648
fuzzydedup,4,1,enron_full_197678,exact_ref,2472.427,1,0,40493,2591744
fuzzydedup,5,1,enron_full_197678,exact_ref,2640.721,1,0,46715,2989952
fuzzydedup,6,1,enron_full_197678,exact_ref,3004.068,1,0,52363,3351424
fuzzydedup,5,1,enron_full_198102,exact_ref,5329.209,1,0,80676,5163456
fuzzydedup,6,1,enron_full_198102,exact_ref,5649.276,1,0,94024,6017728
fuzzydedup,4,1,enron_full_198102,exact_ref,4567.633,1,0,66854,4278848
fuzzydedup,6,1,enron_full_198996,exact_ref,6096.809,1,0,93844,6006208
fuzzydedup,4,1,enron_full_198996,exact_ref,4724.111,1,0,62172,3979200
fuzzydedup,5,1,enron_full_198996,exact_ref,5148.435,1,0,77933,4987904
fuzzydedup,4,1,enron_full_200327,exact_ref,4762.269,1,0,67697,4332800
fuzzydedup,5,1,enron_full_200327,exact_ref,5293.753,1,0,81519,5217408
fuzzydedup,6,1,enron_full_200327,exact_ref,5652.396,1,0,94867,6071680
fuzzydedup,5,1,enron_full_200476,exact_ref,340.788,1,0,497,32000
fuzzydedup,6,1,enron_full_200476,exact_ref,332.663,1,0,521,33536
fuzzydedup,4,1,enron_full_200476,exact_ref,311.501,1,0,466,30016
fuzzydedup,6,1,enron_full_201608,exact_ref,3269.270,1,0,52835,3381632
fuzzydedup,4,1,enron_full_201608,exact_ref,2843.460,1,0,40965,2621952
fuzzydedup,5,1,enron_full_201608,exact_ref,3061.281,1,0,47187,3020160
fuzzydedup,4,1,enron_full_202547,exact_ref,5099.089,1,0,70935,4540032
fuzzydedup,5,1,enron_full_202547,exact_ref,5645.087,1,0,86443,5532544
fuzzydedup,6,1,enron_full_202547,exact_ref,6101.011,1,0,100826,6453056
fuzzydedup,5,1,enron_full_202611,no_exact_ref,3540.175,0,6,50020,3201280
fuzzydedup,6,1,enron_full_202611,no_exact_ref,3839.631,0,7,60498,3871872
fuzzydedup,4,1,enron_full_202611,no_exact_ref,2567.217,0,5,40217,2573888
fuzzydedup,6,1,enron_full_203046,exact_ref,5796.448,1,0,94146,6025536
fuzzydedup,4,1,enron_full_203046,exact_ref,4043.333,1,0,62474,3998528
fuzzydedup,5,1,enron_full_203046,exact_ref,4957.824,1,0,78235,5007232
fuzzydedup,4,1,enron_full_204937,exact_ref,2809.590,1,0,34213,2189824
fuzzydedup,5,1,enron_full_204937,exact_ref,3203.977,1,0,44269,2833408
fuzzydedup,6,1,enron_full_204937,exact_ref,3812.165,1,0,55320,3540864
fuzzydedup,5,1,enron_full_205754,exact_ref,5378.500,1,0,81248,5200064
fuzzydedup,6,1,enron_full_205754,exact_ref,5672.075,1,0,94596,6054464
fuzzydedup,4,1,enron_full_205754,exact_ref,4593.930,1,0,67426,4315456
fuzzydedup,6,1,enron_full_205846,exact_ref,6455.366,1,0,101853,6518784
fuzzydedup,4,1,enron_full_205846,exact_ref,4930.124,1,0,70348,4502464
fuzzydedup,5,1,enron_full_205846,exact_ref,5300.041,1,0,86320,5524672
fuzzydedup,4,1,enron_full_206132,exact_ref,3728.710,1,0,49685,3180032
fuzzydedup,5,1,enron_full_206132,exact_ref,4141.707,1,0,63882,4088640
fuzzydedup,6,1,enron_full_206132,exact_ref,5184.603,1,0,78594,5030208
fuzzydedup,5,1,enron_full_206426,exact_ref,5766.455,1,0,86765,5553472
fuzzydedup,6,1,enron_full_206426,exact_ref,6437.141,1,0,102298,6547584
fuzzydedup,4,1,enron_full_206426,exact_ref,4973.099,1,0,70793,4531264
fuzzydedup,6,1,enron_full_206631,no_exact_ref,7829.024,0,7,144058,9219712
fuzzydedup,4,1,enron_full_206631,no_exact_ref,6358.606,0,5,100182,6411648
fuzzydedup,5,1,enron_full_206631,no_exact_ref,7268.367,0,6,122217,7821888
fuzzydedup,4,1,enron_full_206780,exact_ref,3198.062,1,0,45831,2933376
fuzzydedup,5,1,enron_full_206780,exact_ref,3910.789,1,0,59160,3786432
fuzzydedup,6,1,enron_full_206780,exact_ref,4450.723,1,0,73357,4695040
fuzzydedup,5,1,enron_full_207863,exact_ref,1372.761,1,0,12980,830912
fuzzydedup,6,1,enron_full_207863,exact_ref,1429.952,1,0,16302,1043520
fuzzydedup,4,1,enron_full_207863,exact_ref,1173.478,1,0,9953,637184
fuzzydedup,6,1,enron_full_208242,exact_ref,1705.922,1,0,23380,1496512
fuzzydedup,4,1,enron_full_208242,exact_ref,1346.237,1,0,19176,1227456
fuzzydedup,5,1,enron_full_208242,exact_ref,1361.827,1,0,21565,1380352
fuzzydedup,4,1,enron_full_208362,exact_ref,5031.941,1,0,70382,4504640
fuzzydedup,5,1,enron_full_208362,exact_ref,5421.634,1,0,86354,5526848
fuzzydedup,6,1,enron_full_208362,exact_ref,5860.499,1,0,101887,6520960
fuzzydedup,5,1,enron_full_209030,exact_ref,1525.477,1,0,16111,1031296
fuzzydedup,6,1,enron_full_209030,exact_ref,1579.113,1,0,20307,1299840
fuzzydedup,4,1,enron_full_209030,exact_ref,1077.977,1,0,12275,785792
fuzzydedup,6,1,enron_full_209358,exact_ref,3994.229,1,0,66563,4260224
fuzzydedup,4,1,enron_full_209358,exact_ref,3160.140,1,0,50575,3236992
fuzzydedup,5,1,enron_full_209358,exact_ref,3142.963,1,0,59133,3784704
fuzzydedup,4,1,enron_full_209479,exact_ref,4359.870,1,0,65592,4198080
fuzzydedup,5,1,enron_full_209479,exact_ref,5356.815,1,0,81503,5216384
fuzzydedup,6,1,enron_full_209479,exact_ref,5756.529,1,0,97722,6254400
fuzzydedup,5,1,enron_full_209859,exact_ref,5130.430,1,0,85992,5504896
fuzzydedup,6,1,enron_full_209859,exact_ref,6195.270,1,0,100375,6425600
fuzzydedup,4,1,enron_full_209859,exact_ref,4894.354,1,0,70484,4512384
fuzzydedup,6,1,enron_full_209958,exact_ref,6382.154,1,0,102180,6539712
fuzzydedup,4,1,enron_full_209958,exact_ref,4951.393,1,0,71139,4553088
fuzzydedup,5,1,enron_full_209958,exact_ref,5624.750,1,0,86672,5547200
fuzzydedup,4,1,enron_full_210032,no_exact_ref,3501.658,0,5,50202,3213312
fuzzydedup,5,1,enron_full_210032,no_exact_ref,4035.694,0,6,62674,4011520
fuzzydedup,6,1,enron_full_210032,no_exact_ref,2312.794,1,6,22881,1464576
fuzzydedup,5,1,enron_full_210772,exact_ref,4761.183,1,0,78919,5051008
fuzzydedup,6,1,enron_full_210772,exact_ref,5477.341,1,0,90726,5806656
fuzzydedup,4,1,enron_full_210772,exact_ref,4485.744,1,0,65571,4196736
fuzzydedup,6,1,enron_full_211094,no_exact_ref,9154.356,0,7,177736,11375104
fuzzydedup,4,1,enron_full_211094,no_exact_ref,6715.120,0,5,127462,8157568
fuzzydedup,5,1,enron_full_211094,no_exact_ref,7964.031,0,6,153267,9809088
fuzzydedup,4,1,enron_full_211389,exact_ref,2292.366,1,3,22943,1468544
fuzzydedup,5,1,enron_full_211389,exact_ref,2753.102,1,3,36765,2353152
fuzzydedup,6,1,enron_full_211389,exact_ref,3156.963,1,3,50113,3207424
fuzzydedup,5,1,enron_full_211892,no_exact_ref,8820.798,0,6,168125,10760000
fuzzydedup,6,1,enron_full_211892,no_exact_ref,9910.444,0,7,194644,12457216
fuzzydedup,4,1,enron_full_211892,no_exact_ref,7674.531,0,5,139516,8929024
fuzzydedup,6,1,enron_full_211966,no_exact_ref,9557.416,0,7,191555,12259520
fuzzydedup,4,1,enron_full_211966,no_exact_ref,7356.092,0,5,137769,8817216
fuzzydedup,5,1,enron_full_211966,no_exact_ref,9301.237,0,6,164996,10559744
fuzzydedup,4,1,enron_full_212202,no_exact_ref,3316.398,0,5,44983,2878912
fuzzydedup,5,1,enron_full_212202,no_exact_ref,3511.437,0,6,55915,3578560
fuzzydedup,6,1,enron_full_212202,no_exact_ref,3809.363,0,7,67711,4333504
fuzzydedup,5,1,enron_full_213178,no_exact_ref,8341.727,0,6,153267,9809088
fuzzydedup,6,1,enron_full_213178,no_exact_ref,8187.383,0,7,177736,11375104
fuzzydedup,4,1,enron_full_213178,no_exact_ref,6866.111,0,5,127462,8157568
fuzzydedup,6,1,enron_full_214684,exact_ref,1460.573,1,0,14615,935552
fuzzydedup,4,1,enron_full_214684,exact_ref,886.691,1,0,8902,569920
fuzzydedup,5,1,enron_full_214684,exact_ref,1221.439,1,0,11588,741824
fuzzydedup,4,1,enron_full_214861,exact_ref,4348.331,1,0,70521,4513536
fuzzydedup,5,1,enron_full_214861,exact_ref,4848.953,1,0,86493,5535744
fuzzydedup,6,1,enron_full_214861,exact_ref,6060.011,1,0,102026,6529856
fuzzydedup,5,1,enron_full_214866,exact_ref,5060.364,1,0,79555,5091712
fuzzydedup,6,1,enron_full_214866,exact_ref,5031.262,1,0,92903,5945984
fuzzydedup,4,1,enron_full_214866,exact_ref,4348.947,1,0,65733,4207104
fuzzydedup,6,1,enron_full_214883,exact_ref,3011.057,1,0,45146,2889536
fuzzydedup,4,1,enron_full_214883,exact_ref,2054.888,1,0,27455,1757312
fuzzydedup,5,1,enron_full_214883,exact_ref,2386.568,1,0,35701,2285056
fuzzydedup,4,1,enron_full_215380,exact_ref,4102.184,1,0,67518,4321344
fuzzydedup,5,1,enron_full_215380,exact_ref,4856.928,1,0,81340,5205952
fuzzydedup,6,1,enron_full_215380,exact_ref,4952.020,1,0,94688,6060224
fuzzydedup,5,1,enron_full_215696,exact_ref,1497.620,1,0,20692,1324480
fuzzydedup,6,1,enron_full_215696,exact_ref,1611.179,1,0,25752,1648320
fuzzydedup,4,1,enron_full_215696,exact_ref,1265.140,1,0,15456,989376
fuzzydedup,6,1,enron_full_216853,exact_ref,4020.148,1,0,66538,4258624
fuzzydedup,4,1,enron_full_216853,exact_ref,3657.490,1,0,50550,3235392
fuzzydedup,5,1,enron_full_216853,exact_ref,3245.706,1,0,59108,3783104
fuzzydedup,4,1,enron_full_218707,exact_ref,4305.106,1,0,62538,4002624
fuzzydedup,5,1,enron_full_218707,exact_ref,4735.202,1,0,78299,5011328
fuzzydedup,6,1,enron_full_218707,exact_ref,5780.921,1,0,94210,6029632
fuzzydedup,5,1,enron_full_219044,exact_ref,3706.712,1,0,64877,4152320
fuzzydedup,6,1,enron_full_219044,exact_ref,4079.830,1,0,73435,4700032
fuzzydedup,4,1,enron_full_219044,exact_ref,3442.047,1,0,55291,3538816
fuzzydedup,6,1,enron_full_219142,exact_ref,4381.804,1,0,79998,5120064
fuzzydedup,4,1,enron_full_219142,exact_ref,3544.659,1,0,59730,3822912
fuzzydedup,5,1,enron_full_219142,exact_ref,3859.911,1,0,70412,4506560
fuzzydedup,4,1,enron_full_219243,exact_ref,1653.167,1,0,24836,1589696
fuzzydedup,5,1,enron_full_219243,exact_ref,2483.777,1,0,32288,2066624
fuzzydedup,6,1,enron_full_219243,exact_ref,2857.548,1,0,40534,2594368
fuzzydedup,5,1,enron_full_219501,no_exact_ref,4891.253,0,6,85290,5458816
fuzzydedup,6,1,enron_full_219501,no_exact_ref,5450.613,0,7,102455,6557440
fuzzydedup,4,1,enron_full_219501,no_exact_ref,4074.807,0,5,69400,4441728
fuzzydedup,6,1,enron_full_219509,no_exact_ref,9720.387,0,7,186103,11910784
fuzzydedup,4,1,enron_full_219509,no_exact_ref,7001.476,0,5,133491,8543424
fuzzydedup,5,1,enron_full_219509,no_exact_ref,8441.576,0,6,160514,10273088
fuzzydedup,4,1,enron_full_219658,no_exact_ref,7228.101,0,5,133491,8543424
fuzzydedup,5,1,enron_full_219658,no_exact_ref,9021.485,0,6,160514,10272896
fuzzydedup,6,1,enron_full_219658,no_exact_ref,9326.475,0,7,186103,11910592
fuzzydedup,5,1,enron_full_220234,exact_ref,5164.845,1,0,83620,5351872
fuzzydedup,6,1,enron_full_220234,exact_ref,5948.401,1,0,100027,6401920
fuzzydedup,4,1,enron_full_220234,exact_ref,4725.418,1,0,67401,4313856
fuzzydedup,6,1,enron_full_220556,exact_ref,1993.463,1,0,25759,1648768
fuzzydedup,4,1,enron_full_220556,exact_ref,1420.467,1,0,15463,989824
fuzzydedup,5,1,enron_full_220556,exact_ref,1685.024,1,0,20699,1324928
fuzzydedup,4,1,enron_full_221304,exact_ref,4656.838,1,0,65313,4180224
fuzzydedup,5,1,enron_full_221304,exact_ref,5384.043,1,0,81224,5198528
fuzzydedup,6,1,enron_full_221304,exact_ref,6071.727,1,0,97443,6236544
fuzzydedup,5,1,enron_full_223253,exact_ref,841.058,1,0,5790,370752
fuzzydedup,6,1,enron_full_223253,exact_ref,872.395,1,0,7209,461568
fuzzydedup,4,1,enron_full_223253,exact_ref,718.242,1,0,4452,285120
fuzzydedup,6,1,enron_full_223630,exact_ref,3298.254,1,0,52790,3378752
fuzzydedup,4,1,enron_full_223630,exact_ref,2811.563,1,0,40920,2619072
fuzzydedup,5,1,enron_full_223630,exact_ref,2862.988,1,0,47142,3017280
fuzzydedup,4,1,enron_full_223933,exact_ref,3915.012,1,0,54270,3473472
fuzzydedup,5,1,enron_full_223933,exact_ref,5191.106,1,0,68982,4415040
fuzzydedup,6,1,enron_full_223933,exact_ref,5441.460,1,0,84243,5391744
fuzzydedup,5,1,enron_full_224076,exact_ref,2181.471,1,0,30746,1967936
fuzzydedup,6,1,enron_full_224076,exact_ref,2232.942,1,0,33694,2156608
fuzzydedup,4,1,enron_full_224076,exact_ref,1917.036,1,0,27263,1745024
fuzzydedup,6,1,enron_full_224176,exact_ref,6286.426,1,0,97261,6224896
fuzzydedup,4,1,enron_full_224176,exact_ref,4618.264,1,0,65131,4168576
fuzzydedup,5,1,enron_full_224176,exact_ref,5307.203,1,0,81042,5186880
fuzzydedup,4,1,enron_full_224421,exact_ref,4606.230,1,0,62097,3974400
fuzzydedup,5,1,enron_full_224421,exact_ref,5093.533,1,0,77858,4983104
fuzzydedup,6,1,enron_full_224421,exact_ref,5923.372,1,0,93769,6001408
fuzzydedup,5,1,enron_full_226002,no_exact_ref,7682.599,0,6,131204,8397056
fuzzydedup,6,1,enron_full_226002,no_exact_ref,8815.974,0,7,153889,9848896
fuzzydedup,4,1,enron_full_226002,no_exact_ref,6896.049,0,5,107991,6911424
fuzzydedup,6,1,enron_full_226675,exact_ref,5888.392,1,0,93895,6009472
fuzzydedup,4,1,enron_full_226675,exact_ref,4722.723,1,0,62223,3982464
fuzzydedup,5,1,enron_full_226675,exact_ref,5134.772,1,0,77984,4991168
fuzzydedup,4,1,enron_full_227135,exact_ref,4550.460,1,0,65555,4195712
fuzzydedup,5,1,enron_full_227135,exact_ref,4946.443,1,0,78903,5049984
fuzzydedup,6,1,enron_full_227135,exact_ref,5387.351,1,0,90710,5805632
fuzzydedup,5,1,enron_full_227290,no_exact_ref,9495.342,0,6,169489,10847296
fuzzydedup,6,1,enron_full_227290,no_exact_ref,10541.408,0,7,197034,12610176
fuzzydedup,4,1,enron_full_227290,no_exact_ref,7931.071,0,5,140955,9021120
fuzzydedup,6,1,enron_full_227315,exact_ref,5743.955,1,0,94864,6071488
fuzzydedup,4,1,enron_full_227315,exact_ref,4640.062,1,0,67694,4332608
fuzzydedup,5,1,enron_full_227315,exact_ref,5129.859,1,0,81516,5217216
fuzzydedup,4,1,enron_full_227317,no_exact_ref,4806.148,1,0,67481,4318976
fuzzydedup,5,1,enron_full_227317,no_exact_ref,5512.599,1,0,83700,5356992
fuzzydedup,6,1,enron_full_227317,no_exact_ref,6089.678,1,0,100107,6407040
fuzzydedup,5,1,enron_full_227401,exact_ref,3299.339,1,0,44733,2863104
fuzzydedup,6,1,enron_full_227401,exact_ref,3884.157,1,0,55784,3570368
fuzzydedup,4,1,enron_full_227401,exact_ref,2592.059,1,0,34677,2219520
fuzzydedup,6,1,enron_full_227576,exact_ref,3688.970,1,0,55873,3576064
fuzzydedup,4,1,enron_full_227576,exact_ref,2658.423,1,0,42221,2702336
fuzzydedup,5,1,enron_full_227576,exact_ref,3309.917,1,0,49651,3177856
fuzzydedup,4,1,enron_full_228518,exact_ref,3745.258,1,0,55557,3555840
fuzzydedup,5,1,enron_full_228518,exact_ref,4394.112,1,0,66239,4239488
fuzzydedup,6,1,enron_full_228518,exact_ref,4245.230,1,0,75825,4852992
fuzzydedup,5,1,enron_full_228640,exact_ref,5890.363,1,0,87335,5589632
fuzzydedup,6,1,enron_full_228640,exact_ref,6286.305,1,0,102868,6583744
fuzzydedup,4,1,enron_full_228640,exact_ref,4439.076,1,0,71363,4567424
fuzzydedup,6,1,enron_full_229065,exact_ref,119.408,1,0,1039,66688
fuzzydedup,4,1,enron_full_229065,exact_ref,94.797,1,0,698,44864
fuzzydedup,5,1,enron_full_229065,exact_ref,93.663,1,0,877,56320
fuzzydedup,4,1,enron_full_229125,exact_ref,758.742,1,0,5460,349632
fuzzydedup,5,1,enron_full_229125,exact_ref,867.553,1,0,7210,461632
fuzzydedup,6,1,enron_full_229125,exact_ref,888.758,1,0,9163,586624
fuzzydedup,5,1,enron_full_230449,exact_ref,4159.661,1,0,66042,4226880
fuzzydedup,6,1,enron_full_230449,exact_ref,4711.735,1,0,75628,4840384
fuzzydedup,4,1,enron_full_230449,exact_ref,3211.179,1,0,55360,3543232
fuzzydedup,6,1,enron_full_230615,exact_ref,4475.114,1,0,80636,5160896
fuzzydedup,4,1,enron_full_230615,exact_ref,3765.141,1,0,60368,3863744
fuzzydedup,5,1,enron_full_230615,exact_ref,4340.347,1,0,71050,4547392
fuzzydedup,4,1,enron_full_231206,exact_ref,3808.342,1,0,60703,3885184
fuzzydedup,5,1,enron_full_231206,exact_ref,3783.817,1,0,71385,4568832
fuzzydedup,6,1,enron_full_231206,exact_ref,4719.959,1,0,80971,5182336
fuzzydedup,5,1,enron_full_232509,exact_ref,1308.115,1,0,17810,1140032
fuzzydedup,6,1,enron_full_232509,exact_ref,1332.185,1,0,19352,1238720
fuzzydedup,4,1,enron_full_232509,exact_ref,1140.698,1,0,15995,1023872
fuzzydedup,6,1,enron_full_232529,exact_ref,5899.245,1,0,96621,6183936
fuzzydedup,4,1,enron_full_232529,exact_ref,4529.052,1,0,64242,4111680
fuzzydedup,5,1,enron_full_232529,exact_ref,5592.114,1,0,80649,5161728
fuzzydedup,4,1,enron_full_232592,exact_ref,4529.457,1,0,62742,4015680
fuzzydedup,5,1,enron_full_232592,exact_ref,4662.813,1,0,78503,5024384
fuzzydedup,6,1,enron_full_232592,exact_ref,5634.719,1,0,94414,6042688
fuzzydedup,5,1,enron_full_232830,exact_ref,3823.356,1,0,59902,3833920
fuzzydedup,6,1,enron_full_232830,exact_ref,3831.415,1,0,67332,4309440
fuzzydedup,4,1,enron_full_232830,exact_ref,3089.223,1,0,51344,3286208
fuzzydedup,6,1,enron_full_232998,exact_ref,6050.846,1,0,98047,6275200
fuzzydedup,4,1,enron_full_232998,exact_ref,4431.055,1,0,65917,4218880
fuzzydedup,5,1,enron_full_232998,exact_ref,4843.542,1,0,81828,5237184
fuzzydedup,4,1,enron_full_233012,exact_ref,4224.728,1,0,63988,4095424
fuzzydedup,5,1,enron_full_233012,exact_ref,4833.365,1,0,75795,4851072
fuzzydedup,6,1,enron_full_233012,exact_ref,5114.824,1,0,86477,5534720
fuzzydedup,5,1,enron_full_233273,exact_ref,5593.547,1,0,84283,5394304
fuzzydedup,6,1,enron_full_233273,exact_ref,6583.979,1,0,100690,6444352
fuzzydedup,4,1,enron_full_233273,exact_ref,4850.874,1,0,68064,4356288
fuzzydedup,6,1,enron_full_233711,exact_ref,6463.453,1,0,97153,6217984
fuzzydedup,4,1,enron_full_233711,exact_ref,4935.362,1,0,64774,4145728
fuzzydedup,5,1,enron_full_233711,exact_ref,5691.942,1,0,81181,5195776
fuzzydedup,4,1,enron_full_233845,exact_ref,4673.098,1,0,66282,4242240
fuzzydedup,5,1,enron_full_233845,exact_ref,11312.911,1,0,79630,5096512
fuzzydedup,6,1,enron_full_233845,exact_ref,11668.056,1,0,91437,5852160
fuzzydedup,5,1,enron_full_234397,exact_ref,7861.358,1,0,84512,5408960
fuzzydedup,6,1,enron_full_234397,exact_ref,7583.127,1,0,98895,6329472
fuzzydedup,4,1,enron_full_234397,exact_ref,5507.805,1,0,69004,4416448
fuzzydedup,6,1,enron_full_235427,exact_ref,1596.510,1,0,12967,830080
fuzzydedup,4,1,enron_full_235427,exact_ref,1051.401,1,0,7930,507712
fuzzydedup,5,1,enron_full_235427,exact_ref,1067.582,1,0,10281,658176
fuzzydedup,4,1,enron_full_237126,exact_ref,5771.331,1,0,71295,4563072
fuzzydedup,5,1,enron_full_237126,exact_ref,6435.923,1,0,86803,5555584
fuzzydedup,6,1,enron_full_237126,exact_ref,6939.328,1,0,101186,6476096
fuzzydedup,5,1,enron_full_238037,exact_ref,4404.309,1,0,53922,3451200
fuzzydedup,6,1,enron_full_238037,exact_ref,4726.504,1,0,60144,3849408
fuzzydedup,4,1,enron_full_238037,exact_ref,3407.577,1,0,46492,2975680
fuzzydedup,6,1,enron_full_238970,exact_ref,3194.920,1,0,36443,2332544
fuzzydedup,4,1,enron_full_238970,exact_ref,2022.461,1,0,22217,1422080
fuzzydedup,5,1,enron_full_238970,exact_ref,2262.137,1,0,28991,1855616
fuzzydedup,4,1,enron_full_239927,exact_ref,5414.603,1,0,46462,2973760
fuzzydedup,5,1,enron_full_239927,exact_ref,3995.100,1,0,53892,3449280
fuzzydedup,6,1,enron_full_239927,exact_ref,3972.164,1,0,60114,3847488
fuzzydedup,5,1,enron_full_240437,exact_ref,1820.391,1,0,21854,1398848
fuzzydedup,6,1,enron_full_240437,exact_ref,1852.862,1,0,23669,1515008
fuzzydedup,4,1,enron_full_240437,exact_ref,1599.651,1,0,19465,1245952
fuzzydedup,6,1,enron_full_240888,exact_ref,4681.458,1,5,66004,4226688
fuzzydedup,4,1,enron_full_240888,exact_ref,4276.604,1,4,59135,3786624
fuzzydedup,5,1,enron_full_240888,exact_ref,4111.786,1,5,55322,3542592
fuzzydedup,4,1,enron_full_241204,exact_ref,3082.172,1,0,36775,2353792
fuzzydedup,5,1,enron_full_241204,exact_ref,3067.291,1,0,42997,2752000
fuzzydedup,6,1,enron_full_241204,exact_ref,3201.557,1,0,48645,3113472
fuzzydedup,5,1,enron_full_242121,exact_ref,6357.008,1,0,84991,5439616
fuzzydedup,6,1,enron_full_242121,exact_ref,9283.549,1,0,100524,6433728
fuzzydedup,4,1,enron_full_242121,exact_ref,5523.575,1,0,69019,4417408
fuzzydedup,6,1,enron_full_242149,exact_ref,4580.512,1,0,60995,3903872
fuzzydedup,4,1,enron_full_242149,exact_ref,3231.729,1,0,38250,2448192
fuzzydedup,5,1,enron_full_242149,exact_ref,5665.250,1,0,49301,3155456
fuzzydedup,4,1,enron_full_242702,exact_ref,5579.245,1,0,62887,4024960
fuzzydedup,5,1,enron_full_242702,exact_ref,5769.993,1,0,78648,5033664
fuzzydedup,6,1,enron_full_242702,exact_ref,6550.206,1,0,94559,6051968
fuzzydedup,5,1,enron_full_242763,exact_ref,5872.243,1,0,74639,4777088
fuzzydedup,6,1,enron_full_242763,exact_ref,6499.214,1,0,90550,5795392
fuzzydedup,4,1,enron_full_242763,exact_ref,4978.585,1,0,58878,3768384
fuzzydedup,6,1,enron_full_243198,exact_ref,7210.831,1,0,97928,6267584
fuzzydedup,4,1,enron_full_243198,exact_ref,5541.443,1,0,66887,4280960
fuzzydedup,5,1,enron_full_243198,exact_ref,6227.600,1,0,82420,5275072
fuzzydedup,4,1,enron_full_243425,exact_ref,5235.186,1,0,63487,4063360
fuzzydedup,5,1,enron_full_243425,exact_ref,5953.868,1,0,79706,5101376
fuzzydedup,6,1,enron_full_243425,exact_ref,7059.687,1,0,96113,6151424
fuzzydedup,5,1,enron_full_244168,no_exact_ref,2323.310,1,0,25876,1656256
fuzzydedup,6,1,enron_full_244168,no_exact_ref,2482.306,1,0,32650,2089792
fuzzydedup,4,1,enron_full_244168,no_exact_ref,1906.026,1,0,19796,1267136
fuzzydedup,6,1,enron_full_244538,exact_ref,4544.437,1,0,60907,3898240
fuzzydedup,4,1,enron_full_244538,exact_ref,3172.089,1,0,38162,2442560
fuzzydedup,5,1,enron_full_244538,exact_ref,3904.740,1,0,49213,3149824
fuzzydedup,4,1,enron_full_244857,exact_ref,5325.466,1,0,68655,4394112
fuzzydedup,5,1,enron_full_244857,exact_ref,5785.931,1,0,82477,5278720
fuzzydedup,6,1,enron_full_244857,exact_ref,6233.778,1,0,95825,6132992
fuzzydedup,5,1,enron_full_244901,exact_ref,6354.179,1,0,86760,5552832
fuzzydedup,6,1,enron_full_244901,exact_ref,6850.435,1,0,101143,6473344
fuzzydedup,4,1,enron_full_244901,exact_ref,5516.939,1,0,71252,4560320
fuzzydedup,6,1,enron_full_244915,exact_ref,7001.829,1,0,102585,6565632
fuzzydedup,4,1,enron_full_244915,exact_ref,5411.267,1,0,71544,4579008
fuzzydedup,5,1,enron_full_244915,exact_ref,6637.550,1,0,87077,5573120
fuzzydedup,4,1,enron_full_245469,exact_ref,5561.882,1,0,68142,4361280
fuzzydedup,5,1,enron_full_245469,exact_ref,6081.025,1,0,84361,5399296
fuzzydedup,6,1,enron_full_245469,exact_ref,7886.992,1,0,100768,6449344
fuzzydedup,5,1,enron_full_246185,exact_ref,6418.641,1,0,85514,5473088
fuzzydedup,6,1,enron_full_246185,exact_ref,8135.379,1,0,99336,6357696
fuzzydedup,4,1,enron_full_246185,exact_ref,5814.563,1,0,71131,4552576
fuzzydedup,6,1,enron_full_246287,exact_ref,2605.519,1,0,34131,2184576
fuzzydedup,4,1,enron_full_246287,exact_ref,2190.019,1,0,27700,1772992
fuzzydedup,5,1,enron_full_246287,exact_ref,2589.386,1,0,31183,1995904
fuzzydedup,4,1,enron_full_246288,exact_ref,5468.770,1,0,61363,3927424
fuzzydedup,5,1,enron_full_246288,exact_ref,5686.253,1,0,74711,4781696
fuzzydedup,6,1,enron_full_246288,exact_ref,5840.045,1,0,86518,5537344
fuzzydedup,5,1,enron_full_246340,exact_ref,3671.161,1,0,42216,2702016
fuzzydedup,6,1,enron_full_246340,exact_ref,3311.658,1,0,46818,2996544
fuzzydedup,4,1,enron_full_246340,exact_ref,2809.496,1,0,36568,2340544
fuzzydedup,6,1,enron_full_246689,exact_ref,4305.305,1,0,55745,3567872
fuzzydedup,4,1,enron_full_246689,exact_ref,3865.865,1,0,34638,2217024
fuzzydedup,5,1,enron_full_246689,exact_ref,3317.403,1,0,44694,2860608
fuzzydedup,4,1,enron_full_246896,exact_ref,6048.520,1,0,71255,4560512
fuzzydedup,5,1,enron_full_246896,exact_ref,7516.343,1,0,87227,5582720
fuzzydedup,6,1,enron_full_246896,exact_ref,8620.442,1,0,102760,6576832
fuzzydedup,5,1,enron_full_247095,exact_ref,3784.047,1,0,53912,3450560
fuzzydedup,6,1,enron_full_247095,exact_ref,4940.568,1,0,60134,3849152
fuzzydedup,4,1,enron_full_247095,exact_ref,3447.153,1,0,46482,2975040
fuzzydedup,6,1,enron_full_247286,exact_ref,9533.699,1,0,102202,6541120
fuzzydedup,4,1,enron_full_247286,exact_ref,6130.448,1,0,69823,4468864
fuzzydedup,5,1,enron_full_247286,exact_ref,6674.703,1,0,86230,5518912
fuzzydedup,4,1,enron_full_247295,exact_ref,1648.576,1,0,15872,1016000
fuzzydedup,5,1,enron_full_247295,exact_ref,1596.652,1,0,17687,1132160
fuzzydedup,6,1,enron_full_247295,exact_ref,2084.325,1,0,19229,1230848
fuzzydedup,5,1,enron_full_247605,exact_ref,5762.419,1,0,79763,5105024
fuzzydedup,6,1,enron_full_247605,exact_ref,7371.009,1,0,91570,5860672
fuzzydedup,4,1,enron_full_247605,exact_ref,7806.962,1,0,66415,4250752
fuzzydedup,6,1,enron_full_247963,exact_ref,4017.175,1,0,46846,2998336
fuzzydedup,4,1,enron_full_247963,exact_ref,2851.259,1,0,36596,2342336
fuzzydedup,5,1,enron_full_247963,exact_ref,3035.139,1,0,42244,2703808
fuzzydedup,4,1,enron_full_248460,exact_ref,6331.577,1,0,68460,4381632
fuzzydedup,5,1,enron_full_248460,exact_ref,6970.327,1,0,82282,5266240
fuzzydedup,6,1,enron_full_248460,exact_ref,7104.245,1,0,95630,6120512
fuzzydedup,5,1,enron_full_248776,no_exact_ref,6573.636,1,0,87181,5579776
fuzzydedup,6,1,enron_full_248776,no_exact_ref,7223.503,1,0,102689,6572288
fuzzydedup,4,1,enron_full_248776,no_exact_ref,6105.475,1,0,71648,4585664
fuzzydedup,6,1,enron_full_249257,no_exact_ref,7180.470,0,7,102455,6557120
fuzzydedup,4,1,enron_full_249257,no_exact_ref,5831.454,0,5,69400,4441600
fuzzydedup,5,1,enron_full_249257,no_exact_ref,6441.719,0,6,85290,5458560
fuzzydedup,4,1,enron_full_250519,exact_ref,5367.670,1,0,62754,4016448
fuzzydedup,5,1,enron_full_250519,exact_ref,7087.737,1,0,78515,5025152
fuzzydedup,6,1,enron_full_250519,exact_ref,6981.331,1,0,94426,6043456
fuzzydedup,5,1,enron_full_250725,exact_ref,2125.288,1,0,23029,1474048
fuzzydedup,6,1,enron_full_250725,exact_ref,2342.718,1,0,29109,1863168
fuzzydedup,4,1,enron_full_250725,exact_ref,2421.088,1,0,17969,1150208
fuzzydedup,6,1,enron_full_252462,no_exact_ref,10477.094,0,7,144058,9219712
fuzzydedup,4,1,enron_full_252462,no_exact_ref,7741.255,0,5,100182,6411648
fuzzydedup,5,1,enron_full_252462,no_exact_ref,8597.321,0,6,122217,7821888
fuzzydedup,4,1,enron_full_253509,no_exact_ref,4565.202,0,5,62545,4002880
fuzzydedup,5,1,enron_full_253509,no_exact_ref,6132.211,0,6,77432,4955648
fuzzydedup,6,1,enron_full_253509,no_exact_ref,6491.970,0,7,92448,5916672
fuzzydedup,5,1,enron_full_253676,exact_ref,4810.059,1,0,60376,3864256
fuzzydedup,6,1,enron_full_253676,exact_ref,5566.075,1,0,68934,4411968
fuzzydedup,4,1,enron_full_253676,exact_ref,4162.871,1,0,50790,3250752
fuzzydedup,6,1,enron_full_253776,exact_ref,5161.130,1,0,74847,4790400
fuzzydedup,4,1,enron_full_253776,exact_ref,5040.438,1,0,54579,3493248
fuzzydedup,5,1,enron_full_253776,exact_ref,4902.397,1,0,65261,4176896
fuzzydedup,4,1,enron_full_253875,exact_ref,5720.641,1,0,72294,4627200
fuzzydedup,5,1,enron_full_253875,exact_ref,7846.213,1,0,87827,5622656
fuzzydedup,6,1,enron_full_253875,exact_ref,8721.560,1,0,103335,6617728
fuzzydedup,5,1,enron_full_254022,exact_ref,7201.683,1,0,65072,4164800
fuzzydedup,6,1,enron_full_254022,exact_ref,7017.502,1,0,80333,5141504
fuzzydedup,4,1,enron_full_254022,exact_ref,4780.078,1,0,50360,3223232
fuzzydedup,6,1,enron_full_254732,exact_ref,4059.169,1,0,34895,2233472
fuzzydedup,4,1,enron_full_254732,exact_ref,2120.714,1,0,20669,1323008
fuzzydedup,5,1,enron_full_254732,exact_ref,2234.980,1,0,27443,1756544
fuzzydedup,4,1,enron_full_254813,exact_ref,5614.953,1,0,70391,4505216
fuzzydedup,5,1,enron_full_254813,exact_ref,6578.425,1,0,86798,5555264
fuzzydedup,6,1,enron_full_254813,exact_ref,8730.394,1,0,102770,6577472
fuzzydedup,5,1,enron_full_254930,no_exact_ref,11837.185,0,6,169864,10871296
fuzzydedup,6,1,enron_full_254930,no_exact_ref,13733.280,0,7,197015,12609024
fuzzydedup,4,1,enron_full_254930,no_exact_ref,10926.003,0,5,141284,9042176
fuzzydedup,6,1,enron_full_256359,no_exact_ref,11239.813,0,7,180015,11520960
fuzzydedup,4,1,enron_full_256359,no_exact_ref,9722.712,0,5,128135,8200640
fuzzydedup,5,1,enron_full_256359,no_exact_ref,11275.003,0,6,154598,9894272
fuzzydedup,4,1,enron_full_256719,no_exact_ref,10168.480,0,5,139973,8958272
fuzzydedup,5,1,enron_full_256719,no_exact_ref,12083.536,0,6,168810,10803840
fuzzydedup,6,1,enron_full_256719,no_exact_ref,12266.016,0,7,194887,12472768
fuzzydedup,5,1,enron_full_257223,no_exact_ref,3298.912,0,6,32008,2048576
fuzzydedup,6,1,enron_full_257223,no_exact_ref,2799.504,0,7,38406,2458112
fuzzydedup,4,1,enron_full_257223,no_exact_ref,2178.758,0,5,25353,1622656
fuzzydedup,6,1,enron_full_257476,no_exact_ref,5789.664,0,7,83781,5361984
fuzzydedup,4,1,enron_full_257476,no_exact_ref,4781.729,0,5,56325,3604800
fuzzydedup,5,1,enron_full_257476,no_exact_ref,4766.901,0,6,69703,4460992
fuzzydedup,4,1,enron_full_257526,no_exact_ref,7884.822,0,5,115506,7392384
fuzzydedup,5,1,enron_full_257526,no_exact_ref,10747.379,0,6,139663,8938432
fuzzydedup,6,1,enron_full_257526,no_exact_ref,11540.712,0,7,163334,10453376
fuzzydedup,5,1,enron_full_258106,no_exact_ref,5107.008,0,6,73355,4694720
fuzzydedup,6,1,enron_full_258106,no_exact_ref,5454.413,0,7,88518,5665152
fuzzydedup,4,1,enron_full_258106,no_exact_ref,4588.331,0,5,59159,3786176
fuzzydedup,6,1,enron_full_258436,no_exact_ref,11397.375,0,7,190614,12199296
fuzzydedup,4,1,enron_full_258436,no_exact_ref,11976.501,0,5,137103,8774592
fuzzydedup,5,1,enron_full_258436,no_exact_ref,10658.467,0,6,164671,10538944
fuzzydedup,4,1,enron_full_259050,exact_ref,6147.931,1,0,72096,4614336
fuzzydedup,5,1,enron_full_259050,exact_ref,6304.140,1,0,88068,5636544
fuzzydedup,6,1,enron_full_259050,exact_ref,9588.399,1,0,103601,6630656
fuzzydedup,5,1,enron_full_259076,no_exact_ref,6540.829,0,6,73355,4694720
fuzzydedup,6,1,enron_full_259076,no_exact_ref,6941.237,0,7,88518,5665152
fuzzydedup,4,1,enron_full_259076,no_exact_ref,4076.516,0,5,59159,3786176
fuzzydedup,6,1,enron_full_259321,exact_ref,4919.778,1,0,77889,4985088
fuzzydedup,4,1,enron_full_259321,exact_ref,4652.002,1,0,59745,3823872
fuzzydedup,5,1,enron_full_259321,exact_ref,4644.721,1,0,69331,4437376
fuzzydedup,4,1,enron_full_260192,exact_ref,5610.102,1,0,32243,2063744
fuzzydedup,5,1,enron_full_260192,exact_ref,3543.953,1,0,42299,2707328
fuzzydedup,6,1,enron_full_260192,exact_ref,4957.912,1,0,53350,3414592
fuzzydedup,5,1,enron_full_261884,no_exact_ref,2427.906,0,6,32008,2048512
fuzzydedup,6,1,enron_full_261884,no_exact_ref,2956.244,0,7,38406,2457984
fuzzydedup,4,1,enron_full_261884,no_exact_ref,1969.337,0,5,25353,1622592
fuzzydedup,6,1,enron_full_262514,exact_ref,4187.663,1,0,54313,3476224
fuzzydedup,4,1,enron_full_262514,exact_ref,4672.559,1,0,40661,2602496
fuzzydedup,5,1,enron_full_262514,exact_ref,3614.774,1,0,48091,3078016
fuzzydedup,4,1,enron_full_262785,no_exact_ref,4557.943,0,5,56325,3604800
fuzzydedup,5,1,enron_full_262785,no_exact_ref,5272.317,0,6,69703,4460992
fuzzydedup,6,1,enron_full_262785,no_exact_ref,6136.622,0,7,83781,5361984
fuzzydedup,5,1,enron_full_263240,exact_ref,4376.403,1,0,54302,3475520
fuzzydedup,6,1,enron_full_263240,exact_ref,4868.230,1,0,67631,4328576
fuzzydedup,4,1,enron_full_263240,exact_ref,4283.012,1,0,42608,2727104
fuzzydedup,6,1,enron_full_264723,no_exact_ref,12193.711,0,7,197015,12608960
fuzzydedup,4,1,enron_full_264723,no_exact_ref,10376.416,0,5,141284,9042176
fuzzydedup,5,1,enron_full_264723,no_exact_ref,11350.975,0,6,169864,10871296
fuzzydedup,4,1,enron_full_265023,exact_ref,1476.313,1,0,10220,654272
fuzzydedup,5,1,enron_full_265023,exact_ref,1481.624,1,0,13247,848000
fuzzydedup,6,1,enron_full_265023,exact_ref,1793.948,1,0,16569,1060608
fuzzydedup,5,1,enron_full_265448,exact_ref,6219.953,1,0,78825,5044992
fuzzydedup,6,1,enron_full_265448,exact_ref,9825.126,1,0,95232,6095040
fuzzydedup,4,1,enron_full_265448,exact_ref,5257.441,1,0,62606,4006976
fuzzydedup,6,1,enron_full_265746,exact_ref,2821.024,1,0,40760,2608832
fuzzydedup,4,1,enron_full_265746,exact_ref,3379.785,1,0,32675,2091392
fuzzydedup,5,1,enron_full_265746,exact_ref,2469.649,1,0,37277,2385920
fuzzydedup,4,1,enron_full_265774,exact_ref,2611.272,1,0,32684,2092864
fuzzydedup,5,1,enron_full_265774,exact_ref,2537.254,1,0,37286,2388544
fuzzydedup,6,1,enron_full_265774,exact_ref,2609.362,1,0,40769,2611520
fuzzydedup,5,1,enron_full_266026,exact_ref,5629.155,1,0,49638,3177024
fuzzydedup,6,1,enron_full_266026,exact_ref,6110.312,1,0,61332,3925440
fuzzydedup,4,1,enron_full_266026,exact_ref,3184.089,1,0,38587,2469760
fuzzydedup,6,1,enron_full_266097,no_exact_ref,10754.081,0,7,163334,10453376
fuzzydedup,4,1,enron_full_266097,no_exact_ref,9146.564,0,5,115506,7392384
fuzzydedup,5,1,enron_full_266097,no_exact_ref,10051.846,0,6,139663,8938432
fuzzydedup,4,1,enron_full_267067,exact_ref,264.266,1,0,2534,162368
fuzzydedup,5,1,enron_full_267067,exact_ref,250.151,1,0,3296,211136
fuzzydedup,6,1,enron_full_267067,exact_ref,277.669,1,0,4228,270784
fuzzydedup,5,1,enron_full_267198,exact_ref,141.047,1,0,1304,83648
fuzzydedup,6,1,enron_full_267198,exact_ref,151.237,1,0,1642,105280
fuzzydedup,4,1,enron_full_267198,exact_ref,116.415,1,0,1037,66560
fuzzydedup,6,1,enron_full_268981,exact_ref,4574.071,1,0,61497,3936000
fuzzydedup,4,1,enron_full_268981,exact_ref,4013.002,1,0,38752,2480320
fuzzydedup,5,1,enron_full_268981,exact_ref,4324.538,1,0,49803,3187584
fuzzydedup,4,1,enron_full_269702,no_exact_ref,4163.372,0,5,59159,3788608
fuzzydedup,5,1,enron_full_269702,no_exact_ref,4506.405,0,6,73355,4701440
fuzzydedup,6,1,enron_full_269702,no_exact_ref,5733.239,0,7,88518,5679360
fuzzydedup,5,1,enron_full_270257,no_exact_ref,8304.224,0,6,84314,5400320
fuzzydedup,6,1,enron_full_270257,no_exact_ref,6803.054,0,7,100525,6442240
fuzzydedup,4,1,enron_full_270257,no_exact_ref,4059.313,0,5,68018,4354368
fuzzydedup,6,1,enron_full_270526,exact_ref,7126.829,1,0,102331,6549376
fuzzydedup,4,1,enron_full_270526,exact_ref,6920.829,1,0,72440,4636352
fuzzydedup,5,1,enron_full_270526,exact_ref,6607.193,1,0,87948,5628864
fuzzydedup,4,1,enron_full_271097,exact_ref,5506.795,1,0,72361,4631296
fuzzydedup,5,1,enron_full_271097,exact_ref,7284.609,1,0,88333,5653504
fuzzydedup,6,1,enron_full_271097,exact_ref,7443.997,1,0,103866,6647616
fuzzydedup,5,1,enron_full_271232,exact_ref,4157.761,1,0,40536,2594496
fuzzydedup,6,1,enron_full_271232,exact_ref,5327.024,1,0,50592,3238080
fuzzydedup,4,1,enron_full_271232,exact_ref,2856.986,1,0,31091,1990016
fuzzydedup,6,1,enron_full_272570,no_exact_ref,6537.517,0,7,112519,7201216
fuzzydedup,4,1,enron_full_272570,no_exact_ref,4803.615,0,5,77883,4984512
fuzzydedup,5,1,enron_full_272570,no_exact_ref,5388.588,0,6,95188,6092032
fuzzydedup,4,1,enron_full_273248,exact_ref,3438.508,1,0,46461,2973696
fuzzydedup,5,1,enron_full_273248,exact_ref,3649.505,1,0,53891,3449216
fuzzydedup,6,1,enron_full_273248,exact_ref,3888.203,1,0,60113,3847424
fuzzydedup,5,1,enron_full_273363,exact_ref,4014.462,1,0,49229,3150848
fuzzydedup,6,1,enron_full_273363,exact_ref,4297.201,1,0,60923,3899264
fuzzydedup,4,1,enron_full_273363,exact_ref,2740.321,1,0,38178,2443584
fuzzydedup,6,1,enron_full_273791,exact_ref,7240.954,1,0,103370,6615872
fuzzydedup,4,1,enron_full_273791,exact_ref,5383.134,1,0,70991,4543616
fuzzydedup,5,1,enron_full_273791,exact_ref,6733.894,1,0,87398,5593664
fuzzydedup,4,1,enron_full_273820,exact_ref,3741.850,1,0,46755,2992512
fuzzydedup,5,1,enron_full_273820,exact_ref,4471.855,1,0,60084,3845568
fuzzydedup,6,1,enron_full_273820,exact_ref,5258.763,1,0,74281,4754176
fuzzydedup,5,1,enron_full_273961,exact_ref,368.259,1,0,3756,240576
fuzzydedup,6,1,enron_full_273961,exact_ref,871.575,1,0,4673,299264
fuzzydedup,4,1,enron_full_273961,exact_ref,268.823,1,0,2824,180928
fuzzydedup,6,1,enron_full_274206,exact_ref,982.211,1,0,6593,422144
fuzzydedup,4,1,enron_full_274206,exact_ref,778.522,1,0,4103,262784
fuzzydedup,5,1,enron_full_274206,exact_ref,819.072,1,0,5255,336512
fuzzydedup,4,1,enron_full_274561,exact_ref,4596.949,1,0,65424,4187328
fuzzydedup,5,1,enron_full_274561,exact_ref,4944.713,1,0,77231,4942976
fuzzydedup,6,1,enron_full_274561,exact_ref,5857.044,1,0,87913,5626624
fuzzydedup,5,1,enron_full_274757,exact_ref,6370.775,1,0,88174,5643328
fuzzydedup,6,1,enron_full_274757,exact_ref,6530.864,1,0,102557,6563840
fuzzydedup,4,1,enron_full_274757,exact_ref,5320.640,1,0,72666,4650816
fuzzydedup,6,1,enron_full_274786,no_exact_ref,6930.649,0,7,112519,7201216
fuzzydedup,4,1,enron_full_274786,no_exact_ref,4945.144,0,5,77883,4984512
fuzzydedup,5,1,enron_full_274786,no_exact_ref,6348.482,0,6,95188,6092032
fuzzydedup,4,1,enron_full_275183,no_exact_ref,8918.051,0,5,137103,8774592
fuzzydedup,5,1,enron_full_275183,no_exact_ref,9988.294,0,6,164671,10538944
fuzzydedup,6,1,enron_full_275183,no_exact_ref,11462.232,0,7,190614,12199296
fuzzydedup,5,1,enron_full_275570,exact_ref,1719.784,1,0,18220,1166272
fuzzydedup,6,1,enron_full_275570,exact_ref,1718.304,1,0,19762,1264960
fuzzydedup,4,1,enron_full_275570,exact_ref,1480.301,1,0,16405,1050112
fuzzydedup,6,1,enron_full_276028,no_exact_ref,12725.911,0,7,191555,12259520
fuzzydedup,4,1,enron_full_276028,no_exact_ref,10870.495,0,5,137769,8817216
fuzzydedup,5,1,enron_full_276028,no_exact_ref,10998.748,0,6,164996,10559744
fuzzydedup,4,1,enron_full_276324,exact_ref,174.972,1,0,748,48064
fuzzydedup,5,1,enron_full_276324,exact_ref,111.687,1,0,959,61568
fuzzydedup,6,1,enron_full_276324,exact_ref,140.209,1,0,1171,75136
fuzzydedup,5,1,enron_full_276342,exact_ref,1508.800,1,0,14637,936960
fuzzydedup,6,1,enron_full_276342,exact_ref,1334.780,1,0,15752,1008320
fuzzydedup,4,1,enron_full_276342,exact_ref,1341.776,1,0,13095,838272
fuzzydedup,6,1,enron_full_277439,no_exact_ref,1141.361,0,7,8821,564544
fuzzydedup,4,1,enron_full_277439,no_exact_ref,905.183,0,5,5778,369792
fuzzydedup,5,1,enron_full_277439,no_exact_ref,816.156,0,6,7305,467520
fuzzydedup,4,1,enron_full_277990,exact_ref,3439.205,1,0,42642,2729280
fuzzydedup,5,1,enron_full_277990,exact_ref,3451.279,1,0,48864,3127488
fuzzydedup,6,1,enron_full_277990,exact_ref,3667.690,1,0,54512,3488960
fuzzydedup,5,1,enron_full_278811,exact_ref,1531.617,1,0,11742,751680
fuzzydedup,6,1,enron_full_278811,exact_ref,1765.501,1,0,14769,945408
fuzzydedup,4,1,enron_full_278811,exact_ref,1195.609,1,0,9056,579776
fuzzydedup,6,1,enron_full_279563,no_exact_ref,7135.217,1,0,102517,6561280
fuzzydedup,4,1,enron_full_279563,no_exact_ref,5577.568,1,0,72626,4648256
fuzzydedup,5,1,enron_full_279563,no_exact_ref,7922.930,1,0,88134,5640768
fuzzydedup,4,1,enron_full_279751,exact_ref,6733.023,1,0,64636,4136896
fuzzydedup,5,1,enron_full_279751,exact_ref,6455.031,1,0,80169,5131008
fuzzydedup,6,1,enron_full_279751,exact_ref,6826.987,1,0,95677,6123520
fuzzydedup,5,1,enron_full_280423,no_exact_ref,9697.940,0,6,169489,10847296
fuzzydedup,6,1,enron_full_280423,no_exact_ref,10701.254,0,7,197034,12610176
fuzzydedup,4,1,enron_full_280423,no_exact_ref,8261.016,0,5,140955,9021120
fuzzydedup,6,1,enron_full_280603,no_exact_ref,11693.462,0,7,191555,12259520
fuzzydedup,4,1,enron_full_280603,no_exact_ref,8392.294,0,5,137769,8817216
fuzzydedup,5,1,enron_full_280603,no_exact_ref,9556.515,0,6,164996,10559744
fuzzydedup,4,1,enron_full_281547,no_exact_ref,8129.471,0,5,137103,8774592
fuzzydedup,5,1,enron_full_281547,no_exact_ref,9473.826,0,6,164671,10538944
fuzzydedup,6,1,enron_full_281547,no_exact_ref,10182.282,0,7,190614,12199296
fuzzydedup,5,1,enron_full_282395,exact_ref,3300.032,1,0,45234,2895168
fuzzydedup,6,1,enron_full_282395,exact_ref,4168.831,1,0,56285,3602432
fuzzydedup,4,1,enron_full_282395,exact_ref,2823.846,1,0,35178,2251584
fuzzydedup,6,1,enron_full_283356,exact_ref,4569.894,1,0,78032,4994432
fuzzydedup,4,1,enron_full_283356,exact_ref,3842.957,1,0,57764,3697088
fuzzydedup,5,1,enron_full_283356,exact_ref,4440.632,1,0,68446,4380736
fuzzydedup,4,1,enron_full_283839,exact_ref,2784.698,1,0,39692,2540480
fuzzydedup,5,1,enron_full_283839,exact_ref,2746.402,1,0,45914,2938688
fuzzydedup,6,1,enron_full_283839,exact_ref,2942.308,1,0,51562,3300160
fuzzydedup,5,1,enron_full_283868,exact_ref,2566.307,1,0,40422,2587200
fuzzydedup,6,1,enron_full_283868,exact_ref,2824.665,1,0,45024,2881728
fuzzydedup,4,1,enron_full_283868,exact_ref,2677.182,1,0,34774,2225728
fuzzydedup,6,1,enron_full_284197,exact_ref,1144.951,1,0,13625,872192
fuzzydedup,4,1,enron_full_284197,exact_ref,1112.598,1,0,10968,702144
fuzzydedup,5,1,enron_full_284197,exact_ref,1037.569,1,0,12510,800832
fuzzydedup,4,1,enron_full_284956,exact_ref,4660.511,1,0,70347,4502400
fuzzydedup,5,1,enron_full_284956,exact_ref,4845.375,1,0,84169,5387008
fuzzydedup,6,1,enron_full_284956,exact_ref,5546.166,1,0,97517,6241280
fuzzydedup,5,1,enron_full_285559,exact_ref,3676.526,1,0,61679,3947648
fuzzydedup,6,1,enron_full_285559,exact_ref,3989.342,1,0,69109,4423168
fuzzydedup,4,1,enron_full_285559,exact_ref,3390.886,1,0,53121,3399936
fuzzydedup,6,1,enron_full_286024,exact_ref,6370.199,1,0,95995,6143872
fuzzydedup,4,1,enron_full_286024,exact_ref,4748.036,1,0,66104,4230848
fuzzydedup,5,1,enron_full_286024,exact_ref,5126.738,1,0,81612,5223360
fuzzydedup,4,1,enron_full_286036,exact_ref,3556.716,1,0,48074,3076928
fuzzydedup,5,1,enron_full_286036,exact_ref,3540.364,1,0,55504,3552448
fuzzydedup,6,1,enron_full_286036,exact_ref,3560.844,1,0,61726,3950656
fuzzydedup,5,1,enron_full_286164,exact_ref,4626.051,1,0,66802,4275520
fuzzydedup,6,1,enron_full_286164,exact_ref,5461.128,1,0,82063,5252224
fuzzydedup,4,1,enron_full_286164,exact_ref,3588.071,1,0,52090,3333952
fuzzydedup,6,1,enron_full_286899,exact_ref,6036.927,1,0,94479,6046848
fuzzydedup,4,1,enron_full_286899,exact_ref,4290.171,1,0,62349,3990528
fuzzydedup,5,1,enron_full_286899,exact_ref,5102.001,1,0,78260,5008832
fuzzydedup,4,1,enron_full_287012,no_exact_ref,7496.035,0,5,140955,9021120
fuzzydedup,5,1,enron_full_287012,no_exact_ref,8947.763,0,6,169489,10847296
fuzzydedup,6,1,enron_full_287012,no_exact_ref,10108.499,0,7,197034,12610176
fuzzydedup,5,1,enron_full_287512,exact_ref,5443.195,1,0,79715,5101952
fuzzydedup,6,1,enron_full_287512,exact_ref,6106.290,1,0,95626,6120256
fuzzydedup,4,1,enron_full_287512,exact_ref,4877.680,1,0,63954,4093248
fuzzydedup,6,1,enron_full_287655,exact_ref,5857.894,1,0,91173,5835264
fuzzydedup,4,1,enron_full_287655,exact_ref,4674.694,1,0,60151,3849856
fuzzydedup,5,1,enron_full_287655,exact_ref,5345.061,1,0,75412,4826560
fuzzydedup,4,1,enron_full_287736,exact_ref,5266.089,1,0,67953,4349184
fuzzydedup,5,1,enron_full_287736,exact_ref,6037.865,1,0,83486,5343296
fuzzydedup,6,1,enron_full_287736,exact_ref,6520.023,1,0,98994,6335808
fuzzydedup,5,1,enron_full_287760,exact_ref,5412.314,1,0,75415,4826752
fuzzydedup,6,1,enron_full_287760,exact_ref,5905.409,1,0,91176,5835456
fuzzydedup,4,1,enron_full_287760,exact_ref,4767.649,1,0,60154,3850048
fuzzydedup,6,1,enron_full_287778,exact_ref,5542.048,1,0,76496,4895936
fuzzydedup,4,1,enron_full_287778,exact_ref,3749.541,1,0,56228,3598784
fuzzydedup,5,1,enron_full_287778,exact_ref,3853.147,1,0,66910,4282432
fuzzydedup,4,1,enron_full_288938,exact_ref,2705.068,1,0,37517,2401280
fuzzydedup,5,1,enron_full_288938,exact_ref,3621.424,1,0,48568,3108544
fuzzydedup,6,1,enron_full_288938,exact_ref,4164.065,1,0,60262,3856960
fuzzydedup,5,1,enron_full_289243,no_exact_ref,6585.048,0,6,122217,7821888
fuzzydedup,6,1,enron_full_289243,no_exact_ref,8089.845,0,7,144058,9219712
fuzzydedup,4,1,enron_full_289243,no_exact_ref,5941.472,0,5,100182,6411648
fuzzydedup,6,1,enron_full_291054,no_exact_ref,10138.812,0,7,197015,12608960
fuzzydedup,4,1,enron_full_291054,no_exact_ref,7883.204,0,5,141284,9042176
fuzzydedup,5,1,enron_full_291054,no_exact_ref,9213.673,0,6,169864,10871296
fuzzydedup,4,1,enron_full_291275,no_exact_ref,7203.101,0,5,121972,7806208
fuzzydedup,5,1,enron_full_291275,no_exact_ref,8093.495,0,6,147636,9448704
fuzzydedup,6,1,enron_full_291275,no_exact_ref,8734.147,0,7,172289,11026624
fuzzydedup,5,1,enron_full_291375,no_exact_ref,7981.540,0,6,153267,9809088
fuzzydedup,6,1,enron_full_291375,no_exact_ref,8857.277,0,7,177736,11375104
fuzzydedup,4,1,enron_full_291375,no_exact_ref,6566.476,0,5,127462,8157568
fuzzydedup,6,1,enron_full_291790,exact_ref,6119.750,1,0,103817,6644480
fuzzydedup,4,1,enron_full_291790,exact_ref,4107.326,1,0,71438,4572224
fuzzydedup,5,1,enron_full_291790,exact_ref,5738.148,1,0,87845,5622272
fuzzydedup,4,1,enron_full_292561,exact_ref,3211.999,1,0,39015,2497152
fuzzydedup,5,1,enron_full_292561,exact_ref,3860.956,1,0,50066,3204416
fuzzydedup,6,1,enron_full_292561,exact_ref,4280.576,1,0,61760,3952832
fuzzydedup,5,1,enron_full_292656,exact_ref,1979.663,1,0,27111,1735296
fuzzydedup,6,1,enron_full_292656,exact_ref,2244.176,1,0,29500,1888192
fuzzydedup,4,1,enron_full_292656,exact_ref,1716.490,1,0,24163,1546624
fuzzydedup,6,1,enron_full_293066,exact_ref,3532.120,1,0,54912,3514560
fuzzydedup,4,1,enron_full_293066,exact_ref,2890.607,1,0,43042,2754880
fuzzydedup,5,1,enron_full_293066,exact_ref,3157.323,1,0,49264,3153088
fuzzydedup,4,1,enron_full_293083,exact_ref,5222.129,1,0,71406,4570176
fuzzydedup,5,1,enron_full_293083,exact_ref,5896.143,1,0,87813,5620224
fuzzydedup,6,1,enron_full_293083,exact_ref,6732.654,1,0,103785,6642432
fuzzydedup,5,1,enron_full_293619,exact_ref,3923.392,1,0,54196,3468736
fuzzydedup,6,1,enron_full_293619,exact_ref,4601.830,1,0,67525,4321792
fuzzydedup,4,1,enron_full_293619,exact_ref,3528.124,1,0,42502,2720320
fuzzydedup,6,1,enron_full_293948,no_exact_ref,10906.259,0,7,197034,12610240
fuzzydedup,4,1,enron_full_293948,no_exact_ref,8384.659,0,5,140955,9021184
fuzzydedup,5,1,enron_full_293948,no_exact_ref,9370.617,0,6,169489,10847360
fuzzydedup,4,1,enron_full_293985,exact_ref,1422.587,1,0,16569,1060608
fuzzydedup,5,1,enron_full_293985,exact_ref,1455.923,1,0,18384,1176768
fuzzydedup,6,1,enron_full_293985,exact_ref,1391.690,1,0,19926,1275456
fuzzydedup,5,1,enron_full_295023,exact_ref,5045.270,1,0,88601,5670656
fuzzydedup,6,1,enron_full_295023,exact_ref,5777.000,1,0,102984,6591168
fuzzydedup,4,1,enron_full_295023,exact_ref,4923.620,1,0,73093,4678144
fuzzydedup,6,1,enron_full_295246,no_exact_ref,2849.986,0,7,56044,3588032
fuzzydedup,4,1,enron_full_295246,no_exact_ref,2098.354,0,5,36079,2309056
fuzzydedup,5,1,enron_full_295246,no_exact_ref,2320.340,0,6,45752,2928320
fuzzydedup,4,1,enron_full_296957,no_exact_ref,6372.655,0,5,100182,6411712
fuzzydedup,5,1,enron_full_296957,no_exact_ref,7481.285,0,6,122217,7821952
fuzzydedup,6,1,enron_full_296957,no_exact_ref,8289.541,0,7,144058,9219840
fuzzydedup,5,1,enron_full_298392,no_exact_ref,2579.852,0,6,25066,1604224
fuzzydedup,6,1,enron_full_298392,no_exact_ref,2100.867,0,7,30403,1945792
fuzzydedup,4,1,enron_full_298392,no_exact_ref,1582.792,0,5,20078,1284992
fuzzydedup,6,1,enron_full_298764,no_exact_ref,10800.515,0,7,197034,12610176
fuzzydedup,4,1,enron_full_298764,no_exact_ref,8124.737,0,5,140955,9021120
fuzzydedup,5,1,enron_full_298764,no_exact_ref,10714.645,0,6,169489,10847296
fuzzydedup,4,1,enron_full_299033,no_exact_ref,8483.684,0,5,139973,8958272
fuzzydedup,5,1,enron_full_299033,no_exact_ref,9840.608,0,6,168810,10803840
fuzzydedup,6,1,enron_full_299033,no_exact_ref,10941.035,0,7,194887,12472768
fuzzydedup,5,1,enron_full_299289,exact_ref,145.570,1,0,900,57792
fuzzydedup,6,1,enron_full_299289,exact_ref,116.630,1,0,1111,71296
fuzzydedup,4,1,enron_full_299289,exact_ref,97.896,1,0,738,47424
fuzzydedup,6,1,enron_full_299345,exact_ref,5835.099,1,0,88693,5676544
fuzzydedup,4,1,enron_full_299345,exact_ref,4742.784,1,0,61523,3937664
fuzzydedup,5,1,enron_full_299345,exact_ref,6584.631,1,0,75345,4822272
fuzzydedup,4,1,enron_full_299690,exact_ref,5323.705,1,0,73820,4724672
fuzzydedup,5,1,enron_full_299690,exact_ref,5785.491,1,0,89353,5718784
fuzzydedup,6,1,enron_full_299690,exact_ref,6435.753,1,0,104861,6711296
fuzzydedup,5,1,enron_full_300310,exact_ref,2962.928,1,0,33002,2112320
fuzzydedup,6,1,enron_full_300310,exact_ref,3052.053,1,0,41248,2640064
fuzzydedup,4,1,enron_full_300310,exact_ref,1781.928,1,0,25550,1635392
fuzzydedup,6,1,enron_full_300702,exact_ref,5813.477,1,0,101296,6483136
fuzzydedup,4,1,enron_full_300702,exact_ref,5131.262,1,0,73091,4678016
fuzzydedup,5,1,enron_full_300702,exact_ref,5141.908,1,0,87474,5598528
fuzzydedup,4,1,enron_full_301521,exact_ref,2664.711,1,0,43435,2780032
fuzzydedup,5,1,enron_full_301521,exact_ref,2741.923,1,0,49657,3178240
fuzzydedup,6,1,enron_full_301521,exact_ref,3241.398,1,0,55305,3539712
fuzzydedup,5,1,enron_full_301926,exact_ref,3878.946,1,0,67655,4330304
fuzzydedup,6,1,enron_full_301926,exact_ref,3873.638,1,0,76213,4878016
fuzzydedup,4,1,enron_full_301926,exact_ref,3253.354,1,0,58069,3716608
fuzzydedup,6,1,enron_full_302529,exact_ref,1325.852,1,0,16605,1062912
fuzzydedup,4,1,enron_full_302529,exact_ref,1064.232,1,0,10256,656576
fuzzydedup,5,1,enron_full_302529,exact_ref,1234.537,1,0,13283,850304
fuzzydedup,4,1,enron_full_303527,exact_ref,3984.613,1,0,56136,3592896
fuzzydedup,5,1,enron_full_303527,exact_ref,4843.312,1,0,70848,4534464
fuzzydedup,6,1,enron_full_303527,exact_ref,4816.775,1,0,86109,5511168
fuzzydedup,5,1,enron_full_304134,exact_ref,4581.845,1,0,78021,4993536
fuzzydedup,6,1,enron_full_304134,exact_ref,5133.175,1,0,88703,5677184
fuzzydedup,4,1,enron_full_304134,exact_ref,3591.871,1,0,66214,4237888
fuzzydedup,6,1,enron_full_304324,exact_ref,5698.739,1,0,103791,6642816
fuzzydedup,4,1,enron_full_304324,exact_ref,5259.688,1,0,73900,4729792
fuzzydedup,5,1,enron_full_304324,exact_ref,5625.820,1,0,89408,5722304
fuzzydedup,4,1,enron_full_305112,exact_ref,3250.993,1,0,53474,3422528
fuzzydedup,5,1,enron_full_305112,exact_ref,3736.970,1,0,62032,3970240
fuzzydedup,6,1,enron_full_305112,exact_ref,4310.111,1,0,69462,4445760
fuzzydedup,5,1,enron_full_305491,exact_ref,3638.670,1,0,67568,4324544
fuzzydedup,6,1,enron_full_305491,exact_ref,3940.837,1,0,76126,4872256
fuzzydedup,4,1,enron_full_305491,exact_ref,3398.877,1,0,57982,3711040
fuzzydedup,6,1,enron_full_305595,exact_ref,6284.041,1,0,101129,6472448
fuzzydedup,4,1,enron_full_305595,exact_ref,4407.208,1,0,72924,4667328
fuzzydedup,5,1,enron_full_305595,exact_ref,4851.563,1,0,87307,5587840
fuzzydedup,4,1,enron_full_306022,exact_ref,3853.963,1,0,58290,3730752
fuzzydedup,5,1,enron_full_306022,exact_ref,4201.269,1,0,67876,4344256
fuzzydedup,6,1,enron_full_306022,exact_ref,3919.532,1,0,76434,4891968
fuzzydedup,5,1,enron_full_306282,exact_ref,1244.304,1,0,15317,980480
fuzzydedup,6,1,enron_full_306282,exact_ref,1227.289,1,0,16859,1079168
fuzzydedup,4,1,enron_full_306282,exact_ref,1125.291,1,0,13502,864320
fuzzydedup,6,1,enron_full_306838,exact_ref,4514.633,1,0,68080,4357312
fuzzydedup,4,1,enron_full_306838,exact_ref,3379.635,1,0,43057,2755840
fuzzydedup,5,1,enron_full_306838,exact_ref,3460.052,1,0,54751,3504256
fuzzydedup,4,1,enron_full_306879,exact_ref,4624.612,1,0,70230,4494912
fuzzydedup,5,1,enron_full_306879,exact_ref,5636.699,1,0,86449,5532928
fuzzydedup,6,1,enron_full_306879,exact_ref,6434.143,1,0,102856,6582976
fuzzydedup,5,1,enron_full_307066,exact_ref,5359.096,1,0,89199,5708928
fuzzydedup,6,1,enron_full_307066,exact_ref,6459.605,1,0,104732,6703040
fuzzydedup,4,1,enron_full_307066,exact_ref,4851.262,1,0,73227,4686720
fuzzydedup,6,1,enron_full_307536,exact_ref,6339.355,1,0,100138,6409024
fuzzydedup,4,1,enron_full_307536,exact_ref,4305.682,1,0,68008,4352704
fuzzydedup,5,1,enron_full_307536,exact_ref,5135.025,1,0,83919,5371008
fuzzydedup,4,1,enron_full_307959,exact_ref,1311.574,1,0,13314,852288
fuzzydedup,5,1,enron_full_307959,exact_ref,1089.709,1,0,14856,950976
fuzzydedup,6,1,enron_full_307959,exact_ref,992.128,1,0,15971,1022528
fuzzydedup,5,1,enron_full_308283,exact_ref,5288.069,1,0,88163,5642624
fuzzydedup,6,1,enron_full_308283,exact_ref,6502.704,1,0,104135,6664832
fuzzydedup,4,1,enron_full_308283,exact_ref,4356.897,1,0,71756,4592576
fuzzydedup,6,1,enron_full_308504,exact_ref,3606.791,1,0,69780,4466112
fuzzydedup,4,1,enron_full_308504,exact_ref,3329.814,1,0,53792,3442880
fuzzydedup,5,1,enron_full_308504,exact_ref,3913.858,1,0,62350,3990592
fuzzydedup,4,1,enron_full_308666,exact_ref,1642.074,1,0,24325,1556992
fuzzydedup,5,1,enron_full_308666,exact_ref,1603.904,1,0,27273,1745664
fuzzydedup,6,1,enron_full_308666,exact_ref,1615.650,1,0,29662,1898560
fuzzydedup,5,1,enron_full_310049,exact_ref,1198.772,1,0,14808,947904
fuzzydedup,6,1,enron_full_310049,exact_ref,1299.484,1,0,18644,1193408
fuzzydedup,4,1,enron_full_310049,exact_ref,1090.125,1,0,11486,735296
fuzzydedup,6,1,enron_full_310050,exact_ref,1924.104,1,0,35614,2279488
fuzzydedup,4,1,enron_full_310050,exact_ref,1960.009,1,0,29183,1867904
fuzzydedup,5,1,enron_full_310050,exact_ref,2066.442,1,0,32666,2090816
fuzzydedup,4,1,enron_full_310056,exact_ref,3349.771,1,0,53828,3445184
fuzzydedup,5,1,enron_full_310056,exact_ref,3574.475,1,0,62386,3992896
fuzzydedup,6,1,enron_full_310056,exact_ref,3719.903,1,0,69816,4468416
fuzzydedup,5,1,enron_full_310895,exact_ref,1509.864,1,0,18540,1186752
fuzzydedup,6,1,enron_full_310895,exact_ref,1850.308,1,0,23776,1521856
fuzzydedup,4,1,enron_full_310895,exact_ref,1307.595,1,0,14344,918208
fuzzydedup,6,1,enron_full_310913,exact_ref,6308.449,1,0,104555,6691712
fuzzydedup,4,1,enron_full_310913,exact_ref,4734.803,1,0,72176,4619456
fuzzydedup,5,1,enron_full_310913,exact_ref,5979.255,1,0,88583,5669504
fuzzydedup,4,1,enron_full_311017,exact_ref,5020.177,1,0,70353,4502784
fuzzydedup,5,1,enron_full_311017,exact_ref,5757.073,1,0,86572,5540800
fuzzydedup,6,1,enron_full_311017,exact_ref,6434.529,1,0,102979,6590848
fuzzydedup,5,1,enron_full_313090,exact_ref,5884.232,1,0,87266,5585216
fuzzydedup,6,1,enron_full_313090,exact_ref,6060.095,1,0,101088,6469824
fuzzydedup,4,1,enron_full_313090,exact_ref,4954.995,1,0,72883,4664704
fuzzydedup,6,1,enron_full_314206,exact_ref,4703.121,1,0,68261,4368896
fuzzydedup,4,1,enron_full_314206,exact_ref,3294.676,1,0,43238,2767424
fuzzydedup,5,1,enron_full_314206,exact_ref,3755.935,1,0,54932,3515840
fuzzydedup,4,1,enron_full_314362,exact_ref,2816.900,1,0,35398,2265664
fuzzydedup,5,1,enron_full_314362,exact_ref,3608.010,1,0,45454,2909248
fuzzydedup,6,1,enron_full_314362,exact_ref,3946.572,1,0,56505,3616512
fuzzydedup,5,1,enron_full_315231,exact_ref,5935.996,1,0,89541,5730816
fuzzydedup,6,1,enron_full_315231,exact_ref,6590.233,1,0,105074,6724928
fuzzydedup,4,1,enron_full_315231,exact_ref,5117.918,1,0,73569,4708608
fuzzydedup,6,1,enron_full_315279,exact_ref,6190.139,1,0,104815,6708352
fuzzydedup,4,1,enron_full_315279,exact_ref,4896.686,1,0,73310,4692032
fuzzydedup,5,1,enron_full_315279,exact_ref,5403.561,1,0,89282,5714240
fuzzydedup,4,1,enron_full_315623,exact_ref,1807.150,1,0,28977,1854720
fuzzydedup,5,1,enron_full_315623,exact_ref,1921.448,1,0,32460,2077632
fuzzydedup,6,1,enron_full_315623,exact_ref,2163.823,1,0,35408,2266304
fuzzydedup,5,1,enron_full_316006,exact_ref,1153.155,1,0,14924,955328
fuzzydedup,6,1,enron_full_316006,exact_ref,1111.986,1,0,16039,1026688
fuzzydedup,4,1,enron_full_316006,exact_ref,1128.361,1,0,13382,856640
fuzzydedup,6,1,enron_full_317192,exact_ref,3343.673,1,0,50943,3260608
fuzzydedup,4,1,enron_full_317192,exact_ref,2428.558,1,0,31442,2012544
fuzzydedup,5,1,enron_full_317192,exact_ref,2515.210,1,0,40887,2617024
fuzzydedup,4,1,enron_full_317451,exact_ref,820.451,1,0,10783,690304
fuzzydedup,5,1,enron_full_317451,exact_ref,772.309,1,0,11898,761664
fuzzydedup,6,1,enron_full_317451,exact_ref,868.892,1,0,12604,806848
fuzzydedup,5,1,enron_full_318133,exact_ref,4827.197,1,0,70722,4526400
fuzzydedup,6,1,enron_full_318133,exact_ref,5727.634,1,0,85983,5503104
fuzzydedup,4,1,enron_full_318133,exact_ref,3507.436,1,0,56010,3584832
fuzzydedup,6,1,enron_full_318207,exact_ref,644.829,1,0,7515,481152
fuzzydedup,4,1,enron_full_318207,exact_ref,578.663,1,0,6576,421056
fuzzydedup,5,1,enron_full_318207,exact_ref,578.501,1,0,7135,456832
fuzzydedup,4,1,enron_full_318845,exact_ref,4378.677,1,0,64578,4133184
fuzzydedup,5,1,enron_full_318845,exact_ref,5206.566,1,0,80339,5141888
fuzzydedup,6,1,enron_full_318845,exact_ref,5342.328,1,0,96250,6160192
fuzzydedup,5,1,enron_full_318909,exact_ref,5084.598,1,0,87463,5597824
fuzzydedup,6,1,enron_full_318909,exact_ref,5899.410,1,0,101285,6482432
fuzzydedup,4,1,enron_full_318909,exact_ref,4423.299,1,0,73080,4677312
fuzzydedup,6,1,enron_full_319080,exact_ref,1482.420,1,0,24513,1569024
fuzzydedup,4,1,enron_full_319080,exact_ref,1493.001,1,0,20309,1299968
fuzzydedup,5,1,enron_full_319080,exact_ref,1459.226,1,0,22698,1452864
fuzzydedup,4,1,enron_full_319320,exact_ref,5092.016,1,0,73652,4713920
fuzzydedup,5,1,enron_full_319320,exact_ref,5806.730,1,0,89185,5708032
fuzzydedup,6,1,enron_full_319320,exact_ref,5736.261,1,0,104693,6700544
fuzzydedup,5,1,enron_full_319952,exact_ref,5111.275,1,0,83642,5353472
fuzzydedup,6,1,enron_full_319952,exact_ref,5978.617,1,0,99861,6391488
fuzzydedup,4,1,enron_full_319952,exact_ref,4477.616,1,0,67731,4334976
fuzzydedup,6,1,enron_full_320564,exact_ref,5259.509,1,0,88879,5688448
fuzzydedup,4,1,enron_full_320564,exact_ref,4237.042,1,0,66390,4249152
fuzzydedup,5,1,enron_full_320564,exact_ref,4451.072,1,0,78197,5004800
fuzzydedup,4,1,enron_full_320626,exact_ref,4569.823,1,0,60642,3881280
fuzzydedup,5,1,enron_full_320626,exact_ref,5330.425,1,0,75903,4857984
fuzzydedup,6,1,enron_full_320626,exact_ref,5703.872,1,0,91664,5866688
fuzzydedup,5,1,enron_full_321445,exact_ref,4783.063,1,0,73105,4678912
fuzzydedup,6,1,enron_full_321445,exact_ref,4951.875,1,0,82691,5292416
fuzzydedup,4,1,enron_full_321445,exact_ref,4050.907,1,0,62423,3995264
fuzzydedup,6,1,enron_full_321807,exact_ref,1905.426,1,0,23702,1517120
fuzzydedup,4,1,enron_full_321807,exact_ref,1382.256,1,0,14270,913472
fuzzydedup,5,1,enron_full_321807,exact_ref,1656.112,1,0,18466,1182016
fuzzydedup,4,1,enron_full_321918,exact_ref,3795.478,1,0,56196,3596736
fuzzydedup,5,1,enron_full_321918,exact_ref,5853.047,1,0,70908,4538304
fuzzydedup,6,1,enron_full_321918,exact_ref,5807.791,1,0,86169,5515008
fuzzydedup,5,1,enron_full_322149,exact_ref,5839.155,1,0,88129,5640448
fuzzydedup,6,1,enron_full_322149,exact_ref,7236.532,1,0,104101,6662656
fuzzydedup,4,1,enron_full_322149,exact_ref,4952.344,1,0,71722,4590400
fuzzydedup,6,1,enron_full_322706,exact_ref,564.123,1,0,4178,267584
fuzzydedup,4,1,enron_full_322706,exact_ref,500.396,1,0,3627,232320
fuzzydedup,5,1,enron_full_322706,exact_ref,505.661,1,0,3903,249984
fuzzydedup,4,1,enron_full_322737,exact_ref,2041.983,1,0,29078,1861184
fuzzydedup,5,1,enron_full_322737,exact_ref,2808.406,1,0,32561,2084096
fuzzydedup,6,1,enron_full_322737,exact_ref,2279.766,1,0,35509,2272768
fuzzydedup,5,1,enron_full_322757,exact_ref,2197.116,1,0,26304,1683648
fuzzydedup,6,1,enron_full_322757,exact_ref,2308.863,1,0,33078,2117184
fuzzydedup,4,1,enron_full_322757,exact_ref,1655.341,1,0,20224,1294528
fuzzydedup,6,1,enron_full_324000,exact_ref,2190.935,1,0,30661,1962496
fuzzydedup,4,1,enron_full_324000,exact_ref,1912.710,1,0,24230,1550912
fuzzydedup,5,1,enron_full_324000,exact_ref,1935.364,1,0,27713,1773824
fuzzydedup,4,1,enron_full_324353,no_exact_ref,2283.004,0,5,22576,1444864
fuzzydedup,5,1,enron_full_324353,no_exact_ref,1960.236,0,6,28110,1799104
fuzzydedup,6,1,enron_full_324353,no_exact_ref,2437.156,0,7,34498,2207936
fuzzydedup,5,1,enron_full_325002,exact_ref,5953.213,1,0,90114,5767680
fuzzydedup,6,1,enron_full_325002,exact_ref,6250.983,1,0,104497,6688512
fuzzydedup,4,1,enron_full_325002,exact_ref,5356.269,1,0,74606,4774976
fuzzydedup,6,1,enron_full_325131,exact_ref,3396.079,1,0,44522,2849600
fuzzydedup,4,1,enron_full_325131,exact_ref,2218.915,1,0,26831,1717376
fuzzydedup,5,1,enron_full_325131,exact_ref,2486.831,1,0,35077,2245120
fuzzydedup,4,1,enron_full_325547,exact_ref,4990.920,1,0,69132,4424640
fuzzydedup,5,1,enron_full_325547,exact_ref,5707.607,1,0,84640,5417152
fuzzydedup,6,1,enron_full_325547,exact_ref,5694.281,1,0,99023,6337664
fuzzydedup,5,1,enron_full_326276,exact_ref,4931.522,1,0,71267,4561280
fuzzydedup,6,1,enron_full_326276,exact_ref,5472.114,1,0,86528,5537984
fuzzydedup,4,1,enron_full_326276,exact_ref,3372.465,1,0,56555,3619712
fuzzydedup,6,1,enron_full_326406,exact_ref,2914.612,1,0,55695,3564672
fuzzydedup,4,1,enron_full_326406,exact_ref,2783.998,1,0,43825,2804992
fuzzydedup,5,1,enron_full_326406,exact_ref,3242.719,1,0,50047,3203200
fuzzydedup,4,1,enron_full_326699,exact_ref,1393.511,1,0,12800,819392
fuzzydedup,5,1,enron_full_326699,exact_ref,1580.999,1,0,16636,1064896
fuzzydedup,6,1,enron_full_326699,exact_ref,1649.356,1,0,20832,1333440
fuzzydedup,5,1,enron_full_326891,exact_ref,3852.217,1,0,62713,4013824
fuzzydedup,6,1,enron_full_326891,exact_ref,3903.011,1,0,70143,4489344
fuzzydedup,4,1,enron_full_326891,exact_ref,3498.780,1,0,54155,3466112
fuzzydedup,6,1,enron_full_327398,exact_ref,3807.668,1,0,51118,3271744
fuzzydedup,4,1,enron_full_327398,exact_ref,2633.115,1,0,31617,2023680
fuzzydedup,5,1,enron_full_327398,exact_ref,3023.081,1,0,41062,2628160
fuzzydedup,4,1,enron_full_327734,exact_ref,4694.612,1,0,69520,4449472
fuzzydedup,5,1,enron_full_327734,exact_ref,5204.351,1,0,82868,5303744
fuzzydedup,6,1,enron_full_327734,exact_ref,5636.711,1,0,94675,6059392
fuzzydedup,5,1,enron_full_330743,exact_ref,397.558,1,0,1495,95872
fuzzydedup,6,1,enron_full_330743,exact_ref,432.917,1,0,1584,101568
fuzzydedup,4,1,enron_full_330743,exact_ref,363.756,1,0,1411,90496
fuzzydedup,6,1,enron_full_330847,exact_ref,3031.277,1,0,45424,2907328
fuzzydedup,4,1,enron_full_330847,exact_ref,2597.756,1,0,35174,2251328
fuzzydedup,5,1,enron_full_330847,exact_ref,2678.579,1,0,40822,2612800
fuzzydedup,4,1,enron_full_331065,no_exact_ref,5750.461,0,5,84127,5384128
fuzzydedup,5,1,enron_full_331065,no_exact_ref,5674.911,0,6,103384,6616576
fuzzydedup,6,1,enron_full_331065,no_exact_ref,7676.046,0,7,123332,7893248
fuzzydedup,5,1,enron_full_331235,exact_ref,2848.518,1,0,36867,2359680
fuzzydedup,6,1,enron_full_331235,exact_ref,3030.008,1,0,46312,2964160
fuzzydedup,4,1,enron_full_331235,exact_ref,2130.983,1,0,28621,1831936
fuzzydedup,6,1,enron_full_331309,no_exact_ref,4229.127,0,7,67711,4333504
fuzzydedup,4,1,enron_full_331309,no_exact_ref,3166.895,0,5,44983,2878912
fuzzydedup,5,1,enron_full_331309,no_exact_ref,3259.500,0,6,55915,3578560
fuzzydedup,4,1,enron_full_332147,no_exact_ref,1817.123,0,5,28839,1845696
fuzzydedup,5,1,enron_full_332147,no_exact_ref,1976.868,0,6,35649,2281536
fuzzydedup,6,1,enron_full_332147,no_exact_ref,2273.292,0,7,43148,2761472
fuzzydedup,5,1,enron_full_332523,exact_ref,5959.007,1,0,89833,5749504
fuzzydedup,6,1,enron_full_332523,exact_ref,5945.155,1,0,104216,6670016
fuzzydedup,4,1,enron_full_332523,exact_ref,4561.802,1,0,74325,4756992
fuzzydedup,6,1,enron_full_333276,exact_ref,3297.925,1,0,55817,3572480
fuzzydedup,4,1,enron_full_333276,exact_ref,2925.392,1,0,43947,2812800
fuzzydedup,5,1,enron_full_333276,exact_ref,3259.258,1,0,50169,3211008
fuzzydedup,4,1,enron_full_333308,exact_ref,3669.137,1,0,43543,2786944
fuzzydedup,5,1,enron_full_333308,exact_ref,3838.958,1,0,55237,3535360
fuzzydedup,6,1,enron_full_333308,exact_ref,4676.043,1,0,68566,4388416
fuzzydedup,5,1,enron_full_333309,exact_ref,5225.922,1,0,82972,5310400
fuzzydedup,6,1,enron_full_333309,exact_ref,5532.276,1,0,94779,6066048
fuzzydedup,4,1,enron_full_333309,exact_ref,4684.693,1,0,69624,4456128
fuzzydedup,6,1,enron_full_334798,no_exact_ref,1715.039,0,7,25738,1647232
fuzzydedup,4,1,enron_full_334798,no_exact_ref,1208.122,0,5,14937,955968
fuzzydedup,5,1,enron_full_334798,no_exact_ref,1356.910,0,6,19815,1268160
fuzzydedup,4,1,enron_full_335428,exact_ref,1314.088,1,0,16972,1086400
fuzzydedup,5,1,enron_full_335428,exact_ref,1374.886,1,0,18787,1202560
fuzzydedup,6,1,enron_full_335428,exact_ref,1435.616,1,0,20329,1301248
fuzzydedup,5,1,enron_full_335498,exact_ref,5315.159,1,0,82973,5310464
fuzzydedup,6,1,enron_full_335498,exact_ref,5615.191,1,0,94780,6066112
fuzzydedup,4,1,enron_full_335498,exact_ref,4650.676,1,0,69625,4456192
fuzzydedup,6,1,enron_full_335546,exact_ref,5993.791,1,0,86615,5543552
fuzzydedup,4,1,enron_full_335546,exact_ref,4020.709,1,0,56642,3625280
fuzzydedup,5,1,enron_full_335546,exact_ref,5329.159,1,0,71354,4566848
fuzzydedup,4,1,enron_full_335575,exact_ref,4720.666,1,0,68494,4383808
fuzzydedup,5,1,enron_full_335575,exact_ref,5427.060,1,0,84405,5402112
fuzzydedup,6,1,enron_full_335575,exact_ref,6386.879,1,0,100624,6440128
fuzzydedup,5,1,enron_full_335623,exact_ref,5070.324,1,0,71364,4567488
fuzzydedup,6,1,enron_full_335623,exact_ref,5671.681,1,0,86625,5544192
fuzzydedup,4,1,enron_full_335623,exact_ref,3661.078,1,0,56652,3625920
fuzzydedup,6,1,enron_full_335857,exact_ref,1961.666,1,0,32870,2103872
fuzzydedup,4,1,enron_full_335857,exact_ref,1765.619,1,0,26439,1692288
fuzzydedup,5,1,enron_full_335857,exact_ref,1835.860,1,0,29922,1915200
fuzzydedup,4,1,enron_full_335946,exact_ref,1114.524,1,0,14993,959744
fuzzydedup,5,1,enron_full_335946,exact_ref,1226.657,1,0,16808,1075904
fuzzydedup,6,1,enron_full_335946,exact_ref,1377.977,1,0,18350,1174592
fuzzydedup,5,1,enron_full_336542,exact_ref,5466.832,1,0,84178,5387584
fuzzydedup,6,1,enron_full_336542,exact_ref,5665.236,1,0,98561,6308096
fuzzydedup,4,1,enron_full_336542,exact_ref,4714.884,1,0,68670,4395072
fuzzydedup,6,1,enron_full_337267,exact_ref,992.259,1,0,12422,795200
fuzzydedup,4,1,enron_full_337267,exact_ref,1019.779,1,0,10601,678656
fuzzydedup,5,1,enron_full_337267,exact_ref,920.517,1,0,11716,750016
fuzzydedup,4,1,enron_full_337292,exact_ref,4464.731,1,0,63961,4093696
fuzzydedup,5,1,enron_full_337292,exact_ref,5511.935,1,0,79872,5112000
fuzzydedup,6,1,enron_full_337292,exact_ref,5711.542,1,0,96091,6150016
fuzzydedup,5,1,enron_full_337470,exact_ref,5046.647,1,0,83412,5338560
fuzzydedup,6,1,enron_full_337470,exact_ref,5690.381,1,0,99323,6356864
fuzzydedup,4,1,enron_full_337470,exact_ref,4232.640,1,0,67651,4329856
fuzzydedup,6,1,enron_full_339638,no_exact_ref,7774.937,0,7,148499,9516736
fuzzydedup,4,1,enron_full_339638,no_exact_ref,5206.024,0,5,105124,6728064
fuzzydedup,5,1,enron_full_339638,no_exact_ref,6325.539,0,6,126879,8130304
fuzzydedup,4,1,enron_full_340418,exact_ref,2601.322,1,0,28790,1842752
fuzzydedup,5,1,enron_full_340418,exact_ref,3028.758,1,0,37036,2370496
fuzzydedup,6,1,enron_full_340418,exact_ref,3002.821,1,0,46481,2974976
fuzzydedup,5,1,enron_full_340472,exact_ref,4062.029,1,0,64906,4154176
fuzzydedup,6,1,enron_full_340472,exact_ref,4202.343,1,0,74492,4767680
fuzzydedup,4,1,enron_full_340472,exact_ref,3746.257,1,0,54224,3470528
fuzzydedup,6,1,enron_full_340761,exact_ref,3438.674,1,0,66201,4237056
fuzzydedup,4,1,enron_full_340761,exact_ref,3046.654,1,0,52549,3363328
fuzzydedup,5,1,enron_full_340761,exact_ref,3115.182,1,0,59979,3838848
fuzzydedup,4,1,enron_full_341249,exact_ref,2655.469,1,0,38901,2489856
fuzzydedup,5,1,enron_full_341249,exact_ref,2729.478,1,0,44549,2851328
fuzzydedup,6,1,enron_full_341249,exact_ref,2968.052,1,0,49151,3145856
fuzzydedup,5,1,enron_full_341362,exact_ref,2662.393,1,0,43360,2775232
fuzzydedup,6,1,enron_full_341362,exact_ref,2844.208,1,0,47962,3069760
fuzzydedup,4,1,enron_full_341362,exact_ref,2564.046,1,0,37712,2413760
fuzzydedup,6,1,enron_full_342301,exact_ref,2756.560,1,0,37779,2418048
fuzzydedup,4,1,enron_full_342301,exact_ref,1863.240,1,0,23553,1507584
fuzzydedup,5,1,enron_full_342301,exact_ref,2094.097,1,0,30327,1941120
fuzzydedup,4,1,enron_full_342735,exact_ref,3326.330,1,0,39629,2536448
fuzzydedup,5,1,enron_full_342735,exact_ref,3697.249,1,0,50680,3243712
fuzzydedup,6,1,enron_full_342735,exact_ref,4128.638,1,0,62374,3992128
fuzzydedup,5,1,enron_full_344191,exact_ref,5277.675,1,0,71762,4592960
fuzzydedup,6,1,enron_full_344191,exact_ref,6235.488,1,0,87023,5569664
fuzzydedup,4,1,enron_full_344191,exact_ref,3902.217,1,0,57050,3651392
fuzzydedup,6,1,enron_full_344335,exact_ref,6740.111,1,0,106178,6795584
fuzzydedup,4,1,enron_full_344335,exact_ref,5311.966,1,0,75137,4808960
fuzzydedup,5,1,enron_full_344335,exact_ref,5808.254,1,0,90670,5803072
fuzzydedup,4,1,enron_full_344645,no_exact_ref,8001.210,0,5,137103,8774592
fuzzydedup,5,1,enron_full_344645,no_exact_ref,8776.535,0,6,164671,10538944
fuzzydedup,6,1,enron_full_344645,no_exact_ref,10336.151,0,7,190614,12199296
fuzzydedup,5,1,enron_full_345595,exact_ref,2579.082,1,0,39009,2496768
fuzzydedup,6,1,enron_full_345595,exact_ref,2501.854,1,0,42492,2719680
fuzzydedup,4,1,enron_full_345595,exact_ref,2174.605,1,0,34407,2202240
fuzzydedup,6,1,enron_full_345814,exact_ref,6383.629,1,0,105618,6759744
fuzzydedup,4,1,enron_full_345814,exact_ref,5005.860,1,0,73239,4687488
fuzzydedup,5,1,enron_full_345814,exact_ref,5788.660,1,0,89646,5737536
fuzzydedup,4,1,enron_full_348142,exact_ref,4955.616,1,0,75063,4804224
fuzzydedup,5,1,enron_full_348142,exact_ref,5936.166,1,0,90596,5798336
fuzzydedup,6,1,enron_full_348142,exact_ref,7657.467,1,0,106104,6790848
fuzzydedup,5,1,enron_full_348438,no_exact_ref,9672.685,0,6,168125,10760128
fuzzydedup,6,1,enron_full_348438,no_exact_ref,11015.066,0,7,194644,12457408
fuzzydedup,4,1,enron_full_348438,no_exact_ref,7759.325,0,5,139516,8929024
fuzzydedup,6,1,enron_full_349353,no_exact_ref,8439.855,0,7,159258,10192512
fuzzydedup,4,1,enron_full_349353,no_exact_ref,6462.229,0,5,113227,7246528
fuzzydedup,5,1,enron_full_349353,no_exact_ref,7546.246,0,6,136629,8744256
fuzzydedup,4,1,enron_full_349483,no_exact_ref,5628.395,0,5,87103,5574592
fuzzydedup,5,1,enron_full_349483,no_exact_ref,6320.372,0,6,106088,6789632
fuzzydedup,6,1,enron_full_349483,no_exact_ref,7030.790,0,7,125079,8005056
fuzzydedup,5,1,enron_full_352068,no_exact_ref,9837.287,0,6,160514,10272896
fuzzydedup,6,1,enron_full_352068,no_exact_ref,10518.527,0,7,186103,11910592
fuzzydedup,4,1,enron_full_352068,no_exact_ref,7087.166,0,5,133491,8543424
fuzzydedup,6,1,enron_full_352183,exact_ref,161.356,1,0,1034,66368
fuzzydedup,4,1,enron_full_352183,exact_ref,98.779,1,0,725,46592
fuzzydedup,5,1,enron_full_352183,exact_ref,102.992,1,0,878,56384
fuzzydedup,4,1,enron_full_352410,exact_ref,2050.115,1,0,25380,1624512
fuzzydedup,5,1,enron_full_352410,exact_ref,2813.627,1,0,32832,2101440
fuzzydedup,6,1,enron_full_352410,exact_ref,3084.486,1,0,41078,2629184
fuzzydedup,5,1,enron_full_352552,no_exact_ref,9428.623,0,6,168810,10803840
fuzzydedup,6,1,enron_full_352552,no_exact_ref,10117.445,0,7,194887,12472768
fuzzydedup,4,1,enron_full_352552,no_exact_ref,7318.632,0,5,139973,8958272
fuzzydedup,6,1,enron_full_353158,exact_ref,5936.535,1,0,105442,6748480
fuzzydedup,4,1,enron_full_353158,exact_ref,4482.747,1,0,73063,4676224
fuzzydedup,5,1,enron_full_353158,exact_ref,5682.332,1,0,89470,5726272
fuzzydedup,4,1,enron_full_353883,no_exact_ref,7938.614,0,5,137103,8774592
fuzzydedup,5,1,enron_full_353883,no_exact_ref,9356.758,0,6,164671,10538944
fuzzydedup,6,1,enron_full_353883,no_exact_ref,10510.932,0,7,190614,12199296
fuzzydedup,5,1,enron_full_354290,no_exact_ref,4305.459,0,6,84314,5396352
fuzzydedup,6,1,enron_full_354290,no_exact_ref,5933.960,0,7,100525,6433920
fuzzydedup,4,1,enron_full_354290,no_exact_ref,3978.271,0,5,68018,4353408
fuzzydedup,6,1,enron_full_355229,no_exact_ref,3630.203,0,7,76712,4909568
fuzzydedup,4,1,enron_full_355229,no_exact_ref,2716.197,0,5,50866,3255424
fuzzydedup,5,1,enron_full_355229,no_exact_ref,3606.984,0,6,63363,4055232
fuzzydedup,4,1,enron_full_355694,exact_ref,5062.629,1,0,75271,4817536
fuzzydedup,5,1,enron_full_355694,exact_ref,5279.429,1,0,90804,5811648
fuzzydedup,6,1,enron_full_355694,exact_ref,6247.703,1,0,106312,6804160
fuzzydedup,5,1,enron_full_355895,no_exact_ref,7830.659,0,6,154598,9894272
fuzzydedup,6,1,enron_full_355895,no_exact_ref,9209.591,0,7,180015,11520960
fuzzydedup,4,1,enron_full_355895,no_exact_ref,7532.250,0,5,128135,8200640
fuzzydedup,6,1,enron_full_356569,no_exact_ref,6315.399,0,7,83781,5361984
fuzzydedup,4,1,enron_full_356569,no_exact_ref,3871.117,0,5,56325,3604800
fuzzydedup,5,1,enron_full_356569,no_exact_ref,4426.264,0,6,69703,4460992
fuzzydedup,4,1,enron_full_356908,exact_ref,5679.554,1,0,69041,4418816
fuzzydedup,5,1,enron_full_356908,exact_ref,5652.736,1,0,84952,5437120
fuzzydedup,6,1,enron_full_356908,exact_ref,6413.894,1,0,101171,6475136
fuzzydedup,5,1,enron_full_356976,no_exact_ref,7193.100,0,6,113036,7234368
fuzzydedup,6,1,enron_full_356976,no_exact_ref,8165.268,0,7,133357,8535232
fuzzydedup,4,1,enron_full_356976,no_exact_ref,5740.133,0,5,92244,5903680
fuzzydedup,6,1,enron_full_358597,no_exact_ref,7565.335,0,7,123332,7893248
fuzzydedup,4,1,enron_full_358597,no_exact_ref,4757.078,0,5,84127,5384128
fuzzydedup,5,1,enron_full_358597,no_exact_ref,5628.103,0,6,103384,6616576
fuzzydedup,4,1,enron_full_358915,no_exact_ref,4907.469,0,5,87103,5574592
fuzzydedup,5,1,enron_full_358915,no_exact_ref,5269.322,0,6,106088,6789632
fuzzydedup,6,1,enron_full_358915,no_exact_ref,6245.686,0,7,125079,8005056
fuzzydedup,5,1,enron_full_360085,exact_ref,3841.605,1,0,63742,4079680
fuzzydedup,6,1,enron_full_360085,exact_ref,4103.546,1,0,71172,4555200
fuzzydedup,4,1,enron_full_360085,exact_ref,3162.544,1,0,55184,3531968
fuzzydedup,6,1,enron_full_360983,exact_ref,5728.105,1,0,101244,6479808
fuzzydedup,4,1,enron_full_360983,exact_ref,4599.451,1,0,69114,4423488
fuzzydedup,5,1,enron_full_360983,exact_ref,4912.943,1,0,85025,5441792
fuzzydedup,4,1,enron_full_362389,exact_ref,4474.595,1,0,69159,4426368
fuzzydedup,5,1,enron_full_362389,exact_ref,5325.743,1,0,85070,5444672
fuzzydedup,6,1,enron_full_362389,exact_ref,6150.134,1,0,101289,6482688
fuzzydedup,5,1,enron_full_363120,exact_ref,2789.169,1,0,40049,2563328
fuzzydedup,6,1,enron_full_363120,exact_ref,2917.207,1,0,44651,2857856
fuzzydedup,4,1,enron_full_363120,exact_ref,2565.582,1,0,34401,2201856
fuzzydedup,6,1,enron_full_363607,no_exact_ref,8964.548,0,7,153889,9848896
fuzzydedup,4,1,enron_full_363607,no_exact_ref,6459.832,0,5,107991,6911424
fuzzydedup,5,1,enron_full_363607,no_exact_ref,7385.874,0,6,131204,8397056
fuzzydedup,4,1,enron_full_363846,no_exact_ref,8180.957,0,5,141284,9042176
fuzzydedup,5,1,enron_full_363846,no_exact_ref,8924.930,0,6,169864,10871296
fuzzydedup,6,1,enron_full_363846,no_exact_ref,10606.305,0,7,197015,12608960
fuzzydedup,5,1,enron_full_363876,exact_ref,3859.686,1,0,51728,3310784
fuzzydedup,6,1,enron_full_363876,exact_ref,4408.378,1,0,65057,4163840
fuzzydedup,4,1,enron_full_363876,exact_ref,3116.128,1,0,40034,2562368
fuzzydedup,6,1,enron_full_364025,no_exact_ref,8259.926,0,7,153889,9848896
fuzzydedup,4,1,enron_full_364025,no_exact_ref,6804.365,0,5,107991,6911424
fuzzydedup,5,1,enron_full_364025,no_exact_ref,6816.334,0,6,131204,8397056
fuzzydedup,4,1,enron_full_364586,exact_ref,2669.762,1,0,31986,2047296
fuzzydedup,5,1,enron_full_364586,exact_ref,2631.661,1,0,37634,2408768
fuzzydedup,6,1,enron_full_364586,exact_ref,2915.059,1,0,42236,2703296
fuzzydedup,5,1,enron_full_365105,no_exact_ref,4073.428,0,6,73355,4694720
fuzzydedup,6,1,enron_full_365105,no_exact_ref,4344.483,0,7,88518,5665152
fuzzydedup,4,1,enron_full_365105,no_exact_ref,3383.949,0,5,59159,3786176
fuzzydedup,6,1,enron_full_365478,no_exact_ref,9969.033,0,7,180015,11520960
fuzzydedup,4,1,enron_full_365478,no_exact_ref,7170.814,0,5,128135,8200640
fuzzydedup,5,1,enron_full_365478,no_exact_ref,8648.779,0,6,154598,9894272
fuzzydedup,4,1,enron_full_365497,exact_ref,4020.357,1,0,68022,4353600
fuzzydedup,5,1,enron_full_365497,exact_ref,4709.971,1,0,79829,5109248
fuzzydedup,6,1,enron_full_365497,exact_ref,5367.026,1,0,90511,5792896
fuzzydedup,5,1,enron_full_365509,no_exact_ref,3239.125,1,0,50817,3252480
fuzzydedup,6,1,enron_full_365509,no_exact_ref,3209.958,1,0,56465,3613952
fuzzydedup,4,1,enron_full_365509,no_exact_ref,2898.824,1,0,44595,2854272
fuzzydedup,6,1,enron_full_365947,no_exact_ref,9662.014,0,7,184939,11836096
fuzzydedup,4,1,enron_full_365947,no_exact_ref,6833.971,0,5,132999,8511936
fuzzydedup,5,1,enron_full_365947,no_exact_ref,8803.580,0,6,159592,10213888
fuzzydedup,4,1,enron_full_366510,exact_ref,1396.991,1,0,17429,1115648
fuzzydedup,5,1,enron_full_366510,exact_ref,1412.970,1,0,19244,1231808
fuzzydedup,6,1,enron_full_366510,exact_ref,1426.215,1,0,20786,1330496
fuzzydedup,5,1,enron_full_366895,exact_ref,5405.507,1,0,77112,4935360
fuzzydedup,6,1,enron_full_366895,exact_ref,5807.994,1,0,92873,5944064
fuzzydedup,4,1,enron_full_366895,exact_ref,4567.691,1,0,61851,3958656
fuzzydedup,6,1,enron_full_367052,no_exact_ref,9187.440,0,7,169255,10832320
fuzzydedup,4,1,enron_full_367052,no_exact_ref,6183.143,0,5,120641,7721024
fuzzydedup,5,1,enron_full_367052,no_exact_ref,7899.139,0,6,145606,9318784
fuzzydedup,4,1,enron_full_367129,no_exact_ref,5820.804,0,5,95838,6133632
fuzzydedup,5,1,enron_full_367129,no_exact_ref,6793.615,0,6,116994,7487616
fuzzydedup,6,1,enron_full_367129,no_exact_ref,7374.174,0,7,137129,8776256
fuzzydedup,5,1,enron_full_367319,no_exact_ref,9663.599,0,6,169489,10847296
fuzzydedup,6,1,enron_full_367319,no_exact_ref,10923.056,0,7,197034,12610176
fuzzydedup,4,1,enron_full_367319,no_exact_ref,9177.857,0,5,140955,9021120
fuzzydedup,6,1,enron_full_367765,exact_ref,4250.147,1,0,51543,3298944
fuzzydedup,4,1,enron_full_367765,exact_ref,2981.922,1,0,32042,2050880
fuzzydedup,5,1,enron_full_367765,exact_ref,3156.699,1,0,41487,2655360
fuzzydedup,4,1,enron_full_367912,no_exact_ref,4473.349,0,5,69400,4441600
fuzzydedup,5,1,enron_full_367912,no_exact_ref,5513.581,0,6,85290,5458560
fuzzydedup,6,1,enron_full_367912,no_exact_ref,6239.220,0,7,102455,6557120
fuzzydedup,5,1,enron_full_368156,no_exact_ref,3571.540,0,6,50020,3201280
fuzzydedup,6,1,enron_full_368156,no_exact_ref,3953.688,0,7,60498,3871872
fuzzydedup,4,1,enron_full_368156,no_exact_ref,2908.884,0,5,40217,2573888
fuzzydedup,6,1,enron_full_368318,no_exact_ref,9719.301,0,7,169255,10832320
fuzzydedup,4,1,enron_full_368318,no_exact_ref,7466.243,0,5,120641,7721024
fuzzydedup,5,1,enron_full_368318,no_exact_ref,7971.106,0,6,145606,9318784
fuzzydedup,4,1,enron_full_369168,exact_ref,4806.358,1,0,68957,4413440
fuzzydedup,5,1,enron_full_369168,exact_ref,5341.351,1,0,84718,5422144
fuzzydedup,6,1,enron_full_369168,exact_ref,5681.056,1,0,100629,6440448
fuzzydedup,5,1,enron_full_369419,exact_ref,5260.365,1,0,81807,5235840
fuzzydedup,6,1,enron_full_369419,exact_ref,6403.689,1,0,98214,6285888
fuzzydedup,4,1,enron_full_369419,exact_ref,4263.224,1,0,65588,4197824
fuzzydedup,6,1,enron_full_370439,exact_ref,5258.571,1,0,79819,5108608
fuzzydedup,4,1,enron_full_370439,exact_ref,4151.835,1,0,57330,3669312
fuzzydedup,5,1,enron_full_370439,exact_ref,4443.195,1,0,69137,4424960
fuzzydedup,4,1,enron_full_371121,no_exact_ref,2553.226,0,5,40217,2573888
fuzzydedup,5,1,enron_full_371121,no_exact_ref,3351.218,0,6,50020,3201280
fuzzydedup,6,1,enron_full_371121,no_exact_ref,3817.128,0,7,60498,3871872
fuzzydedup,5,1,enron_full_373728,exact_ref,5808.024,1,0,85434,5467968
fuzzydedup,6,1,enron_full_373728,exact_ref,6079.083,1,0,101653,6505984
fuzzydedup,4,1,enron_full_373728,exact_ref,4753.946,1,0,69523,4449664
fuzzydedup,6,1,enron_full_373978,exact_ref,6258.312,1,0,104507,6688640
fuzzydedup,4,1,enron_full_373978,exact_ref,4420.143,1,0,71881,4600576
fuzzydedup,5,1,enron_full_373978,exact_ref,5466.446,1,0,88100,5638592
fuzzydedup,4,1,enron_full_374719,exact_ref,3282.734,1,0,50491,3231616
fuzzydedup,5,1,enron_full_374719,exact_ref,3399.780,1,0,57921,3707136
fuzzydedup,6,1,enron_full_374719,exact_ref,3380.984,1,0,64143,4105344
fuzzydedup,5,1,enron_full_374736,exact_ref,4353.665,1,0,75252,4816320
fuzzydedup,6,1,enron_full_374736,exact_ref,4757.476,1,0,84838,5429824
fuzzydedup,4,1,enron_full_374736,exact_ref,3675.832,1,0,64570,4132672
fuzzydedup,6,1,enron_full_375606,exact_ref,3886.830,1,0,70637,4520960
fuzzydedup,4,1,enron_full_375606,exact_ref,3618.154,1,0,52493,3359744
fuzzydedup,5,1,enron_full_375606,exact_ref,3987.540,1,0,62079,3973248
fuzzydedup,4,1,enron_full_376013,exact_ref,186.076,1,0,1778,113984
fuzzydedup,5,1,enron_full_376013,exact_ref,152.985,1,0,2282,146240
fuzzydedup,6,1,enron_full_376013,exact_ref,182.306,1,0,2759,176768
fuzzydedup,5,1,enron_full_376710,exact_ref,5784.345,1,0,85484,5471168
fuzzydedup,6,1,enron_full_376710,exact_ref,5830.783,1,0,101703,6509184
fuzzydedup,4,1,enron_full_376710,exact_ref,4594.803,1,0,69573,4452864
fuzzydedup,6,1,enron_full_377221,exact_ref,5755.682,1,0,100607,6439040
fuzzydedup,4,1,enron_full_377221,exact_ref,4446.985,1,0,73437,4700160
fuzzydedup,5,1,enron_full_377221,exact_ref,5508.849,1,0,87259,5584768
fuzzydedup,4,1,enron_full_377377,exact_ref,1862.012,1,0,20747,1328000
fuzzydedup,5,1,enron_full_377377,exact_ref,1990.356,1,0,26827,1717120
fuzzydedup,6,1,enron_full_377377,exact_ref,2275.635,1,0,33601,2150656
fuzzydedup,5,1,enron_full_378712,exact_ref,5704.619,1,0,91424,5851328
fuzzydedup,6,1,enron_full_378712,exact_ref,6686.927,1,0,106957,6845440
fuzzydedup,4,1,enron_full_378712,exact_ref,4847.808,1,0,75452,4829120
fuzzydedup,6,1,enron_full_378826,exact_ref,3626.578,1,0,64010,4096832
fuzzydedup,4,1,enron_full_378826,exact_ref,2940.635,1,0,50358,3223104
fuzzydedup,5,1,enron_full_378826,exact_ref,3217.875,1,0,57788,3698624
fuzzydedup,4,1,enron_full_379382,exact_ref,5215.552,1,0,70664,4522688
fuzzydedup,5,1,enron_full_379382,exact_ref,5275.591,1,0,86197,5516800
fuzzydedup,6,1,enron_full_379382,exact_ref,6313.104,1,0,101705,6509312
fuzzydedup,5,1,enron_full_379515,exact_ref,4497.583,1,0,69604,4454848
fuzzydedup,6,1,enron_full_379515,exact_ref,4147.665,1,0,78162,5002560
fuzzydedup,4,1,enron_full_379515,exact_ref,3417.533,1,0,60018,3841344
fuzzydedup,6,1,enron_full_380183,exact_ref,5446.880,1,0,80725,5166592
fuzzydedup,4,1,enron_full_380183,exact_ref,4152.005,1,0,50752,3248320
fuzzydedup,5,1,enron_full_380183,exact_ref,4360.352,1,0,65464,4189888
fuzzydedup,4,1,enron_full_380419,exact_ref,4032.448,1,0,68346,4374336
fuzzydedup,5,1,enron_full_380419,exact_ref,4505.804,1,0,80153,5129984
fuzzydedup,6,1,enron_full_380419,exact_ref,5177.464,1,0,90835,5813632
fuzzydedup,5,1,enron_full_380667,exact_ref,3334.924,1,0,57760,3696832
fuzzydedup,6,1,enron_full_380667,exact_ref,3865.215,1,0,63982,4095040
fuzzydedup,4,1,enron_full_380667,exact_ref,3403.805,1,0,50330,3221312
fuzzydedup,6,1,enron_full_381275,exact_ref,6053.451,1,0,80649,5161728
fuzzydedup,4,1,enron_full_381275,exact_ref,3847.610,1,0,50676,3243456
fuzzydedup,5,1,enron_full_381275,exact_ref,5892.494,1,0,65388,4185024
fuzzydedup,4,1,enron_full_381430,exact_ref,973.927,1,0,8991,575616
fuzzydedup,5,1,enron_full_381430,exact_ref,827.646,1,0,9697,620800
fuzzydedup,6,1,enron_full_381430,exact_ref,891.728,1,0,10256,656576
fuzzydedup,5,1,enron_full_381540,exact_ref,6278.445,1,0,91067,5828480
fuzzydedup,6,1,enron_full_381540,exact_ref,6798.357,1,0,105450,6748992
fuzzydedup,4,1,enron_full_381540,exact_ref,5381.037,1,0,75559,4835968
fuzzydedup,6,1,enron_full_381912,exact_ref,1483.662,1,0,13395,857472
fuzzydedup,4,1,enron_full_381912,exact_ref,953.831,1,0,8358,535104
fuzzydedup,5,1,enron_full_381912,exact_ref,1051.747,1,0,10709,685568
fuzzydedup,4,1,enron_full_382401,no_exact_ref,7682.164,0,5,121972,7806208
fuzzydedup,5,1,enron_full_382401,no_exact_ref,8784.048,0,6,147636,9448704
fuzzydedup,6,1,enron_full_382401,no_exact_ref,9446.234,0,7,172289,11026496
fuzzydedup,5,1,enron_full_382476,exact_ref,4433.107,1,0,69634,4456768
fuzzydedup,6,1,enron_full_382476,exact_ref,4221.877,1,0,78192,5004480
fuzzydedup,4,1,enron_full_382476,exact_ref,3521.349,1,0,60048,3843264
fuzzydedup,6,1,enron_full_382877,exact_ref,6709.628,1,0,99233,6351104
fuzzydedup,4,1,enron_full_382877,exact_ref,4776.512,1,0,68192,4364480
fuzzydedup,5,1,enron_full_382877,exact_ref,5544.393,1,0,83725,5358592
fuzzydedup,4,1,enron_full_384162,no_exact_ref,7091.720,0,5,120641,7721024
fuzzydedup,5,1,enron_full_384162,no_exact_ref,8451.517,0,6,145606,9318784
fuzzydedup,6,1,enron_full_384162,no_exact_ref,9162.658,0,7,169255,10832320
fuzzydedup,5,1,enron_full_384461,exact_ref,2035.210,1,0,30232,1935040
fuzzydedup,6,1,enron_full_384461,exact_ref,2463.310,1,0,37684,2411968
fuzzydedup,4,1,enron_full_384461,exact_ref,1482.838,1,0,23458,1501504
fuzzydedup,6,1,enron_full_384653,exact_ref,4077.423,1,0,63047,4035200
fuzzydedup,4,1,enron_full_384653,exact_ref,3015.642,1,0,40302,2579520
fuzzydedup,5,1,enron_full_384653,exact_ref,3633.709,1,0,51353,3286784
fuzzydedup,4,1,enron_full_384988,exact_ref,3214.193,1,0,50649,3241728
fuzzydedup,5,1,enron_full_384988,exact_ref,3340.654,1,0,58079,3717248
fuzzydedup,6,1,enron_full_384988,exact_ref,3816.983,1,0,64301,4115456
fuzzydedup,5,1,enron_full_385098,exact_ref,839.715,1,0,9739,623488
fuzzydedup,6,1,enron_full_385098,exact_ref,861.392,1,0,10298,659264
fuzzydedup,4,1,enron_full_385098,exact_ref,754.533,1,0,9033,578304
fuzzydedup,6,1,enron_full_385839,exact_ref,4386.356,1,0,63022,4033600
fuzzydedup,4,1,enron_full_385839,exact_ref,2562.775,1,0,40277,2577920
fuzzydedup,5,1,enron_full_385839,exact_ref,3058.027,1,0,51328,3285184
fuzzydedup,4,1,enron_full_386188,no_exact_ref,3663.540,0,5,56325,3604800
fuzzydedup,5,1,enron_full_386188,no_exact_ref,3869.007,0,6,69703,4460992
fuzzydedup,6,1,enron_full_386188,no_exact_ref,4633.781,0,7,83781,5361984
fuzzydedup,5,1,enron_full_386616,no_exact_ref,7346.860,0,6,136629,8744320
fuzzydedup,6,1,enron_full_386616,no_exact_ref,8059.672,0,7,159258,10192576
fuzzydedup,4,1,enron_full_386616,no_exact_ref,6171.692,0,5,113227,7246528
fuzzydedup,6,1,enron_full_386731,no_exact_ref,9406.155,0,7,163334,10453376
fuzzydedup,4,1,enron_full_386731,no_exact_ref,6399.160,0,5,115506,7392384
fuzzydedup,5,1,enron_full_386731,no_exact_ref,8203.198,0,6,139663,8938432
fuzzydedup,4,1,enron_full_387578,exact_ref,4861.948,1,0,74047,4739200
fuzzydedup,5,1,enron_full_387578,exact_ref,5380.366,1,0,90454,5789248
fuzzydedup,6,1,enron_full_387578,exact_ref,6723.981,1,0,106426,6811456
fuzzydedup,5,1,enron_full_387701,no_exact_ref,8464.524,0,6,159592,10213888
fuzzydedup,6,1,enron_full_387701,no_exact_ref,10121.237,0,7,184939,11836096
fuzzydedup,4,1,enron_full_387701,no_exact_ref,8087.464,0,5,132999,8511936
fuzzydedup,6,1,enron_full_387952,no_exact_ref,9177.870,0,7,159258,10192512
fuzzydedup,4,1,enron_full_387952,no_exact_ref,6388.182,0,5,113227,7246528
fuzzydedup,5,1,enron_full_387952,no_exact_ref,7694.561,0,6,136629,8744256
fuzzydedup,4,1,enron_full_388565,exact_ref,3866.312,1,0,53097,3398400
fuzzydedup,5,1,enron_full_388565,exact_ref,4463.763,1,0,67294,4307008
fuzzydedup,6,1,enron_full_388565,exact_ref,5742.359,1,0,82006,5248576
fuzzydedup,5,1,enron_full_388921,exact_ref,3338.207,1,0,51229,3278848
fuzzydedup,6,1,enron_full_388921,exact_ref,3377.761,1,0,56877,3640320
fuzzydedup,4,1,enron_full_388921,exact_ref,2893.581,1,0,45007,2880640
fuzzydedup,6,1,enron_full_390158,exact_ref,6295.267,1,6,103917,6653184
fuzzydedup,4,1,enron_full_390158,exact_ref,5385.980,1,0,78775,5043072
fuzzydedup,5,1,enron_full_390158,exact_ref,5643.092,1,0,93158,5964096
fuzzydedup,4,1,enron_full_391047,exact_ref,5301.622,1,0,65573,4196864
fuzzydedup,5,1,enron_full_391047,exact_ref,5716.797,1,0,81980,5246912
fuzzydedup,6,1,enron_full_391047,exact_ref,6301.613,1,0,97952,6269120
fuzzydedup,5,1,enron_full_391217,no_exact_ref,9330.362,0,6,160514,10272896
fuzzydedup,6,1,enron_full_391217,no_exact_ref,10695.650,0,7,186103,11910592
fuzzydedup,4,1,enron_full_391217,no_exact_ref,8693.539,0,5,133491,8543424
fuzzydedup,6,1,enron_full_391486,no_exact_ref,2059.826,0,7,31685,2027840
fuzzydedup,4,1,enron_full_391486,no_exact_ref,1360.472,0,5,19159,1226176
fuzzydedup,5,1,enron_full_391486,no_exact_ref,1570.896,0,6,25187,1611968
fuzzydedup,4,1,enron_full_391746,no_exact_ref,1260.719,0,5,19159,1226176
fuzzydedup,5,1,enron_full_391746,no_exact_ref,2220.458,0,6,25187,1611968
fuzzydedup,6,1,enron_full_391746,no_exact_ref,2033.764,0,7,31685,2027840
fuzzydedup,5,1,enron_full_392955,exact_ref,1189.510,1,0,15730,1006912
fuzzydedup,6,1,enron_full_392955,exact_ref,1125.244,1,0,16845,1078272
fuzzydedup,4,1,enron_full_392955,exact_ref,1424.391,1,0,14188,908224
fuzzydedup,6,1,enron_full_393136,no_exact_ref,5860.840,0,7,92448,5916672
fuzzydedup,4,1,enron_full_393136,no_exact_ref,4528.481,0,5,62545,4002880
fuzzydedup,5,1,enron_full_393136,no_exact_ref,4934.704,0,6,77432,4955648
fuzzydedup,4,1,enron_full_393487,exact_ref,5493.138,1,0,74432,4763840
fuzzydedup,5,1,enron_full_393487,exact_ref,5917.504,1,0,90839,5813888
fuzzydedup,6,1,enron_full_393487,exact_ref,6917.036,1,0,106811,6836096
fuzzydedup,5,1,enron_full_394271,exact_ref,4916.199,1,0,84904,5434048
fuzzydedup,6,1,enron_full_394271,exact_ref,5412.744,1,0,96711,6189696
fuzzydedup,4,1,enron_full_394271,exact_ref,4336.108,1,0,71556,4579776
fuzzydedup,6,1,enron_full_394331,exact_ref,3216.285,1,0,57165,3658752
fuzzydedup,4,1,enron_full_394331,exact_ref,2477.304,1,0,45295,2899072
fuzzydedup,5,1,enron_full_394331,exact_ref,2744.582,1,0,51517,3297280
fuzzydedup,4,1,enron_full_394348,exact_ref,4961.605,1,0,66497,4256000
fuzzydedup,5,1,enron_full_394348,exact_ref,5280.192,1,0,82258,5264704
fuzzydedup,6,1,enron_full_394348,exact_ref,5844.504,1,0,98169,6283008
fuzzydedup,5,1,enron_full_394407,no_exact_ref,9417.099,0,6,169489,10847296
fuzzydedup,6,1,enron_full_394407,no_exact_ref,9978.526,0,7,197034,12610176
fuzzydedup,4,1,enron_full_394407,no_exact_ref,8082.807,0,5,140955,9021120
fuzzydedup,6,1,enron_full_395301,exact_ref,5485.793,1,0,87960,5629632
fuzzydedup,4,1,enron_full_395301,exact_ref,3900.363,1,0,57987,3711360
fuzzydedup,5,1,enron_full_395301,exact_ref,5016.780,1,0,72699,4652928
fuzzydedup,4,1,enron_full_395725,no_exact_ref,4546.956,0,5,77883,4984512
fuzzydedup,5,1,enron_full_395725,no_exact_ref,4837.914,0,6,95188,6092032
fuzzydedup,6,1,enron_full_395725,no_exact_ref,6106.747,0,7,112519,7201216
fuzzydedup,5,1,enron_full_396292,exact_ref,4822.974,1,0,84819,5428864
fuzzydedup,6,1,enron_full_396292,exact_ref,4694.403,1,0,96626,6184512
fuzzydedup,4,1,enron_full_396292,exact_ref,4378.557,1,0,71471,4574592
fuzzydedup,6,1,enron_full_396812,exact_ref,1962.073,1,0,32260,2064832
fuzzydedup,4,1,enron_full_396812,exact_ref,1805.909,1,0,26923,1723264
fuzzydedup,5,1,enron_full_396812,exact_ref,1659.077,1,0,29871,1911936
fuzzydedup,4,1,enron_full_397391,exact_ref,1142.026,1,0,13107,839040
fuzzydedup,5,1,enron_full_397391,exact_ref,1301.258,1,0,16943,1084544
fuzzydedup,6,1,enron_full_397391,exact_ref,1582.920,1,0,21139,1353088
fuzzydedup,5,1,enron_full_397879,exact_ref,4245.983,1,0,67453,4317184
fuzzydedup,6,1,enron_full_397879,exact_ref,5527.898,1,0,82165,5258752
fuzzydedup,4,1,enron_full_397879,exact_ref,3763.469,1,0,53256,3408576
fuzzydedup,6,1,enron_full_398718,exact_ref,5106.942,1,0,82193,5260544
fuzzydedup,4,1,enron_full_398718,exact_ref,3681.748,1,0,53284,3410368
fuzzydedup,5,1,enron_full_398718,exact_ref,4372.845,1,0,67481,4318976
fuzzydedup,4,1,enron_full_399591,no_exact_ref,7757.439,0,5,139973,8958272
fuzzydedup,5,1,enron_full_399591,no_exact_ref,9295.098,0,6,168810,10803904
fuzzydedup,6,1,enron_full_399591,no_exact_ref,9476.129,0,7,194887,12472832
fuzzydedup,5,1,enron_full_399779,no_exact_ref,9487.949,0,6,169864,10871296
fuzzydedup,6,1,enron_full_399779,no_exact_ref,10776.848,0,7,197015,12608960
fuzzydedup,4,1,enron_full_399779,no_exact_ref,8160.574,0,5,141284,9042176
fuzzydedup,6,1,enron_full_399917,no_exact_ref,10097.999,0,7,197015,12608960
fuzzydedup,4,1,enron_full_399917,no_exact_ref,8179.653,0,5,141284,9042176
fuzzydedup,5,1,enron_full_399917,no_exact_ref,9172.263,0,6,169864,10871296
fuzzydedup,4,1,enron_full_400523,exact_ref,4540.253,1,0,62417,3994880
fuzzydedup,5,1,enron_full_400523,exact_ref,4535.264,1,0,76239,4879488
fuzzydedup,6,1,enron_full_400523,exact_ref,5351.812,1,0,89587,5733760
fuzzydedup,5,1,enron_full_401763,no_exact_ref,8483.277,0,6,168125,10760000
fuzzydedup,6,1,enron_full_401763,no_exact_ref,10385.775,0,7,194644,12457216
fuzzydedup,4,1,enron_full_401763,no_exact_ref,8868.553,0,5,139516,8929024
fuzzydedup,6,1,enron_full_401798,no_exact_ref,10649.878,0,7,186103,11910592
fuzzydedup,4,1,enron_full_401798,no_exact_ref,8226.937,0,5,133491,8543424
fuzzydedup,5,1,enron_full_401798,no_exact_ref,10101.613,0,6,160514,10272896
fuzzydedup,4,1,enron_full_402233,exact_ref,3186.306,1,0,47516,3041216
fuzzydedup,5,1,enron_full_402233,exact_ref,3291.393,1,0,53738,3439424
fuzzydedup,6,1,enron_full_402233,exact_ref,3385.117,1,0,59386,3800896
fuzzydedup,5,1,enron_full_402310,exact_ref,5581.705,1,0,85045,5443072
fuzzydedup,6,1,enron_full_402310,exact_ref,5653.754,1,0,96852,6198720
fuzzydedup,4,1,enron_full_402310,exact_ref,4562.697,1,0,71697,4588800
fuzzydedup,6,1,enron_full_403001,exact_ref,7043.987,1,0,107773,6897664
fuzzydedup,4,1,enron_full_403001,exact_ref,4850.715,1,0,76732,4911040
fuzzydedup,5,1,enron_full_403001,exact_ref,5859.905,1,0,92265,5905152
fuzzydedup,4,1,enron_full_403036,exact_ref,6112.080,1,0,74812,4788160
fuzzydedup,5,1,enron_full_403036,exact_ref,5906.726,1,0,91219,5838208
fuzzydedup,6,1,enron_full_403036,exact_ref,6539.655,1,0,107191,6860416
fuzzydedup,5,1,enron_full_403180,exact_ref,5194.003,1,0,85244,5455808
fuzzydedup,6,1,enron_full_403180,exact_ref,5077.913,1,0,97051,6211456
fuzzydedup,4,1,enron_full_403180,exact_ref,4502.502,1,0,71896,4601536
fuzzydedup,6,1,enron_full_404066,exact_ref,279.528,1,0,3457,221440
fuzzydedup,4,1,enron_full_404066,exact_ref,177.012,1,0,2222,142400
fuzzydedup,5,1,enron_full_404066,exact_ref,206.488,1,0,2821,180736
fuzzydedup,4,1,enron_full_405218,exact_ref,1736.647,1,0,25815,1652352
fuzzydedup,5,1,enron_full_405218,exact_ref,1797.927,1,0,28763,1841024
fuzzydedup,6,1,enron_full_405218,exact_ref,1688.529,1,0,31152,1993920
fuzzydedup,5,1,enron_full_405288,exact_ref,5232.428,1,0,87980,5630912
fuzzydedup,6,1,enron_full_405288,exact_ref,5836.083,1,0,101328,6485184
fuzzydedup,4,1,enron_full_405288,exact_ref,4531.719,1,0,74158,4746304
fuzzydedup,6,1,enron_full_405421,exact_ref,3924.478,1,0,72253,4624384
fuzzydedup,4,1,enron_full_405421,exact_ref,3206.076,1,0,56265,3601152
fuzzydedup,5,1,enron_full_405421,exact_ref,3657.520,1,0,64823,4148864
fuzzydedup,4,1,enron_full_406531,exact_ref,4584.527,1,0,66617,4263680
fuzzydedup,5,1,enron_full_406531,exact_ref,5125.691,1,0,82378,5272384
fuzzydedup,6,1,enron_full_406531,exact_ref,5534.254,1,0,98289,6290688
fuzzydedup,5,1,enron_full_407210,exact_ref,1720.268,1,0,23917,1530880
fuzzydedup,6,1,enron_full_407210,exact_ref,1740.052,1,0,25732,1647040
fuzzydedup,4,1,enron_full_407210,exact_ref,1373.770,1,0,21528,1377984
fuzzydedup,6,1,enron_full_407416,exact_ref,5049.089,1,0,91625,5864192
fuzzydedup,4,1,enron_full_407416,exact_ref,4055.562,1,0,69136,4424896
fuzzydedup,5,1,enron_full_407416,exact_ref,4838.198,1,0,80943,5180544
fuzzydedup,4,1,enron_full_407459,exact_ref,706.354,1,0,4336,277696
fuzzydedup,5,1,enron_full_407459,exact_ref,593.980,1,0,4716,302016
fuzzydedup,6,1,enron_full_407459,exact_ref,588.051,1,0,4992,319680
fuzzydedup,5,1,enron_full_407590,exact_ref,460.673,1,0,1610,103232
fuzzydedup,6,1,enron_full_407590,exact_ref,543.341,1,0,1699,108928
fuzzydedup,4,1,enron_full_407590,exact_ref,400.627,1,0,1526,97856
fuzzydedup,6,1,enron_full_407747,exact_ref,6788.759,1,0,107752,6896320
fuzzydedup,4,1,enron_full_407747,exact_ref,5092.119,1,0,76711,4909696
fuzzydedup,5,1,enron_full_407747,exact_ref,5951.429,1,0,92244,5903808
fuzzydedup,4,1,enron_full_408988,exact_ref,4914.397,1,0,64901,4153856
fuzzydedup,5,1,enron_full_408988,exact_ref,5685.455,1,0,80434,5147968
fuzzydedup,6,1,enron_full_408988,exact_ref,6520.449,1,0,95942,6140480
fuzzydedup,5,1,enron_full_409260,exact_ref,2099.534,1,0,27023,1729664
fuzzydedup,6,1,enron_full_409260,exact_ref,2334.657,1,0,33797,2163200
fuzzydedup,4,1,enron_full_409260,exact_ref,1695.655,1,0,20943,1340544
fuzzydedup,6,1,enron_full_409276,exact_ref,5957.375,1,0,101334,6485568
fuzzydedup,4,1,enron_full_409276,exact_ref,4867.675,1,0,74164,4746688
fuzzydedup,5,1,enron_full_409276,exact_ref,5410.046,1,0,87986,5631296
fuzzydedup,4,1,enron_full_409720,exact_ref,3856.805,1,0,60860,3895232
fuzzydedup,5,1,enron_full_409720,exact_ref,4218.336,1,0,70446,4508736
fuzzydedup,6,1,enron_full_409720,exact_ref,4552.113,1,0,79004,5056448
fuzzydedup,5,1,enron_full_409761,exact_ref,5039.398,1,0,85155,5450112
fuzzydedup,6,1,enron_full_409761,exact_ref,5503.747,1,0,96962,6205760
fuzzydedup,4,1,enron_full_409761,exact_ref,4623.733,1,0,71807,4595840
fuzzydedup,6,1,enron_full_410980,no_exact_ref,7743.128,0,7,123332,7893248
fuzzydedup,4,1,enron_full_410980,no_exact_ref,5250.071,0,5,84127,5384128
fuzzydedup,5,1,enron_full_410980,no_exact_ref,6173.385,0,6,103384,6616576
fuzzydedup,4,1,enron_full_411073,no_exact_ref,5469.720,0,5,105124,6727936
fuzzydedup,5,1,enron_full_411073,no_exact_ref,6844.388,0,6,126879,8120256
fuzzydedup,6,1,enron_full_411073,no_exact_ref,7115.045,0,7,148499,9503936
fuzzydedup,5,1,enron_full_411853,exact_ref,4107.850,1,0,62467,3998208
fuzzydedup,6,1,enron_full_411853,exact_ref,4840.827,1,0,76664,4906816
fuzzydedup,4,1,enron_full_411853,exact_ref,3480.021,1,0,49138,3145024
fuzzydedup,6,1,enron_full_412435,exact_ref,5621.876,1,0,88562,5668160
fuzzydedup,4,1,enron_full_412435,exact_ref,3971.985,1,0,58589,3749888
fuzzydedup,5,1,enron_full_412435,exact_ref,5234.943,1,0,73301,4691456
fuzzydedup,4,1,enron_full_412836,exact_ref,5095.557,1,0,70320,4500672
fuzzydedup,5,1,enron_full_412836,exact_ref,5511.408,1,0,85828,5493184
fuzzydedup,6,1,enron_full_412836,exact_ref,6395.722,1,0,100211,6413696
fuzzydedup,5,1,enron_full_414414,exact_ref,3658.020,1,0,58972,3774400
fuzzydedup,6,1,enron_full_414414,exact_ref,3573.108,1,0,65194,4172608
fuzzydedup,4,1,enron_full_414414,exact_ref,3127.993,1,0,51542,3298880
fuzzydedup,6,1,enron_full_414620,exact_ref,4020.116,1,0,55094,3526208
fuzzydedup,4,1,enron_full_414620,exact_ref,2724.984,1,0,33987,2175360
fuzzydedup,5,1,enron_full_414620,exact_ref,3268.072,1,0,44043,2818944
fuzzydedup,4,1,enron_full_414624,no_exact_ref,7762.785,0,5,139516,8929024
fuzzydedup,5,1,enron_full_414624,no_exact_ref,9160.431,0,6,168125,10760000
fuzzydedup,6,1,enron_full_414624,no_exact_ref,10774.435,0,7,194644,12457216
fuzzydedup,5,1,enron_full_415032,exact_ref,2579.416,1,0,34474,2206528
fuzzydedup,6,1,enron_full_415032,exact_ref,2336.177,1,0,37422,2395200
fuzzydedup,4,1,enron_full_415032,exact_ref,2016.726,1,0,30991,1983616
fuzzydedup,6,1,enron_full_415416,exact_ref,4868.759,1,0,76624,4904128
fuzzydedup,4,1,enron_full_415416,exact_ref,3681.798,1,0,49098,3142464
fuzzydedup,5,1,enron_full_415416,exact_ref,4505.517,1,0,62427,3995520
fuzzydedup,4,1,enron_full_415425,exact_ref,4418.036,1,0,61397,3929600
fuzzydedup,5,1,enron_full_415425,exact_ref,4558.801,1,0,70983,4543104
fuzzydedup,6,1,enron_full_415425,exact_ref,4749.550,1,0,79541,5090816
fuzzydedup,5,1,enron_full_415589,exact_ref,5109.170,1,0,85678,5483584
fuzzydedup,6,1,enron_full_415589,exact_ref,5482.279,1,0,97485,6239232
fuzzydedup,4,1,enron_full_415589,exact_ref,4621.810,1,0,72330,4629312
fuzzydedup,6,1,enron_full_416173,no_exact_ref,7716.798,0,7,148499,9503936
fuzzydedup,4,1,enron_full_416173,no_exact_ref,5568.958,0,5,105124,6727936
fuzzydedup,5,1,enron_full_416173,no_exact_ref,6791.423,0,6,126879,8120256
fuzzydedup,4,1,enron_full_416275,no_exact_ref,7663.822,0,5,133491,8543424
fuzzydedup,5,1,enron_full_416275,no_exact_ref,8549.339,0,6,160514,10272896
fuzzydedup,6,1,enron_full_416275,no_exact_ref,9417.587,0,7,186103,11910592
fuzzydedup,5,1,enron_full_417397,exact_ref,1324.748,1,0,15975,1022592
fuzzydedup,6,1,enron_full_417397,exact_ref,1172.570,1,0,17090,1093952
fuzzydedup,4,1,enron_full_417397,exact_ref,1182.216,1,0,14433,923904
fuzzydedup,6,1,enron_full_418145,exact_ref,2248.715,1,0,37449,2396928
fuzzydedup,4,1,enron_full_418145,exact_ref,1908.500,1,0,31018,1985344
fuzzydedup,5,1,enron_full_418145,exact_ref,2039.119,1,0,34501,2208256
fuzzydedup,4,1,enron_full_418173,exact_ref,3588.091,1,0,61540,3938752
fuzzydedup,5,1,enron_full_418173,exact_ref,4146.102,1,0,71126,4552256
fuzzydedup,6,1,enron_full_418173,exact_ref,4541.096,1,0,79684,5099968
fuzzydedup,5,1,enron_full_418938,exact_ref,3642.776,1,0,51866,3319616
fuzzydedup,6,1,enron_full_418938,exact_ref,3692.657,1,0,63560,4068032
fuzzydedup,4,1,enron_full_418938,exact_ref,2953.132,1,0,40815,2612352
fuzzydedup,6,1,enron_full_419715,exact_ref,3526.733,1,0,52102,3334720
fuzzydedup,4,1,enron_full_419715,exact_ref,2601.006,1,0,32601,2086656
fuzzydedup,5,1,enron_full_419715,exact_ref,3005.678,1,0,42046,2691136
fuzzydedup,4,1,enron_full_419787,exact_ref,3263.263,1,0,51521,3297536
fuzzydedup,5,1,enron_full_419787,exact_ref,3454.704,1,0,58951,3773056
fuzzydedup,6,1,enron_full_419787,exact_ref,3755.860,1,0,65173,4171264
fuzzydedup,5,1,enron_full_419936,exact_ref,3187.390,1,0,46809,2995968
fuzzydedup,6,1,enron_full_419936,exact_ref,3816.785,1,0,57860,3703232
fuzzydedup,4,1,enron_full_419936,exact_ref,2557.891,1,0,36753,2352384
fuzzydedup,6,1,enron_full_419992,exact_ref,5114.472,1,0,91913,5882624
fuzzydedup,4,1,enron_full_419992,exact_ref,4228.444,1,0,69424,4443328
fuzzydedup,5,1,enron_full_419992,exact_ref,4502.275,1,0,81231,5198976
fuzzydedup,4,1,enron_full_420340,exact_ref,4622.712,1,0,64978,4158784
fuzzydedup,5,1,enron_full_420340,exact_ref,5761.258,1,0,80950,5180992
fuzzydedup,6,1,enron_full_420340,exact_ref,6472.400,1,0,96483,6175104
fuzzydedup,5,1,enron_full_420635,exact_ref,4662.186,1,0,85624,5480128
fuzzydedup,6,1,enron_full_420635,exact_ref,5461.411,1,0,97431,6235776
fuzzydedup,4,1,enron_full_420635,exact_ref,4196.994,1,0,72276,4625856
fuzzydedup,6,1,enron_full_421070,no_exact_ref,9900.380,0,7,190614,12199296
fuzzydedup,4,1,enron_full_421070,no_exact_ref,7597.615,0,5,137103,8774592
fuzzydedup,5,1,enron_full_421070,no_exact_ref,8584.548,0,6,164671,10538944
fuzzydedup,4,1,enron_full_421581,no_exact_ref,7680.788,0,5,128135,8200640
fuzzydedup,5,1,enron_full_421581,no_exact_ref,8920.551,0,6,154598,9894272
fuzzydedup,6,1,enron_full_421581,no_exact_ref,9609.033,0,7,180015,11520960
fuzzydedup,5,1,enron_full_421659,no_exact_ref,1251.165,0,6,15947,1020608
fuzzydedup,6,1,enron_full_421659,no_exact_ref,1684.861,0,7,19269,1233216
fuzzydedup,4,1,enron_full_421659,no_exact_ref,1071.753,0,5,12834,821376
fuzzydedup,6,1,enron_full_422214,no_exact_ref,10801.279,0,7,197015,12608960
fuzzydedup,4,1,enron_full_422214,no_exact_ref,7760.874,0,5,141284,9042176
fuzzydedup,5,1,enron_full_422214,no_exact_ref,9415.398,0,6,169864,10871296
fuzzydedup,4,1,enron_full_422408,exact_ref,3927.741,1,0,58931,3771776
fuzzydedup,5,1,enron_full_422408,exact_ref,3965.665,1,0,69613,4455424
fuzzydedup,6,1,enron_full_422408,exact_ref,4737.972,1,0,79199,5068928
fuzzydedup,5,1,enron_full_423045,exact_ref,3421.537,1,0,46763,2993024
fuzzydedup,6,1,enron_full_423045,exact_ref,3914.799,1,0,57814,3700288
fuzzydedup,4,1,enron_full_423045,exact_ref,2766.678,1,0,36707,2349440
fuzzydedup,6,1,enron_full_423694,exact_ref,2651.782,1,0,43545,2787072
fuzzydedup,4,1,enron_full_423694,exact_ref,2293.794,1,0,35460,2269632
fuzzydedup,5,1,enron_full_423694,exact_ref,2450.165,1,0,40062,2564160
fuzzydedup,4,1,enron_full_423789,exact_ref,5340.843,1,0,76842,4918080
fuzzydedup,5,1,enron_full_423789,exact_ref,5223.561,1,0,92350,5910592
fuzzydedup,6,1,enron_full_423789,exact_ref,6249.341,1,0,106733,6831104
fuzzydedup,5,1,enron_full_424183,no_exact_ref,2417.148,1,4,21471,1382912
fuzzydedup,6,1,enron_full_424183,no_exact_ref,3238.627,1,6,32732,2106048
fuzzydedup,4,1,enron_full_424183,no_exact_ref,1940.416,1,4,5252,338752
fuzzydedup,6,1,enron_full_424691,exact_ref,4644.022,1,0,76466,4894016
fuzzydedup,4,1,enron_full_424691,exact_ref,3493.246,1,0,48940,3132352
fuzzydedup,5,1,enron_full_424691,exact_ref,4644.493,1,0,62269,3985408
fuzzydedup,4,1,enron_full_425035,exact_ref,3937.425,1,0,61248,3920064
fuzzydedup,5,1,enron_full_425035,exact_ref,4159.464,1,0,70834,4533568
fuzzydedup,6,1,enron_full_425035,exact_ref,4778.044,1,0,79392,5081280
fuzzydedup,5,1,enron_full_425166,exact_ref,5650.009,1,0,88439,5660288
fuzzydedup,6,1,enron_full_425166,exact_ref,6297.718,1,0,101787,6514560
fuzzydedup,4,1,enron_full_425166,exact_ref,4844.365,1,0,74617,4775680
fuzzydedup,6,1,enron_full_425789,exact_ref,2344.306,1,0,33486,2143296
fuzzydedup,4,1,enron_full_425789,exact_ref,2252.258,1,0,27055,1731712
fuzzydedup,5,1,enron_full_425789,exact_ref,2209.627,1,0,30538,1954624
fuzzydedup,4,1,enron_full_426054,exact_ref,799.924,1,0,5324,340928
fuzzydedup,5,1,enron_full_426054,exact_ref,852.656,1,0,6743,431744
fuzzydedup,6,1,enron_full_426054,exact_ref,921.815,1,0,8493,543744
fuzzydedup,5,1,enron_full_426288,exact_ref,3556.517,1,0,58740,3759552
fuzzydedup,6,1,enron_full_426288,exact_ref,3820.372,1,0,64962,4157760
fuzzydedup,4,1,enron_full_426288,exact_ref,3247.746,1,0,51310,3284032
fuzzydedup,6,1,enron_full_427733,exact_ref,2555.256,1,0,43622,2792000
fuzzydedup,4,1,enron_full_427733,exact_ref,2223.391,1,0,35537,2274560
fuzzydedup,5,1,enron_full_427733,exact_ref,2372.717,1,0,40139,2569088
fuzzydedup,4,1,enron_full_428515,exact_ref,447.625,1,0,2791,178816
fuzzydedup,5,1,enron_full_428515,exact_ref,440.153,1,0,3066,196416
fuzzydedup,6,1,enron_full_428515,exact_ref,447.395,1,0,3216,206016
fuzzydedup,5,1,enron_full_428895,exact_ref,2724.250,1,0,45972,2942400
fuzzydedup,6,1,enron_full_428895,exact_ref,2914.430,1,0,50574,3236928
fuzzydedup,4,1,enron_full_428895,exact_ref,2590.954,1,0,40324,2580928
fuzzydedup,6,1,enron_full_429441,no_exact_ref,10815.677,0,7,186103,11910592
fuzzydedup,4,1,enron_full_429441,no_exact_ref,7966.203,0,5,133491,8543424
fuzzydedup,5,1,enron_full_429441,no_exact_ref,8619.957,0,6,160514,10272896
fuzzydedup,4,1,enron_full_429986,no_exact_ref,4770.918,0,5,75858,4854912
fuzzydedup,5,1,enron_full_429986,no_exact_ref,5478.379,0,6,94423,6043072
fuzzydedup,6,1,enron_full_429986,no_exact_ref,6541.304,0,7,112816,7220224
fuzzydedup,5,1,enron_full_430065,no_exact_ref,8967.556,0,6,164996,10559744
fuzzydedup,6,1,enron_full_430065,no_exact_ref,10545.241,0,7,191555,12259520
fuzzydedup,4,1,enron_full_430065,no_exact_ref,7702.414,0,5,137769,8817216
fuzzydedup,6,1,enron_full_430260,no_exact_ref,3836.384,0,7,54205,3469312
fuzzydedup,4,1,enron_full_430260,no_exact_ref,3163.976,0,5,35794,2290816
fuzzydedup,5,1,enron_full_430260,no_exact_ref,2817.700,0,6,44800,2867392
fuzzydedup,4,1,enron_full_430592,no_exact_ref,8013.640,0,5,140955,9021120
fuzzydedup,5,1,enron_full_430592,no_exact_ref,9121.024,0,6,169489,10847296
fuzzydedup,6,1,enron_full_430592,no_exact_ref,9982.404,0,7,197034,12610176
fuzzydedup,5,1,enron_full_431423,no_exact_ref,8029.030,0,6,139663,8938432
fuzzydedup,6,1,enron_full_431423,no_exact_ref,8265.834,0,7,163334,10453376
fuzzydedup,4,1,enron_full_431423,no_exact_ref,6722.552,0,5,115506,7392384
fuzzydedup,6,1,enron_full_432116,exact_ref,5010.009,1,0,90356,5782976
fuzzydedup,4,1,enron_full_432116,exact_ref,3956.957,1,0,59334,3797568
fuzzydedup,5,1,enron_full_432116,exact_ref,5246.219,1,0,74595,4774272
fuzzydedup,4,1,enron_full_432508,exact_ref,4521.665,1,0,77611,4967296
fuzzydedup,5,1,enron_full_432508,exact_ref,5197.173,1,0,93144,5961408
fuzzydedup,6,1,enron_full_432508,exact_ref,6163.429,1,0,108652,6953920
fuzzydedup,5,1,enron_full_433686,exact_ref,3593.429,1,0,59163,3786624
fuzzydedup,6,1,enron_full_433686,exact_ref,3385.564,1,0,65385,4184832
fuzzydedup,4,1,enron_full_433686,exact_ref,2956.806,1,0,51733,3311104
fuzzydedup,6,1,enron_full_433711,exact_ref,2270.448,1,0,37486,2399296
fuzzydedup,4,1,enron_full_433711,exact_ref,2028.892,1,0,31055,1987712
fuzzydedup,5,1,enron_full_433711,exact_ref,2179.841,1,0,34538,2210624
fuzzydedup,4,1,enron_full_433823,exact_ref,4507.830,1,0,72604,4646848
fuzzydedup,5,1,enron_full_433823,exact_ref,5349.847,1,0,85952,5501120
fuzzydedup,6,1,enron_full_433823,exact_ref,5515.935,1,0,97759,6256768
fuzzydedup,5,1,enron_full_434515,exact_ref,5374.805,1,0,89107,5703040
fuzzydedup,6,1,enron_full_434515,exact_ref,6103.641,1,0,102455,6557312
fuzzydedup,4,1,enron_full_434515,exact_ref,4773.986,1,0,75285,4818432
fuzzydedup,6,1,enron_full_434661,exact_ref,6536.080,1,0,105414,6746688
fuzzydedup,4,1,enron_full_434661,exact_ref,5103.699,1,0,77209,4941568
fuzzydedup,5,1,enron_full_434661,exact_ref,5545.817,1,0,91592,5862080
fuzzydedup,4,1,enron_full_435743,exact_ref,5189.572,1,0,75189,4812288
fuzzydedup,5,1,enron_full_435743,exact_ref,5318.537,1,0,89011,5696896
fuzzydedup,6,1,enron_full_435743,exact_ref,5582.348,1,0,102359,6551168
fuzzydedup,5,1,enron_full_436019,no_exact_ref,9217.932,0,6,169489,10847296
fuzzydedup,6,1,enron_full_436019,no_exact_ref,10078.409,0,7,197034,12610176
fuzzydedup,4,1,enron_full_436019,no_exact_ref,7406.449,0,5,140955,9021120
fuzzydedup,6,1,enron_full_436309,no_exact_ref,6966.336,0,7,137129,8776256
fuzzydedup,4,1,enron_full_436309,no_exact_ref,5403.128,0,5,95838,6133632
fuzzydedup,5,1,enron_full_436309,no_exact_ref,6807.106,0,6,116994,7487616
fuzzydedup,4,1,enron_full_436431,no_exact_ref,8163.495,0,5,139516,8929024
fuzzydedup,5,1,enron_full_436431,no_exact_ref,9740.380,0,6,168125,10760064
fuzzydedup,6,1,enron_full_436431,no_exact_ref,11105.475,0,7,194644,12457280
fuzzydedup,5,1,enron_full_436454,no_exact_ref,9456.617,0,6,168810,10803840
fuzzydedup,6,1,enron_full_436454,no_exact_ref,10821.053,0,7,194887,12472768
fuzzydedup,4,1,enron_full_436454,no_exact_ref,8230.667,0,5,139973,8958272
fuzzydedup,6,1,enron_full_437873,exact_ref,6067.341,1,0,107487,6879360
fuzzydedup,4,1,enron_full_437873,exact_ref,4679.927,1,0,77596,4966336
fuzzydedup,5,1,enron_full_437873,exact_ref,5765.960,1,0,93104,5958848
fuzzydedup,4,1,enron_full_439573,no_exact_ref,7189.143,0,5,133491,8543424
fuzzydedup,5,1,enron_full_439573,no_exact_ref,8889.620,0,6,160514,10272896
fuzzydedup,6,1,enron_full_439573,no_exact_ref,9481.552,0,7,186103,11910656
fuzzydedup,5,1,enron_full_440276,no_exact_ref,4475.099,0,6,69703,4460992
fuzzydedup,6,1,enron_full_440276,no_exact_ref,4903.599,0,7,83781,5361984
fuzzydedup,4,1,enron_full_440276,no_exact_ref,3422.273,0,5,56325,3604800
fuzzydedup,6,1,enron_full_440707,exact_ref,5187.814,1,0,102541,6572544
fuzzydedup,4,1,enron_full_440707,exact_ref,4608.635,1,0,75371,4827904
fuzzydedup,5,1,enron_full_440707,exact_ref,5439.224,1,0,89193,5715392
fuzzydedup,4,1,enron_full_441744,exact_ref,4861.840,1,0,71331,4565376
fuzzydedup,5,1,enron_full_441744,exact_ref,5304.140,1,0,87242,5583680
fuzzydedup,6,1,enron_full_441744,exact_ref,5753.614,1,0,103461,6621696
fuzzydedup,5,1,enron_full_442093,exact_ref,295.904,1,0,3901,249856
fuzzydedup,6,1,enron_full_442093,exact_ref,801.721,1,0,4818,308544
fuzzydedup,4,1,enron_full_442093,exact_ref,218.857,1,0,2969,190208
fuzzydedup,6,1,enron_full_442322,no_exact_ref,7129.004,0,7,133357,8534848
fuzzydedup,4,1,enron_full_442322,no_exact_ref,5443.904,0,5,92244,5903616
fuzzydedup,5,1,enron_full_442322,no_exact_ref,6264.243,0,6,113036,7234304
fuzzydedup,4,1,enron_full_442524,exact_ref,4970.548,1,0,77815,4980352
fuzzydedup,5,1,enron_full_442524,exact_ref,5705.826,1,0,93323,5972864
fuzzydedup,6,1,enron_full_442524,exact_ref,5646.637,1,0,107706,6893376
fuzzydedup,5,1,enron_full_442558,exact_ref,4488.684,1,0,73572,4708800
fuzzydedup,6,1,enron_full_442558,exact_ref,5712.774,1,0,88833,5685504
fuzzydedup,4,1,enron_full_442558,exact_ref,3751.757,1,0,58860,3767232
fuzzydedup,6,1,enron_full_442662,exact_ref,5643.780,1,0,107704,6893248
fuzzydedup,4,1,enron_full_442662,exact_ref,4879.339,1,0,77813,4980224
fuzzydedup,5,1,enron_full_442662,exact_ref,5694.661,1,0,93321,5972736
fuzzydedup,4,1,enron_full_442954,exact_ref,1917.876,1,0,26370,1687872
fuzzydedup,5,1,enron_full_442954,exact_ref,1791.571,1,0,29318,1876544
fuzzydedup,6,1,enron_full_442954,exact_ref,1692.747,1,0,31707,2029440
fuzzydedup,5,1,enron_full_443309,exact_ref,1133.822,1,0,11591,742016
fuzzydedup,6,1,enron_full_443309,exact_ref,1396.490,1,0,14618,935744
fuzzydedup,4,1,enron_full_443309,exact_ref,968.423,1,0,8905,570112
fuzzydedup,6,1,enron_full_443772,exact_ref,4285.527,1,0,73367,4695680
fuzzydedup,4,1,enron_full_443772,exact_ref,3311.013,1,0,57379,3672448
fuzzydedup,5,1,enron_full_443772,exact_ref,3657.173,1,0,65937,4220160
fuzzydedup,4,1,enron_full_444240,exact_ref,4677.947,1,0,71375,4568192
fuzzydedup,5,1,enron_full_444240,exact_ref,5648.165,1,0,87286,5586496
fuzzydedup,6,1,enron_full_444240,exact_ref,6292.396,1,0,103505,6624512
fuzzydedup,5,1,enron_full_445163,no_exact_ref,8306.900,0,6,145606,9318784
fuzzydedup,6,1,enron_full_445163,no_exact_ref,9340.762,0,7,169255,10832320
fuzzydedup,4,1,enron_full_445163,no_exact_ref,6821.162,0,5,120641,7721024
fuzzydedup,6,1,enron_full_445774,exact_ref,6502.897,1,0,95643,6121408
fuzzydedup,4,1,enron_full_445774,exact_ref,4642.331,1,0,63264,4049088
fuzzydedup,5,1,enron_full_445774,exact_ref,5496.339,1,0,79671,5099136
fuzzydedup,4,1,enron_full_445830,no_exact_ref,11589.516,0,5,137769,8817216
fuzzydedup,5,1,enron_full_445830,no_exact_ref,9874.750,0,6,164996,10559744
fuzzydedup,6,1,enron_full_445830,no_exact_ref,11069.236,0,7,191555,12259520
fuzzydedup,5,1,enron_full_446457,no_exact_ref,9285.739,0,6,168125,10760512
fuzzydedup,6,1,enron_full_446457,no_exact_ref,10330.477,0,7,194644,12457920
fuzzydedup,4,1,enron_full_446457,no_exact_ref,7996.244,0,5,139516,8929536
fuzzydedup,6,1,enron_full_447336,exact_ref,6498.255,1,0,108997,6976000
fuzzydedup,4,1,enron_full_447336,exact_ref,5540.669,1,0,77956,4989376
fuzzydedup,5,1,enron_full_447336,exact_ref,5812.800,1,0,93489,5983488
fuzzydedup,4,1,enron_full_447596,no_exact_ref,5338.333,0,5,84127,5384128
fuzzydedup,5,1,enron_full_447596,no_exact_ref,6451.676,0,6,103384,6616576
fuzzydedup,6,1,enron_full_447596,no_exact_ref,7512.540,0,7,123332,7893248
fuzzydedup,5,1,enron_full_448246,exact_ref,3982.163,1,0,63044,4035008
fuzzydedup,6,1,enron_full_448246,exact_ref,4542.053,1,0,70474,4510528
fuzzydedup,4,1,enron_full_448246,exact_ref,3473.048,1,0,54486,3487296
fuzzydedup,6,1,enron_full_448315,no_exact_ref,4207.974,1,0,75057,4803840
fuzzydedup,4,1,enron_full_448315,no_exact_ref,3506.531,1,0,59069,3780608
fuzzydedup,5,1,enron_full_448315,no_exact_ref,4238.436,1,0,67627,4328320
fuzzydedup,4,1,enron_full_448897,exact_ref,1395.293,1,0,17048,1091264
fuzzydedup,5,1,enron_full_448897,exact_ref,1401.116,1,0,18863,1207424
fuzzydedup,6,1,enron_full_448897,exact_ref,1425.247,1,0,20405,1306112
fuzzydedup,5,1,enron_full_449771,no_exact_ref,7224.028,0,6,113036,7234304
fuzzydedup,6,1,enron_full_449771,no_exact_ref,8032.960,0,7,133357,8534848
fuzzydedup,4,1,enron_full_449771,no_exact_ref,5527.575,0,5,92244,5903616
fuzzydedup,6,1,enron_full_450293,exact_ref,6605.207,1,0,108367,6935680
fuzzydedup,4,1,enron_full_450293,exact_ref,4583.519,1,0,76862,4919360
fuzzydedup,5,1,enron_full_450293,exact_ref,5247.563,1,0,92834,5941568
fuzzydedup,4,1,enron_full_450584,no_exact_ref,3997.944,0,5,62545,4002880
fuzzydedup,5,1,enron_full_450584,no_exact_ref,4318.105,0,6,77432,4955712
fuzzydedup,6,1,enron_full_450584,no_exact_ref,4621.627,0,7,92448,5916864
fuzzydedup,5,1,enron_full_451624,exact_ref,4730.689,1,0,74189,4748288
fuzzydedup,6,1,enron_full_451624,exact_ref,5759.659,1,0,89450,5724992
fuzzydedup,4,1,enron_full_451624,exact_ref,3906.542,1,0,59477,3806720
fuzzydedup,6,1,enron_full_451708,exact_ref,1583.320,1,0,26317,1684480
fuzzydedup,4,1,enron_full_451708,exact_ref,1394.462,1,0,22113,1415424
fuzzydedup,5,1,enron_full_451708,exact_ref,1405.717,1,0,24502,1568320
fuzzydedup,4,1,enron_full_451980,no_exact_ref,7626.710,0,5,137103,8774592
fuzzydedup,5,1,enron_full_451980,no_exact_ref,7722.583,0,6,164671,10538944
fuzzydedup,6,1,enron_full_451980,no_exact_ref,9348.014,0,7,190614,12199296
fuzzydedup,5,1,enron_full_452075,exact_ref,2122.121,1,0,40764,2609088
fuzzydedup,6,1,enron_full_452075,exact_ref,2282.940,1,0,44247,2832000
fuzzydedup,4,1,enron_full_452075,exact_ref,1866.951,1,0,36162,2314560
fuzzydedup,6,1,enron_full_452624,exact_ref,5649.020,1,0,94679,6059648
fuzzydedup,4,1,enron_full_452624,exact_ref,4675.002,1,0,63657,4074240
fuzzydedup,5,1,enron_full_452624,exact_ref,4988.499,1,0,78918,5050944
fuzzydedup,4,1,enron_full_452665,exact_ref,4679.505,1,0,76024,4865728
fuzzydedup,5,1,enron_full_452665,exact_ref,5494.313,1,0,92431,5915776
fuzzydedup,6,1,enron_full_452665,exact_ref,5980.248,1,0,108403,6937984
fuzzydedup,5,1,enron_full_453158,exact_ref,3352.333,1,0,52154,3338048
fuzzydedup,6,1,enron_full_453158,exact_ref,3687.030,1,0,63848,4086464
fuzzydedup,4,1,enron_full_453158,exact_ref,2942.449,1,0,41103,2630784
fuzzydedup,6,1,enron_full_453577,exact_ref,5229.449,1,0,79371,5079936
fuzzydedup,4,1,enron_full_453577,exact_ref,3293.921,1,0,50462,3229760
fuzzydedup,5,1,enron_full_453577,exact_ref,4053.586,1,0,64659,4138368
fuzzydedup,4,1,enron_full_455974,no_exact_ref,2496.277,1,3,25986,1663296
fuzzydedup,5,1,enron_full_455974,no_exact_ref,2726.682,1,3,39334,2517568
fuzzydedup,6,1,enron_full_455974,no_exact_ref,3087.362,1,3,51141,3273216
fuzzydedup,5,1,enron_full_456283,no_exact_ref,179.540,0,6,2411,154304
fuzzydedup,6,1,enron_full_456283,no_exact_ref,201.498,0,7,2934,187776
fuzzydedup,4,1,enron_full_456283,no_exact_ref,149.228,0,5,1920,122880
fuzzydedup,6,1,enron_full_458074,no_exact_ref,8547.117,0,7,177736,11375104
fuzzydedup,4,1,enron_full_458074,no_exact_ref,7029.422,0,5,127462,8157568
fuzzydedup,5,1,enron_full_458074,no_exact_ref,7657.857,0,6,153267,9809088
fuzzydedup,4,1,enron_full_458660,no_exact_ref,243.932,0,5,3649,233536
fuzzydedup,5,1,enron_full_458660,no_exact_ref,254.244,0,6,4502,288128
fuzzydedup,6,1,enron_full_458660,no_exact_ref,339.864,0,7,5369,343616
fuzzydedup,5,1,enron_full_459917,no_exact_ref,8527.407,0,6,154598,9894272
fuzzydedup,6,1,enron_full_459917,no_exact_ref,9073.795,0,7,180015,11520960
fuzzydedup,4,1,enron_full_459917,no_exact_ref,7224.293,0,5,128135,8200640
fuzzydedup,6,1,enron_full_459959,no_exact_ref,2324.378,0,7,34498,2207872
fuzzydedup,4,1,enron_full_459959,no_exact_ref,1764.874,0,5,22576,1444864
fuzzydedup,5,1,enron_full_459959,no_exact_ref,1714.744,0,6,28110,1799040
fuzzydedup,4,1,enron_full_460573,exact_ref,3748.414,1,0,58070,3716672
fuzzydedup,5,1,enron_full_460573,exact_ref,4445.714,1,0,69877,4472320
fuzzydedup,6,1,enron_full_460573,exact_ref,4472.536,1,0,80559,5155968
fuzzydedup,5,1,enron_full_461053,exact_ref,5115.721,1,0,83687,5356160
fuzzydedup,6,1,enron_full_461053,exact_ref,6119.270,1,0,99598,6374464
fuzzydedup,4,1,enron_full_461053,exact_ref,4519.299,1,0,67926,4347456
fuzzydedup,6,1,enron_full_461203,no_exact_ref,9662.484,0,7,197015,12608960
fuzzydedup,4,1,enron_full_461203,no_exact_ref,8110.876,0,5,141284,9042176
fuzzydedup,5,1,enron_full_461203,no_exact_ref,8688.199,0,6,169864,10871296
fuzzydedup,4,1,enron_full_461474,no_exact_ref,3581.981,0,5,59159,3786176
fuzzydedup,5,1,enron_full_461474,no_exact_ref,3763.083,0,6,73355,4694720
fuzzydedup,6,1,enron_full_461474,no_exact_ref,4345.481,0,7,88518,5665152
fuzzydedup,5,1,enron_full_461621,exact_ref,5345.445,1,0,87875,5624192
fuzzydedup,6,1,enron_full_461621,exact_ref,6083.303,1,0,104094,6662208
fuzzydedup,4,1,enron_full_461621,exact_ref,4368.122,1,0,71964,4605888
fuzzydedup,6,1,enron_full_461648,exact_ref,2618.654,1,0,42571,2724736
fuzzydedup,4,1,enron_full_461648,exact_ref,2270.379,1,0,26873,1720064
fuzzydedup,5,1,enron_full_461648,exact_ref,2574.730,1,0,34325,2196992
fuzzydedup,4,1,enron_full_461948,exact_ref,5741.942,1,0,78697,5036800
fuzzydedup,5,1,enron_full_461948,exact_ref,5846.443,1,0,94230,6030912
fuzzydedup,6,1,enron_full_461948,exact_ref,6575.172,1,0,109738,7023424
fuzzydedup,5,1,enron_full_462616,exact_ref,2513.492,1,0,35180,2251712
fuzzydedup,6,1,enron_full_462616,exact_ref,2373.076,1,0,38128,2440384
fuzzydedup,4,1,enron_full_462616,exact_ref,1915.817,1,0,31697,2028800
fuzzydedup,6,1,enron_full_463151,exact_ref,5683.191,1,0,103295,6611072
fuzzydedup,4,1,enron_full_463151,exact_ref,5148.872,1,0,76125,4872192
fuzzydedup,5,1,enron_full_463151,exact_ref,5356.520,1,0,89947,5756800
fuzzydedup,4,1,enron_full_463936,exact_ref,2767.515,1,0,37252,2384320
fuzzydedup,5,1,enron_full_463936,exact_ref,3178.344,1,0,47308,3027904
fuzzydedup,6,1,enron_full_463936,exact_ref,4079.816,1,0,58359,3735168
fuzzydedup,5,1,enron_full_463955,exact_ref,4768.235,1,0,72104,4614848
fuzzydedup,6,1,enron_full_463955,exact_ref,4303.715,1,0,80662,5162560
fuzzydedup,4,1,enron_full_463955,exact_ref,3662.545,1,0,62518,4001344
fuzzydedup,6,1,enron_full_463976,exact_ref,4110.998,1,0,73825,4724992
fuzzydedup,4,1,enron_full_463976,exact_ref,3299.083,1,0,57837,3701760
fuzzydedup,5,1,enron_full_463976,exact_ref,3434.840,1,0,66395,4249472
fuzzydedup,4,1,enron_full_465574,exact_ref,2146.899,1,0,30047,1923200
fuzzydedup,5,1,enron_full_465574,exact_ref,2518.603,1,0,38293,2450944
fuzzydedup,6,1,enron_full_465574,exact_ref,3130.169,1,0,47738,3055424
fuzzydedup,5,1,enron_full_466018,exact_ref,3808.617,1,0,66492,4255680
fuzzydedup,6,1,enron_full_466018,exact_ref,3736.144,1,0,73922,4731200
fuzzydedup,4,1,enron_full_466018,exact_ref,3348.079,1,0,57934,3707968
fuzzydedup,6,1,enron_full_466387,exact_ref,3240.742,1,0,54601,3494656
fuzzydedup,4,1,enron_full_466387,exact_ref,3054.003,1,0,40949,2620928
fuzzydedup,5,1,enron_full_466387,exact_ref,3381.468,1,0,48379,3096448
fuzzydedup,4,1,enron_full_466533,exact_ref,1788.503,1,0,26704,1709248
fuzzydedup,5,1,enron_full_466533,exact_ref,1627.306,1,0,29652,1897920
fuzzydedup,6,1,enron_full_466533,exact_ref,1730.992,1,0,32041,2050816
fuzzydedup,5,1,enron_full_466708,exact_ref,1934.784,1,0,35212,2253760
fuzzydedup,6,1,enron_full_466708,exact_ref,1927.663,1,0,38160,2442432
fuzzydedup,4,1,enron_full_466708,exact_ref,1853.969,1,0,31729,2030848
fuzzydedup,6,1,enron_full_467278,exact_ref,4635.916,1,0,77202,4941120
fuzzydedup,4,1,enron_full_467278,exact_ref,3157.349,1,0,49676,3179456
fuzzydedup,5,1,enron_full_467278,exact_ref,3561.570,1,0,63005,4032512
fuzzydedup,4,1,enron_full_467576,exact_ref,4568.590,1,0,73173,4683264
fuzzydedup,5,1,enron_full_467576,exact_ref,5863.583,1,0,88706,5677376
fuzzydedup,6,1,enron_full_467576,exact_ref,6350.506,1,0,104214,6669888
fuzzydedup,5,1,enron_full_467913,exact_ref,4383.249,1,0,57177,3659520
fuzzydedup,6,1,enron_full_467913,exact_ref,4597.469,1,0,70506,4512576
fuzzydedup,4,1,enron_full_467913,exact_ref,3326.565,1,0,45483,2911104
fuzzydedup,6,1,enron_full_468001,exact_ref,202.613,1,0,2035,130432
fuzzydedup,4,1,enron_full_468001,exact_ref,137.528,1,0,1309,83968
fuzzydedup,5,1,enron_full_468001,exact_ref,143.200,1,0,1671,107136
fuzzydedup,4,1,enron_full_468241,exact_ref,2713.188,1,0,41341,2646016
fuzzydedup,5,1,enron_full_468241,exact_ref,3237.452,1,0,46989,3007488
fuzzydedup,6,1,enron_full_468241,exact_ref,2967.865,1,0,51591,3302016
fuzzydedup,5,1,enron_full_468948,exact_ref,1377.283,1,0,12241,783616
fuzzydedup,6,1,enron_full_468948,exact_ref,1430.235,1,0,15268,977344
fuzzydedup,4,1,enron_full_468948,exact_ref,991.021,1,0,9555,611712
fuzzydedup,6,1,enron_full_469104,exact_ref,4713.144,1,0,72123,4616064
fuzzydedup,4,1,enron_full_469104,exact_ref,5032.477,1,0,53979,3454848
fuzzydedup,5,1,enron_full_469104,exact_ref,4064.198,1,0,63565,4068352
fuzzydedup,4,1,enron_full_469441,exact_ref,2955.252,1,0,37254,2384448
fuzzydedup,5,1,enron_full_469441,exact_ref,3699.475,1,0,47310,3028032
fuzzydedup,6,1,enron_full_469441,exact_ref,4682.431,1,0,58361,3735296
fuzzydedup,5,1,enron_full_470510,exact_ref,979.029,1,0,8633,552704
fuzzydedup,6,1,enron_full_470510,exact_ref,1155.420,1,0,10865,695552
fuzzydedup,4,1,enron_full_470510,exact_ref,1002.133,1,0,6680,427712
fuzzydedup,6,1,enron_full_471172,exact_ref,5052.287,1,0,80653,5161984
fuzzydedup,4,1,enron_full_471172,exact_ref,5224.811,1,0,62509,4000768
fuzzydedup,5,1,enron_full_471172,exact_ref,4604.612,1,0,72095,4614272
fuzzydedup,4,1,enron_full_472398,exact_ref,2100.065,1,0,23930,1531712
fuzzydedup,5,1,enron_full_472398,exact_ref,2663.064,1,0,30704,1965248
fuzzydedup,6,1,enron_full_472398,exact_ref,3150.824,1,0,38156,2442176
fuzzydedup,5,1,enron_full_473353,exact_ref,5428.365,1,0,87496,5599936
fuzzydedup,6,1,enron_full_473353,exact_ref,5629.163,1,0,99303,6355584
fuzzydedup,4,1,enron_full_473353,exact_ref,4658.075,1,0,74148,4745664
fuzzydedup,6,1,enron_full_473987,no_exact_ref,3966.425,0,7,60498,3871872
fuzzydedup,4,1,enron_full_473987,no_exact_ref,2704.144,0,5,40217,2573888
fuzzydedup,5,1,enron_full_473987,no_exact_ref,3108.218,0,6,50020,3201280
fuzzydedup,4,1,enron_full_474902,exact_ref,5467.861,1,0,78945,5052672
fuzzydedup,5,1,enron_full_474902,exact_ref,5566.040,1,0,94453,6045184
fuzzydedup,6,1,enron_full_474902,exact_ref,5773.781,1,0,108836,6965696
fuzzydedup,5,1,enron_full_476646,exact_ref,4880.479,1,0,83428,5339584
fuzzydedup,6,1,enron_full_476646,exact_ref,4906.850,1,0,94110,6023232
fuzzydedup,4,1,enron_full_476646,exact_ref,3725.067,1,0,71621,4583936
fuzzydedup,6,1,enron_full_476866,exact_ref,5444.412,1,0,97387,6233344
fuzzydedup,4,1,enron_full_476866,exact_ref,4921.686,1,0,69182,4427840
fuzzydedup,5,1,enron_full_476866,exact_ref,4702.133,1,0,83565,5348352
fuzzydedup,4,1,enron_full_476952,exact_ref,1590.354,1,0,26890,1721152
fuzzydedup,5,1,enron_full_476952,exact_ref,1945.686,1,0,29838,1909824
fuzzydedup,6,1,enron_full_476952,exact_ref,1708.625,1,0,32227,2062720
fuzzydedup,5,1,enron_full_478933,no_exact_ref,9390.964,0,6,169864,10871296
fuzzydedup,6,1,enron_full_478933,no_exact_ref,9983.545,0,7,197015,12608960
fuzzydedup,4,1,enron_full_478933,no_exact_ref,8083.411,0,5,141284,9042176
fuzzydedup,6,1,enron_full_479947,no_exact_ref,2582.702,0,7,47017,3009088
fuzzydedup,4,1,enron_full_479947,no_exact_ref,1694.344,0,5,29764,1904896
fuzzydedup,5,1,enron_full_479947,no_exact_ref,1903.108,0,6,37900,2425600
fuzzydedup,4,1,enron_full_480468,no_exact_ref,6283.901,0,5,113227,7246528
fuzzydedup,5,1,enron_full_480468,no_exact_ref,6798.088,0,6,136629,8744256
fuzzydedup,6,1,enron_full_480468,no_exact_ref,8107.121,0,7,159258,10192512
fuzzydedup,5,1,enron_full_480848,exact_ref,4435.067,1,0,83145,5321472
fuzzydedup,6,1,enron_full_480848,exact_ref,4819.882,1,0,93827,6005120
fuzzydedup,4,1,enron_full_480848,exact_ref,3623.650,1,0,71338,4565824
fuzzydedup,6,1,enron_full_481384,exact_ref,5541.267,1,0,99067,6340480
fuzzydedup,4,1,enron_full_481384,exact_ref,4839.197,1,0,73912,4730560
fuzzydedup,5,1,enron_full_481384,exact_ref,5465.962,1,0,87260,5584832
fuzzydedup,4,1,enron_full_481691,exact_ref,5941.669,1,0,78795,5043072
fuzzydedup,5,1,enron_full_481691,exact_ref,6245.872,1,0,94303,6035584
fuzzydedup,6,1,enron_full_481691,exact_ref,6407.077,1,0,108686,6956096
fuzzydedup,5,1,enron_full_481940,exact_ref,5808.817,1,0,88070,5636672
fuzzydedup,6,1,enron_full_481940,exact_ref,6443.877,1,0,104289,6674688
fuzzydedup,4,1,enron_full_481940,exact_ref,4808.506,1,0,72159,4618368
fuzzydedup,6,1,enron_full_482039,exact_ref,3556.093,1,0,58915,3770752
fuzzydedup,4,1,enron_full_482039,exact_ref,3024.067,1,0,47045,3011072
fuzzydedup,5,1,enron_full_482039,exact_ref,3262.391,1,0,53267,3409280
fuzzydedup,4,1,enron_full_482398,no_exact_ref,6038.127,0,5,105124,6727936
fuzzydedup,5,1,enron_full_482398,no_exact_ref,7191.702,0,6,126879,8120256
fuzzydedup,6,1,enron_full_482398,no_exact_ref,7683.290,0,7,148499,9503936
fuzzydedup,5,1,enron_full_482679,no_exact_ref,1969.009,0,6,31029,1985856
fuzzydedup,6,1,enron_full_482679,no_exact_ref,2321.381,0,7,38839,2485696
fuzzydedup,4,1,enron_full_482679,no_exact_ref,1561.315,0,5,24248,1551872
fuzzydedup,6,1,enron_full_482700,exact_ref,6233.925,1,0,106506,6816576
fuzzydedup,4,1,enron_full_482700,exact_ref,4368.106,1,0,78301,5011456
fuzzydedup,5,1,enron_full_482700,exact_ref,5327.546,1,0,92684,5931968
fuzzydedup,4,1,enron_full_482778,exact_ref,4406.619,1,0,62663,4010624
fuzzydedup,5,1,enron_full_482778,exact_ref,4502.012,1,0,74470,4766272
fuzzydedup,6,1,enron_full_482778,exact_ref,4449.434,1,0,85152,5449920
fuzzydedup,5,1,enron_full_482919,exact_ref,3925.914,1,0,66693,4268544
fuzzydedup,6,1,enron_full_482919,exact_ref,4006.510,1,0,74123,4744064
fuzzydedup,4,1,enron_full_482919,exact_ref,3411.848,1,0,58135,3720832
fuzzydedup,6,1,enron_full_483941,exact_ref,5598.800,1,0,106543,6818944
fuzzydedup,4,1,enron_full_483941,exact_ref,5281.485,1,0,78338,5013824
fuzzydedup,5,1,enron_full_483941,exact_ref,5653.604,1,0,92721,5934336
fuzzydedup,4,1,enron_full_484013,exact_ref,4219.874,1,0,62738,4015424
fuzzydedup,5,1,enron_full_484013,exact_ref,4501.514,1,0,74545,4771072
fuzzydedup,6,1,enron_full_484013,exact_ref,5441.218,1,0,85227,5454720
fuzzydedup,5,1,enron_full_485161,exact_ref,5263.807,1,0,94254,6032448
fuzzydedup,6,1,enron_full_485161,exact_ref,6547.225,1,0,109787,7026560
fuzzydedup,4,1,enron_full_485161,exact_ref,4805.552,1,0,78282,5010240
fuzzydedup,6,1,enron_full_485319,exact_ref,1696.754,1,0,26596,1702336
fuzzydedup,4,1,enron_full_485319,exact_ref,1483.706,1,0,22392,1433280
fuzzydedup,5,1,enron_full_485319,exact_ref,1440.197,1,0,24781,1586176
fuzzydedup,4,1,enron_full_485507,no_exact_ref,7986.899,0,5,137103,8774592
fuzzydedup,5,1,enron_full_485507,no_exact_ref,8603.574,0,6,164671,10538944
fuzzydedup,6,1,enron_full_485507,no_exact_ref,9850.467,0,7,190614,12199296
fuzzydedup,5,1,enron_full_485652,no_exact_ref,1084.011,0,6,12599,806336
fuzzydedup,6,1,enron_full_485652,no_exact_ref,1329.841,0,7,15381,984384
fuzzydedup,4,1,enron_full_485652,no_exact_ref,917.113,0,5,10047,643008
fuzzydedup,6,1,enron_full_485802,no_exact_ref,6541.967,0,7,137129,8776256
fuzzydedup,4,1,enron_full_485802,no_exact_ref,5581.480,0,5,95838,6133632
fuzzydedup,5,1,enron_full_485802,no_exact_ref,6557.375,0,6,116994,7487616
fuzzydedup,4,1,enron_full_486590,exact_ref,136.254,1,0,856,54976
fuzzydedup,5,1,enron_full_486590,exact_ref,128.861,1,0,1068,68544
fuzzydedup,6,1,enron_full_486590,exact_ref,134.044,1,0,1316,84416
fuzzydedup,5,1,enron_full_486718,exact_ref,5849.589,1,0,94679,6059648
fuzzydedup,6,1,enron_full_486718,exact_ref,6596.156,1,0,110212,7053760
fuzzydedup,4,1,enron_full_486718,exact_ref,4810.038,1,0,78707,5037440
fuzzydedup,6,1,enron_full_487009,no_exact_ref,5756.139,0,7,112519,7201216
fuzzydedup,4,1,enron_full_487009,no_exact_ref,4258.158,0,5,77883,4984512
fuzzydedup,5,1,enron_full_487009,no_exact_ref,4474.957,0,6,95188,6092032
fuzzydedup,4,1,enron_full_487095,no_exact_ref,6352.548,0,5,127462,8157568
fuzzydedup,5,1,enron_full_487095,no_exact_ref,8016.884,0,6,153267,9809088
fuzzydedup,6,1,enron_full_487095,no_exact_ref,8478.316,0,7,177736,11375104
fuzzydedup,5,1,enron_full_487221,exact_ref,3192.298,1,0,53558,3427904
fuzzydedup,6,1,enron_full_487221,exact_ref,3444.771,1,0,59206,3789376
fuzzydedup,4,1,enron_full_487221,exact_ref,2834.856,1,0,47336,3029696
fuzzydedup,6,1,enron_full_488455,no_exact_ref,8985.480,0,7,177736,11375104
fuzzydedup,4,1,enron_full_488455,no_exact_ref,7214.500,0,5,127462,8157568
fuzzydedup,5,1,enron_full_488455,no_exact_ref,7722.624,0,6,153267,9809088
fuzzydedup,4,1,enron_full_488704,no_exact_ref,2378.162,1,4,29573,1893632
fuzzydedup,5,1,enron_full_488704,no_exact_ref,2242.724,1,4,34175,2189376
fuzzydedup,6,1,enron_full_488704,no_exact_ref,2207.597,1,4,37658,2412928
fuzzydedup,5,1,enron_full_489126,no_exact_ref,7132.864,0,6,153267,9809088
fuzzydedup,6,1,enron_full_489126,no_exact_ref,9429.057,0,7,177736,11375104
fuzzydedup,4,1,enron_full_489126,no_exact_ref,6707.735,0,5,127462,8157568
fuzzydedup,6,1,enron_full_490171,no_exact_ref,10441.048,0,7,197015,12608960
fuzzydedup,4,1,enron_full_490171,no_exact_ref,8604.958,0,5,141284,9042176
fuzzydedup,5,1,enron_full_490171,no_exact_ref,11201.830,0,6,169864,10871296
fuzzydedup,4,1,enron_full_490913,exact_ref,5357.513,1,0,71208,4557504
fuzzydedup,5,1,enron_full_490913,exact_ref,6025.002,1,0,87427,5595520
fuzzydedup,6,1,enron_full_490913,exact_ref,6597.824,1,0,103834,6645568
fuzzydedup,5,1,enron_full_491597,exact_ref,4266.745,1,0,67141,4297216
fuzzydedup,6,1,enron_full_491597,exact_ref,4673.741,1,0,74571,4772736
fuzzydedup,4,1,enron_full_491597,exact_ref,3600.411,1,0,58583,3749504
fuzzydedup,6,1,enron_full_491993,no_exact_ref,9027.794,0,7,153889,9848896
fuzzydedup,4,1,enron_full_491993,no_exact_ref,7224.333,0,5,107991,6911424
fuzzydedup,5,1,enron_full_491993,no_exact_ref,8072.523,0,6,131204,8397056
fuzzydedup,4,1,enron_full_492310,no_exact_ref,3332.894,0,5,44983,2878912
fuzzydedup,5,1,enron_full_492310,no_exact_ref,3735.264,0,6,55915,3578560
fuzzydedup,6,1,enron_full_492310,no_exact_ref,4339.683,0,7,67711,4333568
fuzzydedup,5,1,enron_full_492624,exact_ref,3448.238,1,0,45910,2938432
fuzzydedup,6,1,enron_full_492624,exact_ref,3543.787,1,0,51558,3299904
fuzzydedup,4,1,enron_full_492624,exact_ref,2829.036,1,0,39688,2540224
fuzzydedup,6,1,enron_full_492762,no_exact_ref,4256.663,0,7,76712,4909568
fuzzydedup,4,1,enron_full_492762,no_exact_ref,3011.799,0,5,50866,3255424
fuzzydedup,5,1,enron_full_492762,no_exact_ref,3591.932,0,6,63363,4055232
fuzzydedup,4,1,enron_full_493081,no_exact_ref,4820.172,0,5,87103,5574592
fuzzydedup,5,1,enron_full_493081,no_exact_ref,5720.801,0,6,106088,6789632
fuzzydedup,6,1,enron_full_493081,no_exact_ref,6592.216,0,7,125079,8005056
fuzzydedup,5,1,enron_full_493173,no_exact_ref,7869.885,0,6,131204,8397056
fuzzydedup,6,1,enron_full_493173,no_exact_ref,8663.484,0,7,153889,9848896
fuzzydedup,4,1,enron_full_493173,no_exact_ref,6778.559,0,5,107991,6911424
fuzzydedup,6,1,enron_full_494836,no_exact_ref,10077.437,0,7,197034,12611520
fuzzydedup,4,1,enron_full_494836,no_exact_ref,8041.511,0,5,140955,9021632
fuzzydedup,5,1,enron_full_494836,no_exact_ref,8906.263,0,6,169489,10848128
fuzzydedup,4,1,enron_full_495207,no_exact_ref,8228.754,0,5,139973,8958272
fuzzydedup,5,1,enron_full_495207,no_exact_ref,9696.687,0,6,168810,10803840
fuzzydedup,6,1,enron_full_495207,no_exact_ref,10656.559,0,7,194887,12472768
fuzzydedup,5,1,enron_full_496303,no_exact_ref,8626.340,0,6,160514,10272896
fuzzydedup,6,1,enron_full_496303,no_exact_ref,9809.423,0,7,186103,11910592
fuzzydedup,4,1,enron_full_496303,no_exact_ref,7687.004,0,5,133491,8543424
fuzzydedup,6,1,enron_full_497180,exact_ref,4693.598,1,0,81626,5224256
fuzzydedup,4,1,enron_full_497180,exact_ref,3575.694,1,0,63482,4063040
fuzzydedup,5,1,enron_full_497180,exact_ref,3449.162,1,0,73068,4676544
fuzzydedup,4,1,enron_full_498346,no_exact_ref,8480.338,0,5,140955,9021120
fuzzydedup,5,1,enron_full_498346,no_exact_ref,8425.641,0,6,169489,10847296
fuzzydedup,6,1,enron_full_498346,no_exact_ref,10337.160,0,7,197034,12610176
fuzzydedup,5,1,enron_full_498425,exact_ref,2772.438,1,0,47686,3052096
fuzzydedup,6,1,enron_full_498425,exact_ref,2624.116,1,0,52288,3346624
fuzzydedup,4,1,enron_full_498425,exact_ref,2820.756,1,0,42038,2690624
fuzzydedup,6,1,enron_full_498832,exact_ref,1348.578,1,0,15355,982912
fuzzydedup,4,1,enron_full_498832,exact_ref,1003.948,1,0,9642,617280
fuzzydedup,5,1,enron_full_498832,exact_ref,1291.188,1,0,12328,789184
fuzzydedup,4,1,enron_full_499190,exact_ref,1201.156,1,0,10121,647936
fuzzydedup,5,1,enron_full_499190,exact_ref,1307.677,1,0,13148,841664
fuzzydedup,6,1,enron_full_499190,exact_ref,1405.024,1,0,16470,1054272
fuzzydedup,5,1,enron_full_499335,exact_ref,2118.280,1,0,35650,2281792
fuzzydedup,6,1,enron_full_499335,exact_ref,1996.137,1,0,38598,2470464
fuzzydedup,4,1,enron_full_499335,exact_ref,1760.405,1,0,32167,2058880
fuzzydedup,6,1,enron_full_500125,exact_ref,2528.947,1,0,45153,2889984
fuzzydedup,4,1,enron_full_500125,exact_ref,2249.378,1,0,37068,2372544
fuzzydedup,5,1,enron_full_500125,exact_ref,2545.337,1,0,41670,2667072
fuzzydedup,4,1,enron_full_500480,exact_ref,1100.315,1,0,7574,484928
fuzzydedup,5,1,enron_full_500480,exact_ref,960.782,1,0,9806,627776
fuzzydedup,6,1,enron_full_500480,exact_ref,1019.468,1,0,12157,778240
fuzzydedup,5,1,enron_full_500856,exact_ref,2344.530,1,0,37918,2426944
fuzzydedup,6,1,enron_full_500856,exact_ref,2448.702,1,0,42520,2721472
fuzzydedup,4,1,enron_full_500856,exact_ref,2096.058,1,0,32270,2065472
fuzzydedup,6,1,enron_full_501389,exact_ref,2771.409,1,0,52407,3354240
fuzzydedup,4,1,enron_full_501389,exact_ref,2674.909,1,0,42157,2698240
fuzzydedup,5,1,enron_full_501389,exact_ref,2799.165,1,0,47805,3059712
fuzzydedup,4,1,enron_full_501995,no_exact_ref,2083.297,1,0,32431,2075776
fuzzydedup,5,1,enron_full_501995,no_exact_ref,1930.775,1,0,35914,2298688
fuzzydedup,6,1,enron_full_501995,no_exact_ref,2141.950,1,0,38862,2487360
fuzzydedup,5,1,enron_full_503996,no_exact_ref,6503.572,0,6,126879,8120256
fuzzydedup,6,1,enron_full_503996,no_exact_ref,7909.646,0,7,148499,9503936
fuzzydedup,4,1,enron_full_503996,no_exact_ref,5183.870,0,5,105124,6727936
fuzzydedup,6,1,enron_full_504214,no_exact_ref,5244.258,0,7,83781,5361984
fuzzydedup,4,1,enron_full_504214,no_exact_ref,4051.095,0,5,56325,3604800
fuzzydedup,5,1,enron_full_504214,no_exact_ref,4107.230,0,6,69703,4460992
fuzzydedup,4,1,enron_full_504672,exact_ref,3212.269,1,0,48085,3077632
fuzzydedup,5,1,enron_full_504672,exact_ref,3862.304,1,0,56643,3625344
fuzzydedup,6,1,enron_full_504672,exact_ref,3947.338,1,0,64073,4100864
fuzzydedup,5,1,enron_full_506077,no_exact_ref,3867.900,0,6,63363,4055232
fuzzydedup,6,1,enron_full_506077,no_exact_ref,3717.336,0,7,76712,4909568
fuzzydedup,4,1,enron_full_506077,no_exact_ref,2830.230,0,5,50866,3255424
fuzzydedup,6,1,enron_full_506313,no_exact_ref,8950.120,0,7,144058,9219712
fuzzydedup,4,1,enron_full_506313,no_exact_ref,6590.406,0,5,100182,6411648
fuzzydedup,5,1,enron_full_506313,no_exact_ref,8463.283,0,6,122217,7821888
fuzzydedup,4,1,enron_full_506691,no_exact_ref,6965.278,0,5,120641,7721024
fuzzydedup,5,1,enron_full_506691,no_exact_ref,8207.850,0,6,145606,9318784
fuzzydedup,6,1,enron_full_506691,no_exact_ref,9169.111,0,7,169255,10832320
fuzzydedup,5,1,enron_full_506951,no_exact_ref,8983.721,0,6,159592,10213888
fuzzydedup,6,1,enron_full_506951,no_exact_ref,11510.576,0,7,184939,11836096
fuzzydedup,4,1,enron_full_506951,no_exact_ref,8852.468,0,5,132999,8511936
fuzzydedup,6,1,enron_full_508297,exact_ref,2012.884,1,0,22841,1462016
fuzzydedup,4,1,enron_full_508297,exact_ref,1654.942,1,0,13409,858368
fuzzydedup,5,1,enron_full_508297,exact_ref,1833.397,1,0,17605,1126912
fuzzydedup,4,1,enron_full_508633,no_exact_ref,1628.547,1,0,20967,1342080
fuzzydedup,5,1,enron_full_508633,no_exact_ref,1942.704,1,0,23356,1494976
fuzzydedup,6,1,enron_full_508633,no_exact_ref,1908.283,1,0,25171,1611136
fuzzydedup,5,1,enron_full_509309,exact_ref,5430.175,1,0,75669,4843008
fuzzydedup,6,1,enron_full_509309,exact_ref,4886.793,1,0,85255,5456512
fuzzydedup,4,1,enron_full_509309,exact_ref,4599.788,1,0,64987,4159360
fuzzydedup,6,1,enron_full_509898,exact_ref,5016.996,1,0,71183,4555968
fuzzydedup,4,1,enron_full_509898,exact_ref,3627.584,1,0,46160,2954432
fuzzydedup,5,1,enron_full_509898,exact_ref,4342.406,1,0,57854,3702848
fuzzydedup,4,1,enron_full_511005,exact_ref,2501.622,1,0,34127,2184320
fuzzydedup,5,1,enron_full_511005,exact_ref,3031.841,1,0,38729,2478976
fuzzydedup,6,1,enron_full_511005,exact_ref,2927.139,1,0,42212,2701888
fuzzydedup,5,1,enron_full_513543,no_exact_ref,8442.740,0,6,122217,7821888
fuzzydedup,6,1,enron_full_513543,no_exact_ref,8822.048,0,7,144058,9219712
fuzzydedup,4,1,enron_full_513543,no_exact_ref,5716.185,0,5,100182,6411648
fuzzydedup,6,1,enron_full_513857,exact_ref,6610.091,1,0,109830,7029312
fuzzydedup,4,1,enron_full_513857,exact_ref,4931.784,1,0,79939,5116288
fuzzydedup,5,1,enron_full_513857,exact_ref,5189.612,1,0,95447,6108800
fuzzydedup,4,1,enron_full_514823,no_exact_ref,4725.655,0,5,69400,4441600
fuzzydedup,5,1,enron_full_514823,no_exact_ref,5130.757,0,6,85290,5458560
fuzzydedup,6,1,enron_full_514823,no_exact_ref,5536.350,0,7,102455,6557120
fuzzydedup,5,1,enron_full_514984,exact_ref,2617.705,1,0,42805,2739712
fuzzydedup,6,1,enron_full_514984,exact_ref,3285.570,1,0,52861,3383296
fuzzydedup,4,1,enron_full_514984,exact_ref,2202.452,1,0,33360,2135232
fuzzydedup,6,1,enron_full_515092,no_exact_ref,9867.522,0,7,180015,11520960
fuzzydedup,4,1,enron_full_515092,no_exact_ref,7273.376,0,5,128135,8200640
fuzzydedup,5,1,enron_full_515092,no_exact_ref,8408.884,0,6,154598,9894272
fuzzydedup,4,1,enron_full_515627,no_exact_ref,7820.333,0,5,137103,8774592
fuzzydedup,5,1,enron_full_515627,no_exact_ref,8409.128,0,6,164671,10538944
fuzzydedup,6,1,enron_full_515627,no_exact_ref,9229.127,0,7,190614,12199296
fuzzydedup,5,1,enron_full_515714,no_exact_ref,9089.662,0,6,164671,10538944
fuzzydedup,6,1,enron_full_515714,no_exact_ref,11274.805,0,7,190614,12199296
fuzzydedup,4,1,enron_full_515714,no_exact_ref,7957.548,0,5,137103,8774592
fuzzydedup,6,1,enron_full_516032,exact_ref,4734.433,1,0,82143,5257344
fuzzydedup,4,1,enron_full_516032,exact_ref,4241.211,1,0,63999,4096128
fuzzydedup,5,1,enron_full_516032,exact_ref,4514.478,1,0,73585,4709632
fuzzydedup,4,1,enron_full_516843,no_exact_ref,7438.465,0,5,120641,7721024
fuzzydedup,5,1,enron_full_516843,no_exact_ref,8244.908,0,6,145606,9318784
fuzzydedup,6,1,enron_full_516843,no_exact_ref,9089.874,0,7,169255,10832320
fuzzydedup,5,1,enron_full_516871,no_exact_ref,7394.926,0,6,113036,7234304
fuzzydedup,6,1,enron_full_516871,no_exact_ref,7820.379,0,7,133357,8534848
fuzzydedup,4,1,enron_full_516871,no_exact_ref,5685.629,0,5,92244,5903616
fuzzydedup,6,2,enron_full_000202,exact_ref,5591.554,1,0,84428,5403584
fuzzydedup,4,2,enron_full_000202,exact_ref,4390.535,1,0,59273,3793664
fuzzydedup,5,2,enron_full_000202,exact_ref,4820.653,1,0,72621,4647936
fuzzydedup,4,2,enron_full_000664,exact_ref,663.544,1,0,5179,331648
fuzzydedup,5,2,enron_full_000664,exact_ref,648.185,1,0,5738,367424
fuzzydedup,6,2,enron_full_000664,exact_ref,586.721,1,0,6118,391744
fuzzydedup,5,2,enron_full_001289,no_exact_ref,3602.319,0,6,62674,4011136
fuzzydedup,6,2,enron_full_001289,no_exact_ref,4599.373,0,7,75416,4826624
fuzzydedup,4,2,enron_full_001289,no_exact_ref,3154.337,0,5,50202,3212928
fuzzydedup,6,2,enron_full_001379,no_exact_ref,10050.813,0,7,180015,11520960
fuzzydedup,4,2,enron_full_001379,no_exact_ref,8121.108,0,5,128135,8200640
fuzzydedup,5,2,enron_full_001379,no_exact_ref,9160.555,0,6,154598,9894272
fuzzydedup,4,2,enron_full_001488,no_exact_ref,7522.321,0,5,121972,7806208
fuzzydedup,5,2,enron_full_001488,no_exact_ref,8592.945,0,6,147636,9448704
fuzzydedup,6,2,enron_full_001488,no_exact_ref,10071.829,0,7,172289,11026496
fuzzydedup,5,2,enron_full_001525,exact_ref,1935.531,1,0,22923,1467264
fuzzydedup,6,2,enron_full_001525,exact_ref,1927.077,1,0,25312,1620160
fuzzydedup,4,2,enron_full_001525,exact_ref,1680.699,1,0,19975,1278592
fuzzydedup,6,2,enron_full_002220,exact_ref,277.467,1,0,2918,186944
fuzzydedup,4,2,enron_full_002220,exact_ref,175.007,1,0,1769,113408
fuzzydedup,5,2,enron_full_002220,exact_ref,190.809,1,0,2319,148608
fuzzydedup,4,2,enron_full_004616,exact_ref,4481.277,1,0,57150,3657792
fuzzydedup,5,2,enron_full_004616,exact_ref,4944.411,1,0,68957,4413440
fuzzydedup,6,2,enron_full_004616,exact_ref,5093.170,1,0,79639,5097088
fuzzydedup,5,2,enron_full_005913,exact_ref,944.017,1,0,9831,629376
fuzzydedup,6,2,enron_full_005913,exact_ref,930.530,1,0,10537,674560
fuzzydedup,4,2,enron_full_005913,exact_ref,952.251,1,0,8716,558016
fuzzydedup,6,2,enron_full_006211,exact_ref,1101.158,1,0,15652,1001920
fuzzydedup,4,2,enron_full_006211,exact_ref,1127.569,1,0,12995,831872
fuzzydedup,5,2,enron_full_006211,exact_ref,1155.270,1,0,14537,930560
fuzzydedup,4,2,enron_full_006276,exact_ref,805.243,1,0,5061,324096
fuzzydedup,5,2,enron_full_006276,exact_ref,933.866,1,0,6811,436096
fuzzydedup,6,2,enron_full_006276,exact_ref,987.026,1,0,8764,561088
fuzzydedup,5,2,enron_full_006379,no_exact_ref,8295.338,0,6,153267,9809088
fuzzydedup,6,2,enron_full_006379,no_exact_ref,9381.494,0,7,177736,11375104
fuzzydedup,4,2,enron_full_006379,no_exact_ref,7287.920,0,5,127462,8157568
fuzzydedup,6,2,enron_full_006771,exact_ref,4080.911,1,0,61503,3936384
fuzzydedup,4,2,enron_full_006771,exact_ref,3418.018,1,0,45515,2913152
fuzzydedup,5,2,enron_full_006771,exact_ref,3740.797,1,0,54073,3460864
fuzzydedup,4,2,enron_full_007411,no_exact_ref,7550.888,0,5,128135,8200640
fuzzydedup,5,2,enron_full_007411,no_exact_ref,9259.233,0,6,154598,9894272
fuzzydedup,6,2,enron_full_007411,no_exact_ref,9690.084,0,7,180015,11520960
fuzzydedup,5,2,enron_full_008064,exact_ref,5780.639,1,0,79892,5113280
fuzzydedup,6,2,enron_full_008064,exact_ref,5526.378,1,0,94275,6033792
fuzzydedup,4,2,enron_full_008064,exact_ref,4554.243,1,0,64384,4120768
fuzzydedup,6,2,enron_full_008136,no_exact_ref,7836.480,0,7,133357,8535744
fuzzydedup,4,2,enron_full_008136,no_exact_ref,4961.537,0,5,92244,5903808
fuzzydedup,5,2,enron_full_008136,no_exact_ref,6889.579,0,6,113036,7234624
fuzzydedup,4,2,enron_full_008648,exact_ref,3261.023,1,0,40882,2616640
fuzzydedup,5,2,enron_full_008648,exact_ref,3290.114,1,0,48312,3092160
fuzzydedup,6,2,enron_full_008648,exact_ref,3354.204,1,0,54534,3490368
fuzzydedup,5,2,enron_full_008924,exact_ref,4445.945,1,0,64321,4116736
fuzzydedup,6,2,enron_full_008924,exact_ref,4119.583,1,0,73907,4730240
fuzzydedup,4,2,enron_full_008924,exact_ref,3585.971,1,0,53639,3433088
fuzzydedup,6,2,enron_full_009142,exact_ref,2853.483,1,0,48321,3092736
fuzzydedup,4,2,enron_full_009142,exact_ref,2731.040,1,0,36451,2333056
fuzzydedup,5,2,enron_full_009142,exact_ref,3080.209,1,0,42673,2731264
fuzzydedup,4,2,enron_full_009200,exact_ref,1983.220,1,0,24083,1541504
fuzzydedup,5,2,enron_full_009200,exact_ref,2071.630,1,0,27566,1764416
fuzzydedup,6,2,enron_full_009200,exact_ref,2168.199,1,0,30514,1953088
fuzzydedup,5,2,enron_full_009568,no_exact_ref,7380.376,0,6,136629,8744256
fuzzydedup,6,2,enron_full_009568,no_exact_ref,8666.101,0,7,159258,10192512
fuzzydedup,4,2,enron_full_009568,no_exact_ref,5872.376,0,5,113227,7246528
fuzzydedup,6,2,enron_full_009735,no_exact_ref,9492.770,0,7,184939,11836096
fuzzydedup,4,2,enron_full_009735,no_exact_ref,6980.457,0,5,132999,8511936
fuzzydedup,5,2,enron_full_009735,no_exact_ref,8605.817,0,6,159592,10213888
fuzzydedup,4,2,enron_full_011924,exact_ref,4712.861,1,0,63515,4065152
fuzzydedup,5,2,enron_full_011924,exact_ref,5002.914,1,0,79922,5115200
fuzzydedup,6,2,enron_full_011924,exact_ref,6380.778,1,0,95894,6137408
fuzzydedup,5,2,enron_full_012156,exact_ref,2851.766,1,0,33703,2157184
fuzzydedup,6,2,enron_full_012156,exact_ref,3198.390,1,0,43148,2761664
fuzzydedup,4,2,enron_full_012156,exact_ref,2177.706,1,0,25457,1629440
fuzzydedup,6,2,enron_full_012651,exact_ref,6478.900,1,0,94712,6061760
fuzzydedup,4,2,enron_full_012651,exact_ref,4522.566,1,0,62086,3973696
fuzzydedup,5,2,enron_full_012651,exact_ref,5242.366,1,0,78305,5011712
fuzzydedup,4,2,enron_full_013576,exact_ref,4733.977,1,0,63165,4042752
fuzzydedup,5,2,enron_full_013576,exact_ref,5573.250,1,0,79384,5080768
fuzzydedup,6,2,enron_full_013576,exact_ref,6292.125,1,0,95791,6130816
fuzzydedup,5,2,enron_full_013941,exact_ref,5519.056,1,0,78207,5005440
fuzzydedup,6,2,enron_full_013941,exact_ref,6135.487,1,0,94614,6055488
fuzzydedup,4,2,enron_full_013941,exact_ref,4196.878,1,0,61988,3967424
fuzzydedup,6,2,enron_full_014539,exact_ref,1878.404,1,0,24734,1583168
fuzzydedup,4,2,enron_full_014539,exact_ref,1406.292,1,0,14438,924224
fuzzydedup,5,2,enron_full_014539,exact_ref,1851.335,1,0,19674,1259328
fuzzydedup,4,2,enron_full_014678,exact_ref,3589.378,1,0,42463,2717824
fuzzydedup,5,2,enron_full_014678,exact_ref,4012.165,1,0,55792,3570880
fuzzydedup,6,2,enron_full_014678,exact_ref,4487.235,1,0,69989,4479488
fuzzydedup,5,2,enron_full_015568,exact_ref,2825.253,1,0,33729,2158848
fuzzydedup,6,2,enron_full_015568,exact_ref,3252.734,1,0,43174,2763328
fuzzydedup,4,2,enron_full_015568,exact_ref,2405.979,1,0,25483,1631104
fuzzydedup,6,2,enron_full_015698,exact_ref,6021.936,1,0,89488,5727424
fuzzydedup,4,2,enron_full_015698,exact_ref,4851.250,1,0,57816,3700416
fuzzydedup,5,2,enron_full_015698,exact_ref,5482.212,1,0,73577,4709120
fuzzydedup,4,2,enron_full_016017,exact_ref,4807.235,1,0,57800,3699392
fuzzydedup,5,2,enron_full_016017,exact_ref,5313.534,1,0,73561,4708096
fuzzydedup,6,2,enron_full_016017,exact_ref,6132.270,1,0,89472,5726400
fuzzydedup,5,2,enron_full_017189,exact_ref,5411.188,1,0,75548,4835264
fuzzydedup,6,2,enron_full_017189,exact_ref,6138.315,1,0,88896,5689536
fuzzydedup,4,2,enron_full_017189,exact_ref,4601.113,1,0,61726,3950656
fuzzydedup,6,2,enron_full_018163,no_exact_ref,1403.926,0,7,20240,1295360
fuzzydedup,4,2,enron_full_018163,no_exact_ref,1037.000,0,5,11730,750720
fuzzydedup,5,2,enron_full_018163,no_exact_ref,1116.160,0,6,15488,991232
fuzzydedup,4,2,enron_full_018755,exact_ref,5254.302,1,0,65083,4165504
fuzzydedup,5,2,enron_full_018755,exact_ref,6102.705,1,0,80616,5159616
fuzzydedup,6,2,enron_full_018755,exact_ref,6655.174,1,0,96124,6152128
fuzzydedup,5,2,enron_full_019153,exact_ref,639.051,1,0,4362,279360
fuzzydedup,6,2,enron_full_019153,exact_ref,607.275,1,0,4638,297024
fuzzydedup,4,2,enron_full_019153,exact_ref,543.827,1,0,3982,255040
fuzzydedup,6,2,enron_full_019201,exact_ref,6898.942,1,0,97415,6234752
fuzzydedup,4,2,enron_full_019201,exact_ref,5030.549,1,0,65743,4207744
fuzzydedup,5,2,enron_full_019201,exact_ref,5277.059,1,0,81504,5216448
fuzzydedup,4,2,enron_full_019604,no_exact_ref,7831.342,0,5,139973,8958272
fuzzydedup,5,2,enron_full_019604,no_exact_ref,9698.902,0,6,168810,10803840
fuzzydedup,6,2,enron_full_019604,no_exact_ref,10823.038,0,7,194887,12472768
fuzzydedup,5,2,enron_full_019949,exact_ref,6169.612,1,0,80620,5159872
fuzzydedup,6,2,enron_full_019949,exact_ref,6451.784,1,0,96128,6152384
fuzzydedup,4,2,enron_full_019949,exact_ref,5079.385,1,0,65087,4165760
fuzzydedup,6,2,enron_full_020401,no_exact_ref,7419.409,0,7,137129,8776256
fuzzydedup,4,2,enron_full_020401,no_exact_ref,5565.754,0,5,95838,6133632
fuzzydedup,5,2,enron_full_020401,no_exact_ref,6450.985,0,6,116994,7487616
fuzzydedup,4,2,enron_full_020951,exact_ref,3752.485,1,0,54014,3457088
fuzzydedup,5,2,enron_full_020951,exact_ref,4289.704,1,0,64696,4140736
fuzzydedup,6,2,enron_full_020951,exact_ref,4788.102,1,0,74282,4754240
fuzzydedup,5,2,enron_full_021195,exact_ref,4488.430,1,0,60710,3885632
fuzzydedup,6,2,enron_full_021195,exact_ref,5893.331,1,0,75422,4827200
fuzzydedup,4,2,enron_full_021195,exact_ref,3686.875,1,0,46513,2977024
fuzzydedup,6,2,enron_full_021224,exact_ref,3689.926,1,6,32732,2106048
fuzzydedup,4,2,enron_full_021224,exact_ref,2022.416,1,4,5252,338752
fuzzydedup,5,2,enron_full_021224,exact_ref,2957.557,1,4,21471,1382912
fuzzydedup,4,2,enron_full_021900,exact_ref,418.021,1,0,1534,98368
fuzzydedup,5,2,enron_full_021900,exact_ref,402.646,1,0,1684,107968
fuzzydedup,6,2,enron_full_021900,exact_ref,392.529,1,0,1768,113344
fuzzydedup,5,2,enron_full_022531,exact_ref,5600.319,1,0,76381,4888576
fuzzydedup,6,2,enron_full_022531,exact_ref,6565.729,1,0,92600,5926592
fuzzydedup,4,2,enron_full_022531,exact_ref,4651.687,1,0,60470,3870272
fuzzydedup,6,2,enron_full_022683,exact_ref,4192.091,1,0,62048,3971264
fuzzydedup,4,2,enron_full_022683,exact_ref,3462.785,1,0,46060,2948032
fuzzydedup,5,2,enron_full_022683,exact_ref,4193.615,1,0,54618,3495744
fuzzydedup,4,2,enron_full_022865,exact_ref,4788.551,1,0,64224,4110528
fuzzydedup,5,2,enron_full_022865,exact_ref,5267.221,1,0,78607,5031040
fuzzydedup,6,2,enron_full_022865,exact_ref,6058.733,1,0,92429,5915648
fuzzydedup,5,2,enron_full_022972,exact_ref,3149.255,1,0,43150,2761792
fuzzydedup,6,2,enron_full_022972,exact_ref,3037.395,1,0,48798,3123264
fuzzydedup,4,2,enron_full_022972,exact_ref,2760.115,1,0,36928,2363584
fuzzydedup,6,2,enron_full_024952,no_exact_ref,150.970,0,7,1550,99200
fuzzydedup,4,2,enron_full_024952,no_exact_ref,104.918,0,5,1057,67648
fuzzydedup,5,2,enron_full_024952,no_exact_ref,117.257,0,6,1290,82560
fuzzydedup,4,2,enron_full_025050,exact_ref,4956.733,1,0,62281,3986176
fuzzydedup,5,2,enron_full_025050,exact_ref,5131.061,1,0,78500,5024192
fuzzydedup,6,2,enron_full_025050,exact_ref,5695.343,1,0,94907,6074240
fuzzydedup,5,2,enron_full_026603,exact_ref,5004.932,1,0,73351,4694656
fuzzydedup,6,2,enron_full_026603,exact_ref,5387.756,1,0,85158,5450304
fuzzydedup,4,2,enron_full_026603,exact_ref,4139.088,1,0,60003,3840384
fuzzydedup,6,2,enron_full_026721,exact_ref,4246.059,1,0,58257,3728704
fuzzydedup,4,2,enron_full_026721,exact_ref,3242.007,1,0,35512,2273024
fuzzydedup,5,2,enron_full_026721,exact_ref,3850.814,1,0,46563,2980288
fuzzydedup,4,2,enron_full_027643,exact_ref,2278.991,1,0,28300,1811392
fuzzydedup,5,2,enron_full_027643,exact_ref,2290.569,1,0,32902,2105920
fuzzydedup,6,2,enron_full_027643,exact_ref,2299.586,1,0,36385,2328832
fuzzydedup,5,2,enron_full_027693,exact_ref,3904.430,1,0,50825,3252992
fuzzydedup,6,2,enron_full_027693,exact_ref,4535.045,1,0,64154,4106048
fuzzydedup,4,2,enron_full_027693,exact_ref,2988.525,1,0,39131,2504576
fuzzydedup,6,2,enron_full_027925,exact_ref,5828.238,1,0,80684,5163968
fuzzydedup,4,2,enron_full_027925,exact_ref,3927.926,1,0,50711,3245696
fuzzydedup,5,2,enron_full_027925,exact_ref,5263.284,1,0,65423,4187264
fuzzydedup,4,2,enron_full_028250,exact_ref,4218.148,1,0,59988,3839424
fuzzydedup,5,2,enron_full_028250,exact_ref,4840.504,1,0,73336,4693696
fuzzydedup,6,2,enron_full_028250,exact_ref,5354.423,1,0,85143,5449344
fuzzydedup,5,2,enron_full_028591,exact_ref,6336.316,1,0,80921,5179136
fuzzydedup,6,2,enron_full_028591,exact_ref,7496.497,1,0,96454,6173248
fuzzydedup,4,2,enron_full_028591,exact_ref,5373.606,1,0,64949,4156928
fuzzydedup,6,2,enron_full_028607,no_exact_ref,10864.036,0,7,194644,12457216
fuzzydedup,4,2,enron_full_028607,no_exact_ref,9081.190,0,5,139516,8929024
fuzzydedup,5,2,enron_full_028607,no_exact_ref,9680.692,0,6,168125,10760000
fuzzydedup,4,2,enron_full_029506,no_exact_ref,9221.798,0,5,137769,8817216
fuzzydedup,5,2,enron_full_029506,no_exact_ref,10278.572,0,6,164996,10559744
fuzzydedup,6,2,enron_full_029506,no_exact_ref,10803.772,0,7,191555,12259520
fuzzydedup,5,2,enron_full_030144,exact_ref,402.236,1,0,3055,195712
fuzzydedup,6,2,enron_full_030144,exact_ref,427.469,1,0,3987,255360
fuzzydedup,4,2,enron_full_030144,exact_ref,200.143,1,0,2293,146944
fuzzydedup,6,2,enron_full_031433,exact_ref,6252.703,1,0,92612,5927360
fuzzydedup,4,2,enron_full_031433,exact_ref,4575.999,1,0,60482,3871040
fuzzydedup,5,2,enron_full_031433,exact_ref,5371.269,1,0,76393,4889344
fuzzydedup,4,2,enron_full_031542,exact_ref,4059.876,1,0,53975,3454592
fuzzydedup,5,2,enron_full_031542,exact_ref,4188.160,1,0,64657,4138240
fuzzydedup,6,2,enron_full_031542,exact_ref,4420.820,1,0,74243,4751744
fuzzydedup,5,2,enron_full_031612,exact_ref,5243.000,1,0,65382,4184640
fuzzydedup,6,2,enron_full_031612,exact_ref,5585.595,1,0,80643,5161344
fuzzydedup,4,2,enron_full_031612,exact_ref,3597.178,1,0,50670,3243072
fuzzydedup,6,2,enron_full_031680,exact_ref,6134.968,1,0,92299,5907328
fuzzydedup,4,2,enron_full_031680,exact_ref,4798.183,1,0,64094,4102208
fuzzydedup,5,2,enron_full_031680,exact_ref,4937.141,1,0,78477,5022720
fuzzydedup,4,2,enron_full_032079,no_exact_ref,2950.041,0,5,50866,3255424
fuzzydedup,5,2,enron_full_032079,no_exact_ref,3916.062,0,6,63363,4055232
fuzzydedup,6,2,enron_full_032079,no_exact_ref,5754.425,0,7,76712,4909568
fuzzydedup,5,2,enron_full_032704,exact_ref,5918.327,1,0,78381,5016576
fuzzydedup,6,2,enron_full_032704,exact_ref,6511.783,1,0,94788,6066624
fuzzydedup,4,2,enron_full_032704,exact_ref,4772.237,1,0,62162,3978560
fuzzydedup,6,2,enron_full_033187,no_exact_ref,9373.040,0,7,172289,11026560
fuzzydedup,4,2,enron_full_033187,no_exact_ref,7304.396,0,5,121972,7806272
fuzzydedup,5,2,enron_full_033187,no_exact_ref,8505.436,0,6,147636,9448768
fuzzydedup,4,2,enron_full_033628,no_exact_ref,4783.803,1,0,60394,3865408
fuzzydedup,5,2,enron_full_033628,no_exact_ref,5216.957,1,0,75655,4842112
fuzzydedup,6,2,enron_full_033628,no_exact_ref,5523.398,1,0,91416,5850816
fuzzydedup,5,2,enron_full_034178,no_exact_ref,9749.341,0,6,168810,10803840
fuzzydedup,6,2,enron_full_034178,no_exact_ref,11608.816,0,7,194887,12472768
fuzzydedup,4,2,enron_full_034178,no_exact_ref,8289.799,0,5,139973,8958272
fuzzydedup,6,2,enron_full_034530,no_exact_ref,2818.980,0,7,43148,2761472
fuzzydedup,4,2,enron_full_034530,no_exact_ref,2140.387,0,5,28839,1845696
fuzzydedup,5,2,enron_full_034530,no_exact_ref,2367.187,0,6,35649,2281536
fuzzydedup,4,2,enron_full_035481,no_exact_ref,6568.874,0,5,113227,7246528
fuzzydedup,5,2,enron_full_035481,no_exact_ref,6793.253,0,6,136629,8744256
fuzzydedup,6,2,enron_full_035481,no_exact_ref,8714.422,0,7,159258,10192512
fuzzydedup,5,2,enron_full_035578,no_exact_ref,4750.424,0,6,62674,4011200
fuzzydedup,6,2,enron_full_035578,no_exact_ref,4860.200,0,7,75416,4826688
fuzzydedup,4,2,enron_full_035578,no_exact_ref,3466.562,0,5,50202,3212928
fuzzydedup,6,2,enron_full_035695,no_exact_ref,7810.443,0,7,123332,7893248
fuzzydedup,4,2,enron_full_035695,no_exact_ref,5233.567,0,5,84127,5384128
fuzzydedup,5,2,enron_full_035695,no_exact_ref,5927.352,0,6,103384,6616576
fuzzydedup,4,2,enron_full_035726,no_exact_ref,5480.660,0,5,95838,6133632
fuzzydedup,5,2,enron_full_035726,no_exact_ref,6303.010,0,6,116994,7487616
fuzzydedup,6,2,enron_full_035726,no_exact_ref,7135.174,0,7,137129,8776256
fuzzydedup,5,2,enron_full_035827,no_exact_ref,6992.931,0,6,136629,8744256
fuzzydedup,6,2,enron_full_035827,no_exact_ref,8926.500,0,7,159258,10192512
fuzzydedup,4,2,enron_full_035827,no_exact_ref,6048.735,0,5,113227,7246528
fuzzydedup,6,2,enron_full_035969,no_exact_ref,9876.036,0,7,177736,11375104
fuzzydedup,4,2,enron_full_035969,no_exact_ref,7518.826,0,5,127462,8157568
fuzzydedup,5,2,enron_full_035969,no_exact_ref,8583.075,0,6,153267,9809088
fuzzydedup,4,2,enron_full_035998,no_exact_ref,5609.301,0,5,95838,6133632
fuzzydedup,5,2,enron_full_035998,no_exact_ref,6396.377,0,6,116994,7487616
fuzzydedup,6,2,enron_full_035998,no_exact_ref,7914.910,0,7,137129,8776256
fuzzydedup,5,2,enron_full_038008,no_exact_ref,7364.242,0,6,113036,7234304
fuzzydedup,6,2,enron_full_038008,no_exact_ref,8892.516,0,7,133357,8534848
fuzzydedup,4,2,enron_full_038008,no_exact_ref,5874.170,0,5,92244,5903616
fuzzydedup,6,2,enron_full_040212,no_exact_ref,13124.870,0,7,190614,12199296
fuzzydedup,4,2,enron_full_040212,no_exact_ref,8752.398,0,5,137103,8774592
fuzzydedup,5,2,enron_full_040212,no_exact_ref,9321.842,0,6,164671,10538944
fuzzydedup,4,2,enron_full_040615,exact_ref,5220.628,1,0,65782,4210240
fuzzydedup,5,2,enron_full_040615,exact_ref,6065.884,1,0,81315,5204352
fuzzydedup,6,2,enron_full_040615,exact_ref,6478.732,1,0,96823,6196864
fuzzydedup,5,2,enron_full_041235,exact_ref,719.739,1,0,5924,379328
fuzzydedup,6,2,enron_full_041235,exact_ref,739.134,1,0,6304,403648
fuzzydedup,4,2,enron_full_041235,exact_ref,637.879,1,0,5365,343552
fuzzydedup,6,2,enron_full_042132,exact_ref,4243.124,1,0,62427,3995520
fuzzydedup,4,2,enron_full_042132,exact_ref,3377.905,1,0,46439,2972288
fuzzydedup,5,2,enron_full_042132,exact_ref,3771.874,1,0,54997,3520000
fuzzydedup,4,2,enron_full_045885,exact_ref,5288.597,1,0,65358,4183104
fuzzydedup,5,2,enron_full_045885,exact_ref,5817.411,1,0,80866,5175616
fuzzydedup,6,2,enron_full_045885,exact_ref,5428.839,1,0,95249,6096128
fuzzydedup,5,2,enron_full_046009,exact_ref,5576.881,1,0,81280,5202112
fuzzydedup,6,2,enron_full_046009,exact_ref,6401.789,1,0,96788,6194624
fuzzydedup,4,2,enron_full_046009,exact_ref,4526.053,1,0,65747,4208000
fuzzydedup,6,2,enron_full_046306,exact_ref,5742.617,1,0,92927,5947520
fuzzydedup,4,2,enron_full_046306,exact_ref,4787.505,1,0,64722,4142400
fuzzydedup,5,2,enron_full_046306,exact_ref,4781.499,1,0,79105,5062912
fuzzydedup,4,2,enron_full_046840,exact_ref,1622.523,1,0,20926,1339456
fuzzydedup,5,2,enron_full_046840,exact_ref,1872.294,1,0,27700,1772992
fuzzydedup,6,2,enron_full_046840,exact_ref,3049.016,1,0,35152,2249920
fuzzydedup,5,2,enron_full_047084,no_exact_ref,8960.488,0,6,164671,10538944
fuzzydedup,6,2,enron_full_047084,no_exact_ref,9777.734,0,7,190614,12199296
fuzzydedup,4,2,enron_full_047084,no_exact_ref,7866.292,0,5,137103,8774592
fuzzydedup,6,2,enron_full_047376,exact_ref,2165.448,1,0,25897,1657600
fuzzydedup,4,2,enron_full_047376,exact_ref,1410.595,1,0,20560,1316032
fuzzydedup,5,2,enron_full_047376,exact_ref,1656.230,1,0,23508,1504704
fuzzydedup,4,2,enron_full_047738,exact_ref,1448.112,1,0,14617,935680
fuzzydedup,5,2,enron_full_047738,exact_ref,1714.798,1,0,19853,1270784
fuzzydedup,6,2,enron_full_047738,exact_ref,1888.901,1,0,24913,1594624
fuzzydedup,5,2,enron_full_047772,no_exact_ref,7906.611,0,6,159592,10213888
fuzzydedup,6,2,enron_full_047772,no_exact_ref,9385.277,0,7,184939,11836096
fuzzydedup,4,2,enron_full_047772,no_exact_ref,6574.539,0,5,132999,8511936
fuzzydedup,6,2,enron_full_048185,no_exact_ref,10394.579,0,7,191555,12259520
fuzzydedup,4,2,enron_full_048185,no_exact_ref,7502.416,0,5,137769,8817216
fuzzydedup,5,2,enron_full_048185,no_exact_ref,9179.915,0,6,164996,10559744
fuzzydedup,4,2,enron_full_048713,no_exact_ref,3434.038,0,5,50202,3212928
fuzzydedup,5,2,enron_full_048713,no_exact_ref,3632.785,0,6,62674,4011136
fuzzydedup,6,2,enron_full_048713,no_exact_ref,4611.747,0,7,75416,4826624
fuzzydedup,5,2,enron_full_049016,no_exact_ref,2318.468,0,6,32008,2048512
fuzzydedup,6,2,enron_full_049016,no_exact_ref,2511.689,0,7,38406,2457984
fuzzydedup,4,2,enron_full_049016,no_exact_ref,1942.507,0,5,25353,1622592
fuzzydedup,6,2,enron_full_049875,no_exact_ref,10245.987,0,7,197034,12610176
fuzzydedup,4,2,enron_full_049875,no_exact_ref,8063.437,0,5,140955,9021120
fuzzydedup,5,2,enron_full_049875,no_exact_ref,9347.330,0,6,169489,10847296
fuzzydedup,4,2,enron_full_050163,exact_ref,3526.036,1,0,46617,2983680
fuzzydedup,5,2,enron_full_050163,exact_ref,3550.870,1,0,55175,3531392
fuzzydedup,6,2,enron_full_050163,exact_ref,3867.934,1,0,62605,4006912
fuzzydedup,5,2,enron_full_050258,exact_ref,5911.414,1,0,81493,5215744
fuzzydedup,6,2,enron_full_050258,exact_ref,5911.050,1,0,97001,6208256
fuzzydedup,4,2,enron_full_050258,exact_ref,4279.148,1,0,65960,4221632
fuzzydedup,6,2,enron_full_050705,no_exact_ref,10318.645,0,7,197034,12610176
fuzzydedup,4,2,enron_full_050705,no_exact_ref,7348.251,0,5,140955,9021120
fuzzydedup,5,2,enron_full_050705,no_exact_ref,9412.191,0,6,169489,10847296
fuzzydedup,4,2,enron_full_050719,no_exact_ref,7999.903,0,5,139973,8958272
fuzzydedup,5,2,enron_full_050719,no_exact_ref,9269.376,0,6,168810,10803840
fuzzydedup,6,2,enron_full_050719,no_exact_ref,9683.767,0,7,194887,12472768
fuzzydedup,5,2,enron_full_051118,no_exact_ref,8444.895,0,6,154598,9894272
fuzzydedup,6,2,enron_full_051118,no_exact_ref,9457.708,0,7,180015,11520960
fuzzydedup,4,2,enron_full_051118,no_exact_ref,8463.883,0,5,128135,8200640
fuzzydedup,6,2,enron_full_051633,no_exact_ref,6952.074,0,7,112816,7220224
fuzzydedup,4,2,enron_full_051633,no_exact_ref,5187.911,0,5,75858,4854912
fuzzydedup,5,2,enron_full_051633,no_exact_ref,5652.809,0,6,94423,6043072
fuzzydedup,4,2,enron_full_052109,exact_ref,2879.712,1,2,33680,2155712
fuzzydedup,5,2,enron_full_052109,exact_ref,3871.121,1,2,47877,3064320
fuzzydedup,6,2,enron_full_052109,exact_ref,4819.051,1,2,62589,4005888
fuzzydedup,5,2,enron_full_052243,exact_ref,5679.184,1,0,75355,4822912
fuzzydedup,6,2,enron_full_052243,exact_ref,5961.638,1,0,88703,5677184
fuzzydedup,4,2,enron_full_052243,exact_ref,4616.438,1,0,61533,3938304
fuzzydedup,6,2,enron_full_052699,no_exact_ref,10144.638,0,7,180015,11520960
fuzzydedup,4,2,enron_full_052699,no_exact_ref,7726.391,0,5,128135,8200640
fuzzydedup,5,2,enron_full_052699,no_exact_ref,8583.303,0,6,154598,9894272
fuzzydedup,4,2,enron_full_052941,no_exact_ref,5393.170,0,5,95838,6133632
fuzzydedup,5,2,enron_full_052941,no_exact_ref,6346.224,0,6,116994,7487616
fuzzydedup,6,2,enron_full_052941,no_exact_ref,6803.921,0,7,137129,8776256
fuzzydedup,5,2,enron_full_053517,no_exact_ref,6954.473,0,6,126879,8120256
fuzzydedup,6,2,enron_full_053517,no_exact_ref,6747.203,0,7,148499,9503936
fuzzydedup,4,2,enron_full_053517,no_exact_ref,5366.614,0,5,105124,6727936
fuzzydedup,6,2,enron_full_053522,no_exact_ref,7330.521,0,7,137129,8776256
fuzzydedup,4,2,enron_full_053522,no_exact_ref,4646.421,0,5,95838,6133632
fuzzydedup,5,2,enron_full_053522,no_exact_ref,6083.979,0,6,116994,7487616
fuzzydedup,4,2,enron_full_054174,no_exact_ref,7537.995,0,5,140955,9021120
fuzzydedup,5,2,enron_full_054174,no_exact_ref,8407.347,0,6,169489,10847296
fuzzydedup,6,2,enron_full_054174,no_exact_ref,9303.438,0,7,197034,12610176
fuzzydedup,5,2,enron_full_055270,no_exact_ref,8819.066,0,6,169864,10871296
fuzzydedup,6,2,enron_full_055270,no_exact_ref,10373.670,0,7,197015,12608960
fuzzydedup,4,2,enron_full_055270,no_exact_ref,8290.801,0,5,141284,9042176
fuzzydedup,6,2,enron_full_055462,exact_ref,5363.615,1,0,94222,6030400
fuzzydedup,4,2,enron_full_055462,exact_ref,4154.223,1,0,66017,4225280
fuzzydedup,5,2,enron_full_055462,exact_ref,5685.534,1,0,80400,5145792
fuzzydedup,4,2,enron_full_056138,exact_ref,4663.939,1,0,66686,4268864
fuzzydedup,5,2,enron_full_056138,exact_ref,5095.807,1,0,82658,5291072
fuzzydedup,6,2,enron_full_056138,exact_ref,7063.639,1,0,98191,6285952
fuzzydedup,5,2,enron_full_056670,exact_ref,5703.963,1,0,80173,5133632
fuzzydedup,6,2,enron_full_056670,exact_ref,6243.989,1,0,93995,6019584
fuzzydedup,4,2,enron_full_056670,exact_ref,5137.495,1,0,65790,4211264
fuzzydedup,6,2,enron_full_056953,no_exact_ref,8655.919,0,7,144058,9219712
fuzzydedup,4,2,enron_full_056953,no_exact_ref,6798.182,0,5,100182,6411648
fuzzydedup,5,2,enron_full_056953,no_exact_ref,7967.075,0,6,122217,7821888
fuzzydedup,4,2,enron_full_057268,exact_ref,5252.838,1,0,66538,4258752
fuzzydedup,5,2,enron_full_057268,exact_ref,6432.914,1,0,82510,5280960
fuzzydedup,6,2,enron_full_057268,exact_ref,6568.310,1,0,98043,6275072
fuzzydedup,5,2,enron_full_057321,no_exact_ref,1208.345,0,6,12599,806336
fuzzydedup,6,2,enron_full_057321,no_exact_ref,1362.934,0,7,15381,984384
fuzzydedup,4,2,enron_full_057321,no_exact_ref,1063.364,0,5,10047,643008
fuzzydedup,6,2,enron_full_057826,no_exact_ref,1424.412,0,7,17182,1099648
fuzzydedup,4,2,enron_full_057826,no_exact_ref,1171.595,0,5,11364,727296
fuzzydedup,5,2,enron_full_057826,no_exact_ref,1268.259,0,6,14232,910848
fuzzydedup,4,2,enron_full_058046,exact_ref,5426.112,1,0,59393,3801344
fuzzydedup,5,2,enron_full_058046,exact_ref,6057.162,1,0,75154,4810048
fuzzydedup,6,2,enron_full_058046,exact_ref,6534.369,1,0,91065,5828352
fuzzydedup,5,2,enron_full_058254,exact_ref,2982.528,1,0,39069,2500608
fuzzydedup,6,2,enron_full_058254,exact_ref,2875.994,1,0,43671,2795136
fuzzydedup,4,2,enron_full_058254,exact_ref,2582.613,1,0,33421,2139136
fuzzydedup,6,2,enron_full_058415,no_exact_ref,8376.340,0,7,148499,9503936
fuzzydedup,4,2,enron_full_058415,no_exact_ref,5868.787,0,5,105124,6727936
fuzzydedup,5,2,enron_full_058415,no_exact_ref,6745.203,0,6,126879,8120256
fuzzydedup,4,2,enron_full_059797,exact_ref,4468.836,1,0,55017,3521280
fuzzydedup,5,2,enron_full_059797,exact_ref,4768.561,1,0,70278,4497984
fuzzydedup,6,2,enron_full_059797,exact_ref,5213.663,1,0,86039,5506688
fuzzydedup,5,2,enron_full_060370,exact_ref,3691.303,1,0,50024,3201728
fuzzydedup,6,2,enron_full_060370,exact_ref,3291.230,1,0,56246,3599936
fuzzydedup,4,2,enron_full_060370,exact_ref,2961.113,1,0,42594,2726208
fuzzydedup,6,2,enron_full_060846,exact_ref,5282.256,1,0,81853,5238784
fuzzydedup,4,2,enron_full_060846,exact_ref,4303.283,1,0,59364,3799488
fuzzydedup,5,2,enron_full_060846,exact_ref,4640.272,1,0,71171,4555136
fuzzydedup,4,2,enron_full_062151,exact_ref,3422.576,1,0,47221,3022336
fuzzydedup,5,2,enron_full_062151,exact_ref,3631.595,1,0,55779,3570048
fuzzydedup,6,2,enron_full_062151,exact_ref,4587.252,1,0,63209,4045568
fuzzydedup,5,2,enron_full_062439,exact_ref,3901.492,1,0,55774,3569728
fuzzydedup,6,2,enron_full_062439,exact_ref,4280.015,1,0,63204,4045248
fuzzydedup,4,2,enron_full_062439,exact_ref,3192.710,1,0,47216,3022016
fuzzydedup,6,2,enron_full_063833,exact_ref,6777.718,1,0,91007,5824640
fuzzydedup,4,2,enron_full_063833,exact_ref,4925.786,1,0,59335,3797632
fuzzydedup,5,2,enron_full_063833,exact_ref,5222.424,1,0,75096,4806336
fuzzydedup,4,2,enron_full_063839,exact_ref,4568.787,1,0,61995,3967872
fuzzydedup,5,2,enron_full_063839,exact_ref,5439.358,1,0,77906,4986176
fuzzydedup,6,2,enron_full_063839,exact_ref,6076.238,1,0,94125,6024192
fuzzydedup,5,2,enron_full_064172,exact_ref,3843.707,1,0,55844,3574208
fuzzydedup,6,2,enron_full_064172,exact_ref,4201.216,1,0,63274,4049728
fuzzydedup,4,2,enron_full_064172,exact_ref,3115.002,1,0,47286,3026496
fuzzydedup,6,2,enron_full_064231,exact_ref,1528.568,1,0,21769,1393408
fuzzydedup,4,2,enron_full_064231,exact_ref,1607.578,1,0,17565,1124352
fuzzydedup,5,2,enron_full_064231,exact_ref,1358.071,1,0,19954,1277248
fuzzydedup,4,2,enron_full_064607,exact_ref,4574.274,1,0,65133,4168704
fuzzydedup,5,2,enron_full_064607,exact_ref,5283.220,1,0,81540,5218752
fuzzydedup,6,2,enron_full_064607,exact_ref,6409.719,1,0,97512,6240960
fuzzydedup,5,2,enron_full_065332,exact_ref,4266.667,1,0,61468,3934144
fuzzydedup,6,2,enron_full_065332,exact_ref,4464.083,1,0,70026,4481856
fuzzydedup,4,2,enron_full_065332,exact_ref,3435.793,1,0,51882,3320640
fuzzydedup,6,2,enron_full_065814,exact_ref,2297.368,1,0,31719,2030208
fuzzydedup,4,2,enron_full_065814,exact_ref,1696.679,1,0,25288,1618624
fuzzydedup,5,2,enron_full_065814,exact_ref,1732.558,1,0,28771,1841536
fuzzydedup,4,2,enron_full_066742,no_exact_ref,8081.282,0,5,137769,8817216
fuzzydedup,5,2,enron_full_066742,no_exact_ref,8393.575,0,6,164996,10559744
fuzzydedup,6,2,enron_full_066742,no_exact_ref,9515.242,0,7,191555,12259520
fuzzydedup,5,2,enron_full_067365,exact_ref,3517.229,1,0,49651,3177856
fuzzydedup,6,2,enron_full_067365,exact_ref,3669.475,1,0,55873,3576064
fuzzydedup,4,2,enron_full_067365,exact_ref,2991.365,1,0,42221,2702336
fuzzydedup,6,2,enron_full_067727,exact_ref,2831.525,1,0,43416,2778816
fuzzydedup,4,2,enron_full_067727,exact_ref,2482.937,1,0,33166,2122816
fuzzydedup,5,2,enron_full_067727,exact_ref,2397.962,1,0,38814,2484288
fuzzydedup,4,2,enron_full_067752,exact_ref,4604.695,1,0,66266,4241216
fuzzydedup,5,2,enron_full_067752,exact_ref,5151.739,1,0,81774,5233728
fuzzydedup,6,2,enron_full_067752,exact_ref,5766.330,1,0,96157,6154240
fuzzydedup,5,2,enron_full_068258,no_exact_ref,8214.035,0,6,169489,10847296
fuzzydedup,6,2,enron_full_068258,no_exact_ref,9957.178,0,7,197034,12610176
fuzzydedup,4,2,enron_full_068258,no_exact_ref,7479.788,0,5,140955,9021120
fuzzydedup,6,2,enron_full_068541,no_exact_ref,5333.242,1,1,77105,4934912
fuzzydedup,4,2,enron_full_068541,no_exact_ref,4086.980,1,1,48900,3129792
fuzzydedup,5,2,enron_full_068541,no_exact_ref,4085.252,1,1,63283,4050304
fuzzydedup,4,2,enron_full_068714,no_exact_ref,1726.496,1,0,23645,1513472
fuzzydedup,5,2,enron_full_068714,no_exact_ref,2543.166,1,0,31097,1990400
fuzzydedup,6,2,enron_full_068714,no_exact_ref,2993.115,1,0,39343,2518144
fuzzydedup,5,2,enron_full_068948,no_exact_ref,6063.287,0,6,94423,6043072
fuzzydedup,6,2,enron_full_068948,no_exact_ref,5908.785,0,7,112816,7220224
fuzzydedup,4,2,enron_full_068948,no_exact_ref,4749.648,0,5,75858,4854912
fuzzydedup,6,2,enron_full_069168,exact_ref,7192.501,1,0,97638,6249024
fuzzydedup,4,2,enron_full_069168,exact_ref,4931.461,1,0,66133,4232704
fuzzydedup,5,2,enron_full_069168,exact_ref,5883.327,1,0,82105,5254912
fuzzydedup,4,2,enron_full_069488,no_exact_ref,7471.803,0,5,133491,8543424
fuzzydedup,5,2,enron_full_069488,no_exact_ref,8987.949,0,6,160514,10272896
fuzzydedup,6,2,enron_full_069488,no_exact_ref,10366.889,0,7,186103,11910720
fuzzydedup,5,2,enron_full_070382,no_exact_ref,8191.196,0,6,147636,9448704
fuzzydedup,6,2,enron_full_070382,no_exact_ref,9279.819,0,7,172289,11026496
fuzzydedup,4,2,enron_full_070382,no_exact_ref,7287.363,0,5,121972,7806208
fuzzydedup,6,2,enron_full_071706,exact_ref,6123.882,1,0,93842,6006080
fuzzydedup,4,2,enron_full_071706,exact_ref,3962.788,1,0,61712,3949760
fuzzydedup,5,2,enron_full_071706,exact_ref,5380.732,1,0,77623,4968064
fuzzydedup,4,2,enron_full_071944,exact_ref,3993.970,1,0,55198,3532864
fuzzydedup,5,2,enron_full_071944,exact_ref,3853.368,1,0,65880,4216512
fuzzydedup,6,2,enron_full_071944,exact_ref,4516.175,1,0,75466,4830016
fuzzydedup,5,2,enron_full_072801,exact_ref,973.666,1,0,10242,655680
fuzzydedup,6,2,enron_full_072801,exact_ref,955.412,1,0,10948,700864
fuzzydedup,4,2,enron_full_072801,exact_ref,1071.476,1,0,9127,584320
fuzzydedup,6,2,enron_full_073237,exact_ref,5550.038,1,0,90508,5793088
fuzzydedup,4,2,enron_full_073237,exact_ref,4033.912,1,0,63338,4054208
fuzzydedup,5,2,enron_full_073237,exact_ref,5610.062,1,0,77160,4938816
fuzzydedup,4,2,enron_full_075726,exact_ref,3258.974,1,0,41997,2688000
fuzzydedup,5,2,enron_full_075726,exact_ref,3378.476,1,0,49427,3163520
fuzzydedup,6,2,enron_full_075726,exact_ref,3811.336,1,0,55649,3561728
fuzzydedup,5,2,enron_full_076089,exact_ref,4057.628,1,0,55348,3542464
fuzzydedup,6,2,enron_full_076089,exact_ref,4474.602,1,0,62778,4017984
fuzzydedup,4,2,enron_full_076089,exact_ref,3347.858,1,0,46790,2994752
fuzzydedup,6,2,enron_full_078045,no_exact_ref,10849.552,0,7,190614,12199296
fuzzydedup,4,2,enron_full_078045,no_exact_ref,7863.278,0,5,137103,8774592
fuzzydedup,5,2,enron_full_078045,no_exact_ref,10094.586,0,6,164671,10538944
fuzzydedup,4,2,enron_full_078949,exact_ref,2929.682,1,0,37681,2411776
fuzzydedup,5,2,enron_full_078949,exact_ref,3124.265,1,0,43903,2809984
fuzzydedup,6,2,enron_full_078949,exact_ref,3210.836,1,0,49551,3171456
fuzzydedup,5,2,enron_full_080332,no_exact_ref,5722.264,0,6,106088,6789632
fuzzydedup,6,2,enron_full_080332,no_exact_ref,6648.035,0,7,125079,8005056
fuzzydedup,4,2,enron_full_080332,no_exact_ref,4531.839,0,5,87103,5574592
fuzzydedup,6,2,enron_full_080731,exact_ref,6078.128,1,0,93435,5980480
fuzzydedup,4,2,enron_full_080731,exact_ref,4888.097,1,0,65230,4175040
fuzzydedup,5,2,enron_full_080731,exact_ref,5083.822,1,0,79613,5095552
fuzzydedup,4,2,enron_full_081565,exact_ref,4672.960,1,0,55219,3534208
fuzzydedup,5,2,enron_full_081565,exact_ref,5420.523,1,0,70480,4510912
fuzzydedup,6,2,enron_full_081565,exact_ref,5946.220,1,0,86241,5519616
fuzzydedup,5,2,enron_full_081601,exact_ref,4580.579,1,0,65841,4214016
fuzzydedup,6,2,enron_full_081601,exact_ref,4839.390,1,0,75427,4827520
fuzzydedup,4,2,enron_full_081601,exact_ref,3837.551,1,0,55159,3530368
fuzzydedup,6,2,enron_full_081707,exact_ref,1587.816,1,0,17713,1133824
fuzzydedup,4,2,enron_full_081707,exact_ref,1247.359,1,0,10555,675712
fuzzydedup,5,2,enron_full_081707,exact_ref,1317.965,1,0,13877,888320
fuzzydedup,4,2,enron_full_082681,no_exact_ref,6638.985,0,5,113227,7246528
fuzzydedup,5,2,enron_full_082681,no_exact_ref,7031.099,0,6,136629,8744256
fuzzydedup,6,2,enron_full_082681,no_exact_ref,8066.053,0,7,159258,10192512
fuzzydedup,5,2,enron_full_085442,exact_ref,5607.869,1,0,78021,4993536
fuzzydedup,6,2,enron_full_085442,exact_ref,6197.664,1,0,94240,6031552
fuzzydedup,4,2,enron_full_085442,exact_ref,4548.733,1,0,62110,3975232
fuzzydedup,6,2,enron_full_085751,exact_ref,6361.219,1,0,97872,6264000
fuzzydedup,4,2,enron_full_085751,exact_ref,4652.357,1,0,65493,4191744
fuzzydedup,5,2,enron_full_085751,exact_ref,5734.810,1,0,81900,5241792
fuzzydedup,4,2,enron_full_086327,no_exact_ref,2747.444,0,5,43095,2758144
fuzzydedup,5,2,enron_full_086327,no_exact_ref,3089.372,0,6,54223,3470336
fuzzydedup,6,2,enron_full_086327,no_exact_ref,3485.941,0,7,66020,4225344
fuzzydedup,5,2,enron_full_087697,no_exact_ref,2961.840,0,6,44800,2867200
fuzzydedup,6,2,enron_full_087697,no_exact_ref,3550.020,0,7,54205,3469120
fuzzydedup,4,2,enron_full_087697,no_exact_ref,2397.986,0,5,35794,2290816
fuzzydedup,6,2,enron_full_088138,exact_ref,6174.716,1,0,91174,5835328
fuzzydedup,4,2,enron_full_088138,exact_ref,4371.562,1,0,59502,3808320
fuzzydedup,5,2,enron_full_088138,exact_ref,4806.648,1,0,75263,4817024
fuzzydedup,4,2,enron_full_088307,exact_ref,2054.884,1,0,25421,1627136
fuzzydedup,5,2,enron_full_088307,exact_ref,1973.153,1,0,28904,1850048
fuzzydedup,6,2,enron_full_088307,exact_ref,1899.649,1,0,31852,2038720
fuzzydedup,5,2,enron_full_088336,exact_ref,3777.922,1,0,57043,3650944
fuzzydedup,6,2,enron_full_088336,exact_ref,4516.996,1,0,71240,4559552
fuzzydedup,4,2,enron_full_088336,exact_ref,3382.132,1,0,43714,2797888
fuzzydedup,6,2,enron_full_089344,exact_ref,6613.483,1,0,98153,6281984
fuzzydedup,4,2,enron_full_089344,exact_ref,4486.623,1,0,67112,4295360
fuzzydedup,5,2,enron_full_089344,exact_ref,5227.506,1,0,82645,5289472
fuzzydedup,4,2,enron_full_089451,exact_ref,2900.896,1,0,38333,2453504
fuzzydedup,5,2,enron_full_089451,exact_ref,2658.093,1,0,44555,2851712
fuzzydedup,6,2,enron_full_089451,exact_ref,3071.639,1,0,50203,3213184
fuzzydedup,5,2,enron_full_090248,exact_ref,4965.787,1,0,82655,5290112
fuzzydedup,6,2,enron_full_090248,exact_ref,5905.937,1,0,98163,6282816
fuzzydedup,4,2,enron_full_090248,exact_ref,5026.617,1,0,67122,4296000
fuzzydedup,6,2,enron_full_091044,exact_ref,5963.431,1,0,98389,6297088
fuzzydedup,4,2,enron_full_091044,exact_ref,4929.669,1,0,66884,4280768
fuzzydedup,5,2,enron_full_091044,exact_ref,5497.931,1,0,82856,5302976
fuzzydedup,4,2,enron_full_091307,exact_ref,3047.335,1,4,34650,2235392
fuzzydedup,5,2,enron_full_091307,exact_ref,3769.861,1,4,50869,3281792
fuzzydedup,6,2,enron_full_091307,exact_ref,3343.718,1,6,37878,2436288
fuzzydedup,5,2,enron_full_092251,no_exact_ref,5275.671,0,6,95188,6092032
fuzzydedup,6,2,enron_full_092251,no_exact_ref,5860.102,0,7,112519,7201216
fuzzydedup,4,2,enron_full_092251,no_exact_ref,4430.291,0,5,77883,4984512
fuzzydedup,6,2,enron_full_092316,no_exact_ref,9251.707,0,7,169255,10832320
fuzzydedup,4,2,enron_full_092316,no_exact_ref,6051.301,0,5,120641,7721024
fuzzydedup,5,2,enron_full_092316,no_exact_ref,7515.723,0,6,145606,9318784
fuzzydedup,4,2,enron_full_092765,no_exact_ref,3740.922,0,5,77883,4984512
fuzzydedup,5,2,enron_full_092765,no_exact_ref,4564.686,0,6,95188,6092032
fuzzydedup,6,2,enron_full_092765,no_exact_ref,5758.905,0,7,112519,7201216
fuzzydedup,5,2,enron_full_093576,no_exact_ref,9000.044,0,6,154598,9894272
fuzzydedup,6,2,enron_full_093576,no_exact_ref,10101.123,0,7,180015,11520960
fuzzydedup,4,2,enron_full_093576,no_exact_ref,7593.926,0,5,128135,8200640
fuzzydedup,6,2,enron_full_094577,exact_ref,899.437,1,0,6280,402176
fuzzydedup,4,2,enron_full_094577,exact_ref,730.986,1,0,3790,242752
fuzzydedup,5,2,enron_full_094577,exact_ref,746.467,1,0,4942,316544
fuzzydedup,4,2,enron_full_094590,no_exact_ref,7887.048,0,5,139516,8929024
fuzzydedup,5,2,enron_full_094590,no_exact_ref,9056.816,0,6,168125,10760000
fuzzydedup,6,2,enron_full_094590,no_exact_ref,10356.178,0,7,194644,12457280
fuzzydedup,5,2,enron_full_094757,no_exact_ref,8641.834,0,6,159592,10213888
fuzzydedup,6,2,enron_full_094757,no_exact_ref,9778.751,0,7,184939,11836096
fuzzydedup,4,2,enron_full_094757,no_exact_ref,7275.414,0,5,132999,8511936
fuzzydedup,6,2,enron_full_095403,exact_ref,5777.600,1,0,96153,6153984
fuzzydedup,4,2,enron_full_095403,exact_ref,4390.251,1,0,64648,4137664
fuzzydedup,5,2,enron_full_095403,exact_ref,5564.668,1,0,80620,5159872
fuzzydedup,4,2,enron_full_096327,exact_ref,1309.852,1,0,9560,612032
fuzzydedup,5,2,enron_full_096327,exact_ref,1222.383,1,0,12587,805760
fuzzydedup,6,2,enron_full_096327,exact_ref,1423.688,1,0,15909,1018368
fuzzydedup,5,2,enron_full_096329,exact_ref,3087.832,1,0,43040,2754752
fuzzydedup,6,2,enron_full_096329,exact_ref,3652.483,1,0,54091,3462016
fuzzydedup,4,2,enron_full_096329,exact_ref,2628.447,1,0,32984,2111168
fuzzydedup,6,2,enron_full_098210,exact_ref,1933.245,1,0,25529,1634048
fuzzydedup,4,2,enron_full_098210,exact_ref,1693.829,1,0,20192,1292480
fuzzydedup,5,2,enron_full_098210,exact_ref,1791.314,1,0,23140,1481152
fuzzydedup,4,2,enron_full_098535,exact_ref,4496.326,1,0,63471,4062336
fuzzydedup,5,2,enron_full_098535,exact_ref,4736.530,1,0,79878,5112384
fuzzydedup,6,2,enron_full_098535,exact_ref,6183.295,1,0,95850,6134592
fuzzydedup,5,2,enron_full_098599,exact_ref,5115.699,1,0,78020,4993472
fuzzydedup,6,2,enron_full_098599,exact_ref,6339.310,1,0,94427,6043520
fuzzydedup,4,2,enron_full_098599,exact_ref,4657.250,1,0,61801,3955456
fuzzydedup,6,2,enron_full_098973,exact_ref,5429.695,1,0,88591,5670016
fuzzydedup,4,2,enron_full_098973,exact_ref,4622.245,1,0,61421,3931136
fuzzydedup,5,2,enron_full_098973,exact_ref,5052.468,1,0,75243,4815744
fuzzydedup,4,2,enron_full_099013,exact_ref,4901.404,1,0,64595,4134272
fuzzydedup,5,2,enron_full_099013,exact_ref,5370.585,1,0,78978,5054784
fuzzydedup,6,2,enron_full_099013,exact_ref,6033.719,1,0,92800,5939456
fuzzydedup,5,2,enron_full_099531,exact_ref,5562.638,1,0,78513,5025024
fuzzydedup,6,2,enron_full_099531,exact_ref,6199.823,1,0,94732,6063040
fuzzydedup,4,2,enron_full_099531,exact_ref,4652.061,1,0,62602,4006720
fuzzydedup,6,2,enron_full_100323,exact_ref,6394.504,1,0,97071,6221696
fuzzydedup,4,2,enron_full_100323,exact_ref,4957.799,1,0,67180,4302784
fuzzydedup,5,2,enron_full_100323,exact_ref,5665.047,1,0,82688,5297792
fuzzydedup,4,2,enron_full_100466,exact_ref,5059.194,1,0,67790,4338752
fuzzydedup,5,2,enron_full_100466,exact_ref,5729.804,1,0,83323,5332864
fuzzydedup,6,2,enron_full_100466,exact_ref,6461.245,1,0,98831,6325376
fuzzydedup,5,2,enron_full_101174,exact_ref,5614.191,1,0,80756,5168576
fuzzydedup,6,2,enron_full_101174,exact_ref,6232.904,1,0,97163,6218624
fuzzydedup,4,2,enron_full_101174,exact_ref,4668.866,1,0,64537,4130560
fuzzydedup,6,2,enron_full_101274,exact_ref,4089.912,1,0,59345,3798272
fuzzydedup,4,2,enron_full_101274,exact_ref,2805.814,1,0,36600,2342592
fuzzydedup,5,2,enron_full_101274,exact_ref,3412.024,1,0,47651,3049856
fuzzydedup,4,2,enron_full_102532,exact_ref,5044.569,1,0,67683,4331904
fuzzydedup,5,2,enron_full_102532,exact_ref,5494.671,1,0,83216,5326016
fuzzydedup,6,2,enron_full_102532,exact_ref,5777.792,1,0,98724,6318528
fuzzydedup,5,2,enron_full_102695,exact_ref,5403.447,1,0,83462,5341760
fuzzydedup,6,2,enron_full_102695,exact_ref,5925.559,1,0,98995,6335872
fuzzydedup,4,2,enron_full_102695,exact_ref,4201.355,1,0,67490,4319552
fuzzydedup,6,2,enron_full_102774,exact_ref,3115.740,1,0,44088,2821824
fuzzydedup,4,2,enron_full_102774,exact_ref,2306.107,1,0,26397,1689600
fuzzydedup,5,2,enron_full_102774,exact_ref,2787.751,1,0,34643,2217344
fuzzydedup,4,2,enron_full_103426,exact_ref,4658.882,1,0,67610,4327232
fuzzydedup,5,2,enron_full_103426,exact_ref,5272.663,1,0,83118,5319744
fuzzydedup,6,2,enron_full_103426,exact_ref,5968.001,1,0,97501,6240256
fuzzydedup,5,2,enron_full_103581,exact_ref,3734.009,1,0,56677,3627520
fuzzydedup,6,2,enron_full_103581,exact_ref,3556.754,1,0,64107,4103040
fuzzydedup,4,2,enron_full_103581,exact_ref,3107.678,1,0,48119,3079808
fuzzydedup,6,2,enron_full_104396,no_exact_ref,6623.693,0,7,137129,8776256
fuzzydedup,4,2,enron_full_104396,no_exact_ref,5003.101,0,5,95838,6133632
fuzzydedup,5,2,enron_full_104396,no_exact_ref,5723.279,0,6,116994,7487616
fuzzydedup,4,2,enron_full_104402,exact_ref,3831.503,1,0,59423,3803264
fuzzydedup,5,2,enron_full_104402,exact_ref,4443.999,1,0,72771,4657536
fuzzydedup,6,2,enron_full_104402,exact_ref,5261.556,1,0,84578,5413184
fuzzydedup,5,2,enron_full_104423,no_exact_ref,5144.576,0,6,95188,6092032
fuzzydedup,6,2,enron_full_104423,no_exact_ref,5992.954,0,7,112519,7201216
fuzzydedup,4,2,enron_full_104423,no_exact_ref,4378.815,0,5,77883,4984512
fuzzydedup,6,2,enron_full_104598,exact_ref,5377.178,1,0,84589,5413888
fuzzydedup,4,2,enron_full_104598,exact_ref,4414.719,1,0,59434,3803968
fuzzydedup,5,2,enron_full_104598,exact_ref,4767.691,1,0,72782,4658240
fuzzydedup,4,2,enron_full_105565,exact_ref,3971.125,1,0,56408,3610304
fuzzydedup,5,2,enron_full_105565,exact_ref,4404.030,1,0,67090,4293952
fuzzydedup,6,2,enron_full_105565,exact_ref,4779.749,1,0,76676,4907456
fuzzydedup,5,2,enron_full_105930,exact_ref,5408.064,1,0,78318,5012544
fuzzydedup,6,2,enron_full_105930,exact_ref,5591.785,1,0,91666,5866816
fuzzydedup,4,2,enron_full_105930,exact_ref,5411.492,1,0,64496,4127936
fuzzydedup,6,2,enron_full_106126,exact_ref,4909.283,1,0,76646,4905920
fuzzydedup,4,2,enron_full_106126,exact_ref,3859.781,1,0,56378,3608576
fuzzydedup,5,2,enron_full_106126,exact_ref,4416.555,1,0,67060,4292416
fuzzydedup,4,2,enron_full_106135,exact_ref,3952.153,1,0,48055,3075712
fuzzydedup,5,2,enron_full_106135,exact_ref,3746.903,1,0,56613,3623424
fuzzydedup,6,2,enron_full_106135,exact_ref,4082.833,1,0,64043,4098944
fuzzydedup,5,2,enron_full_108529,exact_ref,4170.777,1,0,57266,3665216
fuzzydedup,6,2,enron_full_108529,exact_ref,5629.499,1,0,71463,4573824
fuzzydedup,4,2,enron_full_108529,exact_ref,3468.175,1,0,43937,2812160
fuzzydedup,6,2,enron_full_108654,exact_ref,6266.766,1,0,97024,6209728
fuzzydedup,4,2,enron_full_108654,exact_ref,5753.923,1,0,64398,4121664
fuzzydedup,5,2,enron_full_108654,exact_ref,5317.995,1,0,80617,5159680
fuzzydedup,4,2,enron_full_108933,exact_ref,4309.883,1,0,64410,4122624
fuzzydedup,5,2,enron_full_108933,exact_ref,5750.237,1,0,78232,5007232
fuzzydedup,6,2,enron_full_108933,exact_ref,5720.017,1,0,91580,5861504
fuzzydedup,5,2,enron_full_108996,exact_ref,2708.971,1,0,39463,2525824
fuzzydedup,6,2,enron_full_108996,exact_ref,2660.563,1,0,44065,2820352
fuzzydedup,4,2,enron_full_108996,exact_ref,2448.205,1,0,33815,2164352
fuzzydedup,6,2,enron_full_109605,exact_ref,7390.198,1,0,98408,6298304
fuzzydedup,4,2,enron_full_109605,exact_ref,4420.844,1,0,66029,4226048
fuzzydedup,5,2,enron_full_109605,exact_ref,5101.540,1,0,82436,5276096
fuzzydedup,4,2,enron_full_110370,exact_ref,4989.926,1,0,56201,3597056
fuzzydedup,5,2,enron_full_110370,exact_ref,5015.111,1,0,71462,4573760
fuzzydedup,6,2,enron_full_110370,exact_ref,5200.426,1,0,87223,5582464
fuzzydedup,5,2,enron_full_111197,no_exact_ref,9447.310,0,6,169489,10847296
fuzzydedup,6,2,enron_full_111197,no_exact_ref,10085.387,0,7,197034,12610176
fuzzydedup,4,2,enron_full_111197,no_exact_ref,8107.521,0,5,140955,9021120
fuzzydedup,6,2,enron_full_111665,exact_ref,5702.082,1,0,91540,5858752
fuzzydedup,4,2,enron_full_111665,exact_ref,4713.836,1,0,59868,3831744
fuzzydedup,5,2,enron_full_111665,exact_ref,5141.960,1,0,75629,4840448
fuzzydedup,4,2,enron_full_111904,exact_ref,4680.560,1,0,67519,4321408
fuzzydedup,5,2,enron_full_111904,exact_ref,5548.862,1,0,83052,5315520
fuzzydedup,6,2,enron_full_111904,exact_ref,6393.936,1,0,98560,6308032
fuzzydedup,5,2,enron_full_112694,exact_ref,4234.328,1,0,72448,4636864
fuzzydedup,6,2,enron_full_112694,exact_ref,4913.221,1,0,83130,5320512
fuzzydedup,4,2,enron_full_112694,exact_ref,4071.902,1,0,60641,3881216
fuzzydedup,6,2,enron_full_113971,exact_ref,1089.461,1,0,13652,873920
fuzzydedup,4,2,enron_full_113971,exact_ref,1155.447,1,0,10995,703872
fuzzydedup,5,2,enron_full_113971,exact_ref,1186.599,1,0,12537,802560
fuzzydedup,4,2,enron_full_114650,exact_ref,2321.551,1,0,39890,2553152
fuzzydedup,5,2,enron_full_114650,exact_ref,2317.892,1,0,45538,2914624
fuzzydedup,6,2,enron_full_114650,exact_ref,2338.890,1,0,50140,3209152
fuzzydedup,5,2,enron_full_115626,no_exact_ref,8558.232,0,6,164671,10538944
fuzzydedup,6,2,enron_full_115626,no_exact_ref,9039.667,0,7,190614,12199296
fuzzydedup,4,2,enron_full_115626,no_exact_ref,7536.867,0,5,137103,8774592
fuzzydedup,6,2,enron_full_116065,exact_ref,1936.893,1,0,32316,2068416
fuzzydedup,4,2,enron_full_116065,exact_ref,1706.567,1,0,25885,1656832
fuzzydedup,5,2,enron_full_116065,exact_ref,1657.178,1,0,29368,1879744
fuzzydedup,4,2,enron_full_116692,exact_ref,1808.084,1,0,25858,1655104
fuzzydedup,5,2,enron_full_116692,exact_ref,1848.382,1,0,29341,1878016
fuzzydedup,6,2,enron_full_116692,exact_ref,2165.999,1,0,32289,2066688
fuzzydedup,5,2,enron_full_117087,exact_ref,3479.290,1,0,56875,3640192
fuzzydedup,6,2,enron_full_117087,exact_ref,4056.662,1,0,64305,4115712
fuzzydedup,4,2,enron_full_117087,exact_ref,3099.348,1,0,48317,3092480
fuzzydedup,6,2,enron_full_117441,exact_ref,5388.812,1,0,92008,5888704
fuzzydedup,4,2,enron_full_117441,exact_ref,4637.846,1,0,64838,4149824
fuzzydedup,5,2,enron_full_117441,exact_ref,4756.072,1,0,78660,5034432
fuzzydedup,4,2,enron_full_117988,exact_ref,3035.011,1,0,48302,3091520
fuzzydedup,5,2,enron_full_117988,exact_ref,3414.777,1,0,56860,3639232
fuzzydedup,6,2,enron_full_117988,exact_ref,3729.796,1,0,64290,4114752
fuzzydedup,5,2,enron_full_118247,exact_ref,1254.988,1,0,16453,1053184
fuzzydedup,6,2,enron_full_118247,exact_ref,1293.384,1,0,17995,1151872
fuzzydedup,4,2,enron_full_118247,exact_ref,1117.413,1,0,14638,937024
fuzzydedup,6,2,enron_full_118573,exact_ref,3621.318,1,0,64321,4116736
fuzzydedup,4,2,enron_full_118573,exact_ref,3360.220,1,0,48333,3093504
fuzzydedup,5,2,enron_full_118573,exact_ref,3743.580,1,0,56891,3641216
fuzzydedup,4,2,enron_full_119068,exact_ref,2825.007,1,0,38930,2491712
fuzzydedup,5,2,enron_full_119068,exact_ref,2920.151,1,0,45152,2889920
fuzzydedup,6,2,enron_full_119068,exact_ref,2997.394,1,0,50800,3251392
fuzzydedup,5,2,enron_full_119674,no_exact_ref,8239.165,0,6,147636,9448704
fuzzydedup,6,2,enron_full_119674,no_exact_ref,9095.229,0,7,172289,11026496
fuzzydedup,4,2,enron_full_119674,no_exact_ref,6993.224,0,5,121972,7806208
fuzzydedup,6,2,enron_full_119896,no_exact_ref,8674.830,0,7,153889,9850432
fuzzydedup,4,2,enron_full_119896,no_exact_ref,6808.160,0,5,107991,6911552
fuzzydedup,5,2,enron_full_119896,no_exact_ref,7593.484,0,6,131204,8397696
fuzzydedup,4,2,enron_full_120534,exact_ref,4218.380,1,0,60799,3891328
fuzzydedup,5,2,enron_full_120534,exact_ref,4694.854,1,0,72606,4646976
fuzzydedup,6,2,enron_full_120534,exact_ref,5149.403,1,0,83288,5330624
fuzzydedup,5,2,enron_full_120641,exact_ref,4382.379,1,0,67774,4337728
fuzzydedup,6,2,enron_full_120641,exact_ref,4796.271,1,0,77360,4951232
fuzzydedup,4,2,enron_full_120641,exact_ref,3873.422,1,0,57092,3654080
fuzzydedup,6,2,enron_full_120822,exact_ref,604.929,1,0,5006,320576
fuzzydedup,4,2,enron_full_120822,exact_ref,566.094,1,0,4350,278592
fuzzydedup,5,2,enron_full_120822,exact_ref,568.521,1,0,4730,302912
fuzzydedup,4,2,enron_full_121175,exact_ref,2591.249,1,0,34228,2190848
fuzzydedup,5,2,enron_full_121175,exact_ref,2662.665,1,0,39876,2552320
fuzzydedup,6,2,enron_full_121175,exact_ref,2766.391,1,0,44478,2846848
fuzzydedup,5,2,enron_full_122290,no_exact_ref,9376.495,0,6,168125,10760000
fuzzydedup,6,2,enron_full_122290,no_exact_ref,9675.631,0,7,194644,12457280
fuzzydedup,4,2,enron_full_122290,no_exact_ref,7716.724,0,5,139516,8929024
fuzzydedup,6,2,enron_full_122402,no_exact_ref,5961.740,0,7,102455,6557120
fuzzydedup,4,2,enron_full_122402,no_exact_ref,4187.660,0,5,69400,4441600
fuzzydedup,5,2,enron_full_122402,no_exact_ref,5146.051,0,6,85290,5458560
fuzzydedup,4,2,enron_full_123831,exact_ref,2584.537,1,0,34342,2198080
fuzzydedup,5,2,enron_full_123831,exact_ref,2207.995,1,0,39990,2559552
fuzzydedup,6,2,enron_full_123831,exact_ref,2763.325,1,0,44592,2854080
fuzzydedup,5,2,enron_full_124264,exact_ref,3610.166,1,0,52331,3349376
fuzzydedup,6,2,enron_full_124264,exact_ref,4127.725,1,0,65660,4202432
fuzzydedup,4,2,enron_full_124264,exact_ref,3112.514,1,0,40637,2600960
fuzzydedup,6,2,enron_full_124451,exact_ref,5256.999,1,0,92372,5912000
fuzzydedup,4,2,enron_full_124451,exact_ref,4270.245,1,0,65202,4173120
fuzzydedup,5,2,enron_full_124451,exact_ref,4961.415,1,0,79024,5057728
fuzzydedup,4,2,enron_full_126518,exact_ref,2485.724,1,0,34292,2194880
fuzzydedup,5,2,enron_full_126518,exact_ref,2287.308,1,0,39940,2556352
fuzzydedup,6,2,enron_full_126518,exact_ref,2599.178,1,0,44542,2850880
fuzzydedup,5,2,enron_full_128013,no_exact_ref,8382.017,0,6,160514,10272896
fuzzydedup,6,2,enron_full_128013,no_exact_ref,9899.758,0,7,186103,11910592
fuzzydedup,4,2,enron_full_128013,no_exact_ref,7407.937,0,5,133491,8543424
fuzzydedup,6,2,enron_full_128290,no_exact_ref,7863.454,0,7,144058,9219712
fuzzydedup,4,2,enron_full_128290,no_exact_ref,5693.554,0,5,100182,6411648
fuzzydedup,5,2,enron_full_128290,no_exact_ref,7135.174,0,6,122217,7821888
fuzzydedup,4,2,enron_full_128461,exact_ref,3505.110,1,0,48384,3096768
fuzzydedup,5,2,enron_full_128461,exact_ref,3751.961,1,0,62581,4005376
fuzzydedup,6,2,enron_full_128461,exact_ref,5245.486,1,0,77293,4946944
fuzzydedup,5,2,enron_full_129750,exact_ref,5568.310,1,0,81800,5235392
fuzzydedup,6,2,enron_full_129750,exact_ref,5850.140,1,0,95622,6120000
fuzzydedup,4,2,enron_full_129750,exact_ref,4820.988,1,0,67417,4314880
fuzzydedup,6,2,enron_full_129922,exact_ref,5537.489,1,0,88284,5650368
fuzzydedup,4,2,enron_full_129922,exact_ref,4463.923,1,0,63129,4040448
fuzzydedup,5,2,enron_full_129922,exact_ref,4695.685,1,0,76477,4894720
fuzzydedup,4,2,enron_full_129965,exact_ref,1031.609,1,0,9540,610752
fuzzydedup,5,2,enron_full_129965,exact_ref,911.442,1,0,10655,682112
fuzzydedup,6,2,enron_full_129965,exact_ref,928.415,1,0,11361,727296
fuzzydedup,5,2,enron_full_130406,exact_ref,4517.140,1,0,67918,4346944
fuzzydedup,6,2,enron_full_130406,exact_ref,4766.412,1,0,77504,4960448
fuzzydedup,4,2,enron_full_130406,exact_ref,3862.460,1,0,57236,3663296
fuzzydedup,6,2,enron_full_130557,exact_ref,896.467,1,0,7098,454464
fuzzydedup,4,2,enron_full_130557,exact_ref,733.065,1,0,4341,278016
fuzzydedup,5,2,enron_full_130557,exact_ref,782.151,1,0,5679,363648
fuzzydedup,4,2,enron_full_130818,exact_ref,5083.995,1,0,67479,4318848
fuzzydedup,5,2,enron_full_130818,exact_ref,5352.788,1,0,81862,5239360
fuzzydedup,6,2,enron_full_130818,exact_ref,6011.328,1,0,95684,6123968
fuzzydedup,5,2,enron_full_131990,exact_ref,4248.679,1,0,57592,3686080
fuzzydedup,6,2,enron_full_131990,exact_ref,4749.448,1,0,71789,4594688
fuzzydedup,4,2,enron_full_131990,exact_ref,3382.870,1,0,44263,2833024
fuzzydedup,6,2,enron_full_132971,exact_ref,1676.866,1,0,20016,1281216
fuzzydedup,4,2,enron_full_132971,exact_ref,1255.562,1,0,11984,767168
fuzzydedup,5,2,enron_full_132971,exact_ref,1431.669,1,0,15820,1012672
fuzzydedup,4,2,enron_full_133588,exact_ref,4831.601,1,0,65120,4167872
fuzzydedup,5,2,enron_full_133588,exact_ref,5257.358,1,0,78942,5052480
fuzzydedup,6,2,enron_full_133588,exact_ref,5572.429,1,0,92290,5906752
fuzzydedup,5,2,enron_full_133819,exact_ref,3159.033,1,0,39134,2504768
fuzzydedup,6,2,enron_full_133819,exact_ref,3543.221,1,0,49190,3148352
fuzzydedup,4,2,enron_full_133819,exact_ref,2560.216,1,0,29689,1900288
fuzzydedup,6,2,enron_full_134727,no_exact_ref,10008.676,0,7,184939,11836096
fuzzydedup,4,2,enron_full_134727,no_exact_ref,7558.807,0,5,132999,8511936
fuzzydedup,5,2,enron_full_134727,no_exact_ref,8266.747,0,6,159592,10213888
fuzzydedup,4,2,enron_full_136330,exact_ref,1026.383,1,0,9600,614592
fuzzydedup,5,2,enron_full_136330,exact_ref,904.679,1,0,10715,685952
fuzzydedup,6,2,enron_full_136330,exact_ref,931.839,1,0,11421,731136
fuzzydedup,5,2,enron_full_137531,exact_ref,3512.118,1,0,51537,3298560
fuzzydedup,6,2,enron_full_137531,exact_ref,3522.852,1,0,57759,3696768
fuzzydedup,4,2,enron_full_137531,exact_ref,2660.686,1,0,44107,2823040
fuzzydedup,6,2,enron_full_137711,exact_ref,6549.413,1,0,99402,6361920
fuzzydedup,4,2,enron_full_137711,exact_ref,4922.903,1,0,67023,4289664
fuzzydedup,5,2,enron_full_137711,exact_ref,5626.960,1,0,83430,5339712
fuzzydedup,4,2,enron_full_139013,no_exact_ref,7909.295,0,5,133491,8543424
fuzzydedup,5,2,enron_full_139013,no_exact_ref,9144.276,0,6,160514,10272896
fuzzydedup,6,2,enron_full_139013,no_exact_ref,10508.137,0,7,186103,11910592
fuzzydedup,5,2,enron_full_139188,exact_ref,2142.024,1,0,27894,1785408
fuzzydedup,6,2,enron_full_139188,exact_ref,2117.449,1,0,30842,1974080
fuzzydedup,4,2,enron_full_139188,exact_ref,1807.271,1,0,24411,1562496
fuzzydedup,6,2,enron_full_139197,exact_ref,2293.969,1,0,32087,2053760
fuzzydedup,4,2,enron_full_139197,exact_ref,1655.176,1,0,19233,1231104
fuzzydedup,5,2,enron_full_139197,exact_ref,1936.910,1,0,25313,1620224
fuzzydedup,4,2,enron_full_139486,exact_ref,4218.744,1,0,61249,3920128
fuzzydedup,5,2,enron_full_139486,exact_ref,4594.447,1,0,73056,4675776
fuzzydedup,6,2,enron_full_139486,exact_ref,4991.189,1,0,83738,5359424
fuzzydedup,5,2,enron_full_140225,no_exact_ref,9095.482,0,6,164996,10559808
fuzzydedup,6,2,enron_full_140225,no_exact_ref,10226.190,0,7,191555,12259840
fuzzydedup,4,2,enron_full_140225,no_exact_ref,8130.877,0,5,137769,8817216
fuzzydedup,6,2,enron_full_140420,exact_ref,2349.907,1,0,30665,1963392
fuzzydedup,4,2,enron_full_140420,exact_ref,1998.055,1,0,24234,1551168
fuzzydedup,5,2,enron_full_140420,exact_ref,2066.662,1,0,27717,1774464
fuzzydedup,4,2,enron_full_140552,exact_ref,1941.652,1,0,26356,1686976
fuzzydedup,5,2,enron_full_140552,exact_ref,2064.495,1,0,29839,1909888
fuzzydedup,6,2,enron_full_140552,exact_ref,2187.949,1,0,32787,2098560
fuzzydedup,5,2,enron_full_140885,exact_ref,5427.920,1,0,76451,4893056
fuzzydedup,6,2,enron_full_140885,exact_ref,6022.582,1,0,92362,5911360
fuzzydedup,4,2,enron_full_140885,exact_ref,4740.044,1,0,60690,3884352
fuzzydedup,6,2,enron_full_141161,no_exact_ref,186.810,0,7,1872,119808
fuzzydedup,4,2,enron_full_141161,no_exact_ref,125.666,0,5,1280,81920
fuzzydedup,5,2,enron_full_141161,no_exact_ref,146.029,0,6,1594,102016
fuzzydedup,4,2,enron_full_141985,exact_ref,3790.244,1,0,53565,3428352
fuzzydedup,5,2,enron_full_141985,exact_ref,4099.628,1,0,63151,4041856
fuzzydedup,6,2,enron_full_141985,exact_ref,4483.968,1,0,71709,4589568
fuzzydedup,5,2,enron_full_142230,exact_ref,1875.672,1,0,24953,1597184
fuzzydedup,6,2,enron_full_142230,exact_ref,1926.587,1,0,27342,1750080
fuzzydedup,4,2,enron_full_142230,exact_ref,1661.521,1,0,22005,1408512
fuzzydedup,6,2,enron_full_142612,exact_ref,6446.579,1,0,98422,6299200
fuzzydedup,4,2,enron_full_142612,exact_ref,5081.146,1,0,68531,4386176
fuzzydedup,5,2,enron_full_142612,exact_ref,5670.886,1,0,84039,5378688
fuzzydedup,4,2,enron_full_143076,exact_ref,3812.578,1,0,53572,3428800
fuzzydedup,5,2,enron_full_143076,exact_ref,4126.311,1,0,63158,4042304
fuzzydedup,6,2,enron_full_143076,exact_ref,4471.978,1,0,71716,4590016
fuzzydedup,5,2,enron_full_144720,no_exact_ref,463.590,0,6,2621,167872
fuzzydedup,6,2,enron_full_144720,no_exact_ref,507.525,0,7,3758,240704
fuzzydedup,4,2,enron_full_144720,no_exact_ref,401.801,0,5,1891,121024
fuzzydedup,6,2,enron_full_144759,no_exact_ref,9722.674,0,7,184939,11836096
fuzzydedup,4,2,enron_full_144759,no_exact_ref,7396.848,0,5,132999,8511936
fuzzydedup,5,2,enron_full_144759,no_exact_ref,8192.114,0,6,159592,10213888
fuzzydedup,4,2,enron_full_145061,exact_ref,2947.050,1,0,37029,2370048
fuzzydedup,5,2,enron_full_145061,exact_ref,3674.692,1,0,48080,3077312
fuzzydedup,6,2,enron_full_145061,exact_ref,3980.575,1,0,59774,3825728
fuzzydedup,5,2,enron_full_146696,exact_ref,2546.611,1,0,35118,2247744
fuzzydedup,6,2,enron_full_146696,exact_ref,3114.703,1,0,44563,2852224
fuzzydedup,4,2,enron_full_146696,exact_ref,2330.525,1,0,26872,1720000
fuzzydedup,6,2,enron_full_148007,exact_ref,3317.985,1,0,51597,3302400
fuzzydedup,4,2,enron_full_148007,exact_ref,2822.221,1,0,39727,2542720
fuzzydedup,5,2,enron_full_148007,exact_ref,2928.314,1,0,45949,2940928
fuzzydedup,4,2,enron_full_148315,exact_ref,2134.669,1,0,26889,1721088
fuzzydedup,5,2,enron_full_148315,exact_ref,2461.263,1,0,35135,2248832
fuzzydedup,6,2,enron_full_148315,exact_ref,3163.230,1,0,44580,2853312
fuzzydedup,5,2,enron_full_148338,exact_ref,5564.446,1,0,79599,5095232
fuzzydedup,6,2,enron_full_148338,exact_ref,6046.177,1,0,95818,6133248
fuzzydedup,4,2,enron_full_148338,exact_ref,4294.426,1,0,63688,4076928
fuzzydedup,6,2,enron_full_149174,exact_ref,3962.130,1,0,59808,3827904
fuzzydedup,4,2,enron_full_149174,exact_ref,2979.207,1,0,37063,2372224
fuzzydedup,5,2,enron_full_149174,exact_ref,3265.183,1,0,48114,3079488
fuzzydedup,4,2,enron_full_149842,exact_ref,4464.430,1,0,63877,4088448
fuzzydedup,5,2,enron_full_149842,exact_ref,4907.536,1,0,77225,4942720
fuzzydedup,6,2,enron_full_149842,exact_ref,5388.774,1,0,89032,5698368
fuzzydedup,5,2,enron_full_150562,exact_ref,4718.188,1,0,79572,5092800
fuzzydedup,6,2,enron_full_150562,exact_ref,5336.103,1,0,92920,5947072
fuzzydedup,4,2,enron_full_150562,exact_ref,4623.967,1,0,65750,4208192
fuzzydedup,6,2,enron_full_151773,no_exact_ref,6658.242,0,7,137129,8776256
fuzzydedup,4,2,enron_full_151773,no_exact_ref,5243.388,0,5,95838,6133632
fuzzydedup,5,2,enron_full_151773,no_exact_ref,6351.594,0,6,116994,7487616
fuzzydedup,4,2,enron_full_152307,exact_ref,5173.505,1,0,69138,4425024
fuzzydedup,5,2,enron_full_152307,exact_ref,5623.269,1,0,84671,5419136
fuzzydedup,6,2,enron_full_152307,exact_ref,6392.970,1,0,100179,6411648
fuzzydedup,5,2,enron_full_152987,exact_ref,255.144,1,0,3648,233664
fuzzydedup,6,2,enron_full_152987,exact_ref,708.297,1,0,4565,292352
fuzzydedup,4,2,enron_full_152987,exact_ref,189.070,1,0,2716,174016
fuzzydedup,6,2,enron_full_153167,exact_ref,3816.891,1,0,65403,4187520
fuzzydedup,4,2,enron_full_153167,exact_ref,3399.775,1,0,49415,3163456
fuzzydedup,5,2,enron_full_153167,exact_ref,3799.560,1,0,57973,3711872
fuzzydedup,4,2,enron_full_154125,no_exact_ref,2479.520,0,5,35794,2290816
fuzzydedup,5,2,enron_full_154125,no_exact_ref,2806.961,0,6,44800,2867264
fuzzydedup,6,2,enron_full_154125,no_exact_ref,3501.866,0,7,54205,3469248
fuzzydedup,5,2,enron_full_154648,no_exact_ref,8336.506,0,6,153267,9809088
fuzzydedup,6,2,enron_full_154648,no_exact_ref,8930.719,0,7,177736,11375104
fuzzydedup,4,2,enron_full_154648,no_exact_ref,7111.614,0,5,127462,8157568
fuzzydedup,6,2,enron_full_155829,exact_ref,6526.594,1,0,99802,6387520
fuzzydedup,4,2,enron_full_155829,exact_ref,4864.867,1,0,67423,4315264
fuzzydedup,5,2,enron_full_155829,exact_ref,5814.616,1,0,83830,5365312
fuzzydedup,4,2,enron_full_156626,exact_ref,4781.830,1,0,65928,4219584
fuzzydedup,5,2,enron_full_156626,exact_ref,5288.031,1,0,79750,5104192
fuzzydedup,6,2,enron_full_156626,exact_ref,5713.615,1,0,93098,5958464
fuzzydedup,5,2,enron_full_156811,exact_ref,4206.714,1,0,58036,3714496
fuzzydedup,6,2,enron_full_156811,exact_ref,4769.494,1,0,72233,4623104
fuzzydedup,4,2,enron_full_156811,exact_ref,3357.456,1,0,44707,2861440
fuzzydedup,6,2,enron_full_158640,exact_ref,839.292,1,0,9009,576768
fuzzydedup,4,2,enron_full_158640,exact_ref,781.542,1,0,7744,495808
fuzzydedup,5,2,enron_full_158640,exact_ref,790.684,1,0,8450,540992
fuzzydedup,4,2,enron_full_159222,exact_ref,5161.857,1,0,69227,4430720
fuzzydedup,5,2,enron_full_159222,exact_ref,5729.680,1,0,84760,5424832
fuzzydedup,6,2,enron_full_159222,exact_ref,6429.843,1,0,100268,6417344
fuzzydedup,5,2,enron_full_159570,exact_ref,5637.092,1,0,84482,5407040
fuzzydedup,6,2,enron_full_159570,exact_ref,6030.638,1,0,98865,6327552
fuzzydedup,4,2,enron_full_159570,exact_ref,5008.887,1,0,68974,4414528
fuzzydedup,6,2,enron_full_159687,exact_ref,5988.919,1,0,93420,5979456
fuzzydedup,4,2,enron_full_159687,exact_ref,4495.487,1,0,65215,4174336
fuzzydedup,5,2,enron_full_159687,exact_ref,5454.076,1,0,79598,5094848
fuzzydedup,4,2,enron_full_161067,exact_ref,1070.689,1,0,10874,696128
fuzzydedup,5,2,enron_full_161067,exact_ref,950.771,1,0,11989,767488
fuzzydedup,6,2,enron_full_161067,exact_ref,955.854,1,0,12695,812672
fuzzydedup,5,2,enron_full_161301,exact_ref,1581.388,1,0,21032,1346240
fuzzydedup,6,2,enron_full_161301,exact_ref,1644.699,1,0,22847,1462400
fuzzydedup,4,2,enron_full_161301,exact_ref,1475.339,1,0,18643,1193344
fuzzydedup,6,2,enron_full_161404,exact_ref,1949.025,1,0,25266,1617216
fuzzydedup,4,2,enron_full_161404,exact_ref,1384.468,1,0,14970,958272
fuzzydedup,5,2,enron_full_161404,exact_ref,1669.057,1,0,20206,1293376
fuzzydedup,4,2,enron_full_161839,no_exact_ref,352.524,0,5,5247,335808
fuzzydedup,5,2,enron_full_161839,no_exact_ref,887.333,0,6,6528,417792
fuzzydedup,6,2,enron_full_161839,no_exact_ref,934.209,0,7,8031,513984
fuzzydedup,5,2,enron_full_162338,exact_ref,4474.505,1,0,63172,4043200
fuzzydedup,6,2,enron_full_162338,exact_ref,5600.960,1,0,77884,4984768
fuzzydedup,4,2,enron_full_162338,exact_ref,3680.085,1,0,48975,3134592
fuzzydedup,6,2,enron_full_163700,no_exact_ref,10314.403,0,7,180015,11520960
fuzzydedup,4,2,enron_full_163700,no_exact_ref,7757.535,0,5,128135,8200640
fuzzydedup,5,2,enron_full_163700,no_exact_ref,9103.667,0,6,154598,9894272
fuzzydedup,4,2,enron_full_163994,exact_ref,4911.259,1,0,67206,4301376
fuzzydedup,5,2,enron_full_163994,exact_ref,5321.816,1,0,82967,5310080
fuzzydedup,6,2,enron_full_163994,exact_ref,6323.174,1,0,98878,6328448
fuzzydedup,5,2,enron_full_164128,no_exact_ref,9216.603,0,6,164671,10538944
fuzzydedup,6,2,enron_full_164128,no_exact_ref,10007.033,0,7,190614,12199360
fuzzydedup,4,2,enron_full_164128,no_exact_ref,7632.545,0,5,137103,8774592
fuzzydedup,6,2,enron_full_164251,exact_ref,5791.552,1,0,93706,5997376
fuzzydedup,4,2,enron_full_164251,exact_ref,4556.021,1,0,66536,4258496
fuzzydedup,5,2,enron_full_164251,exact_ref,5409.292,1,0,80358,5143104
fuzzydedup,4,2,enron_full_164751,no_exact_ref,7289.260,0,5,139516,8929024
fuzzydedup,5,2,enron_full_164751,no_exact_ref,8689.472,0,6,168125,10760000
fuzzydedup,6,2,enron_full_164751,no_exact_ref,10088.357,0,7,194644,12457216
fuzzydedup,5,2,enron_full_164805,no_exact_ref,9402.451,0,6,169489,10847296
fuzzydedup,6,2,enron_full_164805,no_exact_ref,9931.130,0,7,197034,12610176
fuzzydedup,4,2,enron_full_164805,no_exact_ref,7865.926,0,5,140955,9021120
fuzzydedup,6,2,enron_full_165550,no_exact_ref,10037.599,0,7,197015,12608960
fuzzydedup,4,2,enron_full_165550,no_exact_ref,8456.721,0,5,141284,9042176
fuzzydedup,5,2,enron_full_165550,no_exact_ref,8975.431,0,6,169864,10871296
fuzzydedup,4,2,enron_full_165951,exact_ref,2920.176,1,0,32277,2065920
fuzzydedup,5,2,enron_full_165951,exact_ref,3392.513,1,0,42333,2709504
fuzzydedup,6,2,enron_full_165951,exact_ref,3592.961,1,0,53384,3416768
fuzzydedup,5,2,enron_full_167260,exact_ref,5315.961,1,0,84265,5397376
fuzzydedup,6,2,enron_full_167260,exact_ref,5982.999,1,0,100237,6421568
fuzzydedup,4,2,enron_full_167260,exact_ref,4944.004,1,0,67858,4345792
fuzzydedup,6,2,enron_full_168469,exact_ref,2375.543,1,0,30911,1978496
fuzzydedup,4,2,enron_full_168469,exact_ref,1825.027,1,0,24480,1566912
fuzzydedup,5,2,enron_full_168469,exact_ref,1987.324,1,0,27963,1789824
fuzzydedup,4,2,enron_full_168971,exact_ref,3748.103,1,0,54221,3470336
fuzzydedup,5,2,enron_full_168971,exact_ref,4137.798,1,0,63807,4083840
fuzzydedup,6,2,enron_full_168971,exact_ref,4410.535,1,0,72365,4631552
fuzzydedup,5,2,enron_full_170176,no_exact_ref,4083.846,0,6,69703,4460992
fuzzydedup,6,2,enron_full_170176,no_exact_ref,5007.315,0,7,83781,5361984
fuzzydedup,4,2,enron_full_170176,no_exact_ref,3765.404,0,5,56325,3604800
fuzzydedup,6,2,enron_full_170711,exact_ref,1722.144,1,0,22061,1412096
fuzzydedup,4,2,enron_full_170711,exact_ref,1490.409,1,0,17857,1143040
fuzzydedup,5,2,enron_full_170711,exact_ref,1443.549,1,0,20246,1295936
fuzzydedup,4,2,enron_full_170765,exact_ref,4337.451,1,0,61774,3953728
fuzzydedup,5,2,enron_full_170765,exact_ref,5665.879,1,0,77993,4991744
fuzzydedup,6,2,enron_full_170765,exact_ref,6481.020,1,0,94400,6041792
fuzzydedup,5,2,enron_full_170860,no_exact_ref,9637.262,0,6,168810,10803840
fuzzydedup,6,2,enron_full_170860,no_exact_ref,11083.788,0,7,194887,12472768
fuzzydedup,4,2,enron_full_170860,no_exact_ref,8629.205,0,5,139973,8958272
fuzzydedup,6,2,enron_full_171509,exact_ref,439.607,1,0,1456,93376
fuzzydedup,4,2,enron_full_171509,exact_ref,375.436,1,0,1283,82304
fuzzydedup,5,2,enron_full_171509,exact_ref,369.062,1,0,1367,87680
fuzzydedup,4,2,enron_full_171797,no_exact_ref,2531.368,0,5,35794,2290816
fuzzydedup,5,2,enron_full_171797,no_exact_ref,2868.902,0,6,44800,2867200
fuzzydedup,6,2,enron_full_171797,no_exact_ref,3656.419,0,7,54205,3469120
fuzzydedup,5,2,enron_full_172609,no_exact_ref,9784.633,0,6,168125,10760000
fuzzydedup,6,2,enron_full_172609,no_exact_ref,10570.712,0,7,194644,12457216
fuzzydedup,4,2,enron_full_172609,no_exact_ref,8124.598,0,5,139516,8929024
fuzzydedup,6,2,enron_full_174436,exact_ref,6312.452,1,0,95707,6125760
fuzzydedup,4,2,enron_full_174436,exact_ref,4862.070,1,0,63328,4053184
fuzzydedup,5,2,enron_full_174436,exact_ref,5780.429,1,0,79735,5103232
fuzzydedup,4,2,enron_full_174861,exact_ref,4228.500,1,0,62421,3995136
fuzzydedup,5,2,enron_full_174861,exact_ref,4819.950,1,0,74228,4750784
fuzzydedup,6,2,enron_full_174861,exact_ref,4914.865,1,0,84910,5434432
fuzzydedup,5,2,enron_full_175011,no_exact_ref,6945.479,0,6,122217,7821888
fuzzydedup,6,2,enron_full_175011,no_exact_ref,8369.264,0,7,144058,9219712
fuzzydedup,4,2,enron_full_175011,no_exact_ref,6014.972,0,5,100182,6411648
fuzzydedup,6,2,enron_full_176124,exact_ref,3737.869,1,0,58873,3768064
fuzzydedup,4,2,enron_full_176124,exact_ref,3214.237,1,0,45221,2894336
fuzzydedup,5,2,enron_full_176124,exact_ref,3357.502,1,0,52651,3369856
fuzzydedup,4,2,enron_full_176753,exact_ref,4686.136,1,0,68135,4360832
fuzzydedup,5,2,enron_full_176753,exact_ref,5508.977,1,0,84542,5410880
fuzzydedup,6,2,enron_full_176753,exact_ref,6504.350,1,0,100514,6433088
fuzzydedup,5,2,enron_full_178212,exact_ref,1932.795,1,0,28611,1831296
fuzzydedup,6,2,enron_full_178212,exact_ref,2505.666,1,0,36063,2308224
fuzzydedup,4,2,enron_full_178212,exact_ref,1452.401,1,0,21837,1397760
fuzzydedup,6,2,enron_full_178550,exact_ref,4721.738,1,0,72639,4649088
fuzzydedup,4,2,enron_full_178550,exact_ref,3683.679,1,0,54495,3487872
fuzzydedup,5,2,enron_full_178550,exact_ref,3660.450,1,0,64081,4101376
fuzzydedup,4,2,enron_full_179413,exact_ref,3983.034,1,0,65212,4173760
fuzzydedup,5,2,enron_full_179413,exact_ref,4634.557,1,0,78560,5028032
fuzzydedup,6,2,enron_full_179413,exact_ref,5446.502,1,0,90367,5783680
fuzzydedup,5,2,enron_full_179791,exact_ref,5063.462,1,0,84103,5382784
fuzzydedup,6,2,enron_full_179791,exact_ref,5947.931,1,0,97925,6267392
fuzzydedup,4,2,enron_full_179791,exact_ref,4709.315,1,0,69720,4462272
fuzzydedup,6,2,enron_full_180640,exact_ref,5060.945,1,0,90392,5785280
fuzzydedup,4,2,enron_full_180640,exact_ref,3976.535,1,0,65237,4175360
fuzzydedup,5,2,enron_full_180640,exact_ref,4648.750,1,0,78585,5029632
fuzzydedup,4,2,enron_full_181037,exact_ref,3229.994,1,0,39361,2519296
fuzzydedup,5,2,enron_full_181037,exact_ref,3555.926,1,0,51055,3267712
fuzzydedup,6,2,enron_full_181037,exact_ref,4014.540,1,0,64384,4120768
fuzzydedup,5,2,enron_full_181456,exact_ref,4478.045,1,0,66648,4265792
fuzzydedup,6,2,enron_full_181456,exact_ref,4871.528,1,0,76234,4879872
fuzzydedup,4,2,enron_full_181456,exact_ref,3717.094,1,0,55966,3582016
fuzzydedup,6,2,enron_full_181872,exact_ref,6484.941,1,0,109234,6991168
fuzzydedup,4,2,enron_full_181872,exact_ref,5257.027,1,0,77729,4974848
fuzzydedup,5,2,enron_full_181872,exact_ref,5562.145,1,0,93701,5997056
fuzzydedup,4,2,enron_full_181885,exact_ref,2891.104,1,0,41602,2662720
fuzzydedup,5,2,enron_full_181885,exact_ref,3834.700,1,0,53296,3411136
fuzzydedup,6,2,enron_full_181885,exact_ref,4420.521,1,0,66625,4264192
fuzzydedup,5,2,enron_full_182915,exact_ref,5211.321,1,0,84033,5378304
fuzzydedup,6,2,enron_full_182915,exact_ref,5680.722,1,0,97855,6262912
fuzzydedup,4,2,enron_full_182915,exact_ref,5006.833,1,0,69650,4457792
fuzzydedup,6,2,enron_full_182942,exact_ref,4161.981,1,0,60463,3869824
fuzzydedup,4,2,enron_full_182942,exact_ref,2832.957,1,0,37718,2414144
fuzzydedup,5,2,enron_full_182942,exact_ref,3533.538,1,0,48769,3121408
fuzzydedup,4,2,enron_full_183169,exact_ref,1428.898,1,0,15418,986944
fuzzydedup,5,2,enron_full_183169,exact_ref,1822.390,1,0,20654,1322048
fuzzydedup,6,2,enron_full_183169,exact_ref,1782.663,1,0,25714,1645888
fuzzydedup,5,2,enron_full_183297,exact_ref,5281.495,1,0,80681,5163776
fuzzydedup,6,2,enron_full_183297,exact_ref,5877.035,1,0,96900,6201792
fuzzydedup,4,2,enron_full_183297,exact_ref,4622.479,1,0,64770,4145472
fuzzydedup,6,2,enron_full_183379,exact_ref,6037.493,1,0,99717,6382080
fuzzydedup,4,2,enron_full_183379,exact_ref,4692.447,1,0,67091,4294016
fuzzydedup,5,2,enron_full_183379,exact_ref,5530.337,1,0,83310,5332032
fuzzydedup,4,2,enron_full_183388,exact_ref,2127.282,1,0,27178,1739584
fuzzydedup,5,2,enron_full_183388,exact_ref,2141.811,1,0,30661,1962496
fuzzydedup,6,2,enron_full_183388,exact_ref,2244.120,1,0,33609,2151168
fuzzydedup,5,2,enron_full_183934,exact_ref,2912.598,1,0,41408,2650304
fuzzydedup,6,2,enron_full_183934,exact_ref,2850.033,1,0,46010,2944832
fuzzydedup,4,2,enron_full_183934,exact_ref,2585.130,1,0,35760,2288832
fuzzydedup,6,2,enron_full_184508,exact_ref,6771.137,1,0,101540,6498752
fuzzydedup,4,2,enron_full_184508,exact_ref,5793.055,1,0,70035,4482432
fuzzydedup,5,2,enron_full_184508,exact_ref,5960.884,1,0,86007,5504640
fuzzydedup,4,2,enron_full_185731,no_exact_ref,2578.909,0,5,35794,2290816
fuzzydedup,5,2,enron_full_185731,no_exact_ref,2969.314,0,6,44800,2867200
fuzzydedup,6,2,enron_full_185731,no_exact_ref,3832.646,0,7,54205,3469120
fuzzydedup,5,2,enron_full_186258,exact_ref,5935.029,1,0,83163,5322624
fuzzydedup,6,2,enron_full_186258,exact_ref,7069.978,1,0,99570,6372672
fuzzydedup,4,2,enron_full_186258,exact_ref,4945.790,1,0,66944,4284608
fuzzydedup,6,2,enron_full_186778,exact_ref,4006.573,1,0,49905,3194112
fuzzydedup,4,2,enron_full_186778,exact_ref,2740.706,1,0,30404,1946048
fuzzydedup,5,2,enron_full_186778,exact_ref,3183.793,1,0,39849,2550528
fuzzydedup,4,2,enron_full_187181,exact_ref,4982.472,1,0,65273,4177664
fuzzydedup,5,2,enron_full_187181,exact_ref,5018.310,1,0,78621,5031936
fuzzydedup,6,2,enron_full_187181,exact_ref,5575.387,1,0,90428,5787584
fuzzydedup,5,2,enron_full_187432,exact_ref,5367.797,1,0,81170,5195072
fuzzydedup,6,2,enron_full_187432,exact_ref,5742.388,1,0,94518,6049344
fuzzydedup,4,2,enron_full_187432,exact_ref,4697.031,1,0,67348,4310464
fuzzydedup,6,2,enron_full_187706,exact_ref,5934.589,1,0,89117,5703680
fuzzydedup,4,2,enron_full_187706,exact_ref,4507.791,1,0,58095,3718272
fuzzydedup,5,2,enron_full_187706,exact_ref,5315.534,1,0,73356,4694976
fuzzydedup,4,2,enron_full_188453,exact_ref,4700.330,1,0,64095,4102272
fuzzydedup,5,2,enron_full_188453,exact_ref,5159.528,1,0,80006,5120576
fuzzydedup,6,2,enron_full_188453,exact_ref,6059.101,1,0,96225,6158592
fuzzydedup,5,2,enron_full_189842,exact_ref,1992.652,1,0,25560,1636032
fuzzydedup,6,2,enron_full_189842,exact_ref,1878.863,1,0,27949,1788928
fuzzydedup,4,2,enron_full_189842,exact_ref,1640.126,1,0,22612,1447360
fuzzydedup,6,2,enron_full_189980,exact_ref,5669.884,1,0,94042,6018880
fuzzydedup,4,2,enron_full_189980,exact_ref,4735.815,1,0,66872,4280000
fuzzydedup,5,2,enron_full_189980,exact_ref,5376.336,1,0,80694,5164608
fuzzydedup,4,2,enron_full_191466,exact_ref,4854.934,1,0,69937,4476160
fuzzydedup,5,2,enron_full_191466,exact_ref,5357.240,1,0,85909,5498368
fuzzydedup,6,2,enron_full_191466,exact_ref,6141.762,1,0,101442,6492544
fuzzydedup,5,2,enron_full_191744,no_exact_ref,8195.437,0,6,164996,10559872
fuzzydedup,6,2,enron_full_191744,no_exact_ref,10459.373,0,7,191555,12259648
fuzzydedup,4,2,enron_full_191744,no_exact_ref,7542.662,0,5,137769,8817216
fuzzydedup,6,2,enron_full_191882,exact_ref,116.527,1,0,802,51520
fuzzydedup,4,2,enron_full_191882,exact_ref,77.136,1,0,546,35136
fuzzydedup,5,2,enron_full_191882,exact_ref,95.778,1,0,698,44864
fuzzydedup,4,2,enron_full_193162,exact_ref,154.106,1,0,1551,99456
fuzzydedup,5,2,enron_full_193162,exact_ref,170.133,1,0,1952,125120
fuzzydedup,6,2,enron_full_193162,exact_ref,187.098,1,0,2456,157376
fuzzydedup,5,2,enron_full_195402,exact_ref,6051.145,1,0,84726,5422656
fuzzydedup,6,2,enron_full_195402,exact_ref,5570.513,1,0,100698,6444864
fuzzydedup,4,2,enron_full_195402,exact_ref,4323.652,1,0,68319,4372608
fuzzydedup,6,2,enron_full_195600,exact_ref,6198.072,1,0,100721,6471488
fuzzydedup,4,2,enron_full_195600,exact_ref,4913.335,1,0,68342,4382080
fuzzydedup,5,2,enron_full_195600,exact_ref,5148.036,1,0,84749,5440448
fuzzydedup,4,2,enron_full_195759,exact_ref,2918.178,1,0,40536,2594496
fuzzydedup,5,2,enron_full_195759,exact_ref,3274.127,1,0,46758,2992704
fuzzydedup,6,2,enron_full_195759,exact_ref,3322.038,1,0,52406,3354176
fuzzydedup,5,2,enron_full_196134,exact_ref,2743.028,1,0,41232,2639040
fuzzydedup,6,2,enron_full_196134,exact_ref,2884.804,1,0,45834,2933568
fuzzydedup,4,2,enron_full_196134,exact_ref,2557.368,1,0,35584,2277568
fuzzydedup,6,2,enron_full_197175,exact_ref,6475.665,1,0,99861,6393920
fuzzydedup,4,2,enron_full_197175,exact_ref,4740.309,1,0,69970,4478272
fuzzydedup,5,2,enron_full_197175,exact_ref,5075.812,1,0,85478,5471360
fuzzydedup,4,2,enron_full_197216,exact_ref,5101.252,1,0,66835,4277632
fuzzydedup,5,2,enron_full_197216,exact_ref,5659.777,1,0,83054,5315648
fuzzydedup,6,2,enron_full_197216,exact_ref,5995.981,1,0,99461,6365696
fuzzydedup,5,2,enron_full_197678,exact_ref,3356.862,1,0,46715,2989952
fuzzydedup,6,2,enron_full_197678,exact_ref,3324.954,1,0,52363,3351424
fuzzydedup,4,2,enron_full_197678,exact_ref,2500.346,1,0,40493,2591744
fuzzydedup,6,2,enron_full_198102,exact_ref,5761.439,1,0,94024,6017728
fuzzydedup,4,2,enron_full_198102,exact_ref,5028.595,1,0,66854,4278848
fuzzydedup,5,2,enron_full_198102,exact_ref,5227.680,1,0,80676,5163456
fuzzydedup,4,2,enron_full_198996,exact_ref,4498.536,1,0,62172,3979200
fuzzydedup,5,2,enron_full_198996,exact_ref,5344.860,1,0,77933,4987904
fuzzydedup,6,2,enron_full_198996,exact_ref,6041.397,1,0,93844,6006208
fuzzydedup,5,2,enron_full_200327,exact_ref,4934.725,1,0,81519,5217408
fuzzydedup,6,2,enron_full_200327,exact_ref,6012.201,1,0,94867,6071680
fuzzydedup,4,2,enron_full_200327,exact_ref,4813.284,1,0,67697,4332800
fuzzydedup,6,2,enron_full_200476,exact_ref,370.063,1,0,521,33536
fuzzydedup,4,2,enron_full_200476,exact_ref,323.268,1,0,466,30016
fuzzydedup,5,2,enron_full_200476,exact_ref,317.648,1,0,497,32000
fuzzydedup,4,2,enron_full_201608,exact_ref,2959.054,1,0,40965,2621952
fuzzydedup,5,2,enron_full_201608,exact_ref,3160.829,1,0,47187,3020160
fuzzydedup,6,2,enron_full_201608,exact_ref,3279.710,1,0,52835,3381632
fuzzydedup,5,2,enron_full_202547,exact_ref,6082.911,1,0,86443,5532544
fuzzydedup,6,2,enron_full_202547,exact_ref,6168.607,1,0,100826,6453056
fuzzydedup,4,2,enron_full_202547,exact_ref,5042.043,1,0,70935,4540032
fuzzydedup,6,2,enron_full_202611,no_exact_ref,4149.350,0,7,60498,3871872
fuzzydedup,4,2,enron_full_202611,no_exact_ref,2450.567,0,5,40217,2573888
fuzzydedup,5,2,enron_full_202611,no_exact_ref,3079.665,0,6,50020,3201280
fuzzydedup,4,2,enron_full_203046,exact_ref,4626.330,1,0,62474,3998528
fuzzydedup,5,2,enron_full_203046,exact_ref,5400.047,1,0,78235,5007232
fuzzydedup,6,2,enron_full_203046,exact_ref,6253.585,1,0,94146,6025536
fuzzydedup,5,2,enron_full_204937,exact_ref,3821.618,1,0,44269,2833408
fuzzydedup,6,2,enron_full_204937,exact_ref,4103.139,1,0,55320,3540864
fuzzydedup,4,2,enron_full_204937,exact_ref,2824.145,1,0,34213,2189824
fuzzydedup,6,2,enron_full_205754,exact_ref,6177.133,1,0,94596,6054464
fuzzydedup,4,2,enron_full_205754,exact_ref,5000.859,1,0,67426,4315456
fuzzydedup,5,2,enron_full_205754,exact_ref,5973.935,1,0,81248,5200064
fuzzydedup,4,2,enron_full_205846,exact_ref,5550.822,1,0,70348,4502464
fuzzydedup,5,2,enron_full_205846,exact_ref,5980.596,1,0,86320,5524672
fuzzydedup,6,2,enron_full_205846,exact_ref,7162.423,1,0,101853,6518784
fuzzydedup,5,2,enron_full_206132,exact_ref,4847.989,1,0,63882,4088640
fuzzydedup,6,2,enron_full_206132,exact_ref,5635.124,1,0,78594,5030208
fuzzydedup,4,2,enron_full_206132,exact_ref,3866.010,1,0,49685,3180032
fuzzydedup,6,2,enron_full_206426,exact_ref,7523.488,1,0,102298,6547584
fuzzydedup,4,2,enron_full_206426,exact_ref,5074.630,1,0,70793,4531264
fuzzydedup,5,2,enron_full_206426,exact_ref,5959.396,1,0,86765,5553472
fuzzydedup,4,2,enron_full_206631,no_exact_ref,6089.862,0,5,100182,6411648
fuzzydedup,5,2,enron_full_206631,no_exact_ref,6975.009,0,6,122217,7821888
fuzzydedup,6,2,enron_full_206631,no_exact_ref,8151.701,0,7,144058,9219712
fuzzydedup,5,2,enron_full_206780,exact_ref,3941.459,1,0,59160,3786432
fuzzydedup,6,2,enron_full_206780,exact_ref,4699.270,1,0,73357,4695040
fuzzydedup,4,2,enron_full_206780,exact_ref,3610.172,1,0,45831,2933376
fuzzydedup,6,2,enron_full_207863,exact_ref,1462.115,1,0,16302,1043520
fuzzydedup,4,2,enron_full_207863,exact_ref,1173.159,1,0,9953,637184
fuzzydedup,5,2,enron_full_207863,exact_ref,1253.810,1,0,12980,830912
fuzzydedup,4,2,enron_full_208242,exact_ref,1407.161,1,0,19176,1227456
fuzzydedup,5,2,enron_full_208242,exact_ref,1617.654,1,0,21565,1380352
fuzzydedup,6,2,enron_full_208242,exact_ref,1720.531,1,0,23380,1496512
fuzzydedup,5,2,enron_full_208362,exact_ref,5529.942,1,0,86354,5526848
fuzzydedup,6,2,enron_full_208362,exact_ref,6193.920,1,0,101887,6520960
fuzzydedup,4,2,enron_full_208362,exact_ref,5155.411,1,0,70382,4504640
fuzzydedup,6,2,enron_full_209030,exact_ref,1653.874,1,0,20307,1299840
fuzzydedup,4,2,enron_full_209030,exact_ref,1217.246,1,0,12275,785792
fuzzydedup,5,2,enron_full_209030,exact_ref,1259.147,1,0,16111,1031296
fuzzydedup,4,2,enron_full_209358,exact_ref,3489.503,1,0,50575,3236992
fuzzydedup,5,2,enron_full_209358,exact_ref,3943.954,1,0,59133,3784704
fuzzydedup,6,2,enron_full_209358,exact_ref,3584.731,1,0,66563,4260224
fuzzydedup,5,2,enron_full_209479,exact_ref,5913.365,1,0,81503,5216384
fuzzydedup,6,2,enron_full_209479,exact_ref,6129.821,1,0,97722,6254400
fuzzydedup,4,2,enron_full_209479,exact_ref,4593.089,1,0,65592,4198080
fuzzydedup,6,2,enron_full_209859,exact_ref,6618.074,1,0,100375,6425600
fuzzydedup,4,2,enron_full_209859,exact_ref,4827.012,1,0,70484,4512384
fuzzydedup,5,2,enron_full_209859,exact_ref,5304.398,1,0,85992,5504896
fuzzydedup,4,2,enron_full_209958,exact_ref,5126.396,1,0,71139,4553088
fuzzydedup,5,2,enron_full_209958,exact_ref,6054.145,1,0,86672,5547200
fuzzydedup,6,2,enron_full_209958,exact_ref,6050.137,1,0,102180,6539712
fuzzydedup,5,2,enron_full_210032,no_exact_ref,4061.072,0,6,62674,4011520
fuzzydedup,6,2,enron_full_210032,no_exact_ref,2421.954,1,6,22881,1464576
fuzzydedup,4,2,enron_full_210032,no_exact_ref,3670.660,0,5,50202,3213312
fuzzydedup,6,2,enron_full_210772,exact_ref,5566.125,1,0,90726,5806656
fuzzydedup,4,2,enron_full_210772,exact_ref,4541.832,1,0,65571,4196736
fuzzydedup,5,2,enron_full_210772,exact_ref,4956.218,1,0,78919,5051008
fuzzydedup,4,2,enron_full_211094,no_exact_ref,7403.079,0,5,127462,8157568
fuzzydedup,5,2,enron_full_211094,no_exact_ref,8874.483,0,6,153267,9809088
fuzzydedup,6,2,enron_full_211094,no_exact_ref,9801.784,0,7,177736,11375104
fuzzydedup,5,2,enron_full_211389,exact_ref,3185.736,1,3,36765,2353152
fuzzydedup,6,2,enron_full_211389,exact_ref,3619.052,1,3,50113,3207424
fuzzydedup,4,2,enron_full_211389,exact_ref,2549.180,1,3,22943,1468544
fuzzydedup,6,2,enron_full_211892,no_exact_ref,11101.378,0,7,194644,12457216
fuzzydedup,4,2,enron_full_211892,no_exact_ref,8182.395,0,5,139516,8929024
fuzzydedup,5,2,enron_full_211892,no_exact_ref,9748.699,0,6,168125,10760000
fuzzydedup,4,2,enron_full_211966,no_exact_ref,7984.453,0,5,137769,8817216
fuzzydedup,5,2,enron_full_211966,no_exact_ref,9746.303,0,6,164996,10559744
fuzzydedup,6,2,enron_full_211966,no_exact_ref,10793.489,0,7,191555,12259520
fuzzydedup,5,2,enron_full_212202,no_exact_ref,4120.604,0,6,55915,3578560
fuzzydedup,6,2,enron_full_212202,no_exact_ref,4385.656,0,7,67711,4333504
fuzzydedup,4,2,enron_full_212202,no_exact_ref,3227.040,0,5,44983,2878912
fuzzydedup,6,2,enron_full_213178,no_exact_ref,10025.794,0,7,177736,11375104
fuzzydedup,4,2,enron_full_213178,no_exact_ref,6839.402,0,5,127462,8157568
fuzzydedup,5,2,enron_full_213178,no_exact_ref,8827.854,0,6,153267,9809088
fuzzydedup,4,2,enron_full_214684,exact_ref,1146.065,1,0,8902,569920
fuzzydedup,5,2,enron_full_214684,exact_ref,1273.145,1,0,11588,741824
fuzzydedup,6,2,enron_full_214684,exact_ref,1427.781,1,0,14615,935552
fuzzydedup,5,2,enron_full_214861,exact_ref,5708.965,1,0,86493,5535744
fuzzydedup,6,2,enron_full_214861,exact_ref,7122.597,1,0,102026,6529856
fuzzydedup,4,2,enron_full_214861,exact_ref,4828.834,1,0,70521,4513536
fuzzydedup,6,2,enron_full_214866,exact_ref,5573.982,1,0,92903,5945984
fuzzydedup,4,2,enron_full_214866,exact_ref,4923.600,1,0,65733,4207104
fuzzydedup,5,2,enron_full_214866,exact_ref,5252.287,1,0,79555,5091712
fuzzydedup,4,2,enron_full_214883,exact_ref,2644.375,1,0,27455,1757312
fuzzydedup,5,2,enron_full_214883,exact_ref,2471.339,1,0,35701,2285056
fuzzydedup,6,2,enron_full_214883,exact_ref,3317.312,1,0,45146,2889536
fuzzydedup,5,2,enron_full_215380,exact_ref,5528.266,1,0,81340,5205952
fuzzydedup,6,2,enron_full_215380,exact_ref,5766.658,1,0,94688,6060224
fuzzydedup,4,2,enron_full_215380,exact_ref,4642.744,1,0,67518,4321344
fuzzydedup,6,2,enron_full_215696,exact_ref,2029.112,1,0,25752,1648320
fuzzydedup,4,2,enron_full_215696,exact_ref,1502.749,1,0,15456,989376
fuzzydedup,5,2,enron_full_215696,exact_ref,1708.775,1,0,20692,1324480
fuzzydedup,4,2,enron_full_216853,exact_ref,3517.440,1,0,50550,3235392
fuzzydedup,5,2,enron_full_216853,exact_ref,3589.775,1,0,59108,3783104
fuzzydedup,6,2,enron_full_216853,exact_ref,4055.896,1,0,66538,4258624
fuzzydedup,5,2,enron_full_218707,exact_ref,5151.787,1,0,78299,5011328
fuzzydedup,6,2,enron_full_218707,exact_ref,5173.454,1,0,94210,6029632
fuzzydedup,4,2,enron_full_218707,exact_ref,4008.361,1,0,62538,4002624
fuzzydedup,6,2,enron_full_219044,exact_ref,4516.580,1,0,73435,4700032
fuzzydedup,4,2,enron_full_219044,exact_ref,3689.524,1,0,55291,3538816
fuzzydedup,5,2,enron_full_219044,exact_ref,3971.748,1,0,64877,4152320
fuzzydedup,4,2,enron_full_219142,exact_ref,3635.729,1,0,59730,3822912
fuzzydedup,5,2,enron_full_219142,exact_ref,4116.313,1,0,70412,4506560
fuzzydedup,6,2,enron_full_219142,exact_ref,4450.269,1,0,79998,5120064
fuzzydedup,5,2,enron_full_219243,exact_ref,2472.542,1,0,32288,2066624
fuzzydedup,6,2,enron_full_219243,exact_ref,2804.286,1,0,40534,2594368
fuzzydedup,4,2,enron_full_219243,exact_ref,1590.573,1,0,24836,1589696
fuzzydedup,6,2,enron_full_219501,no_exact_ref,5791.623,0,7,102455,6557440
fuzzydedup,4,2,enron_full_219501,no_exact_ref,4250.856,0,5,69400,4441728
fuzzydedup,5,2,enron_full_219501,no_exact_ref,5005.047,0,6,85290,5458816
fuzzydedup,4,2,enron_full_219509,no_exact_ref,7712.626,0,5,133491,8543424
fuzzydedup,5,2,enron_full_219509,no_exact_ref,8111.065,0,6,160514,10273088
fuzzydedup,6,2,enron_full_219509,no_exact_ref,9490.580,0,7,186103,11910784
fuzzydedup,5,2,enron_full_219658,no_exact_ref,8296.377,0,6,160514,10272896
fuzzydedup,6,2,enron_full_219658,no_exact_ref,10090.940,0,7,186103,11910592
fuzzydedup,4,2,enron_full_219658,no_exact_ref,7300.627,0,5,133491,8543424
fuzzydedup,6,2,enron_full_220234,exact_ref,6080.417,1,0,100027,6401920
fuzzydedup,4,2,enron_full_220234,exact_ref,4863.219,1,0,67401,4313856
fuzzydedup,5,2,enron_full_220234,exact_ref,5394.474,1,0,83620,5351872
fuzzydedup,4,2,enron_full_220556,exact_ref,1436.688,1,0,15463,989824
fuzzydedup,5,2,enron_full_220556,exact_ref,1665.463,1,0,20699,1324928
fuzzydedup,6,2,enron_full_220556,exact_ref,1826.416,1,0,25759,1648768
fuzzydedup,5,2,enron_full_221304,exact_ref,5120.820,1,0,81224,5198528
fuzzydedup,6,2,enron_full_221304,exact_ref,5298.012,1,0,97443,6236544
fuzzydedup,4,2,enron_full_221304,exact_ref,4288.814,1,0,65313,4180224
fuzzydedup,6,2,enron_full_223253,exact_ref,890.357,1,0,7209,461568
fuzzydedup,4,2,enron_full_223253,exact_ref,750.867,1,0,4452,285120
fuzzydedup,5,2,enron_full_223253,exact_ref,780.355,1,0,5790,370752
fuzzydedup,4,2,enron_full_223630,exact_ref,2967.115,1,0,40920,2619072
fuzzydedup,5,2,enron_full_223630,exact_ref,3237.752,1,0,47142,3017280
fuzzydedup,6,2,enron_full_223630,exact_ref,2850.439,1,0,52790,3378752
fuzzydedup,5,2,enron_full_223933,exact_ref,4726.279,1,0,68982,4415040
fuzzydedup,6,2,enron_full_223933,exact_ref,5449.251,1,0,84243,5391744
fuzzydedup,4,2,enron_full_223933,exact_ref,3701.980,1,0,54270,3473472
fuzzydedup,6,2,enron_full_224076,exact_ref,1947.740,1,0,33694,2156608
fuzzydedup,4,2,enron_full_224076,exact_ref,1913.039,1,0,27263,1745024
fuzzydedup,5,2,enron_full_224076,exact_ref,1839.787,1,0,30746,1967936
fuzzydedup,4,2,enron_full_224176,exact_ref,4155.444,1,0,65131,4168576
fuzzydedup,5,2,enron_full_224176,exact_ref,5097.141,1,0,81042,5186880
fuzzydedup,6,2,enron_full_224176,exact_ref,6354.060,1,0,97261,6224896
fuzzydedup,5,2,enron_full_224421,exact_ref,5244.574,1,0,77858,4983104
fuzzydedup,6,2,enron_full_224421,exact_ref,6472.530,1,0,93769,6001408
fuzzydedup,4,2,enron_full_224421,exact_ref,4854.739,1,0,62097,3974400
fuzzydedup,6,2,enron_full_226002,no_exact_ref,9276.892,0,7,153889,9848896
fuzzydedup,4,2,enron_full_226002,no_exact_ref,7061.233,0,5,107991,6911424
fuzzydedup,5,2,enron_full_226002,no_exact_ref,7820.156,0,6,131204,8397056
fuzzydedup,4,2,enron_full_226675,exact_ref,4965.803,1,0,62223,3982464
fuzzydedup,5,2,enron_full_226675,exact_ref,5534.221,1,0,77984,4991168
fuzzydedup,6,2,enron_full_226675,exact_ref,6047.230,1,0,93895,6009472
fuzzydedup,5,2,enron_full_227135,exact_ref,5239.025,1,0,78903,5049984
fuzzydedup,6,2,enron_full_227135,exact_ref,5608.330,1,0,90710,5805632
fuzzydedup,4,2,enron_full_227135,exact_ref,4474.583,1,0,65555,4195712
fuzzydedup,6,2,enron_full_227290,no_exact_ref,10330.057,0,7,197034,12610176
fuzzydedup,4,2,enron_full_227290,no_exact_ref,7299.841,0,5,140955,9021120
fuzzydedup,5,2,enron_full_227290,no_exact_ref,10013.203,0,6,169489,10847296
fuzzydedup,4,2,enron_full_227315,exact_ref,4591.014,1,0,67694,4332608
fuzzydedup,5,2,enron_full_227315,exact_ref,5504.969,1,0,81516,5217216
fuzzydedup,6,2,enron_full_227315,exact_ref,5649.561,1,0,94864,6071488
fuzzydedup,5,2,enron_full_227317,no_exact_ref,5739.692,1,0,83700,5356992
fuzzydedup,6,2,enron_full_227317,no_exact_ref,7000.238,1,0,100107,6407040
fuzzydedup,4,2,enron_full_227317,no_exact_ref,4830.298,1,0,67481,4318976
fuzzydedup,6,2,enron_full_227401,exact_ref,3947.292,1,0,55784,3570368
fuzzydedup,4,2,enron_full_227401,exact_ref,2865.153,1,0,34677,2219520
fuzzydedup,5,2,enron_full_227401,exact_ref,3620.134,1,0,44733,2863104
fuzzydedup,4,2,enron_full_227576,exact_ref,3221.935,1,0,42221,2702336
fuzzydedup,5,2,enron_full_227576,exact_ref,3464.284,1,0,49651,3177856
fuzzydedup,6,2,enron_full_227576,exact_ref,3638.840,1,0,55873,3576064
fuzzydedup,5,2,enron_full_228518,exact_ref,4403.888,1,0,66239,4239488
fuzzydedup,6,2,enron_full_228518,exact_ref,4540.265,1,0,75825,4852992
fuzzydedup,4,2,enron_full_228518,exact_ref,3790.011,1,0,55557,3555840
fuzzydedup,6,2,enron_full_228640,exact_ref,6346.775,1,0,102868,6583744
fuzzydedup,4,2,enron_full_228640,exact_ref,5012.850,1,0,71363,4567424
fuzzydedup,5,2,enron_full_228640,exact_ref,5197.378,1,0,87335,5589632
fuzzydedup,4,2,enron_full_229065,exact_ref,96.370,1,0,698,44864
fuzzydedup,5,2,enron_full_229065,exact_ref,91.360,1,0,877,56320
fuzzydedup,6,2,enron_full_229065,exact_ref,96.389,1,0,1039,66688
fuzzydedup,5,2,enron_full_229125,exact_ref,768.646,1,0,7210,461632
fuzzydedup,6,2,enron_full_229125,exact_ref,864.758,1,0,9163,586624
fuzzydedup,4,2,enron_full_229125,exact_ref,680.137,1,0,5460,349632
fuzzydedup,6,2,enron_full_230449,exact_ref,4837.224,1,0,75628,4840384
fuzzydedup,4,2,enron_full_230449,exact_ref,3710.795,1,0,55360,3543232
fuzzydedup,5,2,enron_full_230449,exact_ref,4101.312,1,0,66042,4226880
fuzzydedup,4,2,enron_full_230615,exact_ref,3830.291,1,0,60368,3863744
fuzzydedup,5,2,enron_full_230615,exact_ref,4475.851,1,0,71050,4547392
fuzzydedup,6,2,enron_full_230615,exact_ref,4861.814,1,0,80636,5160896
fuzzydedup,5,2,enron_full_231206,exact_ref,4743.029,1,0,71385,4568832
fuzzydedup,6,2,enron_full_231206,exact_ref,4859.192,1,0,80971,5182336
fuzzydedup,4,2,enron_full_231206,exact_ref,4018.263,1,0,60703,3885184
fuzzydedup,6,2,enron_full_232509,exact_ref,1490.470,1,0,19352,1238720
fuzzydedup,4,2,enron_full_232509,exact_ref,1330.150,1,0,15995,1023872
fuzzydedup,5,2,enron_full_232509,exact_ref,1193.802,1,0,17810,1140032
fuzzydedup,4,2,enron_full_232529,exact_ref,4596.795,1,0,64242,4111680
fuzzydedup,5,2,enron_full_232529,exact_ref,5523.342,1,0,80649,5161728
fuzzydedup,6,2,enron_full_232529,exact_ref,6254.574,1,0,96621,6183936
fuzzydedup,5,2,enron_full_232592,exact_ref,4797.987,1,0,78503,5024384
fuzzydedup,6,2,enron_full_232592,exact_ref,5765.765,1,0,94414,6042688
fuzzydedup,4,2,enron_full_232592,exact_ref,4870.037,1,0,62742,4015680
fuzzydedup,6,2,enron_full_232830,exact_ref,4236.317,1,0,67332,4309440
fuzzydedup,4,2,enron_full_232830,exact_ref,3396.122,1,0,51344,3286208
fuzzydedup,5,2,enron_full_232830,exact_ref,3870.553,1,0,59902,3833920
fuzzydedup,4,2,enron_full_232998,exact_ref,4864.789,1,0,65917,4218880
fuzzydedup,5,2,enron_full_232998,exact_ref,5506.145,1,0,81828,5237184
fuzzydedup,6,2,enron_full_232998,exact_ref,6575.877,1,0,98047,6275200
fuzzydedup,5,2,enron_full_233012,exact_ref,4902.508,1,0,75795,4851072
fuzzydedup,6,2,enron_full_233012,exact_ref,5225.292,1,0,86477,5534720
fuzzydedup,4,2,enron_full_233012,exact_ref,3994.700,1,0,63988,4095424
fuzzydedup,6,2,enron_full_233273,exact_ref,6447.928,1,0,100690,6444352
fuzzydedup,4,2,enron_full_233273,exact_ref,4370.780,1,0,68064,4356288
fuzzydedup,5,2,enron_full_233273,exact_ref,5083.104,1,0,84283,5394304
fuzzydedup,4,2,enron_full_233711,exact_ref,4852.767,1,0,64774,4145728
fuzzydedup,5,2,enron_full_233711,exact_ref,5218.448,1,0,81181,5195776
fuzzydedup,6,2,enron_full_233711,exact_ref,5677.902,1,0,97153,6217984
fuzzydedup,5,2,enron_full_233845,exact_ref,5084.128,1,0,79630,5096512
fuzzydedup,6,2,enron_full_233845,exact_ref,5412.681,1,0,91437,5852160
fuzzydedup,4,2,enron_full_233845,exact_ref,4190.332,1,0,66282,4242240
fuzzydedup,6,2,enron_full_234397,exact_ref,6486.274,1,0,98895,6329472
fuzzydedup,4,2,enron_full_234397,exact_ref,4663.586,1,0,69004,4416448
fuzzydedup,5,2,enron_full_234397,exact_ref,5042.581,1,0,84512,5408960
fuzzydedup,4,2,enron_full_235427,exact_ref,830.639,1,0,7930,507712
fuzzydedup,5,2,enron_full_235427,exact_ref,1045.940,1,0,10281,658176
fuzzydedup,6,2,enron_full_235427,exact_ref,1381.649,1,0,12967,830080
fuzzydedup,5,2,enron_full_237126,exact_ref,5834.734,1,0,86803,5555584
fuzzydedup,6,2,enron_full_237126,exact_ref,5882.059,1,0,101186,6476096
fuzzydedup,4,2,enron_full_237126,exact_ref,4813.757,1,0,71295,4563072
fuzzydedup,6,2,enron_full_238037,exact_ref,3909.594,1,0,60144,3849408
fuzzydedup,4,2,enron_full_238037,exact_ref,3064.776,1,0,46492,2975680
fuzzydedup,5,2,enron_full_238037,exact_ref,3140.550,1,0,53922,3451200
fuzzydedup,4,2,enron_full_238970,exact_ref,1879.109,1,0,22217,1422080
fuzzydedup,5,2,enron_full_238970,exact_ref,2065.589,1,0,28991,1855616
fuzzydedup,6,2,enron_full_238970,exact_ref,2721.628,1,0,36443,2332544
fuzzydedup,5,2,enron_full_239927,exact_ref,3460.010,1,0,53892,3449280
fuzzydedup,6,2,enron_full_239927,exact_ref,3654.423,1,0,60114,3847488
fuzzydedup,4,2,enron_full_239927,exact_ref,2689.909,1,0,46462,2973760
fuzzydedup,6,2,enron_full_240437,exact_ref,1600.509,1,0,23669,1515008
fuzzydedup,4,2,enron_full_240437,exact_ref,1418.945,1,0,19465,1245952
fuzzydedup,5,2,enron_full_240437,exact_ref,1482.434,1,0,21854,1398848
fuzzydedup,4,2,enron_full_240888,exact_ref,4029.160,1,4,59135,3786624
fuzzydedup,5,2,enron_full_240888,exact_ref,3838.375,1,5,55322,3542592
fuzzydedup,6,2,enron_full_240888,exact_ref,3983.395,1,5,66004,4226688
fuzzydedup,5,2,enron_full_241204,exact_ref,2860.344,1,0,42997,2752000
fuzzydedup,6,2,enron_full_241204,exact_ref,3012.923,1,0,48645,3113472
fuzzydedup,4,2,enron_full_241204,exact_ref,2633.330,1,0,36775,2353792
fuzzydedup,6,2,enron_full_242121,exact_ref,6377.496,1,0,100524,6433728
fuzzydedup,4,2,enron_full_242121,exact_ref,4496.277,1,0,69019,4417408
fuzzydedup,5,2,enron_full_242121,exact_ref,5115.387,1,0,84991,5439616
fuzzydedup,4,2,enron_full_242149,exact_ref,3117.448,1,0,38250,2448192
fuzzydedup,5,2,enron_full_242149,exact_ref,3945.657,1,0,49301,3155456
fuzzydedup,6,2,enron_full_242149,exact_ref,3891.680,1,0,60995,3903872
fuzzydedup,5,2,enron_full_242702,exact_ref,5364.926,1,0,78648,5033664
fuzzydedup,6,2,enron_full_242702,exact_ref,6132.388,1,0,94559,6051968
fuzzydedup,4,2,enron_full_242702,exact_ref,4820.698,1,0,62887,4024960
fuzzydedup,6,2,enron_full_242763,exact_ref,5959.747,1,0,90550,5795392
fuzzydedup,4,2,enron_full_242763,exact_ref,4735.489,1,0,58878,3768384
fuzzydedup,5,2,enron_full_242763,exact_ref,5276.862,1,0,74639,4777088
fuzzydedup,4,2,enron_full_243198,exact_ref,5092.231,1,0,66887,4280960
fuzzydedup,5,2,enron_full_243198,exact_ref,5978.284,1,0,82420,5275072
fuzzydedup,6,2,enron_full_243198,exact_ref,6546.611,1,0,97928,6267584
fuzzydedup,5,2,enron_full_243425,exact_ref,5515.815,1,0,79706,5101376
fuzzydedup,6,2,enron_full_243425,exact_ref,6344.894,1,0,96113,6151424
fuzzydedup,4,2,enron_full_243425,exact_ref,4682.533,1,0,63487,4063360
fuzzydedup,6,2,enron_full_244168,no_exact_ref,2187.513,1,0,32650,2089792
fuzzydedup,4,2,enron_full_244168,no_exact_ref,1485.387,1,0,19796,1267136
fuzzydedup,5,2,enron_full_244168,no_exact_ref,1880.976,1,0,25876,1656256
fuzzydedup,4,2,enron_full_244538,exact_ref,2913.239,1,0,38162,2442560
fuzzydedup,5,2,enron_full_244538,exact_ref,3410.773,1,0,49213,3149824
fuzzydedup,6,2,enron_full_244538,exact_ref,3634.740,1,0,60907,3898240
fuzzydedup,5,2,enron_full_244857,exact_ref,4998.696,1,0,82477,5278720
fuzzydedup,6,2,enron_full_244857,exact_ref,5649.943,1,0,95825,6132992
fuzzydedup,4,2,enron_full_244857,exact_ref,4777.642,1,0,68655,4394112
fuzzydedup,6,2,enron_full_244901,exact_ref,5435.444,1,0,101143,6473344
fuzzydedup,4,2,enron_full_244901,exact_ref,4789.338,1,0,71252,4560320
fuzzydedup,5,2,enron_full_244901,exact_ref,5469.588,1,0,86760,5552832
fuzzydedup,4,2,enron_full_244915,exact_ref,4285.734,1,0,71544,4579008
fuzzydedup,5,2,enron_full_244915,exact_ref,5027.620,1,0,87077,5573120
fuzzydedup,6,2,enron_full_244915,exact_ref,6324.303,1,0,102585,6565632
fuzzydedup,5,2,enron_full_245469,exact_ref,4980.152,1,0,84361,5399296
fuzzydedup,6,2,enron_full_245469,exact_ref,5830.688,1,0,100768,6449344
fuzzydedup,4,2,enron_full_245469,exact_ref,4809.948,1,0,68142,4361280
fuzzydedup,6,2,enron_full_246185,exact_ref,5641.825,1,0,99336,6357696
fuzzydedup,4,2,enron_full_246185,exact_ref,4253.810,1,0,71131,4552576
fuzzydedup,5,2,enron_full_246185,exact_ref,5712.888,1,0,85514,5473088
fuzzydedup,4,2,enron_full_246287,exact_ref,1919.405,1,0,27700,1772992
fuzzydedup,5,2,enron_full_246287,exact_ref,1813.316,1,0,31183,1995904
fuzzydedup,6,2,enron_full_246287,exact_ref,1846.271,1,0,34131,2184576
fuzzydedup,5,2,enron_full_246288,exact_ref,4247.373,1,0,74711,4781696
fuzzydedup,6,2,enron_full_246288,exact_ref,4780.785,1,0,86518,5537344
fuzzydedup,4,2,enron_full_246288,exact_ref,4465.862,1,0,61363,3927424
fuzzydedup,6,2,enron_full_246340,exact_ref,2793.862,1,0,46818,2996544
fuzzydedup,4,2,enron_full_246340,exact_ref,2394.520,1,0,36568,2340544
fuzzydedup,5,2,enron_full_246340,exact_ref,2427.668,1,0,42216,2702016
fuzzydedup,4,2,enron_full_246689,exact_ref,2738.630,1,0,34638,2217024
fuzzydedup,5,2,enron_full_246689,exact_ref,3206.369,1,0,44694,2860608
fuzzydedup,6,2,enron_full_246689,exact_ref,3549.029,1,0,55745,3567872
fuzzydedup,5,2,enron_full_246896,exact_ref,5219.329,1,0,87227,5582720
fuzzydedup,6,2,enron_full_246896,exact_ref,5919.674,1,0,102760,6576832
fuzzydedup,4,2,enron_full_246896,exact_ref,4979.511,1,0,71255,4560512
fuzzydedup,6,2,enron_full_247095,exact_ref,3550.548,1,0,60134,3849152
fuzzydedup,4,2,enron_full_247095,exact_ref,2869.029,1,0,46482,2975040
fuzzydedup,5,2,enron_full_247095,exact_ref,3303.244,1,0,53912,3450560
fuzzydedup,4,2,enron_full_247286,exact_ref,4998.178,1,0,69823,4468864
fuzzydedup,5,2,enron_full_247286,exact_ref,5383.240,1,0,86230,5518912
fuzzydedup,6,2,enron_full_247286,exact_ref,5659.778,1,0,102202,6541120
fuzzydedup,5,2,enron_full_247295,exact_ref,1447.899,1,0,17687,1132160
fuzzydedup,6,2,enron_full_247295,exact_ref,1477.566,1,0,19229,1230848
fuzzydedup,4,2,enron_full_247295,exact_ref,1287.536,1,0,15872,1016000
fuzzydedup,6,2,enron_full_247605,exact_ref,5018.468,1,0,91570,5860672
fuzzydedup,4,2,enron_full_247605,exact_ref,4043.933,1,0,66415,4250752
fuzzydedup,5,2,enron_full_247605,exact_ref,4405.455,1,0,79763,5105024
fuzzydedup,4,2,enron_full_247963,exact_ref,2628.820,1,0,36596,2342336
fuzzydedup,5,2,enron_full_247963,exact_ref,2734.458,1,0,42244,2703808
fuzzydedup,6,2,enron_full_247963,exact_ref,2824.252,1,0,46846,2998336
fuzzydedup,5,2,enron_full_248460,exact_ref,5070.677,1,0,82282,5266240
fuzzydedup,6,2,enron_full_248460,exact_ref,5644.020,1,0,95630,6120512
fuzzydedup,4,2,enron_full_248460,exact_ref,4601.749,1,0,68460,4381632
fuzzydedup,6,2,enron_full_248776,no_exact_ref,6063.416,1,0,102689,6572288
fuzzydedup,4,2,enron_full_248776,no_exact_ref,4909.753,1,0,71648,4585664
fuzzydedup,5,2,enron_full_248776,no_exact_ref,5573.276,1,0,87181,5579776
fuzzydedup,4,2,enron_full_249257,no_exact_ref,4327.724,0,5,69400,4441600
fuzzydedup,5,2,enron_full_249257,no_exact_ref,4521.521,0,6,85290,5458560
fuzzydedup,6,2,enron_full_249257,no_exact_ref,6085.901,0,7,102455,6557120
fuzzydedup,5,2,enron_full_250519,exact_ref,4922.680,1,0,78515,5025152
fuzzydedup,6,2,enron_full_250519,exact_ref,5333.929,1,0,94426,6043456
fuzzydedup,4,2,enron_full_250519,exact_ref,4488.827,1,0,62754,4016448
fuzzydedup,6,2,enron_full_250725,exact_ref,2192.405,1,0,29109,1863168
fuzzydedup,4,2,enron_full_250725,exact_ref,1491.729,1,0,17969,1150208
fuzzydedup,5,2,enron_full_250725,exact_ref,1597.181,1,0,23029,1474048
fuzzydedup,4,2,enron_full_252462,no_exact_ref,6433.533,0,5,100182,6411648
fuzzydedup,5,2,enron_full_252462,no_exact_ref,7530.905,0,6,122217,7821888
fuzzydedup,6,2,enron_full_252462,no_exact_ref,8338.491,0,7,144058,9219712
fuzzydedup,5,2,enron_full_253509,no_exact_ref,4984.761,0,6,77432,4955648
fuzzydedup,6,2,enron_full_253509,no_exact_ref,5540.590,0,7,92448,5916672
fuzzydedup,4,2,enron_full_253509,no_exact_ref,4035.122,0,5,62545,4002880
fuzzydedup,6,2,enron_full_253676,exact_ref,4566.041,1,0,68934,4411968
fuzzydedup,4,2,enron_full_253676,exact_ref,3699.406,1,0,50790,3250752
fuzzydedup,5,2,enron_full_253676,exact_ref,4041.934,1,0,60376,3864256
fuzzydedup,4,2,enron_full_253776,exact_ref,3810.427,1,0,54579,3493248
fuzzydedup,5,2,enron_full_253776,exact_ref,4356.195,1,0,65261,4176896
fuzzydedup,6,2,enron_full_253776,exact_ref,4793.883,1,0,74847,4790400
fuzzydedup,5,2,enron_full_253875,exact_ref,5959.596,1,0,87827,5622656
fuzzydedup,6,2,enron_full_253875,exact_ref,6547.894,1,0,103335,6617728
fuzzydedup,4,2,enron_full_253875,exact_ref,5115.811,1,0,72294,4627200
fuzzydedup,6,2,enron_full_254022,exact_ref,5853.810,1,0,80333,5141504
fuzzydedup,4,2,enron_full_254022,exact_ref,3983.954,1,0,50360,3223232
fuzzydedup,5,2,enron_full_254022,exact_ref,5024.256,1,0,65072,4164800
fuzzydedup,4,2,enron_full_254732,exact_ref,1873.583,1,0,20669,1323008
fuzzydedup,5,2,enron_full_254732,exact_ref,2038.742,1,0,27443,1756544
fuzzydedup,6,2,enron_full_254732,exact_ref,2499.724,1,0,34895,2233472
fuzzydedup,5,2,enron_full_254813,exact_ref,5717.777,1,0,86798,5555264
fuzzydedup,6,2,enron_full_254813,exact_ref,6508.329,1,0,102770,6577472
fuzzydedup,4,2,enron_full_254813,exact_ref,4556.021,1,0,70391,4505216
fuzzydedup,6,2,enron_full_254930,no_exact_ref,10747.650,0,7,197015,12609024
fuzzydedup,4,2,enron_full_254930,no_exact_ref,7525.715,0,5,141284,9042176
fuzzydedup,5,2,enron_full_254930,no_exact_ref,9011.293,0,6,169864,10871296
fuzzydedup,4,2,enron_full_256359,no_exact_ref,6751.038,0,5,128135,8200640
fuzzydedup,5,2,enron_full_256359,no_exact_ref,8046.039,0,6,154598,9894272
fuzzydedup,6,2,enron_full_256359,no_exact_ref,9535.877,0,7,180015,11520960
fuzzydedup,5,2,enron_full_256719,no_exact_ref,9048.080,0,6,168810,10803840
fuzzydedup,6,2,enron_full_256719,no_exact_ref,9664.368,0,7,194887,12472768
fuzzydedup,4,2,enron_full_256719,no_exact_ref,7777.411,0,5,139973,8958272
fuzzydedup,6,2,enron_full_257223,no_exact_ref,3008.214,0,7,38406,2458112
fuzzydedup,4,2,enron_full_257223,no_exact_ref,1921.534,0,5,25353,1622656
fuzzydedup,5,2,enron_full_257223,no_exact_ref,2276.628,0,6,32008,2048576
fuzzydedup,4,2,enron_full_257476,no_exact_ref,3414.625,0,5,56325,3604800
fuzzydedup,5,2,enron_full_257476,no_exact_ref,4448.674,0,6,69703,4460992
fuzzydedup,6,2,enron_full_257476,no_exact_ref,5284.804,0,7,83781,5361984
fuzzydedup,5,2,enron_full_257526,no_exact_ref,8314.020,0,6,139663,8938432
fuzzydedup,6,2,enron_full_257526,no_exact_ref,9535.577,0,7,163334,10453376
fuzzydedup,4,2,enron_full_257526,no_exact_ref,6952.411,0,5,115506,7392384
fuzzydedup,6,2,enron_full_258106,no_exact_ref,5129.506,0,7,88518,5665152
fuzzydedup,4,2,enron_full_258106,no_exact_ref,3829.778,0,5,59159,3786176
fuzzydedup,5,2,enron_full_258106,no_exact_ref,4167.280,0,6,73355,4694720
fuzzydedup,4,2,enron_full_258436,no_exact_ref,8592.335,0,5,137103,8774592
fuzzydedup,5,2,enron_full_258436,no_exact_ref,9211.369,0,6,164671,10538944
fuzzydedup,6,2,enron_full_258436,no_exact_ref,10533.539,0,7,190614,12199296
fuzzydedup,5,2,enron_full_259050,exact_ref,5089.513,1,0,88068,5636544
fuzzydedup,6,2,enron_full_259050,exact_ref,6111.823,1,0,103601,6630656
fuzzydedup,4,2,enron_full_259050,exact_ref,4743.003,1,0,72096,4614336
fuzzydedup,6,2,enron_full_259076,no_exact_ref,4557.777,0,7,88518,5665152
fuzzydedup,4,2,enron_full_259076,no_exact_ref,2904.832,0,5,59159,3786176
fuzzydedup,5,2,enron_full_259076,no_exact_ref,3910.686,0,6,73355,4694720
fuzzydedup,4,2,enron_full_259321,exact_ref,3526.295,1,0,59745,3823872
fuzzydedup,5,2,enron_full_259321,exact_ref,3534.383,1,0,69331,4437376
fuzzydedup,6,2,enron_full_259321,exact_ref,3794.817,1,0,77889,4985088
fuzzydedup,5,2,enron_full_260192,exact_ref,2943.664,1,0,42299,2707328
fuzzydedup,6,2,enron_full_260192,exact_ref,3901.661,1,0,53350,3414592
fuzzydedup,4,2,enron_full_260192,exact_ref,2694.286,1,0,32243,2063744
fuzzydedup,6,2,enron_full_261884,no_exact_ref,2088.866,0,7,38406,2457984
fuzzydedup,4,2,enron_full_261884,no_exact_ref,1544.184,0,5,25353,1622592
fuzzydedup,5,2,enron_full_261884,no_exact_ref,1789.488,0,6,32008,2048512
fuzzydedup,4,2,enron_full_262514,exact_ref,2614.146,1,0,40661,2602496
fuzzydedup,5,2,enron_full_262514,exact_ref,2932.147,1,0,48091,3078016
fuzzydedup,6,2,enron_full_262514,exact_ref,3872.745,1,0,54313,3476224
fuzzydedup,5,2,enron_full_262785,no_exact_ref,4306.066,0,6,69703,4460992
fuzzydedup,6,2,enron_full_262785,no_exact_ref,4519.855,0,7,83781,5361984
fuzzydedup,4,2,enron_full_262785,no_exact_ref,3443.594,0,5,56325,3604800
fuzzydedup,6,2,enron_full_263240,exact_ref,6788.072,1,0,67631,4328576
fuzzydedup,4,2,enron_full_263240,exact_ref,2670.401,1,0,42608,2727104
fuzzydedup,5,2,enron_full_263240,exact_ref,3130.226,1,0,54302,3475520
fuzzydedup,4,2,enron_full_264723,no_exact_ref,7851.119,0,5,141284,9042176
fuzzydedup,5,2,enron_full_264723,no_exact_ref,8831.957,0,6,169864,10871296
fuzzydedup,6,2,enron_full_264723,no_exact_ref,10877.008,0,7,197015,12608960
fuzzydedup,5,2,enron_full_265023,exact_ref,1466.271,1,0,13247,848000
fuzzydedup,6,2,enron_full_265023,exact_ref,1548.783,1,0,16569,1060608
fuzzydedup,4,2,enron_full_265023,exact_ref,1243.085,1,0,10220,654272
fuzzydedup,6,2,enron_full_265448,exact_ref,6491.290,1,0,95232,6095040
fuzzydedup,4,2,enron_full_265448,exact_ref,4821.969,1,0,62606,4006976
fuzzydedup,5,2,enron_full_265448,exact_ref,5645.527,1,0,78825,5044992
fuzzydedup,4,2,enron_full_265746,exact_ref,2366.460,1,0,32675,2091392
fuzzydedup,5,2,enron_full_265746,exact_ref,2444.965,1,0,37277,2385920
fuzzydedup,6,2,enron_full_265746,exact_ref,2604.979,1,0,40760,2608832
fuzzydedup,5,2,enron_full_265774,exact_ref,2374.363,1,0,37286,2388544
fuzzydedup,6,2,enron_full_265774,exact_ref,2770.315,1,0,40769,2611520
fuzzydedup,4,2,enron_full_265774,exact_ref,2214.195,1,0,32684,2092864
fuzzydedup,6,2,enron_full_266026,exact_ref,4497.492,1,0,61332,3925440
fuzzydedup,4,2,enron_full_266026,exact_ref,2981.979,1,0,38587,2469760
fuzzydedup,5,2,enron_full_266026,exact_ref,3618.173,1,0,49638,3177024
fuzzydedup,4,2,enron_full_266097,no_exact_ref,6800.832,0,5,115506,7392384
fuzzydedup,5,2,enron_full_266097,no_exact_ref,7710.021,0,6,139663,8938432
fuzzydedup,6,2,enron_full_266097,no_exact_ref,8433.324,0,7,163334,10453376
fuzzydedup,5,2,enron_full_267067,exact_ref,277.624,1,0,3296,211136
fuzzydedup,6,2,enron_full_267067,exact_ref,274.373,1,0,4228,270784
fuzzydedup,4,2,enron_full_267067,exact_ref,172.712,1,0,2534,162368
fuzzydedup,6,2,enron_full_267198,exact_ref,129.167,1,0,1642,105280
fuzzydedup,4,2,enron_full_267198,exact_ref,99.630,1,0,1037,66560
fuzzydedup,5,2,enron_full_267198,exact_ref,104.178,1,0,1304,83648
fuzzydedup,4,2,enron_full_268981,exact_ref,2441.674,1,0,38752,2480320
fuzzydedup,5,2,enron_full_268981,exact_ref,3285.190,1,0,49803,3187584
fuzzydedup,6,2,enron_full_268981,exact_ref,4055.143,1,0,61497,3936000
fuzzydedup,5,2,enron_full_269702,no_exact_ref,3762.203,0,6,73355,4701440
fuzzydedup,6,2,enron_full_269702,no_exact_ref,4389.047,0,7,88518,5679360
fuzzydedup,4,2,enron_full_269702,no_exact_ref,3341.038,0,5,59159,3788608
fuzzydedup,6,2,enron_full_270257,no_exact_ref,5339.160,0,7,100525,6442240
fuzzydedup,4,2,enron_full_270257,no_exact_ref,3488.582,0,5,68018,4354368
fuzzydedup,5,2,enron_full_270257,no_exact_ref,3902.435,0,6,84314,5400320
fuzzydedup,4,2,enron_full_270526,exact_ref,4921.990,1,0,72440,4636352
fuzzydedup,5,2,enron_full_270526,exact_ref,5830.046,1,0,87948,5628864
fuzzydedup,6,2,enron_full_270526,exact_ref,5579.693,1,0,102331,6549376
fuzzydedup,5,2,enron_full_271097,exact_ref,5775.689,1,0,88333,5653504
fuzzydedup,6,2,enron_full_271097,exact_ref,6490.870,1,0,103866,6647616
fuzzydedup,4,2,enron_full_271097,exact_ref,4444.960,1,0,72361,4631296
fuzzydedup,6,2,enron_full_271232,exact_ref,3391.645,1,0,50592,3238080
fuzzydedup,4,2,enron_full_271232,exact_ref,2563.172,1,0,31091,1990016
fuzzydedup,5,2,enron_full_271232,exact_ref,3117.812,1,0,40536,2594496
fuzzydedup,4,2,enron_full_272570,no_exact_ref,4122.615,0,5,77883,4984512
fuzzydedup,5,2,enron_full_272570,no_exact_ref,4716.053,0,6,95188,6092032
fuzzydedup,6,2,enron_full_272570,no_exact_ref,5842.067,0,7,112519,7201216
fuzzydedup,5,2,enron_full_273248,exact_ref,3598.691,1,0,53891,3449216
fuzzydedup,6,2,enron_full_273248,exact_ref,3300.521,1,0,60113,3847424
fuzzydedup,4,2,enron_full_273248,exact_ref,2705.760,1,0,46461,2973696
fuzzydedup,6,2,enron_full_273363,exact_ref,4092.003,1,0,60923,3899264
fuzzydedup,4,2,enron_full_273363,exact_ref,2978.670,1,0,38178,2443584
fuzzydedup,5,2,enron_full_273363,exact_ref,3599.125,1,0,49229,3150848
fuzzydedup,4,2,enron_full_273791,exact_ref,4317.796,1,0,70991,4543616
fuzzydedup,5,2,enron_full_273791,exact_ref,5537.696,1,0,87398,5593664
fuzzydedup,6,2,enron_full_273791,exact_ref,6280.486,1,0,103370,6615872
fuzzydedup,5,2,enron_full_273820,exact_ref,4239.143,1,0,60084,3845568
fuzzydedup,6,2,enron_full_273820,exact_ref,4785.282,1,0,74281,4754176
fuzzydedup,4,2,enron_full_273820,exact_ref,3430.257,1,0,46755,2992512
fuzzydedup,6,2,enron_full_273961,exact_ref,812.293,1,0,4673,299264
fuzzydedup,4,2,enron_full_273961,exact_ref,230.546,1,0,2824,180928
fuzzydedup,5,2,enron_full_273961,exact_ref,258.685,1,0,3756,240576
fuzzydedup,4,2,enron_full_274206,exact_ref,734.257,1,0,4103,262784
fuzzydedup,5,2,enron_full_274206,exact_ref,811.383,1,0,5255,336512
fuzzydedup,6,2,enron_full_274206,exact_ref,854.322,1,0,6593,422144
fuzzydedup,5,2,enron_full_274561,exact_ref,4885.791,1,0,77231,4942976
fuzzydedup,6,2,enron_full_274561,exact_ref,5445.871,1,0,87913,5626624
fuzzydedup,4,2,enron_full_274561,exact_ref,4242.007,1,0,65424,4187328
fuzzydedup,6,2,enron_full_274757,exact_ref,6516.623,1,0,102557,6563840
fuzzydedup,4,2,enron_full_274757,exact_ref,5127.569,1,0,72666,4650816
fuzzydedup,5,2,enron_full_274757,exact_ref,5751.888,1,0,88174,5643328
fuzzydedup,4,2,enron_full_274786,no_exact_ref,4670.601,0,5,77883,4984512
fuzzydedup,5,2,enron_full_274786,no_exact_ref,5344.825,0,6,95188,6092032
fuzzydedup,6,2,enron_full_274786,no_exact_ref,7554.513,0,7,112519,7201216
fuzzydedup,5,2,enron_full_275183,no_exact_ref,9126.383,0,6,164671,10538944
fuzzydedup,6,2,enron_full_275183,no_exact_ref,10287.886,0,7,190614,12199296
fuzzydedup,4,2,enron_full_275183,no_exact_ref,7844.288,0,5,137103,8774592
fuzzydedup,6,2,enron_full_275570,exact_ref,1537.868,1,0,19762,1264960
fuzzydedup,4,2,enron_full_275570,exact_ref,1319.292,1,0,16405,1050112
fuzzydedup,5,2,enron_full_275570,exact_ref,1377.974,1,0,18220,1166272
fuzzydedup,4,2,enron_full_276028,no_exact_ref,8335.633,0,5,137769,8817216
fuzzydedup,5,2,enron_full_276028,no_exact_ref,9340.435,0,6,164996,10559744
fuzzydedup,6,2,enron_full_276028,no_exact_ref,10860.112,0,7,191555,12259520
fuzzydedup,5,2,enron_full_276324,exact_ref,143.452,1,0,959,61568
fuzzydedup,6,2,enron_full_276324,exact_ref,119.305,1,0,1171,75136
fuzzydedup,4,2,enron_full_276324,exact_ref,87.856,1,0,748,48064
fuzzydedup,6,2,enron_full_276342,exact_ref,1127.106,1,0,15752,1008320
fuzzydedup,4,2,enron_full_276342,exact_ref,1214.366,1,0,13095,838272
fuzzydedup,5,2,enron_full_276342,exact_ref,1161.089,1,0,14637,936960
fuzzydedup,4,2,enron_full_277439,no_exact_ref,887.689,0,5,5778,369792
fuzzydedup,5,2,enron_full_277439,no_exact_ref,844.838,0,6,7305,467520
fuzzydedup,6,2,enron_full_277439,no_exact_ref,761.583,0,7,8821,564544
fuzzydedup,5,2,enron_full_277990,exact_ref,2954.630,1,0,48864,3127488
fuzzydedup,6,2,enron_full_277990,exact_ref,2976.216,1,0,54512,3488960
fuzzydedup,4,2,enron_full_277990,exact_ref,2704.052,1,0,42642,2729280
fuzzydedup,6,2,enron_full_278811,exact_ref,1210.583,1,0,14769,945408
fuzzydedup,4,2,enron_full_278811,exact_ref,790.301,1,0,9056,579776
fuzzydedup,5,2,enron_full_278811,exact_ref,1202.829,1,0,11742,751680
fuzzydedup,4,2,enron_full_279563,no_exact_ref,5068.462,1,0,72626,4648256
fuzzydedup,5,2,enron_full_279563,no_exact_ref,6260.206,1,0,88134,5640768
fuzzydedup,6,2,enron_full_279563,no_exact_ref,6097.940,1,0,102517,6561280
fuzzydedup,5,2,enron_full_279751,exact_ref,5872.992,1,0,80169,5131008
fuzzydedup,6,2,enron_full_279751,exact_ref,6319.100,1,0,95677,6123520
fuzzydedup,4,2,enron_full_279751,exact_ref,4667.074,1,0,64636,4136896
fuzzydedup,6,2,enron_full_280423,no_exact_ref,11521.713,0,7,197034,12610176
fuzzydedup,4,2,enron_full_280423,no_exact_ref,8389.537,0,5,140955,9021120
fuzzydedup,5,2,enron_full_280423,no_exact_ref,10067.975,0,6,169489,10847296
fuzzydedup,4,2,enron_full_280603,no_exact_ref,8385.705,0,5,137769,8817216
fuzzydedup,5,2,enron_full_280603,no_exact_ref,9054.890,0,6,164996,10559744
fuzzydedup,6,2,enron_full_280603,no_exact_ref,10301.042,0,7,191555,12259520
fuzzydedup,5,2,enron_full_281547,no_exact_ref,7881.101,0,6,164671,10538944
fuzzydedup,6,2,enron_full_281547,no_exact_ref,9658.738,0,7,190614,12199296
fuzzydedup,4,2,enron_full_281547,no_exact_ref,6364.931,0,5,137103,8774592
fuzzydedup,6,2,enron_full_282395,exact_ref,4032.563,1,0,56285,3602432
fuzzydedup,4,2,enron_full_282395,exact_ref,2844.364,1,0,35178,2251584
fuzzydedup,5,2,enron_full_282395,exact_ref,2841.207,1,0,45234,2895168
fuzzydedup,4,2,enron_full_283356,exact_ref,5680.318,1,0,57764,3697088
fuzzydedup,5,2,enron_full_283356,exact_ref,4433.785,1,0,68446,4380736
fuzzydedup,6,2,enron_full_283356,exact_ref,4478.017,1,0,78032,4994432
fuzzydedup,5,2,enron_full_283839,exact_ref,2565.610,1,0,45914,2938688
fuzzydedup,6,2,enron_full_283839,exact_ref,2756.664,1,0,51562,3300160
fuzzydedup,4,2,enron_full_283839,exact_ref,2320.436,1,0,39692,2540480
fuzzydedup,6,2,enron_full_283868,exact_ref,2575.858,1,0,45024,2881728
fuzzydedup,4,2,enron_full_283868,exact_ref,2521.109,1,0,34774,2225728
fuzzydedup,5,2,enron_full_283868,exact_ref,2403.650,1,0,40422,2587200
fuzzydedup,4,2,enron_full_284197,exact_ref,1004.142,1,0,10968,702144
fuzzydedup,5,2,enron_full_284197,exact_ref,1180.274,1,0,12510,800832
fuzzydedup,6,2,enron_full_284197,exact_ref,939.879,1,0,13625,872192
fuzzydedup,5,2,enron_full_284956,exact_ref,4742.989,1,0,84169,5387008
fuzzydedup,6,2,enron_full_284956,exact_ref,5751.869,1,0,97517,6241280
fuzzydedup,4,2,enron_full_284956,exact_ref,4470.795,1,0,70347,4502400
fuzzydedup,6,2,enron_full_285559,exact_ref,4160.425,1,0,69109,4423168
fuzzydedup,4,2,enron_full_285559,exact_ref,3016.425,1,0,53121,3399936
fuzzydedup,5,2,enron_full_285559,exact_ref,3513.277,1,0,61679,3947648
fuzzydedup,4,2,enron_full_286024,exact_ref,4819.012,1,0,66104,4230848
fuzzydedup,5,2,enron_full_286024,exact_ref,5513.942,1,0,81612,5223360
fuzzydedup,6,2,enron_full_286024,exact_ref,5761.216,1,0,95995,6143872
fuzzydedup,5,2,enron_full_286036,exact_ref,3575.190,1,0,55504,3552448
fuzzydedup,6,2,enron_full_286036,exact_ref,3809.904,1,0,61726,3950656
fuzzydedup,4,2,enron_full_286036,exact_ref,2783.136,1,0,48074,3076928
fuzzydedup,6,2,enron_full_286164,exact_ref,5456.500,1,0,82063,5252224
fuzzydedup,4,2,enron_full_286164,exact_ref,3885.227,1,0,52090,3333952
fuzzydedup,5,2,enron_full_286164,exact_ref,4935.646,1,0,66802,4275520
fuzzydedup,4,2,enron_full_286899,exact_ref,4299.024,1,0,62349,3990528
fuzzydedup,5,2,enron_full_286899,exact_ref,5106.220,1,0,78260,5008832
fuzzydedup,6,2,enron_full_286899,exact_ref,6078.191,1,0,94479,6046848
fuzzydedup,5,2,enron_full_287012,no_exact_ref,8371.128,0,6,169489,10847296
fuzzydedup,6,2,enron_full_287012,no_exact_ref,10323.071,0,7,197034,12610176
fuzzydedup,4,2,enron_full_287012,no_exact_ref,8480.824,0,5,140955,9021120
fuzzydedup,6,2,enron_full_287512,exact_ref,5736.417,1,0,95626,6120256
fuzzydedup,4,2,enron_full_287512,exact_ref,4498.227,1,0,63954,4093248
fuzzydedup,5,2,enron_full_287512,exact_ref,4694.488,1,0,79715,5101952
fuzzydedup,4,2,enron_full_287655,exact_ref,4406.038,1,0,60151,3849856
fuzzydedup,5,2,enron_full_287655,exact_ref,5206.531,1,0,75412,4826560
fuzzydedup,6,2,enron_full_287655,exact_ref,5417.785,1,0,91173,5835264
fuzzydedup,5,2,enron_full_287736,exact_ref,5790.712,1,0,83486,5343296
fuzzydedup,6,2,enron_full_287736,exact_ref,6760.051,1,0,98994,6335808
fuzzydedup,4,2,enron_full_287736,exact_ref,4988.377,1,0,67953,4349184
fuzzydedup,6,2,enron_full_287760,exact_ref,5645.384,1,0,91176,5835456
fuzzydedup,4,2,enron_full_287760,exact_ref,4647.364,1,0,60154,3850048
fuzzydedup,5,2,enron_full_287760,exact_ref,4945.357,1,0,75415,4826752
fuzzydedup,4,2,enron_full_287778,exact_ref,3736.700,1,0,56228,3598784
fuzzydedup,5,2,enron_full_287778,exact_ref,4116.496,1,0,66910,4282432
fuzzydedup,6,2,enron_full_287778,exact_ref,4842.051,1,0,76496,4895936
fuzzydedup,5,2,enron_full_288938,exact_ref,3979.388,1,0,48568,3108544
fuzzydedup,6,2,enron_full_288938,exact_ref,4138.509,1,0,60262,3856960
fuzzydedup,4,2,enron_full_288938,exact_ref,2791.659,1,0,37517,2401280
fuzzydedup,6,2,enron_full_289243,no_exact_ref,8372.595,0,7,144058,9219712
fuzzydedup,4,2,enron_full_289243,no_exact_ref,5865.212,0,5,100182,6411648
fuzzydedup,5,2,enron_full_289243,no_exact_ref,8393.807,0,6,122217,7821888
fuzzydedup,4,2,enron_full_291054,no_exact_ref,8468.489,0,5,141284,9042176
fuzzydedup,5,2,enron_full_291054,no_exact_ref,10342.559,0,6,169864,10871296
fuzzydedup,6,2,enron_full_291054,no_exact_ref,11331.537,0,7,197015,12608960
fuzzydedup,5,2,enron_full_291275,no_exact_ref,8505.766,0,6,147636,9448704
fuzzydedup,6,2,enron_full_291275,no_exact_ref,10225.261,0,7,172289,11026624
fuzzydedup,4,2,enron_full_291275,no_exact_ref,7307.899,0,5,121972,7806208
fuzzydedup,6,2,enron_full_291375,no_exact_ref,9897.581,0,7,177736,11375104
fuzzydedup,4,2,enron_full_291375,no_exact_ref,6765.565,0,5,127462,8157568
fuzzydedup,5,2,enron_full_291375,no_exact_ref,8577.768,0,6,153267,9809088
fuzzydedup,4,2,enron_full_291790,exact_ref,4861.694,1,0,71438,4572224
fuzzydedup,5,2,enron_full_291790,exact_ref,5806.319,1,0,87845,5622272
fuzzydedup,6,2,enron_full_291790,exact_ref,7287.973,1,0,103817,6644480
fuzzydedup,5,2,enron_full_292561,exact_ref,3787.167,1,0,50066,3204416
fuzzydedup,6,2,enron_full_292561,exact_ref,4159.073,1,0,61760,3952832
fuzzydedup,4,2,enron_full_292561,exact_ref,3008.478,1,0,39015,2497152
fuzzydedup,6,2,enron_full_292656,exact_ref,2095.852,1,0,29500,1888192
fuzzydedup,4,2,enron_full_292656,exact_ref,1881.449,1,0,24163,1546624
fuzzydedup,5,2,enron_full_292656,exact_ref,2168.724,1,0,27111,1735296
fuzzydedup,4,2,enron_full_293066,exact_ref,2941.734,1,0,43042,2754880
fuzzydedup,5,2,enron_full_293066,exact_ref,3158.836,1,0,49264,3153088
fuzzydedup,6,2,enron_full_293066,exact_ref,3449.592,1,0,54912,3514560
fuzzydedup,5,2,enron_full_293083,exact_ref,6292.298,1,0,87813,5620224
fuzzydedup,6,2,enron_full_293083,exact_ref,6634.594,1,0,103785,6642432
fuzzydedup,4,2,enron_full_293083,exact_ref,5227.124,1,0,71406,4570176
fuzzydedup,6,2,enron_full_293619,exact_ref,5064.673,1,0,67525,4321792
fuzzydedup,4,2,enron_full_293619,exact_ref,3360.530,1,0,42502,2720320
fuzzydedup,5,2,enron_full_293619,exact_ref,3756.413,1,0,54196,3468736
fuzzydedup,4,2,enron_full_293948,no_exact_ref,8771.719,0,5,140955,9021184
fuzzydedup,5,2,enron_full_293948,no_exact_ref,9743.955,0,6,169489,10847360
fuzzydedup,6,2,enron_full_293948,no_exact_ref,10866.500,0,7,197034,12610240
fuzzydedup,5,2,enron_full_293985,exact_ref,1507.703,1,0,18384,1176768
fuzzydedup,6,2,enron_full_293985,exact_ref,1480.540,1,0,19926,1275456
fuzzydedup,4,2,enron_full_293985,exact_ref,1314.100,1,0,16569,1060608
fuzzydedup,6,2,enron_full_295023,exact_ref,6406.243,1,0,102984,6591168
fuzzydedup,4,2,enron_full_295023,exact_ref,5127.144,1,0,73093,4678144
fuzzydedup,5,2,enron_full_295023,exact_ref,5629.685,1,0,88601,5670656
fuzzydedup,4,2,enron_full_295246,no_exact_ref,2412.152,0,5,36079,2309056
fuzzydedup,5,2,enron_full_295246,no_exact_ref,2424.795,0,6,45752,2928320
fuzzydedup,6,2,enron_full_295246,no_exact_ref,2939.755,0,7,56044,3588032
fuzzydedup,5,2,enron_full_296957,no_exact_ref,6810.578,0,6,122217,7821952
fuzzydedup,6,2,enron_full_296957,no_exact_ref,8138.407,0,7,144058,9219840
fuzzydedup,4,2,enron_full_296957,no_exact_ref,5969.267,0,5,100182,6411712
fuzzydedup,6,2,enron_full_298392,no_exact_ref,1950.831,0,7,30403,1945792
fuzzydedup,4,2,enron_full_298392,no_exact_ref,1651.463,0,5,20078,1284992
fuzzydedup,5,2,enron_full_298392,no_exact_ref,1858.939,0,6,25066,1604224
fuzzydedup,4,2,enron_full_298764,no_exact_ref,7863.501,0,5,140955,9021120
fuzzydedup,5,2,enron_full_298764,no_exact_ref,8870.353,0,6,169489,10847296
fuzzydedup,6,2,enron_full_298764,no_exact_ref,10123.572,0,7,197034,12610176
fuzzydedup,5,2,enron_full_299033,no_exact_ref,9198.050,0,6,168810,10803840
fuzzydedup,6,2,enron_full_299033,no_exact_ref,10111.717,0,7,194887,12472768
fuzzydedup,4,2,enron_full_299033,no_exact_ref,8159.409,0,5,139973,8958272
fuzzydedup,6,2,enron_full_299289,exact_ref,146.646,1,0,1111,71296
fuzzydedup,4,2,enron_full_299289,exact_ref,99.218,1,0,738,47424
fuzzydedup,5,2,enron_full_299289,exact_ref,108.453,1,0,900,57792
fuzzydedup,4,2,enron_full_299345,exact_ref,4661.687,1,0,61523,3937664
fuzzydedup,5,2,enron_full_299345,exact_ref,4916.490,1,0,75345,4822272
fuzzydedup,6,2,enron_full_299345,exact_ref,5578.994,1,0,88693,5676544
fuzzydedup,5,2,enron_full_299690,exact_ref,5655.422,1,0,89353,5718784
fuzzydedup,6,2,enron_full_299690,exact_ref,6484.456,1,0,104861,6711296
fuzzydedup,4,2,enron_full_299690,exact_ref,4816.228,1,0,73820,4724672
fuzzydedup,6,2,enron_full_300310,exact_ref,2942.483,1,0,41248,2640064
fuzzydedup,4,2,enron_full_300310,exact_ref,1793.611,1,0,25550,1635392
fuzzydedup,5,2,enron_full_300310,exact_ref,2357.500,1,0,33002,2112320
fuzzydedup,4,2,enron_full_300702,exact_ref,4688.368,1,0,73091,4678016
fuzzydedup,5,2,enron_full_300702,exact_ref,5054.752,1,0,87474,5598528
fuzzydedup,6,2,enron_full_300702,exact_ref,5798.153,1,0,101296,6483136
fuzzydedup,5,2,enron_full_301521,exact_ref,3014.648,1,0,49657,3178240
fuzzydedup,6,2,enron_full_301521,exact_ref,3111.432,1,0,55305,3539712
fuzzydedup,4,2,enron_full_301521,exact_ref,2864.672,1,0,43435,2780032
fuzzydedup,6,2,enron_full_301926,exact_ref,5051.330,1,0,76213,4878016
fuzzydedup,4,2,enron_full_301926,exact_ref,3670.339,1,0,58069,3716608
fuzzydedup,5,2,enron_full_301926,exact_ref,4150.719,1,0,67655,4330304
fuzzydedup,4,2,enron_full_302529,exact_ref,1274.354,1,0,10256,656576
fuzzydedup,5,2,enron_full_302529,exact_ref,1374.656,1,0,13283,850304
fuzzydedup,6,2,enron_full_302529,exact_ref,1412.517,1,0,16605,1062912
fuzzydedup,5,2,enron_full_303527,exact_ref,5676.805,1,0,70848,4534464
fuzzydedup,6,2,enron_full_303527,exact_ref,5904.330,1,0,86109,5511168
fuzzydedup,4,2,enron_full_303527,exact_ref,3936.446,1,0,56136,3592896
fuzzydedup,6,2,enron_full_304134,exact_ref,5950.321,1,0,88703,5677184
fuzzydedup,4,2,enron_full_304134,exact_ref,4284.496,1,0,66214,4237888
fuzzydedup,5,2,enron_full_304134,exact_ref,4716.103,1,0,78021,4993536
fuzzydedup,4,2,enron_full_304324,exact_ref,5314.560,1,0,73900,4729792
fuzzydedup,5,2,enron_full_304324,exact_ref,6168.821,1,0,89408,5722304
fuzzydedup,6,2,enron_full_304324,exact_ref,6361.294,1,0,103791,6642816
fuzzydedup,5,2,enron_full_305112,exact_ref,3931.729,1,0,62032,3970240
fuzzydedup,6,2,enron_full_305112,exact_ref,4196.735,1,0,69462,4445760
fuzzydedup,4,2,enron_full_305112,exact_ref,3431.864,1,0,53474,3422528
fuzzydedup,6,2,enron_full_305491,exact_ref,4428.843,1,0,76126,4872256
fuzzydedup,4,2,enron_full_305491,exact_ref,3687.025,1,0,57982,3711040
fuzzydedup,5,2,enron_full_305491,exact_ref,4017.641,1,0,67568,4324544
fuzzydedup,4,2,enron_full_305595,exact_ref,5253.018,1,0,72924,4667328
fuzzydedup,5,2,enron_full_305595,exact_ref,5515.914,1,0,87307,5587840
fuzzydedup,6,2,enron_full_305595,exact_ref,6381.683,1,0,101129,6472448
fuzzydedup,5,2,enron_full_306022,exact_ref,4135.790,1,0,67876,4344256
fuzzydedup,6,2,enron_full_306022,exact_ref,4167.479,1,0,76434,4891968
fuzzydedup,4,2,enron_full_306022,exact_ref,3733.317,1,0,58290,3730752
fuzzydedup,6,2,enron_full_306282,exact_ref,1457.827,1,0,16859,1079168
fuzzydedup,4,2,enron_full_306282,exact_ref,1307.412,1,0,13502,864320
fuzzydedup,5,2,enron_full_306282,exact_ref,1386.360,1,0,15317,980480
fuzzydedup,4,2,enron_full_306838,exact_ref,3457.242,1,0,43057,2755840
fuzzydedup,5,2,enron_full_306838,exact_ref,3815.519,1,0,54751,3504256
fuzzydedup,6,2,enron_full_306838,exact_ref,4516.128,1,0,68080,4357312
fuzzydedup,5,2,enron_full_306879,exact_ref,5995.096,1,0,86449,5532928
fuzzydedup,6,2,enron_full_306879,exact_ref,5890.450,1,0,102856,6582976
fuzzydedup,4,2,enron_full_306879,exact_ref,4806.459,1,0,70230,4494912
fuzzydedup,6,2,enron_full_307066,exact_ref,6506.681,1,0,104732,6703040
fuzzydedup,4,2,enron_full_307066,exact_ref,4256.949,1,0,73227,4686720
fuzzydedup,5,2,enron_full_307066,exact_ref,5421.258,1,0,89199,5708928
fuzzydedup,4,2,enron_full_307536,exact_ref,4795.284,1,0,68008,4352704
fuzzydedup,5,2,enron_full_307536,exact_ref,5036.406,1,0,83919,5371008
fuzzydedup,6,2,enron_full_307536,exact_ref,5979.837,1,0,100138,6409024
fuzzydedup,5,2,enron_full_307959,exact_ref,1144.231,1,0,14856,950976
fuzzydedup,6,2,enron_full_307959,exact_ref,1143.652,1,0,15971,1022528
fuzzydedup,4,2,enron_full_307959,exact_ref,1152.639,1,0,13314,852288
fuzzydedup,6,2,enron_full_308283,exact_ref,6114.718,1,0,104135,6664832
fuzzydedup,4,2,enron_full_308283,exact_ref,4712.568,1,0,71756,4592576
fuzzydedup,5,2,enron_full_308283,exact_ref,5709.846,1,0,88163,5642624
fuzzydedup,4,2,enron_full_308504,exact_ref,3427.385,1,0,53792,3442880
fuzzydedup,5,2,enron_full_308504,exact_ref,3440.056,1,0,62350,3990592
fuzzydedup,6,2,enron_full_308504,exact_ref,3856.627,1,0,69780,4466112
fuzzydedup,5,2,enron_full_308666,exact_ref,1895.414,1,0,27273,1745664
fuzzydedup,6,2,enron_full_308666,exact_ref,1719.819,1,0,29662,1898560
fuzzydedup,4,2,enron_full_308666,exact_ref,1539.497,1,0,24325,1556992
fuzzydedup,6,2,enron_full_310049,exact_ref,1572.828,1,0,18644,1193408
fuzzydedup,4,2,enron_full_310049,exact_ref,1283.451,1,0,11486,735296
fuzzydedup,5,2,enron_full_310049,exact_ref,1350.813,1,0,14808,947904
fuzzydedup,4,2,enron_full_310050,exact_ref,1880.037,1,0,29183,1867904
fuzzydedup,5,2,enron_full_310050,exact_ref,2093.260,1,0,32666,2090816
fuzzydedup,6,2,enron_full_310050,exact_ref,2282.268,1,0,35614,2279488
fuzzydedup,5,2,enron_full_310056,exact_ref,3765.100,1,0,62386,3992896
fuzzydedup,6,2,enron_full_310056,exact_ref,3997.592,1,0,69816,4468416
fuzzydedup,4,2,enron_full_310056,exact_ref,3343.532,1,0,53828,3445184
fuzzydedup,6,2,enron_full_310895,exact_ref,1703.223,1,0,23776,1521856
fuzzydedup,4,2,enron_full_310895,exact_ref,1123.773,1,0,14344,918208
fuzzydedup,5,2,enron_full_310895,exact_ref,1263.666,1,0,18540,1186752
fuzzydedup,4,2,enron_full_310913,exact_ref,5102.092,1,0,72176,4619456
fuzzydedup,5,2,enron_full_310913,exact_ref,5772.430,1,0,88583,5669504
fuzzydedup,6,2,enron_full_310913,exact_ref,5605.731,1,0,104555,6691712
fuzzydedup,5,2,enron_full_311017,exact_ref,4925.042,1,0,86572,5540800
fuzzydedup,6,2,enron_full_311017,exact_ref,6480.853,1,0,102979,6590848
fuzzydedup,4,2,enron_full_311017,exact_ref,4754.554,1,0,70353,4502784
fuzzydedup,6,2,enron_full_313090,exact_ref,6200.863,1,0,101088,6469824
fuzzydedup,4,2,enron_full_313090,exact_ref,5294.396,1,0,72883,4664704
fuzzydedup,5,2,enron_full_313090,exact_ref,4766.122,1,0,87266,5585216
fuzzydedup,4,2,enron_full_314206,exact_ref,2985.302,1,0,43238,2767424
fuzzydedup,5,2,enron_full_314206,exact_ref,3833.181,1,0,54932,3515840
fuzzydedup,6,2,enron_full_314206,exact_ref,4551.157,1,0,68261,4368896
fuzzydedup,5,2,enron_full_314362,exact_ref,2799.998,1,0,45454,2909248
fuzzydedup,6,2,enron_full_314362,exact_ref,3415.629,1,0,56505,3616512
fuzzydedup,4,2,enron_full_314362,exact_ref,2819.189,1,0,35398,2265664
fuzzydedup,6,2,enron_full_315231,exact_ref,6888.469,1,0,105074,6724928
fuzzydedup,4,2,enron_full_315231,exact_ref,5240.041,1,0,73569,4708608
fuzzydedup,5,2,enron_full_315231,exact_ref,5931.706,1,0,89541,5730816
fuzzydedup,4,2,enron_full_315279,exact_ref,5364.961,1,0,73310,4692032
fuzzydedup,5,2,enron_full_315279,exact_ref,6081.923,1,0,89282,5714240
fuzzydedup,6,2,enron_full_315279,exact_ref,6530.476,1,0,104815,6708352
fuzzydedup,5,2,enron_full_315623,exact_ref,2330.731,1,0,32460,2077632
fuzzydedup,6,2,enron_full_315623,exact_ref,2437.072,1,0,35408,2266304
fuzzydedup,4,2,enron_full_315623,exact_ref,1713.848,1,0,28977,1854720
fuzzydedup,6,2,enron_full_316006,exact_ref,1129.297,1,0,16039,1026688
fuzzydedup,4,2,enron_full_316006,exact_ref,1128.961,1,0,13382,856640
fuzzydedup,5,2,enron_full_316006,exact_ref,1031.229,1,0,14924,955328
fuzzydedup,4,2,enron_full_317192,exact_ref,2439.149,1,0,31442,2012544
fuzzydedup,5,2,enron_full_317192,exact_ref,3128.305,1,0,40887,2617024
fuzzydedup,6,2,enron_full_317192,exact_ref,4017.546,1,0,50943,3260608
fuzzydedup,5,2,enron_full_317451,exact_ref,1061.086,1,0,11898,761664
fuzzydedup,6,2,enron_full_317451,exact_ref,973.161,1,0,12604,806848
fuzzydedup,4,2,enron_full_317451,exact_ref,985.786,1,0,10783,690304
fuzzydedup,6,2,enron_full_318133,exact_ref,6166.915,1,0,85983,5503104
fuzzydedup,4,2,enron_full_318133,exact_ref,5134.492,1,0,56010,3584832
fuzzydedup,5,2,enron_full_318133,exact_ref,6344.712,1,0,70722,4526400
fuzzydedup,4,2,enron_full_318207,exact_ref,713.578,1,0,6576,421056
fuzzydedup,5,2,enron_full_318207,exact_ref,758.629,1,0,7135,456832
fuzzydedup,6,2,enron_full_318207,exact_ref,707.486,1,0,7515,481152
fuzzydedup,5,2,enron_full_318845,exact_ref,5502.729,1,0,80339,5141888
fuzzydedup,6,2,enron_full_318845,exact_ref,6290.499,1,0,96250,6160192
fuzzydedup,4,2,enron_full_318845,exact_ref,5122.129,1,0,64578,4133184
fuzzydedup,6,2,enron_full_318909,exact_ref,6419.610,1,0,101285,6482432
fuzzydedup,4,2,enron_full_318909,exact_ref,5336.358,1,0,73080,4677312
fuzzydedup,5,2,enron_full_318909,exact_ref,5564.998,1,0,87463,5597824
fuzzydedup,4,2,enron_full_319080,exact_ref,1616.678,1,0,20309,1299968
fuzzydedup,5,2,enron_full_319080,exact_ref,1660.251,1,0,22698,1452864
fuzzydedup,6,2,enron_full_319080,exact_ref,1685.453,1,0,24513,1569024
fuzzydedup,5,2,enron_full_319320,exact_ref,6156.165,1,0,89185,5708032
fuzzydedup,6,2,enron_full_319320,exact_ref,6177.939,1,0,104693,6700544
fuzzydedup,4,2,enron_full_319320,exact_ref,5075.486,1,0,73652,4713920
fuzzydedup,6,2,enron_full_319952,exact_ref,6501.652,1,0,99861,6391488
fuzzydedup,4,2,enron_full_319952,exact_ref,4459.918,1,0,67731,4334976
fuzzydedup,5,2,enron_full_319952,exact_ref,5354.938,1,0,83642,5353472
fuzzydedup,4,2,enron_full_320564,exact_ref,4520.432,1,0,66390,4249152
fuzzydedup,5,2,enron_full_320564,exact_ref,4392.278,1,0,78197,5004800
fuzzydedup,6,2,enron_full_320564,exact_ref,4810.053,1,0,88879,5688448
fuzzydedup,5,2,enron_full_320626,exact_ref,5112.992,1,0,75903,4857984
fuzzydedup,6,2,enron_full_320626,exact_ref,6137.252,1,0,91664,5866688
fuzzydedup,4,2,enron_full_320626,exact_ref,4087.258,1,0,60642,3881280
fuzzydedup,6,2,enron_full_321445,exact_ref,5033.970,1,0,82691,5292416
fuzzydedup,4,2,enron_full_321445,exact_ref,3860.581,1,0,62423,3995264
fuzzydedup,5,2,enron_full_321445,exact_ref,4360.086,1,0,73105,4678912
fuzzydedup,4,2,enron_full_321807,exact_ref,1286.929,1,0,14270,913472
fuzzydedup,5,2,enron_full_321807,exact_ref,1518.591,1,0,18466,1182016
fuzzydedup,6,2,enron_full_321807,exact_ref,1744.004,1,0,23702,1517120
fuzzydedup,5,2,enron_full_321918,exact_ref,5001.875,1,0,70908,4538304
fuzzydedup,6,2,enron_full_321918,exact_ref,5696.886,1,0,86169,5515008
fuzzydedup,4,2,enron_full_321918,exact_ref,3486.764,1,0,56196,3596736
fuzzydedup,6,2,enron_full_322149,exact_ref,6102.441,1,0,104101,6662656
fuzzydedup,4,2,enron_full_322149,exact_ref,4823.505,1,0,71722,4590400
fuzzydedup,5,2,enron_full_322149,exact_ref,5223.461,1,0,88129,5640448
fuzzydedup,4,2,enron_full_322706,exact_ref,468.287,1,0,3627,232320
fuzzydedup,5,2,enron_full_322706,exact_ref,445.393,1,0,3903,249984
fuzzydedup,6,2,enron_full_322706,exact_ref,465.001,1,0,4178,267584
fuzzydedup,5,2,enron_full_322737,exact_ref,2203.041,1,0,32561,2084096
fuzzydedup,6,2,enron_full_322737,exact_ref,2271.984,1,0,35509,2272768
fuzzydedup,4,2,enron_full_322737,exact_ref,1964.776,1,0,29078,1861184
fuzzydedup,6,2,enron_full_322757,exact_ref,2431.671,1,0,33078,2117184
fuzzydedup,4,2,enron_full_322757,exact_ref,1682.077,1,0,20224,1294528
fuzzydedup,5,2,enron_full_322757,exact_ref,1781.772,1,0,26304,1683648
fuzzydedup,4,2,enron_full_324000,exact_ref,1939.173,1,0,24230,1550912
fuzzydedup,5,2,enron_full_324000,exact_ref,1807.627,1,0,27713,1773824
fuzzydedup,6,2,enron_full_324000,exact_ref,1988.429,1,0,30661,1962496
fuzzydedup,5,2,enron_full_324353,no_exact_ref,1875.341,0,6,28110,1799104
fuzzydedup,6,2,enron_full_324353,no_exact_ref,2129.639,0,7,34498,2207936
fuzzydedup,4,2,enron_full_324353,no_exact_ref,1692.009,0,5,22576,1444864
fuzzydedup,6,2,enron_full_325002,exact_ref,6013.783,1,0,104497,6688512
fuzzydedup,4,2,enron_full_325002,exact_ref,4508.601,1,0,74606,4774976
fuzzydedup,5,2,enron_full_325002,exact_ref,5404.404,1,0,90114,5767680
fuzzydedup,4,2,enron_full_325131,exact_ref,2320.520,1,0,26831,1717376
fuzzydedup,5,2,enron_full_325131,exact_ref,2678.540,1,0,35077,2245120
fuzzydedup,6,2,enron_full_325131,exact_ref,3140.569,1,0,44522,2849600
fuzzydedup,5,2,enron_full_325547,exact_ref,5676.349,1,0,84640,5417152
fuzzydedup,6,2,enron_full_325547,exact_ref,6289.283,1,0,99023,6337664
fuzzydedup,4,2,enron_full_325547,exact_ref,4503.064,1,0,69132,4424640
fuzzydedup,6,2,enron_full_326276,exact_ref,5337.947,1,0,86528,5537984
fuzzydedup,4,2,enron_full_326276,exact_ref,3714.142,1,0,56555,3619712
fuzzydedup,5,2,enron_full_326276,exact_ref,5064.242,1,0,71267,4561280
fuzzydedup,4,2,enron_full_326406,exact_ref,2750.475,1,0,43825,2804992
fuzzydedup,5,2,enron_full_326406,exact_ref,2890.267,1,0,50047,3203200
fuzzydedup,6,2,enron_full_326406,exact_ref,2986.079,1,0,55695,3564672
fuzzydedup,5,2,enron_full_326699,exact_ref,1522.241,1,0,16636,1064896
fuzzydedup,6,2,enron_full_326699,exact_ref,1611.561,1,0,20832,1333440
fuzzydedup,4,2,enron_full_326699,exact_ref,1226.264,1,0,12800,819392
fuzzydedup,6,2,enron_full_326891,exact_ref,4131.646,1,0,70143,4489344
fuzzydedup,4,2,enron_full_326891,exact_ref,3333.886,1,0,54155,3466112
fuzzydedup,5,2,enron_full_326891,exact_ref,3415.405,1,0,62713,4013824
fuzzydedup,4,2,enron_full_327398,exact_ref,2661.992,1,0,31617,2023680
fuzzydedup,5,2,enron_full_327398,exact_ref,2946.111,1,0,41062,2628160
fuzzydedup,6,2,enron_full_327398,exact_ref,3601.255,1,0,51118,3271744
fuzzydedup,5,2,enron_full_327734,exact_ref,4808.191,1,0,82868,5303744
fuzzydedup,6,2,enron_full_327734,exact_ref,5102.052,1,0,94675,6059392
fuzzydedup,4,2,enron_full_327734,exact_ref,4504.555,1,0,69520,4449472
fuzzydedup,6,2,enron_full_330743,exact_ref,408.260,1,0,1584,101568
fuzzydedup,4,2,enron_full_330743,exact_ref,365.659,1,0,1411,90496
fuzzydedup,5,2,enron_full_330743,exact_ref,365.709,1,0,1495,95872
fuzzydedup,4,2,enron_full_330847,exact_ref,2382.879,1,0,35174,2251328
fuzzydedup,5,2,enron_full_330847,exact_ref,2490.313,1,0,40822,2612800
fuzzydedup,6,2,enron_full_330847,exact_ref,2537.870,1,0,45424,2907328
fuzzydedup,5,2,enron_full_331065,no_exact_ref,5915.840,0,6,103384,6616576
fuzzydedup,6,2,enron_full_331065,no_exact_ref,7609.602,0,7,123332,7893248
fuzzydedup,4,2,enron_full_331065,no_exact_ref,5015.404,0,5,84127,5384128
fuzzydedup,6,2,enron_full_331235,exact_ref,3271.531,1,0,46312,2964160
fuzzydedup,4,2,enron_full_331235,exact_ref,2509.430,1,0,28621,1831936
fuzzydedup,5,2,enron_full_331235,exact_ref,2714.592,1,0,36867,2359680
fuzzydedup,4,2,enron_full_331309,no_exact_ref,3027.973,0,5,44983,2878912
fuzzydedup,5,2,enron_full_331309,no_exact_ref,3594.087,0,6,55915,3578560
fuzzydedup,6,2,enron_full_331309,no_exact_ref,4265.006,0,7,67711,4333504
fuzzydedup,5,2,enron_full_332147,no_exact_ref,2462.582,0,6,35649,2281536
fuzzydedup,6,2,enron_full_332147,no_exact_ref,2864.905,0,7,43148,2761472
fuzzydedup,4,2,enron_full_332147,no_exact_ref,2112.827,0,5,28839,1845696
fuzzydedup,6,2,enron_full_332523,exact_ref,6879.603,1,0,104216,6670016
fuzzydedup,4,2,enron_full_332523,exact_ref,5293.992,1,0,74325,4756992
fuzzydedup,5,2,enron_full_332523,exact_ref,6090.643,1,0,89833,5749504
fuzzydedup,4,2,enron_full_333276,exact_ref,3129.266,1,0,43947,2812800
fuzzydedup,5,2,enron_full_333276,exact_ref,3377.522,1,0,50169,3211008
fuzzydedup,6,2,enron_full_333276,exact_ref,3413.502,1,0,55817,3572480
fuzzydedup,5,2,enron_full_333308,exact_ref,4270.697,1,0,55237,3535360
fuzzydedup,6,2,enron_full_333308,exact_ref,4890.221,1,0,68566,4388416
fuzzydedup,4,2,enron_full_333308,exact_ref,3450.049,1,0,43543,2786944
fuzzydedup,6,2,enron_full_333309,exact_ref,5914.412,1,0,94779,6066048
fuzzydedup,4,2,enron_full_333309,exact_ref,4770.822,1,0,69624,4456128
fuzzydedup,5,2,enron_full_333309,exact_ref,4970.274,1,0,82972,5310400
fuzzydedup,4,2,enron_full_334798,no_exact_ref,1139.667,0,5,14937,955968
fuzzydedup,5,2,enron_full_334798,no_exact_ref,1337.141,0,6,19815,1268160
fuzzydedup,6,2,enron_full_334798,no_exact_ref,1616.503,0,7,25738,1647232
fuzzydedup,5,2,enron_full_335428,exact_ref,1372.785,1,0,18787,1202560
fuzzydedup,6,2,enron_full_335428,exact_ref,1400.784,1,0,20329,1301248
fuzzydedup,4,2,enron_full_335428,exact_ref,1408.132,1,0,16972,1086400
fuzzydedup,6,2,enron_full_335498,exact_ref,5492.399,1,0,94780,6066112
fuzzydedup,4,2,enron_full_335498,exact_ref,4712.996,1,0,69625,4456192
fuzzydedup,5,2,enron_full_335498,exact_ref,4727.814,1,0,82973,5310464
fuzzydedup,4,2,enron_full_335546,exact_ref,3587.502,1,0,56642,3625280
fuzzydedup,5,2,enron_full_335546,exact_ref,4596.768,1,0,71354,4566848
fuzzydedup,6,2,enron_full_335546,exact_ref,5273.847,1,0,86615,5543552
fuzzydedup,5,2,enron_full_335575,exact_ref,5360.938,1,0,84405,5402112
fuzzydedup,6,2,enron_full_335575,exact_ref,5659.329,1,0,100624,6440128
fuzzydedup,4,2,enron_full_335575,exact_ref,4511.988,1,0,68494,4383808
fuzzydedup,6,2,enron_full_335623,exact_ref,5226.997,1,0,86625,5544192
fuzzydedup,4,2,enron_full_335623,exact_ref,3451.426,1,0,56652,3625920
fuzzydedup,5,2,enron_full_335623,exact_ref,4530.749,1,0,71364,4567488
fuzzydedup,4,2,enron_full_335857,exact_ref,1931.744,1,0,26439,1692288
fuzzydedup,5,2,enron_full_335857,exact_ref,1945.346,1,0,29922,1915200
fuzzydedup,6,2,enron_full_335857,exact_ref,1859.822,1,0,32870,2103872
fuzzydedup,5,2,enron_full_335946,exact_ref,1295.633,1,0,16808,1075904
fuzzydedup,6,2,enron_full_335946,exact_ref,1468.792,1,0,18350,1174592
fuzzydedup,4,2,enron_full_335946,exact_ref,1264.539,1,0,14993,959744
fuzzydedup,6,2,enron_full_336542,exact_ref,5743.816,1,0,98561,6308096
fuzzydedup,4,2,enron_full_336542,exact_ref,4794.407,1,0,68670,4395072
fuzzydedup,5,2,enron_full_336542,exact_ref,5479.470,1,0,84178,5387584
fuzzydedup,4,2,enron_full_337267,exact_ref,869.629,1,0,10601,678656
fuzzydedup,5,2,enron_full_337267,exact_ref,834.661,1,0,11716,750016
fuzzydedup,6,2,enron_full_337267,exact_ref,858.064,1,0,12422,795200
fuzzydedup,5,2,enron_full_337292,exact_ref,4951.345,1,0,79872,5112000
fuzzydedup,6,2,enron_full_337292,exact_ref,5786.855,1,0,96091,6150016
fuzzydedup,4,2,enron_full_337292,exact_ref,4443.405,1,0,63961,4093696
fuzzydedup,6,2,enron_full_337470,exact_ref,5346.901,1,0,99323,6356864
fuzzydedup,4,2,enron_full_337470,exact_ref,4709.655,1,0,67651,4329856
fuzzydedup,5,2,enron_full_337470,exact_ref,4966.009,1,0,83412,5338560
fuzzydedup,4,2,enron_full_339638,no_exact_ref,5659.403,0,5,105124,6728064
fuzzydedup,5,2,enron_full_339638,no_exact_ref,7165.373,0,6,126879,8130304
fuzzydedup,6,2,enron_full_339638,no_exact_ref,8663.624,0,7,148499,9516736
fuzzydedup,5,2,enron_full_340418,exact_ref,2972.309,1,0,37036,2370496
fuzzydedup,6,2,enron_full_340418,exact_ref,4379.352,1,0,46481,2974976
fuzzydedup,4,2,enron_full_340418,exact_ref,3496.627,1,0,28790,1842752
fuzzydedup,6,2,enron_full_340472,exact_ref,5014.901,1,0,74492,4767680
fuzzydedup,4,2,enron_full_340472,exact_ref,3865.328,1,0,54224,3470528
fuzzydedup,5,2,enron_full_340472,exact_ref,4316.111,1,0,64906,4154176
fuzzydedup,4,2,enron_full_340761,exact_ref,3357.563,1,0,52549,3363328
fuzzydedup,5,2,enron_full_340761,exact_ref,3530.382,1,0,59979,3838848
fuzzydedup,6,2,enron_full_340761,exact_ref,3896.116,1,0,66201,4237056
fuzzydedup,5,2,enron_full_341249,exact_ref,3312.122,1,0,44549,2851328
fuzzydedup,6,2,enron_full_341249,exact_ref,3018.305,1,0,49151,3145856
fuzzydedup,4,2,enron_full_341249,exact_ref,2713.078,1,0,38901,2489856
fuzzydedup,6,2,enron_full_341362,exact_ref,2744.311,1,0,47962,3069760
fuzzydedup,4,2,enron_full_341362,exact_ref,2278.308,1,0,37712,2413760
fuzzydedup,5,2,enron_full_341362,exact_ref,2618.079,1,0,43360,2775232
fuzzydedup,4,2,enron_full_342301,exact_ref,1882.216,1,0,23553,1507584
fuzzydedup,5,2,enron_full_342301,exact_ref,2121.754,1,0,30327,1941120
fuzzydedup,6,2,enron_full_342301,exact_ref,2733.103,1,0,37779,2418048
fuzzydedup,5,2,enron_full_342735,exact_ref,4704.286,1,0,50680,3243712
fuzzydedup,6,2,enron_full_342735,exact_ref,4968.105,1,0,62374,3992128
fuzzydedup,4,2,enron_full_342735,exact_ref,2972.830,1,0,39629,2536448
fuzzydedup,6,2,enron_full_344191,exact_ref,6033.015,1,0,87023,5569664
fuzzydedup,4,2,enron_full_344191,exact_ref,3922.759,1,0,57050,3651392
fuzzydedup,5,2,enron_full_344191,exact_ref,5083.167,1,0,71762,4592960
fuzzydedup,4,2,enron_full_344335,exact_ref,5166.756,1,0,75137,4808960
fuzzydedup,5,2,enron_full_344335,exact_ref,5707.158,1,0,90670,5803072
fuzzydedup,6,2,enron_full_344335,exact_ref,6345.344,1,0,106178,6795584
fuzzydedup,5,2,enron_full_344645,no_exact_ref,9002.917,0,6,164671,10538944
fuzzydedup,6,2,enron_full_344645,no_exact_ref,10092.607,0,7,190614,12199296
fuzzydedup,4,2,enron_full_344645,no_exact_ref,7147.551,0,5,137103,8774592
fuzzydedup,6,2,enron_full_345595,exact_ref,2704.901,1,0,42492,2719680
fuzzydedup,4,2,enron_full_345595,exact_ref,2093.777,1,0,34407,2202240
fuzzydedup,5,2,enron_full_345595,exact_ref,2164.584,1,0,39009,2496768
fuzzydedup,4,2,enron_full_345814,exact_ref,4670.297,1,0,73239,4687488
fuzzydedup,5,2,enron_full_345814,exact_ref,5589.337,1,0,89646,5737536
fuzzydedup,6,2,enron_full_345814,exact_ref,6553.271,1,0,105618,6759744
fuzzydedup,5,2,enron_full_348142,exact_ref,5915.850,1,0,90596,5798336
fuzzydedup,6,2,enron_full_348142,exact_ref,6782.197,1,0,106104,6790848
fuzzydedup,4,2,enron_full_348142,exact_ref,5309.954,1,0,75063,4804224
fuzzydedup,6,2,enron_full_348438,no_exact_ref,10730.466,0,7,194644,12457408
fuzzydedup,4,2,enron_full_348438,no_exact_ref,8198.468,0,5,139516,8929024
fuzzydedup,5,2,enron_full_348438,no_exact_ref,9526.510,0,6,168125,10760128
fuzzydedup,4,2,enron_full_349353,no_exact_ref,6461.107,0,5,113227,7246528
fuzzydedup,5,2,enron_full_349353,no_exact_ref,7672.922,0,6,136629,8744256
fuzzydedup,6,2,enron_full_349353,no_exact_ref,8519.320,0,7,159258,10192512
fuzzydedup,5,2,enron_full_349483,no_exact_ref,5960.716,0,6,106088,6789632
fuzzydedup,6,2,enron_full_349483,no_exact_ref,6638.677,0,7,125079,8005056
fuzzydedup,4,2,enron_full_349483,no_exact_ref,4719.701,0,5,87103,5574592
fuzzydedup,6,2,enron_full_352068,no_exact_ref,9874.626,0,7,186103,11910592
fuzzydedup,4,2,enron_full_352068,no_exact_ref,6812.398,0,5,133491,8543424
fuzzydedup,5,2,enron_full_352068,no_exact_ref,8217.430,0,6,160514,10272896
fuzzydedup,4,2,enron_full_352183,exact_ref,112.397,1,0,725,46592
fuzzydedup,5,2,enron_full_352183,exact_ref,89.489,1,0,878,56384
fuzzydedup,6,2,enron_full_352183,exact_ref,93.945,1,0,1034,66368
fuzzydedup,5,2,enron_full_352410,exact_ref,2313.961,1,0,32832,2101440
fuzzydedup,6,2,enron_full_352410,exact_ref,2587.428,1,0,41078,2629184
fuzzydedup,4,2,enron_full_352410,exact_ref,1630.713,1,0,25380,1624512
fuzzydedup,6,2,enron_full_352552,no_exact_ref,9933.782,0,7,194887,12472768
fuzzydedup,4,2,enron_full_352552,no_exact_ref,7260.668,0,5,139973,8958272
fuzzydedup,5,2,enron_full_352552,no_exact_ref,8668.201,0,6,168810,10803840
fuzzydedup,4,2,enron_full_353158,exact_ref,4479.445,1,0,73063,4676224
fuzzydedup,5,2,enron_full_353158,exact_ref,5237.865,1,0,89470,5726272
fuzzydedup,6,2,enron_full_353158,exact_ref,6634.183,1,0,105442,6748480
fuzzydedup,5,2,enron_full_353883,no_exact_ref,7946.350,0,6,164671,10538944
fuzzydedup,6,2,enron_full_353883,no_exact_ref,9148.460,0,7,190614,12199296
fuzzydedup,4,2,enron_full_353883,no_exact_ref,6614.098,0,5,137103,8774592
fuzzydedup,6,2,enron_full_354290,no_exact_ref,4965.993,0,7,100525,6433920
fuzzydedup,4,2,enron_full_354290,no_exact_ref,3509.953,0,5,68018,4353408
fuzzydedup,5,2,enron_full_354290,no_exact_ref,3952.577,0,6,84314,5396352
fuzzydedup,4,2,enron_full_355229,no_exact_ref,2528.997,0,5,50866,3255424
fuzzydedup,5,2,enron_full_355229,no_exact_ref,3218.126,0,6,63363,4055232
fuzzydedup,6,2,enron_full_355229,no_exact_ref,3819.986,0,7,76712,4909568
fuzzydedup,5,2,enron_full_355694,exact_ref,5616.900,1,0,90804,5811648
fuzzydedup,6,2,enron_full_355694,exact_ref,5942.504,1,0,106312,6804160
fuzzydedup,4,2,enron_full_355694,exact_ref,4614.023,1,0,75271,4817536
fuzzydedup,6,2,enron_full_355895,no_exact_ref,8749.023,0,7,180015,11520960
fuzzydedup,4,2,enron_full_355895,no_exact_ref,6756.603,0,5,128135,8200640
fuzzydedup,5,2,enron_full_355895,no_exact_ref,7611.917,0,6,154598,9894272
fuzzydedup,4,2,enron_full_356569,no_exact_ref,3384.201,0,5,56325,3604800
fuzzydedup,5,2,enron_full_356569,no_exact_ref,4044.262,0,6,69703,4460992
fuzzydedup,6,2,enron_full_356569,no_exact_ref,6979.542,0,7,83781,5361984
fuzzydedup,5,2,enron_full_356908,exact_ref,9023.972,1,0,84952,5437120
fuzzydedup,6,2,enron_full_356908,exact_ref,10203.913,1,0,101171,6475136
fuzzydedup,4,2,enron_full_356908,exact_ref,7519.278,1,0,69041,4418816
fuzzydedup,6,2,enron_full_356976,no_exact_ref,12859.457,0,7,133357,8535232
fuzzydedup,4,2,enron_full_356976,no_exact_ref,9007.145,0,5,92244,5903680
fuzzydedup,5,2,enron_full_356976,no_exact_ref,7376.797,0,6,113036,7234368
fuzzydedup,4,2,enron_full_358597,no_exact_ref,5195.594,0,5,84127,5384128
fuzzydedup,5,2,enron_full_358597,no_exact_ref,5695.850,0,6,103384,6616576
fuzzydedup,6,2,enron_full_358597,no_exact_ref,7540.941,0,7,123332,7893248
fuzzydedup,5,2,enron_full_358915,no_exact_ref,5868.805,0,6,106088,6789632
fuzzydedup,6,2,enron_full_358915,no_exact_ref,5948.297,0,7,125079,8005056
fuzzydedup,4,2,enron_full_358915,no_exact_ref,6164.962,0,5,87103,5574592
fuzzydedup,6,2,enron_full_360085,exact_ref,3852.383,1,0,71172,4555200
fuzzydedup,4,2,enron_full_360085,exact_ref,3293.214,1,0,55184,3531968
fuzzydedup,5,2,enron_full_360085,exact_ref,3812.799,1,0,63742,4079680
fuzzydedup,4,2,enron_full_360983,exact_ref,4886.640,1,0,69114,4423488
fuzzydedup,5,2,enron_full_360983,exact_ref,5734.223,1,0,85025,5441792
fuzzydedup,6,2,enron_full_360983,exact_ref,9893.557,1,0,101244,6479808
fuzzydedup,5,2,enron_full_362389,exact_ref,5694.302,1,0,85070,5444672
fuzzydedup,6,2,enron_full_362389,exact_ref,6384.460,1,0,101289,6482688
fuzzydedup,4,2,enron_full_362389,exact_ref,4782.718,1,0,69159,4426368
fuzzydedup,6,2,enron_full_363120,exact_ref,2973.674,1,0,44651,2857856
fuzzydedup,4,2,enron_full_363120,exact_ref,2569.134,1,0,34401,2201856
fuzzydedup,5,2,enron_full_363120,exact_ref,2622.011,1,0,40049,2563328
fuzzydedup,4,2,enron_full_363607,no_exact_ref,6783.308,0,5,107991,6911424
fuzzydedup,5,2,enron_full_363607,no_exact_ref,7412.307,0,6,131204,8397056
fuzzydedup,6,2,enron_full_363607,no_exact_ref,8404.738,0,7,153889,9848896
fuzzydedup,5,2,enron_full_363846,no_exact_ref,9592.680,0,6,169864,10871296
fuzzydedup,6,2,enron_full_363846,no_exact_ref,10647.534,0,7,197015,12608960
fuzzydedup,4,2,enron_full_363846,no_exact_ref,8192.794,0,5,141284,9042176
fuzzydedup,6,2,enron_full_363876,exact_ref,4385.688,1,0,65057,4163840
fuzzydedup,4,2,enron_full_363876,exact_ref,2968.369,1,0,40034,2562368
fuzzydedup,5,2,enron_full_363876,exact_ref,3539.922,1,0,51728,3310784
fuzzydedup,4,2,enron_full_364025,no_exact_ref,6107.391,0,5,107991,6911424
fuzzydedup,5,2,enron_full_364025,no_exact_ref,7053.727,0,6,131204,8397056
fuzzydedup,6,2,enron_full_364025,no_exact_ref,8558.501,0,7,153889,9848896
fuzzydedup,5,2,enron_full_364586,exact_ref,2715.045,1,0,37634,2408768
fuzzydedup,6,2,enron_full_364586,exact_ref,2852.180,1,0,42236,2703296
fuzzydedup,4,2,enron_full_364586,exact_ref,2469.725,1,0,31986,2047296
fuzzydedup,6,2,enron_full_365105,no_exact_ref,4764.419,0,7,88518,5665152
fuzzydedup,4,2,enron_full_365105,no_exact_ref,3377.081,0,5,59159,3786176
fuzzydedup,5,2,enron_full_365105,no_exact_ref,3996.221,0,6,73355,4694720
fuzzydedup,4,2,enron_full_365478,no_exact_ref,7759.568,0,5,128135,8200640
fuzzydedup,5,2,enron_full_365478,no_exact_ref,8408.379,0,6,154598,9894272
fuzzydedup,6,2,enron_full_365478,no_exact_ref,9336.946,0,7,180015,11520960
fuzzydedup,5,2,enron_full_365497,exact_ref,4446.628,1,0,79829,5109248
fuzzydedup,6,2,enron_full_365497,exact_ref,4732.748,1,0,90511,5792896
fuzzydedup,4,2,enron_full_365497,exact_ref,3610.274,1,0,68022,4353600
fuzzydedup,6,2,enron_full_365509,no_exact_ref,2880.407,1,0,56465,3613952
fuzzydedup,4,2,enron_full_365509,no_exact_ref,2516.311,1,0,44595,2854272
fuzzydedup,5,2,enron_full_365509,no_exact_ref,2709.806,1,0,50817,3252480
fuzzydedup,4,2,enron_full_365947,no_exact_ref,6215.824,0,5,132999,8511936
fuzzydedup,5,2,enron_full_365947,no_exact_ref,7757.131,0,6,159592,10213888
fuzzydedup,6,2,enron_full_365947,no_exact_ref,8397.508,0,7,184939,11836096
fuzzydedup,5,2,enron_full_366510,exact_ref,1246.488,1,0,19244,1231808
fuzzydedup,6,2,enron_full_366510,exact_ref,1288.995,1,0,20786,1330496
fuzzydedup,4,2,enron_full_366510,exact_ref,1083.155,1,0,17429,1115648
fuzzydedup,6,2,enron_full_366895,exact_ref,5082.021,1,0,92873,5944064
fuzzydedup,4,2,enron_full_366895,exact_ref,4040.674,1,0,61851,3958656
fuzzydedup,5,2,enron_full_366895,exact_ref,4530.069,1,0,77112,4935360
fuzzydedup,4,2,enron_full_367052,no_exact_ref,5767.100,0,5,120641,7721024
fuzzydedup,5,2,enron_full_367052,no_exact_ref,6744.758,0,6,145606,9318784
fuzzydedup,6,2,enron_full_367052,no_exact_ref,7477.310,0,7,169255,10832320
fuzzydedup,5,2,enron_full_367129,no_exact_ref,5417.727,0,6,116994,7487616
fuzzydedup,6,2,enron_full_367129,no_exact_ref,5960.536,0,7,137129,8776256
fuzzydedup,4,2,enron_full_367129,no_exact_ref,4598.173,0,5,95838,6133632
fuzzydedup,6,2,enron_full_367319,no_exact_ref,10304.888,0,7,197034,12610176
fuzzydedup,4,2,enron_full_367319,no_exact_ref,8148.792,0,5,140955,9021120
fuzzydedup,5,2,enron_full_367319,no_exact_ref,9443.818,0,6,169489,10847296
fuzzydedup,4,2,enron_full_367765,exact_ref,2672.937,1,0,32042,2050880
fuzzydedup,5,2,enron_full_367765,exact_ref,3099.887,1,0,41487,2655360
fuzzydedup,6,2,enron_full_367765,exact_ref,3478.998,1,0,51543,3298944
fuzzydedup,5,2,enron_full_367912,no_exact_ref,5159.707,0,6,85290,5458560
fuzzydedup,6,2,enron_full_367912,no_exact_ref,6000.046,0,7,102455,6557120
fuzzydedup,4,2,enron_full_367912,no_exact_ref,4441.684,0,5,69400,4441600
fuzzydedup,6,2,enron_full_368156,no_exact_ref,3894.314,0,7,60498,3871872
fuzzydedup,4,2,enron_full_368156,no_exact_ref,2593.748,0,5,40217,2573888
fuzzydedup,5,2,enron_full_368156,no_exact_ref,3370.772,0,6,50020,3201280
fuzzydedup,4,2,enron_full_368318,no_exact_ref,6988.147,0,5,120641,7721024
fuzzydedup,5,2,enron_full_368318,no_exact_ref,7076.685,0,6,145606,9318784
fuzzydedup,6,2,enron_full_368318,no_exact_ref,8496.380,0,7,169255,10832320
fuzzydedup,5,2,enron_full_369168,exact_ref,5428.694,1,0,84718,5422144
fuzzydedup,6,2,enron_full_369168,exact_ref,6064.318,1,0,100629,6440448
fuzzydedup,4,2,enron_full_369168,exact_ref,4753.531,1,0,68957,4413440
fuzzydedup,6,2,enron_full_369419,exact_ref,6390.371,1,0,98214,6285888
fuzzydedup,4,2,enron_full_369419,exact_ref,4593.756,1,0,65588,4197824
fuzzydedup,5,2,enron_full_369419,exact_ref,5404.395,1,0,81807,5235840
fuzzydedup,4,2,enron_full_370439,exact_ref,4153.525,1,0,57330,3669312
fuzzydedup,5,2,enron_full_370439,exact_ref,4413.966,1,0,69137,4424960
fuzzydedup,6,2,enron_full_370439,exact_ref,4975.650,1,0,79819,5108608
fuzzydedup,5,2,enron_full_371121,no_exact_ref,3522.802,0,6,50020,3201280
fuzzydedup,6,2,enron_full_371121,no_exact_ref,3962.724,0,7,60498,3871872
fuzzydedup,4,2,enron_full_371121,no_exact_ref,2563.886,0,5,40217,2573888
fuzzydedup,6,2,enron_full_373728,exact_ref,6334.119,1,0,101653,6505984
fuzzydedup,4,2,enron_full_373728,exact_ref,4725.755,1,0,69523,4449664
fuzzydedup,5,2,enron_full_373728,exact_ref,4899.279,1,0,85434,5467968
fuzzydedup,4,2,enron_full_373978,exact_ref,4388.553,1,0,71881,4600576
fuzzydedup,5,2,enron_full_373978,exact_ref,5312.592,1,0,88100,5638592
fuzzydedup,6,2,enron_full_373978,exact_ref,5690.204,1,0,104507,6688640
fuzzydedup,5,2,enron_full_374719,exact_ref,3128.073,1,0,57921,3707136
fuzzydedup,6,2,enron_full_374719,exact_ref,3208.352,1,0,64143,4105344
fuzzydedup,4,2,enron_full_374719,exact_ref,3130.682,1,0,50491,3231616
fuzzydedup,6,2,enron_full_374736,exact_ref,4838.120,1,0,84838,5429824
fuzzydedup,4,2,enron_full_374736,exact_ref,3475.554,1,0,64570,4132672
fuzzydedup,5,2,enron_full_374736,exact_ref,3721.893,1,0,75252,4816320
fuzzydedup,4,2,enron_full_375606,exact_ref,3237.914,1,0,52493,3359744
fuzzydedup,5,2,enron_full_375606,exact_ref,3822.900,1,0,62079,3973248
fuzzydedup,6,2,enron_full_375606,exact_ref,4285.667,1,0,70637,4520960
fuzzydedup,5,2,enron_full_376013,exact_ref,189.443,1,0,2282,146240
fuzzydedup,6,2,enron_full_376013,exact_ref,164.211,1,0,2759,176768
fuzzydedup,4,2,enron_full_376013,exact_ref,123.197,1,0,1778,113984
fuzzydedup,6,2,enron_full_376710,exact_ref,5399.025,1,0,101703,6509184
fuzzydedup,4,2,enron_full_376710,exact_ref,4486.448,1,0,69573,4452864
fuzzydedup,5,2,enron_full_376710,exact_ref,5498.063,1,0,85484,5471168
fuzzydedup,4,2,enron_full_377221,exact_ref,4780.006,1,0,73437,4700160
fuzzydedup,5,2,enron_full_377221,exact_ref,5067.330,1,0,87259,5584768
fuzzydedup,6,2,enron_full_377221,exact_ref,5710.502,1,0,100607,6439040
fuzzydedup,5,2,enron_full_377377,exact_ref,1793.844,1,0,26827,1717120
fuzzydedup,6,2,enron_full_377377,exact_ref,1960.178,1,0,33601,2150656
fuzzydedup,4,2,enron_full_377377,exact_ref,1347.502,1,0,20747,1328000
fuzzydedup,6,2,enron_full_378712,exact_ref,6046.599,1,0,106957,6845440
fuzzydedup,4,2,enron_full_378712,exact_ref,4766.300,1,0,75452,4829120
fuzzydedup,5,2,enron_full_378712,exact_ref,5007.642,1,0,91424,5851328
fuzzydedup,4,2,enron_full_378826,exact_ref,2793.123,1,0,50358,3223104
fuzzydedup,5,2,enron_full_378826,exact_ref,3171.866,1,0,57788,3698624
fuzzydedup,6,2,enron_full_378826,exact_ref,3754.572,1,0,64010,4096832
fuzzydedup,5,2,enron_full_379382,exact_ref,5604.041,1,0,86197,5516800
fuzzydedup,6,2,enron_full_379382,exact_ref,5723.718,1,0,101705,6509312
fuzzydedup,4,2,enron_full_379382,exact_ref,4536.909,1,0,70664,4522688
fuzzydedup,6,2,enron_full_379515,exact_ref,4208.409,1,0,78162,5002560
fuzzydedup,4,2,enron_full_379515,exact_ref,3203.477,1,0,60018,3841344
fuzzydedup,5,2,enron_full_379515,exact_ref,3614.190,1,0,69604,4454848
fuzzydedup,4,2,enron_full_380183,exact_ref,3759.699,1,0,50752,3248320
fuzzydedup,5,2,enron_full_380183,exact_ref,5060.373,1,0,65464,4189888
fuzzydedup,6,2,enron_full_380183,exact_ref,4966.411,1,0,80725,5166592
fuzzydedup,5,2,enron_full_380419,exact_ref,4114.654,1,0,80153,5129984
fuzzydedup,6,2,enron_full_380419,exact_ref,4983.076,1,0,90835,5813632
fuzzydedup,4,2,enron_full_380419,exact_ref,4251.670,1,0,68346,4374336
fuzzydedup,6,2,enron_full_380667,exact_ref,3333.452,1,0,63982,4095040
fuzzydedup,4,2,enron_full_380667,exact_ref,3027.691,1,0,50330,3221312
fuzzydedup,5,2,enron_full_380667,exact_ref,3175.464,1,0,57760,3696832
fuzzydedup,4,2,enron_full_381275,exact_ref,3919.007,1,0,50676,3243456
fuzzydedup,5,2,enron_full_381275,exact_ref,4556.691,1,0,65388,4185024
fuzzydedup,6,2,enron_full_381275,exact_ref,5131.728,1,0,80649,5161728
fuzzydedup,5,2,enron_full_381430,exact_ref,741.685,1,0,9697,620800
fuzzydedup,6,2,enron_full_381430,exact_ref,776.096,1,0,10256,656576
fuzzydedup,4,2,enron_full_381430,exact_ref,764.236,1,0,8991,575616
fuzzydedup,6,2,enron_full_381540,exact_ref,6421.616,1,0,105450,6748992
fuzzydedup,4,2,enron_full_381540,exact_ref,4642.909,1,0,75559,4835968
fuzzydedup,5,2,enron_full_381540,exact_ref,5210.914,1,0,91067,5828480
fuzzydedup,4,2,enron_full_381912,exact_ref,964.182,1,0,8358,535104
fuzzydedup,5,2,enron_full_381912,exact_ref,1048.127,1,0,10709,685568
fuzzydedup,6,2,enron_full_381912,exact_ref,1352.904,1,0,13395,857472
fuzzydedup,5,2,enron_full_382401,no_exact_ref,7957.575,0,6,147636,9448704
fuzzydedup,6,2,enron_full_382401,no_exact_ref,9362.895,0,7,172289,11026496
fuzzydedup,4,2,enron_full_382401,no_exact_ref,7303.214,0,5,121972,7806208
fuzzydedup,6,2,enron_full_382476,exact_ref,4529.880,1,0,78192,5004480
fuzzydedup,4,2,enron_full_382476,exact_ref,3787.085,1,0,60048,3843264
fuzzydedup,5,2,enron_full_382476,exact_ref,4172.030,1,0,69634,4456768
fuzzydedup,4,2,enron_full_382877,exact_ref,5151.085,1,0,68192,4364480
fuzzydedup,5,2,enron_full_382877,exact_ref,5718.728,1,0,83725,5358592
fuzzydedup,6,2,enron_full_382877,exact_ref,6440.948,1,0,99233,6351104
fuzzydedup,5,2,enron_full_384162,no_exact_ref,7992.569,0,6,145606,9318784
fuzzydedup,6,2,enron_full_384162,no_exact_ref,9079.416,0,7,169255,10832320
fuzzydedup,4,2,enron_full_384162,no_exact_ref,6786.923,0,5,120641,7721024
fuzzydedup,6,2,enron_full_384461,exact_ref,2951.984,1,0,37684,2411968
fuzzydedup,4,2,enron_full_384461,exact_ref,1844.203,1,0,23458,1501504
fuzzydedup,5,2,enron_full_384461,exact_ref,2114.025,1,0,30232,1935040
fuzzydedup,4,2,enron_full_384653,exact_ref,3063.123,1,0,40302,2579520
fuzzydedup,5,2,enron_full_384653,exact_ref,3627.795,1,0,51353,3286784
fuzzydedup,6,2,enron_full_384653,exact_ref,4078.545,1,0,63047,4035200
fuzzydedup,5,2,enron_full_384988,exact_ref,3619.170,1,0,58079,3717248
fuzzydedup,6,2,enron_full_384988,exact_ref,4235.643,1,0,64301,4115456
fuzzydedup,4,2,enron_full_384988,exact_ref,4274.704,1,0,50649,3241728
fuzzydedup,6,2,enron_full_385098,exact_ref,865.120,1,0,10298,659264
fuzzydedup,4,2,enron_full_385098,exact_ref,836.848,1,0,9033,578304
fuzzydedup,5,2,enron_full_385098,exact_ref,784.148,1,0,9739,623488
fuzzydedup,4,2,enron_full_385839,exact_ref,3048.275,1,0,40277,2577920
fuzzydedup,5,2,enron_full_385839,exact_ref,3731.112,1,0,51328,3285184
fuzzydedup,6,2,enron_full_385839,exact_ref,4158.599,1,0,63022,4033600
fuzzydedup,5,2,enron_full_386188,no_exact_ref,4431.441,0,6,69703,4460992
fuzzydedup,6,2,enron_full_386188,no_exact_ref,5084.427,0,7,83781,5361984
fuzzydedup,4,2,enron_full_386188,no_exact_ref,3706.517,0,5,56325,3604800
fuzzydedup,6,2,enron_full_386616,no_exact_ref,8752.532,0,7,159258,10192576
fuzzydedup,4,2,enron_full_386616,no_exact_ref,6448.652,0,5,113227,7246528
fuzzydedup,5,2,enron_full_386616,no_exact_ref,7526.961,0,6,136629,8744320
fuzzydedup,4,2,enron_full_386731,no_exact_ref,6715.135,0,5,115506,7392384
fuzzydedup,5,2,enron_full_386731,no_exact_ref,7651.181,0,6,139663,8938432
fuzzydedup,6,2,enron_full_386731,no_exact_ref,7947.422,0,7,163334,10453376
fuzzydedup,5,2,enron_full_387578,exact_ref,5521.498,1,0,90454,5789248
fuzzydedup,6,2,enron_full_387578,exact_ref,5866.285,1,0,106426,6811456
fuzzydedup,4,2,enron_full_387578,exact_ref,4250.769,1,0,74047,4739200
fuzzydedup,6,2,enron_full_387701,no_exact_ref,9149.564,0,7,184939,11836096
fuzzydedup,4,2,enron_full_387701,no_exact_ref,6721.783,0,5,132999,8511936
fuzzydedup,5,2,enron_full_387701,no_exact_ref,8150.730,0,6,159592,10213888
fuzzydedup,4,2,enron_full_387952,no_exact_ref,5972.449,0,5,113227,7246528
fuzzydedup,5,2,enron_full_387952,no_exact_ref,6710.720,0,6,136629,8744256
fuzzydedup,6,2,enron_full_387952,no_exact_ref,7798.075,0,7,159258,10192512
fuzzydedup,5,2,enron_full_388565,exact_ref,3895.037,1,0,67294,4307008
fuzzydedup,6,2,enron_full_388565,exact_ref,5067.259,1,0,82006,5248576
fuzzydedup,4,2,enron_full_388565,exact_ref,3769.881,1,0,53097,3398400
fuzzydedup,6,2,enron_full_388921,exact_ref,2858.250,1,0,56877,3640320
fuzzydedup,4,2,enron_full_388921,exact_ref,2537.633,1,0,45007,2880640
fuzzydedup,5,2,enron_full_388921,exact_ref,2589.233,1,0,51229,3278848
fuzzydedup,4,2,enron_full_390158,exact_ref,4896.092,1,0,78775,5043072
fuzzydedup,5,2,enron_full_390158,exact_ref,5406.046,1,0,93158,5964096
fuzzydedup,6,2,enron_full_390158,exact_ref,5245.174,1,6,103917,6653184
fuzzydedup,5,2,enron_full_391047,exact_ref,5204.985,1,0,81980,5246912
fuzzydedup,6,2,enron_full_391047,exact_ref,6096.154,1,0,97952,6269120
fuzzydedup,4,2,enron_full_391047,exact_ref,4110.611,1,0,65573,4196864
fuzzydedup,6,2,enron_full_391217,no_exact_ref,9263.752,0,7,186103,11910592
fuzzydedup,4,2,enron_full_391217,no_exact_ref,7310.245,0,5,133491,8543424
fuzzydedup,5,2,enron_full_391217,no_exact_ref,8246.070,0,6,160514,10272896
fuzzydedup,4,2,enron_full_391486,no_exact_ref,1392.914,0,5,19159,1226176
fuzzydedup,5,2,enron_full_391486,no_exact_ref,1624.811,0,6,25187,1611968
fuzzydedup,6,2,enron_full_391486,no_exact_ref,1732.910,0,7,31685,2027840
fuzzydedup,5,2,enron_full_391746,no_exact_ref,1371.237,0,6,25187,1611968
fuzzydedup,6,2,enron_full_391746,no_exact_ref,1678.146,0,7,31685,2027840
fuzzydedup,4,2,enron_full_391746,no_exact_ref,1081.390,0,5,19159,1226176
fuzzydedup,6,2,enron_full_392955,exact_ref,904.032,1,0,16845,1078272
fuzzydedup,4,2,enron_full_392955,exact_ref,974.685,1,0,14188,908224
fuzzydedup,5,2,enron_full_392955,exact_ref,1070.781,1,0,15730,1006912
fuzzydedup,4,2,enron_full_393136,no_exact_ref,3985.612,0,5,62545,4002880
fuzzydedup,5,2,enron_full_393136,no_exact_ref,4541.301,0,6,77432,4955648
fuzzydedup,6,2,enron_full_393136,no_exact_ref,4689.199,0,7,92448,5916672
fuzzydedup,5,2,enron_full_393487,exact_ref,5536.200,1,0,90839,5813888
fuzzydedup,6,2,enron_full_393487,exact_ref,6557.426,1,0,106811,6836096
fuzzydedup,4,2,enron_full_393487,exact_ref,4468.077,1,0,74432,4763840
fuzzydedup,6,2,enron_full_394271,exact_ref,4936.955,1,0,96711,6189696
fuzzydedup,4,2,enron_full_394271,exact_ref,4615.513,1,0,71556,4579776
fuzzydedup,5,2,enron_full_394271,exact_ref,4619.881,1,0,84904,5434048
fuzzydedup,4,2,enron_full_394331,exact_ref,2851.865,1,0,45295,2899072
fuzzydedup,5,2,enron_full_394331,exact_ref,2760.780,1,0,51517,3297280
fuzzydedup,6,2,enron_full_394331,exact_ref,3179.366,1,0,57165,3658752
fuzzydedup,5,2,enron_full_394348,exact_ref,5223.223,1,0,82258,5264704
fuzzydedup,6,2,enron_full_394348,exact_ref,5633.627,1,0,98169,6283008
fuzzydedup,4,2,enron_full_394348,exact_ref,4395.019,1,0,66497,4256000
fuzzydedup,6,2,enron_full_394407,no_exact_ref,10453.711,0,7,197034,12610176
fuzzydedup,4,2,enron_full_394407,no_exact_ref,7547.611,0,5,140955,9021120
fuzzydedup,5,2,enron_full_394407,no_exact_ref,8589.286,0,6,169489,10847296
fuzzydedup,4,2,enron_full_395301,exact_ref,3428.076,1,0,57987,3711360
fuzzydedup,5,2,enron_full_395301,exact_ref,4676.937,1,0,72699,4652928
fuzzydedup,6,2,enron_full_395301,exact_ref,5397.198,1,0,87960,5629632
fuzzydedup,5,2,enron_full_395725,no_exact_ref,4757.400,0,6,95188,6092032
fuzzydedup,6,2,enron_full_395725,no_exact_ref,6106.181,0,7,112519,7201216
fuzzydedup,4,2,enron_full_395725,no_exact_ref,4460.884,0,5,77883,4984512
fuzzydedup,6,2,enron_full_396292,exact_ref,5523.864,1,0,96626,6184512
fuzzydedup,4,2,enron_full_396292,exact_ref,4598.431,1,0,71471,4574592
fuzzydedup,5,2,enron_full_396292,exact_ref,4922.747,1,0,84819,5428864
fuzzydedup,4,2,enron_full_396812,exact_ref,1814.755,1,0,26923,1723264
fuzzydedup,5,2,enron_full_396812,exact_ref,1895.763,1,0,29871,1911936
fuzzydedup,6,2,enron_full_396812,exact_ref,2007.789,1,0,32260,2064832
fuzzydedup,5,2,enron_full_397391,exact_ref,1387.030,1,0,16943,1084544
fuzzydedup,6,2,enron_full_397391,exact_ref,1548.053,1,0,21139,1353088
fuzzydedup,4,2,enron_full_397391,exact_ref,1241.269,1,0,13107,839040
fuzzydedup,6,2,enron_full_397879,exact_ref,5649.070,1,0,82165,5258752
fuzzydedup,4,2,enron_full_397879,exact_ref,3802.342,1,0,53256,3408576
fuzzydedup,5,2,enron_full_397879,exact_ref,4347.087,1,0,67453,4317184
fuzzydedup,4,2,enron_full_398718,exact_ref,3673.776,1,0,53284,3410368
fuzzydedup,5,2,enron_full_398718,exact_ref,4305.876,1,0,67481,4318976
fuzzydedup,6,2,enron_full_398718,exact_ref,5636.785,1,0,82193,5260544
fuzzydedup,5,2,enron_full_399591,no_exact_ref,9627.993,0,6,168810,10803904
fuzzydedup,6,2,enron_full_399591,no_exact_ref,9692.406,0,7,194887,12472832
fuzzydedup,4,2,enron_full_399591,no_exact_ref,7180.795,0,5,139973,8958272
fuzzydedup,6,2,enron_full_399779,no_exact_ref,9785.002,0,7,197015,12608960
fuzzydedup,4,2,enron_full_399779,no_exact_ref,7606.687,0,5,141284,9042176
fuzzydedup,5,2,enron_full_399779,no_exact_ref,9162.075,0,6,169864,10871296
fuzzydedup,4,2,enron_full_399917,no_exact_ref,7331.636,0,5,141284,9042176
fuzzydedup,5,2,enron_full_399917,no_exact_ref,9084.151,0,6,169864,10871296
fuzzydedup,6,2,enron_full_399917,no_exact_ref,10232.999,0,7,197015,12608960
fuzzydedup,5,2,enron_full_400523,exact_ref,4885.322,1,0,76239,4879488
fuzzydedup,6,2,enron_full_400523,exact_ref,4932.408,1,0,89587,5733760
fuzzydedup,4,2,enron_full_400523,exact_ref,3991.049,1,0,62417,3994880
fuzzydedup,6,2,enron_full_401763,no_exact_ref,9462.175,0,7,194644,12457216
fuzzydedup,4,2,enron_full_401763,no_exact_ref,7035.587,0,5,139516,8929024
fuzzydedup,5,2,enron_full_401763,no_exact_ref,8365.260,0,6,168125,10760000
fuzzydedup,4,2,enron_full_401798,no_exact_ref,7585.102,0,5,133491,8543424
fuzzydedup,5,2,enron_full_401798,no_exact_ref,9282.456,0,6,160514,10272896
fuzzydedup,6,2,enron_full_401798,no_exact_ref,10529.917,0,7,186103,11910592
fuzzydedup,5,2,enron_full_402233,exact_ref,3404.039,1,0,53738,3439424
fuzzydedup,6,2,enron_full_402233,exact_ref,3370.386,1,0,59386,3800896
fuzzydedup,4,2,enron_full_402233,exact_ref,2903.698,1,0,47516,3041216
fuzzydedup,6,2,enron_full_402310,exact_ref,5571.025,1,0,96852,6198720
fuzzydedup,4,2,enron_full_402310,exact_ref,4599.652,1,0,71697,4588800
fuzzydedup,5,2,enron_full_402310,exact_ref,4959.148,1,0,85045,5443072
fuzzydedup,4,2,enron_full_403001,exact_ref,5194.053,1,0,76732,4911040
fuzzydedup,5,2,enron_full_403001,exact_ref,6087.493,1,0,92265,5905152
fuzzydedup,6,2,enron_full_403001,exact_ref,6709.820,1,0,107773,6897664
fuzzydedup,5,2,enron_full_403036,exact_ref,5822.158,1,0,91219,5838208
fuzzydedup,6,2,enron_full_403036,exact_ref,6465.121,1,0,107191,6860416
fuzzydedup,4,2,enron_full_403036,exact_ref,4420.607,1,0,74812,4788160
fuzzydedup,6,2,enron_full_403180,exact_ref,6035.766,1,0,97051,6211456
fuzzydedup,4,2,enron_full_403180,exact_ref,4637.958,1,0,71896,4601536
fuzzydedup,5,2,enron_full_403180,exact_ref,4741.931,1,0,85244,5455808
fuzzydedup,4,2,enron_full_404066,exact_ref,211.076,1,0,2222,142400
fuzzydedup,5,2,enron_full_404066,exact_ref,212.931,1,0,2821,180736
fuzzydedup,6,2,enron_full_404066,exact_ref,235.429,1,0,3457,221440
fuzzydedup,5,2,enron_full_405218,exact_ref,1837.834,1,0,28763,1841024
fuzzydedup,6,2,enron_full_405218,exact_ref,1769.843,1,0,31152,1993920
fuzzydedup,4,2,enron_full_405218,exact_ref,1727.892,1,0,25815,1652352
fuzzydedup,6,2,enron_full_405288,exact_ref,5779.118,1,0,101328,6485184
fuzzydedup,4,2,enron_full_405288,exact_ref,4154.664,1,0,74158,4746304
fuzzydedup,5,2,enron_full_405288,exact_ref,4761.406,1,0,87980,5630912
fuzzydedup,4,2,enron_full_405421,exact_ref,3505.270,1,0,56265,3601152
fuzzydedup,5,2,enron_full_405421,exact_ref,3749.393,1,0,64823,4148864
fuzzydedup,6,2,enron_full_405421,exact_ref,3409.643,1,0,72253,4624384
fuzzydedup,5,2,enron_full_406531,exact_ref,4515.929,1,0,82378,5272384
fuzzydedup,6,2,enron_full_406531,exact_ref,5730.898,1,0,98289,6290688
fuzzydedup,4,2,enron_full_406531,exact_ref,4659.872,1,0,66617,4263680
fuzzydedup,6,2,enron_full_407210,exact_ref,1659.667,1,0,25732,1647040
fuzzydedup,4,2,enron_full_407210,exact_ref,1313.859,1,0,21528,1377984
fuzzydedup,5,2,enron_full_407210,exact_ref,1396.218,1,0,23917,1530880
fuzzydedup,4,2,enron_full_407416,exact_ref,3765.331,1,0,69136,4424896
fuzzydedup,5,2,enron_full_407416,exact_ref,4902.975,1,0,80943,5180544
fuzzydedup,6,2,enron_full_407416,exact_ref,4464.476,1,0,91625,5864192
fuzzydedup,5,2,enron_full_407459,exact_ref,504.434,1,0,4716,302016
fuzzydedup,6,2,enron_full_407459,exact_ref,530.007,1,0,4992,319680
fuzzydedup,4,2,enron_full_407459,exact_ref,494.414,1,0,4336,277696
fuzzydedup,6,2,enron_full_407590,exact_ref,337.468,1,0,1699,108928
fuzzydedup,4,2,enron_full_407590,exact_ref,301.099,1,0,1526,97856
fuzzydedup,5,2,enron_full_407590,exact_ref,317.263,1,0,1610,103232
fuzzydedup,4,2,enron_full_407747,exact_ref,4687.492,1,0,76711,4909696
fuzzydedup,5,2,enron_full_407747,exact_ref,5939.686,1,0,92244,5903808
fuzzydedup,6,2,enron_full_407747,exact_ref,6554.937,1,0,107752,6896320
fuzzydedup,5,2,enron_full_408988,exact_ref,5585.399,1,0,80434,5147968
fuzzydedup,6,2,enron_full_408988,exact_ref,6559.034,1,0,95942,6140480
fuzzydedup,4,2,enron_full_408988,exact_ref,4769.877,1,0,64901,4153856
fuzzydedup,6,2,enron_full_409260,exact_ref,2341.088,1,0,33797,2163200
fuzzydedup,4,2,enron_full_409260,exact_ref,1693.948,1,0,20943,1340544
fuzzydedup,5,2,enron_full_409260,exact_ref,2049.539,1,0,27023,1729664
fuzzydedup,4,2,enron_full_409276,exact_ref,4839.746,1,0,74164,4746688
fuzzydedup,5,2,enron_full_409276,exact_ref,5208.200,1,0,87986,5631296
fuzzydedup,6,2,enron_full_409276,exact_ref,5812.231,1,0,101334,6485568
fuzzydedup,5,2,enron_full_409720,exact_ref,4333.923,1,0,70446,4508736
fuzzydedup,6,2,enron_full_409720,exact_ref,4643.750,1,0,79004,5056448
fuzzydedup,4,2,enron_full_409720,exact_ref,3763.571,1,0,60860,3895232
fuzzydedup,6,2,enron_full_409761,exact_ref,5371.881,1,0,96962,6205760
fuzzydedup,4,2,enron_full_409761,exact_ref,4277.332,1,0,71807,4595840
fuzzydedup,5,2,enron_full_409761,exact_ref,4324.811,1,0,85155,5450112
fuzzydedup,4,2,enron_full_410980,no_exact_ref,4764.377,0,5,84127,5384128
fuzzydedup,5,2,enron_full_410980,no_exact_ref,5606.107,0,6,103384,6616576
fuzzydedup,6,2,enron_full_410980,no_exact_ref,6713.506,0,7,123332,7893248
fuzzydedup,5,2,enron_full_411073,no_exact_ref,6444.146,0,6,126879,8120256
fuzzydedup,6,2,enron_full_411073,no_exact_ref,7664.327,0,7,148499,9503936
fuzzydedup,4,2,enron_full_411073,no_exact_ref,5224.896,0,5,105124,6727936
fuzzydedup,6,2,enron_full_411853,exact_ref,4639.316,1,0,76664,4906816
fuzzydedup,4,2,enron_full_411853,exact_ref,3181.196,1,0,49138,3145024
fuzzydedup,5,2,enron_full_411853,exact_ref,4055.002,1,0,62467,3998208
fuzzydedup,4,2,enron_full_412435,exact_ref,3399.727,1,0,58589,3749888
fuzzydedup,5,2,enron_full_412435,exact_ref,4681.119,1,0,73301,4691456
fuzzydedup,6,2,enron_full_412435,exact_ref,5179.311,1,0,88562,5668160
fuzzydedup,5,2,enron_full_412836,exact_ref,5137.728,1,0,85828,5493184
fuzzydedup,6,2,enron_full_412836,exact_ref,5693.699,1,0,100211,6413696
fuzzydedup,4,2,enron_full_412836,exact_ref,4975.166,1,0,70320,4500672
fuzzydedup,6,2,enron_full_414414,exact_ref,4101.349,1,0,65194,4172608
fuzzydedup,4,2,enron_full_414414,exact_ref,3002.463,1,0,51542,3298880
fuzzydedup,5,2,enron_full_414414,exact_ref,3564.060,1,0,58972,3774400
fuzzydedup,4,2,enron_full_414620,exact_ref,2917.931,1,0,33987,2175360
fuzzydedup,5,2,enron_full_414620,exact_ref,3254.814,1,0,44043,2818944
fuzzydedup,6,2,enron_full_414620,exact_ref,3868.544,1,0,55094,3526208
fuzzydedup,5,2,enron_full_414624,no_exact_ref,8996.412,0,6,168125,10760000
fuzzydedup,6,2,enron_full_414624,no_exact_ref,10368.573,0,7,194644,12457216
fuzzydedup,4,2,enron_full_414624,no_exact_ref,8160.102,0,5,139516,8929024
fuzzydedup,6,2,enron_full_415032,exact_ref,2514.750,1,0,37422,2395200
fuzzydedup,4,2,enron_full_415032,exact_ref,2098.909,1,0,30991,1983616
fuzzydedup,5,2,enron_full_415032,exact_ref,2084.306,1,0,34474,2206528
fuzzydedup,4,2,enron_full_415416,exact_ref,3612.760,1,0,49098,3142464
fuzzydedup,5,2,enron_full_415416,exact_ref,4167.702,1,0,62427,3995520
fuzzydedup,6,2,enron_full_415416,exact_ref,4625.045,1,0,76624,4904128
fuzzydedup,5,2,enron_full_415425,exact_ref,3964.274,1,0,70983,4543104
fuzzydedup,6,2,enron_full_415425,exact_ref,4122.275,1,0,79541,5090816
fuzzydedup,4,2,enron_full_415425,exact_ref,3393.194,1,0,61397,3929600
fuzzydedup,6,2,enron_full_415589,exact_ref,5444.256,1,0,97485,6239232
fuzzydedup,4,2,enron_full_415589,exact_ref,4444.763,1,0,72330,4629312
fuzzydedup,5,2,enron_full_415589,exact_ref,4821.427,1,0,85678,5483584
fuzzydedup,4,2,enron_full_416173,no_exact_ref,5925.951,0,5,105124,6727936
fuzzydedup,5,2,enron_full_416173,no_exact_ref,6776.525,0,6,126879,8120256
fuzzydedup,6,2,enron_full_416173,no_exact_ref,7146.161,0,7,148499,9503936
fuzzydedup,5,2,enron_full_416275,no_exact_ref,8642.210,0,6,160514,10272896
fuzzydedup,6,2,enron_full_416275,no_exact_ref,9104.462,0,7,186103,11910592
fuzzydedup,4,2,enron_full_416275,no_exact_ref,7308.281,0,5,133491,8543424
fuzzydedup,6,2,enron_full_417397,exact_ref,1047.420,1,0,17090,1093952
fuzzydedup,4,2,enron_full_417397,exact_ref,1121.830,1,0,14433,923904
fuzzydedup,5,2,enron_full_417397,exact_ref,1086.964,1,0,15975,1022592
fuzzydedup,4,2,enron_full_418145,exact_ref,1782.157,1,0,31018,1985344
fuzzydedup,5,2,enron_full_418145,exact_ref,1835.664,1,0,34501,2208256
fuzzydedup,6,2,enron_full_418145,exact_ref,1939.068,1,0,37449,2396928
fuzzydedup,5,2,enron_full_418173,exact_ref,4073.961,1,0,71126,4552256
fuzzydedup,6,2,enron_full_418173,exact_ref,4320.382,1,0,79684,5099968
fuzzydedup,4,2,enron_full_418173,exact_ref,3166.892,1,0,61540,3938752
fuzzydedup,6,2,enron_full_418938,exact_ref,3739.204,1,0,63560,4068032
fuzzydedup,4,2,enron_full_418938,exact_ref,2771.112,1,0,40815,2612352
fuzzydedup,5,2,enron_full_418938,exact_ref,3346.049,1,0,51866,3319616
fuzzydedup,4,2,enron_full_419715,exact_ref,2312.379,1,0,32601,2086656
fuzzydedup,5,2,enron_full_419715,exact_ref,2687.153,1,0,42046,2691136
fuzzydedup,6,2,enron_full_419715,exact_ref,3161.607,1,0,52102,3334720
fuzzydedup,5,2,enron_full_419787,exact_ref,3597.835,1,0,58951,3773056
fuzzydedup,6,2,enron_full_419787,exact_ref,3683.316,1,0,65173,4171264
fuzzydedup,4,2,enron_full_419787,exact_ref,2912.306,1,0,51521,3297536
fuzzydedup,6,2,enron_full_419936,exact_ref,3528.753,1,0,57860,3703232
fuzzydedup,4,2,enron_full_419936,exact_ref,2697.162,1,0,36753,2352384
fuzzydedup,5,2,enron_full_419936,exact_ref,3235.908,1,0,46809,2995968
fuzzydedup,4,2,enron_full_419992,exact_ref,4357.556,1,0,69424,4443328
fuzzydedup,5,2,enron_full_419992,exact_ref,4712.353,1,0,81231,5198976
fuzzydedup,6,2,enron_full_419992,exact_ref,5242.454,1,0,91913,5882624
fuzzydedup,5,2,enron_full_420340,exact_ref,5794.445,1,0,80950,5180992
fuzzydedup,6,2,enron_full_420340,exact_ref,6600.162,1,0,96483,6175104
fuzzydedup,4,2,enron_full_420340,exact_ref,4900.542,1,0,64978,4158784
fuzzydedup,6,2,enron_full_420635,exact_ref,5649.298,1,0,97431,6235776
fuzzydedup,4,2,enron_full_420635,exact_ref,4653.406,1,0,72276,4625856
fuzzydedup,5,2,enron_full_420635,exact_ref,5004.472,1,0,85624,5480128
fuzzydedup,4,2,enron_full_421070,no_exact_ref,7787.739,0,5,137103,8774592
fuzzydedup,5,2,enron_full_421070,no_exact_ref,8943.669,0,6,164671,10538944
fuzzydedup,6,2,enron_full_421070,no_exact_ref,10253.678,0,7,190614,12199296
fuzzydedup,5,2,enron_full_421581,no_exact_ref,8687.878,0,6,154598,9894272
fuzzydedup,6,2,enron_full_421581,no_exact_ref,10147.188,0,7,180015,11520960
fuzzydedup,4,2,enron_full_421581,no_exact_ref,7709.722,0,5,128135,8200640
fuzzydedup,6,2,enron_full_421659,no_exact_ref,1778.059,0,7,19269,1233216
fuzzydedup,4,2,enron_full_421659,no_exact_ref,1213.922,0,5,12834,821376
fuzzydedup,5,2,enron_full_421659,no_exact_ref,1329.137,0,6,15947,1020608
fuzzydedup,4,2,enron_full_422214,no_exact_ref,8567.127,0,5,141284,9042176
fuzzydedup,5,2,enron_full_422214,no_exact_ref,9474.235,0,6,169864,10871296
fuzzydedup,6,2,enron_full_422214,no_exact_ref,10117.116,0,7,197015,12608960
fuzzydedup,5,2,enron_full_422408,exact_ref,4569.906,1,0,69613,4455424
fuzzydedup,6,2,enron_full_422408,exact_ref,4869.776,1,0,79199,5068928
fuzzydedup,4,2,enron_full_422408,exact_ref,3661.980,1,0,58931,3771776
fuzzydedup,6,2,enron_full_423045,exact_ref,3954.795,1,0,57814,3700288
fuzzydedup,4,2,enron_full_423045,exact_ref,2909.785,1,0,36707,2349440
fuzzydedup,5,2,enron_full_423045,exact_ref,3350.053,1,0,46763,2993024
fuzzydedup,4,2,enron_full_423694,exact_ref,2316.459,1,0,35460,2269632
fuzzydedup,5,2,enron_full_423694,exact_ref,2503.385,1,0,40062,2564160
fuzzydedup,6,2,enron_full_423694,exact_ref,2275.574,1,0,43545,2787072
fuzzydedup,5,2,enron_full_423789,exact_ref,6059.635,1,0,92350,5910592
fuzzydedup,6,2,enron_full_423789,exact_ref,6072.079,1,0,106733,6831104
fuzzydedup,4,2,enron_full_423789,exact_ref,4450.464,1,0,76842,4918080
fuzzydedup,6,2,enron_full_424183,no_exact_ref,3437.291,1,6,32732,2106048
fuzzydedup,4,2,enron_full_424183,no_exact_ref,2010.877,1,4,5252,338752
fuzzydedup,5,2,enron_full_424183,no_exact_ref,2773.771,1,4,21471,1382912
fuzzydedup,4,2,enron_full_424691,exact_ref,3250.404,1,0,48940,3132352
fuzzydedup,5,2,enron_full_424691,exact_ref,3869.704,1,0,62269,3985408
fuzzydedup,6,2,enron_full_424691,exact_ref,4515.996,1,0,76466,4894016
fuzzydedup,5,2,enron_full_425035,exact_ref,4017.314,1,0,70834,4533568
fuzzydedup,6,2,enron_full_425035,exact_ref,4420.072,1,0,79392,5081280
fuzzydedup,4,2,enron_full_425035,exact_ref,3529.054,1,0,61248,3920064
fuzzydedup,6,2,enron_full_425166,exact_ref,5616.269,1,0,101787,6514560
fuzzydedup,4,2,enron_full_425166,exact_ref,4784.527,1,0,74617,4775680
fuzzydedup,5,2,enron_full_425166,exact_ref,4848.272,1,0,88439,5660288
fuzzydedup,4,2,enron_full_425789,exact_ref,1658.559,1,0,27055,1731712
fuzzydedup,5,2,enron_full_425789,exact_ref,1889.811,1,0,30538,1954624
fuzzydedup,6,2,enron_full_425789,exact_ref,2238.376,1,0,33486,2143296
fuzzydedup,5,2,enron_full_426054,exact_ref,902.194,1,0,6743,431744
fuzzydedup,6,2,enron_full_426054,exact_ref,987.461,1,0,8493,543744
fuzzydedup,4,2,enron_full_426054,exact_ref,763.240,1,0,5324,340928
fuzzydedup,6,2,enron_full_426288,exact_ref,3832.152,1,0,64962,4157760
fuzzydedup,4,2,enron_full_426288,exact_ref,3073.906,1,0,51310,3284032
fuzzydedup,5,2,enron_full_426288,exact_ref,3126.778,1,0,58740,3759552
fuzzydedup,4,2,enron_full_427733,exact_ref,2284.934,1,0,35537,2274560
fuzzydedup,5,2,enron_full_427733,exact_ref,2407.862,1,0,40139,2569088
fuzzydedup,6,2,enron_full_427733,exact_ref,2383.111,1,0,43622,2792000
fuzzydedup,5,2,enron_full_428515,exact_ref,471.876,1,0,3066,196416
fuzzydedup,6,2,enron_full_428515,exact_ref,445.652,1,0,3216,206016
fuzzydedup,4,2,enron_full_428515,exact_ref,431.634,1,0,2791,178816
fuzzydedup,6,2,enron_full_428895,exact_ref,2855.653,1,0,50574,3236928
fuzzydedup,4,2,enron_full_428895,exact_ref,2183.309,1,0,40324,2580928
fuzzydedup,5,2,enron_full_428895,exact_ref,2297.176,1,0,45972,2942400
fuzzydedup,4,2,enron_full_429441,no_exact_ref,7807.100,0,5,133491,8543424
fuzzydedup,5,2,enron_full_429441,no_exact_ref,8628.933,0,6,160514,10272896
fuzzydedup,6,2,enron_full_429441,no_exact_ref,10307.985,0,7,186103,11910592
fuzzydedup,5,2,enron_full_429986,no_exact_ref,5439.076,0,6,94423,6043072
fuzzydedup,6,2,enron_full_429986,no_exact_ref,6284.882,0,7,112816,7220224
fuzzydedup,4,2,enron_full_429986,no_exact_ref,4639.237,0,5,75858,4854912
fuzzydedup,6,2,enron_full_430065,no_exact_ref,10036.131,0,7,191555,12259520
fuzzydedup,4,2,enron_full_430065,no_exact_ref,7804.985,0,5,137769,8817216
fuzzydedup,5,2,enron_full_430065,no_exact_ref,8784.176,0,6,164996,10559744
fuzzydedup,4,2,enron_full_430260,no_exact_ref,2506.739,0,5,35794,2290816
fuzzydedup,5,2,enron_full_430260,no_exact_ref,2848.887,0,6,44800,2867392
fuzzydedup,6,2,enron_full_430260,no_exact_ref,3660.853,0,7,54205,3469312
fuzzydedup,5,2,enron_full_430592,no_exact_ref,9011.831,0,6,169489,10847296
fuzzydedup,6,2,enron_full_430592,no_exact_ref,9974.491,0,7,197034,12610176
fuzzydedup,4,2,enron_full_430592,no_exact_ref,7859.351,0,5,140955,9021120
fuzzydedup,6,2,enron_full_431423,no_exact_ref,9223.445,0,7,163334,10453376
fuzzydedup,4,2,enron_full_431423,no_exact_ref,7040.837,0,5,115506,7392384
fuzzydedup,5,2,enron_full_431423,no_exact_ref,8123.040,0,6,139663,8938432
fuzzydedup,4,2,enron_full_432116,exact_ref,4609.412,1,0,59334,3797568
fuzzydedup,5,2,enron_full_432116,exact_ref,5221.560,1,0,74595,4774272
fuzzydedup,6,2,enron_full_432116,exact_ref,5758.372,1,0,90356,5782976
fuzzydedup,5,2,enron_full_432508,exact_ref,5972.620,1,0,93144,5961408
fuzzydedup,6,2,enron_full_432508,exact_ref,6527.114,1,0,108652,6953920
fuzzydedup,4,2,enron_full_432508,exact_ref,5123.765,1,0,77611,4967296
fuzzydedup,6,2,enron_full_433686,exact_ref,4002.581,1,0,65385,4184832
fuzzydedup,4,2,enron_full_433686,exact_ref,3271.826,1,0,51733,3311104
fuzzydedup,5,2,enron_full_433686,exact_ref,3561.159,1,0,59163,3786624
fuzzydedup,4,2,enron_full_433711,exact_ref,2057.252,1,0,31055,1987712
fuzzydedup,5,2,enron_full_433711,exact_ref,2156.076,1,0,34538,2210624
fuzzydedup,6,2,enron_full_433711,exact_ref,2223.249,1,0,37486,2399296
fuzzydedup,5,2,enron_full_433823,exact_ref,4437.505,1,0,85952,5501120
fuzzydedup,6,2,enron_full_433823,exact_ref,5105.655,1,0,97759,6256768
fuzzydedup,4,2,enron_full_433823,exact_ref,4490.041,1,0,72604,4646848
fuzzydedup,6,2,enron_full_434515,exact_ref,5377.311,1,0,102455,6557312
fuzzydedup,4,2,enron_full_434515,exact_ref,4298.540,1,0,75285,4818432
fuzzydedup,5,2,enron_full_434515,exact_ref,5098.602,1,0,89107,5703040
fuzzydedup,4,2,enron_full_434661,exact_ref,5049.539,1,0,77209,4941568
fuzzydedup,5,2,enron_full_434661,exact_ref,5662.986,1,0,91592,5862080
fuzzydedup,6,2,enron_full_434661,exact_ref,6317.485,1,0,105414,6746688
fuzzydedup,5,2,enron_full_435743,exact_ref,5517.593,1,0,89011,5696896
fuzzydedup,6,2,enron_full_435743,exact_ref,5776.027,1,0,102359,6551168
fuzzydedup,4,2,enron_full_435743,exact_ref,4776.278,1,0,75189,4812288
fuzzydedup,6,2,enron_full_436019,no_exact_ref,10646.737,0,7,197034,12610176
fuzzydedup,4,2,enron_full_436019,no_exact_ref,8358.113,0,5,140955,9021120
fuzzydedup,5,2,enron_full_436019,no_exact_ref,9551.550,0,6,169489,10847296
fuzzydedup,4,2,enron_full_436309,no_exact_ref,5630.654,0,5,95838,6133632
fuzzydedup,5,2,enron_full_436309,no_exact_ref,6394.199,0,6,116994,7487616
fuzzydedup,6,2,enron_full_436309,no_exact_ref,7199.681,0,7,137129,8776256
fuzzydedup,5,2,enron_full_436431,no_exact_ref,9344.749,0,6,168125,10760064
fuzzydedup,6,2,enron_full_436431,no_exact_ref,10252.324,0,7,194644,12457280
fuzzydedup,4,2,enron_full_436431,no_exact_ref,7015.860,0,5,139516,8929024
fuzzydedup,6,2,enron_full_436454,no_exact_ref,9842.089,0,7,194887,12472768
fuzzydedup,4,2,enron_full_436454,no_exact_ref,7983.353,0,5,139973,8958272
fuzzydedup,5,2,enron_full_436454,no_exact_ref,9333.417,0,6,168810,10803840
fuzzydedup,4,2,enron_full_437873,exact_ref,4779.322,1,0,77596,4966336
fuzzydedup,5,2,enron_full_437873,exact_ref,5397.467,1,0,93104,5958848
fuzzydedup,6,2,enron_full_437873,exact_ref,6446.509,1,0,107487,6879360
fuzzydedup,5,2,enron_full_439573,no_exact_ref,9146.327,0,6,160514,10272896
fuzzydedup,6,2,enron_full_439573,no_exact_ref,10444.316,0,7,186103,11910656
fuzzydedup,4,2,enron_full_439573,no_exact_ref,7831.101,0,5,133491,8543424
fuzzydedup,6,2,enron_full_440276,no_exact_ref,5267.546,0,7,83781,5361984
fuzzydedup,4,2,enron_full_440276,no_exact_ref,3810.130,0,5,56325,3604800
fuzzydedup,5,2,enron_full_440276,no_exact_ref,3751.822,0,6,69703,4460992
fuzzydedup,4,2,enron_full_440707,exact_ref,4783.872,1,0,75371,4827904
fuzzydedup,5,2,enron_full_440707,exact_ref,5472.227,1,0,89193,5715392
fuzzydedup,6,2,enron_full_440707,exact_ref,5905.498,1,0,102541,6572544
fuzzydedup,5,2,enron_full_441744,exact_ref,5795.042,1,0,87242,5583680
fuzzydedup,6,2,enron_full_441744,exact_ref,6399.974,1,0,103461,6621696
fuzzydedup,4,2,enron_full_441744,exact_ref,4892.956,1,0,71331,4565376
fuzzydedup,6,2,enron_full_442093,exact_ref,823.914,1,0,4818,308544
fuzzydedup,4,2,enron_full_442093,exact_ref,221.341,1,0,2969,190208
fuzzydedup,5,2,enron_full_442093,exact_ref,258.744,1,0,3901,249856
fuzzydedup,4,2,enron_full_442322,no_exact_ref,5930.055,0,5,92244,5903616
fuzzydedup,5,2,enron_full_442322,no_exact_ref,7155.681,0,6,113036,7234304
fuzzydedup,6,2,enron_full_442322,no_exact_ref,8109.083,0,7,133357,8534848
fuzzydedup,5,2,enron_full_442524,exact_ref,6070.704,1,0,93323,5972864
fuzzydedup,6,2,enron_full_442524,exact_ref,6433.880,1,0,107706,6893376
fuzzydedup,4,2,enron_full_442524,exact_ref,5224.152,1,0,77815,4980352
fuzzydedup,6,2,enron_full_442558,exact_ref,5894.074,1,0,88833,5685504
fuzzydedup,4,2,enron_full_442558,exact_ref,4017.271,1,0,58860,3767232
fuzzydedup,5,2,enron_full_442558,exact_ref,5288.929,1,0,73572,4708800
fuzzydedup,4,2,enron_full_442662,exact_ref,5312.893,1,0,77813,4980224
fuzzydedup,5,2,enron_full_442662,exact_ref,5901.116,1,0,93321,5972736
fuzzydedup,6,2,enron_full_442662,exact_ref,6391.036,1,0,107704,6893248
fuzzydedup,5,2,enron_full_442954,exact_ref,1977.327,1,0,29318,1876544
fuzzydedup,6,2,enron_full_442954,exact_ref,2000.974,1,0,31707,2029440
fuzzydedup,4,2,enron_full_442954,exact_ref,1753.450,1,0,26370,1687872
fuzzydedup,6,2,enron_full_443309,exact_ref,1440.153,1,0,14618,935744
fuzzydedup,4,2,enron_full_443309,exact_ref,976.129,1,0,8905,570112
fuzzydedup,5,2,enron_full_443309,exact_ref,1244.459,1,0,11591,742016
fuzzydedup,4,2,enron_full_443772,exact_ref,3672.508,1,0,57379,3672448
fuzzydedup,5,2,enron_full_443772,exact_ref,3944.271,1,0,65937,4220160
fuzzydedup,6,2,enron_full_443772,exact_ref,4135.757,1,0,73367,4695680
fuzzydedup,5,2,enron_full_444240,exact_ref,5732.415,1,0,87286,5586496
fuzzydedup,6,2,enron_full_444240,exact_ref,6451.306,1,0,103505,6624512
fuzzydedup,4,2,enron_full_444240,exact_ref,4749.252,1,0,71375,4568192
fuzzydedup,6,2,enron_full_445163,no_exact_ref,9177.030,0,7,169255,10832320
fuzzydedup,4,2,enron_full_445163,no_exact_ref,6842.165,0,5,120641,7721024
fuzzydedup,5,2,enron_full_445163,no_exact_ref,7447.654,0,6,145606,9318784
fuzzydedup,4,2,enron_full_445774,exact_ref,4906.940,1,0,63264,4049088
fuzzydedup,5,2,enron_full_445774,exact_ref,5656.687,1,0,79671,5099136
fuzzydedup,6,2,enron_full_445774,exact_ref,6268.542,1,0,95643,6121408
fuzzydedup,5,2,enron_full_445830,no_exact_ref,9497.985,0,6,164996,10559744
fuzzydedup,6,2,enron_full_445830,no_exact_ref,10257.545,0,7,191555,12259520
fuzzydedup,4,2,enron_full_445830,no_exact_ref,7948.165,0,5,137769,8817216
fuzzydedup,6,2,enron_full_446457,no_exact_ref,10318.629,0,7,194644,12457920
fuzzydedup,4,2,enron_full_446457,no_exact_ref,8233.698,0,5,139516,8929536
fuzzydedup,5,2,enron_full_446457,no_exact_ref,8798.548,0,6,168125,10760512
fuzzydedup,4,2,enron_full_447336,exact_ref,5244.976,1,0,77956,4989376
fuzzydedup,5,2,enron_full_447336,exact_ref,5481.294,1,0,93489,5983488
fuzzydedup,6,2,enron_full_447336,exact_ref,6529.701,1,0,108997,6976000
fuzzydedup,5,2,enron_full_447596,no_exact_ref,6038.390,0,6,103384,6616576
fuzzydedup,6,2,enron_full_447596,no_exact_ref,7607.735,0,7,123332,7893248
fuzzydedup,4,2,enron_full_447596,no_exact_ref,5191.948,0,5,84127,5384128
fuzzydedup,6,2,enron_full_448246,exact_ref,4063.769,1,0,70474,4510528
fuzzydedup,4,2,enron_full_448246,exact_ref,3359.785,1,0,54486,3487296
fuzzydedup,5,2,enron_full_448246,exact_ref,3686.915,1,0,63044,4035008
fuzzydedup,4,2,enron_full_448315,no_exact_ref,3256.992,1,0,59069,3780608
fuzzydedup,5,2,enron_full_448315,no_exact_ref,3769.050,1,0,67627,4328320
fuzzydedup,6,2,enron_full_448315,no_exact_ref,3617.367,1,0,75057,4803840
fuzzydedup,5,2,enron_full_448897,exact_ref,1202.452,1,0,18863,1207424
fuzzydedup,6,2,enron_full_448897,exact_ref,1184.813,1,0,20405,1306112
fuzzydedup,4,2,enron_full_448897,exact_ref,1089.364,1,0,17048,1091264
fuzzydedup,6,2,enron_full_449771,no_exact_ref,7882.002,0,7,133357,8534848
fuzzydedup,4,2,enron_full_449771,no_exact_ref,5501.791,0,5,92244,5903616
fuzzydedup,5,2,enron_full_449771,no_exact_ref,6760.852,0,6,113036,7234304
fuzzydedup,4,2,enron_full_450293,exact_ref,4966.999,1,0,76862,4919360
fuzzydedup,5,2,enron_full_450293,exact_ref,5137.289,1,0,92834,5941568
fuzzydedup,6,2,enron_full_450293,exact_ref,6399.478,1,0,108367,6935680
fuzzydedup,5,2,enron_full_450584,no_exact_ref,4910.405,0,6,77432,4955712
fuzzydedup,6,2,enron_full_450584,no_exact_ref,5176.120,0,7,92448,5916864
fuzzydedup,4,2,enron_full_450584,no_exact_ref,3759.067,0,5,62545,4002880
fuzzydedup,6,2,enron_full_451624,exact_ref,5931.940,1,0,89450,5724992
fuzzydedup,4,2,enron_full_451624,exact_ref,3581.905,1,0,59477,3806720
fuzzydedup,5,2,enron_full_451624,exact_ref,4367.858,1,0,74189,4748288
fuzzydedup,4,2,enron_full_451708,exact_ref,1427.786,1,0,22113,1415424
fuzzydedup,5,2,enron_full_451708,exact_ref,1540.660,1,0,24502,1568320
fuzzydedup,6,2,enron_full_451708,exact_ref,1681.985,1,0,26317,1684480
fuzzydedup,5,2,enron_full_451980,no_exact_ref,8659.018,0,6,164671,10538944
fuzzydedup,6,2,enron_full_451980,no_exact_ref,9191.818,0,7,190614,12199296
fuzzydedup,4,2,enron_full_451980,no_exact_ref,7653.653,0,5,137103,8774592
fuzzydedup,6,2,enron_full_452075,exact_ref,2556.745,1,0,44247,2832000
fuzzydedup,4,2,enron_full_452075,exact_ref,2190.084,1,0,36162,2314560
fuzzydedup,5,2,enron_full_452075,exact_ref,2340.630,1,0,40764,2609088
fuzzydedup,4,2,enron_full_452624,exact_ref,4786.667,1,0,63657,4074240
fuzzydedup,5,2,enron_full_452624,exact_ref,5181.852,1,0,78918,5050944
fuzzydedup,6,2,enron_full_452624,exact_ref,5362.334,1,0,94679,6059648
fuzzydedup,5,2,enron_full_452665,exact_ref,5926.249,1,0,92431,5915776
fuzzydedup,6,2,enron_full_452665,exact_ref,6576.239,1,0,108403,6937984
fuzzydedup,4,2,enron_full_452665,exact_ref,4896.730,1,0,76024,4865728
fuzzydedup,6,2,enron_full_453158,exact_ref,4267.122,1,0,63848,4086464
fuzzydedup,4,2,enron_full_453158,exact_ref,3150.065,1,0,41103,2630784
fuzzydedup,5,2,enron_full_453158,exact_ref,3694.144,1,0,52154,3338048
fuzzydedup,4,2,enron_full_453577,exact_ref,3678.232,1,0,50462,3229760
fuzzydedup,5,2,enron_full_453577,exact_ref,4306.385,1,0,64659,4138368
fuzzydedup,6,2,enron_full_453577,exact_ref,5621.665,1,0,79371,5079936
fuzzydedup,5,2,enron_full_455974,no_exact_ref,2893.898,1,3,39334,2517568
fuzzydedup,6,2,enron_full_455974,no_exact_ref,3325.705,1,3,51141,3273216
fuzzydedup,4,2,enron_full_455974,no_exact_ref,2341.915,1,3,25986,1663296
fuzzydedup,6,2,enron_full_456283,no_exact_ref,248.006,0,7,2934,187776
fuzzydedup,4,2,enron_full_456283,no_exact_ref,162.182,0,5,1920,122880
fuzzydedup,5,2,enron_full_456283,no_exact_ref,188.955,0,6,2411,154304
fuzzydedup,4,2,enron_full_458074,no_exact_ref,7298.210,0,5,127462,8157568
fuzzydedup,5,2,enron_full_458074,no_exact_ref,8395.660,0,6,153267,9809088
fuzzydedup,6,2,enron_full_458074,no_exact_ref,9620.820,0,7,177736,11375104
fuzzydedup,5,2,enron_full_458660,no_exact_ref,342.559,0,6,4502,288128
fuzzydedup,6,2,enron_full_458660,no_exact_ref,331.193,0,7,5369,343616
fuzzydedup,4,2,enron_full_458660,no_exact_ref,246.038,0,5,3649,233536
fuzzydedup,6,2,enron_full_459917,no_exact_ref,9961.898,0,7,180015,11520960
fuzzydedup,4,2,enron_full_459917,no_exact_ref,7524.381,0,5,128135,8200640
fuzzydedup,5,2,enron_full_459917,no_exact_ref,8485.973,0,6,154598,9894272
fuzzydedup,4,2,enron_full_459959,no_exact_ref,1833.201,0,5,22576,1444864
fuzzydedup,5,2,enron_full_459959,no_exact_ref,2044.082,0,6,28110,1799040
fuzzydedup,6,2,enron_full_459959,no_exact_ref,2379.679,0,7,34498,2207872
fuzzydedup,5,2,enron_full_460573,exact_ref,4734.855,1,0,69877,4472320
fuzzydedup,6,2,enron_full_460573,exact_ref,5123.549,1,0,80559,5155968
fuzzydedup,4,2,enron_full_460573,exact_ref,4101.468,1,0,58070,3716672
fuzzydedup,6,2,enron_full_461053,exact_ref,5526.634,1,0,99598,6374464
fuzzydedup,4,2,enron_full_461053,exact_ref,4608.603,1,0,67926,4347456
fuzzydedup,5,2,enron_full_461053,exact_ref,4955.946,1,0,83687,5356160
fuzzydedup,4,2,enron_full_461203,no_exact_ref,7605.595,0,5,141284,9042176
fuzzydedup,5,2,enron_full_461203,no_exact_ref,9676.192,0,6,169864,10871296
fuzzydedup,6,2,enron_full_461203,no_exact_ref,10676.748,0,7,197015,12608960
fuzzydedup,5,2,enron_full_461474,no_exact_ref,4317.825,0,6,73355,4694720
fuzzydedup,6,2,enron_full_461474,no_exact_ref,4734.769,0,7,88518,5665152
fuzzydedup,4,2,enron_full_461474,no_exact_ref,3083.663,0,5,59159,3786176
fuzzydedup,6,2,enron_full_461621,exact_ref,6496.339,1,0,104094,6662208
fuzzydedup,4,2,enron_full_461621,exact_ref,4547.476,1,0,71964,4605888
fuzzydedup,5,2,enron_full_461621,exact_ref,5138.510,1,0,87875,5624192
fuzzydedup,4,2,enron_full_461648,exact_ref,2054.315,1,0,26873,1720064
fuzzydedup,5,2,enron_full_461648,exact_ref,2740.615,1,0,34325,2196992
fuzzydedup,6,2,enron_full_461648,exact_ref,3064.108,1,0,42571,2724736
fuzzydedup,5,2,enron_full_461948,exact_ref,6095.807,1,0,94230,6030912
fuzzydedup,6,2,enron_full_461948,exact_ref,6596.591,1,0,109738,7023424
fuzzydedup,4,2,enron_full_461948,exact_ref,5237.747,1,0,78697,5036800
fuzzydedup,6,2,enron_full_462616,exact_ref,2398.389,1,0,38128,2440384
fuzzydedup,4,2,enron_full_462616,exact_ref,2063.404,1,0,31697,2028800
fuzzydedup,5,2,enron_full_462616,exact_ref,2122.535,1,0,35180,2251712
fuzzydedup,4,2,enron_full_463151,exact_ref,4835.252,1,0,76125,4872192
fuzzydedup,5,2,enron_full_463151,exact_ref,5407.801,1,0,89947,5756800
fuzzydedup,6,2,enron_full_463151,exact_ref,5647.854,1,0,103295,6611072
fuzzydedup,5,2,enron_full_463936,exact_ref,3217.944,1,0,47308,3027904
fuzzydedup,6,2,enron_full_463936,exact_ref,3933.302,1,0,58359,3735168
fuzzydedup,4,2,enron_full_463936,exact_ref,2714.863,1,0,37252,2384320
fuzzydedup,6,2,enron_full_463955,exact_ref,4600.535,1,0,80662,5162560
fuzzydedup,4,2,enron_full_463955,exact_ref,3772.429,1,0,62518,4001344
fuzzydedup,5,2,enron_full_463955,exact_ref,4119.730,1,0,72104,4614848
fuzzydedup,4,2,enron_full_463976,exact_ref,3427.900,1,0,57837,3701760
fuzzydedup,5,2,enron_full_463976,exact_ref,3804.767,1,0,66395,4249472
fuzzydedup,6,2,enron_full_463976,exact_ref,4102.877,1,0,73825,4724992
fuzzydedup,5,2,enron_full_465574,exact_ref,2897.574,1,0,38293,2450944
fuzzydedup,6,2,enron_full_465574,exact_ref,3323.822,1,0,47738,3055424
fuzzydedup,4,2,enron_full_465574,exact_ref,2426.399,1,0,30047,1923200
fuzzydedup,6,2,enron_full_466018,exact_ref,4209.794,1,0,73922,4731200
fuzzydedup,4,2,enron_full_466018,exact_ref,3463.527,1,0,57934,3707968
fuzzydedup,5,2,enron_full_466018,exact_ref,3735.820,1,0,66492,4255680
fuzzydedup,4,2,enron_full_466387,exact_ref,2923.841,1,0,40949,2620928
fuzzydedup,5,2,enron_full_466387,exact_ref,3310.273,1,0,48379,3096448
fuzzydedup,6,2,enron_full_466387,exact_ref,3631.271,1,0,54601,3494656
fuzzydedup,5,2,enron_full_466533,exact_ref,1896.572,1,0,29652,1897920
fuzzydedup,6,2,enron_full_466533,exact_ref,1951.570,1,0,32041,2050816
fuzzydedup,4,2,enron_full_466533,exact_ref,1599.154,1,0,26704,1709248
fuzzydedup,6,2,enron_full_466708,exact_ref,2245.473,1,0,38160,2442432
fuzzydedup,4,2,enron_full_466708,exact_ref,2011.381,1,0,31729,2030848
fuzzydedup,5,2,enron_full_466708,exact_ref,2102.418,1,0,35212,2253760
fuzzydedup,4,2,enron_full_467278,exact_ref,3572.392,1,0,49676,3179456
fuzzydedup,5,2,enron_full_467278,exact_ref,4074.367,1,0,63005,4032512
fuzzydedup,6,2,enron_full_467278,exact_ref,4624.747,1,0,77202,4941120
fuzzydedup,5,2,enron_full_467576,exact_ref,5922.503,1,0,88706,5677376
fuzzydedup,6,2,enron_full_467576,exact_ref,6331.518,1,0,104214,6669888
fuzzydedup,4,2,enron_full_467576,exact_ref,4437.846,1,0,73173,4683264
fuzzydedup,6,2,enron_full_467913,exact_ref,4084.118,1,0,70506,4512576
fuzzydedup,4,2,enron_full_467913,exact_ref,3034.336,1,0,45483,2911104
fuzzydedup,5,2,enron_full_467913,exact_ref,3418.661,1,0,57177,3659520
fuzzydedup,4,2,enron_full_468001,exact_ref,145.930,1,0,1309,83968
fuzzydedup,5,2,enron_full_468001,exact_ref,145.172,1,0,1671,107136
fuzzydedup,6,2,enron_full_468001,exact_ref,161.328,1,0,2035,130432
fuzzydedup,5,2,enron_full_468241,exact_ref,2737.595,1,0,46989,3007488
fuzzydedup,6,2,enron_full_468241,exact_ref,2686.047,1,0,51591,3302016
fuzzydedup,4,2,enron_full_468241,exact_ref,2431.059,1,0,41341,2646016
fuzzydedup,6,2,enron_full_468948,exact_ref,1430.281,1,0,15268,977344
fuzzydedup,4,2,enron_full_468948,exact_ref,954.569,1,0,9555,611712
fuzzydedup,5,2,enron_full_468948,exact_ref,1250.396,1,0,12241,783616
fuzzydedup,4,2,enron_full_469104,exact_ref,3702.913,1,0,53979,3454848
fuzzydedup,5,2,enron_full_469104,exact_ref,4002.954,1,0,63565,4068352
fuzzydedup,6,2,enron_full_469104,exact_ref,4329.922,1,0,72123,4616064
fuzzydedup,5,2,enron_full_469441,exact_ref,3317.129,1,0,47310,3028032
fuzzydedup,6,2,enron_full_469441,exact_ref,3944.398,1,0,58361,3735296
fuzzydedup,4,2,enron_full_469441,exact_ref,2815.859,1,0,37254,2384448
fuzzydedup,6,2,enron_full_470510,exact_ref,1063.532,1,0,10865,695552
fuzzydedup,4,2,enron_full_470510,exact_ref,851.502,1,0,6680,427712
fuzzydedup,5,2,enron_full_470510,exact_ref,922.169,1,0,8633,552704
fuzzydedup,4,2,enron_full_471172,exact_ref,3831.127,1,0,62509,4000768
fuzzydedup,5,2,enron_full_471172,exact_ref,4137.716,1,0,72095,4614272
fuzzydedup,6,2,enron_full_471172,exact_ref,4509.494,1,0,80653,5161984
fuzzydedup,5,2,enron_full_472398,exact_ref,2166.264,1,0,30704,1965248
fuzzydedup,6,2,enron_full_472398,exact_ref,2881.287,1,0,38156,2442176
fuzzydedup,4,2,enron_full_472398,exact_ref,1806.310,1,0,23930,1531712
fuzzydedup,6,2,enron_full_473353,exact_ref,5604.881,1,0,99303,6355584
fuzzydedup,4,2,enron_full_473353,exact_ref,4613.979,1,0,74148,4745664
fuzzydedup,5,2,enron_full_473353,exact_ref,4977.750,1,0,87496,5599936
fuzzydedup,4,2,enron_full_473987,no_exact_ref,2672.733,0,5,40217,2573888
fuzzydedup,5,2,enron_full_473987,no_exact_ref,3472.074,0,6,50020,3201280
fuzzydedup,6,2,enron_full_473987,no_exact_ref,3913.454,0,7,60498,3871872
fuzzydedup,5,2,enron_full_474902,exact_ref,6023.625,1,0,94453,6045184
fuzzydedup,6,2,enron_full_474902,exact_ref,6306.275,1,0,108836,6965696
fuzzydedup,4,2,enron_full_474902,exact_ref,5077.753,1,0,78945,5052672
fuzzydedup,6,2,enron_full_476646,exact_ref,5358.541,1,0,94110,6023232
fuzzydedup,4,2,enron_full_476646,exact_ref,4278.269,1,0,71621,4583936
fuzzydedup,5,2,enron_full_476646,exact_ref,4774.292,1,0,83428,5339584
fuzzydedup,4,2,enron_full_476866,exact_ref,5030.798,1,0,69182,4427840
fuzzydedup,5,2,enron_full_476866,exact_ref,5405.185,1,0,83565,5348352
fuzzydedup,6,2,enron_full_476866,exact_ref,6011.248,1,0,97387,6233344
fuzzydedup,5,2,enron_full_476952,exact_ref,1811.970,1,0,29838,1909824
fuzzydedup,6,2,enron_full_476952,exact_ref,1782.019,1,0,32227,2062720
fuzzydedup,4,2,enron_full_476952,exact_ref,1629.843,1,0,26890,1721152
fuzzydedup,6,2,enron_full_478933,no_exact_ref,10070.609,0,7,197015,12608960
fuzzydedup,4,2,enron_full_478933,no_exact_ref,7919.549,0,5,141284,9042176
fuzzydedup,5,2,enron_full_478933,no_exact_ref,8773.508,0,6,169864,10871296
fuzzydedup,4,2,enron_full_479947,no_exact_ref,1747.932,0,5,29764,1904896
fuzzydedup,5,2,enron_full_479947,no_exact_ref,2253.936,0,6,37900,2425600
fuzzydedup,6,2,enron_full_479947,no_exact_ref,2434.148,0,7,47017,3009088
fuzzydedup,5,2,enron_full_480468,no_exact_ref,6639.292,0,6,136629,8744256
fuzzydedup,6,2,enron_full_480468,no_exact_ref,8207.399,0,7,159258,10192512
fuzzydedup,4,2,enron_full_480468,no_exact_ref,5427.735,0,5,113227,7246528
fuzzydedup,6,2,enron_full_480848,exact_ref,4914.784,1,0,93827,6005120
fuzzydedup,4,2,enron_full_480848,exact_ref,4224.649,1,0,71338,4565824
fuzzydedup,5,2,enron_full_480848,exact_ref,4685.523,1,0,83145,5321472
fuzzydedup,4,2,enron_full_481384,exact_ref,4226.136,1,0,73912,4730560
fuzzydedup,5,2,enron_full_481384,exact_ref,5258.187,1,0,87260,5584832
fuzzydedup,6,2,enron_full_481384,exact_ref,5177.807,1,0,99067,6340480
fuzzydedup,5,2,enron_full_481691,exact_ref,5122.710,1,0,94303,6035584
fuzzydedup,6,2,enron_full_481691,exact_ref,5992.319,1,0,108686,6956096
fuzzydedup,4,2,enron_full_481691,exact_ref,5019.020,1,0,78795,5043072
fuzzydedup,6,2,enron_full_481940,exact_ref,6266.805,1,0,104289,6674688
fuzzydedup,4,2,enron_full_481940,exact_ref,4732.239,1,0,72159,4618368
fuzzydedup,5,2,enron_full_481940,exact_ref,5523.472,1,0,88070,5636672
fuzzydedup,4,2,enron_full_482039,exact_ref,3022.364,1,0,47045,3011072
fuzzydedup,5,2,enron_full_482039,exact_ref,3212.319,1,0,53267,3409280
fuzzydedup,6,2,enron_full_482039,exact_ref,3290.629,1,0,58915,3770752
fuzzydedup,5,2,enron_full_482398,no_exact_ref,6945.204,0,6,126879,8120256
fuzzydedup,6,2,enron_full_482398,no_exact_ref,7568.377,0,7,148499,9503936
fuzzydedup,4,2,enron_full_482398,no_exact_ref,5508.262,0,5,105124,6727936
fuzzydedup,6,2,enron_full_482679,no_exact_ref,2043.298,0,7,38839,2485696
fuzzydedup,4,2,enron_full_482679,no_exact_ref,1365.923,0,5,24248,1551872
fuzzydedup,5,2,enron_full_482679,no_exact_ref,1619.777,0,6,31029,1985856
fuzzydedup,4,2,enron_full_482700,exact_ref,4721.429,1,0,78301,5011456
fuzzydedup,5,2,enron_full_482700,exact_ref,5511.180,1,0,92684,5931968
fuzzydedup,6,2,enron_full_482700,exact_ref,5957.241,1,0,106506,6816576
fuzzydedup,5,2,enron_full_482778,exact_ref,4453.570,1,0,74470,4766272
fuzzydedup,6,2,enron_full_482778,exact_ref,4664.099,1,0,85152,5449920
fuzzydedup,4,2,enron_full_482778,exact_ref,3736.338,1,0,62663,4010624
fuzzydedup,6,2,enron_full_482919,exact_ref,3953.271,1,0,74123,4744064
fuzzydedup,4,2,enron_full_482919,exact_ref,2872.369,1,0,58135,3720832
fuzzydedup,5,2,enron_full_482919,exact_ref,3397.268,1,0,66693,4268544
fuzzydedup,4,2,enron_full_483941,exact_ref,4929.708,1,0,78338,5013824
fuzzydedup,5,2,enron_full_483941,exact_ref,5304.113,1,0,92721,5934336
fuzzydedup,6,2,enron_full_483941,exact_ref,5529.735,1,0,106543,6818944
fuzzydedup,5,2,enron_full_484013,exact_ref,4490.672,1,0,74545,4771072
fuzzydedup,6,2,enron_full_484013,exact_ref,4909.932,1,0,85227,5454720
fuzzydedup,4,2,enron_full_484013,exact_ref,3692.557,1,0,62738,4015424
fuzzydedup,6,2,enron_full_485161,exact_ref,6251.235,1,0,109787,7026560
fuzzydedup,4,2,enron_full_485161,exact_ref,4771.550,1,0,78282,5010240
fuzzydedup,5,2,enron_full_485161,exact_ref,5735.525,1,0,94254,6032448
fuzzydedup,4,2,enron_full_485319,exact_ref,1487.780,1,0,22392,1433280
fuzzydedup,5,2,enron_full_485319,exact_ref,1586.950,1,0,24781,1586176
fuzzydedup,6,2,enron_full_485319,exact_ref,1629.722,1,0,26596,1702336
fuzzydedup,5,2,enron_full_485507,no_exact_ref,8824.583,0,6,164671,10538944
fuzzydedup,6,2,enron_full_485507,no_exact_ref,10159.056,0,7,190614,12199296
fuzzydedup,4,2,enron_full_485507,no_exact_ref,7699.923,0,5,137103,8774592
fuzzydedup,6,2,enron_full_485652,no_exact_ref,1325.950,0,7,15381,984384
fuzzydedup,4,2,enron_full_485652,no_exact_ref,1038.073,0,5,10047,643008
fuzzydedup,5,2,enron_full_485652,no_exact_ref,1147.634,0,6,12599,806336
fuzzydedup,4,2,enron_full_485802,no_exact_ref,5509.998,0,5,95838,6133632
fuzzydedup,5,2,enron_full_485802,no_exact_ref,6288.362,0,6,116994,7487616
fuzzydedup,6,2,enron_full_485802,no_exact_ref,7212.798,0,7,137129,8776256
fuzzydedup,5,2,enron_full_486590,exact_ref,147.304,1,0,1068,68544
fuzzydedup,6,2,enron_full_486590,exact_ref,146.333,1,0,1316,84416
fuzzydedup,4,2,enron_full_486590,exact_ref,99.641,1,0,856,54976
fuzzydedup,6,2,enron_full_486718,exact_ref,6663.921,1,0,110212,7053760
fuzzydedup,4,2,enron_full_486718,exact_ref,5116.039,1,0,78707,5037440
fuzzydedup,5,2,enron_full_486718,exact_ref,5820.945,1,0,94679,6059648
fuzzydedup,4,2,enron_full_487009,no_exact_ref,4519.497,0,5,77883,4984512
fuzzydedup,5,2,enron_full_487009,no_exact_ref,5202.030,0,6,95188,6092032
fuzzydedup,6,2,enron_full_487009,no_exact_ref,5943.336,0,7,112519,7201216
fuzzydedup,5,2,enron_full_487095,no_exact_ref,8319.663,0,6,153267,9809088
fuzzydedup,6,2,enron_full_487095,no_exact_ref,9414.830,0,7,177736,11375104
fuzzydedup,4,2,enron_full_487095,no_exact_ref,7144.412,0,5,127462,8157568
fuzzydedup,6,2,enron_full_487221,exact_ref,3375.640,1,0,59206,3789376
fuzzydedup,4,2,enron_full_487221,exact_ref,2937.689,1,0,47336,3029696
fuzzydedup,5,2,enron_full_487221,exact_ref,3142.531,1,0,53558,3427904
fuzzydedup,4,2,enron_full_488455,no_exact_ref,7068.890,0,5,127462,8157568
fuzzydedup,5,2,enron_full_488455,no_exact_ref,8184.427,0,6,153267,9809088
fuzzydedup,6,2,enron_full_488455,no_exact_ref,9318.418,0,7,177736,11375104
fuzzydedup,5,2,enron_full_488704,no_exact_ref,2432.392,1,4,34175,2189376
fuzzydedup,6,2,enron_full_488704,no_exact_ref,2513.231,1,4,37658,2412928
fuzzydedup,4,2,enron_full_488704,no_exact_ref,2111.394,1,4,29573,1893632
fuzzydedup,6,2,enron_full_489126,no_exact_ref,9410.807,0,7,177736,11375104
fuzzydedup,4,2,enron_full_489126,no_exact_ref,6794.948,0,5,127462,8157568
fuzzydedup,5,2,enron_full_489126,no_exact_ref,8015.602,0,6,153267,9809088
fuzzydedup,4,2,enron_full_490171,no_exact_ref,7633.950,0,5,141284,9042176
fuzzydedup,5,2,enron_full_490171,no_exact_ref,9506.382,0,6,169864,10871296
fuzzydedup,6,2,enron_full_490171,no_exact_ref,10246.258,0,7,197015,12608960
fuzzydedup,5,2,enron_full_490913,exact_ref,5167.074,1,0,87427,5595520
fuzzydedup,6,2,enron_full_490913,exact_ref,5995.919,1,0,103834,6645568
fuzzydedup,4,2,enron_full_490913,exact_ref,4262.388,1,0,71208,4557504
fuzzydedup,6,2,enron_full_491597,exact_ref,3961.624,1,0,74571,4772736
fuzzydedup,4,2,enron_full_491597,exact_ref,3260.390,1,0,58583,3749504
fuzzydedup,5,2,enron_full_491597,exact_ref,3626.675,1,0,67141,4297216
fuzzydedup,4,2,enron_full_491993,no_exact_ref,5929.098,0,5,107991,6911424
fuzzydedup,5,2,enron_full_491993,no_exact_ref,6990.195,0,6,131204,8397056
fuzzydedup,6,2,enron_full_491993,no_exact_ref,8048.937,0,7,153889,9848896
fuzzydedup,5,2,enron_full_492310,no_exact_ref,3721.071,0,6,55915,3578560
fuzzydedup,6,2,enron_full_492310,no_exact_ref,4143.768,0,7,67711,4333568
fuzzydedup,4,2,enron_full_492310,no_exact_ref,2990.281,0,5,44983,2878912
fuzzydedup,6,2,enron_full_492624,exact_ref,3091.867,1,0,51558,3299904
fuzzydedup,4,2,enron_full_492624,exact_ref,2579.359,1,0,39688,2540224
fuzzydedup,5,2,enron_full_492624,exact_ref,2831.853,1,0,45910,2938432
fuzzydedup,4,2,enron_full_492762,no_exact_ref,2868.461,0,5,50866,3255424
fuzzydedup,5,2,enron_full_492762,no_exact_ref,3342.101,0,6,63363,4055232
fuzzydedup,6,2,enron_full_492762,no_exact_ref,3815.381,0,7,76712,4909568
fuzzydedup,5,2,enron_full_493081,no_exact_ref,5738.757,0,6,106088,6789632
fuzzydedup,6,2,enron_full_493081,no_exact_ref,6570.205,0,7,125079,8005056
fuzzydedup,4,2,enron_full_493081,no_exact_ref,4622.750,0,5,87103,5574592
fuzzydedup,6,2,enron_full_493173,no_exact_ref,8837.148,0,7,153889,9848896
fuzzydedup,4,2,enron_full_493173,no_exact_ref,6690.735,0,5,107991,6911424
fuzzydedup,5,2,enron_full_493173,no_exact_ref,6540.639,0,6,131204,8397056
fuzzydedup,4,2,enron_full_494836,no_exact_ref,7945.389,0,5,140955,9021632
fuzzydedup,5,2,enron_full_494836,no_exact_ref,9348.903,0,6,169489,10848128
fuzzydedup,6,2,enron_full_494836,no_exact_ref,9958.476,0,7,197034,12611520
fuzzydedup,5,2,enron_full_495207,no_exact_ref,8445.760,0,6,168810,10803840
fuzzydedup,6,2,enron_full_495207,no_exact_ref,10200.300,0,7,194887,12472768
fuzzydedup,4,2,enron_full_495207,no_exact_ref,8205.235,0,5,139973,8958272
fuzzydedup,6,2,enron_full_496303,no_exact_ref,10381.092,0,7,186103,11910592
fuzzydedup,4,2,enron_full_496303,no_exact_ref,7922.346,0,5,133491,8543424
fuzzydedup,5,2,enron_full_496303,no_exact_ref,9109.539,0,6,160514,10272896
fuzzydedup,4,2,enron_full_497180,exact_ref,3943.921,1,0,63482,4063040
fuzzydedup,5,2,enron_full_497180,exact_ref,4027.177,1,0,73068,4676544
fuzzydedup,6,2,enron_full_497180,exact_ref,4425.510,1,0,81626,5224256
fuzzydedup,5,2,enron_full_498346,no_exact_ref,9368.477,0,6,169489,10847296
fuzzydedup,6,2,enron_full_498346,no_exact_ref,10278.965,0,7,197034,12610176
fuzzydedup,4,2,enron_full_498346,no_exact_ref,7247.760,0,5,140955,9021120
fuzzydedup,6,2,enron_full_498425,exact_ref,2755.644,1,0,52288,3346624
fuzzydedup,4,2,enron_full_498425,exact_ref,2719.108,1,0,42038,2690624
fuzzydedup,5,2,enron_full_498425,exact_ref,2336.608,1,0,47686,3052096
fuzzydedup,4,2,enron_full_498832,exact_ref,847.577,1,0,9642,617280
fuzzydedup,5,2,enron_full_498832,exact_ref,1059.520,1,0,12328,789184
fuzzydedup,6,2,enron_full_498832,exact_ref,1309.630,1,0,15355,982912
fuzzydedup,5,2,enron_full_499190,exact_ref,1214.696,1,0,13148,841664
fuzzydedup,6,2,enron_full_499190,exact_ref,1271.631,1,0,16470,1054272
fuzzydedup,4,2,enron_full_499190,exact_ref,1154.944,1,0,10121,647936
fuzzydedup,6,2,enron_full_499335,exact_ref,2213.598,1,0,38598,2470464
fuzzydedup,4,2,enron_full_499335,exact_ref,1939.079,1,0,32167,2058880
fuzzydedup,5,2,enron_full_499335,exact_ref,1862.865,1,0,35650,2281792
fuzzydedup,4,2,enron_full_500125,exact_ref,1931.062,1,0,37068,2372544
fuzzydedup,5,2,enron_full_500125,exact_ref,1972.659,1,0,41670,2667072
fuzzydedup,6,2,enron_full_500125,exact_ref,2279.351,1,0,45153,2889984
fuzzydedup,5,2,enron_full_500480,exact_ref,1030.615,1,0,9806,627776
fuzzydedup,6,2,enron_full_500480,exact_ref,1108.101,1,0,12157,778240
fuzzydedup,4,2,enron_full_500480,exact_ref,753.179,1,0,7574,484928
fuzzydedup,6,2,enron_full_500856,exact_ref,2571.027,1,0,42520,2721472
fuzzydedup,4,2,enron_full_500856,exact_ref,2163.786,1,0,32270,2065472
fuzzydedup,5,2,enron_full_500856,exact_ref,2378.734,1,0,37918,2426944
fuzzydedup,4,2,enron_full_501389,exact_ref,2373.097,1,0,42157,2698240
fuzzydedup,5,2,enron_full_501389,exact_ref,2257.213,1,0,47805,3059712
fuzzydedup,6,2,enron_full_501389,exact_ref,2747.268,1,0,52407,3354240
fuzzydedup,5,2,enron_full_501995,no_exact_ref,1836.744,1,0,35914,2298688
fuzzydedup,6,2,enron_full_501995,no_exact_ref,2118.940,1,0,38862,2487360
fuzzydedup,4,2,enron_full_501995,no_exact_ref,1725.162,1,0,32431,2075776
fuzzydedup,6,2,enron_full_503996,no_exact_ref,6838.817,0,7,148499,9503936
fuzzydedup,4,2,enron_full_503996,no_exact_ref,5274.487,0,5,105124,6727936
fuzzydedup,5,2,enron_full_503996,no_exact_ref,6417.651,0,6,126879,8120256
fuzzydedup,4,2,enron_full_504214,no_exact_ref,3372.686,0,5,56325,3604800
fuzzydedup,5,2,enron_full_504214,no_exact_ref,4045.775,0,6,69703,4460992
fuzzydedup,6,2,enron_full_504214,no_exact_ref,4490.439,0,7,83781,5361984
fuzzydedup,5,2,enron_full_504672,exact_ref,3285.397,1,0,56643,3625344
fuzzydedup,6,2,enron_full_504672,exact_ref,3657.087,1,0,64073,4100864
fuzzydedup,4,2,enron_full_504672,exact_ref,2831.158,1,0,48085,3077632
fuzzydedup,6,2,enron_full_506077,no_exact_ref,3831.893,0,7,76712,4909568
fuzzydedup,4,2,enron_full_506077,no_exact_ref,2498.624,0,5,50866,3255424
fuzzydedup,5,2,enron_full_506077,no_exact_ref,3293.680,0,6,63363,4055232
fuzzydedup,4,2,enron_full_506313,no_exact_ref,5801.675,0,5,100182,6411648
fuzzydedup,5,2,enron_full_506313,no_exact_ref,6839.448,0,6,122217,7821888
fuzzydedup,6,2,enron_full_506313,no_exact_ref,7647.909,0,7,144058,9219712
fuzzydedup,5,2,enron_full_506691,no_exact_ref,7122.848,0,6,145606,9318784
fuzzydedup,6,2,enron_full_506691,no_exact_ref,8417.412,0,7,169255,10832320
fuzzydedup,4,2,enron_full_506691,no_exact_ref,6123.081,0,5,120641,7721024
fuzzydedup,6,2,enron_full_506951,no_exact_ref,8740.727,0,7,184939,11836096
fuzzydedup,4,2,enron_full_506951,no_exact_ref,6784.178,0,5,132999,8511936
fuzzydedup,5,2,enron_full_506951,no_exact_ref,8311.580,0,6,159592,10213888
fuzzydedup,4,2,enron_full_508297,exact_ref,1301.677,1,0,13409,858368
fuzzydedup,5,2,enron_full_508297,exact_ref,1511.464,1,0,17605,1126912
fuzzydedup,6,2,enron_full_508297,exact_ref,1666.055,1,0,22841,1462016
fuzzydedup,5,2,enron_full_508633,no_exact_ref,1516.138,1,0,23356,1494976
fuzzydedup,6,2,enron_full_508633,no_exact_ref,1683.195,1,0,25171,1611136
fuzzydedup,4,2,enron_full_508633,no_exact_ref,1314.025,1,0,20967,1342080
fuzzydedup,6,2,enron_full_509309,exact_ref,4453.736,1,0,85255,5456512
fuzzydedup,4,2,enron_full_509309,exact_ref,3823.531,1,0,64987,4159360
fuzzydedup,5,2,enron_full_509309,exact_ref,4228.271,1,0,75669,4843008
fuzzydedup,4,2,enron_full_509898,exact_ref,3183.064,1,0,46160,2954432
fuzzydedup,5,2,enron_full_509898,exact_ref,3336.205,1,0,57854,3702848
fuzzydedup,6,2,enron_full_509898,exact_ref,4024.385,1,0,71183,4555968
fuzzydedup,5,2,enron_full_511005,exact_ref,2227.017,1,0,38729,2478976
fuzzydedup,6,2,enron_full_511005,exact_ref,2461.944,1,0,42212,2701888
fuzzydedup,4,2,enron_full_511005,exact_ref,2075.886,1,0,34127,2184320
fuzzydedup,6,2,enron_full_513543,no_exact_ref,7465.408,0,7,144058,9219712
fuzzydedup,4,2,enron_full_513543,no_exact_ref,6272.497,0,5,100182,6411648
fuzzydedup,5,2,enron_full_513543,no_exact_ref,6792.122,0,6,122217,7821888
fuzzydedup,4,2,enron_full_513857,exact_ref,4531.413,1,0,79939,5116288
fuzzydedup,5,2,enron_full_513857,exact_ref,5903.920,1,0,95447,6108800
fuzzydedup,6,2,enron_full_513857,exact_ref,6386.197,1,0,109830,7029312
fuzzydedup,5,2,enron_full_514823,no_exact_ref,5284.927,0,6,85290,5458560
fuzzydedup,6,2,enron_full_514823,no_exact_ref,6101.590,0,7,102455,6557120
fuzzydedup,4,2,enron_full_514823,no_exact_ref,4532.327,0,5,69400,4441600
fuzzydedup,6,2,enron_full_514984,exact_ref,3535.591,1,0,52861,3383296
fuzzydedup,4,2,enron_full_514984,exact_ref,2563.315,1,0,33360,2135232
fuzzydedup,5,2,enron_full_514984,exact_ref,3031.423,1,0,42805,2739712
fuzzydedup,4,2,enron_full_515092,no_exact_ref,7681.613,0,5,128135,8200640
fuzzydedup,5,2,enron_full_515092,no_exact_ref,8849.501,0,6,154598,9894272
fuzzydedup,6,2,enron_full_515092,no_exact_ref,10094.951,0,7,180015,11520960
fuzzydedup,5,2,enron_full_515627,no_exact_ref,9116.287,0,6,164671,10538944
fuzzydedup,6,2,enron_full_515627,no_exact_ref,10173.698,0,7,190614,12199296
fuzzydedup,4,2,enron_full_515627,no_exact_ref,7692.801,0,5,137103,8774592
fuzzydedup,6,2,enron_full_515714,no_exact_ref,10143.046,0,7,190614,12199296
fuzzydedup,4,2,enron_full_515714,no_exact_ref,7782.591,0,5,137103,8774592
fuzzydedup,5,2,enron_full_515714,no_exact_ref,8960.271,0,6,164671,10538944
fuzzydedup,4,2,enron_full_516032,exact_ref,3862.694,1,0,63999,4096128
fuzzydedup,5,2,enron_full_516032,exact_ref,4093.832,1,0,73585,4709632
fuzzydedup,6,2,enron_full_516032,exact_ref,4143.246,1,0,82143,5257344
fuzzydedup,5,2,enron_full_516843,no_exact_ref,7418.253,0,6,145606,9318784
fuzzydedup,6,2,enron_full_516843,no_exact_ref,8624.987,0,7,169255,10832320
fuzzydedup,4,2,enron_full_516843,no_exact_ref,6108.143,0,5,120641,7721024
fuzzydedup,6,2,enron_full_516871,no_exact_ref,7677.848,0,7,133357,8534848
fuzzydedup,4,2,enron_full_516871,no_exact_ref,4968.089,0,5,92244,5903616
fuzzydedup,5,2,enron_full_516871,no_exact_ref,6584.129,0,6,113036,7234304
