strategy,query_id,type,repeat,latency_us,candidate_count,filter_queries,inverted_lookups,posting_records_read,full_tag_distance_computations
prefuzz,enron_full_000202,text,0,14853,2,7,7,14,2
prefuzz,enron_full_000664,text,0,149,2,7,7,14,2
prefuzz,enron_full_001289,text,0,3,0,7,0,0,0
prefuzz,enron_full_001379,text,0,4,0,7,0,0,0
prefuzz,enron_full_001488,text,0,3,0,7,0,0,0
prefuzz,enron_full_001525,text,0,132,1,7,7,7,1
prefuzz,enron_full_002220,text,0,145,2,7,7,14,2
prefuzz,enron_full_004616,text,0,157,3,7,7,21,3
prefuzz,enron_full_005913,text,0,167,3,7,7,21,3
prefuzz,enron_full_006211,text,0,127,1,7,7,7,1
prefuzz,enron_full_006276,text,0,141,2,7,7,14,2
prefuzz,enron_full_006379,text,0,3,0,7,0,0,0
prefuzz,enron_full_006771,text,0,139,2,7,7,14,2
prefuzz,enron_full_007411,text,0,3,0,7,0,0,0
prefuzz,enron_full_008064,text,0,124,1,7,7,7,1
prefuzz,enron_full_008136,text,0,160,0,7,3,11,9
prefuzz,enron_full_008648,text,0,127,1,7,7,7,1
prefuzz,enron_full_008924,text,0,178,2,7,7,14,2
prefuzz,enron_full_009142,text,0,455,24,7,7,168,24
prefuzz,enron_full_009200,text,0,126,1,7,7,7,1
prefuzz,enron_full_009568,text,0,3,0,7,0,0,0
prefuzz,enron_full_009735,text,0,3,0,7,0,0,0
prefuzz,enron_full_011924,text,0,559,30,7,7,210,30
prefuzz,enron_full_012156,text,0,137,3,7,7,21,3
prefuzz,enron_full_012651,text,0,110,1,7,7,7,1
prefuzz,enron_full_013576,text,0,111,1,7,7,7,1
prefuzz,enron_full_013941,text,0,120,2,7,7,14,2
prefuzz,enron_full_014539,text,0,132,3,7,7,21,3
prefuzz,enron_full_014678,text,0,270,10,7,7,70,10
prefuzz,enron_full_015568,text,0,136,2,7,7,14,2
prefuzz,enron_full_015698,text,0,235,1,7,7,13,4
prefuzz,enron_full_016017,text,0,456,24,7,7,168,24
prefuzz,enron_full_017189,text,0,149,2,7,7,14,2
prefuzz,enron_full_018163,text,0,3,0,7,0,0,0
prefuzz,enron_full_018755,text,0,127,1,7,7,7,1
prefuzz,enron_full_019153,text,0,125,1,7,7,7,1
prefuzz,enron_full_019201,text,0,139,2,7,7,14,2
prefuzz,enron_full_019604,text,0,3,0,7,0,0,0
prefuzz,enron_full_019949,text,0,140,2,7,7,14,2
prefuzz,enron_full_020401,text,0,3,0,7,0,0,0
prefuzz,enron_full_020951,text,0,123,1,7,7,7,1
prefuzz,enron_full_021195,text,0,168,4,7,7,28,4
prefuzz,enron_full_021224,text,0,13271,437,7,7,3074,954
prefuzz,enron_full_021900,text,0,153,1,7,7,7,1
prefuzz,enron_full_022531,text,0,157,3,7,7,21,3
prefuzz,enron_full_022683,text,0,141,2,7,7,14,2
prefuzz,enron_full_022865,text,0,138,2,7,7,14,2
prefuzz,enron_full_022972,text,0,124,1,7,7,7,1
prefuzz,enron_full_024952,text,0,3,0,7,0,0,0
prefuzz,enron_full_025050,text,0,150,2,7,7,14,2
prefuzz,enron_full_026603,text,0,138,2,7,7,14,2
prefuzz,enron_full_026721,text,0,173,2,7,7,17,5
prefuzz,enron_full_027643,text,0,164,4,7,7,28,4
prefuzz,enron_full_027693,text,0,136,2,7,7,14,2
prefuzz,enron_full_027925,text,0,122,1,7,7,7,1
prefuzz,enron_full_028250,text,0,121,1,7,7,7,1
prefuzz,enron_full_028591,text,0,145,2,7,7,14,2
prefuzz,enron_full_028607,text,0,3,0,7,0,0,0
prefuzz,enron_full_029506,text,0,3,0,7,0,0,0
prefuzz,enron_full_030144,text,0,136,2,7,7,14,2
prefuzz,enron_full_031433,text,0,134,2,7,7,14,2
prefuzz,enron_full_031542,text,0,135,2,7,7,14,2
prefuzz,enron_full_031612,text,0,136,2,7,7,14,2
prefuzz,enron_full_031680,text,0,122,1,7,7,7,1
prefuzz,enron_full_032079,text,0,3,0,7,0,0,0
prefuzz,enron_full_032704,text,0,519,29,7,7,203,29
prefuzz,enron_full_033187,text,0,3,0,7,0,0,0
prefuzz,enron_full_033628,text,0,136,1,7,7,10,2
prefuzz,enron_full_034178,text,0,3,0,7,0,0,0
prefuzz,enron_full_034530,text,0,3,0,7,0,0,0
prefuzz,enron_full_035481,text,0,3,0,7,0,0,0
prefuzz,enron_full_035578,text,0,3,0,7,0,0,0
prefuzz,enron_full_035695,text,0,31,0,7,1,1,1
prefuzz,enron_full_035726,text,0,3,0,7,0,0,0
prefuzz,enron_full_035827,text,0,3,0,7,0,0,0
prefuzz,enron_full_035969,text,0,3,0,7,0,0,0
prefuzz,enron_full_035998,text,0,3,0,7,0,0,0
prefuzz,enron_full_038008,text,0,3,0,7,0,0,0
prefuzz,enron_full_040212,text,0,3,0,7,0,0,0
prefuzz,enron_full_040615,text,0,137,2,7,7,14,2
prefuzz,enron_full_041235,text,0,135,2,7,7,14,2
prefuzz,enron_full_042132,text,0,120,1,7,7,7,1
prefuzz,enron_full_045885,text,0,144,2,7,7,14,2
prefuzz,enron_full_046009,text,0,136,2,7,7,14,2
prefuzz,enron_full_046306,text,0,136,2,7,7,14,2
prefuzz,enron_full_046840,text,0,136,2,7,7,14,2
prefuzz,enron_full_047084,text,0,3,0,7,0,0,0
prefuzz,enron_full_047376,text,0,149,3,7,7,21,3
prefuzz,enron_full_047738,text,0,138,2,7,7,14,2
prefuzz,enron_full_047772,text,0,3,0,7,0,0,0
prefuzz,enron_full_048185,text,0,3,0,7,0,0,0
prefuzz,enron_full_048713,text,0,3,0,7,0,0,0
prefuzz,enron_full_049016,text,0,3,0,7,0,0,0
prefuzz,enron_full_049875,text,0,3,0,7,0,0,0
prefuzz,enron_full_050163,text,0,122,1,7,7,7,1
prefuzz,enron_full_050258,text,0,127,1,7,7,7,1
prefuzz,enron_full_050705,text,0,3,0,7,0,0,0
prefuzz,enron_full_050719,text,0,2,0,7,0,0,0
prefuzz,enron_full_051118,text,0,3,0,7,0,0,0
prefuzz,enron_full_051633,text,0,2,0,7,0,0,0
prefuzz,enron_full_052109,text,0,203,6,7,7,39,7
prefuzz,enron_full_052243,text,0,250,10,7,7,70,10
prefuzz,enron_full_052699,text,0,3,0,7,0,0,0
prefuzz,enron_full_052941,text,0,3,0,7,0,0,0
prefuzz,enron_full_053517,text,0,3,0,7,0,0,0
prefuzz,enron_full_053522,text,0,3,0,7,0,0,0
prefuzz,enron_full_054174,text,0,2,0,7,0,0,0
prefuzz,enron_full_055270,text,0,3,0,7,0,0,0
prefuzz,enron_full_055462,text,0,122,1,7,7,7,1
prefuzz,enron_full_056138,text,0,218,1,7,7,15,9
prefuzz,enron_full_056670,text,0,128,1,7,7,7,1
prefuzz,enron_full_056953,text,0,2,0,7,0,0,0
prefuzz,enron_full_057268,text,0,145,1,7,7,11,3
prefuzz,enron_full_057321,text,0,3,0,7,0,0,0
prefuzz,enron_full_057826,text,0,2,0,7,0,0,0
prefuzz,enron_full_058046,text,0,121,1,7,7,7,1
prefuzz,enron_full_058254,text,0,121,1,7,7,7,1
prefuzz,enron_full_058415,text,0,3,0,7,0,0,0
prefuzz,enron_full_059797,text,0,893,56,7,7,392,56
prefuzz,enron_full_060370,text,0,165,4,7,7,28,4
prefuzz,enron_full_060846,text,0,121,1,7,7,7,1
prefuzz,enron_full_062151,text,0,148,2,7,7,14,2
prefuzz,enron_full_062439,text,0,104,1,7,7,7,1
prefuzz,enron_full_063833,text,0,105,1,7,7,7,1
prefuzz,enron_full_063839,text,0,117,1,7,7,7,1
prefuzz,enron_full_064172,text,0,104,1,7,7,7,1
prefuzz,enron_full_064231,text,0,104,1,7,7,7,1
prefuzz,enron_full_064607,text,0,106,1,7,7,7,1
prefuzz,enron_full_065332,text,0,107,1,7,7,7,1
prefuzz,enron_full_065814,text,0,107,1,7,7,7,1
prefuzz,enron_full_066742,text,0,2,0,7,0,0,0
prefuzz,enron_full_067365,text,0,142,4,7,7,28,4
prefuzz,enron_full_067727,text,0,105,1,7,7,7,1
prefuzz,enron_full_067752,text,0,115,1,7,7,7,1
prefuzz,enron_full_068258,text,0,2,0,7,0,0,0
prefuzz,enron_full_068541,text,0,105,2,7,6,12,2
prefuzz,enron_full_068714,text,0,116,2,7,7,14,2
prefuzz,enron_full_068948,text,0,3,0,7,0,0,0
prefuzz,enron_full_069168,text,0,106,1,7,7,7,1
prefuzz,enron_full_069488,text,0,28,0,7,1,1,1
prefuzz,enron_full_070382,text,0,2,0,7,0,0,0
prefuzz,enron_full_071706,text,0,135,1,7,7,7,1
prefuzz,enron_full_071944,text,0,120,1,7,7,7,1
prefuzz,enron_full_072801,text,0,122,1,7,7,7,1
prefuzz,enron_full_073237,text,0,146,1,7,7,9,3
prefuzz,enron_full_075726,text,0,134,1,7,7,7,1
prefuzz,enron_full_076089,text,0,137,2,7,7,14,2
prefuzz,enron_full_078045,text,0,3,0,7,0,0,0
prefuzz,enron_full_078949,text,0,122,1,7,7,7,1
prefuzz,enron_full_080332,text,0,3,0,7,0,0,0
prefuzz,enron_full_080731,text,0,146,1,7,7,13,3
prefuzz,enron_full_081565,text,0,122,1,7,7,7,1
prefuzz,enron_full_081601,text,0,123,1,7,7,7,1
prefuzz,enron_full_081707,text,0,121,1,7,7,7,1
prefuzz,enron_full_082681,text,0,2,0,7,0,0,0
prefuzz,enron_full_085442,text,0,119,2,7,7,14,2
prefuzz,enron_full_085751,text,0,137,3,7,7,21,3
prefuzz,enron_full_086327,text,0,40,0,7,2,2,1
prefuzz,enron_full_087697,text,0,2,0,7,0,0,0
prefuzz,enron_full_088138,text,0,106,1,7,7,7,1
prefuzz,enron_full_088307,text,0,105,1,7,7,7,1
prefuzz,enron_full_088336,text,0,105,1,7,7,7,1
prefuzz,enron_full_089344,text,0,151,2,7,7,14,2
prefuzz,enron_full_089451,text,0,134,2,7,7,14,2
prefuzz,enron_full_090248,text,0,148,3,7,7,21,3
prefuzz,enron_full_091044,text,0,141,2,7,7,14,2
prefuzz,enron_full_091307,text,0,10226,301,7,7,1873,843
prefuzz,enron_full_092251,text,0,4,0,7,0,0,0
prefuzz,enron_full_092316,text,0,3,0,7,0,0,0
prefuzz,enron_full_092765,text,0,3,0,7,0,0,0
prefuzz,enron_full_093576,text,0,3,0,7,0,0,0
prefuzz,enron_full_094577,text,0,229,6,7,7,43,7
prefuzz,enron_full_094590,text,0,3,0,7,0,0,0
prefuzz,enron_full_094757,text,0,3,0,7,0,0,0
prefuzz,enron_full_095403,text,0,267,12,7,7,84,12
prefuzz,enron_full_096327,text,0,108,1,7,7,7,1
prefuzz,enron_full_096329,text,0,127,2,7,7,14,2
prefuzz,enron_full_098210,text,0,365,22,7,7,154,22
prefuzz,enron_full_098535,text,0,361,22,7,7,154,22
prefuzz,enron_full_098599,text,0,856,63,7,7,441,63
prefuzz,enron_full_098973,text,0,1158,75,7,7,525,75
prefuzz,enron_full_099013,text,0,352,16,7,7,112,16
prefuzz,enron_full_099531,text,0,138,2,7,7,14,2
prefuzz,enron_full_100323,text,0,8056,2,7,7,1002,658
prefuzz,enron_full_100466,text,0,122,1,7,7,7,1
prefuzz,enron_full_101174,text,0,120,2,7,7,14,2
prefuzz,enron_full_101274,text,0,119,2,7,7,14,2
prefuzz,enron_full_102532,text,0,107,1,7,7,7,1
prefuzz,enron_full_102695,text,0,119,2,7,7,14,2
prefuzz,enron_full_102774,text,0,135,2,7,7,14,2
prefuzz,enron_full_103426,text,0,99,1,7,7,7,1
prefuzz,enron_full_103581,text,0,110,2,7,7,14,2
prefuzz,enron_full_104396,text,0,2,0,7,0,0,0
prefuzz,enron_full_104402,text,0,676,49,7,7,343,49
prefuzz,enron_full_104423,text,0,3,0,7,0,0,0
prefuzz,enron_full_104598,text,0,944,70,7,7,490,70
prefuzz,enron_full_105565,text,0,115,1,7,7,7,1
prefuzz,enron_full_105930,text,0,107,1,7,7,7,1
prefuzz,enron_full_106126,text,0,132,3,7,7,21,3
prefuzz,enron_full_106135,text,0,121,2,7,7,14,2
prefuzz,enron_full_108529,text,0,119,2,7,7,14,2
prefuzz,enron_full_108654,text,0,404,27,7,7,189,27
prefuzz,enron_full_108933,text,0,147,2,7,7,17,5
prefuzz,enron_full_108996,text,0,112,2,7,7,14,2
prefuzz,enron_full_109605,text,0,112,2,7,7,14,2
prefuzz,enron_full_110370,text,0,98,1,7,7,7,1
prefuzz,enron_full_111197,text,0,2,0,7,0,0,0
prefuzz,enron_full_111665,text,0,109,2,7,7,14,2
prefuzz,enron_full_111904,text,0,121,3,7,7,21,3
prefuzz,enron_full_112694,text,0,98,1,7,7,7,1
prefuzz,enron_full_113971,text,0,183,8,7,7,56,8
prefuzz,enron_full_114650,text,0,107,1,7,7,7,1
prefuzz,enron_full_115626,text,0,2,0,7,0,0,0
prefuzz,enron_full_116065,text,0,121,3,7,7,21,3
prefuzz,enron_full_116692,text,0,99,1,7,7,7,1
prefuzz,enron_full_117087,text,0,109,2,7,7,14,2
prefuzz,enron_full_117441,text,0,120,3,7,7,21,3
prefuzz,enron_full_117988,text,0,121,3,7,7,21,3
prefuzz,enron_full_118247,text,0,109,2,7,7,14,2
prefuzz,enron_full_118573,text,0,97,1,7,7,7,1
prefuzz,enron_full_119068,text,0,108,2,7,7,14,2
prefuzz,enron_full_119674,text,0,3,0,7,0,0,0
prefuzz,enron_full_119896,text,0,61,0,7,1,4,4
prefuzz,enron_full_120534,text,0,122,3,7,7,21,3
prefuzz,enron_full_120641,text,0,98,1,7,7,7,1
prefuzz,enron_full_120822,text,0,120,3,7,7,21,3
prefuzz,enron_full_121175,text,0,108,1,7,7,8,2
prefuzz,enron_full_122290,text,0,2,0,7,0,0,0
prefuzz,enron_full_122402,text,0,2,0,7,0,0,0
prefuzz,enron_full_123831,text,0,123,3,7,7,21,3
prefuzz,enron_full_124264,text,0,110,2,7,7,14,2
prefuzz,enron_full_124451,text,0,121,3,7,7,21,3
prefuzz,enron_full_126518,text,0,131,4,7,7,28,4
prefuzz,enron_full_128013,text,0,2,0,7,0,0,0
prefuzz,enron_full_128290,text,0,2,0,7,0,0,0
prefuzz,enron_full_128461,text,0,116,2,7,7,14,2
prefuzz,enron_full_129750,text,0,120,3,7,7,21,3
prefuzz,enron_full_129922,text,0,256,12,7,7,84,12
prefuzz,enron_full_129965,text,0,105,1,7,7,7,1
prefuzz,enron_full_130406,text,0,134,1,7,7,10,4
prefuzz,enron_full_130557,text,0,117,2,7,7,14,2
prefuzz,enron_full_130818,text,0,118,2,7,7,14,2
prefuzz,enron_full_131990,text,0,125,2,7,7,14,2
prefuzz,enron_full_132971,text,0,104,1,7,7,7,1
prefuzz,enron_full_133588,text,0,147,2,7,7,17,5
prefuzz,enron_full_133819,text,0,129,3,7,7,21,3
prefuzz,enron_full_134727,text,0,2,0,7,0,0,0
prefuzz,enron_full_136330,text,0,117,2,7,7,14,2
prefuzz,enron_full_137531,text,0,128,3,7,7,21,3
prefuzz,enron_full_137711,text,0,117,2,7,7,14,2
prefuzz,enron_full_139013,text,0,2,0,7,0,0,0
prefuzz,enron_full_139188,text,0,208,8,7,7,56,8
prefuzz,enron_full_139197,text,0,145,5,7,7,35,5
prefuzz,enron_full_139486,text,0,110,2,7,7,14,2
prefuzz,enron_full_140225,text,0,90,0,7,2,6,6
prefuzz,enron_full_140420,text,0,261,15,7,7,105,15
prefuzz,enron_full_140552,text,0,109,2,7,7,14,2
prefuzz,enron_full_140885,text,0,99,1,7,7,7,1
prefuzz,enron_full_141161,text,0,2,0,7,0,0,0
prefuzz,enron_full_141985,text,0,434,23,7,7,161,23
prefuzz,enron_full_142230,text,0,122,1,7,7,7,1
prefuzz,enron_full_142612,text,0,135,2,7,7,14,2
prefuzz,enron_full_143076,text,0,135,2,7,7,14,2
prefuzz,enron_full_144720,text,0,43,0,7,1,2,2
prefuzz,enron_full_144759,text,0,3,0,7,0,0,0
prefuzz,enron_full_145061,text,0,148,3,7,7,21,3
prefuzz,enron_full_146696,text,0,141,2,7,7,14,2
prefuzz,enron_full_148007,text,0,136,2,7,7,14,2
prefuzz,enron_full_148315,text,0,161,4,7,7,28,4
prefuzz,enron_full_148338,text,0,161,4,7,7,28,4
prefuzz,enron_full_149174,text,0,120,1,7,7,7,1
prefuzz,enron_full_149842,text,0,183,2,7,7,18,6
prefuzz,enron_full_150562,text,0,134,2,7,7,14,2
prefuzz,enron_full_151773,text,0,3,0,7,0,0,0
prefuzz,enron_full_152307,text,0,127,1,7,7,7,1
prefuzz,enron_full_152987,text,0,121,1,7,7,7,1
prefuzz,enron_full_153167,text,0,344,1,7,7,28,19
prefuzz,enron_full_154125,text,0,30,0,7,1,1,1
prefuzz,enron_full_154648,text,0,3,0,7,0,0,0
prefuzz,enron_full_155829,text,0,121,1,7,7,7,1
prefuzz,enron_full_156626,text,0,122,1,7,7,7,1
prefuzz,enron_full_156811,text,0,224,8,7,7,56,8
prefuzz,enron_full_158640,text,0,121,1,7,7,7,1
prefuzz,enron_full_159222,text,0,133,2,7,7,14,2
prefuzz,enron_full_159570,text,0,133,2,7,7,14,2
prefuzz,enron_full_159687,text,0,162,4,7,7,28,4
prefuzz,enron_full_161067,text,0,122,1,7,7,7,1
prefuzz,enron_full_161301,text,0,133,2,7,7,14,2
prefuzz,enron_full_161404,text,0,169,4,7,7,28,4
prefuzz,enron_full_161839,text,0,3,0,7,0,0,0
prefuzz,enron_full_162338,text,0,135,2,7,7,14,2
prefuzz,enron_full_163700,text,0,3,0,7,0,0,0
prefuzz,enron_full_163994,text,0,120,1,7,7,7,1
prefuzz,enron_full_164128,text,0,30,0,7,1,1,1
prefuzz,enron_full_164251,text,0,149,3,7,7,21,3
prefuzz,enron_full_164751,text,0,2,0,7,0,0,0
prefuzz,enron_full_164805,text,0,3,0,7,0,0,0
prefuzz,enron_full_165550,text,0,3,0,7,0,0,0
prefuzz,enron_full_165951,text,0,603,35,7,7,245,35
prefuzz,enron_full_167260,text,0,773,2,7,7,83,52
prefuzz,enron_full_168469,text,0,227,8,7,7,56,8
prefuzz,enron_full_168971,text,0,135,2,7,7,14,2
prefuzz,enron_full_170176,text,0,3,0,7,0,0,0
prefuzz,enron_full_170711,text,0,251,9,7,7,64,10
prefuzz,enron_full_170765,text,0,269,11,7,7,77,11
prefuzz,enron_full_170860,text,0,3,0,7,0,0,0
prefuzz,enron_full_171509,text,0,147,3,7,7,21,3
prefuzz,enron_full_171797,text,0,3,0,7,0,0,0
prefuzz,enron_full_172609,text,0,3,0,7,0,0,0
prefuzz,enron_full_174436,text,0,152,2,7,7,15,3
prefuzz,enron_full_174861,text,0,121,1,7,7,7,1
prefuzz,enron_full_175011,text,0,2,0,7,0,0,0
prefuzz,enron_full_176124,text,0,121,1,7,7,7,1
prefuzz,enron_full_176753,text,0,119,1,7,7,7,1
prefuzz,enron_full_178212,text,0,121,1,7,7,7,1
prefuzz,enron_full_178550,text,0,119,1,7,7,7,1
prefuzz,enron_full_179413,text,0,120,1,7,7,7,1
prefuzz,enron_full_179791,text,0,120,1,7,7,7,1
prefuzz,enron_full_180640,text,0,130,1,7,7,7,1
prefuzz,enron_full_181037,text,0,231,9,7,7,63,9
prefuzz,enron_full_181456,text,0,868,53,7,7,344,55
prefuzz,enron_full_181872,text,0,123,1,7,7,7,1
prefuzz,enron_full_181885,text,0,120,1,7,7,7,1
prefuzz,enron_full_182915,text,0,119,1,7,7,7,1
prefuzz,enron_full_182942,text,0,119,1,7,7,7,1
prefuzz,enron_full_183169,text,0,120,1,7,7,7,1
prefuzz,enron_full_183297,text,0,119,1,7,7,7,1
prefuzz,enron_full_183379,text,0,129,1,7,7,7,1
prefuzz,enron_full_183388,text,0,118,1,7,7,7,1
prefuzz,enron_full_183934,text,0,121,1,7,7,7,1
prefuzz,enron_full_184508,text,0,120,1,7,7,7,1
prefuzz,enron_full_185731,text,0,3,0,7,0,0,0
prefuzz,enron_full_186258,text,0,119,1,7,7,7,1
prefuzz,enron_full_186778,text,0,120,1,7,7,7,1
prefuzz,enron_full_187181,text,0,119,1,7,7,7,1
prefuzz,enron_full_187432,text,0,118,1,7,7,7,1
prefuzz,enron_full_187706,text,0,127,1,7,7,7,1
prefuzz,enron_full_188453,text,0,119,1,7,7,7,1
prefuzz,enron_full_189842,text,0,119,1,7,7,7,1
prefuzz,enron_full_189980,text,0,135,2,7,7,14,2
prefuzz,enron_full_191466,text,0,119,1,7,7,7,1
prefuzz,enron_full_191744,text,0,43,0,7,1,2,2
prefuzz,enron_full_191882,text,0,119,1,7,7,7,1
prefuzz,enron_full_193162,text,0,146,3,7,7,21,3
prefuzz,enron_full_195402,text,0,121,1,7,7,7,1
prefuzz,enron_full_195600,text,0,963,1,7,7,83,70
prefuzz,enron_full_195759,text,0,128,1,7,7,7,1
prefuzz,enron_full_196134,text,0,120,1,7,7,7,1
prefuzz,enron_full_197175,text,0,143,1,7,7,9,3
prefuzz,enron_full_197216,text,0,119,1,7,7,7,1
prefuzz,enron_full_197678,text,0,121,1,7,7,7,1
prefuzz,enron_full_198102,text,0,120,1,7,7,7,1
prefuzz,enron_full_198996,text,0,136,2,7,7,14,2
prefuzz,enron_full_200327,text,0,147,3,7,7,21,3
prefuzz,enron_full_200476,text,0,140,2,7,7,14,2
prefuzz,enron_full_201608,text,0,147,3,7,7,21,3
prefuzz,enron_full_202547,text,0,133,2,7,7,14,2
prefuzz,enron_full_202611,text,0,2,0,7,0,0,0
prefuzz,enron_full_203046,text,0,120,1,7,7,7,1
prefuzz,enron_full_204937,text,0,171,3,7,7,23,5
prefuzz,enron_full_205754,text,0,150,3,7,7,21,3
prefuzz,enron_full_205846,text,0,134,2,7,7,14,2
prefuzz,enron_full_206132,text,0,139,2,7,7,14,2
prefuzz,enron_full_206426,text,0,119,1,7,7,7,1
prefuzz,enron_full_206631,text,0,2,0,7,0,0,0
prefuzz,enron_full_206780,text,0,138,2,7,7,14,2
prefuzz,enron_full_207863,text,0,103,1,7,7,7,1
prefuzz,enron_full_208242,text,0,116,2,7,7,14,2
prefuzz,enron_full_208362,text,0,116,2,7,7,14,2
prefuzz,enron_full_209030,text,0,128,3,7,7,21,3
prefuzz,enron_full_209358,text,0,127,3,7,7,21,3
prefuzz,enron_full_209479,text,0,133,3,7,7,21,3
prefuzz,enron_full_209859,text,0,182,2,7,7,26,8
prefuzz,enron_full_209958,text,0,104,1,7,7,7,1
prefuzz,enron_full_210032,text,0,50,2,7,2,4,2
prefuzz,enron_full_210772,text,0,116,2,7,7,14,2
prefuzz,enron_full_211094,text,0,2,0,7,0,0,0
prefuzz,enron_full_211389,text,0,139,4,7,7,25,4
prefuzz,enron_full_211892,text,0,2,0,7,0,0,0
prefuzz,enron_full_211966,text,0,2,0,7,0,0,0
prefuzz,enron_full_212202,text,0,2,0,7,0,0,0
prefuzz,enron_full_213178,text,0,2,0,7,0,0,0
prefuzz,enron_full_214684,text,0,148,2,7,7,14,2
prefuzz,enron_full_214861,text,0,125,2,7,7,14,2
prefuzz,enron_full_214866,text,0,214,10,7,7,70,10
prefuzz,enron_full_214883,text,0,135,1,7,7,10,4
prefuzz,enron_full_215380,text,0,150,2,7,7,14,2
prefuzz,enron_full_215696,text,0,147,3,7,7,21,3
prefuzz,enron_full_216853,text,0,160,4,7,7,28,4
prefuzz,enron_full_218707,text,0,120,1,7,7,7,1
prefuzz,enron_full_219044,text,0,140,2,7,7,14,2
prefuzz,enron_full_219142,text,0,119,1,7,7,7,1
prefuzz,enron_full_219243,text,0,134,2,7,7,14,2
prefuzz,enron_full_219501,text,0,30,0,7,1,1,1
prefuzz,enron_full_219509,text,0,30,0,7,1,1,1
prefuzz,enron_full_219658,text,0,3,0,7,0,0,0
prefuzz,enron_full_220234,text,0,154,3,7,7,21,3
prefuzz,enron_full_220556,text,0,118,2,7,7,14,2
prefuzz,enron_full_221304,text,0,129,3,7,7,21,3
prefuzz,enron_full_223253,text,0,154,5,7,7,35,5
prefuzz,enron_full_223630,text,0,122,2,7,7,14,2
prefuzz,enron_full_223933,text,0,129,3,7,7,21,3
prefuzz,enron_full_224076,text,0,117,2,7,7,14,2
prefuzz,enron_full_224176,text,0,129,3,7,7,21,3
prefuzz,enron_full_224421,text,0,143,4,7,7,28,4
prefuzz,enron_full_226002,text,0,2,0,7,0,0,0
prefuzz,enron_full_226675,text,0,118,2,7,7,14,2
prefuzz,enron_full_227135,text,0,117,2,7,7,14,2
prefuzz,enron_full_227290,text,0,2,0,7,0,0,0
prefuzz,enron_full_227315,text,0,105,1,7,7,7,1
prefuzz,enron_full_227317,text,0,123,2,7,7,14,2
prefuzz,enron_full_227401,text,0,132,3,7,7,21,3
prefuzz,enron_full_227576,text,0,143,4,7,7,28,4
prefuzz,enron_full_228518,text,0,141,4,7,7,28,4
prefuzz,enron_full_228640,text,0,141,4,7,7,28,4
prefuzz,enron_full_229065,text,0,151,3,7,7,21,3
prefuzz,enron_full_229125,text,0,147,3,7,7,21,3
prefuzz,enron_full_230449,text,0,213,7,7,7,49,7
prefuzz,enron_full_230615,text,0,167,4,7,7,28,4
prefuzz,enron_full_231206,text,0,116,2,7,7,14,2
prefuzz,enron_full_232509,text,0,116,2,7,7,14,2
prefuzz,enron_full_232529,text,0,492,33,7,7,231,33
prefuzz,enron_full_232592,text,0,152,5,7,7,35,5
prefuzz,enron_full_232830,text,0,183,5,7,7,35,5
prefuzz,enron_full_232998,text,0,162,4,7,7,28,4
prefuzz,enron_full_233012,text,0,175,5,7,7,35,5
prefuzz,enron_full_233273,text,0,161,4,7,7,28,4
prefuzz,enron_full_233711,text,0,181,5,7,7,35,5
prefuzz,enron_full_233845,text,0,149,3,7,7,21,3
prefuzz,enron_full_234397,text,0,207,7,7,7,49,7
prefuzz,enron_full_235427,text,0,145,3,7,7,21,3
prefuzz,enron_full_237126,text,0,143,4,7,7,28,4
prefuzz,enron_full_238037,text,0,165,7,7,7,49,7
prefuzz,enron_full_238970,text,0,137,4,7,7,28,4
prefuzz,enron_full_239927,text,0,142,5,7,7,35,5
prefuzz,enron_full_240437,text,0,108,2,7,7,14,2
prefuzz,enron_full_240888,text,0,1549,23,7,7,287,126
prefuzz,enron_full_241204,text,0,1510,119,7,7,833,119
prefuzz,enron_full_242121,text,0,180,7,7,7,49,7
prefuzz,enron_full_242149,text,0,142,4,7,7,28,4
prefuzz,enron_full_242702,text,0,129,3,7,7,21,3
prefuzz,enron_full_242763,text,0,152,5,7,7,35,5
prefuzz,enron_full_243198,text,0,166,3,7,7,21,3
prefuzz,enron_full_243425,text,0,180,5,7,7,35,5
prefuzz,enron_full_244168,text,0,139,4,7,7,28,4
prefuzz,enron_full_244538,text,0,138,4,7,7,28,4
prefuzz,enron_full_244857,text,0,127,3,7,7,21,3
prefuzz,enron_full_244901,text,0,139,4,7,7,28,4
prefuzz,enron_full_244915,text,0,156,5,7,7,35,5
prefuzz,enron_full_245469,text,0,163,5,7,7,35,5
prefuzz,enron_full_246185,text,0,133,4,7,7,28,4
prefuzz,enron_full_246287,text,0,147,4,7,7,28,4
prefuzz,enron_full_246288,text,0,176,7,7,7,49,7
prefuzz,enron_full_246340,text,0,115,2,7,7,14,2
prefuzz,enron_full_246689,text,0,151,5,7,7,35,5
prefuzz,enron_full_246896,text,0,146,4,7,7,28,4
prefuzz,enron_full_247095,text,0,128,3,7,7,21,3
prefuzz,enron_full_247286,text,0,127,3,7,7,21,3
prefuzz,enron_full_247295,text,0,116,2,7,7,14,2
prefuzz,enron_full_247605,text,0,115,2,7,7,14,2
prefuzz,enron_full_247963,text,0,128,3,7,7,21,3
prefuzz,enron_full_248460,text,0,114,2,7,7,14,2
prefuzz,enron_full_248776,text,0,150,5,7,7,35,5
prefuzz,enron_full_249257,text,0,3,0,7,0,0,0
prefuzz,enron_full_250519,text,0,135,3,7,7,21,3
prefuzz,enron_full_250725,text,0,115,2,7,7,14,2
prefuzz,enron_full_252462,text,0,2,0,7,0,0,0
prefuzz,enron_full_253509,text,0,2,0,7,0,0,0
prefuzz,enron_full_253676,text,0,212,10,7,7,70,10
prefuzz,enron_full_253776,text,0,354,22,7,7,154,22
prefuzz,enron_full_253875,text,0,667,12,7,7,133,52
prefuzz,enron_full_254022,text,0,1043,78,7,7,549,81
prefuzz,enron_full_254732,text,0,462,31,7,7,217,31
prefuzz,enron_full_254813,text,0,112,1,7,7,7,1
prefuzz,enron_full_254930,text,0,2,0,7,0,0,0
prefuzz,enron_full_256359,text,0,2,0,7,0,0,0
prefuzz,enron_full_256719,text,0,2,0,7,0,0,0
prefuzz,enron_full_257223,text,0,2,0,7,0,0,0
prefuzz,enron_full_257476,text,0,2,0,7,0,0,0
prefuzz,enron_full_257526,text,0,2,0,7,0,0,0
prefuzz,enron_full_258106,text,0,2,0,7,0,0,0
prefuzz,enron_full_258436,text,0,2,0,7,0,0,0
prefuzz,enron_full_259050,text,0,116,2,7,7,14,2
prefuzz,enron_full_259076,text,0,2,0,7,0,0,0
prefuzz,enron_full_259321,text,0,104,1,7,7,7,1
prefuzz,enron_full_260192,text,0,140,4,7,7,28,4
prefuzz,enron_full_261884,text,0,2,0,7,0,0,0
prefuzz,enron_full_262514,text,0,929,63,7,7,441,63
prefuzz,enron_full_262785,text,0,3,0,7,0,0,0
prefuzz,enron_full_263240,text,0,120,2,7,7,14,2
prefuzz,enron_full_264723,text,0,2,0,7,0,0,0
prefuzz,enron_full_265023,text,0,153,5,7,7,35,5
prefuzz,enron_full_265448,text,0,559,38,7,7,266,38
prefuzz,enron_full_265746,text,0,142,4,7,7,28,4
prefuzz,enron_full_265774,text,0,381,8,7,7,80,26
prefuzz,enron_full_266026,text,0,98,1,7,7,7,1
prefuzz,enron_full_266097,text,0,2,0,7,0,0,0
prefuzz,enron_full_267067,text,0,111,2,7,7,14,2
prefuzz,enron_full_267198,text,0,136,2,7,7,14,2
prefuzz,enron_full_268981,text,0,116,2,7,7,14,2
prefuzz,enron_full_269702,text,0,1257,0,7,6,116,113
prefuzz,enron_full_270257,text,0,562,0,7,5,48,48
prefuzz,enron_full_270526,text,0,117,2,7,7,14,2
prefuzz,enron_full_271097,text,0,116,2,7,7,14,2
prefuzz,enron_full_271232,text,0,147,2,7,7,14,2
prefuzz,enron_full_272570,text,0,3,0,7,0,0,0
prefuzz,enron_full_273248,text,0,187,6,7,7,42,6
prefuzz,enron_full_273363,text,0,201,7,7,7,49,7
prefuzz,enron_full_273791,text,0,135,2,7,7,14,2
prefuzz,enron_full_273820,text,0,124,1,7,7,7,1
prefuzz,enron_full_273961,text,0,119,1,7,7,7,1
prefuzz,enron_full_274206,text,0,118,1,7,7,7,1
prefuzz,enron_full_274561,text,0,123,1,7,7,7,1
prefuzz,enron_full_274757,text,0,117,2,7,7,14,2
prefuzz,enron_full_274786,text,0,2,0,7,0,0,0
prefuzz,enron_full_275183,text,0,2,0,7,0,0,0
prefuzz,enron_full_275570,text,0,103,1,7,7,7,1
prefuzz,enron_full_276028,text,0,2,0,7,0,0,0
prefuzz,enron_full_276324,text,0,105,1,7,7,7,1
prefuzz,enron_full_276342,text,0,127,3,7,7,21,3
prefuzz,enron_full_277439,text,0,2,0,7,0,0,0
prefuzz,enron_full_277990,text,0,109,1,7,7,7,1
prefuzz,enron_full_278811,text,0,116,2,7,7,14,2
prefuzz,enron_full_279563,text,0,126,3,7,7,21,3
prefuzz,enron_full_279751,text,0,346,21,7,7,147,21
prefuzz,enron_full_280423,text,0,3,0,7,0,0,0
prefuzz,enron_full_280603,text,0,2,0,7,0,0,0
prefuzz,enron_full_281547,text,0,2,0,7,0,0,0
prefuzz,enron_full_282395,text,0,125,2,7,7,14,2
prefuzz,enron_full_283356,text,0,169,7,7,7,49,7
prefuzz,enron_full_283839,text,0,178,7,7,7,49,7
prefuzz,enron_full_283868,text,0,185,7,7,7,49,7
prefuzz,enron_full_284197,text,0,435,29,7,7,203,29
prefuzz,enron_full_284956,text,0,105,1,7,7,7,1
prefuzz,enron_full_285559,text,0,123,2,7,7,14,2
prefuzz,enron_full_286024,text,0,139,4,7,7,28,4
prefuzz,enron_full_286036,text,0,151,5,7,7,35,5
prefuzz,enron_full_286164,text,0,140,4,7,7,28,4
prefuzz,enron_full_286899,text,0,104,1,7,7,7,1
prefuzz,enron_full_287012,text,0,2,0,7,0,0,0
prefuzz,enron_full_287512,text,0,115,2,7,7,14,2
prefuzz,enron_full_287655,text,0,115,2,7,7,14,2
prefuzz,enron_full_287736,text,0,139,4,7,7,28,4
prefuzz,enron_full_287760,text,0,127,2,7,7,14,2
prefuzz,enron_full_287778,text,0,178,8,7,7,56,8
prefuzz,enron_full_288938,text,0,156,6,7,7,42,6
prefuzz,enron_full_289243,text,0,2,0,7,0,0,0
prefuzz,enron_full_291054,text,0,2,0,7,0,0,0
prefuzz,enron_full_291275,text,0,2,0,7,0,0,0
prefuzz,enron_full_291375,text,0,2,0,7,0,0,0
prefuzz,enron_full_291790,text,0,110,2,7,7,14,2
prefuzz,enron_full_292561,text,0,110,2,7,7,14,2
prefuzz,enron_full_292656,text,0,109,2,7,7,14,2
prefuzz,enron_full_293066,text,0,110,2,7,7,14,2
prefuzz,enron_full_293083,text,0,119,3,7,7,21,3
prefuzz,enron_full_293619,text,0,121,2,7,7,14,2
prefuzz,enron_full_293948,text,0,37,0,7,2,2,1
prefuzz,enron_full_293985,text,0,108,2,7,7,14,2
prefuzz,enron_full_295023,text,0,109,2,7,7,14,2
prefuzz,enron_full_295246,text,0,136,0,7,2,11,11
prefuzz,enron_full_296957,text,0,2,0,7,0,0,0
prefuzz,enron_full_298392,text,0,2,0,7,0,0,0
prefuzz,enron_full_298764,text,0,2,0,7,0,0,0
prefuzz,enron_full_299033,text,0,2,0,7,0,0,0
prefuzz,enron_full_299289,text,0,134,4,7,7,28,4
prefuzz,enron_full_299345,text,0,119,1,7,7,7,1
prefuzz,enron_full_299690,text,0,116,2,7,7,14,2
prefuzz,enron_full_300310,text,0,116,2,7,7,14,2
prefuzz,enron_full_300702,text,0,141,3,7,7,21,3
prefuzz,enron_full_301521,text,0,120,2,7,7,14,2
prefuzz,enron_full_301926,text,0,115,2,7,7,14,2
prefuzz,enron_full_302529,text,0,116,2,7,7,14,2
prefuzz,enron_full_303527,text,0,127,3,7,7,21,3
prefuzz,enron_full_304134,text,0,116,2,7,7,14,2
prefuzz,enron_full_304324,text,0,104,1,7,7,7,1
prefuzz,enron_full_305112,text,0,127,3,7,7,21,3
prefuzz,enron_full_305491,text,0,122,2,7,7,14,2
prefuzz,enron_full_305595,text,0,115,2,7,7,14,2
prefuzz,enron_full_306022,text,0,104,1,7,7,7,1
prefuzz,enron_full_306282,text,0,3789,264,7,7,1848,264
prefuzz,enron_full_306838,text,0,160,3,7,7,21,3
prefuzz,enron_full_306879,text,0,136,2,7,7,14,2
prefuzz,enron_full_307066,text,0,136,2,7,7,14,2
prefuzz,enron_full_307536,text,0,135,2,7,7,14,2
prefuzz,enron_full_307959,text,0,122,1,7,7,7,1
prefuzz,enron_full_308283,text,0,134,2,7,7,14,2
prefuzz,enron_full_308504,text,0,142,2,7,7,14,2
prefuzz,enron_full_308666,text,0,149,3,7,7,21,3
prefuzz,enron_full_310049,text,0,135,2,7,7,14,2
prefuzz,enron_full_310050,text,0,135,2,7,7,14,2
prefuzz,enron_full_310056,text,0,133,2,7,7,14,2
prefuzz,enron_full_310895,text,0,127,1,7,7,7,1
prefuzz,enron_full_310913,text,0,128,1,7,7,7,1
prefuzz,enron_full_311017,text,0,128,1,7,7,7,1
prefuzz,enron_full_313090,text,0,147,3,7,7,21,3
prefuzz,enron_full_314206,text,0,119,1,7,7,7,1
prefuzz,enron_full_314362,text,0,147,3,7,7,21,3
prefuzz,enron_full_315231,text,0,134,2,7,7,14,2
prefuzz,enron_full_315279,text,0,149,3,7,7,21,3
prefuzz,enron_full_315623,text,0,146,3,7,7,21,3
prefuzz,enron_full_316006,text,0,214,2,7,7,25,8
prefuzz,enron_full_317192,text,0,158,1,7,7,10,4
prefuzz,enron_full_317451,text,0,119,1,7,7,7,1
prefuzz,enron_full_318133,text,0,147,3,7,7,21,3
prefuzz,enron_full_318207,text,0,148,3,7,7,21,3
prefuzz,enron_full_318845,text,0,120,1,7,7,7,1
prefuzz,enron_full_318909,text,0,119,1,7,7,7,1
prefuzz,enron_full_319080,text,0,139,2,7,7,14,2
prefuzz,enron_full_319320,text,0,147,3,7,7,21,3
prefuzz,enron_full_319952,text,0,147,3,7,7,21,3
prefuzz,enron_full_320564,text,0,119,1,7,7,7,1
prefuzz,enron_full_320626,text,0,120,1,7,7,7,1
prefuzz,enron_full_321445,text,0,136,2,7,7,14,2
prefuzz,enron_full_321807,text,0,146,3,7,7,21,3
prefuzz,enron_full_321918,text,0,133,2,7,7,14,2
prefuzz,enron_full_322149,text,0,153,3,7,7,21,3
prefuzz,enron_full_322706,text,0,133,2,7,7,14,2
prefuzz,enron_full_322737,text,0,133,2,7,7,14,2
prefuzz,enron_full_322757,text,0,146,3,7,7,21,3
prefuzz,enron_full_324000,text,0,532,30,7,7,210,30
prefuzz,enron_full_324353,text,0,31,0,7,1,1,1
prefuzz,enron_full_325002,text,0,134,2,7,7,14,2
prefuzz,enron_full_325131,text,0,185,3,7,7,24,6
prefuzz,enron_full_325547,text,0,120,1,7,7,7,1
prefuzz,enron_full_326276,text,0,133,2,7,7,14,2
prefuzz,enron_full_326406,text,0,119,1,7,7,7,1
prefuzz,enron_full_326699,text,0,133,2,7,7,14,2
prefuzz,enron_full_326891,text,0,154,3,7,7,21,3
prefuzz,enron_full_327398,text,0,133,2,7,7,14,2
prefuzz,enron_full_327734,text,0,120,1,7,7,7,1
prefuzz,enron_full_330743,text,0,134,2,7,7,14,2
prefuzz,enron_full_330847,text,0,277,2,7,7,30,14
prefuzz,enron_full_331065,text,0,3,0,7,0,0,0
prefuzz,enron_full_331235,text,0,176,5,7,7,35,5
prefuzz,enron_full_331309,text,0,2,0,7,0,0,0
prefuzz,enron_full_332147,text,0,3,0,7,0,0,0
prefuzz,enron_full_332523,text,0,139,2,7,7,14,2
prefuzz,enron_full_333276,text,0,118,1,7,7,7,1
prefuzz,enron_full_333308,text,0,132,2,7,7,14,2
prefuzz,enron_full_333309,text,0,132,2,7,7,14,2
prefuzz,enron_full_334798,text,0,3,0,7,0,0,0
prefuzz,enron_full_335428,text,0,146,3,7,7,21,3
prefuzz,enron_full_335498,text,0,133,2,7,7,14,2
prefuzz,enron_full_335546,text,0,132,2,7,7,14,2
prefuzz,enron_full_335575,text,0,299,2,7,7,27,15
prefuzz,enron_full_335623,text,0,119,1,7,7,7,1
prefuzz,enron_full_335857,text,0,206,7,7,7,49,7
prefuzz,enron_full_335946,text,0,202,7,7,7,49,7
prefuzz,enron_full_336542,text,0,188,6,7,7,42,6
prefuzz,enron_full_337267,text,0,181,5,7,7,35,5
prefuzz,enron_full_337292,text,0,311,15,7,7,105,15
prefuzz,enron_full_337470,text,0,134,2,7,7,14,2
prefuzz,enron_full_339638,text,0,3,0,7,0,0,0
prefuzz,enron_full_340418,text,0,147,3,7,7,21,3
prefuzz,enron_full_340472,text,0,1415,94,7,7,658,94
prefuzz,enron_full_340761,text,0,123,1,7,7,7,1
prefuzz,enron_full_341249,text,0,136,2,7,7,14,2
prefuzz,enron_full_341362,text,0,189,6,7,7,42,6
prefuzz,enron_full_342301,text,0,120,1,7,7,7,1
prefuzz,enron_full_342735,text,0,146,3,7,7,21,3
prefuzz,enron_full_344191,text,0,119,1,7,7,7,1
prefuzz,enron_full_344335,text,0,126,1,7,7,7,1
prefuzz,enron_full_344645,text,0,2,0,7,0,0,0
prefuzz,enron_full_345595,text,0,119,1,7,7,7,1
prefuzz,enron_full_345814,text,0,119,1,7,7,7,1
prefuzz,enron_full_348142,text,0,119,1,7,7,7,1
prefuzz,enron_full_348438,text,0,2,0,7,0,0,0
prefuzz,enron_full_349353,text,0,2,0,7,0,0,0
prefuzz,enron_full_349483,text,0,2,0,7,0,0,0
prefuzz,enron_full_352068,text,0,2,0,7,0,0,0
prefuzz,enron_full_352183,text,0,119,1,7,7,7,1
prefuzz,enron_full_352410,text,0,189,6,7,7,42,6
prefuzz,enron_full_352552,text,0,3,0,7,0,0,0
prefuzz,enron_full_353158,text,0,132,1,7,7,10,2
prefuzz,enron_full_353883,text,0,3,0,7,0,0,0
prefuzz,enron_full_354290,text,0,89,0,7,3,4,3
prefuzz,enron_full_355229,text,0,3,0,7,0,0,0
prefuzz,enron_full_355694,text,0,120,1,7,7,7,1
prefuzz,enron_full_355895,text,0,3,0,7,0,0,0
prefuzz,enron_full_356569,text,0,3,0,7,0,0,0
prefuzz,enron_full_356908,text,0,119,1,7,7,7,1
prefuzz,enron_full_356976,text,0,45,0,7,2,2,1
prefuzz,enron_full_358597,text,0,3,0,7,0,0,0
prefuzz,enron_full_358915,text,0,2,0,7,0,0,0
prefuzz,enron_full_360085,text,0,121,1,7,7,7,1
prefuzz,enron_full_360983,text,0,120,1,7,7,7,1
prefuzz,enron_full_362389,text,0,119,1,7,7,7,1
prefuzz,enron_full_363120,text,0,218,8,7,7,56,8
prefuzz,enron_full_363607,text,0,2,0,7,0,0,0
prefuzz,enron_full_363846,text,0,3,0,7,0,0,0
prefuzz,enron_full_363876,text,0,186,5,7,7,35,5
prefuzz,enron_full_364025,text,0,2,0,7,0,0,0
prefuzz,enron_full_364586,text,0,651,39,7,7,273,39
prefuzz,enron_full_365105,text,0,3,0,7,0,0,0
prefuzz,enron_full_365478,text,0,3,0,7,0,0,0
prefuzz,enron_full_365497,text,0,136,2,7,7,14,2
prefuzz,enron_full_365509,text,0,153,3,7,7,21,3
prefuzz,enron_full_365947,text,0,2,0,7,0,0,0
prefuzz,enron_full_366510,text,0,120,1,7,7,7,1
prefuzz,enron_full_366895,text,0,120,1,7,7,7,1
prefuzz,enron_full_367052,text,0,2,0,7,0,0,0
prefuzz,enron_full_367129,text,0,3,0,7,0,0,0
prefuzz,enron_full_367319,text,0,3,0,7,0,0,0
prefuzz,enron_full_367765,text,0,120,1,7,7,7,1
prefuzz,enron_full_367912,text,0,2,0,7,0,0,0
prefuzz,enron_full_368156,text,0,2,0,7,0,0,0
prefuzz,enron_full_368318,text,0,2,0,7,0,0,0
prefuzz,enron_full_369168,text,0,119,1,7,7,7,1
prefuzz,enron_full_369419,text,0,192,6,7,7,42,6
prefuzz,enron_full_370439,text,0,658,39,7,7,273,39
prefuzz,enron_full_371121,text,0,3,0,7,0,0,0
prefuzz,enron_full_373728,text,0,122,1,7,7,7,1
prefuzz,enron_full_373978,text,0,137,2,7,7,14,2
prefuzz,enron_full_374719,text,0,120,1,7,7,7,1
prefuzz,enron_full_374736,text,0,147,3,7,7,21,3
prefuzz,enron_full_375606,text,0,226,8,7,7,56,8
prefuzz,enron_full_376013,text,0,148,3,7,7,21,3
prefuzz,enron_full_376710,text,0,134,2,7,7,14,2
prefuzz,enron_full_377221,text,0,121,1,7,7,7,1
prefuzz,enron_full_377377,text,0,119,1,7,7,7,1
prefuzz,enron_full_378712,text,0,134,2,7,7,14,2
prefuzz,enron_full_378826,text,0,143,2,7,7,14,2
prefuzz,enron_full_379382,text,0,159,4,7,7,28,4
prefuzz,enron_full_379515,text,0,127,3,7,7,21,3
prefuzz,enron_full_380183,text,0,610,43,7,7,301,43
prefuzz,enron_full_380419,text,0,123,2,7,7,14,2
prefuzz,enron_full_380667,text,0,118,2,7,7,14,2
prefuzz,enron_full_381275,text,0,304,9,7,7,66,12
prefuzz,enron_full_381430,text,0,120,1,7,7,7,1
prefuzz,enron_full_381540,text,0,147,3,7,7,21,3
prefuzz,enron_full_381912,text,0,119,1,7,7,7,1
prefuzz,enron_full_382401,text,0,3,0,7,0,0,0
prefuzz,enron_full_382476,text,0,140,2,7,7,14,2
prefuzz,enron_full_382877,text,0,183,5,7,7,35,5
prefuzz,enron_full_384162,text,0,3,0,7,0,0,0
prefuzz,enron_full_384461,text,0,104,1,7,7,7,1
prefuzz,enron_full_384653,text,0,104,1,7,7,7,1
prefuzz,enron_full_384988,text,0,104,1,7,7,7,1
prefuzz,enron_full_385098,text,0,104,1,7,7,7,1
prefuzz,enron_full_385839,text,0,104,1,7,7,7,1
prefuzz,enron_full_386188,text,0,2,0,7,0,0,0
prefuzz,enron_full_386616,text,0,26,0,7,1,1,1
prefuzz,enron_full_386731,text,0,2,0,7,0,0,0
prefuzz,enron_full_387578,text,0,136,1,7,7,10,4
prefuzz,enron_full_387701,text,0,2,0,7,0,0,0
prefuzz,enron_full_387952,text,0,2,0,7,0,0,0
prefuzz,enron_full_388565,text,0,121,2,7,7,14,2
prefuzz,enron_full_388921,text,0,104,1,7,7,7,1
prefuzz,enron_full_390158,text,0,394,3,7,7,48,27
prefuzz,enron_full_391047,text,0,136,2,7,7,14,2
prefuzz,enron_full_391217,text,0,2,0,7,0,0,0
prefuzz,enron_full_391486,text,0,3,0,7,0,0,0
prefuzz,enron_full_391746,text,0,2,0,7,0,0,0
prefuzz,enron_full_392955,text,0,105,1,7,7,7,1
prefuzz,enron_full_393136,text,0,2,0,7,0,0,0
prefuzz,enron_full_393487,text,0,103,1,7,7,7,1
prefuzz,enron_full_394271,text,0,110,1,7,7,7,1
prefuzz,enron_full_394331,text,0,105,1,7,7,7,1
prefuzz,enron_full_394348,text,0,103,1,7,7,7,1
prefuzz,enron_full_394407,text,0,2,0,7,0,0,0
prefuzz,enron_full_395301,text,0,104,1,7,7,7,1
prefuzz,enron_full_395725,text,0,2,0,7,0,0,0
prefuzz,enron_full_396292,text,0,158,1,7,7,16,6
prefuzz,enron_full_396812,text,0,104,1,7,7,7,1
prefuzz,enron_full_397391,text,0,103,1,7,7,7,1
prefuzz,enron_full_397879,text,0,115,2,7,7,14,2
prefuzz,enron_full_398718,text,0,104,1,7,7,7,1
prefuzz,enron_full_399591,text,0,26,0,7,1,1,1
prefuzz,enron_full_399779,text,0,2,0,7,0,0,0
prefuzz,enron_full_399917,text,0,2,0,7,0,0,0
prefuzz,enron_full_400523,text,0,136,1,7,7,7,1
prefuzz,enron_full_401763,text,0,3,0,7,0,0,0
prefuzz,enron_full_401798,text,0,3,0,7,0,0,0
prefuzz,enron_full_402233,text,0,119,1,7,7,7,1
prefuzz,enron_full_402310,text,0,134,2,7,7,14,2
prefuzz,enron_full_403001,text,0,120,1,7,7,7,1
prefuzz,enron_full_403036,text,0,121,1,7,7,7,1
prefuzz,enron_full_403180,text,0,120,1,7,7,7,1
prefuzz,enron_full_404066,text,0,134,2,7,7,14,2
prefuzz,enron_full_405218,text,0,141,2,7,7,14,2
prefuzz,enron_full_405288,text,0,133,2,7,7,14,2
prefuzz,enron_full_405421,text,0,147,3,7,7,21,3
prefuzz,enron_full_406531,text,0,147,3,7,7,21,3
prefuzz,enron_full_407210,text,0,119,1,7,7,7,1
prefuzz,enron_full_407416,text,0,145,3,7,7,21,3
prefuzz,enron_full_407459,text,0,162,4,7,7,28,4
prefuzz,enron_full_407590,text,0,140,2,7,7,14,2
prefuzz,enron_full_407747,text,0,120,1,7,7,7,1
prefuzz,enron_full_408988,text,0,442,24,7,7,168,24
prefuzz,enron_full_409260,text,0,157,3,7,7,21,3
prefuzz,enron_full_409276,text,0,116,2,7,7,14,2
prefuzz,enron_full_409720,text,0,135,1,7,7,7,1
prefuzz,enron_full_409761,text,0,109,1,7,7,7,1
prefuzz,enron_full_410980,text,0,2,0,7,0,0,0
prefuzz,enron_full_411073,text,0,2,0,7,0,0,0
prefuzz,enron_full_411853,text,0,103,1,7,7,7,1
prefuzz,enron_full_412435,text,0,103,1,7,7,7,1
prefuzz,enron_full_412836,text,0,102,1,7,7,7,1
prefuzz,enron_full_414414,text,0,103,1,7,7,7,1
prefuzz,enron_full_414620,text,0,145,3,7,7,21,3
prefuzz,enron_full_414624,text,0,3,0,7,0,0,0
prefuzz,enron_full_415032,text,0,119,1,7,7,7,1
prefuzz,enron_full_415416,text,0,156,1,7,7,10,4
prefuzz,enron_full_415425,text,0,125,1,7,7,7,1
prefuzz,enron_full_415589,text,0,119,1,7,7,7,1
prefuzz,enron_full_416173,text,0,2,0,7,0,0,0
prefuzz,enron_full_416275,text,0,2,0,7,0,0,0
prefuzz,enron_full_417397,text,0,119,1,7,7,7,1
prefuzz,enron_full_418145,text,0,119,1,7,7,7,1
prefuzz,enron_full_418173,text,0,118,1,7,7,7,1
prefuzz,enron_full_418938,text,0,119,1,7,7,7,1
prefuzz,enron_full_419715,text,0,134,2,7,7,14,2
prefuzz,enron_full_419787,text,0,119,1,7,7,7,1
prefuzz,enron_full_419936,text,0,125,1,7,7,7,1
prefuzz,enron_full_419992,text,0,120,1,7,7,7,1
prefuzz,enron_full_420340,text,0,720,45,7,7,315,45
prefuzz,enron_full_420635,text,0,131,1,7,7,7,1
prefuzz,enron_full_421070,text,0,3,0,7,0,0,0
prefuzz,enron_full_421581,text,0,3,0,7,0,0,0
prefuzz,enron_full_421659,text,0,3,0,7,0,0,0
prefuzz,enron_full_422214,text,0,3,0,7,0,0,0
prefuzz,enron_full_422408,text,0,134,2,7,7,14,2
prefuzz,enron_full_423045,text,0,133,1,7,7,7,1
prefuzz,enron_full_423694,text,0,110,1,7,7,7,1
prefuzz,enron_full_423789,text,0,105,1,7,7,7,1
prefuzz,enron_full_424183,text,0,11684,437,7,7,3074,954
prefuzz,enron_full_424691,text,0,119,1,7,7,7,1
prefuzz,enron_full_425035,text,0,105,1,7,7,7,1
prefuzz,enron_full_425166,text,0,105,1,7,7,7,1
prefuzz,enron_full_425789,text,0,105,1,7,7,7,1
prefuzz,enron_full_426054,text,0,104,1,7,7,7,1
prefuzz,enron_full_426288,text,0,104,1,7,7,7,1
prefuzz,enron_full_427733,text,0,105,1,7,7,7,1
prefuzz,enron_full_428515,text,0,111,1,7,7,7,1
prefuzz,enron_full_428895,text,0,113,1,7,7,7,1
prefuzz,enron_full_429441,text,0,2,0,7,0,0,0
prefuzz,enron_full_429986,text,0,3,0,7,0,0,0
prefuzz,enron_full_430065,text,0,2,0,7,0,0,0
prefuzz,enron_full_430260,text,0,37,0,7,2,2,1
prefuzz,enron_full_430592,text,0,2,0,7,0,0,0
prefuzz,enron_full_431423,text,0,2,0,7,0,0,0
prefuzz,enron_full_432116,text,0,118,1,7,7,7,1
prefuzz,enron_full_432508,text,0,116,2,7,7,14,2
prefuzz,enron_full_433686,text,0,104,1,7,7,7,1
prefuzz,enron_full_433711,text,0,103,1,7,7,7,1
prefuzz,enron_full_433823,text,0,106,1,7,7,7,1
prefuzz,enron_full_434515,text,0,116,2,7,7,14,2
prefuzz,enron_full_434661,text,0,120,2,7,7,14,2
prefuzz,enron_full_435743,text,0,116,2,7,7,14,2
prefuzz,enron_full_436019,text,0,2,0,7,0,0,0
prefuzz,enron_full_436309,text,0,2,0,7,0,0,0
prefuzz,enron_full_436431,text,0,2,0,7,0,0,0
prefuzz,enron_full_436454,text,0,2,0,7,0,0,0
prefuzz,enron_full_437873,text,0,116,2,7,7,14,2
prefuzz,enron_full_439573,text,0,2,0,7,0,0,0
prefuzz,enron_full_440276,text,0,2,0,7,0,0,0
prefuzz,enron_full_440707,text,0,4869,2,7,7,447,422
prefuzz,enron_full_441744,text,0,146,3,7,7,21,3
prefuzz,enron_full_442093,text,0,109,2,7,7,14,2
prefuzz,enron_full_442322,text,0,2,0,7,0,0,0
prefuzz,enron_full_442524,text,0,111,2,7,7,14,2
prefuzz,enron_full_442558,text,0,112,2,7,7,14,2
prefuzz,enron_full_442662,text,0,109,2,7,7,14,2
prefuzz,enron_full_442954,text,0,118,1,7,7,7,1
prefuzz,enron_full_443309,text,0,224,8,7,7,56,8
prefuzz,enron_full_443772,text,0,122,1,7,7,7,1
prefuzz,enron_full_444240,text,0,146,3,7,7,21,3
prefuzz,enron_full_445163,text,0,3,0,7,0,0,0
prefuzz,enron_full_445774,text,0,691,42,7,7,294,42
prefuzz,enron_full_445830,text,0,3,0,7,0,0,0
prefuzz,enron_full_446457,text,0,2,0,7,0,0,0
prefuzz,enron_full_447336,text,0,122,1,7,7,7,1
prefuzz,enron_full_447596,text,0,3,0,7,0,0,0
prefuzz,enron_full_448246,text,0,135,2,7,7,14,2
prefuzz,enron_full_448315,text,0,120,1,7,7,7,1
prefuzz,enron_full_448897,text,0,137,2,7,7,14,2
prefuzz,enron_full_449771,text,0,3,0,7,0,0,0
prefuzz,enron_full_450293,text,0,133,2,7,7,14,2
prefuzz,enron_full_450584,text,0,2,0,7,0,0,0
prefuzz,enron_full_451624,text,0,134,2,7,7,14,2
prefuzz,enron_full_451708,text,0,128,1,7,7,7,1
prefuzz,enron_full_451980,text,0,42,0,7,1,2,2
prefuzz,enron_full_452075,text,0,121,1,7,7,7,1
prefuzz,enron_full_452624,text,0,119,1,7,7,7,1
prefuzz,enron_full_452665,text,0,121,1,7,7,7,1
prefuzz,enron_full_453158,text,0,120,1,7,7,7,1
prefuzz,enron_full_453577,text,0,121,1,7,7,7,1
prefuzz,enron_full_455974,text,0,114,2,7,4,10,4
prefuzz,enron_full_456283,text,0,3,0,7,0,0,0
prefuzz,enron_full_458074,text,0,2,0,7,0,0,0
prefuzz,enron_full_458660,text,0,3,0,7,0,0,0
prefuzz,enron_full_459917,text,0,3,0,7,0,0,0
prefuzz,enron_full_459959,text,0,2,0,7,0,0,0
prefuzz,enron_full_460573,text,0,391,20,7,7,140,20
prefuzz,enron_full_461053,text,0,136,2,7,7,14,2
prefuzz,enron_full_461203,text,0,3,0,7,0,0,0
prefuzz,enron_full_461474,text,0,3,0,7,0,0,0
prefuzz,enron_full_461621,text,0,174,3,7,7,21,3
prefuzz,enron_full_461648,text,0,147,3,7,7,21,3
prefuzz,enron_full_461948,text,0,148,3,7,7,21,3
prefuzz,enron_full_462616,text,0,133,2,7,7,14,2
prefuzz,enron_full_463151,text,0,155,3,7,7,21,3
prefuzz,enron_full_463936,text,0,133,2,7,7,14,2
prefuzz,enron_full_463955,text,0,134,2,7,7,14,2
prefuzz,enron_full_463976,text,0,146,3,7,7,21,3
prefuzz,enron_full_465574,text,0,134,2,7,7,14,2
prefuzz,enron_full_466018,text,0,168,2,7,7,17,5
prefuzz,enron_full_466387,text,0,915,56,7,7,392,56
prefuzz,enron_full_466533,text,0,122,1,7,7,7,1
prefuzz,enron_full_466708,text,0,128,1,7,7,7,1
prefuzz,enron_full_467278,text,0,133,2,7,7,14,2
prefuzz,enron_full_467576,text,0,162,4,7,7,28,4
prefuzz,enron_full_467913,text,0,149,3,7,7,21,3
prefuzz,enron_full_468001,text,0,122,1,7,7,7,1
prefuzz,enron_full_468241,text,0,118,2,7,7,14,2
prefuzz,enron_full_468948,text,0,117,2,7,7,14,2
prefuzz,enron_full_469104,text,0,215,9,7,7,63,9
prefuzz,enron_full_469441,text,0,140,3,7,7,21,3
prefuzz,enron_full_470510,text,0,97,1,7,7,7,1
prefuzz,enron_full_471172,text,0,108,2,7,7,14,2
prefuzz,enron_full_472398,text,0,119,3,7,7,21,3
prefuzz,enron_full_473353,text,0,97,1,7,7,7,1
prefuzz,enron_full_473987,text,0,2,0,7,0,0,0
prefuzz,enron_full_474902,text,0,98,1,7,7,7,1
prefuzz,enron_full_476646,text,0,97,1,7,7,7,1
prefuzz,enron_full_476866,text,0,212,7,7,7,53,11
prefuzz,enron_full_476952,text,0,98,1,7,7,7,1
prefuzz,enron_full_478933,text,0,2,0,7,0,0,0
prefuzz,enron_full_479947,text,0,2,0,7,0,0,0
prefuzz,enron_full_480468,text,0,2,0,7,0,0,0
prefuzz,enron_full_480848,text,0,109,2,7,7,14,2
prefuzz,enron_full_481384,text,0,115,1,7,7,7,1
prefuzz,enron_full_481691,text,0,105,1,7,7,7,1
prefuzz,enron_full_481940,text,0,103,1,7,7,7,1
prefuzz,enron_full_482039,text,0,104,1,7,7,7,1
prefuzz,enron_full_482398,text,0,2,0,7,0,0,0
prefuzz,enron_full_482679,text,0,2,0,7,0,0,0
prefuzz,enron_full_482700,text,0,104,1,7,7,7,1
prefuzz,enron_full_482778,text,0,141,4,7,7,28,4
prefuzz,enron_full_482919,text,0,126,2,7,7,14,2
prefuzz,enron_full_483941,text,0,105,1,7,7,7,1
prefuzz,enron_full_484013,text,0,116,2,7,7,14,2
prefuzz,enron_full_485161,text,0,104,1,7,7,7,1
prefuzz,enron_full_485319,text,0,103,1,7,7,7,1
prefuzz,enron_full_485507,text,0,70,0,7,2,5,4
prefuzz,enron_full_485652,text,0,3,0,7,0,0,0
prefuzz,enron_full_485802,text,0,2,0,7,0,0,0
prefuzz,enron_full_486590,text,0,103,1,7,7,7,1
prefuzz,enron_full_486718,text,0,102,1,7,7,7,1
prefuzz,enron_full_487009,text,0,2,0,7,0,0,0
prefuzz,enron_full_487095,text,0,3,0,7,0,0,0
prefuzz,enron_full_487221,text,0,149,3,7,7,21,3
prefuzz,enron_full_488455,text,0,2,0,7,0,0,0
prefuzz,enron_full_488704,text,0,3058,184,7,6,1086,250
prefuzz,enron_full_489126,text,0,3,0,7,0,0,0
prefuzz,enron_full_490171,text,0,2,0,7,0,0,0
prefuzz,enron_full_490913,text,0,139,3,7,7,21,3
prefuzz,enron_full_491597,text,0,105,1,7,7,7,1
prefuzz,enron_full_491993,text,0,3,0,7,0,0,0
prefuzz,enron_full_492310,text,0,39,0,7,2,2,1
prefuzz,enron_full_492624,text,0,165,6,7,7,42,6
prefuzz,enron_full_492762,text,0,2,0,7,0,0,0
prefuzz,enron_full_493081,text,0,2,0,7,0,0,0
prefuzz,enron_full_493173,text,0,2,0,7,0,0,0
prefuzz,enron_full_494836,text,0,116,0,7,3,8,7
prefuzz,enron_full_495207,text,0,2,0,7,0,0,0
prefuzz,enron_full_496303,text,0,2,0,7,0,0,0
prefuzz,enron_full_497180,text,0,115,2,7,7,14,2
prefuzz,enron_full_498346,text,0,2,0,7,0,0,0
prefuzz,enron_full_498425,text,0,127,2,7,7,14,2
prefuzz,enron_full_498832,text,0,99,1,7,7,7,1
prefuzz,enron_full_499190,text,0,209,8,7,7,56,8
prefuzz,enron_full_499335,text,0,152,5,7,7,35,5
prefuzz,enron_full_500125,text,0,201,5,7,7,40,10
prefuzz,enron_full_500480,text,0,116,2,7,7,14,2
prefuzz,enron_full_500856,text,0,293,17,7,7,119,17
prefuzz,enron_full_501389,text,0,121,2,7,7,14,2
prefuzz,enron_full_501995,text,0,113,1,7,7,7,1
prefuzz,enron_full_503996,text,0,2,0,7,0,0,0
prefuzz,enron_full_504214,text,0,2,0,7,0,0,0
prefuzz,enron_full_504672,text,0,131,4,7,7,28,4
prefuzz,enron_full_506077,text,0,3,0,7,0,0,0
prefuzz,enron_full_506313,text,0,2,0,7,0,0,0
prefuzz,enron_full_506691,text,0,2,0,7,0,0,0
prefuzz,enron_full_506951,text,0,2,0,7,0,0,0
prefuzz,enron_full_508297,text,0,99,1,7,7,7,1
prefuzz,enron_full_508633,text,0,111,2,7,7,14,2
prefuzz,enron_full_509309,text,0,97,1,7,7,7,1
prefuzz,enron_full_509898,text,0,96,1,7,7,7,1
prefuzz,enron_full_511005,text,0,97,1,7,7,7,1
prefuzz,enron_full_513543,text,0,2,0,7,0,0,0
prefuzz,enron_full_513857,text,0,124,1,7,7,7,1
prefuzz,enron_full_514823,text,0,2,0,7,0,0,0
prefuzz,enron_full_514984,text,0,126,1,7,7,7,1
prefuzz,enron_full_515092,text,0,2,0,7,0,0,0
prefuzz,enron_full_515627,text,0,2,0,7,0,0,0
prefuzz,enron_full_515714,text,0,2,0,7,0,0,0
prefuzz,enron_full_516032,text,0,117,2,7,7,14,2
prefuzz,enron_full_516843,text,0,2,0,7,0,0,0
prefuzz,enron_full_516871,text,0,2,0,7,0,0,0
prefuzz,enron_full_000202,text,1,117,2,7,7,14,2
prefuzz,enron_full_000664,text,1,116,2,7,7,14,2
prefuzz,enron_full_001289,text,1,2,0,7,0,0,0
prefuzz,enron_full_001379,text,1,2,0,7,0,0,0
prefuzz,enron_full_001488,text,1,2,0,7,0,0,0
prefuzz,enron_full_001525,text,1,105,1,7,7,7,1
prefuzz,enron_full_002220,text,1,135,2,7,7,14,2
prefuzz,enron_full_004616,text,1,148,3,7,7,21,3
prefuzz,enron_full_005913,text,1,155,3,7,7,21,3
prefuzz,enron_full_006211,text,1,121,1,7,7,7,1
prefuzz,enron_full_006276,text,1,116,2,7,7,14,2
prefuzz,enron_full_006379,text,1,2,0,7,0,0,0
prefuzz,enron_full_006771,text,1,148,2,7,7,14,2
prefuzz,enron_full_007411,text,1,2,0,7,0,0,0
prefuzz,enron_full_008064,text,1,120,1,7,7,7,1
prefuzz,enron_full_008136,text,1,155,0,7,3,11,9
prefuzz,enron_full_008648,text,1,120,1,7,7,7,1
prefuzz,enron_full_008924,text,1,134,2,7,7,14,2
prefuzz,enron_full_009142,text,1,447,24,7,7,168,24
prefuzz,enron_full_009200,text,1,121,1,7,7,7,1
prefuzz,enron_full_009568,text,1,3,0,7,0,0,0
prefuzz,enron_full_009735,text,1,3,0,7,0,0,0
prefuzz,enron_full_011924,text,1,523,30,7,7,210,30
prefuzz,enron_full_012156,text,1,152,3,7,7,21,3
prefuzz,enron_full_012651,text,1,121,1,7,7,7,1
prefuzz,enron_full_013576,text,1,127,1,7,7,7,1
prefuzz,enron_full_013941,text,1,136,2,7,7,14,2
prefuzz,enron_full_014539,text,1,150,3,7,7,21,3
prefuzz,enron_full_014678,text,1,259,10,7,7,70,10
prefuzz,enron_full_015568,text,1,142,2,7,7,14,2
prefuzz,enron_full_015698,text,1,138,1,7,7,13,4
prefuzz,enron_full_016017,text,1,386,24,7,7,168,24
prefuzz,enron_full_017189,text,1,145,2,7,7,14,2
prefuzz,enron_full_018163,text,1,3,0,7,0,0,0
prefuzz,enron_full_018755,text,1,123,1,7,7,7,1
prefuzz,enron_full_019153,text,1,129,1,7,7,7,1
prefuzz,enron_full_019201,text,1,137,2,7,7,14,2
prefuzz,enron_full_019604,text,1,3,0,7,0,0,0
prefuzz,enron_full_019949,text,1,136,2,7,7,14,2
prefuzz,enron_full_020401,text,1,2,0,7,0,0,0
prefuzz,enron_full_020951,text,1,123,1,7,7,7,1
prefuzz,enron_full_021195,text,1,164,4,7,7,28,4
prefuzz,enron_full_021224,text,1,11156,437,7,7,3074,954
prefuzz,enron_full_021900,text,1,146,1,7,7,7,1
prefuzz,enron_full_022531,text,1,150,3,7,7,21,3
prefuzz,enron_full_022683,text,1,120,2,7,7,14,2
prefuzz,enron_full_022865,text,1,118,2,7,7,14,2
prefuzz,enron_full_022972,text,1,125,1,7,7,7,1
prefuzz,enron_full_024952,text,1,3,0,7,0,0,0
prefuzz,enron_full_025050,text,1,135,2,7,7,14,2
prefuzz,enron_full_026603,text,1,134,2,7,7,14,2
prefuzz,enron_full_026721,text,1,170,2,7,7,17,5
prefuzz,enron_full_027643,text,1,170,4,7,7,28,4
prefuzz,enron_full_027693,text,1,133,2,7,7,14,2
prefuzz,enron_full_027925,text,1,120,1,7,7,7,1
prefuzz,enron_full_028250,text,1,120,1,7,7,7,1
prefuzz,enron_full_028591,text,1,135,2,7,7,14,2
prefuzz,enron_full_028607,text,1,3,0,7,0,0,0
prefuzz,enron_full_029506,text,1,2,0,7,0,0,0
prefuzz,enron_full_030144,text,1,134,2,7,7,14,2
prefuzz,enron_full_031433,text,1,132,2,7,7,14,2
prefuzz,enron_full_031542,text,1,141,2,7,7,14,2
prefuzz,enron_full_031612,text,1,134,2,7,7,14,2
prefuzz,enron_full_031680,text,1,121,1,7,7,7,1
prefuzz,enron_full_032079,text,1,3,0,7,0,0,0
prefuzz,enron_full_032704,text,1,497,29,7,7,203,29
prefuzz,enron_full_033187,text,1,2,0,7,0,0,0
prefuzz,enron_full_033628,text,1,143,1,7,7,10,2
prefuzz,enron_full_034178,text,1,3,0,7,0,0,0
prefuzz,enron_full_034530,text,1,2,0,7,0,0,0
prefuzz,enron_full_035481,text,1,2,0,7,0,0,0
prefuzz,enron_full_035578,text,1,2,0,7,0,0,0
prefuzz,enron_full_035695,text,1,31,0,7,1,1,1
prefuzz,enron_full_035726,text,1,2,0,7,0,0,0
prefuzz,enron_full_035827,text,1,3,0,7,0,0,0
prefuzz,enron_full_035969,text,1,2,0,7,0,0,0
prefuzz,enron_full_035998,text,1,2,0,7,0,0,0
prefuzz,enron_full_038008,text,1,2,0,7,0,0,0
prefuzz,enron_full_040212,text,1,2,0,7,0,0,0
prefuzz,enron_full_040615,text,1,134,2,7,7,14,2
prefuzz,enron_full_041235,text,1,135,2,7,7,14,2
prefuzz,enron_full_042132,text,1,118,1,7,7,7,1
prefuzz,enron_full_045885,text,1,181,2,7,7,14,2
prefuzz,enron_full_046009,text,1,135,2,7,7,14,2
prefuzz,enron_full_046306,text,1,136,2,7,7,14,2
prefuzz,enron_full_046840,text,1,144,2,7,7,14,2
prefuzz,enron_full_047084,text,1,3,0,7,0,0,0
prefuzz,enron_full_047376,text,1,155,3,7,7,21,3
prefuzz,enron_full_047738,text,1,119,2,7,7,14,2
prefuzz,enron_full_047772,text,1,2,0,7,0,0,0
prefuzz,enron_full_048185,text,1,2,0,7,0,0,0
prefuzz,enron_full_048713,text,1,2,0,7,0,0,0
prefuzz,enron_full_049016,text,1,2,0,7,0,0,0
prefuzz,enron_full_049875,text,1,2,0,7,0,0,0
prefuzz,enron_full_050163,text,1,105,1,7,7,7,1
prefuzz,enron_full_050258,text,1,134,1,7,7,7,1
prefuzz,enron_full_050705,text,1,2,0,7,0,0,0
prefuzz,enron_full_050719,text,1,2,0,7,0,0,0
prefuzz,enron_full_051118,text,1,3,0,7,0,0,0
prefuzz,enron_full_051633,text,1,2,0,7,0,0,0
prefuzz,enron_full_052109,text,1,203,6,7,7,39,7
prefuzz,enron_full_052243,text,1,254,10,7,7,70,10
prefuzz,enron_full_052699,text,1,3,0,7,0,0,0
prefuzz,enron_full_052941,text,1,2,0,7,0,0,0
prefuzz,enron_full_053517,text,1,3,0,7,0,0,0
prefuzz,enron_full_053522,text,1,2,0,7,0,0,0
prefuzz,enron_full_054174,text,1,2,0,7,0,0,0
prefuzz,enron_full_055270,text,1,2,0,7,0,0,0
prefuzz,enron_full_055462,text,1,121,1,7,7,7,1
prefuzz,enron_full_056138,text,1,219,1,7,7,15,9
prefuzz,enron_full_056670,text,1,120,1,7,7,7,1
prefuzz,enron_full_056953,text,1,2,0,7,0,0,0
prefuzz,enron_full_057268,text,1,146,1,7,7,11,3
prefuzz,enron_full_057321,text,1,3,0,7,0,0,0
prefuzz,enron_full_057826,text,1,2,0,7,0,0,0
prefuzz,enron_full_058046,text,1,132,1,7,7,7,1
prefuzz,enron_full_058254,text,1,98,1,7,7,7,1
prefuzz,enron_full_058415,text,1,2,0,7,0,0,0
prefuzz,enron_full_059797,text,1,736,56,7,7,392,56
prefuzz,enron_full_060370,text,1,135,4,7,7,28,4
prefuzz,enron_full_060846,text,1,99,1,7,7,7,1
prefuzz,enron_full_062151,text,1,118,2,7,7,14,2
prefuzz,enron_full_062439,text,1,99,1,7,7,7,1
prefuzz,enron_full_063833,text,1,99,1,7,7,7,1
prefuzz,enron_full_063839,text,1,98,1,7,7,7,1
prefuzz,enron_full_064172,text,1,99,1,7,7,7,1
prefuzz,enron_full_064231,text,1,99,1,7,7,7,1
prefuzz,enron_full_064607,text,1,99,1,7,7,7,1
prefuzz,enron_full_065332,text,1,101,1,7,7,7,1
prefuzz,enron_full_065814,text,1,101,1,7,7,7,1
prefuzz,enron_full_066742,text,1,2,0,7,0,0,0
prefuzz,enron_full_067365,text,1,133,4,7,7,28,4
prefuzz,enron_full_067727,text,1,105,1,7,7,7,1
prefuzz,enron_full_067752,text,1,98,1,7,7,7,1
prefuzz,enron_full_068258,text,1,2,0,7,0,0,0
prefuzz,enron_full_068541,text,1,98,2,7,6,12,2
prefuzz,enron_full_068714,text,1,110,2,7,7,14,2
prefuzz,enron_full_068948,text,1,2,0,7,0,0,0
prefuzz,enron_full_069168,text,1,100,1,7,7,7,1
prefuzz,enron_full_069488,text,1,25,0,7,1,1,1
prefuzz,enron_full_070382,text,1,2,0,7,0,0,0
prefuzz,enron_full_071706,text,1,117,1,7,7,7,1
prefuzz,enron_full_071944,text,1,104,1,7,7,7,1
prefuzz,enron_full_072801,text,1,106,1,7,7,7,1
prefuzz,enron_full_073237,text,1,133,1,7,7,9,3
prefuzz,enron_full_075726,text,1,106,1,7,7,7,1
prefuzz,enron_full_076089,text,1,149,2,7,7,14,2
prefuzz,enron_full_078045,text,1,2,0,7,0,0,0
prefuzz,enron_full_078949,text,1,120,1,7,7,7,1
prefuzz,enron_full_080332,text,1,2,0,7,0,0,0
prefuzz,enron_full_080731,text,1,145,1,7,7,13,3
prefuzz,enron_full_081565,text,1,120,1,7,7,7,1
prefuzz,enron_full_081601,text,1,120,1,7,7,7,1
prefuzz,enron_full_081707,text,1,120,1,7,7,7,1
prefuzz,enron_full_082681,text,1,2,0,7,0,0,0
prefuzz,enron_full_085442,text,1,149,2,7,7,14,2
prefuzz,enron_full_085751,text,1,128,3,7,7,21,3
prefuzz,enron_full_086327,text,1,39,0,7,2,2,1
prefuzz,enron_full_087697,text,1,2,0,7,0,0,0
prefuzz,enron_full_088138,text,1,104,1,7,7,7,1
prefuzz,enron_full_088307,text,1,105,1,7,7,7,1
prefuzz,enron_full_088336,text,1,104,1,7,7,7,1
prefuzz,enron_full_089344,text,1,117,2,7,7,14,2
prefuzz,enron_full_089451,text,1,115,2,7,7,14,2
prefuzz,enron_full_090248,text,1,128,3,7,7,21,3
prefuzz,enron_full_091044,text,1,121,2,7,7,14,2
prefuzz,enron_full_091307,text,1,10428,301,7,7,1873,843
prefuzz,enron_full_092251,text,1,3,0,7,0,0,0
prefuzz,enron_full_092316,text,1,2,0,7,0,0,0
prefuzz,enron_full_092765,text,1,3,0,7,0,0,0
prefuzz,enron_full_093576,text,1,3,0,7,0,0,0
prefuzz,enron_full_094577,text,1,220,6,7,7,43,7
prefuzz,enron_full_094590,text,1,3,0,7,0,0,0
prefuzz,enron_full_094757,text,1,3,0,7,0,0,0
prefuzz,enron_full_095403,text,1,282,12,7,7,84,12
prefuzz,enron_full_096327,text,1,131,1,7,7,7,1
prefuzz,enron_full_096329,text,1,139,2,7,7,14,2
prefuzz,enron_full_098210,text,1,429,22,7,7,154,22
prefuzz,enron_full_098535,text,1,363,22,7,7,154,22
prefuzz,enron_full_098599,text,1,858,63,7,7,441,63
prefuzz,enron_full_098973,text,1,1019,75,7,7,525,75
prefuzz,enron_full_099013,text,1,295,16,7,7,112,16
prefuzz,enron_full_099531,text,1,148,2,7,7,14,2
prefuzz,enron_full_100323,text,1,7036,2,7,7,1002,658
prefuzz,enron_full_100466,text,1,114,1,7,7,7,1
prefuzz,enron_full_101174,text,1,117,2,7,7,14,2
prefuzz,enron_full_101274,text,1,117,2,7,7,14,2
prefuzz,enron_full_102532,text,1,114,1,7,7,7,1
prefuzz,enron_full_102695,text,1,119,2,7,7,14,2
prefuzz,enron_full_102774,text,1,110,2,7,7,14,2
prefuzz,enron_full_103426,text,1,99,1,7,7,7,1
prefuzz,enron_full_103581,text,1,109,2,7,7,14,2
prefuzz,enron_full_104396,text,1,2,0,7,0,0,0
prefuzz,enron_full_104402,text,1,682,49,7,7,343,49
prefuzz,enron_full_104423,text,1,2,0,7,0,0,0
prefuzz,enron_full_104598,text,1,1067,70,7,7,490,70
prefuzz,enron_full_105565,text,1,123,1,7,7,7,1
prefuzz,enron_full_105930,text,1,121,1,7,7,7,1
prefuzz,enron_full_106126,text,1,150,3,7,7,21,3
prefuzz,enron_full_106135,text,1,135,2,7,7,14,2
prefuzz,enron_full_108529,text,1,133,2,7,7,14,2
prefuzz,enron_full_108654,text,1,480,27,7,7,189,27
prefuzz,enron_full_108933,text,1,171,2,7,7,17,5
prefuzz,enron_full_108996,text,1,135,2,7,7,14,2
prefuzz,enron_full_109605,text,1,159,2,7,7,14,2
prefuzz,enron_full_110370,text,1,121,1,7,7,7,1
prefuzz,enron_full_111197,text,1,3,0,7,0,0,0
prefuzz,enron_full_111665,text,1,134,2,7,7,14,2
prefuzz,enron_full_111904,text,1,161,3,7,7,21,3
prefuzz,enron_full_112694,text,1,122,1,7,7,7,1
prefuzz,enron_full_113971,text,1,223,8,7,7,56,8
prefuzz,enron_full_114650,text,1,129,1,7,7,7,1
prefuzz,enron_full_115626,text,1,2,0,7,0,0,0
prefuzz,enron_full_116065,text,1,131,3,7,7,21,3
prefuzz,enron_full_116692,text,1,125,1,7,7,7,1
prefuzz,enron_full_117087,text,1,140,2,7,7,14,2
prefuzz,enron_full_117441,text,1,149,3,7,7,21,3
prefuzz,enron_full_117988,text,1,147,3,7,7,21,3
prefuzz,enron_full_118247,text,1,133,2,7,7,14,2
prefuzz,enron_full_118573,text,1,120,1,7,7,7,1
prefuzz,enron_full_119068,text,1,135,2,7,7,14,2
prefuzz,enron_full_119674,text,1,3,0,7,0,0,0
prefuzz,enron_full_119896,text,1,66,0,7,1,4,4
prefuzz,enron_full_120534,text,1,148,3,7,7,21,3
prefuzz,enron_full_120641,text,1,134,1,7,7,7,1
prefuzz,enron_full_120822,text,1,128,3,7,7,21,3
prefuzz,enron_full_121175,text,1,116,1,7,7,8,2
prefuzz,enron_full_122290,text,1,2,0,7,0,0,0
prefuzz,enron_full_122402,text,1,3,0,7,0,0,0
prefuzz,enron_full_123831,text,1,129,3,7,7,21,3
prefuzz,enron_full_124264,text,1,144,2,7,7,14,2
prefuzz,enron_full_124451,text,1,128,3,7,7,21,3
prefuzz,enron_full_126518,text,1,140,4,7,7,28,4
prefuzz,enron_full_128013,text,1,2,0,7,0,0,0
prefuzz,enron_full_128290,text,1,2,0,7,0,0,0
prefuzz,enron_full_128461,text,1,145,2,7,7,14,2
prefuzz,enron_full_129750,text,1,149,3,7,7,21,3
prefuzz,enron_full_129922,text,1,275,12,7,7,84,12
prefuzz,enron_full_129965,text,1,120,1,7,7,7,1
prefuzz,enron_full_130406,text,1,158,1,7,7,10,4
prefuzz,enron_full_130557,text,1,116,2,7,7,14,2
prefuzz,enron_full_130818,text,1,125,2,7,7,14,2
prefuzz,enron_full_131990,text,1,156,2,7,7,14,2
prefuzz,enron_full_132971,text,1,103,1,7,7,7,1
prefuzz,enron_full_133588,text,1,148,2,7,7,17,5
prefuzz,enron_full_133819,text,1,129,3,7,7,21,3
prefuzz,enron_full_134727,text,1,2,0,7,0,0,0
prefuzz,enron_full_136330,text,1,117,2,7,7,14,2
prefuzz,enron_full_137531,text,1,129,3,7,7,21,3
prefuzz,enron_full_137711,text,1,117,2,7,7,14,2
prefuzz,enron_full_139013,text,1,3,0,7,0,0,0
prefuzz,enron_full_139188,text,1,197,8,7,7,56,8
prefuzz,enron_full_139197,text,1,154,5,7,7,35,5
prefuzz,enron_full_139486,text,1,117,2,7,7,14,2
prefuzz,enron_full_140225,text,1,96,0,7,2,6,6
prefuzz,enron_full_140420,text,1,277,15,7,7,105,15
prefuzz,enron_full_140552,text,1,118,2,7,7,14,2
prefuzz,enron_full_140885,text,1,110,1,7,7,7,1
prefuzz,enron_full_141161,text,1,2,0,7,0,0,0
prefuzz,enron_full_141985,text,1,373,23,7,7,161,23
prefuzz,enron_full_142230,text,1,105,1,7,7,7,1
prefuzz,enron_full_142612,text,1,117,2,7,7,14,2
prefuzz,enron_full_143076,text,1,117,2,7,7,14,2
prefuzz,enron_full_144720,text,1,37,0,7,1,2,2
prefuzz,enron_full_144759,text,1,2,0,7,0,0,0
prefuzz,enron_full_145061,text,1,129,3,7,7,21,3
prefuzz,enron_full_146696,text,1,124,2,7,7,14,2
prefuzz,enron_full_148007,text,1,130,2,7,7,14,2
prefuzz,enron_full_148315,text,1,132,4,7,7,28,4
prefuzz,enron_full_148338,text,1,131,4,7,7,28,4
prefuzz,enron_full_149174,text,1,99,1,7,7,7,1
prefuzz,enron_full_149842,text,1,149,2,7,7,18,6
prefuzz,enron_full_150562,text,1,132,2,7,7,14,2
prefuzz,enron_full_151773,text,1,3,0,7,0,0,0
prefuzz,enron_full_152307,text,1,105,1,7,7,7,1
prefuzz,enron_full_152987,text,1,111,1,7,7,7,1
prefuzz,enron_full_153167,text,1,300,1,7,7,28,19
prefuzz,enron_full_154125,text,1,26,0,7,1,1,1
prefuzz,enron_full_154648,text,1,2,0,7,0,0,0
prefuzz,enron_full_155829,text,1,105,1,7,7,7,1
prefuzz,enron_full_156626,text,1,106,1,7,7,7,1
prefuzz,enron_full_156811,text,1,190,8,7,7,56,8
prefuzz,enron_full_158640,text,1,104,1,7,7,7,1
prefuzz,enron_full_159222,text,1,117,2,7,7,14,2
prefuzz,enron_full_159570,text,1,122,2,7,7,14,2
prefuzz,enron_full_159687,text,1,141,4,7,7,28,4
prefuzz,enron_full_161067,text,1,105,1,7,7,7,1
prefuzz,enron_full_161301,text,1,116,2,7,7,14,2
prefuzz,enron_full_161404,text,1,140,4,7,7,28,4
prefuzz,enron_full_161839,text,1,2,0,7,0,0,0
prefuzz,enron_full_162338,text,1,116,2,7,7,14,2
prefuzz,enron_full_163700,text,1,2,0,7,0,0,0
prefuzz,enron_full_163994,text,1,103,1,7,7,7,1
prefuzz,enron_full_164128,text,1,27,0,7,1,1,1
prefuzz,enron_full_164251,text,1,152,3,7,7,21,3
prefuzz,enron_full_164751,text,1,3,0,7,0,0,0
prefuzz,enron_full_164805,text,1,3,0,7,0,0,0
prefuzz,enron_full_165550,text,1,2,0,7,0,0,0
prefuzz,enron_full_165951,text,1,603,35,7,7,245,35
prefuzz,enron_full_167260,text,1,868,2,7,7,83,52
prefuzz,enron_full_168469,text,1,193,8,7,7,56,8
prefuzz,enron_full_168971,text,1,118,2,7,7,14,2
prefuzz,enron_full_170176,text,1,3,0,7,0,0,0
prefuzz,enron_full_170711,text,1,227,9,7,7,64,10
prefuzz,enron_full_170765,text,1,239,11,7,7,77,11
prefuzz,enron_full_170860,text,1,2,0,7,0,0,0
prefuzz,enron_full_171509,text,1,130,3,7,7,21,3
prefuzz,enron_full_171797,text,1,2,0,7,0,0,0
prefuzz,enron_full_172609,text,1,3,0,7,0,0,0
prefuzz,enron_full_174436,text,1,128,2,7,7,15,3
prefuzz,enron_full_174861,text,1,106,1,7,7,7,1
prefuzz,enron_full_175011,text,1,3,0,7,0,0,0
prefuzz,enron_full_176124,text,1,105,1,7,7,7,1
prefuzz,enron_full_176753,text,1,105,1,7,7,7,1
prefuzz,enron_full_178212,text,1,110,1,7,7,7,1
prefuzz,enron_full_178550,text,1,105,1,7,7,7,1
prefuzz,enron_full_179413,text,1,106,1,7,7,7,1
prefuzz,enron_full_179791,text,1,106,1,7,7,7,1
prefuzz,enron_full_180640,text,1,106,1,7,7,7,1
prefuzz,enron_full_181037,text,1,239,9,7,7,63,9
prefuzz,enron_full_181456,text,1,870,53,7,7,344,55
prefuzz,enron_full_181872,text,1,123,1,7,7,7,1
prefuzz,enron_full_181885,text,1,121,1,7,7,7,1
prefuzz,enron_full_182915,text,1,119,1,7,7,7,1
prefuzz,enron_full_182942,text,1,132,1,7,7,7,1
prefuzz,enron_full_183169,text,1,120,1,7,7,7,1
prefuzz,enron_full_183297,text,1,119,1,7,7,7,1
prefuzz,enron_full_183379,text,1,120,1,7,7,7,1
prefuzz,enron_full_183388,text,1,119,1,7,7,7,1
prefuzz,enron_full_183934,text,1,120,1,7,7,7,1
prefuzz,enron_full_184508,text,1,121,1,7,7,7,1
prefuzz,enron_full_185731,text,1,3,0,7,0,0,0
prefuzz,enron_full_186258,text,1,119,1,7,7,7,1
prefuzz,enron_full_186778,text,1,129,1,7,7,7,1
prefuzz,enron_full_187181,text,1,120,1,7,7,7,1
prefuzz,enron_full_187432,text,1,119,1,7,7,7,1
prefuzz,enron_full_187706,text,1,119,1,7,7,7,1
prefuzz,enron_full_188453,text,1,121,1,7,7,7,1
prefuzz,enron_full_189842,text,1,119,1,7,7,7,1
prefuzz,enron_full_189980,text,1,134,2,7,7,14,2
prefuzz,enron_full_191466,text,1,120,1,7,7,7,1
prefuzz,enron_full_191744,text,1,42,0,7,1,2,2
prefuzz,enron_full_191882,text,1,130,1,7,7,7,1
prefuzz,enron_full_193162,text,1,147,3,7,7,21,3
prefuzz,enron_full_195402,text,1,120,1,7,7,7,1
prefuzz,enron_full_195600,text,1,1040,1,7,7,83,70
prefuzz,enron_full_195759,text,1,124,1,7,7,7,1
prefuzz,enron_full_196134,text,1,121,1,7,7,7,1
prefuzz,enron_full_197175,text,1,144,1,7,7,9,3
prefuzz,enron_full_197216,text,1,120,1,7,7,7,1
prefuzz,enron_full_197678,text,1,129,1,7,7,7,1
prefuzz,enron_full_198102,text,1,120,1,7,7,7,1
prefuzz,enron_full_198996,text,1,136,2,7,7,14,2
prefuzz,enron_full_200327,text,1,148,3,7,7,21,3
prefuzz,enron_full_200476,text,1,134,2,7,7,14,2
prefuzz,enron_full_201608,text,1,147,3,7,7,21,3
prefuzz,enron_full_202547,text,1,135,2,7,7,14,2
prefuzz,enron_full_202611,text,1,3,0,7,0,0,0
prefuzz,enron_full_203046,text,1,120,1,7,7,7,1
prefuzz,enron_full_204937,text,1,178,3,7,7,23,5
prefuzz,enron_full_205754,text,1,150,3,7,7,21,3
prefuzz,enron_full_205846,text,1,134,2,7,7,14,2
prefuzz,enron_full_206132,text,1,133,2,7,7,14,2
prefuzz,enron_full_206426,text,1,120,1,7,7,7,1
prefuzz,enron_full_206631,text,1,3,0,7,0,0,0
prefuzz,enron_full_206780,text,1,134,2,7,7,14,2
prefuzz,enron_full_207863,text,1,120,1,7,7,7,1
prefuzz,enron_full_208242,text,1,138,2,7,7,14,2
prefuzz,enron_full_208362,text,1,134,2,7,7,14,2
prefuzz,enron_full_209030,text,1,148,3,7,7,21,3
prefuzz,enron_full_209358,text,1,147,3,7,7,21,3
prefuzz,enron_full_209479,text,1,148,3,7,7,21,3
prefuzz,enron_full_209859,text,1,211,2,7,7,26,8
prefuzz,enron_full_209958,text,1,124,1,7,7,7,1
prefuzz,enron_full_210032,text,1,58,2,7,2,4,2
prefuzz,enron_full_210772,text,1,134,2,7,7,14,2
prefuzz,enron_full_211094,text,1,3,0,7,0,0,0
prefuzz,enron_full_211389,text,1,161,4,7,7,25,4
prefuzz,enron_full_211892,text,1,3,0,7,0,0,0
prefuzz,enron_full_211966,text,1,3,0,7,0,0,0
prefuzz,enron_full_212202,text,1,2,0,7,0,0,0
prefuzz,enron_full_213178,text,1,2,0,7,0,0,0
prefuzz,enron_full_214684,text,1,136,2,7,7,14,2
prefuzz,enron_full_214861,text,1,135,2,7,7,14,2
prefuzz,enron_full_214866,text,1,248,10,7,7,70,10
prefuzz,enron_full_214883,text,1,163,1,7,7,10,4
prefuzz,enron_full_215380,text,1,133,2,7,7,14,2
prefuzz,enron_full_215696,text,1,146,3,7,7,21,3
prefuzz,enron_full_216853,text,1,163,4,7,7,28,4
prefuzz,enron_full_218707,text,1,121,1,7,7,7,1
prefuzz,enron_full_219044,text,1,134,2,7,7,14,2
prefuzz,enron_full_219142,text,1,120,1,7,7,7,1
prefuzz,enron_full_219243,text,1,141,2,7,7,14,2
prefuzz,enron_full_219501,text,1,30,0,7,1,1,1
prefuzz,enron_full_219509,text,1,30,0,7,1,1,1
prefuzz,enron_full_219658,text,1,3,0,7,0,0,0
prefuzz,enron_full_220234,text,1,150,3,7,7,21,3
prefuzz,enron_full_220556,text,1,137,2,7,7,14,2
prefuzz,enron_full_221304,text,1,149,3,7,7,21,3
prefuzz,enron_full_223253,text,1,177,5,7,7,35,5
prefuzz,enron_full_223630,text,1,135,2,7,7,14,2
prefuzz,enron_full_223933,text,1,154,3,7,7,21,3
prefuzz,enron_full_224076,text,1,134,2,7,7,14,2
prefuzz,enron_full_224176,text,1,147,3,7,7,21,3
prefuzz,enron_full_224421,text,1,163,4,7,7,28,4
prefuzz,enron_full_226002,text,1,3,0,7,0,0,0
prefuzz,enron_full_226675,text,1,134,2,7,7,14,2
prefuzz,enron_full_227135,text,1,134,2,7,7,14,2
prefuzz,enron_full_227290,text,1,3,0,7,0,0,0
prefuzz,enron_full_227315,text,1,120,1,7,7,7,1
prefuzz,enron_full_227317,text,1,141,2,7,7,14,2
prefuzz,enron_full_227401,text,1,150,3,7,7,21,3
prefuzz,enron_full_227576,text,1,162,4,7,7,28,4
prefuzz,enron_full_228518,text,1,219,4,7,7,28,4
prefuzz,enron_full_228640,text,1,171,4,7,7,28,4
prefuzz,enron_full_229065,text,1,147,3,7,7,21,3
prefuzz,enron_full_229125,text,1,156,3,7,7,21,3
prefuzz,enron_full_230449,text,1,208,7,7,7,49,7
prefuzz,enron_full_230615,text,1,162,4,7,7,28,4
prefuzz,enron_full_231206,text,1,134,2,7,7,14,2
prefuzz,enron_full_232509,text,1,135,2,7,7,14,2
prefuzz,enron_full_232529,text,1,572,33,7,7,231,33
prefuzz,enron_full_232592,text,1,177,5,7,7,35,5
prefuzz,enron_full_232830,text,1,176,5,7,7,35,5
prefuzz,enron_full_232998,text,1,163,4,7,7,28,4
prefuzz,enron_full_233012,text,1,175,5,7,7,35,5
prefuzz,enron_full_233273,text,1,168,4,7,7,28,4
prefuzz,enron_full_233711,text,1,175,5,7,7,35,5
prefuzz,enron_full_233845,text,1,147,3,7,7,21,3
prefuzz,enron_full_234397,text,1,206,7,7,7,49,7
prefuzz,enron_full_235427,text,1,150,3,7,7,21,3
prefuzz,enron_full_237126,text,1,162,4,7,7,28,4
prefuzz,enron_full_238037,text,1,212,7,7,7,49,7
prefuzz,enron_full_238970,text,1,161,4,7,7,28,4
prefuzz,enron_full_239927,text,1,176,5,7,7,35,5
prefuzz,enron_full_240437,text,1,133,2,7,7,14,2
prefuzz,enron_full_240888,text,1,1695,23,7,7,287,126
prefuzz,enron_full_241204,text,1,1872,119,7,7,833,119
prefuzz,enron_full_242121,text,1,212,7,7,7,49,7
prefuzz,enron_full_242149,text,1,164,4,7,7,28,4
prefuzz,enron_full_242702,text,1,150,3,7,7,21,3
prefuzz,enron_full_242763,text,1,177,5,7,7,35,5
prefuzz,enron_full_243198,text,1,159,3,7,7,21,3
prefuzz,enron_full_243425,text,1,177,5,7,7,35,5
prefuzz,enron_full_244168,text,1,162,4,7,7,28,4
prefuzz,enron_full_244538,text,1,161,4,7,7,28,4
prefuzz,enron_full_244857,text,1,147,3,7,7,21,3
prefuzz,enron_full_244901,text,1,161,4,7,7,28,4
prefuzz,enron_full_244915,text,1,182,5,7,7,35,5
prefuzz,enron_full_245469,text,1,175,5,7,7,35,5
prefuzz,enron_full_246185,text,1,164,4,7,7,28,4
prefuzz,enron_full_246287,text,1,162,4,7,7,28,4
prefuzz,enron_full_246288,text,1,204,7,7,7,49,7
prefuzz,enron_full_246340,text,1,135,2,7,7,14,2
prefuzz,enron_full_246689,text,1,182,5,7,7,35,5
prefuzz,enron_full_246896,text,1,163,4,7,7,28,4
prefuzz,enron_full_247095,text,1,149,3,7,7,21,3
prefuzz,enron_full_247286,text,1,147,3,7,7,21,3
prefuzz,enron_full_247295,text,1,134,2,7,7,14,2
prefuzz,enron_full_247605,text,1,134,2,7,7,14,2
prefuzz,enron_full_247963,text,1,157,3,7,7,21,3
prefuzz,enron_full_248460,text,1,134,2,7,7,14,2
prefuzz,enron_full_248776,text,1,175,5,7,7,35,5
prefuzz,enron_full_249257,text,1,3,0,7,0,0,0
prefuzz,enron_full_250519,text,1,146,3,7,7,21,3
prefuzz,enron_full_250725,text,1,134,2,7,7,14,2
prefuzz,enron_full_252462,text,1,2,0,7,0,0,0
prefuzz,enron_full_253509,text,1,3,0,7,0,0,0
prefuzz,enron_full_253676,text,1,247,10,7,7,70,10
prefuzz,enron_full_253776,text,1,420,22,7,7,154,22
prefuzz,enron_full_253875,text,1,779,12,7,7,133,52
prefuzz,enron_full_254022,text,1,1217,78,7,7,549,81
prefuzz,enron_full_254732,text,1,597,31,7,7,217,31
prefuzz,enron_full_254813,text,1,129,1,7,7,7,1
prefuzz,enron_full_254930,text,1,3,0,7,0,0,0
prefuzz,enron_full_256359,text,1,2,0,7,0,0,0
prefuzz,enron_full_256719,text,1,3,0,7,0,0,0
prefuzz,enron_full_257223,text,1,3,0,7,0,0,0
prefuzz,enron_full_257476,text,1,3,0,7,0,0,0
prefuzz,enron_full_257526,text,1,3,0,7,0,0,0
prefuzz,enron_full_258106,text,1,3,0,7,0,0,0
prefuzz,enron_full_258436,text,1,3,0,7,0,0,0
prefuzz,enron_full_259050,text,1,135,2,7,7,14,2
prefuzz,enron_full_259076,text,1,3,0,7,0,0,0
prefuzz,enron_full_259321,text,1,121,1,7,7,7,1
prefuzz,enron_full_260192,text,1,162,4,7,7,28,4
prefuzz,enron_full_261884,text,1,3,0,7,0,0,0
prefuzz,enron_full_262514,text,1,992,63,7,7,441,63
prefuzz,enron_full_262785,text,1,3,0,7,0,0,0
prefuzz,enron_full_263240,text,1,137,2,7,7,14,2
prefuzz,enron_full_264723,text,1,3,0,7,0,0,0
prefuzz,enron_full_265023,text,1,176,5,7,7,35,5
prefuzz,enron_full_265448,text,1,643,38,7,7,266,38
prefuzz,enron_full_265746,text,1,163,4,7,7,28,4
prefuzz,enron_full_265774,text,1,445,8,7,7,80,26
prefuzz,enron_full_266026,text,1,122,1,7,7,7,1
prefuzz,enron_full_266097,text,1,2,0,7,0,0,0
prefuzz,enron_full_267067,text,1,136,2,7,7,14,2
prefuzz,enron_full_267198,text,1,140,2,7,7,14,2
prefuzz,enron_full_268981,text,1,116,2,7,7,14,2
prefuzz,enron_full_269702,text,1,1424,0,7,6,116,113
prefuzz,enron_full_270257,text,1,648,0,7,5,48,48
prefuzz,enron_full_270526,text,1,135,2,7,7,14,2
prefuzz,enron_full_271097,text,1,134,2,7,7,14,2
prefuzz,enron_full_271232,text,1,142,2,7,7,14,2
prefuzz,enron_full_272570,text,1,3,0,7,0,0,0
prefuzz,enron_full_273248,text,1,190,6,7,7,42,6
prefuzz,enron_full_273363,text,1,204,7,7,7,49,7
prefuzz,enron_full_273791,text,1,136,2,7,7,14,2
prefuzz,enron_full_273820,text,1,150,1,7,7,7,1
prefuzz,enron_full_273961,text,1,154,1,7,7,7,1
prefuzz,enron_full_274206,text,1,129,1,7,7,7,1
prefuzz,enron_full_274561,text,1,120,1,7,7,7,1
prefuzz,enron_full_274757,text,1,135,2,7,7,14,2
prefuzz,enron_full_274786,text,1,3,0,7,0,0,0
prefuzz,enron_full_275183,text,1,3,0,7,0,0,0
prefuzz,enron_full_275570,text,1,121,1,7,7,7,1
prefuzz,enron_full_276028,text,1,3,0,7,0,0,0
prefuzz,enron_full_276324,text,1,120,1,7,7,7,1
prefuzz,enron_full_276342,text,1,148,3,7,7,21,3
prefuzz,enron_full_277439,text,1,3,0,7,0,0,0
prefuzz,enron_full_277990,text,1,121,1,7,7,7,1
prefuzz,enron_full_278811,text,1,135,2,7,7,14,2
prefuzz,enron_full_279563,text,1,153,3,7,7,21,3
prefuzz,enron_full_279751,text,1,404,21,7,7,147,21
prefuzz,enron_full_280423,text,1,3,0,7,0,0,0
prefuzz,enron_full_280603,text,1,2,0,7,0,0,0
prefuzz,enron_full_281547,text,1,3,0,7,0,0,0
prefuzz,enron_full_282395,text,1,135,2,7,7,14,2
prefuzz,enron_full_283356,text,1,208,7,7,7,49,7
prefuzz,enron_full_283839,text,1,220,7,7,7,49,7
prefuzz,enron_full_283868,text,1,202,7,7,7,49,7
prefuzz,enron_full_284197,text,1,510,29,7,7,203,29
prefuzz,enron_full_284956,text,1,122,1,7,7,7,1
prefuzz,enron_full_285559,text,1,140,2,7,7,14,2
prefuzz,enron_full_286024,text,1,160,4,7,7,28,4
prefuzz,enron_full_286036,text,1,175,5,7,7,35,5
prefuzz,enron_full_286164,text,1,163,4,7,7,28,4
prefuzz,enron_full_286899,text,1,119,1,7,7,7,1
prefuzz,enron_full_287012,text,1,3,0,7,0,0,0
prefuzz,enron_full_287512,text,1,133,2,7,7,14,2
prefuzz,enron_full_287655,text,1,140,2,7,7,14,2
prefuzz,enron_full_287736,text,1,162,4,7,7,28,4
prefuzz,enron_full_287760,text,1,133,2,7,7,14,2
prefuzz,enron_full_287778,text,1,218,8,7,7,56,8
prefuzz,enron_full_288938,text,1,191,6,7,7,42,6
prefuzz,enron_full_289243,text,1,3,0,7,0,0,0
prefuzz,enron_full_291054,text,1,3,0,7,0,0,0
prefuzz,enron_full_291275,text,1,2,0,7,0,0,0
prefuzz,enron_full_291375,text,1,3,0,7,0,0,0
prefuzz,enron_full_291790,text,1,135,2,7,7,14,2
prefuzz,enron_full_292561,text,1,140,2,7,7,14,2
prefuzz,enron_full_292656,text,1,134,2,7,7,14,2
prefuzz,enron_full_293066,text,1,134,2,7,7,14,2
prefuzz,enron_full_293083,text,1,148,3,7,7,21,3
prefuzz,enron_full_293619,text,1,134,2,7,7,14,2
prefuzz,enron_full_293948,text,1,45,0,7,2,2,1
prefuzz,enron_full_293985,text,1,133,2,7,7,14,2
prefuzz,enron_full_295023,text,1,133,2,7,7,14,2
prefuzz,enron_full_295246,text,1,175,0,7,2,11,11
prefuzz,enron_full_296957,text,1,3,0,7,0,0,0
prefuzz,enron_full_298392,text,1,3,0,7,0,0,0
prefuzz,enron_full_298764,text,1,2,0,7,0,0,0
prefuzz,enron_full_299033,text,1,3,0,7,0,0,0
prefuzz,enron_full_299289,text,1,167,4,7,7,28,4
prefuzz,enron_full_299345,text,1,120,1,7,7,7,1
prefuzz,enron_full_299690,text,1,134,2,7,7,14,2
prefuzz,enron_full_300310,text,1,134,2,7,7,14,2
prefuzz,enron_full_300702,text,1,147,3,7,7,21,3
prefuzz,enron_full_301521,text,1,139,2,7,7,14,2
prefuzz,enron_full_301926,text,1,143,2,7,7,14,2
prefuzz,enron_full_302529,text,1,134,2,7,7,14,2
prefuzz,enron_full_303527,text,1,148,3,7,7,21,3
prefuzz,enron_full_304134,text,1,134,2,7,7,14,2
prefuzz,enron_full_304324,text,1,120,1,7,7,7,1
prefuzz,enron_full_305112,text,1,148,3,7,7,21,3
prefuzz,enron_full_305491,text,1,134,2,7,7,14,2
prefuzz,enron_full_305595,text,1,200,2,7,7,14,2
prefuzz,enron_full_306022,text,1,120,1,7,7,7,1
prefuzz,enron_full_306282,text,1,3789,264,7,7,1848,264
prefuzz,enron_full_306838,text,1,161,3,7,7,21,3
prefuzz,enron_full_306879,text,1,135,2,7,7,14,2
prefuzz,enron_full_307066,text,1,137,2,7,7,14,2
prefuzz,enron_full_307536,text,1,136,2,7,7,14,2
prefuzz,enron_full_307959,text,1,122,1,7,7,7,1
prefuzz,enron_full_308283,text,1,136,2,7,7,14,2
prefuzz,enron_full_308504,text,1,144,2,7,7,14,2
prefuzz,enron_full_308666,text,1,149,3,7,7,21,3
prefuzz,enron_full_310049,text,1,135,2,7,7,14,2
prefuzz,enron_full_310050,text,1,135,2,7,7,14,2
prefuzz,enron_full_310056,text,1,134,2,7,7,14,2
prefuzz,enron_full_310895,text,1,121,1,7,7,7,1
prefuzz,enron_full_310913,text,1,120,1,7,7,7,1
prefuzz,enron_full_311017,text,1,122,1,7,7,7,1
prefuzz,enron_full_313090,text,1,160,3,7,7,21,3
prefuzz,enron_full_314206,text,1,120,1,7,7,7,1
prefuzz,enron_full_314362,text,1,149,3,7,7,21,3
prefuzz,enron_full_315231,text,1,136,2,7,7,14,2
prefuzz,enron_full_315279,text,1,151,3,7,7,21,3
prefuzz,enron_full_315623,text,1,150,3,7,7,21,3
prefuzz,enron_full_316006,text,1,215,2,7,7,25,8
prefuzz,enron_full_317192,text,1,161,1,7,7,10,4
prefuzz,enron_full_317451,text,1,120,1,7,7,7,1
prefuzz,enron_full_318133,text,1,149,3,7,7,21,3
prefuzz,enron_full_318207,text,1,223,3,7,7,21,3
prefuzz,enron_full_318845,text,1,174,1,7,7,7,1
prefuzz,enron_full_318909,text,1,183,1,7,7,7,1
prefuzz,enron_full_319080,text,1,196,2,7,7,14,2
prefuzz,enron_full_319320,text,1,216,3,7,7,21,3
prefuzz,enron_full_319952,text,1,215,3,7,7,21,3
prefuzz,enron_full_320564,text,1,150,1,7,7,7,1
prefuzz,enron_full_320626,text,1,122,1,7,7,7,1
prefuzz,enron_full_321445,text,1,148,2,7,7,14,2
prefuzz,enron_full_321807,text,1,149,3,7,7,21,3
prefuzz,enron_full_321918,text,1,136,2,7,7,14,2
prefuzz,enron_full_322149,text,1,151,3,7,7,21,3
prefuzz,enron_full_322706,text,1,137,2,7,7,14,2
prefuzz,enron_full_322737,text,1,137,2,7,7,14,2
prefuzz,enron_full_322757,text,1,150,3,7,7,21,3
prefuzz,enron_full_324000,text,1,547,30,7,7,210,30
prefuzz,enron_full_324353,text,1,32,0,7,1,1,1
prefuzz,enron_full_325002,text,1,138,2,7,7,14,2
prefuzz,enron_full_325131,text,1,189,3,7,7,24,6
prefuzz,enron_full_325547,text,1,131,1,7,7,7,1
prefuzz,enron_full_326276,text,1,136,2,7,7,14,2
prefuzz,enron_full_326406,text,1,123,1,7,7,7,1
prefuzz,enron_full_326699,text,1,136,2,7,7,14,2
prefuzz,enron_full_326891,text,1,150,3,7,7,21,3
prefuzz,enron_full_327398,text,1,136,2,7,7,14,2
prefuzz,enron_full_327734,text,1,123,1,7,7,7,1
prefuzz,enron_full_330743,text,1,136,2,7,7,14,2
prefuzz,enron_full_330847,text,1,292,2,7,7,30,14
prefuzz,enron_full_331065,text,1,3,0,7,0,0,0
prefuzz,enron_full_331235,text,1,181,5,7,7,35,5
prefuzz,enron_full_331309,text,1,3,0,7,0,0,0
prefuzz,enron_full_332147,text,1,3,0,7,0,0,0
prefuzz,enron_full_332523,text,1,137,2,7,7,14,2
prefuzz,enron_full_333276,text,1,122,1,7,7,7,1
prefuzz,enron_full_333308,text,1,136,2,7,7,14,2
prefuzz,enron_full_333309,text,1,141,2,7,7,14,2
prefuzz,enron_full_334798,text,1,3,0,7,0,0,0
prefuzz,enron_full_335428,text,1,150,3,7,7,21,3
prefuzz,enron_full_335498,text,1,135,2,7,7,14,2
prefuzz,enron_full_335546,text,1,136,2,7,7,14,2
prefuzz,enron_full_335575,text,1,299,2,7,7,27,15
prefuzz,enron_full_335623,text,1,122,1,7,7,7,1
prefuzz,enron_full_335857,text,1,218,7,7,7,49,7
prefuzz,enron_full_335946,text,1,209,7,7,7,49,7
prefuzz,enron_full_336542,text,1,193,6,7,7,42,6
prefuzz,enron_full_337267,text,1,179,5,7,7,35,5
prefuzz,enron_full_337292,text,1,319,15,7,7,105,15
prefuzz,enron_full_337470,text,1,143,2,7,7,14,2
prefuzz,enron_full_339638,text,1,3,0,7,0,0,0
prefuzz,enron_full_340418,text,1,151,3,7,7,21,3
prefuzz,enron_full_340472,text,1,1442,94,7,7,658,94
prefuzz,enron_full_340761,text,1,127,1,7,7,7,1
prefuzz,enron_full_341249,text,1,145,2,7,7,14,2
prefuzz,enron_full_341362,text,1,191,6,7,7,42,6
prefuzz,enron_full_342301,text,1,122,1,7,7,7,1
prefuzz,enron_full_342735,text,1,149,3,7,7,21,3
prefuzz,enron_full_344191,text,1,120,1,7,7,7,1
prefuzz,enron_full_344335,text,1,121,1,7,7,7,1
prefuzz,enron_full_344645,text,1,2,0,7,0,0,0
prefuzz,enron_full_345595,text,1,121,1,7,7,7,1
prefuzz,enron_full_345814,text,1,119,1,7,7,7,1
prefuzz,enron_full_348142,text,1,137,1,7,7,7,1
prefuzz,enron_full_348438,text,1,3,0,7,0,0,0
prefuzz,enron_full_349353,text,1,3,0,7,0,0,0
prefuzz,enron_full_349483,text,1,3,0,7,0,0,0
prefuzz,enron_full_352068,text,1,3,0,7,0,0,0
prefuzz,enron_full_352183,text,1,120,1,7,7,7,1
prefuzz,enron_full_352410,text,1,191,6,7,7,42,6
prefuzz,enron_full_352552,text,1,2,0,7,0,0,0
prefuzz,enron_full_353158,text,1,133,1,7,7,10,2
prefuzz,enron_full_353883,text,1,2,0,7,0,0,0
prefuzz,enron_full_354290,text,1,85,0,7,3,4,3
prefuzz,enron_full_355229,text,1,3,0,7,0,0,0
prefuzz,enron_full_355694,text,1,122,1,7,7,7,1
prefuzz,enron_full_355895,text,1,3,0,7,0,0,0
prefuzz,enron_full_356569,text,1,3,0,7,0,0,0
prefuzz,enron_full_356908,text,1,120,1,7,7,7,1
prefuzz,enron_full_356976,text,1,46,0,7,2,2,1
prefuzz,enron_full_358597,text,1,3,0,7,0,0,0
prefuzz,enron_full_358915,text,1,2,0,7,0,0,0
prefuzz,enron_full_360085,text,1,129,1,7,7,7,1
prefuzz,enron_full_360983,text,1,122,1,7,7,7,1
prefuzz,enron_full_362389,text,1,119,1,7,7,7,1
prefuzz,enron_full_363120,text,1,223,8,7,7,56,8
prefuzz,enron_full_363607,text,1,2,0,7,0,0,0
prefuzz,enron_full_363846,text,1,3,0,7,0,0,0
prefuzz,enron_full_363876,text,1,178,5,7,7,35,5
prefuzz,enron_full_364025,text,1,3,0,7,0,0,0
prefuzz,enron_full_364586,text,1,664,39,7,7,273,39
prefuzz,enron_full_365105,text,1,4,0,7,0,0,0
prefuzz,enron_full_365478,text,1,3,0,7,0,0,0
prefuzz,enron_full_365497,text,1,137,2,7,7,14,2
prefuzz,enron_full_365509,text,1,148,3,7,7,21,3
prefuzz,enron_full_365947,text,1,3,0,7,0,0,0
prefuzz,enron_full_366510,text,1,120,1,7,7,7,1
prefuzz,enron_full_366895,text,1,122,1,7,7,7,1
prefuzz,enron_full_367052,text,1,3,0,7,0,0,0
prefuzz,enron_full_367129,text,1,2,0,7,0,0,0
prefuzz,enron_full_367319,text,1,3,0,7,0,0,0
prefuzz,enron_full_367765,text,1,126,1,7,7,7,1
prefuzz,enron_full_367912,text,1,2,0,7,0,0,0
prefuzz,enron_full_368156,text,1,2,0,7,0,0,0
prefuzz,enron_full_368318,text,1,2,0,7,0,0,0
prefuzz,enron_full_369168,text,1,122,1,7,7,7,1
prefuzz,enron_full_369419,text,1,194,6,7,7,42,6
prefuzz,enron_full_370439,text,1,660,39,7,7,273,39
prefuzz,enron_full_371121,text,1,3,0,7,0,0,0
prefuzz,enron_full_373728,text,1,123,1,7,7,7,1
prefuzz,enron_full_373978,text,1,138,2,7,7,14,2
prefuzz,enron_full_374719,text,1,120,1,7,7,7,1
prefuzz,enron_full_374736,text,1,148,3,7,7,21,3
prefuzz,enron_full_375606,text,1,222,8,7,7,56,8
prefuzz,enron_full_376013,text,1,156,3,7,7,21,3
prefuzz,enron_full_376710,text,1,136,2,7,7,14,2
prefuzz,enron_full_377221,text,1,120,1,7,7,7,1
prefuzz,enron_full_377377,text,1,120,1,7,7,7,1
prefuzz,enron_full_378712,text,1,134,2,7,7,14,2
prefuzz,enron_full_378826,text,1,135,2,7,7,14,2
prefuzz,enron_full_379382,text,1,163,4,7,7,28,4
prefuzz,enron_full_379515,text,1,147,3,7,7,21,3
prefuzz,enron_full_380183,text,1,712,43,7,7,301,43
prefuzz,enron_full_380419,text,1,136,2,7,7,14,2
prefuzz,enron_full_380667,text,1,137,2,7,7,14,2
prefuzz,enron_full_381275,text,1,275,9,7,7,66,12
prefuzz,enron_full_381430,text,1,122,1,7,7,7,1
prefuzz,enron_full_381540,text,1,149,3,7,7,21,3
prefuzz,enron_full_381912,text,1,122,1,7,7,7,1
prefuzz,enron_full_382401,text,1,3,0,7,0,0,0
prefuzz,enron_full_382476,text,1,134,2,7,7,14,2
prefuzz,enron_full_382877,text,1,185,5,7,7,35,5
prefuzz,enron_full_384162,text,1,3,0,7,0,0,0
prefuzz,enron_full_384461,text,1,121,1,7,7,7,1
prefuzz,enron_full_384653,text,1,121,1,7,7,7,1
prefuzz,enron_full_384988,text,1,121,1,7,7,7,1
prefuzz,enron_full_385098,text,1,121,1,7,7,7,1
prefuzz,enron_full_385839,text,1,120,1,7,7,7,1
prefuzz,enron_full_386188,text,1,2,0,7,0,0,0
prefuzz,enron_full_386616,text,1,31,0,7,1,1,1
prefuzz,enron_full_386731,text,1,2,0,7,0,0,0
prefuzz,enron_full_387578,text,1,160,1,7,7,10,4
prefuzz,enron_full_387701,text,1,2,0,7,0,0,0
prefuzz,enron_full_387952,text,1,3,0,7,0,0,0
prefuzz,enron_full_388565,text,1,133,2,7,7,14,2
prefuzz,enron_full_388921,text,1,127,1,7,7,7,1
prefuzz,enron_full_390158,text,1,440,3,7,7,48,27
prefuzz,enron_full_391047,text,1,137,2,7,7,14,2
prefuzz,enron_full_391217,text,1,2,0,7,0,0,0
prefuzz,enron_full_391486,text,1,3,0,7,0,0,0
prefuzz,enron_full_391746,text,1,3,0,7,0,0,0
prefuzz,enron_full_392955,text,1,121,1,7,7,7,1
prefuzz,enron_full_393136,text,1,2,0,7,0,0,0
prefuzz,enron_full_393487,text,1,122,1,7,7,7,1
prefuzz,enron_full_394271,text,1,127,1,7,7,7,1
prefuzz,enron_full_394331,text,1,122,1,7,7,7,1
prefuzz,enron_full_394348,text,1,120,1,7,7,7,1
prefuzz,enron_full_394407,text,1,2,0,7,0,0,0
prefuzz,enron_full_395301,text,1,122,1,7,7,7,1
prefuzz,enron_full_395725,text,1,3,0,7,0,0,0
prefuzz,enron_full_396292,text,1,183,1,7,7,16,6
prefuzz,enron_full_396812,text,1,122,1,7,7,7,1
prefuzz,enron_full_397391,text,1,120,1,7,7,7,1
prefuzz,enron_full_397879,text,1,141,2,7,7,14,2
prefuzz,enron_full_398718,text,1,121,1,7,7,7,1
prefuzz,enron_full_399591,text,1,30,0,7,1,1,1
prefuzz,enron_full_399779,text,1,3,0,7,0,0,0
prefuzz,enron_full_399917,text,1,2,0,7,0,0,0
prefuzz,enron_full_400523,text,1,122,1,7,7,7,1
prefuzz,enron_full_401763,text,1,3,0,7,0,0,0
prefuzz,enron_full_401798,text,1,3,0,7,0,0,0
prefuzz,enron_full_402233,text,1,121,1,7,7,7,1
prefuzz,enron_full_402310,text,1,134,2,7,7,14,2
prefuzz,enron_full_403001,text,1,121,1,7,7,7,1
prefuzz,enron_full_403036,text,1,121,1,7,7,7,1
prefuzz,enron_full_403180,text,1,122,1,7,7,7,1
prefuzz,enron_full_404066,text,1,142,2,7,7,14,2
prefuzz,enron_full_405218,text,1,135,2,7,7,14,2
prefuzz,enron_full_405288,text,1,132,2,7,7,14,2
prefuzz,enron_full_405421,text,1,149,3,7,7,21,3
prefuzz,enron_full_406531,text,1,150,3,7,7,21,3
prefuzz,enron_full_407210,text,1,120,1,7,7,7,1
prefuzz,enron_full_407416,text,1,148,3,7,7,21,3
prefuzz,enron_full_407459,text,1,176,4,7,7,28,4
prefuzz,enron_full_407590,text,1,117,2,7,7,14,2
prefuzz,enron_full_407747,text,1,104,1,7,7,7,1
prefuzz,enron_full_408988,text,1,463,24,7,7,168,24
prefuzz,enron_full_409260,text,1,149,3,7,7,21,3
prefuzz,enron_full_409276,text,1,142,2,7,7,14,2
prefuzz,enron_full_409720,text,1,120,1,7,7,7,1
prefuzz,enron_full_409761,text,1,121,1,7,7,7,1
prefuzz,enron_full_410980,text,1,3,0,7,0,0,0
prefuzz,enron_full_411073,text,1,2,0,7,0,0,0
prefuzz,enron_full_411853,text,1,121,1,7,7,7,1
prefuzz,enron_full_412435,text,1,121,1,7,7,7,1
prefuzz,enron_full_412836,text,1,120,1,7,7,7,1
prefuzz,enron_full_414414,text,1,120,1,7,7,7,1
prefuzz,enron_full_414620,text,1,149,3,7,7,21,3
prefuzz,enron_full_414624,text,1,3,0,7,0,0,0
prefuzz,enron_full_415032,text,1,126,1,7,7,7,1
prefuzz,enron_full_415416,text,1,158,1,7,7,10,4
prefuzz,enron_full_415425,text,1,119,1,7,7,7,1
prefuzz,enron_full_415589,text,1,120,1,7,7,7,1
prefuzz,enron_full_416173,text,1,3,0,7,0,0,0
prefuzz,enron_full_416275,text,1,3,0,7,0,0,0
prefuzz,enron_full_417397,text,1,123,1,7,7,7,1
prefuzz,enron_full_418145,text,1,103,1,7,7,7,1
prefuzz,enron_full_418173,text,1,104,1,7,7,7,1
prefuzz,enron_full_418938,text,1,104,1,7,7,7,1
prefuzz,enron_full_419715,text,1,123,2,7,7,14,2
prefuzz,enron_full_419787,text,1,104,1,7,7,7,1
prefuzz,enron_full_419936,text,1,104,1,7,7,7,1
prefuzz,enron_full_419992,text,1,105,1,7,7,7,1
prefuzz,enron_full_420340,text,1,667,45,7,7,315,45
prefuzz,enron_full_420635,text,1,123,1,7,7,7,1
prefuzz,enron_full_421070,text,1,3,0,7,0,0,0
prefuzz,enron_full_421581,text,1,2,0,7,0,0,0
prefuzz,enron_full_421659,text,1,3,0,7,0,0,0
prefuzz,enron_full_422214,text,1,3,0,7,0,0,0
prefuzz,enron_full_422408,text,1,135,2,7,7,14,2
prefuzz,enron_full_423045,text,1,188,1,7,7,7,1
prefuzz,enron_full_423694,text,1,121,1,7,7,7,1
prefuzz,enron_full_423789,text,1,121,1,7,7,7,1
prefuzz,enron_full_424183,text,1,12446,437,7,7,3074,954
prefuzz,enron_full_424691,text,1,144,1,7,7,7,1
prefuzz,enron_full_425035,text,1,124,1,7,7,7,1
prefuzz,enron_full_425166,text,1,125,1,7,7,7,1
prefuzz,enron_full_425789,text,1,124,1,7,7,7,1
prefuzz,enron_full_426054,text,1,124,1,7,7,7,1
prefuzz,enron_full_426288,text,1,129,1,7,7,7,1
prefuzz,enron_full_427733,text,1,125,1,7,7,7,1
prefuzz,enron_full_428515,text,1,123,1,7,7,7,1
prefuzz,enron_full_428895,text,1,122,1,7,7,7,1
prefuzz,enron_full_429441,text,1,3,0,7,0,0,0
prefuzz,enron_full_429986,text,1,3,0,7,0,0,0
prefuzz,enron_full_430065,text,1,3,0,7,0,0,0
prefuzz,enron_full_430260,text,1,46,0,7,2,2,1
prefuzz,enron_full_430592,text,1,3,0,7,0,0,0
prefuzz,enron_full_431423,text,1,3,0,7,0,0,0
prefuzz,enron_full_432116,text,1,123,1,7,7,7,1
prefuzz,enron_full_432508,text,1,137,2,7,7,14,2
prefuzz,enron_full_433686,text,1,122,1,7,7,7,1
prefuzz,enron_full_433711,text,1,121,1,7,7,7,1
prefuzz,enron_full_433823,text,1,131,1,7,7,7,1
prefuzz,enron_full_434515,text,1,138,2,7,7,14,2
prefuzz,enron_full_434661,text,1,136,2,7,7,14,2
prefuzz,enron_full_435743,text,1,137,2,7,7,14,2
prefuzz,enron_full_436019,text,1,3,0,7,0,0,0
prefuzz,enron_full_436309,text,1,3,0,7,0,0,0
prefuzz,enron_full_436431,text,1,3,0,7,0,0,0
prefuzz,enron_full_436454,text,1,3,0,7,0,0,0
prefuzz,enron_full_437873,text,1,137,2,7,7,14,2
prefuzz,enron_full_439573,text,1,3,0,7,0,0,0
prefuzz,enron_full_440276,text,1,3,0,7,0,0,0
prefuzz,enron_full_440707,text,1,5091,2,7,7,447,422
prefuzz,enron_full_441744,text,1,168,3,7,7,21,3
prefuzz,enron_full_442093,text,1,147,2,7,7,14,2
prefuzz,enron_full_442322,text,1,3,0,7,0,0,0
prefuzz,enron_full_442524,text,1,142,2,7,7,14,2
prefuzz,enron_full_442558,text,1,142,2,7,7,14,2
prefuzz,enron_full_442662,text,1,140,2,7,7,14,2
prefuzz,enron_full_442954,text,1,149,1,7,7,7,1
prefuzz,enron_full_443309,text,1,227,8,7,7,56,8
prefuzz,enron_full_443772,text,1,156,1,7,7,7,1
prefuzz,enron_full_444240,text,1,150,3,7,7,21,3
prefuzz,enron_full_445163,text,1,3,0,7,0,0,0
prefuzz,enron_full_445774,text,1,702,42,7,7,294,42
prefuzz,enron_full_445830,text,1,3,0,7,0,0,0
prefuzz,enron_full_446457,text,1,3,0,7,0,0,0
prefuzz,enron_full_447336,text,1,132,1,7,7,7,1
prefuzz,enron_full_447596,text,1,4,0,7,0,0,0
prefuzz,enron_full_448246,text,1,140,2,7,7,14,2
prefuzz,enron_full_448315,text,1,124,1,7,7,7,1
prefuzz,enron_full_448897,text,1,139,2,7,7,14,2
prefuzz,enron_full_449771,text,1,3,0,7,0,0,0
prefuzz,enron_full_450293,text,1,138,2,7,7,14,2
prefuzz,enron_full_450584,text,1,3,0,7,0,0,0
prefuzz,enron_full_451624,text,1,139,2,7,7,14,2
prefuzz,enron_full_451708,text,1,123,1,7,7,7,1
prefuzz,enron_full_451980,text,1,43,0,7,1,2,2
prefuzz,enron_full_452075,text,1,127,1,7,7,7,1
prefuzz,enron_full_452624,text,1,122,1,7,7,7,1
prefuzz,enron_full_452665,text,1,122,1,7,7,7,1
prefuzz,enron_full_453158,text,1,123,1,7,7,7,1
prefuzz,enron_full_453577,text,1,124,1,7,7,7,1
prefuzz,enron_full_455974,text,1,116,2,7,4,10,4
prefuzz,enron_full_456283,text,1,3,0,7,0,0,0
prefuzz,enron_full_458074,text,1,3,0,7,0,0,0
prefuzz,enron_full_458660,text,1,3,0,7,0,0,0
prefuzz,enron_full_459917,text,1,3,0,7,0,0,0
prefuzz,enron_full_459959,text,1,3,0,7,0,0,0
prefuzz,enron_full_460573,text,1,399,20,7,7,140,20
prefuzz,enron_full_461053,text,1,141,2,7,7,14,2
prefuzz,enron_full_461203,text,1,3,0,7,0,0,0
prefuzz,enron_full_461474,text,1,3,0,7,0,0,0
prefuzz,enron_full_461621,text,1,155,3,7,7,21,3
prefuzz,enron_full_461648,text,1,151,3,7,7,21,3
prefuzz,enron_full_461948,text,1,153,3,7,7,21,3
prefuzz,enron_full_462616,text,1,136,2,7,7,14,2
prefuzz,enron_full_463151,text,1,151,3,7,7,21,3
prefuzz,enron_full_463936,text,1,143,2,7,7,14,2
prefuzz,enron_full_463955,text,1,138,2,7,7,14,2
prefuzz,enron_full_463976,text,1,149,3,7,7,21,3
prefuzz,enron_full_465574,text,1,137,2,7,7,14,2
prefuzz,enron_full_466018,text,1,172,2,7,7,17,5
prefuzz,enron_full_466387,text,1,907,56,7,7,392,56
prefuzz,enron_full_466533,text,1,131,1,7,7,7,1
prefuzz,enron_full_466708,text,1,107,1,7,7,7,1
prefuzz,enron_full_467278,text,1,147,2,7,7,14,2
prefuzz,enron_full_467576,text,1,166,4,7,7,28,4
prefuzz,enron_full_467913,text,1,151,3,7,7,21,3
prefuzz,enron_full_468001,text,1,124,1,7,7,7,1
prefuzz,enron_full_468241,text,1,137,2,7,7,14,2
prefuzz,enron_full_468948,text,1,136,2,7,7,14,2
prefuzz,enron_full_469104,text,1,241,9,7,7,63,9
prefuzz,enron_full_469441,text,1,154,3,7,7,21,3
prefuzz,enron_full_470510,text,1,122,1,7,7,7,1
prefuzz,enron_full_471172,text,1,137,2,7,7,14,2
prefuzz,enron_full_472398,text,1,149,3,7,7,21,3
prefuzz,enron_full_473353,text,1,122,1,7,7,7,1
prefuzz,enron_full_473987,text,1,3,0,7,0,0,0
prefuzz,enron_full_474902,text,1,123,1,7,7,7,1
prefuzz,enron_full_476646,text,1,123,1,7,7,7,1
prefuzz,enron_full_476866,text,1,273,7,7,7,53,11
prefuzz,enron_full_476952,text,1,123,1,7,7,7,1
prefuzz,enron_full_478933,text,1,3,0,7,0,0,0
prefuzz,enron_full_479947,text,1,3,0,7,0,0,0
prefuzz,enron_full_480468,text,1,2,0,7,0,0,0
prefuzz,enron_full_480848,text,1,137,2,7,7,14,2
prefuzz,enron_full_481384,text,1,123,1,7,7,7,1
prefuzz,enron_full_481691,text,1,123,1,7,7,7,1
prefuzz,enron_full_481940,text,1,122,1,7,7,7,1
prefuzz,enron_full_482039,text,1,128,1,7,7,7,1
prefuzz,enron_full_482398,text,1,3,0,7,0,0,0
prefuzz,enron_full_482679,text,1,3,0,7,0,0,0
prefuzz,enron_full_482700,text,1,124,1,7,7,7,1
prefuzz,enron_full_482778,text,1,166,4,7,7,28,4
prefuzz,enron_full_482919,text,1,136,2,7,7,14,2
prefuzz,enron_full_483941,text,1,124,1,7,7,7,1
prefuzz,enron_full_484013,text,1,136,2,7,7,14,2
prefuzz,enron_full_485161,text,1,128,1,7,7,7,1
prefuzz,enron_full_485319,text,1,121,1,7,7,7,1
prefuzz,enron_full_485507,text,1,90,0,7,2,5,4
prefuzz,enron_full_485652,text,1,3,0,7,0,0,0
prefuzz,enron_full_485802,text,1,3,0,7,0,0,0
prefuzz,enron_full_486590,text,1,121,1,7,7,7,1
prefuzz,enron_full_486718,text,1,121,1,7,7,7,1
prefuzz,enron_full_487009,text,1,3,0,7,0,0,0
prefuzz,enron_full_487095,text,1,3,0,7,0,0,0
prefuzz,enron_full_487221,text,1,151,3,7,7,21,3
prefuzz,enron_full_488455,text,1,3,0,7,0,0,0
prefuzz,enron_full_488704,text,1,3400,184,7,6,1086,250
prefuzz,enron_full_489126,text,1,4,0,7,0,0,0
prefuzz,enron_full_490171,text,1,3,0,7,0,0,0
prefuzz,enron_full_490913,text,1,172,3,7,7,21,3
prefuzz,enron_full_491597,text,1,122,1,7,7,7,1
prefuzz,enron_full_491993,text,1,3,0,7,0,0,0
prefuzz,enron_full_492310,text,1,46,0,7,2,2,1
prefuzz,enron_full_492624,text,1,195,6,7,7,42,6
prefuzz,enron_full_492762,text,1,3,0,7,0,0,0
prefuzz,enron_full_493081,text,1,3,0,7,0,0,0
prefuzz,enron_full_493173,text,1,3,0,7,0,0,0
prefuzz,enron_full_494836,text,1,134,0,7,3,8,7
prefuzz,enron_full_495207,text,1,3,0,7,0,0,0
prefuzz,enron_full_496303,text,1,3,0,7,0,0,0
prefuzz,enron_full_497180,text,1,136,2,7,7,14,2
prefuzz,enron_full_498346,text,1,3,0,7,0,0,0
prefuzz,enron_full_498425,text,1,138,2,7,7,14,2
prefuzz,enron_full_498832,text,1,127,1,7,7,7,1
prefuzz,enron_full_499190,text,1,219,8,7,7,56,8
prefuzz,enron_full_499335,text,1,179,5,7,7,35,5
prefuzz,enron_full_500125,text,1,235,5,7,7,40,10
prefuzz,enron_full_500480,text,1,137,2,7,7,14,2
prefuzz,enron_full_500856,text,1,353,17,7,7,119,17
prefuzz,enron_full_501389,text,1,137,2,7,7,14,2
prefuzz,enron_full_501995,text,1,122,1,7,7,7,1
prefuzz,enron_full_503996,text,1,3,0,7,0,0,0
prefuzz,enron_full_504214,text,1,3,0,7,0,0,0
prefuzz,enron_full_504672,text,1,164,4,7,7,28,4
prefuzz,enron_full_506077,text,1,3,0,7,0,0,0
prefuzz,enron_full_506313,text,1,3,0,7,0,0,0
prefuzz,enron_full_506691,text,1,3,0,7,0,0,0
prefuzz,enron_full_506951,text,1,3,0,7,0,0,0
prefuzz,enron_full_508297,text,1,124,1,7,7,7,1
prefuzz,enron_full_508633,text,1,138,2,7,7,14,2
prefuzz,enron_full_509309,text,1,124,1,7,7,7,1
prefuzz,enron_full_509898,text,1,127,1,7,7,7,1
prefuzz,enron_full_511005,text,1,122,1,7,7,7,1
prefuzz,enron_full_513543,text,1,3,0,7,0,0,0
prefuzz,enron_full_513857,text,1,121,1,7,7,7,1
prefuzz,enron_full_514823,text,1,3,0,7,0,0,0
prefuzz,enron_full_514984,text,1,121,1,7,7,7,1
prefuzz,enron_full_515092,text,1,3,0,7,0,0,0
prefuzz,enron_full_515627,text,1,2,0,7,0,0,0
prefuzz,enron_full_515714,text,1,3,0,7,0,0,0
prefuzz,enron_full_516032,text,1,137,2,7,7,14,2
prefuzz,enron_full_516843,text,1,3,0,7,0,0,0
prefuzz,enron_full_516871,text,1,3,0,7,0,0,0
prefuzz,enron_full_000202,text,2,137,2,7,7,14,2
prefuzz,enron_full_000664,text,2,156,2,7,7,14,2
prefuzz,enron_full_001289,text,2,3,0,7,0,0,0
prefuzz,enron_full_001379,text,2,2,0,7,0,0,0
prefuzz,enron_full_001488,text,2,3,0,7,0,0,0
prefuzz,enron_full_001525,text,2,131,1,7,7,7,1
prefuzz,enron_full_002220,text,2,139,2,7,7,14,2
prefuzz,enron_full_004616,text,2,149,3,7,7,21,3
prefuzz,enron_full_005913,text,2,151,3,7,7,21,3
prefuzz,enron_full_006211,text,2,122,1,7,7,7,1
prefuzz,enron_full_006276,text,2,135,2,7,7,14,2
prefuzz,enron_full_006379,text,2,3,0,7,0,0,0
prefuzz,enron_full_006771,text,2,134,2,7,7,14,2
prefuzz,enron_full_007411,text,2,2,0,7,0,0,0
prefuzz,enron_full_008064,text,2,132,1,7,7,7,1
prefuzz,enron_full_008136,text,2,156,0,7,3,11,9
prefuzz,enron_full_008648,text,2,123,1,7,7,7,1
prefuzz,enron_full_008924,text,2,135,2,7,7,14,2
prefuzz,enron_full_009142,text,2,447,24,7,7,168,24
prefuzz,enron_full_009200,text,2,129,1,7,7,7,1
prefuzz,enron_full_009568,text,2,2,0,7,0,0,0
prefuzz,enron_full_009735,text,2,3,0,7,0,0,0
prefuzz,enron_full_011924,text,2,526,30,7,7,210,30
prefuzz,enron_full_012156,text,2,153,3,7,7,21,3
prefuzz,enron_full_012651,text,2,123,1,7,7,7,1
prefuzz,enron_full_013576,text,2,131,1,7,7,7,1
prefuzz,enron_full_013941,text,2,136,2,7,7,14,2
prefuzz,enron_full_014539,text,2,150,3,7,7,21,3
prefuzz,enron_full_014678,text,2,254,10,7,7,70,10
prefuzz,enron_full_015568,text,2,135,2,7,7,14,2
prefuzz,enron_full_015698,text,2,159,1,7,7,13,4
prefuzz,enron_full_016017,text,2,453,24,7,7,168,24
prefuzz,enron_full_017189,text,2,138,2,7,7,14,2
prefuzz,enron_full_018163,text,2,3,0,7,0,0,0
prefuzz,enron_full_018755,text,2,123,1,7,7,7,1
prefuzz,enron_full_019153,text,2,123,1,7,7,7,1
prefuzz,enron_full_019201,text,2,137,2,7,7,14,2
prefuzz,enron_full_019604,text,2,3,0,7,0,0,0
prefuzz,enron_full_019949,text,2,136,2,7,7,14,2
prefuzz,enron_full_020401,text,2,3,0,7,0,0,0
prefuzz,enron_full_020951,text,2,127,1,7,7,7,1
prefuzz,enron_full_021195,text,2,171,4,7,7,28,4
prefuzz,enron_full_021224,text,2,11706,437,7,7,3074,954
prefuzz,enron_full_021900,text,2,148,1,7,7,7,1
prefuzz,enron_full_022531,text,2,156,3,7,7,21,3
prefuzz,enron_full_022683,text,2,141,2,7,7,14,2
prefuzz,enron_full_022865,text,2,138,2,7,7,14,2
prefuzz,enron_full_022972,text,2,123,1,7,7,7,1
prefuzz,enron_full_024952,text,2,3,0,7,0,0,0
prefuzz,enron_full_025050,text,2,137,2,7,7,14,2
prefuzz,enron_full_026603,text,2,136,2,7,7,14,2
prefuzz,enron_full_026721,text,2,179,2,7,7,17,5
prefuzz,enron_full_027643,text,2,164,4,7,7,28,4
prefuzz,enron_full_027693,text,2,136,2,7,7,14,2
prefuzz,enron_full_027925,text,2,122,1,7,7,7,1
prefuzz,enron_full_028250,text,2,122,1,7,7,7,1
prefuzz,enron_full_028591,text,2,136,2,7,7,14,2
prefuzz,enron_full_028607,text,2,3,0,7,0,0,0
prefuzz,enron_full_029506,text,2,3,0,7,0,0,0
prefuzz,enron_full_030144,text,2,141,2,7,7,14,2
prefuzz,enron_full_031433,text,2,134,2,7,7,14,2
prefuzz,enron_full_031542,text,2,136,2,7,7,14,2
prefuzz,enron_full_031612,text,2,137,2,7,7,14,2
prefuzz,enron_full_031680,text,2,122,1,7,7,7,1
prefuzz,enron_full_032079,text,2,3,0,7,0,0,0
prefuzz,enron_full_032704,text,2,519,29,7,7,203,29
prefuzz,enron_full_033187,text,2,3,0,7,0,0,0
prefuzz,enron_full_033628,text,2,137,1,7,7,10,2
prefuzz,enron_full_034178,text,2,4,0,7,0,0,0
prefuzz,enron_full_034530,text,2,3,0,7,0,0,0
prefuzz,enron_full_035481,text,2,3,0,7,0,0,0
prefuzz,enron_full_035578,text,2,3,0,7,0,0,0
prefuzz,enron_full_035695,text,2,31,0,7,1,1,1
prefuzz,enron_full_035726,text,2,3,0,7,0,0,0
prefuzz,enron_full_035827,text,2,3,0,7,0,0,0
prefuzz,enron_full_035969,text,2,3,0,7,0,0,0
prefuzz,enron_full_035998,text,2,3,0,7,0,0,0
prefuzz,enron_full_038008,text,2,3,0,7,0,0,0
prefuzz,enron_full_040212,text,2,2,0,7,0,0,0
prefuzz,enron_full_040615,text,2,141,2,7,7,14,2
prefuzz,enron_full_041235,text,2,136,2,7,7,14,2
prefuzz,enron_full_042132,text,2,121,1,7,7,7,1
prefuzz,enron_full_045885,text,2,136,2,7,7,14,2
prefuzz,enron_full_046009,text,2,136,2,7,7,14,2
prefuzz,enron_full_046306,text,2,146,2,7,7,14,2
prefuzz,enron_full_046840,text,2,138,2,7,7,14,2
prefuzz,enron_full_047084,text,2,3,0,7,0,0,0
prefuzz,enron_full_047376,text,2,150,3,7,7,21,3
prefuzz,enron_full_047738,text,2,138,2,7,7,14,2
prefuzz,enron_full_047772,text,2,3,0,7,0,0,0
prefuzz,enron_full_048185,text,2,3,0,7,0,0,0
prefuzz,enron_full_048713,text,2,3,0,7,0,0,0
prefuzz,enron_full_049016,text,2,3,0,7,0,0,0
prefuzz,enron_full_049875,text,2,3,0,7,0,0,0
prefuzz,enron_full_050163,text,2,121,1,7,7,7,1
prefuzz,enron_full_050258,text,2,121,1,7,7,7,1
prefuzz,enron_full_050705,text,2,3,0,7,0,0,0
prefuzz,enron_full_050719,text,2,3,0,7,0,0,0
prefuzz,enron_full_051118,text,2,2,0,7,0,0,0
prefuzz,enron_full_051633,text,2,3,0,7,0,0,0
prefuzz,enron_full_052109,text,2,210,6,7,7,39,7
prefuzz,enron_full_052243,text,2,249,10,7,7,70,10
prefuzz,enron_full_052699,text,2,3,0,7,0,0,0
prefuzz,enron_full_052941,text,2,3,0,7,0,0,0
prefuzz,enron_full_053517,text,2,3,0,7,0,0,0
prefuzz,enron_full_053522,text,2,3,0,7,0,0,0
prefuzz,enron_full_054174,text,2,3,0,7,0,0,0
prefuzz,enron_full_055270,text,2,3,0,7,0,0,0
prefuzz,enron_full_055462,text,2,123,1,7,7,7,1
prefuzz,enron_full_056138,text,2,219,1,7,7,15,9
prefuzz,enron_full_056670,text,2,120,1,7,7,7,1
prefuzz,enron_full_056953,text,2,3,0,7,0,0,0
prefuzz,enron_full_057268,text,2,145,1,7,7,11,3
prefuzz,enron_full_057321,text,2,3,0,7,0,0,0
prefuzz,enron_full_057826,text,2,3,0,7,0,0,0
prefuzz,enron_full_058046,text,2,128,1,7,7,7,1
prefuzz,enron_full_058254,text,2,120,1,7,7,7,1
prefuzz,enron_full_058415,text,2,3,0,7,0,0,0
prefuzz,enron_full_059797,text,2,896,56,7,7,392,56
prefuzz,enron_full_060370,text,2,166,4,7,7,28,4
prefuzz,enron_full_060846,text,2,122,1,7,7,7,1
prefuzz,enron_full_062151,text,2,136,2,7,7,14,2
prefuzz,enron_full_062439,text,2,121,1,7,7,7,1
prefuzz,enron_full_063833,text,2,121,1,7,7,7,1
prefuzz,enron_full_063839,text,2,121,1,7,7,7,1
prefuzz,enron_full_064172,text,2,124,1,7,7,7,1
prefuzz,enron_full_064231,text,2,121,1,7,7,7,1
prefuzz,enron_full_064607,text,2,121,1,7,7,7,1
prefuzz,enron_full_065332,text,2,124,1,7,7,7,1
prefuzz,enron_full_065814,text,2,123,1,7,7,7,1
prefuzz,enron_full_066742,text,2,3,0,7,0,0,0
prefuzz,enron_full_067365,text,2,162,4,7,7,28,4
prefuzz,enron_full_067727,text,2,120,1,7,7,7,1
prefuzz,enron_full_067752,text,2,120,1,7,7,7,1
prefuzz,enron_full_068258,text,2,3,0,7,0,0,0
prefuzz,enron_full_068541,text,2,127,2,7,6,12,2
prefuzz,enron_full_068714,text,2,135,2,7,7,14,2
prefuzz,enron_full_068948,text,2,3,0,7,0,0,0
prefuzz,enron_full_069168,text,2,123,1,7,7,7,1
prefuzz,enron_full_069488,text,2,30,0,7,1,1,1
prefuzz,enron_full_070382,text,2,2,0,7,0,0,0
prefuzz,enron_full_071706,text,2,120,1,7,7,7,1
prefuzz,enron_full_071944,text,2,120,1,7,7,7,1
prefuzz,enron_full_072801,text,2,121,1,7,7,7,1
prefuzz,enron_full_073237,text,2,146,1,7,7,9,3
prefuzz,enron_full_075726,text,2,127,1,7,7,7,1
prefuzz,enron_full_076089,text,2,136,2,7,7,14,2
prefuzz,enron_full_078045,text,2,3,0,7,0,0,0
prefuzz,enron_full_078949,text,2,121,1,7,7,7,1
prefuzz,enron_full_080332,text,2,3,0,7,0,0,0
prefuzz,enron_full_080731,text,2,144,1,7,7,13,3
prefuzz,enron_full_081565,text,2,122,1,7,7,7,1
prefuzz,enron_full_081601,text,2,120,1,7,7,7,1
prefuzz,enron_full_081707,text,2,121,1,7,7,7,1
prefuzz,enron_full_082681,text,2,3,0,7,0,0,0
prefuzz,enron_full_085442,text,2,136,2,7,7,14,2
prefuzz,enron_full_085751,text,2,154,3,7,7,21,3
prefuzz,enron_full_086327,text,2,45,0,7,2,2,1
prefuzz,enron_full_087697,text,2,3,0,7,0,0,0
prefuzz,enron_full_088138,text,2,121,1,7,7,7,1
prefuzz,enron_full_088307,text,2,121,1,7,7,7,1
prefuzz,enron_full_088336,text,2,120,1,7,7,7,1
prefuzz,enron_full_089344,text,2,134,2,7,7,14,2
prefuzz,enron_full_089451,text,2,135,2,7,7,14,2
prefuzz,enron_full_090248,text,2,148,3,7,7,21,3
prefuzz,enron_full_091044,text,2,142,2,7,7,14,2
prefuzz,enron_full_091307,text,2,10602,301,7,7,1873,843
prefuzz,enron_full_092251,text,2,5,0,7,0,0,0
prefuzz,enron_full_092316,text,2,3,0,7,0,0,0
prefuzz,enron_full_092765,text,2,3,0,7,0,0,0
prefuzz,enron_full_093576,text,2,3,0,7,0,0,0
prefuzz,enron_full_094577,text,2,206,6,7,7,43,7
prefuzz,enron_full_094590,text,2,3,0,7,0,0,0
prefuzz,enron_full_094757,text,2,2,0,7,0,0,0
prefuzz,enron_full_095403,text,2,255,12,7,7,84,12
prefuzz,enron_full_096327,text,2,109,1,7,7,7,1
prefuzz,enron_full_096329,text,2,121,2,7,7,14,2
prefuzz,enron_full_098210,text,2,368,22,7,7,154,22
prefuzz,enron_full_098535,text,2,369,22,7,7,154,22
prefuzz,enron_full_098599,text,2,861,63,7,7,441,63
prefuzz,enron_full_098973,text,2,1126,75,7,7,525,75
prefuzz,enron_full_099013,text,2,336,16,7,7,112,16
prefuzz,enron_full_099531,text,2,140,2,7,7,14,2
prefuzz,enron_full_100323,text,2,8359,2,7,7,1002,658
prefuzz,enron_full_100466,text,2,152,1,7,7,7,1
prefuzz,enron_full_101174,text,2,140,2,7,7,14,2
prefuzz,enron_full_101274,text,2,139,2,7,7,14,2
prefuzz,enron_full_102532,text,2,124,1,7,7,7,1
prefuzz,enron_full_102695,text,2,139,2,7,7,14,2
prefuzz,enron_full_102774,text,2,138,2,7,7,14,2
prefuzz,enron_full_103426,text,2,123,1,7,7,7,1
prefuzz,enron_full_103581,text,2,143,2,7,7,14,2
prefuzz,enron_full_104396,text,2,3,0,7,0,0,0
prefuzz,enron_full_104402,text,2,803,49,7,7,343,49
prefuzz,enron_full_104423,text,2,3,0,7,0,0,0
prefuzz,enron_full_104598,text,2,1093,70,7,7,490,70
prefuzz,enron_full_105565,text,2,134,1,7,7,7,1
prefuzz,enron_full_105930,text,2,123,1,7,7,7,1
prefuzz,enron_full_106126,text,2,152,3,7,7,21,3
prefuzz,enron_full_106135,text,2,138,2,7,7,14,2
prefuzz,enron_full_108529,text,2,137,2,7,7,14,2
prefuzz,enron_full_108654,text,2,487,27,7,7,189,27
prefuzz,enron_full_108933,text,2,174,2,7,7,17,5
prefuzz,enron_full_108996,text,2,137,2,7,7,14,2
prefuzz,enron_full_109605,text,2,138,2,7,7,14,2
prefuzz,enron_full_110370,text,2,122,1,7,7,7,1
prefuzz,enron_full_111197,text,2,3,0,7,0,0,0
prefuzz,enron_full_111665,text,2,142,2,7,7,14,2
prefuzz,enron_full_111904,text,2,138,3,7,7,21,3
prefuzz,enron_full_112694,text,2,106,1,7,7,7,1
prefuzz,enron_full_113971,text,2,217,8,7,7,56,8
prefuzz,enron_full_114650,text,2,123,1,7,7,7,1
prefuzz,enron_full_115626,text,2,3,0,7,0,0,0
prefuzz,enron_full_116065,text,2,149,3,7,7,21,3
prefuzz,enron_full_116692,text,2,122,1,7,7,7,1
prefuzz,enron_full_117087,text,2,134,2,7,7,14,2
prefuzz,enron_full_117441,text,2,153,3,7,7,21,3
prefuzz,enron_full_117988,text,2,153,3,7,7,21,3
prefuzz,enron_full_118247,text,2,115,2,7,7,14,2
prefuzz,enron_full_118573,text,2,104,1,7,7,7,1
prefuzz,enron_full_119068,text,2,115,2,7,7,14,2
prefuzz,enron_full_119674,text,2,3,0,7,0,0,0
prefuzz,enron_full_119896,text,2,58,0,7,1,4,4
prefuzz,enron_full_120534,text,2,130,3,7,7,21,3
prefuzz,enron_full_120641,text,2,103,1,7,7,7,1
prefuzz,enron_full_120822,text,2,128,3,7,7,21,3
prefuzz,enron_full_121175,text,2,122,1,7,7,8,2
prefuzz,enron_full_122290,text,2,2,0,7,0,0,0
prefuzz,enron_full_122402,text,2,2,0,7,0,0,0
prefuzz,enron_full_123831,text,2,130,3,7,7,21,3
prefuzz,enron_full_124264,text,2,117,2,7,7,14,2
prefuzz,enron_full_124451,text,2,129,3,7,7,21,3
prefuzz,enron_full_126518,text,2,139,4,7,7,28,4
prefuzz,enron_full_128013,text,2,2,0,7,0,0,0
prefuzz,enron_full_128290,text,2,2,0,7,0,0,0
prefuzz,enron_full_128461,text,2,117,2,7,7,14,2
prefuzz,enron_full_129750,text,2,128,3,7,7,21,3
prefuzz,enron_full_129922,text,2,282,12,7,7,84,12
prefuzz,enron_full_129965,text,2,121,1,7,7,7,1
prefuzz,enron_full_130406,text,2,154,1,7,7,10,4
prefuzz,enron_full_130557,text,2,134,2,7,7,14,2
prefuzz,enron_full_130818,text,2,134,2,7,7,14,2
prefuzz,enron_full_131990,text,2,136,2,7,7,14,2
prefuzz,enron_full_132971,text,2,120,1,7,7,7,1
prefuzz,enron_full_133588,text,2,177,2,7,7,17,5
prefuzz,enron_full_133819,text,2,147,3,7,7,21,3
prefuzz,enron_full_134727,text,2,3,0,7,0,0,0
prefuzz,enron_full_136330,text,2,136,2,7,7,14,2
prefuzz,enron_full_137531,text,2,147,3,7,7,21,3
prefuzz,enron_full_137711,text,2,135,2,7,7,14,2
prefuzz,enron_full_139013,text,2,3,0,7,0,0,0
prefuzz,enron_full_139188,text,2,217,8,7,7,56,8
prefuzz,enron_full_139197,text,2,159,5,7,7,35,5
prefuzz,enron_full_139486,text,2,144,2,7,7,14,2
prefuzz,enron_full_140225,text,2,111,0,7,2,6,6
prefuzz,enron_full_140420,text,2,323,15,7,7,105,15
prefuzz,enron_full_140552,text,2,121,2,7,7,14,2
prefuzz,enron_full_140885,text,2,107,1,7,7,7,1
prefuzz,enron_full_141161,text,2,2,0,7,0,0,0
prefuzz,enron_full_141985,text,2,384,23,7,7,161,23
prefuzz,enron_full_142230,text,2,106,1,7,7,7,1
prefuzz,enron_full_142612,text,2,119,2,7,7,14,2
prefuzz,enron_full_143076,text,2,117,2,7,7,14,2
prefuzz,enron_full_144720,text,2,37,0,7,1,2,2
prefuzz,enron_full_144759,text,2,2,0,7,0,0,0
prefuzz,enron_full_145061,text,2,131,3,7,7,21,3
prefuzz,enron_full_146696,text,2,117,2,7,7,14,2
prefuzz,enron_full_148007,text,2,161,2,7,7,14,2
prefuzz,enron_full_148315,text,2,162,4,7,7,28,4
prefuzz,enron_full_148338,text,2,161,4,7,7,28,4
prefuzz,enron_full_149174,text,2,120,1,7,7,7,1
prefuzz,enron_full_149842,text,2,182,2,7,7,18,6
prefuzz,enron_full_150562,text,2,134,2,7,7,14,2
prefuzz,enron_full_151773,text,2,3,0,7,0,0,0
prefuzz,enron_full_152307,text,2,126,1,7,7,7,1
prefuzz,enron_full_152987,text,2,122,1,7,7,7,1
prefuzz,enron_full_153167,text,2,345,1,7,7,28,19
prefuzz,enron_full_154125,text,2,31,0,7,1,1,1
prefuzz,enron_full_154648,text,2,2,0,7,0,0,0
prefuzz,enron_full_155829,text,2,120,1,7,7,7,1
prefuzz,enron_full_156626,text,2,121,1,7,7,7,1
prefuzz,enron_full_156811,text,2,223,8,7,7,56,8
prefuzz,enron_full_158640,text,2,143,1,7,7,7,1
prefuzz,enron_full_159222,text,2,135,2,7,7,14,2
prefuzz,enron_full_159570,text,2,134,2,7,7,14,2
prefuzz,enron_full_159687,text,2,163,4,7,7,28,4
prefuzz,enron_full_161067,text,2,121,1,7,7,7,1
prefuzz,enron_full_161301,text,2,134,2,7,7,14,2
prefuzz,enron_full_161404,text,2,167,4,7,7,28,4
prefuzz,enron_full_161839,text,2,3,0,7,0,0,0
prefuzz,enron_full_162338,text,2,135,2,7,7,14,2
prefuzz,enron_full_163700,text,2,3,0,7,0,0,0
prefuzz,enron_full_163994,text,2,120,1,7,7,7,1
prefuzz,enron_full_164128,text,2,30,0,7,1,1,1
prefuzz,enron_full_164251,text,2,149,3,7,7,21,3
prefuzz,enron_full_164751,text,2,3,0,7,0,0,0
prefuzz,enron_full_164805,text,2,3,0,7,0,0,0
prefuzz,enron_full_165550,text,2,3,0,7,0,0,0
prefuzz,enron_full_165951,text,2,605,35,7,7,245,35
prefuzz,enron_full_167260,text,2,754,2,7,7,83,52
prefuzz,enron_full_168469,text,2,230,8,7,7,56,8
prefuzz,enron_full_168971,text,2,135,2,7,7,14,2
prefuzz,enron_full_170176,text,2,3,0,7,0,0,0
prefuzz,enron_full_170711,text,2,253,9,7,7,64,10
prefuzz,enron_full_170765,text,2,270,11,7,7,77,11
prefuzz,enron_full_170860,text,2,3,0,7,0,0,0
prefuzz,enron_full_171509,text,2,148,3,7,7,21,3
prefuzz,enron_full_171797,text,2,3,0,7,0,0,0
prefuzz,enron_full_172609,text,2,3,0,7,0,0,0
prefuzz,enron_full_174436,text,2,153,2,7,7,15,3
prefuzz,enron_full_174861,text,2,120,1,7,7,7,1
prefuzz,enron_full_175011,text,2,3,0,7,0,0,0
prefuzz,enron_full_176124,text,2,120,1,7,7,7,1
prefuzz,enron_full_176753,text,2,121,1,7,7,7,1
prefuzz,enron_full_178212,text,2,120,1,7,7,7,1
prefuzz,enron_full_178550,text,2,120,1,7,7,7,1
prefuzz,enron_full_179413,text,2,120,1,7,7,7,1
prefuzz,enron_full_179791,text,2,121,1,7,7,7,1
prefuzz,enron_full_180640,text,2,126,1,7,7,7,1
prefuzz,enron_full_181037,text,2,233,9,7,7,63,9
prefuzz,enron_full_181456,text,2,870,53,7,7,344,55
prefuzz,enron_full_181872,text,2,123,1,7,7,7,1
prefuzz,enron_full_181885,text,2,120,1,7,7,7,1
prefuzz,enron_full_182915,text,2,120,1,7,7,7,1
prefuzz,enron_full_182942,text,2,121,1,7,7,7,1
prefuzz,enron_full_183169,text,2,122,1,7,7,7,1
prefuzz,enron_full_183297,text,2,118,1,7,7,7,1
prefuzz,enron_full_183379,text,2,127,1,7,7,7,1
prefuzz,enron_full_183388,text,2,120,1,7,7,7,1
prefuzz,enron_full_183934,text,2,120,1,7,7,7,1
prefuzz,enron_full_184508,text,2,121,1,7,7,7,1
prefuzz,enron_full_185731,text,2,3,0,7,0,0,0
prefuzz,enron_full_186258,text,2,120,1,7,7,7,1
prefuzz,enron_full_186778,text,2,120,1,7,7,7,1
prefuzz,enron_full_187181,text,2,120,1,7,7,7,1
prefuzz,enron_full_187432,text,2,120,1,7,7,7,1
prefuzz,enron_full_187706,text,2,119,1,7,7,7,1
prefuzz,enron_full_188453,text,2,121,1,7,7,7,1
prefuzz,enron_full_189842,text,2,120,1,7,7,7,1
prefuzz,enron_full_189980,text,2,135,2,7,7,14,2
prefuzz,enron_full_191466,text,2,119,1,7,7,7,1
prefuzz,enron_full_191744,text,2,43,0,7,1,2,2
prefuzz,enron_full_191882,text,2,119,1,7,7,7,1
prefuzz,enron_full_193162,text,2,147,3,7,7,21,3
prefuzz,enron_full_195402,text,2,122,1,7,7,7,1
prefuzz,enron_full_195600,text,2,965,1,7,7,83,70
prefuzz,enron_full_195759,text,2,128,1,7,7,7,1
prefuzz,enron_full_196134,text,2,122,1,7,7,7,1
prefuzz,enron_full_197175,text,2,144,1,7,7,9,3
prefuzz,enron_full_197216,text,2,120,1,7,7,7,1
prefuzz,enron_full_197678,text,2,123,1,7,7,7,1
prefuzz,enron_full_198102,text,2,121,1,7,7,7,1
prefuzz,enron_full_198996,text,2,137,2,7,7,14,2
prefuzz,enron_full_200327,text,2,151,3,7,7,21,3
prefuzz,enron_full_200476,text,2,155,2,7,7,14,2
prefuzz,enron_full_201608,text,2,155,3,7,7,21,3
prefuzz,enron_full_202547,text,2,136,2,7,7,14,2
prefuzz,enron_full_202611,text,2,3,0,7,0,0,0
prefuzz,enron_full_203046,text,2,119,1,7,7,7,1
prefuzz,enron_full_204937,text,2,171,3,7,7,23,5
prefuzz,enron_full_205754,text,2,152,3,7,7,21,3
prefuzz,enron_full_205846,text,2,140,2,7,7,14,2
prefuzz,enron_full_206132,text,2,134,2,7,7,14,2
prefuzz,enron_full_206426,text,2,121,1,7,7,7,1
prefuzz,enron_full_206631,text,2,3,0,7,0,0,0
prefuzz,enron_full_206780,text,2,135,2,7,7,14,2
prefuzz,enron_full_207863,text,2,120,1,7,7,7,1
prefuzz,enron_full_208242,text,2,134,2,7,7,14,2
prefuzz,enron_full_208362,text,2,133,2,7,7,14,2
prefuzz,enron_full_209030,text,2,148,3,7,7,21,3
prefuzz,enron_full_209358,text,2,154,3,7,7,21,3
prefuzz,enron_full_209479,text,2,158,3,7,7,21,3
prefuzz,enron_full_209859,text,2,183,2,7,7,26,8
prefuzz,enron_full_209958,text,2,106,1,7,7,7,1
prefuzz,enron_full_210032,text,2,51,2,7,2,4,2
prefuzz,enron_full_210772,text,2,118,2,7,7,14,2
prefuzz,enron_full_211094,text,2,3,0,7,0,0,0
prefuzz,enron_full_211389,text,2,140,4,7,7,25,4
prefuzz,enron_full_211892,text,2,3,0,7,0,0,0
prefuzz,enron_full_211966,text,2,2,0,7,0,0,0
prefuzz,enron_full_212202,text,2,2,0,7,0,0,0
prefuzz,enron_full_213178,text,2,2,0,7,0,0,0
prefuzz,enron_full_214684,text,2,132,2,7,7,14,2
prefuzz,enron_full_214861,text,2,117,2,7,7,14,2
prefuzz,enron_full_214866,text,2,214,10,7,7,70,10
prefuzz,enron_full_214883,text,2,136,1,7,7,10,4
prefuzz,enron_full_215380,text,2,115,2,7,7,14,2
prefuzz,enron_full_215696,text,2,155,3,7,7,21,3
prefuzz,enron_full_216853,text,2,163,4,7,7,28,4
prefuzz,enron_full_218707,text,2,128,1,7,7,7,1
prefuzz,enron_full_219044,text,2,156,2,7,7,14,2
prefuzz,enron_full_219142,text,2,120,1,7,7,7,1
prefuzz,enron_full_219243,text,2,135,2,7,7,14,2
prefuzz,enron_full_219501,text,2,30,0,7,1,1,1
prefuzz,enron_full_219509,text,2,30,0,7,1,1,1
prefuzz,enron_full_219658,text,2,3,0,7,0,0,0
prefuzz,enron_full_220234,text,2,150,3,7,7,21,3
prefuzz,enron_full_220556,text,2,136,2,7,7,14,2
prefuzz,enron_full_221304,text,2,150,3,7,7,21,3
prefuzz,enron_full_223253,text,2,187,5,7,7,35,5
prefuzz,enron_full_223630,text,2,135,2,7,7,14,2
prefuzz,enron_full_223933,text,2,151,3,7,7,21,3
prefuzz,enron_full_224076,text,2,136,2,7,7,14,2
prefuzz,enron_full_224176,text,2,150,3,7,7,21,3
prefuzz,enron_full_224421,text,2,167,4,7,7,28,4
prefuzz,enron_full_226002,text,2,3,0,7,0,0,0
prefuzz,enron_full_226675,text,2,143,2,7,7,14,2
prefuzz,enron_full_227135,text,2,135,2,7,7,14,2
prefuzz,enron_full_227290,text,2,3,0,7,0,0,0
prefuzz,enron_full_227315,text,2,122,1,7,7,7,1
prefuzz,enron_full_227317,text,2,136,2,7,7,14,2
prefuzz,enron_full_227401,text,2,153,3,7,7,21,3
prefuzz,enron_full_227576,text,2,166,4,7,7,28,4
prefuzz,enron_full_228518,text,2,163,4,7,7,28,4
prefuzz,enron_full_228640,text,2,169,4,7,7,28,4
prefuzz,enron_full_229065,text,2,150,3,7,7,21,3
prefuzz,enron_full_229125,text,2,149,3,7,7,21,3
prefuzz,enron_full_230449,text,2,210,7,7,7,49,7
prefuzz,enron_full_230615,text,2,165,4,7,7,28,4
prefuzz,enron_full_231206,text,2,135,2,7,7,14,2
prefuzz,enron_full_232509,text,2,143,2,7,7,14,2
prefuzz,enron_full_232529,text,2,574,33,7,7,231,33
prefuzz,enron_full_232592,text,2,179,5,7,7,35,5
prefuzz,enron_full_232830,text,2,184,5,7,7,35,5
prefuzz,enron_full_232998,text,2,165,4,7,7,28,4
prefuzz,enron_full_233012,text,2,177,5,7,7,35,5
prefuzz,enron_full_233273,text,2,163,4,7,7,28,4
prefuzz,enron_full_233711,text,2,177,5,7,7,35,5
prefuzz,enron_full_233845,text,2,149,3,7,7,21,3
prefuzz,enron_full_234397,text,2,218,7,7,7,49,7
prefuzz,enron_full_235427,text,2,151,3,7,7,21,3
prefuzz,enron_full_237126,text,2,164,4,7,7,28,4
prefuzz,enron_full_238037,text,2,206,7,7,7,49,7
prefuzz,enron_full_238970,text,2,164,4,7,7,28,4
prefuzz,enron_full_239927,text,2,178,5,7,7,35,5
prefuzz,enron_full_240437,text,2,140,2,7,7,14,2
prefuzz,enron_full_240888,text,2,1713,23,7,7,287,126
prefuzz,enron_full_241204,text,2,1748,119,7,7,833,119
prefuzz,enron_full_242121,text,2,182,7,7,7,49,7
prefuzz,enron_full_242149,text,2,142,4,7,7,28,4
prefuzz,enron_full_242702,text,2,136,3,7,7,21,3
prefuzz,enron_full_242763,text,2,154,5,7,7,35,5
prefuzz,enron_full_243198,text,2,131,3,7,7,21,3
prefuzz,enron_full_243425,text,2,154,5,7,7,35,5
prefuzz,enron_full_244168,text,2,141,4,7,7,28,4
prefuzz,enron_full_244538,text,2,156,4,7,7,28,4
prefuzz,enron_full_244857,text,2,148,3,7,7,21,3
prefuzz,enron_full_244901,text,2,168,4,7,7,28,4
prefuzz,enron_full_244915,text,2,174,5,7,7,35,5
prefuzz,enron_full_245469,text,2,175,5,7,7,35,5
prefuzz,enron_full_246185,text,2,163,4,7,7,28,4
prefuzz,enron_full_246287,text,2,160,4,7,7,28,4
prefuzz,enron_full_246288,text,2,204,7,7,7,49,7
prefuzz,enron_full_246340,text,2,139,2,7,7,14,2
prefuzz,enron_full_246689,text,2,174,5,7,7,35,5
prefuzz,enron_full_246896,text,2,165,4,7,7,28,4
prefuzz,enron_full_247095,text,2,148,3,7,7,21,3
prefuzz,enron_full_247286,text,2,147,3,7,7,21,3
prefuzz,enron_full_247295,text,2,133,2,7,7,14,2
prefuzz,enron_full_247605,text,2,140,2,7,7,14,2
prefuzz,enron_full_247963,text,2,149,3,7,7,21,3
prefuzz,enron_full_248460,text,2,134,2,7,7,14,2
prefuzz,enron_full_248776,text,2,175,5,7,7,35,5
prefuzz,enron_full_249257,text,2,3,0,7,0,0,0
prefuzz,enron_full_250519,text,2,147,3,7,7,21,3
prefuzz,enron_full_250725,text,2,134,2,7,7,14,2
prefuzz,enron_full_252462,text,2,3,0,7,0,0,0
prefuzz,enron_full_253509,text,2,3,0,7,0,0,0
prefuzz,enron_full_253676,text,2,251,10,7,7,70,10
prefuzz,enron_full_253776,text,2,414,22,7,7,154,22
prefuzz,enron_full_253875,text,2,779,12,7,7,133,52
prefuzz,enron_full_254022,text,2,1243,78,7,7,549,81
prefuzz,enron_full_254732,text,2,542,31,7,7,217,31
prefuzz,enron_full_254813,text,2,146,1,7,7,7,1
prefuzz,enron_full_254930,text,2,3,0,7,0,0,0
prefuzz,enron_full_256359,text,2,3,0,7,0,0,0
prefuzz,enron_full_256719,text,2,3,0,7,0,0,0
prefuzz,enron_full_257223,text,2,3,0,7,0,0,0
prefuzz,enron_full_257476,text,2,3,0,7,0,0,0
prefuzz,enron_full_257526,text,2,3,0,7,0,0,0
prefuzz,enron_full_258106,text,2,3,0,7,0,0,0
prefuzz,enron_full_258436,text,2,3,0,7,0,0,0
prefuzz,enron_full_259050,text,2,136,2,7,7,14,2
prefuzz,enron_full_259076,text,2,3,0,7,0,0,0
prefuzz,enron_full_259321,text,2,121,1,7,7,7,1
prefuzz,enron_full_260192,text,2,162,4,7,7,28,4
prefuzz,enron_full_261884,text,2,3,0,7,0,0,0
prefuzz,enron_full_262514,text,2,994,63,7,7,441,63
prefuzz,enron_full_262785,text,2,3,0,7,0,0,0
prefuzz,enron_full_263240,text,2,138,2,7,7,14,2
prefuzz,enron_full_264723,text,2,3,0,7,0,0,0
prefuzz,enron_full_265023,text,2,177,5,7,7,35,5
prefuzz,enron_full_265448,text,2,646,38,7,7,266,38
prefuzz,enron_full_265746,text,2,165,4,7,7,28,4
prefuzz,enron_full_265774,text,2,450,8,7,7,80,26
prefuzz,enron_full_266026,text,2,123,1,7,7,7,1
prefuzz,enron_full_266097,text,2,3,0,7,0,0,0
prefuzz,enron_full_267067,text,2,140,2,7,7,14,2
prefuzz,enron_full_267198,text,2,134,2,7,7,14,2
prefuzz,enron_full_268981,text,2,136,2,7,7,14,2
prefuzz,enron_full_269702,text,2,1437,0,7,6,116,113
prefuzz,enron_full_270257,text,2,599,0,7,5,48,48
prefuzz,enron_full_270526,text,2,118,2,7,7,14,2
prefuzz,enron_full_271097,text,2,124,2,7,7,14,2
prefuzz,enron_full_271232,text,2,117,2,7,7,14,2
prefuzz,enron_full_272570,text,2,2,0,7,0,0,0
prefuzz,enron_full_273248,text,2,166,6,7,7,42,6
prefuzz,enron_full_273363,text,2,179,7,7,7,49,7
prefuzz,enron_full_273791,text,2,120,2,7,7,14,2
prefuzz,enron_full_273820,text,2,103,1,7,7,7,1
prefuzz,enron_full_273961,text,2,105,1,7,7,7,1
prefuzz,enron_full_274206,text,2,104,1,7,7,7,1
prefuzz,enron_full_274561,text,2,109,1,7,7,7,1
prefuzz,enron_full_274757,text,2,117,2,7,7,14,2
prefuzz,enron_full_274786,text,2,2,0,7,0,0,0
prefuzz,enron_full_275183,text,2,3,0,7,0,0,0
prefuzz,enron_full_275570,text,2,105,1,7,7,7,1
prefuzz,enron_full_276028,text,2,2,0,7,0,0,0
prefuzz,enron_full_276324,text,2,105,1,7,7,7,1
prefuzz,enron_full_276342,text,2,128,3,7,7,21,3
prefuzz,enron_full_277439,text,2,2,0,7,0,0,0
prefuzz,enron_full_277990,text,2,115,1,7,7,7,1
prefuzz,enron_full_278811,text,2,110,2,7,7,14,2
prefuzz,enron_full_279563,text,2,120,3,7,7,21,3
prefuzz,enron_full_279751,text,2,376,21,7,7,147,21
prefuzz,enron_full_280423,text,2,3,0,7,0,0,0
prefuzz,enron_full_280603,text,2,2,0,7,0,0,0
prefuzz,enron_full_281547,text,2,3,0,7,0,0,0
prefuzz,enron_full_282395,text,2,119,2,7,7,14,2
prefuzz,enron_full_283356,text,2,183,7,7,7,49,7
prefuzz,enron_full_283839,text,2,187,7,7,7,49,7
prefuzz,enron_full_283868,text,2,179,7,7,7,49,7
prefuzz,enron_full_284197,text,2,455,29,7,7,203,29
prefuzz,enron_full_284956,text,2,109,1,7,7,7,1
prefuzz,enron_full_285559,text,2,119,2,7,7,14,2
prefuzz,enron_full_286024,text,2,143,4,7,7,28,4
prefuzz,enron_full_286036,text,2,154,5,7,7,35,5
prefuzz,enron_full_286164,text,2,149,4,7,7,28,4
prefuzz,enron_full_286899,text,2,106,1,7,7,7,1
prefuzz,enron_full_287012,text,2,3,0,7,0,0,0
prefuzz,enron_full_287512,text,2,118,2,7,7,14,2
prefuzz,enron_full_287655,text,2,118,2,7,7,14,2
prefuzz,enron_full_287736,text,2,142,4,7,7,28,4
prefuzz,enron_full_287760,text,2,118,2,7,7,14,2
prefuzz,enron_full_287778,text,2,193,8,7,7,56,8
prefuzz,enron_full_288938,text,2,194,6,7,7,42,6
prefuzz,enron_full_289243,text,2,3,0,7,0,0,0
prefuzz,enron_full_291054,text,2,3,0,7,0,0,0
prefuzz,enron_full_291275,text,2,2,0,7,0,0,0
prefuzz,enron_full_291375,text,2,3,0,7,0,0,0
prefuzz,enron_full_291790,text,2,135,2,7,7,14,2
prefuzz,enron_full_292561,text,2,134,2,7,7,14,2
prefuzz,enron_full_292656,text,2,133,2,7,7,14,2
prefuzz,enron_full_293066,text,2,134,2,7,7,14,2
prefuzz,enron_full_293083,text,2,147,3,7,7,21,3
prefuzz,enron_full_293619,text,2,136,2,7,7,14,2
prefuzz,enron_full_293948,text,2,46,0,7,2,2,1
prefuzz,enron_full_293985,text,2,139,2,7,7,14,2
prefuzz,enron_full_295023,text,2,134,2,7,7,14,2
prefuzz,enron_full_295246,text,2,167,0,7,2,11,11
prefuzz,enron_full_296957,text,2,2,0,7,0,0,0
prefuzz,enron_full_298392,text,2,3,0,7,0,0,0
prefuzz,enron_full_298764,text,2,2,0,7,0,0,0
prefuzz,enron_full_299033,text,2,3,0,7,0,0,0
prefuzz,enron_full_299289,text,2,165,4,7,7,28,4
prefuzz,enron_full_299345,text,2,121,1,7,7,7,1
prefuzz,enron_full_299690,text,2,134,2,7,7,14,2
prefuzz,enron_full_300310,text,2,140,2,7,7,14,2
prefuzz,enron_full_300702,text,2,160,3,7,7,21,3
prefuzz,enron_full_301521,text,2,121,2,7,7,14,2
prefuzz,enron_full_301926,text,2,117,2,7,7,14,2
prefuzz,enron_full_302529,text,2,116,2,7,7,14,2
prefuzz,enron_full_303527,text,2,129,3,7,7,21,3
prefuzz,enron_full_304134,text,2,117,2,7,7,14,2
prefuzz,enron_full_304324,text,2,105,1,7,7,7,1
prefuzz,enron_full_305112,text,2,134,3,7,7,21,3
prefuzz,enron_full_305491,text,2,117,2,7,7,14,2
prefuzz,enron_full_305595,text,2,137,2,7,7,14,2
prefuzz,enron_full_306022,text,2,120,1,7,7,7,1
prefuzz,enron_full_306282,text,2,3821,264,7,7,1848,264
prefuzz,enron_full_306838,text,2,163,3,7,7,21,3
prefuzz,enron_full_306879,text,2,136,2,7,7,14,2
prefuzz,enron_full_307066,text,2,135,2,7,7,14,2
prefuzz,enron_full_307536,text,2,136,2,7,7,14,2
prefuzz,enron_full_307959,text,2,121,1,7,7,7,1
prefuzz,enron_full_308283,text,2,140,2,7,7,14,2
prefuzz,enron_full_308504,text,2,137,2,7,7,14,2
prefuzz,enron_full_308666,text,2,149,3,7,7,21,3
prefuzz,enron_full_310049,text,2,205,2,7,7,14,2
prefuzz,enron_full_310050,text,2,152,2,7,7,14,2
prefuzz,enron_full_310056,text,2,136,2,7,7,14,2
prefuzz,enron_full_310895,text,2,123,1,7,7,7,1
prefuzz,enron_full_310913,text,2,131,1,7,7,7,1
prefuzz,enron_full_311017,text,2,124,1,7,7,7,1
prefuzz,enron_full_313090,text,2,149,3,7,7,21,3
prefuzz,enron_full_314206,text,2,120,1,7,7,7,1
prefuzz,enron_full_314362,text,2,149,3,7,7,21,3
prefuzz,enron_full_315231,text,2,136,2,7,7,14,2
prefuzz,enron_full_315279,text,2,151,3,7,7,21,3
prefuzz,enron_full_315623,text,2,161,3,7,7,21,3
prefuzz,enron_full_316006,text,2,208,2,7,7,25,8
prefuzz,enron_full_317192,text,2,162,1,7,7,10,4
prefuzz,enron_full_317451,text,2,120,1,7,7,7,1
prefuzz,enron_full_318133,text,2,150,3,7,7,21,3
prefuzz,enron_full_318207,text,2,151,3,7,7,21,3
prefuzz,enron_full_318845,text,2,133,1,7,7,7,1
prefuzz,enron_full_318909,text,2,121,1,7,7,7,1
prefuzz,enron_full_319080,text,2,134,2,7,7,14,2
prefuzz,enron_full_319320,text,2,149,3,7,7,21,3
prefuzz,enron_full_319952,text,2,148,3,7,7,21,3
prefuzz,enron_full_320564,text,2,121,1,7,7,7,1
prefuzz,enron_full_320626,text,2,121,1,7,7,7,1
prefuzz,enron_full_321445,text,2,145,2,7,7,14,2
prefuzz,enron_full_321807,text,2,150,3,7,7,21,3
prefuzz,enron_full_321918,text,2,134,2,7,7,14,2
prefuzz,enron_full_322149,text,2,148,3,7,7,21,3
prefuzz,enron_full_322706,text,2,135,2,7,7,14,2
prefuzz,enron_full_322737,text,2,135,2,7,7,14,2
prefuzz,enron_full_322757,text,2,148,3,7,7,21,3
prefuzz,enron_full_324000,text,2,542,30,7,7,210,30
prefuzz,enron_full_324353,text,2,32,0,7,1,1,1
prefuzz,enron_full_325002,text,2,137,2,7,7,14,2
prefuzz,enron_full_325131,text,2,187,3,7,7,24,6
prefuzz,enron_full_325547,text,2,121,1,7,7,7,1
prefuzz,enron_full_326276,text,2,142,2,7,7,14,2
prefuzz,enron_full_326406,text,2,121,1,7,7,7,1
prefuzz,enron_full_326699,text,2,135,2,7,7,14,2
prefuzz,enron_full_326891,text,2,148,3,7,7,21,3
prefuzz,enron_full_327398,text,2,134,2,7,7,14,2
prefuzz,enron_full_327734,text,2,122,1,7,7,7,1
prefuzz,enron_full_330743,text,2,135,2,7,7,14,2
prefuzz,enron_full_330847,text,2,287,2,7,7,30,14
prefuzz,enron_full_331065,text,2,3,0,7,0,0,0
prefuzz,enron_full_331235,text,2,179,5,7,7,35,5
prefuzz,enron_full_331309,text,2,3,0,7,0,0,0
prefuzz,enron_full_332147,text,2,3,0,7,0,0,0
prefuzz,enron_full_332523,text,2,135,2,7,7,14,2
prefuzz,enron_full_333276,text,2,120,1,7,7,7,1
prefuzz,enron_full_333308,text,2,134,2,7,7,14,2
prefuzz,enron_full_333309,text,2,134,2,7,7,14,2
prefuzz,enron_full_334798,text,2,3,0,7,0,0,0
prefuzz,enron_full_335428,text,2,160,3,7,7,21,3
prefuzz,enron_full_335498,text,2,198,2,7,7,14,2
prefuzz,enron_full_335546,text,2,135,2,7,7,14,2
prefuzz,enron_full_335575,text,2,297,2,7,7,27,15
prefuzz,enron_full_335623,text,2,123,1,7,7,7,1
prefuzz,enron_full_335857,text,2,215,7,7,7,49,7
prefuzz,enron_full_335946,text,2,207,7,7,7,49,7
prefuzz,enron_full_336542,text,2,192,6,7,7,42,6
prefuzz,enron_full_337267,text,2,176,5,7,7,35,5
prefuzz,enron_full_337292,text,2,317,15,7,7,105,15
prefuzz,enron_full_337470,text,2,142,2,7,7,14,2
prefuzz,enron_full_339638,text,2,3,0,7,0,0,0
prefuzz,enron_full_340418,text,2,149,3,7,7,21,3
prefuzz,enron_full_340472,text,2,1422,94,7,7,658,94
prefuzz,enron_full_340761,text,2,126,1,7,7,7,1
prefuzz,enron_full_341249,text,2,137,2,7,7,14,2
prefuzz,enron_full_341362,text,2,199,6,7,7,42,6
prefuzz,enron_full_342301,text,2,122,1,7,7,7,1
prefuzz,enron_full_342735,text,2,149,3,7,7,21,3
prefuzz,enron_full_344191,text,2,122,1,7,7,7,1
prefuzz,enron_full_344335,text,2,123,1,7,7,7,1
prefuzz,enron_full_344645,text,2,2,0,7,0,0,0
prefuzz,enron_full_345595,text,2,121,1,7,7,7,1
prefuzz,enron_full_345814,text,2,121,1,7,7,7,1
prefuzz,enron_full_348142,text,2,120,1,7,7,7,1
prefuzz,enron_full_348438,text,2,9,0,7,0,0,0
prefuzz,enron_full_349353,text,2,3,0,7,0,0,0
prefuzz,enron_full_349483,text,2,3,0,7,0,0,0
prefuzz,enron_full_352068,text,2,3,0,7,0,0,0
prefuzz,enron_full_352183,text,2,121,1,7,7,7,1
prefuzz,enron_full_352410,text,2,193,6,7,7,42,6
prefuzz,enron_full_352552,text,2,3,0,7,0,0,0
prefuzz,enron_full_353158,text,2,134,1,7,7,10,2
prefuzz,enron_full_353883,text,2,3,0,7,0,0,0
prefuzz,enron_full_354290,text,2,86,0,7,3,4,3
prefuzz,enron_full_355229,text,2,3,0,7,0,0,0
prefuzz,enron_full_355694,text,2,121,1,7,7,7,1
prefuzz,enron_full_355895,text,2,3,0,7,0,0,0
prefuzz,enron_full_356569,text,2,2,0,7,0,0,0
prefuzz,enron_full_356908,text,2,120,1,7,7,7,1
prefuzz,enron_full_356976,text,2,45,0,7,2,2,1
prefuzz,enron_full_358597,text,2,3,0,7,0,0,0
prefuzz,enron_full_358915,text,2,3,0,7,0,0,0
prefuzz,enron_full_360085,text,2,130,1,7,7,7,1
prefuzz,enron_full_360983,text,2,122,1,7,7,7,1
prefuzz,enron_full_362389,text,2,142,1,7,7,7,1
prefuzz,enron_full_363120,text,2,228,8,7,7,56,8
prefuzz,enron_full_363607,text,2,3,0,7,0,0,0
prefuzz,enron_full_363846,text,2,3,0,7,0,0,0
prefuzz,enron_full_363876,text,2,183,5,7,7,35,5
prefuzz,enron_full_364025,text,2,3,0,7,0,0,0
prefuzz,enron_full_364586,text,2,743,39,7,7,273,39
prefuzz,enron_full_365105,text,2,4,0,7,0,0,0
prefuzz,enron_full_365478,text,2,3,0,7,0,0,0
prefuzz,enron_full_365497,text,2,142,2,7,7,14,2
prefuzz,enron_full_365509,text,2,151,3,7,7,21,3
prefuzz,enron_full_365947,text,2,3,0,7,0,0,0
prefuzz,enron_full_366510,text,2,159,1,7,7,7,1
prefuzz,enron_full_366895,text,2,137,1,7,7,7,1
prefuzz,enron_full_367052,text,2,3,0,7,0,0,0
prefuzz,enron_full_367129,text,2,3,0,7,0,0,0
prefuzz,enron_full_367319,text,2,3,0,7,0,0,0
prefuzz,enron_full_367765,text,2,121,1,7,7,7,1
prefuzz,enron_full_367912,text,2,3,0,7,0,0,0
prefuzz,enron_full_368156,text,2,3,0,7,0,0,0
prefuzz,enron_full_368318,text,2,3,0,7,0,0,0
prefuzz,enron_full_369168,text,2,122,1,7,7,7,1
prefuzz,enron_full_369419,text,2,194,6,7,7,42,6
prefuzz,enron_full_370439,text,2,712,39,7,7,273,39
prefuzz,enron_full_371121,text,2,4,0,7,0,0,0
prefuzz,enron_full_373728,text,2,123,1,7,7,7,1
prefuzz,enron_full_373978,text,2,139,2,7,7,14,2
prefuzz,enron_full_374719,text,2,121,1,7,7,7,1
prefuzz,enron_full_374736,text,2,149,3,7,7,21,3
prefuzz,enron_full_375606,text,2,223,8,7,7,56,8
prefuzz,enron_full_376013,text,2,151,3,7,7,21,3
prefuzz,enron_full_376710,text,2,135,2,7,7,14,2
prefuzz,enron_full_377221,text,2,122,1,7,7,7,1
prefuzz,enron_full_377377,text,2,120,1,7,7,7,1
prefuzz,enron_full_378712,text,2,135,2,7,7,14,2
prefuzz,enron_full_378826,text,2,135,2,7,7,14,2
prefuzz,enron_full_379382,text,2,164,4,7,7,28,4
prefuzz,enron_full_379515,text,2,155,3,7,7,21,3
prefuzz,enron_full_380183,text,2,706,43,7,7,301,43
prefuzz,enron_full_380419,text,2,137,2,7,7,14,2
prefuzz,enron_full_380667,text,2,179,2,7,7,14,2
prefuzz,enron_full_381275,text,2,291,9,7,7,66,12
prefuzz,enron_full_381430,text,2,121,1,7,7,7,1
prefuzz,enron_full_381540,text,2,149,3,7,7,21,3
prefuzz,enron_full_381912,text,2,122,1,7,7,7,1
prefuzz,enron_full_382401,text,2,3,0,7,0,0,0
prefuzz,enron_full_382476,text,2,135,2,7,7,14,2
prefuzz,enron_full_382877,text,2,186,5,7,7,35,5
prefuzz,enron_full_384162,text,2,3,0,7,0,0,0
prefuzz,enron_full_384461,text,2,121,1,7,7,7,1
prefuzz,enron_full_384653,text,2,122,1,7,7,7,1
prefuzz,enron_full_384988,text,2,121,1,7,7,7,1
prefuzz,enron_full_385098,text,2,122,1,7,7,7,1
prefuzz,enron_full_385839,text,2,122,1,7,7,7,1
prefuzz,enron_full_386188,text,2,3,0,7,0,0,0
prefuzz,enron_full_386616,text,2,31,0,7,1,1,1
prefuzz,enron_full_386731,text,2,3,0,7,0,0,0
prefuzz,enron_full_387578,text,2,166,1,7,7,10,4
prefuzz,enron_full_387701,text,2,3,0,7,0,0,0
prefuzz,enron_full_387952,text,2,3,0,7,0,0,0
prefuzz,enron_full_388565,text,2,134,2,7,7,14,2
prefuzz,enron_full_388921,text,2,122,1,7,7,7,1
prefuzz,enron_full_390158,text,2,442,3,7,7,48,27
prefuzz,enron_full_391047,text,2,138,2,7,7,14,2
prefuzz,enron_full_391217,text,2,3,0,7,0,0,0
prefuzz,enron_full_391486,text,2,3,0,7,0,0,0
prefuzz,enron_full_391746,text,2,3,0,7,0,0,0
prefuzz,enron_full_392955,text,2,122,1,7,7,7,1
prefuzz,enron_full_393136,text,2,3,0,7,0,0,0
prefuzz,enron_full_393487,text,2,134,1,7,7,7,1
prefuzz,enron_full_394271,text,2,121,1,7,7,7,1
prefuzz,enron_full_394331,text,2,123,1,7,7,7,1
prefuzz,enron_full_394348,text,2,121,1,7,7,7,1
prefuzz,enron_full_394407,text,2,2,0,7,0,0,0
prefuzz,enron_full_395301,text,2,122,1,7,7,7,1
prefuzz,enron_full_395725,text,2,3,0,7,0,0,0
prefuzz,enron_full_396292,text,2,185,1,7,7,16,6
prefuzz,enron_full_396812,text,2,122,1,7,7,7,1
prefuzz,enron_full_397391,text,2,128,1,7,7,7,1
prefuzz,enron_full_397879,text,2,135,2,7,7,14,2
prefuzz,enron_full_398718,text,2,122,1,7,7,7,1
prefuzz,enron_full_399591,text,2,30,0,7,1,1,1
prefuzz,enron_full_399779,text,2,3,0,7,0,0,0
prefuzz,enron_full_399917,text,2,2,0,7,0,0,0
prefuzz,enron_full_400523,text,2,122,1,7,7,7,1
prefuzz,enron_full_401763,text,2,2,0,7,0,0,0
prefuzz,enron_full_401798,text,2,2,0,7,0,0,0
prefuzz,enron_full_402233,text,2,121,1,7,7,7,1
prefuzz,enron_full_402310,text,2,135,2,7,7,14,2
prefuzz,enron_full_403001,text,2,122,1,7,7,7,1
prefuzz,enron_full_403036,text,2,138,1,7,7,7,1
prefuzz,enron_full_403180,text,2,123,1,7,7,7,1
prefuzz,enron_full_404066,text,2,135,2,7,7,14,2
prefuzz,enron_full_405218,text,2,135,2,7,7,14,2
prefuzz,enron_full_405288,text,2,134,2,7,7,14,2
prefuzz,enron_full_405421,text,2,149,3,7,7,21,3
prefuzz,enron_full_406531,text,2,149,3,7,7,21,3
prefuzz,enron_full_407210,text,2,126,1,7,7,7,1
prefuzz,enron_full_407416,text,2,148,3,7,7,21,3
prefuzz,enron_full_407459,text,2,164,4,7,7,28,4
prefuzz,enron_full_407590,text,2,135,2,7,7,14,2
prefuzz,enron_full_407747,text,2,120,1,7,7,7,1
prefuzz,enron_full_408988,text,2,454,24,7,7,168,24
prefuzz,enron_full_409260,text,2,150,3,7,7,21,3
prefuzz,enron_full_409276,text,2,135,2,7,7,14,2
prefuzz,enron_full_409720,text,2,122,1,7,7,7,1
prefuzz,enron_full_409761,text,2,121,1,7,7,7,1
prefuzz,enron_full_410980,text,2,3,0,7,0,0,0
prefuzz,enron_full_411073,text,2,3,0,7,0,0,0
prefuzz,enron_full_411853,text,2,121,1,7,7,7,1
prefuzz,enron_full_412435,text,2,121,1,7,7,7,1
prefuzz,enron_full_412836,text,2,120,1,7,7,7,1
prefuzz,enron_full_414414,text,2,129,1,7,7,7,1
prefuzz,enron_full_414620,text,2,149,3,7,7,21,3
prefuzz,enron_full_414624,text,2,3,0,7,0,0,0
prefuzz,enron_full_415032,text,2,121,1,7,7,7,1
prefuzz,enron_full_415416,text,2,158,1,7,7,10,4
prefuzz,enron_full_415425,text,2,121,1,7,7,7,1
prefuzz,enron_full_415589,text,2,120,1,7,7,7,1
prefuzz,enron_full_416173,text,2,3,0,7,0,0,0
prefuzz,enron_full_416275,text,2,2,0,7,0,0,0
prefuzz,enron_full_417397,text,2,121,1,7,7,7,1
prefuzz,enron_full_418145,text,2,125,1,7,7,7,1
prefuzz,enron_full_418173,text,2,121,1,7,7,7,1
prefuzz,enron_full_418938,text,2,120,1,7,7,7,1
prefuzz,enron_full_419715,text,2,135,2,7,7,14,2
prefuzz,enron_full_419787,text,2,120,1,7,7,7,1
prefuzz,enron_full_419936,text,2,121,1,7,7,7,1
prefuzz,enron_full_419992,text,2,122,1,7,7,7,1
prefuzz,enron_full_420340,text,2,739,45,7,7,315,45
prefuzz,enron_full_420635,text,2,124,1,7,7,7,1
prefuzz,enron_full_421070,text,2,3,0,7,0,0,0
prefuzz,enron_full_421581,text,2,2,0,7,0,0,0
prefuzz,enron_full_421659,text,2,2,0,7,0,0,0
prefuzz,enron_full_422214,text,2,2,0,7,0,0,0
prefuzz,enron_full_422408,text,2,135,2,7,7,14,2
prefuzz,enron_full_423045,text,2,124,1,7,7,7,1
prefuzz,enron_full_423694,text,2,126,1,7,7,7,1
prefuzz,enron_full_423789,text,2,123,1,7,7,7,1
prefuzz,enron_full_424183,text,2,12089,437,7,7,3074,954
prefuzz,enron_full_424691,text,2,146,1,7,7,7,1
prefuzz,enron_full_425035,text,2,121,1,7,7,7,1
prefuzz,enron_full_425166,text,2,121,1,7,7,7,1
prefuzz,enron_full_425789,text,2,122,1,7,7,7,1
prefuzz,enron_full_426054,text,2,121,1,7,7,7,1
prefuzz,enron_full_426288,text,2,126,1,7,7,7,1
prefuzz,enron_full_427733,text,2,122,1,7,7,7,1
prefuzz,enron_full_428515,text,2,121,1,7,7,7,1
prefuzz,enron_full_428895,text,2,121,1,7,7,7,1
prefuzz,enron_full_429441,text,2,3,0,7,0,0,0
prefuzz,enron_full_429986,text,2,3,0,7,0,0,0
prefuzz,enron_full_430065,text,2,3,0,7,0,0,0
prefuzz,enron_full_430260,text,2,46,0,7,2,2,1
prefuzz,enron_full_430592,text,2,3,0,7,0,0,0
prefuzz,enron_full_431423,text,2,3,0,7,0,0,0
prefuzz,enron_full_432116,text,2,120,1,7,7,7,1
prefuzz,enron_full_432508,text,2,135,2,7,7,14,2
prefuzz,enron_full_433686,text,2,127,1,7,7,7,1
prefuzz,enron_full_433711,text,2,104,1,7,7,7,1
prefuzz,enron_full_433823,text,2,137,1,7,7,7,1
prefuzz,enron_full_434515,text,2,137,2,7,7,14,2
prefuzz,enron_full_434661,text,2,135,2,7,7,14,2
prefuzz,enron_full_435743,text,2,136,2,7,7,14,2
prefuzz,enron_full_436019,text,2,3,0,7,0,0,0
prefuzz,enron_full_436309,text,2,2,0,7,0,0,0
prefuzz,enron_full_436431,text,2,3,0,7,0,0,0
prefuzz,enron_full_436454,text,2,3,0,7,0,0,0
prefuzz,enron_full_437873,text,2,136,2,7,7,14,2
prefuzz,enron_full_439573,text,2,3,0,7,0,0,0
prefuzz,enron_full_440276,text,2,2,0,7,0,0,0
prefuzz,enron_full_440707,text,2,5263,2,7,7,447,422
prefuzz,enron_full_441744,text,2,146,3,7,7,21,3
prefuzz,enron_full_442093,text,2,118,2,7,7,14,2
prefuzz,enron_full_442322,text,2,3,0,7,0,0,0
prefuzz,enron_full_442524,text,2,142,2,7,7,14,2
prefuzz,enron_full_442558,text,2,138,2,7,7,14,2
prefuzz,enron_full_442662,text,2,135,2,7,7,14,2
prefuzz,enron_full_442954,text,2,120,1,7,7,7,1
prefuzz,enron_full_443309,text,2,218,8,7,7,56,8
prefuzz,enron_full_443772,text,2,127,1,7,7,7,1
prefuzz,enron_full_444240,text,2,146,3,7,7,21,3
prefuzz,enron_full_445163,text,2,3,0,7,0,0,0
prefuzz,enron_full_445774,text,2,637,42,7,7,294,42
prefuzz,enron_full_445830,text,2,2,0,7,0,0,0
prefuzz,enron_full_446457,text,2,2,0,7,0,0,0
prefuzz,enron_full_447336,text,2,112,1,7,7,7,1
prefuzz,enron_full_447596,text,2,2,0,7,0,0,0
prefuzz,enron_full_448246,text,2,119,2,7,7,14,2
prefuzz,enron_full_448315,text,2,105,1,7,7,7,1
prefuzz,enron_full_448897,text,2,119,2,7,7,14,2
prefuzz,enron_full_449771,text,2,3,0,7,0,0,0
prefuzz,enron_full_450293,text,2,117,2,7,7,14,2
prefuzz,enron_full_450584,text,2,3,0,7,0,0,0
prefuzz,enron_full_451624,text,2,116,2,7,7,14,2
prefuzz,enron_full_451708,text,2,105,1,7,7,7,1
prefuzz,enron_full_451980,text,2,36,0,7,1,2,2
prefuzz,enron_full_452075,text,2,104,1,7,7,7,1
prefuzz,enron_full_452624,text,2,127,1,7,7,7,1
prefuzz,enron_full_452665,text,2,129,1,7,7,7,1
prefuzz,enron_full_453158,text,2,122,1,7,7,7,1
prefuzz,enron_full_453577,text,2,121,1,7,7,7,1
prefuzz,enron_full_455974,text,2,114,2,7,4,10,4
prefuzz,enron_full_456283,text,2,3,0,7,0,0,0
prefuzz,enron_full_458074,text,2,3,0,7,0,0,0
prefuzz,enron_full_458660,text,2,3,0,7,0,0,0
prefuzz,enron_full_459917,text,2,3,0,7,0,0,0
prefuzz,enron_full_459959,text,2,3,0,7,0,0,0
prefuzz,enron_full_460573,text,2,391,20,7,7,140,20
prefuzz,enron_full_461053,text,2,145,2,7,7,14,2
prefuzz,enron_full_461203,text,2,2,0,7,0,0,0
prefuzz,enron_full_461474,text,2,3,0,7,0,0,0
prefuzz,enron_full_461621,text,2,152,3,7,7,21,3
prefuzz,enron_full_461648,text,2,119,3,7,7,21,3
prefuzz,enron_full_461948,text,2,121,3,7,7,21,3
prefuzz,enron_full_462616,text,2,108,2,7,7,14,2
prefuzz,enron_full_463151,text,2,120,3,7,7,21,3
prefuzz,enron_full_463936,text,2,109,2,7,7,14,2
prefuzz,enron_full_463955,text,2,109,2,7,7,14,2
prefuzz,enron_full_463976,text,2,124,3,7,7,21,3
prefuzz,enron_full_465574,text,2,111,2,7,7,14,2
prefuzz,enron_full_466018,text,2,139,2,7,7,17,5
prefuzz,enron_full_466387,text,2,775,56,7,7,392,56
prefuzz,enron_full_466533,text,2,107,1,7,7,7,1
prefuzz,enron_full_466708,text,2,104,1,7,7,7,1
prefuzz,enron_full_467278,text,2,116,2,7,7,14,2
prefuzz,enron_full_467576,text,2,140,4,7,7,28,4
prefuzz,enron_full_467913,text,2,128,3,7,7,21,3
prefuzz,enron_full_468001,text,2,105,1,7,7,7,1
prefuzz,enron_full_468241,text,2,116,2,7,7,14,2
prefuzz,enron_full_468948,text,2,115,2,7,7,14,2
prefuzz,enron_full_469104,text,2,250,9,7,7,63,9
prefuzz,enron_full_469441,text,2,149,3,7,7,21,3
prefuzz,enron_full_470510,text,2,120,1,7,7,7,1
prefuzz,enron_full_471172,text,2,133,2,7,7,14,2
prefuzz,enron_full_472398,text,2,147,3,7,7,21,3
prefuzz,enron_full_473353,text,2,171,1,7,7,7,1
prefuzz,enron_full_473987,text,2,4,0,7,0,0,0
prefuzz,enron_full_474902,text,2,165,1,7,7,7,1
prefuzz,enron_full_476646,text,2,120,1,7,7,7,1
prefuzz,enron_full_476866,text,2,253,7,7,7,53,11
prefuzz,enron_full_476952,text,2,121,1,7,7,7,1
prefuzz,enron_full_478933,text,2,3,0,7,0,0,0
prefuzz,enron_full_479947,text,2,2,0,7,0,0,0
prefuzz,enron_full_480468,text,2,3,0,7,0,0,0
prefuzz,enron_full_480848,text,2,133,2,7,7,14,2
prefuzz,enron_full_481384,text,2,120,1,7,7,7,1
prefuzz,enron_full_481691,text,2,127,1,7,7,7,1
prefuzz,enron_full_481940,text,2,119,1,7,7,7,1
prefuzz,enron_full_482039,text,2,120,1,7,7,7,1
prefuzz,enron_full_482398,text,2,3,0,7,0,0,0
prefuzz,enron_full_482679,text,2,3,0,7,0,0,0
prefuzz,enron_full_482700,text,2,119,1,7,7,7,1
prefuzz,enron_full_482778,text,2,163,4,7,7,28,4
prefuzz,enron_full_482919,text,2,133,2,7,7,14,2
prefuzz,enron_full_483941,text,2,122,1,7,7,7,1
prefuzz,enron_full_484013,text,2,134,2,7,7,14,2
prefuzz,enron_full_485161,text,2,125,1,7,7,7,1
prefuzz,enron_full_485319,text,2,118,1,7,7,7,1
prefuzz,enron_full_485507,text,2,81,0,7,2,5,4
prefuzz,enron_full_485652,text,2,3,0,7,0,0,0
prefuzz,enron_full_485802,text,2,3,0,7,0,0,0
prefuzz,enron_full_486590,text,2,119,1,7,7,7,1
prefuzz,enron_full_486718,text,2,119,1,7,7,7,1
prefuzz,enron_full_487009,text,2,3,0,7,0,0,0
prefuzz,enron_full_487095,text,2,3,0,7,0,0,0
prefuzz,enron_full_487221,text,2,149,3,7,7,21,3
prefuzz,enron_full_488455,text,2,3,0,7,0,0,0
prefuzz,enron_full_488704,text,2,3564,184,7,6,1086,250
prefuzz,enron_full_489126,text,2,4,0,7,0,0,0
prefuzz,enron_full_490171,text,2,3,0,7,0,0,0
prefuzz,enron_full_490913,text,2,164,3,7,7,21,3
prefuzz,enron_full_491597,text,2,121,1,7,7,7,1
prefuzz,enron_full_491993,text,2,3,0,7,0,0,0
prefuzz,enron_full_492310,text,2,45,0,7,2,2,1
prefuzz,enron_full_492624,text,2,211,6,7,7,42,6
prefuzz,enron_full_492762,text,2,5,0,7,0,0,0
prefuzz,enron_full_493081,text,2,4,0,7,0,0,0
prefuzz,enron_full_493173,text,2,3,0,7,0,0,0
prefuzz,enron_full_494836,text,2,203,0,7,3,8,7
prefuzz,enron_full_495207,text,2,3,0,7,0,0,0
prefuzz,enron_full_496303,text,2,2,0,7,0,0,0
prefuzz,enron_full_497180,text,2,170,2,7,7,14,2
prefuzz,enron_full_498346,text,2,3,0,7,0,0,0
prefuzz,enron_full_498425,text,2,136,2,7,7,14,2
prefuzz,enron_full_498832,text,2,122,1,7,7,7,1
prefuzz,enron_full_499190,text,2,218,8,7,7,56,8
prefuzz,enron_full_499335,text,2,177,5,7,7,35,5
prefuzz,enron_full_500125,text,2,242,5,7,7,40,10
prefuzz,enron_full_500480,text,2,137,2,7,7,14,2
prefuzz,enron_full_500856,text,2,340,17,7,7,119,17
prefuzz,enron_full_501389,text,2,135,2,7,7,14,2
prefuzz,enron_full_501995,text,2,120,1,7,7,7,1
prefuzz,enron_full_503996,text,2,3,0,7,0,0,0
prefuzz,enron_full_504214,text,2,2,0,7,0,0,0
prefuzz,enron_full_504672,text,2,171,4,7,7,28,4
prefuzz,enron_full_506077,text,2,3,0,7,0,0,0
prefuzz,enron_full_506313,text,2,2,0,7,0,0,0
prefuzz,enron_full_506691,text,2,3,0,7,0,0,0
prefuzz,enron_full_506951,text,2,3,0,7,0,0,0
prefuzz,enron_full_508297,text,2,123,1,7,7,7,1
prefuzz,enron_full_508633,text,2,136,2,7,7,14,2
prefuzz,enron_full_509309,text,2,120,1,7,7,7,1
prefuzz,enron_full_509898,text,2,121,1,7,7,7,1
prefuzz,enron_full_511005,text,2,121,1,7,7,7,1
prefuzz,enron_full_513543,text,2,3,0,7,0,0,0
prefuzz,enron_full_513857,text,2,120,1,7,7,7,1
prefuzz,enron_full_514823,text,2,2,0,7,0,0,0
prefuzz,enron_full_514984,text,2,120,1,7,7,7,1
prefuzz,enron_full_515092,text,2,2,0,7,0,0,0
prefuzz,enron_full_515627,text,2,3,0,7,0,0,0
prefuzz,enron_full_515714,text,2,2,0,7,0,0,0
prefuzz,enron_full_516032,text,2,142,2,7,7,14,2
prefuzz,enron_full_516843,text,2,2,0,7,0,0,0
prefuzz,enron_full_516871,text,2,3,0,7,0,0,0
