scheme,threshold,repeat,query_id,group,latency_us,matched,best_distance,records_examined,bits_compared
simless,4,0,enron_full_000202,exact_ref,25745.778,1,0,413921,105963776
simless,5,0,enron_full_000202,exact_ref,25745.778,1,0,413921,105963776
simless,6,0,enron_full_000202,exact_ref,25745.778,1,0,413921,105963776
simless,5,0,enron_full_000664,exact_ref,26731.959,1,0,413921,105963776
simless,6,0,enron_full_000664,exact_ref,26731.959,1,0,413921,105963776
simless,4,0,enron_full_000664,exact_ref,26731.959,1,0,413921,105963776
simless,6,0,enron_full_001289,no_exact_ref,24606.671,0,70,413921,105963776
simless,4,0,enron_full_001289,no_exact_ref,24606.671,0,70,413921,105963776
simless,5,0,enron_full_001289,no_exact_ref,24606.671,0,70,413921,105963776
simless,4,0,enron_full_001379,no_exact_ref,25606.891,0,53,413921,105963776
simless,5,0,enron_full_001379,no_exact_ref,25606.891,0,53,413921,105963776
simless,6,0,enron_full_001379,no_exact_ref,25606.891,0,53,413921,105963776
simless,5,0,enron_full_001488,no_exact_ref,26028.578,0,44,413921,105963776
simless,6,0,enron_full_001488,no_exact_ref,26028.578,0,44,413921,105963776
simless,4,0,enron_full_001488,no_exact_ref,26028.578,0,44,413921,105963776
simless,6,0,enron_full_001525,exact_ref,26204.129,1,0,413921,105963776
simless,4,0,enron_full_001525,exact_ref,26204.129,1,0,413921,105963776
simless,5,0,enron_full_001525,exact_ref,26204.129,1,0,413921,105963776
simless,4,0,enron_full_002220,exact_ref,26351.918,1,0,413921,105963776
simless,5,0,enron_full_002220,exact_ref,26351.918,1,0,413921,105963776
simless,6,0,enron_full_002220,exact_ref,26351.918,1,0,413921,105963776
simless,5,0,enron_full_004616,exact_ref,26507.352,1,0,413921,105963776
simless,6,0,enron_full_004616,exact_ref,26507.352,1,0,413921,105963776
simless,4,0,enron_full_004616,exact_ref,26507.352,1,0,413921,105963776
simless,6,0,enron_full_005913,exact_ref,24828.085,1,0,413921,105963776
simless,4,0,enron_full_005913,exact_ref,24828.085,1,0,413921,105963776
simless,5,0,enron_full_005913,exact_ref,24828.085,1,0,413921,105963776
simless,4,0,enron_full_006211,exact_ref,24861.354,1,0,413921,105963776
simless,5,0,enron_full_006211,exact_ref,24861.354,1,0,413921,105963776
simless,6,0,enron_full_006211,exact_ref,24861.354,1,0,413921,105963776
simless,5,0,enron_full_006276,exact_ref,25855.185,1,0,413921,105963776
simless,6,0,enron_full_006276,exact_ref,25855.185,1,0,413921,105963776
simless,4,0,enron_full_006276,exact_ref,25855.185,1,0,413921,105963776
simless,6,0,enron_full_006379,no_exact_ref,27146.961,0,93,413921,105963776
simless,4,0,enron_full_006379,no_exact_ref,27146.961,0,93,413921,105963776
simless,5,0,enron_full_006379,no_exact_ref,27146.961,0,93,413921,105963776
simless,4,0,enron_full_006771,exact_ref,27329.299,1,0,413921,105963776
simless,5,0,enron_full_006771,exact_ref,27329.299,1,0,413921,105963776
simless,6,0,enron_full_006771,exact_ref,27329.299,1,0,413921,105963776
simless,5,0,enron_full_007411,no_exact_ref,25907.464,0,92,413921,105963776
simless,6,0,enron_full_007411,no_exact_ref,25907.464,0,92,413921,105963776
simless,4,0,enron_full_007411,no_exact_ref,25907.464,0,92,413921,105963776
simless,6,0,enron_full_008064,exact_ref,25384.383,1,0,413921,105963776
simless,4,0,enron_full_008064,exact_ref,25384.383,1,0,413921,105963776
simless,5,0,enron_full_008064,exact_ref,25384.383,1,0,413921,105963776
simless,4,0,enron_full_008136,no_exact_ref,23323.504,0,16,413921,105963776
simless,5,0,enron_full_008136,no_exact_ref,23323.504,0,16,413921,105963776
simless,6,0,enron_full_008136,no_exact_ref,23323.504,0,16,413921,105963776
simless,5,0,enron_full_008648,exact_ref,25343.092,1,0,413921,105963776
simless,6,0,enron_full_008648,exact_ref,25343.092,1,0,413921,105963776
simless,4,0,enron_full_008648,exact_ref,25343.092,1,0,413921,105963776
simless,6,0,enron_full_008924,exact_ref,26157.528,1,0,413921,105963776
simless,4,0,enron_full_008924,exact_ref,26157.528,1,0,413921,105963776
simless,5,0,enron_full_008924,exact_ref,26157.528,1,0,413921,105963776
simless,4,0,enron_full_009142,exact_ref,27037.908,1,0,413921,105963776
simless,5,0,enron_full_009142,exact_ref,27037.908,1,0,413921,105963776
simless,6,0,enron_full_009142,exact_ref,27037.908,1,0,413921,105963776
simless,5,0,enron_full_009200,exact_ref,26221.944,1,0,413921,105963776
simless,6,0,enron_full_009200,exact_ref,26221.944,1,0,413921,105963776
simless,4,0,enron_full_009200,exact_ref,26221.944,1,0,413921,105963776
simless,6,0,enron_full_009568,no_exact_ref,24809.980,0,91,413921,105963776
simless,4,0,enron_full_009568,no_exact_ref,24809.980,0,91,413921,105963776
simless,5,0,enron_full_009568,no_exact_ref,24809.980,0,91,413921,105963776
simless,4,0,enron_full_009735,no_exact_ref,25296.386,0,94,413921,105963776
simless,5,0,enron_full_009735,no_exact_ref,25296.386,0,94,413921,105963776
simless,6,0,enron_full_009735,no_exact_ref,25296.386,0,94,413921,105963776
simless,5,0,enron_full_011924,exact_ref,24037.161,1,0,413921,105963776
simless,6,0,enron_full_011924,exact_ref,24037.161,1,0,413921,105963776
simless,4,0,enron_full_011924,exact_ref,24037.161,1,0,413921,105963776
simless,6,0,enron_full_012156,exact_ref,23635.063,1,0,413921,105963776
simless,4,0,enron_full_012156,exact_ref,23635.063,1,0,413921,105963776
simless,5,0,enron_full_012156,exact_ref,23635.063,1,0,413921,105963776
simless,4,0,enron_full_012651,exact_ref,24251.446,1,0,413921,105963776
simless,5,0,enron_full_012651,exact_ref,24251.446,1,0,413921,105963776
simless,6,0,enron_full_012651,exact_ref,24251.446,1,0,413921,105963776
simless,5,0,enron_full_013576,exact_ref,24966.476,1,0,413921,105963776
simless,6,0,enron_full_013576,exact_ref,24966.476,1,0,413921,105963776
simless,4,0,enron_full_013576,exact_ref,24966.476,1,0,413921,105963776
simless,6,0,enron_full_013941,exact_ref,25134.520,1,0,413921,105963776
simless,4,0,enron_full_013941,exact_ref,25134.520,1,0,413921,105963776
simless,5,0,enron_full_013941,exact_ref,25134.520,1,0,413921,105963776
simless,4,0,enron_full_014539,exact_ref,23712.666,1,0,413921,105963776
simless,5,0,enron_full_014539,exact_ref,23712.666,1,0,413921,105963776
simless,6,0,enron_full_014539,exact_ref,23712.666,1,0,413921,105963776
simless,5,0,enron_full_014678,exact_ref,24488.591,1,0,413921,105963776
simless,6,0,enron_full_014678,exact_ref,24488.591,1,0,413921,105963776
simless,4,0,enron_full_014678,exact_ref,24488.591,1,0,413921,105963776
simless,6,0,enron_full_015568,exact_ref,25393.912,1,0,413921,105963776
simless,4,0,enron_full_015568,exact_ref,25393.912,1,0,413921,105963776
simless,5,0,enron_full_015568,exact_ref,25393.912,1,0,413921,105963776
simless,4,0,enron_full_015698,exact_ref,26221.076,1,0,413921,105963776
simless,5,0,enron_full_015698,exact_ref,26221.076,1,0,413921,105963776
simless,6,0,enron_full_015698,exact_ref,26221.076,1,0,413921,105963776
simless,5,0,enron_full_016017,exact_ref,26210.618,1,0,413921,105963776
simless,6,0,enron_full_016017,exact_ref,26210.618,1,0,413921,105963776
simless,4,0,enron_full_016017,exact_ref,26210.618,1,0,413921,105963776
simless,6,0,enron_full_017189,exact_ref,26418.483,1,0,413921,105963776
simless,4,0,enron_full_017189,exact_ref,26418.483,1,0,413921,105963776
simless,5,0,enron_full_017189,exact_ref,26418.483,1,0,413921,105963776
simless,4,0,enron_full_018163,no_exact_ref,27143.503,0,73,413921,105963776
simless,5,0,enron_full_018163,no_exact_ref,27143.503,0,73,413921,105963776
simless,6,0,enron_full_018163,no_exact_ref,27143.503,0,73,413921,105963776
simless,5,0,enron_full_018755,exact_ref,25392.546,1,0,413921,105963776
simless,6,0,enron_full_018755,exact_ref,25392.546,1,0,413921,105963776
simless,4,0,enron_full_018755,exact_ref,25392.546,1,0,413921,105963776
simless,6,0,enron_full_019153,exact_ref,30562.020,1,0,413921,105963776
simless,4,0,enron_full_019153,exact_ref,30562.020,1,0,413921,105963776
simless,5,0,enron_full_019153,exact_ref,30562.020,1,0,413921,105963776
simless,4,0,enron_full_019201,exact_ref,26098.823,1,0,413921,105963776
simless,5,0,enron_full_019201,exact_ref,26098.823,1,0,413921,105963776
simless,6,0,enron_full_019201,exact_ref,26098.823,1,0,413921,105963776
simless,5,0,enron_full_019604,no_exact_ref,24626.926,0,92,413921,105963776
simless,6,0,enron_full_019604,no_exact_ref,24626.926,0,92,413921,105963776
simless,4,0,enron_full_019604,no_exact_ref,24626.926,0,92,413921,105963776
simless,6,0,enron_full_019949,exact_ref,24149.466,1,0,413921,105963776
simless,4,0,enron_full_019949,exact_ref,24149.466,1,0,413921,105963776
simless,5,0,enron_full_019949,exact_ref,24149.466,1,0,413921,105963776
simless,4,0,enron_full_020401,no_exact_ref,23991.524,0,50,413921,105963776
simless,5,0,enron_full_020401,no_exact_ref,23991.524,0,50,413921,105963776
simless,6,0,enron_full_020401,no_exact_ref,23991.524,0,50,413921,105963776
simless,5,0,enron_full_020951,exact_ref,23808.231,1,0,413921,105963776
simless,6,0,enron_full_020951,exact_ref,23808.231,1,0,413921,105963776
simless,4,0,enron_full_020951,exact_ref,23808.231,1,0,413921,105963776
simless,6,0,enron_full_021195,exact_ref,24138.702,1,0,413921,105963776
simless,4,0,enron_full_021195,exact_ref,24138.702,1,0,413921,105963776
simless,5,0,enron_full_021195,exact_ref,24138.702,1,0,413921,105963776
simless,4,0,enron_full_021224,exact_ref,25019.328,1,0,413921,105963776
simless,5,0,enron_full_021224,exact_ref,25019.328,1,0,413921,105963776
simless,6,0,enron_full_021224,exact_ref,25019.328,1,0,413921,105963776
simless,5,0,enron_full_021900,exact_ref,24517.685,1,0,413921,105963776
simless,6,0,enron_full_021900,exact_ref,24517.685,1,0,413921,105963776
simless,4,0,enron_full_021900,exact_ref,24517.685,1,0,413921,105963776
simless,6,0,enron_full_022531,exact_ref,23724.705,1,0,413921,105963776
simless,4,0,enron_full_022531,exact_ref,23724.705,1,0,413921,105963776
simless,5,0,enron_full_022531,exact_ref,23724.705,1,0,413921,105963776
simless,4,0,enron_full_022683,exact_ref,27717.724,1,0,413921,105963776
simless,5,0,enron_full_022683,exact_ref,27717.724,1,0,413921,105963776
simless,6,0,enron_full_022683,exact_ref,27717.724,1,0,413921,105963776
simless,5,0,enron_full_022865,exact_ref,27132.914,1,0,413921,105963776
simless,6,0,enron_full_022865,exact_ref,27132.914,1,0,413921,105963776
simless,4,0,enron_full_022865,exact_ref,27132.914,1,0,413921,105963776
simless,6,0,enron_full_022972,exact_ref,26766.174,1,0,413921,105963776
simless,4,0,enron_full_022972,exact_ref,26766.174,1,0,413921,105963776
simless,5,0,enron_full_022972,exact_ref,26766.174,1,0,413921,105963776
simless,4,0,enron_full_024952,no_exact_ref,25372.740,0,72,413921,105963776
simless,5,0,enron_full_024952,no_exact_ref,25372.740,0,72,413921,105963776
simless,6,0,enron_full_024952,no_exact_ref,25372.740,0,72,413921,105963776
simless,5,0,enron_full_025050,exact_ref,30971.096,1,0,413921,105963776
simless,6,0,enron_full_025050,exact_ref,30971.096,1,0,413921,105963776
simless,4,0,enron_full_025050,exact_ref,30971.096,1,0,413921,105963776
simless,6,0,enron_full_026603,exact_ref,24778.050,1,0,413921,105963776
simless,4,0,enron_full_026603,exact_ref,24778.050,1,0,413921,105963776
simless,5,0,enron_full_026603,exact_ref,24778.050,1,0,413921,105963776
simless,4,0,enron_full_026721,exact_ref,24540.023,1,0,413921,105963776
simless,5,0,enron_full_026721,exact_ref,24540.023,1,0,413921,105963776
simless,6,0,enron_full_026721,exact_ref,24540.023,1,0,413921,105963776
simless,5,0,enron_full_027643,exact_ref,24868.236,1,0,413921,105963776
simless,6,0,enron_full_027643,exact_ref,24868.236,1,0,413921,105963776
simless,4,0,enron_full_027643,exact_ref,24868.236,1,0,413921,105963776
simless,6,0,enron_full_027693,exact_ref,24933.081,1,0,413921,105963776
simless,4,0,enron_full_027693,exact_ref,24933.081,1,0,413921,105963776
simless,5,0,enron_full_027693,exact_ref,24933.081,1,0,413921,105963776
simless,4,0,enron_full_027925,exact_ref,24401.741,1,0,413921,105963776
simless,5,0,enron_full_027925,exact_ref,24401.741,1,0,413921,105963776
simless,6,0,enron_full_027925,exact_ref,24401.741,1,0,413921,105963776
simless,5,0,enron_full_028250,exact_ref,24182.763,1,0,413921,105963776
simless,6,0,enron_full_028250,exact_ref,24182.763,1,0,413921,105963776
simless,4,0,enron_full_028250,exact_ref,24182.763,1,0,413921,105963776
simless,6,0,enron_full_028591,exact_ref,27419.994,1,0,413921,105963776
simless,4,0,enron_full_028591,exact_ref,27419.994,1,0,413921,105963776
simless,5,0,enron_full_028591,exact_ref,27419.994,1,0,413921,105963776
simless,4,0,enron_full_028607,no_exact_ref,26284.026,0,91,413921,105963776
simless,5,0,enron_full_028607,no_exact_ref,26284.026,0,91,413921,105963776
simless,6,0,enron_full_028607,no_exact_ref,26284.026,0,91,413921,105963776
simless,5,0,enron_full_029506,no_exact_ref,29557.865,0,90,413921,105963776
simless,6,0,enron_full_029506,no_exact_ref,29557.865,0,90,413921,105963776
simless,4,0,enron_full_029506,no_exact_ref,29557.865,0,90,413921,105963776
simless,6,0,enron_full_030144,exact_ref,26654.211,1,0,413921,105963776
simless,4,0,enron_full_030144,exact_ref,26654.211,1,0,413921,105963776
simless,5,0,enron_full_030144,exact_ref,26654.211,1,0,413921,105963776
simless,4,0,enron_full_031433,exact_ref,27365.955,1,0,413921,105963776
simless,5,0,enron_full_031433,exact_ref,27365.955,1,0,413921,105963776
simless,6,0,enron_full_031433,exact_ref,27365.955,1,0,413921,105963776
simless,5,0,enron_full_031542,exact_ref,26189.845,1,0,413921,105963776
simless,6,0,enron_full_031542,exact_ref,26189.845,1,0,413921,105963776
simless,4,0,enron_full_031542,exact_ref,26189.845,1,0,413921,105963776
simless,6,0,enron_full_031612,exact_ref,25004.150,1,0,413921,105963776
simless,4,0,enron_full_031612,exact_ref,25004.150,1,0,413921,105963776
simless,5,0,enron_full_031612,exact_ref,25004.150,1,0,413921,105963776
simless,4,0,enron_full_031680,exact_ref,23582.093,1,0,413921,105963776
simless,5,0,enron_full_031680,exact_ref,23582.093,1,0,413921,105963776
simless,6,0,enron_full_031680,exact_ref,23582.093,1,0,413921,105963776
simless,5,0,enron_full_032079,no_exact_ref,25397.424,0,49,413921,105963776
simless,6,0,enron_full_032079,no_exact_ref,25397.424,0,49,413921,105963776
simless,4,0,enron_full_032079,no_exact_ref,25397.424,0,49,413921,105963776
simless,6,0,enron_full_032704,exact_ref,24317.512,1,0,413921,105963776
simless,4,0,enron_full_032704,exact_ref,24317.512,1,0,413921,105963776
simless,5,0,enron_full_032704,exact_ref,24317.512,1,0,413921,105963776
simless,4,0,enron_full_033187,no_exact_ref,23945.398,0,13,413921,105963776
simless,5,0,enron_full_033187,no_exact_ref,23945.398,0,13,413921,105963776
simless,6,0,enron_full_033187,no_exact_ref,23945.398,0,13,413921,105963776
simless,5,0,enron_full_033628,no_exact_ref,24483.955,1,0,413921,105963776
simless,6,0,enron_full_033628,no_exact_ref,24483.955,1,0,413921,105963776
simless,4,0,enron_full_033628,no_exact_ref,24483.955,1,0,413921,105963776
simless,6,0,enron_full_034178,no_exact_ref,24366.340,0,93,413921,105963776
simless,4,0,enron_full_034178,no_exact_ref,24366.340,0,93,413921,105963776
simless,5,0,enron_full_034178,no_exact_ref,24366.340,0,93,413921,105963776
simless,4,0,enron_full_034530,no_exact_ref,24441.045,0,36,413921,105963776
simless,5,0,enron_full_034530,no_exact_ref,24441.045,0,36,413921,105963776
simless,6,0,enron_full_034530,no_exact_ref,24441.045,0,36,413921,105963776
simless,5,0,enron_full_035481,no_exact_ref,23551.413,0,51,413921,105963776
simless,6,0,enron_full_035481,no_exact_ref,23551.413,0,51,413921,105963776
simless,4,0,enron_full_035481,no_exact_ref,23551.413,0,51,413921,105963776
simless,6,0,enron_full_035578,no_exact_ref,24445.921,0,30,413921,105963776
simless,4,0,enron_full_035578,no_exact_ref,24445.921,0,30,413921,105963776
simless,5,0,enron_full_035578,no_exact_ref,24445.921,0,30,413921,105963776
simless,4,0,enron_full_035695,no_exact_ref,24920.082,0,47,413921,105963776
simless,5,0,enron_full_035695,no_exact_ref,24920.082,0,47,413921,105963776
simless,6,0,enron_full_035695,no_exact_ref,24920.082,0,47,413921,105963776
simless,5,0,enron_full_035726,no_exact_ref,26391.372,0,37,413921,105963776
simless,6,0,enron_full_035726,no_exact_ref,26391.372,0,37,413921,105963776
simless,4,0,enron_full_035726,no_exact_ref,26391.372,0,37,413921,105963776
simless,6,0,enron_full_035827,no_exact_ref,28368.799,0,85,413921,105963776
simless,4,0,enron_full_035827,no_exact_ref,28368.799,0,85,413921,105963776
simless,5,0,enron_full_035827,no_exact_ref,28368.799,0,85,413921,105963776
simless,4,0,enron_full_035969,no_exact_ref,25770.831,0,89,413921,105963776
simless,5,0,enron_full_035969,no_exact_ref,25770.831,0,89,413921,105963776
simless,6,0,enron_full_035969,no_exact_ref,25770.831,0,89,413921,105963776
simless,5,0,enron_full_035998,no_exact_ref,24483.798,0,38,413921,105963776
simless,6,0,enron_full_035998,no_exact_ref,24483.798,0,38,413921,105963776
simless,4,0,enron_full_035998,no_exact_ref,24483.798,0,38,413921,105963776
simless,6,0,enron_full_038008,no_exact_ref,24163.988,0,69,413921,105963776
simless,4,0,enron_full_038008,no_exact_ref,24163.988,0,69,413921,105963776
simless,5,0,enron_full_038008,no_exact_ref,24163.988,0,69,413921,105963776
simless,4,0,enron_full_040212,no_exact_ref,23478.479,0,46,413921,105963776
simless,5,0,enron_full_040212,no_exact_ref,23478.479,0,46,413921,105963776
simless,6,0,enron_full_040212,no_exact_ref,23478.479,0,46,413921,105963776
simless,5,0,enron_full_040615,exact_ref,27379.997,1,0,413921,105963776
simless,6,0,enron_full_040615,exact_ref,27379.997,1,0,413921,105963776
simless,4,0,enron_full_040615,exact_ref,27379.997,1,0,413921,105963776
simless,6,0,enron_full_041235,exact_ref,26264.000,1,0,413921,105963776
simless,4,0,enron_full_041235,exact_ref,26264.000,1,0,413921,105963776
simless,5,0,enron_full_041235,exact_ref,26264.000,1,0,413921,105963776
simless,4,0,enron_full_042132,exact_ref,34001.165,1,0,413921,105963776
simless,5,0,enron_full_042132,exact_ref,34001.165,1,0,413921,105963776
simless,6,0,enron_full_042132,exact_ref,34001.165,1,0,413921,105963776
simless,5,0,enron_full_045885,exact_ref,25222.568,1,0,413921,105963776
simless,6,0,enron_full_045885,exact_ref,25222.568,1,0,413921,105963776
simless,4,0,enron_full_045885,exact_ref,25222.568,1,0,413921,105963776
simless,6,0,enron_full_046009,exact_ref,26231.986,1,0,413921,105963776
simless,4,0,enron_full_046009,exact_ref,26231.986,1,0,413921,105963776
simless,5,0,enron_full_046009,exact_ref,26231.986,1,0,413921,105963776
simless,4,0,enron_full_046306,exact_ref,26834.752,1,0,413921,105963776
simless,5,0,enron_full_046306,exact_ref,26834.752,1,0,413921,105963776
simless,6,0,enron_full_046306,exact_ref,26834.752,1,0,413921,105963776
simless,5,0,enron_full_046840,exact_ref,26592.507,1,0,413921,105963776
simless,6,0,enron_full_046840,exact_ref,26592.507,1,0,413921,105963776
simless,4,0,enron_full_046840,exact_ref,26592.507,1,0,413921,105963776
simless,6,0,enron_full_047084,no_exact_ref,26717.331,0,46,413921,105963776
simless,4,0,enron_full_047084,no_exact_ref,26717.331,0,46,413921,105963776
simless,5,0,enron_full_047084,no_exact_ref,26717.331,0,46,413921,105963776
simless,4,0,enron_full_047376,exact_ref,27032.531,1,0,413921,105963776
simless,5,0,enron_full_047376,exact_ref,27032.531,1,0,413921,105963776
simless,6,0,enron_full_047376,exact_ref,27032.531,1,0,413921,105963776
simless,5,0,enron_full_047738,exact_ref,27164.421,1,0,413921,105963776
simless,6,0,enron_full_047738,exact_ref,27164.421,1,0,413921,105963776
simless,4,0,enron_full_047738,exact_ref,27164.421,1,0,413921,105963776
simless,6,0,enron_full_047772,no_exact_ref,24723.576,0,41,413921,105963776
simless,4,0,enron_full_047772,no_exact_ref,24723.576,0,41,413921,105963776
simless,5,0,enron_full_047772,no_exact_ref,24723.576,0,41,413921,105963776
simless,4,0,enron_full_048185,no_exact_ref,24382.356,0,91,413921,105963776
simless,5,0,enron_full_048185,no_exact_ref,24382.356,0,91,413921,105963776
simless,6,0,enron_full_048185,no_exact_ref,24382.356,0,91,413921,105963776
simless,5,0,enron_full_048713,no_exact_ref,23965.254,0,86,413921,105963776
simless,6,0,enron_full_048713,no_exact_ref,23965.254,0,86,413921,105963776
simless,4,0,enron_full_048713,no_exact_ref,23965.254,0,86,413921,105963776
simless,6,0,enron_full_049016,no_exact_ref,25265.648,0,83,413921,105963776
simless,4,0,enron_full_049016,no_exact_ref,25265.648,0,83,413921,105963776
simless,5,0,enron_full_049016,no_exact_ref,25265.648,0,83,413921,105963776
simless,4,0,enron_full_049875,no_exact_ref,23798.091,0,50,413921,105963776
simless,5,0,enron_full_049875,no_exact_ref,23798.091,0,50,413921,105963776
simless,6,0,enron_full_049875,no_exact_ref,23798.091,0,50,413921,105963776
simless,5,0,enron_full_050163,exact_ref,25383.382,1,0,413921,105963776
simless,6,0,enron_full_050163,exact_ref,25383.382,1,0,413921,105963776
simless,4,0,enron_full_050163,exact_ref,25383.382,1,0,413921,105963776
simless,6,0,enron_full_050258,exact_ref,24196.496,1,0,413921,105963776
simless,4,0,enron_full_050258,exact_ref,24196.496,1,0,413921,105963776
simless,5,0,enron_full_050258,exact_ref,24196.496,1,0,413921,105963776
simless,4,0,enron_full_050705,no_exact_ref,25662.605,0,34,413921,105963776
simless,5,0,enron_full_050705,no_exact_ref,25662.605,0,34,413921,105963776
simless,6,0,enron_full_050705,no_exact_ref,25662.605,0,34,413921,105963776
simless,5,0,enron_full_050719,no_exact_ref,24515.313,0,59,413921,105963776
simless,6,0,enron_full_050719,no_exact_ref,24515.313,0,59,413921,105963776
simless,4,0,enron_full_050719,no_exact_ref,24515.313,0,59,413921,105963776
simless,6,0,enron_full_051118,no_exact_ref,25085.759,0,94,413921,105963776
simless,4,0,enron_full_051118,no_exact_ref,25085.759,0,94,413921,105963776
simless,5,0,enron_full_051118,no_exact_ref,25085.759,0,94,413921,105963776
simless,4,0,enron_full_051633,no_exact_ref,25151.533,0,54,413921,105963776
simless,5,0,enron_full_051633,no_exact_ref,25151.533,0,54,413921,105963776
simless,6,0,enron_full_051633,no_exact_ref,25151.533,0,54,413921,105963776
simless,5,0,enron_full_052109,exact_ref,25659.454,1,0,413921,105963776
simless,6,0,enron_full_052109,exact_ref,25659.454,1,0,413921,105963776
simless,4,0,enron_full_052109,exact_ref,25659.454,1,0,413921,105963776
simless,6,0,enron_full_052243,exact_ref,26427.255,1,0,413921,105963776
simless,4,0,enron_full_052243,exact_ref,26427.255,1,0,413921,105963776
simless,5,0,enron_full_052243,exact_ref,26427.255,1,0,413921,105963776
simless,4,0,enron_full_052699,no_exact_ref,26454.194,0,88,413921,105963776
simless,5,0,enron_full_052699,no_exact_ref,26454.194,0,88,413921,105963776
simless,6,0,enron_full_052699,no_exact_ref,26454.194,0,88,413921,105963776
simless,5,0,enron_full_052941,no_exact_ref,26532.322,0,92,413921,105963776
simless,6,0,enron_full_052941,no_exact_ref,26532.322,0,92,413921,105963776
simless,4,0,enron_full_052941,no_exact_ref,26532.322,0,92,413921,105963776
simless,6,0,enron_full_053517,no_exact_ref,26815.375,0,50,413921,105963776
simless,4,0,enron_full_053517,no_exact_ref,26815.375,0,50,413921,105963776
simless,5,0,enron_full_053517,no_exact_ref,26815.375,0,50,413921,105963776
simless,4,0,enron_full_053522,no_exact_ref,26633.679,0,92,413921,105963776
simless,5,0,enron_full_053522,no_exact_ref,26633.679,0,92,413921,105963776
simless,6,0,enron_full_053522,no_exact_ref,26633.679,0,92,413921,105963776
simless,5,0,enron_full_054174,no_exact_ref,25222.928,0,94,413921,105963776
simless,6,0,enron_full_054174,no_exact_ref,25222.928,0,94,413921,105963776
simless,4,0,enron_full_054174,no_exact_ref,25222.928,0,94,413921,105963776
simless,6,0,enron_full_055270,no_exact_ref,25584.351,0,89,413921,105963776
simless,4,0,enron_full_055270,no_exact_ref,25584.351,0,89,413921,105963776
simless,5,0,enron_full_055270,no_exact_ref,25584.351,0,89,413921,105963776
simless,4,0,enron_full_055462,exact_ref,24413.064,1,0,413921,105963776
simless,5,0,enron_full_055462,exact_ref,24413.064,1,0,413921,105963776
simless,6,0,enron_full_055462,exact_ref,24413.064,1,0,413921,105963776
simless,5,0,enron_full_056138,exact_ref,26102.705,1,0,413921,105963776
simless,6,0,enron_full_056138,exact_ref,26102.705,1,0,413921,105963776
simless,4,0,enron_full_056138,exact_ref,26102.705,1,0,413921,105963776
simless,6,0,enron_full_056670,exact_ref,25878.614,1,0,413921,105963776
simless,4,0,enron_full_056670,exact_ref,25878.614,1,0,413921,105963776
simless,5,0,enron_full_056670,exact_ref,25878.614,1,0,413921,105963776
simless,4,0,enron_full_056953,no_exact_ref,26159.245,0,44,413921,105963776
simless,5,0,enron_full_056953,no_exact_ref,26159.245,0,44,413921,105963776
simless,6,0,enron_full_056953,no_exact_ref,26159.245,0,44,413921,105963776
simless,5,0,enron_full_057268,exact_ref,26090.605,1,0,413921,105963776
simless,6,0,enron_full_057268,exact_ref,26090.605,1,0,413921,105963776
simless,4,0,enron_full_057268,exact_ref,26090.605,1,0,413921,105963776
simless,6,0,enron_full_057321,no_exact_ref,26269.988,0,51,413921,105963776
simless,4,0,enron_full_057321,no_exact_ref,26269.988,0,51,413921,105963776
simless,5,0,enron_full_057321,no_exact_ref,26269.988,0,51,413921,105963776
simless,4,0,enron_full_057826,no_exact_ref,26933.859,0,89,413921,105963776
simless,5,0,enron_full_057826,no_exact_ref,26933.859,0,89,413921,105963776
simless,6,0,enron_full_057826,no_exact_ref,26933.859,0,89,413921,105963776
simless,5,0,enron_full_058046,exact_ref,27253.025,1,0,413921,105963776
simless,6,0,enron_full_058046,exact_ref,27253.025,1,0,413921,105963776
simless,4,0,enron_full_058046,exact_ref,27253.025,1,0,413921,105963776
simless,6,0,enron_full_058254,exact_ref,26977.467,1,0,413921,105963776
simless,4,0,enron_full_058254,exact_ref,26977.467,1,0,413921,105963776
simless,5,0,enron_full_058254,exact_ref,26977.467,1,0,413921,105963776
simless,4,0,enron_full_058415,no_exact_ref,26672.951,0,82,413921,105963776
simless,5,0,enron_full_058415,no_exact_ref,26672.951,0,82,413921,105963776
simless,6,0,enron_full_058415,no_exact_ref,26672.951,0,82,413921,105963776
simless,5,0,enron_full_059797,exact_ref,25775.929,1,0,413921,105963776
simless,6,0,enron_full_059797,exact_ref,25775.929,1,0,413921,105963776
simless,4,0,enron_full_059797,exact_ref,25775.929,1,0,413921,105963776
simless,6,0,enron_full_060370,exact_ref,28269.586,1,0,413921,105963776
simless,4,0,enron_full_060370,exact_ref,28269.586,1,0,413921,105963776
simless,5,0,enron_full_060370,exact_ref,28269.586,1,0,413921,105963776
simless,4,0,enron_full_060846,exact_ref,25201.767,1,0,413921,105963776
simless,5,0,enron_full_060846,exact_ref,25201.767,1,0,413921,105963776
simless,6,0,enron_full_060846,exact_ref,25201.767,1,0,413921,105963776
simless,5,0,enron_full_062151,exact_ref,26158.904,1,0,413921,105963776
simless,6,0,enron_full_062151,exact_ref,26158.904,1,0,413921,105963776
simless,4,0,enron_full_062151,exact_ref,26158.904,1,0,413921,105963776
simless,6,0,enron_full_062439,exact_ref,27065.101,1,0,413921,105963776
simless,4,0,enron_full_062439,exact_ref,27065.101,1,0,413921,105963776
simless,5,0,enron_full_062439,exact_ref,27065.101,1,0,413921,105963776
simless,4,0,enron_full_063833,exact_ref,28436.151,1,0,413921,105963776
simless,5,0,enron_full_063833,exact_ref,28436.151,1,0,413921,105963776
simless,6,0,enron_full_063833,exact_ref,28436.151,1,0,413921,105963776
simless,5,0,enron_full_063839,exact_ref,26907.159,1,0,413921,105963776
simless,6,0,enron_full_063839,exact_ref,26907.159,1,0,413921,105963776
simless,4,0,enron_full_063839,exact_ref,26907.159,1,0,413921,105963776
simless,6,0,enron_full_064172,exact_ref,27101.015,1,0,413921,105963776
simless,4,0,enron_full_064172,exact_ref,27101.015,1,0,413921,105963776
simless,5,0,enron_full_064172,exact_ref,27101.015,1,0,413921,105963776
simless,4,0,enron_full_064231,exact_ref,26691.876,1,0,413921,105963776
simless,5,0,enron_full_064231,exact_ref,26691.876,1,0,413921,105963776
simless,6,0,enron_full_064231,exact_ref,26691.876,1,0,413921,105963776
simless,5,0,enron_full_064607,exact_ref,28302.974,1,0,413921,105963776
simless,6,0,enron_full_064607,exact_ref,28302.974,1,0,413921,105963776
simless,4,0,enron_full_064607,exact_ref,28302.974,1,0,413921,105963776
simless,6,0,enron_full_065332,exact_ref,28627.067,1,0,413921,105963776
simless,4,0,enron_full_065332,exact_ref,28627.067,1,0,413921,105963776
simless,5,0,enron_full_065332,exact_ref,28627.067,1,0,413921,105963776
simless,4,0,enron_full_065814,exact_ref,26933.103,1,0,413921,105963776
simless,5,0,enron_full_065814,exact_ref,26933.103,1,0,413921,105963776
simless,6,0,enron_full_065814,exact_ref,26933.103,1,0,413921,105963776
simless,5,0,enron_full_066742,no_exact_ref,26694.532,0,37,413921,105963776
simless,6,0,enron_full_066742,no_exact_ref,26694.532,0,37,413921,105963776
simless,4,0,enron_full_066742,no_exact_ref,26694.532,0,37,413921,105963776
simless,6,0,enron_full_067365,exact_ref,26584.902,1,0,413921,105963776
simless,4,0,enron_full_067365,exact_ref,26584.902,1,0,413921,105963776
simless,5,0,enron_full_067365,exact_ref,26584.902,1,0,413921,105963776
simless,4,0,enron_full_067727,exact_ref,25906.517,1,0,413921,105963776
simless,5,0,enron_full_067727,exact_ref,25906.517,1,0,413921,105963776
simless,6,0,enron_full_067727,exact_ref,25906.517,1,0,413921,105963776
simless,5,0,enron_full_067752,exact_ref,26096.160,1,0,413921,105963776
simless,6,0,enron_full_067752,exact_ref,26096.160,1,0,413921,105963776
simless,4,0,enron_full_067752,exact_ref,26096.160,1,0,413921,105963776
simless,6,0,enron_full_068258,no_exact_ref,25716.841,0,92,413921,105963776
simless,4,0,enron_full_068258,no_exact_ref,25716.841,0,92,413921,105963776
simless,5,0,enron_full_068258,no_exact_ref,25716.841,0,92,413921,105963776
simless,4,0,enron_full_068541,no_exact_ref,26241.563,1,1,413921,105963776
simless,5,0,enron_full_068541,no_exact_ref,26241.563,1,1,413921,105963776
simless,6,0,enron_full_068541,no_exact_ref,26241.563,1,1,413921,105963776
simless,5,0,enron_full_068714,no_exact_ref,25920.482,1,0,413921,105963776
simless,6,0,enron_full_068714,no_exact_ref,25920.482,1,0,413921,105963776
simless,4,0,enron_full_068714,no_exact_ref,25920.482,1,0,413921,105963776
simless,6,0,enron_full_068948,no_exact_ref,26701.972,0,58,413921,105963776
simless,4,0,enron_full_068948,no_exact_ref,26701.972,0,58,413921,105963776
simless,5,0,enron_full_068948,no_exact_ref,26701.972,0,58,413921,105963776
simless,4,0,enron_full_069168,exact_ref,26347.593,1,0,413921,105963776
simless,5,0,enron_full_069168,exact_ref,26347.593,1,0,413921,105963776
simless,6,0,enron_full_069168,exact_ref,26347.593,1,0,413921,105963776
simless,5,0,enron_full_069488,no_exact_ref,25382.074,0,21,413921,105963776
simless,6,0,enron_full_069488,no_exact_ref,25382.074,0,21,413921,105963776
simless,4,0,enron_full_069488,no_exact_ref,25382.074,0,21,413921,105963776
simless,6,0,enron_full_070382,no_exact_ref,24203.125,0,90,413921,105963776
simless,4,0,enron_full_070382,no_exact_ref,24203.125,0,90,413921,105963776
simless,5,0,enron_full_070382,no_exact_ref,24203.125,0,90,413921,105963776
simless,4,0,enron_full_071706,exact_ref,25907.471,1,0,413921,105963776
simless,5,0,enron_full_071706,exact_ref,25907.471,1,0,413921,105963776
simless,6,0,enron_full_071706,exact_ref,25907.471,1,0,413921,105963776
simless,5,0,enron_full_071944,exact_ref,25501.880,1,0,413921,105963776
simless,6,0,enron_full_071944,exact_ref,25501.880,1,0,413921,105963776
simless,4,0,enron_full_071944,exact_ref,25501.880,1,0,413921,105963776
simless,6,0,enron_full_072801,exact_ref,26840.690,1,0,413921,105963776
simless,4,0,enron_full_072801,exact_ref,26840.690,1,0,413921,105963776
simless,5,0,enron_full_072801,exact_ref,26840.690,1,0,413921,105963776
simless,4,0,enron_full_073237,exact_ref,26466.596,1,0,413921,105963776
simless,5,0,enron_full_073237,exact_ref,26466.596,1,0,413921,105963776
simless,6,0,enron_full_073237,exact_ref,26466.596,1,0,413921,105963776
simless,5,0,enron_full_075726,exact_ref,25596.808,1,0,413921,105963776
simless,6,0,enron_full_075726,exact_ref,25596.808,1,0,413921,105963776
simless,4,0,enron_full_075726,exact_ref,25596.808,1,0,413921,105963776
simless,6,0,enron_full_076089,exact_ref,24634.953,1,0,413921,105963776
simless,4,0,enron_full_076089,exact_ref,24634.953,1,0,413921,105963776
simless,5,0,enron_full_076089,exact_ref,24634.953,1,0,413921,105963776
simless,4,0,enron_full_078045,no_exact_ref,24446.637,0,94,413921,105963776
simless,5,0,enron_full_078045,no_exact_ref,24446.637,0,94,413921,105963776
simless,6,0,enron_full_078045,no_exact_ref,24446.637,0,94,413921,105963776
simless,5,0,enron_full_078949,exact_ref,37768.804,1,0,413921,105963776
simless,6,0,enron_full_078949,exact_ref,37768.804,1,0,413921,105963776
simless,4,0,enron_full_078949,exact_ref,37768.804,1,0,413921,105963776
simless,6,0,enron_full_080332,no_exact_ref,41683.450,0,85,413921,105963776
simless,4,0,enron_full_080332,no_exact_ref,41683.450,0,85,413921,105963776
simless,5,0,enron_full_080332,no_exact_ref,41683.450,0,85,413921,105963776
simless,4,0,enron_full_080731,exact_ref,26490.908,1,0,413921,105963776
simless,5,0,enron_full_080731,exact_ref,26490.908,1,0,413921,105963776
simless,6,0,enron_full_080731,exact_ref,26490.908,1,0,413921,105963776
simless,5,0,enron_full_081565,exact_ref,26399.588,1,0,413921,105963776
simless,6,0,enron_full_081565,exact_ref,26399.588,1,0,413921,105963776
simless,4,0,enron_full_081565,exact_ref,26399.588,1,0,413921,105963776
simless,6,0,enron_full_081601,exact_ref,26114.391,1,0,413921,105963776
simless,4,0,enron_full_081601,exact_ref,26114.391,1,0,413921,105963776
simless,5,0,enron_full_081601,exact_ref,26114.391,1,0,413921,105963776
simless,4,0,enron_full_081707,exact_ref,26976.651,1,0,413921,105963776
simless,5,0,enron_full_081707,exact_ref,26976.651,1,0,413921,105963776
simless,6,0,enron_full_081707,exact_ref,26976.651,1,0,413921,105963776
simless,5,0,enron_full_082681,no_exact_ref,31258.443,0,92,413921,105963776
simless,6,0,enron_full_082681,no_exact_ref,31258.443,0,92,413921,105963776
simless,4,0,enron_full_082681,no_exact_ref,31258.443,0,92,413921,105963776
simless,6,0,enron_full_085442,exact_ref,26598.090,1,0,413921,105963776
simless,4,0,enron_full_085442,exact_ref,26598.090,1,0,413921,105963776
simless,5,0,enron_full_085442,exact_ref,26598.090,1,0,413921,105963776
simless,4,0,enron_full_085751,exact_ref,26693.952,1,0,413921,105963776
simless,5,0,enron_full_085751,exact_ref,26693.952,1,0,413921,105963776
simless,6,0,enron_full_085751,exact_ref,26693.952,1,0,413921,105963776
simless,5,0,enron_full_086327,no_exact_ref,26833.524,0,12,413921,105963776
simless,6,0,enron_full_086327,no_exact_ref,26833.524,0,12,413921,105963776
simless,4,0,enron_full_086327,no_exact_ref,26833.524,0,12,413921,105963776
simless,6,0,enron_full_087697,no_exact_ref,26043.453,0,40,413921,105963776
simless,4,0,enron_full_087697,no_exact_ref,26043.453,0,40,413921,105963776
simless,5,0,enron_full_087697,no_exact_ref,26043.453,0,40,413921,105963776
simless,4,0,enron_full_088138,exact_ref,26988.448,1,0,413921,105963776
simless,5,0,enron_full_088138,exact_ref,26988.448,1,0,413921,105963776
simless,6,0,enron_full_088138,exact_ref,26988.448,1,0,413921,105963776
simless,5,0,enron_full_088307,exact_ref,28963.994,1,0,413921,105963776
simless,6,0,enron_full_088307,exact_ref,28963.994,1,0,413921,105963776
simless,4,0,enron_full_088307,exact_ref,28963.994,1,0,413921,105963776
simless,6,0,enron_full_088336,exact_ref,26612.192,1,0,413921,105963776
simless,4,0,enron_full_088336,exact_ref,26612.192,1,0,413921,105963776
simless,5,0,enron_full_088336,exact_ref,26612.192,1,0,413921,105963776
simless,4,0,enron_full_089344,exact_ref,26572.996,1,0,413921,105963776
simless,5,0,enron_full_089344,exact_ref,26572.996,1,0,413921,105963776
simless,6,0,enron_full_089344,exact_ref,26572.996,1,0,413921,105963776
simless,5,0,enron_full_089451,exact_ref,25750.246,1,0,413921,105963776
simless,6,0,enron_full_089451,exact_ref,25750.246,1,0,413921,105963776
simless,4,0,enron_full_089451,exact_ref,25750.246,1,0,413921,105963776
simless,6,0,enron_full_090248,exact_ref,25832.060,1,0,413921,105963776
simless,4,0,enron_full_090248,exact_ref,25832.060,1,0,413921,105963776
simless,5,0,enron_full_090248,exact_ref,25832.060,1,0,413921,105963776
simless,4,0,enron_full_091044,exact_ref,25462.356,1,0,413921,105963776
simless,5,0,enron_full_091044,exact_ref,25462.356,1,0,413921,105963776
simless,6,0,enron_full_091044,exact_ref,25462.356,1,0,413921,105963776
simless,5,0,enron_full_091307,exact_ref,25789.014,1,0,413921,105963776
simless,6,0,enron_full_091307,exact_ref,25789.014,1,0,413921,105963776
simless,4,0,enron_full_091307,exact_ref,25789.014,1,0,413921,105963776
simless,6,0,enron_full_092251,no_exact_ref,26528.643,0,92,413921,105963776
simless,4,0,enron_full_092251,no_exact_ref,26528.643,0,92,413921,105963776
simless,5,0,enron_full_092251,no_exact_ref,26528.643,0,92,413921,105963776
simless,4,0,enron_full_092316,no_exact_ref,26306.764,0,72,413921,105963776
simless,5,0,enron_full_092316,no_exact_ref,26306.764,0,72,413921,105963776
simless,6,0,enron_full_092316,no_exact_ref,26306.764,0,72,413921,105963776
simless,5,0,enron_full_092765,no_exact_ref,26918.636,0,93,413921,105963776
simless,6,0,enron_full_092765,no_exact_ref,26918.636,0,93,413921,105963776
simless,4,0,enron_full_092765,no_exact_ref,26918.636,0,93,413921,105963776
simless,6,0,enron_full_093576,no_exact_ref,28639.734,0,91,413921,105963776
simless,4,0,enron_full_093576,no_exact_ref,28639.734,0,91,413921,105963776
simless,5,0,enron_full_093576,no_exact_ref,28639.734,0,91,413921,105963776
simless,4,0,enron_full_094577,exact_ref,26465.293,1,0,413921,105963776
simless,5,0,enron_full_094577,exact_ref,26465.293,1,0,413921,105963776
simless,6,0,enron_full_094577,exact_ref,26465.293,1,0,413921,105963776
simless,5,0,enron_full_094590,no_exact_ref,26421.726,0,21,413921,105963776
simless,6,0,enron_full_094590,no_exact_ref,26421.726,0,21,413921,105963776
simless,4,0,enron_full_094590,no_exact_ref,26421.726,0,21,413921,105963776
simless,6,0,enron_full_094757,no_exact_ref,26763.742,0,45,413921,105963776
simless,4,0,enron_full_094757,no_exact_ref,26763.742,0,45,413921,105963776
simless,5,0,enron_full_094757,no_exact_ref,26763.742,0,45,413921,105963776
simless,4,0,enron_full_095403,exact_ref,26122.739,1,0,413921,105963776
simless,5,0,enron_full_095403,exact_ref,26122.739,1,0,413921,105963776
simless,6,0,enron_full_095403,exact_ref,26122.739,1,0,413921,105963776
simless,5,0,enron_full_096327,exact_ref,24734.690,1,0,413921,105963776
simless,6,0,enron_full_096327,exact_ref,24734.690,1,0,413921,105963776
simless,4,0,enron_full_096327,exact_ref,24734.690,1,0,413921,105963776
simless,6,0,enron_full_096329,exact_ref,24658.953,1,0,413921,105963776
simless,4,0,enron_full_096329,exact_ref,24658.953,1,0,413921,105963776
simless,5,0,enron_full_096329,exact_ref,24658.953,1,0,413921,105963776
simless,4,0,enron_full_098210,exact_ref,24357.618,1,0,413921,105963776
simless,5,0,enron_full_098210,exact_ref,24357.618,1,0,413921,105963776
simless,6,0,enron_full_098210,exact_ref,24357.618,1,0,413921,105963776
simless,5,0,enron_full_098535,exact_ref,28140.881,1,0,413921,105963776
simless,6,0,enron_full_098535,exact_ref,28140.881,1,0,413921,105963776
simless,4,0,enron_full_098535,exact_ref,28140.881,1,0,413921,105963776
simless,6,0,enron_full_098599,exact_ref,26471.529,1,0,413921,105963776
simless,4,0,enron_full_098599,exact_ref,26471.529,1,0,413921,105963776
simless,5,0,enron_full_098599,exact_ref,26471.529,1,0,413921,105963776
simless,4,0,enron_full_098973,exact_ref,24145.886,1,0,413921,105963776
simless,5,0,enron_full_098973,exact_ref,24145.886,1,0,413921,105963776
simless,6,0,enron_full_098973,exact_ref,24145.886,1,0,413921,105963776
simless,5,0,enron_full_099013,exact_ref,25607.209,1,0,413921,105963776
simless,6,0,enron_full_099013,exact_ref,25607.209,1,0,413921,105963776
simless,4,0,enron_full_099013,exact_ref,25607.209,1,0,413921,105963776
simless,6,0,enron_full_099531,exact_ref,26851.041,1,0,413921,105963776
simless,4,0,enron_full_099531,exact_ref,26851.041,1,0,413921,105963776
simless,5,0,enron_full_099531,exact_ref,26851.041,1,0,413921,105963776
simless,4,0,enron_full_100323,exact_ref,27591.222,1,0,413921,105963776
simless,5,0,enron_full_100323,exact_ref,27591.222,1,0,413921,105963776
simless,6,0,enron_full_100323,exact_ref,27591.222,1,0,413921,105963776
simless,5,0,enron_full_100466,exact_ref,26363.055,1,0,413921,105963776
simless,6,0,enron_full_100466,exact_ref,26363.055,1,0,413921,105963776
simless,4,0,enron_full_100466,exact_ref,26363.055,1,0,413921,105963776
simless,6,0,enron_full_101174,exact_ref,24920.222,1,0,413921,105963776
simless,4,0,enron_full_101174,exact_ref,24920.222,1,0,413921,105963776
simless,5,0,enron_full_101174,exact_ref,24920.222,1,0,413921,105963776
simless,4,0,enron_full_101274,exact_ref,24389.590,1,0,413921,105963776
simless,5,0,enron_full_101274,exact_ref,24389.590,1,0,413921,105963776
simless,6,0,enron_full_101274,exact_ref,24389.590,1,0,413921,105963776
simless,5,0,enron_full_102532,exact_ref,25388.309,1,0,413921,105963776
simless,6,0,enron_full_102532,exact_ref,25388.309,1,0,413921,105963776
simless,4,0,enron_full_102532,exact_ref,25388.309,1,0,413921,105963776
simless,6,0,enron_full_102695,exact_ref,23518.425,1,0,413921,105963776
simless,4,0,enron_full_102695,exact_ref,23518.425,1,0,413921,105963776
simless,5,0,enron_full_102695,exact_ref,23518.425,1,0,413921,105963776
simless,4,0,enron_full_102774,exact_ref,24389.516,1,0,413921,105963776
simless,5,0,enron_full_102774,exact_ref,24389.516,1,0,413921,105963776
simless,6,0,enron_full_102774,exact_ref,24389.516,1,0,413921,105963776
simless,5,0,enron_full_103426,exact_ref,23270.382,1,0,413921,105963776
simless,6,0,enron_full_103426,exact_ref,23270.382,1,0,413921,105963776
simless,4,0,enron_full_103426,exact_ref,23270.382,1,0,413921,105963776
simless,6,0,enron_full_103581,exact_ref,25060.031,1,0,413921,105963776
simless,4,0,enron_full_103581,exact_ref,25060.031,1,0,413921,105963776
simless,5,0,enron_full_103581,exact_ref,25060.031,1,0,413921,105963776
simless,4,0,enron_full_104396,no_exact_ref,23168.883,0,37,413921,105963776
simless,5,0,enron_full_104396,no_exact_ref,23168.883,0,37,413921,105963776
simless,6,0,enron_full_104396,no_exact_ref,23168.883,0,37,413921,105963776
simless,5,0,enron_full_104402,exact_ref,25040.950,1,0,413921,105963776
simless,6,0,enron_full_104402,exact_ref,25040.950,1,0,413921,105963776
simless,4,0,enron_full_104402,exact_ref,25040.950,1,0,413921,105963776
simless,6,0,enron_full_104423,no_exact_ref,26763.832,0,56,413921,105963776
simless,4,0,enron_full_104423,no_exact_ref,26763.832,0,56,413921,105963776
simless,5,0,enron_full_104423,no_exact_ref,26763.832,0,56,413921,105963776
simless,4,0,enron_full_104598,exact_ref,29725.569,1,0,413921,105963776
simless,5,0,enron_full_104598,exact_ref,29725.569,1,0,413921,105963776
simless,6,0,enron_full_104598,exact_ref,29725.569,1,0,413921,105963776
simless,5,0,enron_full_105565,exact_ref,33145.470,1,0,413921,105963776
simless,6,0,enron_full_105565,exact_ref,33145.470,1,0,413921,105963776
simless,4,0,enron_full_105565,exact_ref,33145.470,1,0,413921,105963776
simless,6,0,enron_full_105930,exact_ref,33506.227,1,0,413921,105963776
simless,4,0,enron_full_105930,exact_ref,33506.227,1,0,413921,105963776
simless,5,0,enron_full_105930,exact_ref,33506.227,1,0,413921,105963776
simless,4,0,enron_full_106126,exact_ref,29544.240,1,0,413921,105963776
simless,5,0,enron_full_106126,exact_ref,29544.240,1,0,413921,105963776
simless,6,0,enron_full_106126,exact_ref,29544.240,1,0,413921,105963776
simless,5,0,enron_full_106135,exact_ref,25364.691,1,0,413921,105963776
simless,6,0,enron_full_106135,exact_ref,25364.691,1,0,413921,105963776
simless,4,0,enron_full_106135,exact_ref,25364.691,1,0,413921,105963776
simless,6,0,enron_full_108529,exact_ref,24818.371,1,0,413921,105963776
simless,4,0,enron_full_108529,exact_ref,24818.371,1,0,413921,105963776
simless,5,0,enron_full_108529,exact_ref,24818.371,1,0,413921,105963776
simless,4,0,enron_full_108654,exact_ref,23815.915,1,0,413921,105963776
simless,5,0,enron_full_108654,exact_ref,23815.915,1,0,413921,105963776
simless,6,0,enron_full_108654,exact_ref,23815.915,1,0,413921,105963776
simless,5,0,enron_full_108933,exact_ref,25122.007,1,0,413921,105963776
simless,6,0,enron_full_108933,exact_ref,25122.007,1,0,413921,105963776
simless,4,0,enron_full_108933,exact_ref,25122.007,1,0,413921,105963776
simless,6,0,enron_full_108996,exact_ref,24361.093,1,0,413921,105963776
simless,4,0,enron_full_108996,exact_ref,24361.093,1,0,413921,105963776
simless,5,0,enron_full_108996,exact_ref,24361.093,1,0,413921,105963776
simless,4,0,enron_full_109605,exact_ref,24820.608,1,0,413921,105963776
simless,5,0,enron_full_109605,exact_ref,24820.608,1,0,413921,105963776
simless,6,0,enron_full_109605,exact_ref,24820.608,1,0,413921,105963776
simless,5,0,enron_full_110370,exact_ref,24975.026,1,0,413921,105963776
simless,6,0,enron_full_110370,exact_ref,24975.026,1,0,413921,105963776
simless,4,0,enron_full_110370,exact_ref,24975.026,1,0,413921,105963776
simless,6,0,enron_full_111197,no_exact_ref,24910.905,0,64,413921,105963776
simless,4,0,enron_full_111197,no_exact_ref,24910.905,0,64,413921,105963776
simless,5,0,enron_full_111197,no_exact_ref,24910.905,0,64,413921,105963776
simless,4,0,enron_full_111665,exact_ref,24248.505,1,0,413921,105963776
simless,5,0,enron_full_111665,exact_ref,24248.505,1,0,413921,105963776
simless,6,0,enron_full_111665,exact_ref,24248.505,1,0,413921,105963776
simless,5,0,enron_full_111904,exact_ref,24202.760,1,0,413921,105963776
simless,6,0,enron_full_111904,exact_ref,24202.760,1,0,413921,105963776
simless,4,0,enron_full_111904,exact_ref,24202.760,1,0,413921,105963776
simless,6,0,enron_full_112694,exact_ref,24766.024,1,0,413921,105963776
simless,4,0,enron_full_112694,exact_ref,24766.024,1,0,413921,105963776
simless,5,0,enron_full_112694,exact_ref,24766.024,1,0,413921,105963776
simless,4,0,enron_full_113971,exact_ref,26239.197,1,0,413921,105963776
simless,5,0,enron_full_113971,exact_ref,26239.197,1,0,413921,105963776
simless,6,0,enron_full_113971,exact_ref,26239.197,1,0,413921,105963776
simless,5,0,enron_full_114650,exact_ref,27304.267,1,0,413921,105963776
simless,6,0,enron_full_114650,exact_ref,27304.267,1,0,413921,105963776
simless,4,0,enron_full_114650,exact_ref,27304.267,1,0,413921,105963776
simless,6,0,enron_full_115626,no_exact_ref,26762.545,0,94,413921,105963776
simless,4,0,enron_full_115626,no_exact_ref,26762.545,0,94,413921,105963776
simless,5,0,enron_full_115626,no_exact_ref,26762.545,0,94,413921,105963776
simless,4,0,enron_full_116065,exact_ref,26503.121,1,0,413921,105963776
simless,5,0,enron_full_116065,exact_ref,26503.121,1,0,413921,105963776
simless,6,0,enron_full_116065,exact_ref,26503.121,1,0,413921,105963776
simless,5,0,enron_full_116692,exact_ref,26273.425,1,0,413921,105963776
simless,6,0,enron_full_116692,exact_ref,26273.425,1,0,413921,105963776
simless,4,0,enron_full_116692,exact_ref,26273.425,1,0,413921,105963776
simless,6,0,enron_full_117087,exact_ref,24631.775,1,0,413921,105963776
simless,4,0,enron_full_117087,exact_ref,24631.775,1,0,413921,105963776
simless,5,0,enron_full_117087,exact_ref,24631.775,1,0,413921,105963776
simless,4,0,enron_full_117441,exact_ref,24610.465,1,0,413921,105963776
simless,5,0,enron_full_117441,exact_ref,24610.465,1,0,413921,105963776
simless,6,0,enron_full_117441,exact_ref,24610.465,1,0,413921,105963776
simless,5,0,enron_full_117988,exact_ref,28355.628,1,0,413921,105963776
simless,6,0,enron_full_117988,exact_ref,28355.628,1,0,413921,105963776
simless,4,0,enron_full_117988,exact_ref,28355.628,1,0,413921,105963776
simless,6,0,enron_full_118247,exact_ref,26077.444,1,0,413921,105963776
simless,4,0,enron_full_118247,exact_ref,26077.444,1,0,413921,105963776
simless,5,0,enron_full_118247,exact_ref,26077.444,1,0,413921,105963776
simless,4,0,enron_full_118573,exact_ref,26148.297,1,0,413921,105963776
simless,5,0,enron_full_118573,exact_ref,26148.297,1,0,413921,105963776
simless,6,0,enron_full_118573,exact_ref,26148.297,1,0,413921,105963776
simless,5,0,enron_full_119068,exact_ref,24883.678,1,0,413921,105963776
simless,6,0,enron_full_119068,exact_ref,24883.678,1,0,413921,105963776
simless,4,0,enron_full_119068,exact_ref,24883.678,1,0,413921,105963776
simless,6,0,enron_full_119674,no_exact_ref,22760.912,0,69,413921,105963776
simless,4,0,enron_full_119674,no_exact_ref,22760.912,0,69,413921,105963776
simless,5,0,enron_full_119674,no_exact_ref,22760.912,0,69,413921,105963776
simless,4,0,enron_full_119896,no_exact_ref,22810.147,0,25,413921,105963776
simless,5,0,enron_full_119896,no_exact_ref,22810.147,0,25,413921,105963776
simless,6,0,enron_full_119896,no_exact_ref,22810.147,0,25,413921,105963776
simless,5,0,enron_full_120534,exact_ref,23076.017,1,0,413921,105963776
simless,6,0,enron_full_120534,exact_ref,23076.017,1,0,413921,105963776
simless,4,0,enron_full_120534,exact_ref,23076.017,1,0,413921,105963776
simless,6,0,enron_full_120641,exact_ref,25901.335,1,0,413921,105963776
simless,4,0,enron_full_120641,exact_ref,25901.335,1,0,413921,105963776
simless,5,0,enron_full_120641,exact_ref,25901.335,1,0,413921,105963776
simless,4,0,enron_full_120822,exact_ref,26631.765,1,0,413921,105963776
simless,5,0,enron_full_120822,exact_ref,26631.765,1,0,413921,105963776
simless,6,0,enron_full_120822,exact_ref,26631.765,1,0,413921,105963776
simless,5,0,enron_full_121175,exact_ref,25837.738,1,0,413921,105963776
simless,6,0,enron_full_121175,exact_ref,25837.738,1,0,413921,105963776
simless,4,0,enron_full_121175,exact_ref,25837.738,1,0,413921,105963776
simless,6,0,enron_full_122290,no_exact_ref,24955.362,0,28,413921,105963776
simless,4,0,enron_full_122290,no_exact_ref,24955.362,0,28,413921,105963776
simless,5,0,enron_full_122290,no_exact_ref,24955.362,0,28,413921,105963776
simless,4,0,enron_full_122402,no_exact_ref,22798.502,0,90,413921,105963776
simless,5,0,enron_full_122402,no_exact_ref,22798.502,0,90,413921,105963776
simless,6,0,enron_full_122402,no_exact_ref,22798.502,0,90,413921,105963776
simless,5,0,enron_full_123831,exact_ref,23665.196,1,0,413921,105963776
simless,6,0,enron_full_123831,exact_ref,23665.196,1,0,413921,105963776
simless,4,0,enron_full_123831,exact_ref,23665.196,1,0,413921,105963776
simless,6,0,enron_full_124264,exact_ref,23410.301,1,0,413921,105963776
simless,4,0,enron_full_124264,exact_ref,23410.301,1,0,413921,105963776
simless,5,0,enron_full_124264,exact_ref,23410.301,1,0,413921,105963776
simless,4,0,enron_full_124451,exact_ref,23388.603,1,0,413921,105963776
simless,5,0,enron_full_124451,exact_ref,23388.603,1,0,413921,105963776
simless,6,0,enron_full_124451,exact_ref,23388.603,1,0,413921,105963776
simless,5,0,enron_full_126518,exact_ref,23191.023,1,0,413921,105963776
simless,6,0,enron_full_126518,exact_ref,23191.023,1,0,413921,105963776
simless,4,0,enron_full_126518,exact_ref,23191.023,1,0,413921,105963776
simless,6,0,enron_full_128013,no_exact_ref,23384.424,0,23,413921,105963776
simless,4,0,enron_full_128013,no_exact_ref,23384.424,0,23,413921,105963776
simless,5,0,enron_full_128013,no_exact_ref,23384.424,0,23,413921,105963776
simless,4,0,enron_full_128290,no_exact_ref,23065.329,0,41,413921,105963776
simless,5,0,enron_full_128290,no_exact_ref,23065.329,0,41,413921,105963776
simless,6,0,enron_full_128290,no_exact_ref,23065.329,0,41,413921,105963776
simless,5,0,enron_full_128461,exact_ref,23685.470,1,0,413921,105963776
simless,6,0,enron_full_128461,exact_ref,23685.470,1,0,413921,105963776
simless,4,0,enron_full_128461,exact_ref,23685.470,1,0,413921,105963776
simless,6,0,enron_full_129750,exact_ref,25544.919,1,0,413921,105963776
simless,4,0,enron_full_129750,exact_ref,25544.919,1,0,413921,105963776
simless,5,0,enron_full_129750,exact_ref,25544.919,1,0,413921,105963776
simless,4,0,enron_full_129922,exact_ref,26725.340,1,0,413921,105963776
simless,5,0,enron_full_129922,exact_ref,26725.340,1,0,413921,105963776
simless,6,0,enron_full_129922,exact_ref,26725.340,1,0,413921,105963776
simless,5,0,enron_full_129965,exact_ref,26996.372,1,0,413921,105963776
simless,6,0,enron_full_129965,exact_ref,26996.372,1,0,413921,105963776
simless,4,0,enron_full_129965,exact_ref,26996.372,1,0,413921,105963776
simless,6,0,enron_full_130406,exact_ref,26482.019,1,0,413921,105963776
simless,4,0,enron_full_130406,exact_ref,26482.019,1,0,413921,105963776
simless,5,0,enron_full_130406,exact_ref,26482.019,1,0,413921,105963776
simless,4,0,enron_full_130557,exact_ref,26271.200,1,0,413921,105963776
simless,5,0,enron_full_130557,exact_ref,26271.200,1,0,413921,105963776
simless,6,0,enron_full_130557,exact_ref,26271.200,1,0,413921,105963776
simless,5,0,enron_full_130818,exact_ref,24575.600,1,0,413921,105963776
simless,6,0,enron_full_130818,exact_ref,24575.600,1,0,413921,105963776
simless,4,0,enron_full_130818,exact_ref,24575.600,1,0,413921,105963776
simless,6,0,enron_full_131990,exact_ref,25900.887,1,0,413921,105963776
simless,4,0,enron_full_131990,exact_ref,25900.887,1,0,413921,105963776
simless,5,0,enron_full_131990,exact_ref,25900.887,1,0,413921,105963776
simless,4,0,enron_full_132971,exact_ref,25327.350,1,0,413921,105963776
simless,5,0,enron_full_132971,exact_ref,25327.350,1,0,413921,105963776
simless,6,0,enron_full_132971,exact_ref,25327.350,1,0,413921,105963776
simless,5,0,enron_full_133588,exact_ref,25202.475,1,0,413921,105963776
simless,6,0,enron_full_133588,exact_ref,25202.475,1,0,413921,105963776
simless,4,0,enron_full_133588,exact_ref,25202.475,1,0,413921,105963776
simless,6,0,enron_full_133819,exact_ref,26160.927,1,0,413921,105963776
simless,4,0,enron_full_133819,exact_ref,26160.927,1,0,413921,105963776
simless,5,0,enron_full_133819,exact_ref,26160.927,1,0,413921,105963776
simless,4,0,enron_full_134727,no_exact_ref,23889.025,0,90,413921,105963776
simless,5,0,enron_full_134727,no_exact_ref,23889.025,0,90,413921,105963776
simless,6,0,enron_full_134727,no_exact_ref,23889.025,0,90,413921,105963776
simless,5,0,enron_full_136330,exact_ref,23802.813,1,0,413921,105963776
simless,6,0,enron_full_136330,exact_ref,23802.813,1,0,413921,105963776
simless,4,0,enron_full_136330,exact_ref,23802.813,1,0,413921,105963776
simless,6,0,enron_full_137531,exact_ref,23582.033,1,0,413921,105963776
simless,4,0,enron_full_137531,exact_ref,23582.033,1,0,413921,105963776
simless,5,0,enron_full_137531,exact_ref,23582.033,1,0,413921,105963776
simless,4,0,enron_full_137711,exact_ref,24118.747,1,0,413921,105963776
simless,5,0,enron_full_137711,exact_ref,24118.747,1,0,413921,105963776
simless,6,0,enron_full_137711,exact_ref,24118.747,1,0,413921,105963776
simless,5,0,enron_full_139013,no_exact_ref,24653.149,0,92,413921,105963776
simless,6,0,enron_full_139013,no_exact_ref,24653.149,0,92,413921,105963776
simless,4,0,enron_full_139013,no_exact_ref,24653.149,0,92,413921,105963776
simless,6,0,enron_full_139188,exact_ref,24224.107,1,0,413921,105963776
simless,4,0,enron_full_139188,exact_ref,24224.107,1,0,413921,105963776
simless,5,0,enron_full_139188,exact_ref,24224.107,1,0,413921,105963776
simless,4,0,enron_full_139197,exact_ref,24802.499,1,0,413921,105963776
simless,5,0,enron_full_139197,exact_ref,24802.499,1,0,413921,105963776
simless,6,0,enron_full_139197,exact_ref,24802.499,1,0,413921,105963776
simless,5,0,enron_full_139486,exact_ref,25819.703,1,0,413921,105963776
simless,6,0,enron_full_139486,exact_ref,25819.703,1,0,413921,105963776
simless,4,0,enron_full_139486,exact_ref,25819.703,1,0,413921,105963776
simless,6,0,enron_full_140225,no_exact_ref,26783.702,0,14,413921,105963776
simless,4,0,enron_full_140225,no_exact_ref,26783.702,0,14,413921,105963776
simless,5,0,enron_full_140225,no_exact_ref,26783.702,0,14,413921,105963776
simless,4,0,enron_full_140420,exact_ref,25885.866,1,0,413921,105963776
simless,5,0,enron_full_140420,exact_ref,25885.866,1,0,413921,105963776
simless,6,0,enron_full_140420,exact_ref,25885.866,1,0,413921,105963776
simless,5,0,enron_full_140552,exact_ref,25265.245,1,0,413921,105963776
simless,6,0,enron_full_140552,exact_ref,25265.245,1,0,413921,105963776
simless,4,0,enron_full_140552,exact_ref,25265.245,1,0,413921,105963776
simless,6,0,enron_full_140885,exact_ref,24098.151,1,0,413921,105963776
simless,4,0,enron_full_140885,exact_ref,24098.151,1,0,413921,105963776
simless,5,0,enron_full_140885,exact_ref,24098.151,1,0,413921,105963776
simless,4,0,enron_full_141161,no_exact_ref,23350.081,0,78,413921,105963776
simless,5,0,enron_full_141161,no_exact_ref,23350.081,0,78,413921,105963776
simless,6,0,enron_full_141161,no_exact_ref,23350.081,0,78,413921,105963776
simless,5,0,enron_full_141985,exact_ref,24256.261,1,0,413921,105963776
simless,6,0,enron_full_141985,exact_ref,24256.261,1,0,413921,105963776
simless,4,0,enron_full_141985,exact_ref,24256.261,1,0,413921,105963776
simless,6,0,enron_full_142230,exact_ref,25617.846,1,0,413921,105963776
simless,4,0,enron_full_142230,exact_ref,25617.846,1,0,413921,105963776
simless,5,0,enron_full_142230,exact_ref,25617.846,1,0,413921,105963776
simless,4,0,enron_full_142612,exact_ref,23452.754,1,0,413921,105963776
simless,5,0,enron_full_142612,exact_ref,23452.754,1,0,413921,105963776
simless,6,0,enron_full_142612,exact_ref,23452.754,1,0,413921,105963776
simless,5,0,enron_full_143076,exact_ref,22941.049,1,0,413921,105963776
simless,6,0,enron_full_143076,exact_ref,22941.049,1,0,413921,105963776
simless,4,0,enron_full_143076,exact_ref,22941.049,1,0,413921,105963776
simless,6,0,enron_full_144720,no_exact_ref,22986.831,0,13,413921,105963776
simless,4,0,enron_full_144720,no_exact_ref,22986.831,0,13,413921,105963776
simless,5,0,enron_full_144720,no_exact_ref,22986.831,0,13,413921,105963776
simless,4,0,enron_full_144759,no_exact_ref,24326.153,0,74,413921,105963776
simless,5,0,enron_full_144759,no_exact_ref,24326.153,0,74,413921,105963776
simless,6,0,enron_full_144759,no_exact_ref,24326.153,0,74,413921,105963776
simless,5,0,enron_full_145061,exact_ref,23468.941,1,0,413921,105963776
simless,6,0,enron_full_145061,exact_ref,23468.941,1,0,413921,105963776
simless,4,0,enron_full_145061,exact_ref,23468.941,1,0,413921,105963776
simless,6,0,enron_full_146696,exact_ref,25949.239,1,0,413921,105963776
simless,4,0,enron_full_146696,exact_ref,25949.239,1,0,413921,105963776
simless,5,0,enron_full_146696,exact_ref,25949.239,1,0,413921,105963776
simless,4,0,enron_full_148007,exact_ref,25974.822,1,0,413921,105963776
simless,5,0,enron_full_148007,exact_ref,25974.822,1,0,413921,105963776
simless,6,0,enron_full_148007,exact_ref,25974.822,1,0,413921,105963776
simless,5,0,enron_full_148315,exact_ref,26999.635,1,0,413921,105963776
simless,6,0,enron_full_148315,exact_ref,26999.635,1,0,413921,105963776
simless,4,0,enron_full_148315,exact_ref,26999.635,1,0,413921,105963776
simless,6,0,enron_full_148338,exact_ref,27517.245,1,0,413921,105963776
simless,4,0,enron_full_148338,exact_ref,27517.245,1,0,413921,105963776
simless,5,0,enron_full_148338,exact_ref,27517.245,1,0,413921,105963776
simless,4,0,enron_full_149174,exact_ref,25685.583,1,0,413921,105963776
simless,5,0,enron_full_149174,exact_ref,25685.583,1,0,413921,105963776
simless,6,0,enron_full_149174,exact_ref,25685.583,1,0,413921,105963776
simless,5,0,enron_full_149842,exact_ref,24447.204,1,0,413921,105963776
simless,6,0,enron_full_149842,exact_ref,24447.204,1,0,413921,105963776
simless,4,0,enron_full_149842,exact_ref,24447.204,1,0,413921,105963776
simless,6,0,enron_full_150562,exact_ref,24270.065,1,0,413921,105963776
simless,4,0,enron_full_150562,exact_ref,24270.065,1,0,413921,105963776
simless,5,0,enron_full_150562,exact_ref,24270.065,1,0,413921,105963776
simless,4,0,enron_full_151773,no_exact_ref,24721.103,0,59,413921,105963776
simless,5,0,enron_full_151773,no_exact_ref,24721.103,0,59,413921,105963776
simless,6,0,enron_full_151773,no_exact_ref,24721.103,0,59,413921,105963776
simless,5,0,enron_full_152307,exact_ref,24466.653,1,0,413921,105963776
simless,6,0,enron_full_152307,exact_ref,24466.653,1,0,413921,105963776
simless,4,0,enron_full_152307,exact_ref,24466.653,1,0,413921,105963776
simless,6,0,enron_full_152987,exact_ref,24323.124,1,0,413921,105963776
simless,4,0,enron_full_152987,exact_ref,24323.124,1,0,413921,105963776
simless,5,0,enron_full_152987,exact_ref,24323.124,1,0,413921,105963776
simless,4,0,enron_full_153167,exact_ref,25683.596,1,0,413921,105963776
simless,5,0,enron_full_153167,exact_ref,25683.596,1,0,413921,105963776
simless,6,0,enron_full_153167,exact_ref,25683.596,1,0,413921,105963776
simless,5,0,enron_full_154125,no_exact_ref,26622.955,0,11,413921,105963776
simless,6,0,enron_full_154125,no_exact_ref,26622.955,0,11,413921,105963776
simless,4,0,enron_full_154125,no_exact_ref,26622.955,0,11,413921,105963776
simless,6,0,enron_full_154648,no_exact_ref,27142.299,0,86,413921,105963776
simless,4,0,enron_full_154648,no_exact_ref,27142.299,0,86,413921,105963776
simless,5,0,enron_full_154648,no_exact_ref,27142.299,0,86,413921,105963776
simless,4,0,enron_full_155829,exact_ref,26223.584,1,0,413921,105963776
simless,5,0,enron_full_155829,exact_ref,26223.584,1,0,413921,105963776
simless,6,0,enron_full_155829,exact_ref,26223.584,1,0,413921,105963776
simless,5,0,enron_full_156626,exact_ref,25508.405,1,0,413921,105963776
simless,6,0,enron_full_156626,exact_ref,25508.405,1,0,413921,105963776
simless,4,0,enron_full_156626,exact_ref,25508.405,1,0,413921,105963776
simless,6,0,enron_full_156811,exact_ref,24512.918,1,0,413921,105963776
simless,4,0,enron_full_156811,exact_ref,24512.918,1,0,413921,105963776
simless,5,0,enron_full_156811,exact_ref,24512.918,1,0,413921,105963776
simless,4,0,enron_full_158640,exact_ref,26255.803,1,0,413921,105963776
simless,5,0,enron_full_158640,exact_ref,26255.803,1,0,413921,105963776
simless,6,0,enron_full_158640,exact_ref,26255.803,1,0,413921,105963776
simless,5,0,enron_full_159222,exact_ref,27102.653,1,0,413921,105963776
simless,6,0,enron_full_159222,exact_ref,27102.653,1,0,413921,105963776
simless,4,0,enron_full_159222,exact_ref,27102.653,1,0,413921,105963776
simless,6,0,enron_full_159570,exact_ref,25354.615,1,0,413921,105963776
simless,4,0,enron_full_159570,exact_ref,25354.615,1,0,413921,105963776
simless,5,0,enron_full_159570,exact_ref,25354.615,1,0,413921,105963776
simless,4,0,enron_full_159687,exact_ref,26278.395,1,0,413921,105963776
simless,5,0,enron_full_159687,exact_ref,26278.395,1,0,413921,105963776
simless,6,0,enron_full_159687,exact_ref,26278.395,1,0,413921,105963776
simless,5,0,enron_full_161067,exact_ref,24161.598,1,0,413921,105963776
simless,6,0,enron_full_161067,exact_ref,24161.598,1,0,413921,105963776
simless,4,0,enron_full_161067,exact_ref,24161.598,1,0,413921,105963776
simless,6,0,enron_full_161301,exact_ref,24397.509,1,0,413921,105963776
simless,4,0,enron_full_161301,exact_ref,24397.509,1,0,413921,105963776
simless,5,0,enron_full_161301,exact_ref,24397.509,1,0,413921,105963776
simless,4,0,enron_full_161404,exact_ref,25999.847,1,0,413921,105963776
simless,5,0,enron_full_161404,exact_ref,25999.847,1,0,413921,105963776
simless,6,0,enron_full_161404,exact_ref,25999.847,1,0,413921,105963776
simless,5,0,enron_full_161839,no_exact_ref,24404.734,0,88,413921,105963776
simless,6,0,enron_full_161839,no_exact_ref,24404.734,0,88,413921,105963776
simless,4,0,enron_full_161839,no_exact_ref,24404.734,0,88,413921,105963776
simless,6,0,enron_full_162338,exact_ref,26355.781,1,0,413921,105963776
simless,4,0,enron_full_162338,exact_ref,26355.781,1,0,413921,105963776
simless,5,0,enron_full_162338,exact_ref,26355.781,1,0,413921,105963776
simless,4,0,enron_full_163700,no_exact_ref,28172.163,0,45,413921,105963776
simless,5,0,enron_full_163700,no_exact_ref,28172.163,0,45,413921,105963776
simless,6,0,enron_full_163700,no_exact_ref,28172.163,0,45,413921,105963776
simless,5,0,enron_full_163994,exact_ref,26613.986,1,0,413921,105963776
simless,6,0,enron_full_163994,exact_ref,26613.986,1,0,413921,105963776
simless,4,0,enron_full_163994,exact_ref,26613.986,1,0,413921,105963776
simless,6,0,enron_full_164128,no_exact_ref,26454.511,0,19,413921,105963776
simless,4,0,enron_full_164128,no_exact_ref,26454.511,0,19,413921,105963776
simless,5,0,enron_full_164128,no_exact_ref,26454.511,0,19,413921,105963776
simless,4,0,enron_full_164251,exact_ref,24309.068,1,0,413921,105963776
simless,5,0,enron_full_164251,exact_ref,24309.068,1,0,413921,105963776
simless,6,0,enron_full_164251,exact_ref,24309.068,1,0,413921,105963776
simless,5,0,enron_full_164751,no_exact_ref,24856.192,0,92,413921,105963776
simless,6,0,enron_full_164751,no_exact_ref,24856.192,0,92,413921,105963776
simless,4,0,enron_full_164751,no_exact_ref,24856.192,0,92,413921,105963776
simless,6,0,enron_full_164805,no_exact_ref,28471.437,0,94,413921,105963776
simless,4,0,enron_full_164805,no_exact_ref,28471.437,0,94,413921,105963776
simless,5,0,enron_full_164805,no_exact_ref,28471.437,0,94,413921,105963776
simless,4,0,enron_full_165550,no_exact_ref,27057.721,0,89,413921,105963776
simless,5,0,enron_full_165550,no_exact_ref,27057.721,0,89,413921,105963776
simless,6,0,enron_full_165550,no_exact_ref,27057.721,0,89,413921,105963776
simless,5,0,enron_full_165951,exact_ref,25864.543,1,0,413921,105963776
simless,6,0,enron_full_165951,exact_ref,25864.543,1,0,413921,105963776
simless,4,0,enron_full_165951,exact_ref,25864.543,1,0,413921,105963776
simless,6,0,enron_full_167260,exact_ref,25187.720,1,0,413921,105963776
simless,4,0,enron_full_167260,exact_ref,25187.720,1,0,413921,105963776
simless,5,0,enron_full_167260,exact_ref,25187.720,1,0,413921,105963776
simless,4,0,enron_full_168469,exact_ref,23628.820,1,0,413921,105963776
simless,5,0,enron_full_168469,exact_ref,23628.820,1,0,413921,105963776
simless,6,0,enron_full_168469,exact_ref,23628.820,1,0,413921,105963776
simless,5,0,enron_full_168971,exact_ref,23865.312,1,0,413921,105963776
simless,6,0,enron_full_168971,exact_ref,23865.312,1,0,413921,105963776
simless,4,0,enron_full_168971,exact_ref,23865.312,1,0,413921,105963776
simless,6,0,enron_full_170176,no_exact_ref,22800.891,0,92,413921,105963776
simless,4,0,enron_full_170176,no_exact_ref,22800.891,0,92,413921,105963776
simless,5,0,enron_full_170176,no_exact_ref,22800.891,0,92,413921,105963776
simless,4,0,enron_full_170711,exact_ref,24753.630,1,0,413921,105963776
simless,5,0,enron_full_170711,exact_ref,24753.630,1,0,413921,105963776
simless,6,0,enron_full_170711,exact_ref,24753.630,1,0,413921,105963776
simless,5,0,enron_full_170765,exact_ref,24176.626,1,0,413921,105963776
simless,6,0,enron_full_170765,exact_ref,24176.626,1,0,413921,105963776
simless,4,0,enron_full_170765,exact_ref,24176.626,1,0,413921,105963776
simless,6,0,enron_full_170860,no_exact_ref,24671.525,0,85,413921,105963776
simless,4,0,enron_full_170860,no_exact_ref,24671.525,0,85,413921,105963776
simless,5,0,enron_full_170860,no_exact_ref,24671.525,0,85,413921,105963776
simless,4,0,enron_full_171509,exact_ref,23881.842,1,0,413921,105963776
simless,5,0,enron_full_171509,exact_ref,23881.842,1,0,413921,105963776
simless,6,0,enron_full_171509,exact_ref,23881.842,1,0,413921,105963776
simless,5,0,enron_full_171797,no_exact_ref,24779.970,0,87,413921,105963776
simless,6,0,enron_full_171797,no_exact_ref,24779.970,0,87,413921,105963776
simless,4,0,enron_full_171797,no_exact_ref,24779.970,0,87,413921,105963776
simless,6,0,enron_full_172609,no_exact_ref,26441.384,0,93,413921,105963776
simless,4,0,enron_full_172609,no_exact_ref,26441.384,0,93,413921,105963776
simless,5,0,enron_full_172609,no_exact_ref,26441.384,0,93,413921,105963776
simless,4,0,enron_full_174436,exact_ref,25301.380,1,0,413921,105963776
simless,5,0,enron_full_174436,exact_ref,25301.380,1,0,413921,105963776
simless,6,0,enron_full_174436,exact_ref,25301.380,1,0,413921,105963776
simless,5,0,enron_full_174861,exact_ref,25924.494,1,0,413921,105963776
simless,6,0,enron_full_174861,exact_ref,25924.494,1,0,413921,105963776
simless,4,0,enron_full_174861,exact_ref,25924.494,1,0,413921,105963776
simless,6,0,enron_full_175011,no_exact_ref,28765.152,0,47,413921,105963776
simless,4,0,enron_full_175011,no_exact_ref,28765.152,0,47,413921,105963776
simless,5,0,enron_full_175011,no_exact_ref,28765.152,0,47,413921,105963776
simless,4,0,enron_full_176124,exact_ref,26452.046,1,0,413921,105963776
simless,5,0,enron_full_176124,exact_ref,26452.046,1,0,413921,105963776
simless,6,0,enron_full_176124,exact_ref,26452.046,1,0,413921,105963776
simless,5,0,enron_full_176753,exact_ref,26308.839,1,0,413921,105963776
simless,6,0,enron_full_176753,exact_ref,26308.839,1,0,413921,105963776
simless,4,0,enron_full_176753,exact_ref,26308.839,1,0,413921,105963776
simless,6,0,enron_full_178212,exact_ref,25766.918,1,0,413921,105963776
simless,4,0,enron_full_178212,exact_ref,25766.918,1,0,413921,105963776
simless,5,0,enron_full_178212,exact_ref,25766.918,1,0,413921,105963776
simless,4,0,enron_full_178550,exact_ref,29069.486,1,0,413921,105963776
simless,5,0,enron_full_178550,exact_ref,29069.486,1,0,413921,105963776
simless,6,0,enron_full_178550,exact_ref,29069.486,1,0,413921,105963776
simless,5,0,enron_full_179413,exact_ref,28868.840,1,0,413921,105963776
simless,6,0,enron_full_179413,exact_ref,28868.840,1,0,413921,105963776
simless,4,0,enron_full_179413,exact_ref,28868.840,1,0,413921,105963776
simless,6,0,enron_full_179791,exact_ref,28524.325,1,0,413921,105963776
simless,4,0,enron_full_179791,exact_ref,28524.325,1,0,413921,105963776
simless,5,0,enron_full_179791,exact_ref,28524.325,1,0,413921,105963776
simless,4,0,enron_full_180640,exact_ref,26969.417,1,0,413921,105963776
simless,5,0,enron_full_180640,exact_ref,26969.417,1,0,413921,105963776
simless,6,0,enron_full_180640,exact_ref,26969.417,1,0,413921,105963776
simless,5,0,enron_full_181037,exact_ref,25003.539,1,0,413921,105963776
simless,6,0,enron_full_181037,exact_ref,25003.539,1,0,413921,105963776
simless,4,0,enron_full_181037,exact_ref,25003.539,1,0,413921,105963776
simless,6,0,enron_full_181456,exact_ref,25846.907,1,0,413921,105963776
simless,4,0,enron_full_181456,exact_ref,25846.907,1,0,413921,105963776
simless,5,0,enron_full_181456,exact_ref,25846.907,1,0,413921,105963776
simless,4,0,enron_full_181872,exact_ref,24166.636,1,0,413921,105963776
simless,5,0,enron_full_181872,exact_ref,24166.636,1,0,413921,105963776
simless,6,0,enron_full_181872,exact_ref,24166.636,1,0,413921,105963776
simless,5,0,enron_full_181885,exact_ref,25255.140,1,0,413921,105963776
simless,6,0,enron_full_181885,exact_ref,25255.140,1,0,413921,105963776
simless,4,0,enron_full_181885,exact_ref,25255.140,1,0,413921,105963776
simless,6,0,enron_full_182915,exact_ref,24870.569,1,0,413921,105963776
simless,4,0,enron_full_182915,exact_ref,24870.569,1,0,413921,105963776
simless,5,0,enron_full_182915,exact_ref,24870.569,1,0,413921,105963776
simless,4,0,enron_full_182942,exact_ref,28374.037,1,0,413921,105963776
simless,5,0,enron_full_182942,exact_ref,28374.037,1,0,413921,105963776
simless,6,0,enron_full_182942,exact_ref,28374.037,1,0,413921,105963776
simless,5,0,enron_full_183169,exact_ref,26932.702,1,0,413921,105963776
simless,6,0,enron_full_183169,exact_ref,26932.702,1,0,413921,105963776
simless,4,0,enron_full_183169,exact_ref,26932.702,1,0,413921,105963776
simless,6,0,enron_full_183297,exact_ref,25647.084,1,0,413921,105963776
simless,4,0,enron_full_183297,exact_ref,25647.084,1,0,413921,105963776
simless,5,0,enron_full_183297,exact_ref,25647.084,1,0,413921,105963776
simless,4,0,enron_full_183379,exact_ref,24398.816,1,0,413921,105963776
simless,5,0,enron_full_183379,exact_ref,24398.816,1,0,413921,105963776
simless,6,0,enron_full_183379,exact_ref,24398.816,1,0,413921,105963776
simless,5,0,enron_full_183388,exact_ref,23892.179,1,0,413921,105963776
simless,6,0,enron_full_183388,exact_ref,23892.179,1,0,413921,105963776
simless,4,0,enron_full_183388,exact_ref,23892.179,1,0,413921,105963776
simless,6,0,enron_full_183934,exact_ref,23645.154,1,0,413921,105963776
simless,4,0,enron_full_183934,exact_ref,23645.154,1,0,413921,105963776
simless,5,0,enron_full_183934,exact_ref,23645.154,1,0,413921,105963776
simless,4,0,enron_full_184508,exact_ref,24154.225,1,0,413921,105963776
simless,5,0,enron_full_184508,exact_ref,24154.225,1,0,413921,105963776
simless,6,0,enron_full_184508,exact_ref,24154.225,1,0,413921,105963776
simless,5,0,enron_full_185731,no_exact_ref,23778.472,0,87,413921,105963776
simless,6,0,enron_full_185731,no_exact_ref,23778.472,0,87,413921,105963776
simless,4,0,enron_full_185731,no_exact_ref,23778.472,0,87,413921,105963776
simless,6,0,enron_full_186258,exact_ref,24273.242,1,0,413921,105963776
simless,4,0,enron_full_186258,exact_ref,24273.242,1,0,413921,105963776
simless,5,0,enron_full_186258,exact_ref,24273.242,1,0,413921,105963776
simless,4,0,enron_full_186778,exact_ref,23069.662,1,0,413921,105963776
simless,5,0,enron_full_186778,exact_ref,23069.662,1,0,413921,105963776
simless,6,0,enron_full_186778,exact_ref,23069.662,1,0,413921,105963776
simless,5,0,enron_full_187181,exact_ref,24007.525,1,0,413921,105963776
simless,6,0,enron_full_187181,exact_ref,24007.525,1,0,413921,105963776
simless,4,0,enron_full_187181,exact_ref,24007.525,1,0,413921,105963776
simless,6,0,enron_full_187432,exact_ref,23584.144,1,0,413921,105963776
simless,4,0,enron_full_187432,exact_ref,23584.144,1,0,413921,105963776
simless,5,0,enron_full_187432,exact_ref,23584.144,1,0,413921,105963776
simless,4,0,enron_full_187706,exact_ref,24849.509,1,0,413921,105963776
simless,5,0,enron_full_187706,exact_ref,24849.509,1,0,413921,105963776
simless,6,0,enron_full_187706,exact_ref,24849.509,1,0,413921,105963776
simless,5,0,enron_full_188453,exact_ref,25605.357,1,0,413921,105963776
simless,6,0,enron_full_188453,exact_ref,25605.357,1,0,413921,105963776
simless,4,0,enron_full_188453,exact_ref,25605.357,1,0,413921,105963776
simless,6,0,enron_full_189842,exact_ref,26097.431,1,0,413921,105963776
simless,4,0,enron_full_189842,exact_ref,26097.431,1,0,413921,105963776
simless,5,0,enron_full_189842,exact_ref,26097.431,1,0,413921,105963776
simless,4,0,enron_full_189980,exact_ref,27401.974,1,0,413921,105963776
simless,5,0,enron_full_189980,exact_ref,27401.974,1,0,413921,105963776
simless,6,0,enron_full_189980,exact_ref,27401.974,1,0,413921,105963776
simless,5,0,enron_full_191466,exact_ref,26197.121,1,0,413921,105963776
simless,6,0,enron_full_191466,exact_ref,26197.121,1,0,413921,105963776
simless,4,0,enron_full_191466,exact_ref,26197.121,1,0,413921,105963776
simless,6,0,enron_full_191744,no_exact_ref,24800.961,0,17,413921,105963776
simless,4,0,enron_full_191744,no_exact_ref,24800.961,0,17,413921,105963776
simless,5,0,enron_full_191744,no_exact_ref,24800.961,0,17,413921,105963776
simless,4,0,enron_full_191882,exact_ref,24561.161,1,0,413921,105963776
simless,5,0,enron_full_191882,exact_ref,24561.161,1,0,413921,105963776
simless,6,0,enron_full_191882,exact_ref,24561.161,1,0,413921,105963776
simless,5,0,enron_full_193162,exact_ref,24812.349,1,0,413921,105963776
simless,6,0,enron_full_193162,exact_ref,24812.349,1,0,413921,105963776
simless,4,0,enron_full_193162,exact_ref,24812.349,1,0,413921,105963776
simless,6,0,enron_full_195402,exact_ref,24283.000,1,0,413921,105963776
simless,4,0,enron_full_195402,exact_ref,24283.000,1,0,413921,105963776
simless,5,0,enron_full_195402,exact_ref,24283.000,1,0,413921,105963776
simless,4,0,enron_full_195600,exact_ref,23962.477,1,0,413921,105963776
simless,5,0,enron_full_195600,exact_ref,23962.477,1,0,413921,105963776
simless,6,0,enron_full_195600,exact_ref,23962.477,1,0,413921,105963776
simless,5,0,enron_full_195759,exact_ref,24955.490,1,0,413921,105963776
simless,6,0,enron_full_195759,exact_ref,24955.490,1,0,413921,105963776
simless,4,0,enron_full_195759,exact_ref,24955.490,1,0,413921,105963776
simless,6,0,enron_full_196134,exact_ref,23225.381,1,0,413921,105963776
simless,4,0,enron_full_196134,exact_ref,23225.381,1,0,413921,105963776
simless,5,0,enron_full_196134,exact_ref,23225.381,1,0,413921,105963776
simless,4,0,enron_full_197175,exact_ref,24938.211,1,0,413921,105963776
simless,5,0,enron_full_197175,exact_ref,24938.211,1,0,413921,105963776
simless,6,0,enron_full_197175,exact_ref,24938.211,1,0,413921,105963776
simless,5,0,enron_full_197216,exact_ref,23524.386,1,0,413921,105963776
simless,6,0,enron_full_197216,exact_ref,23524.386,1,0,413921,105963776
simless,4,0,enron_full_197216,exact_ref,23524.386,1,0,413921,105963776
simless,6,0,enron_full_197678,exact_ref,24533.782,1,0,413921,105963776
simless,4,0,enron_full_197678,exact_ref,24533.782,1,0,413921,105963776
simless,5,0,enron_full_197678,exact_ref,24533.782,1,0,413921,105963776
simless,4,0,enron_full_198102,exact_ref,24533.297,1,0,413921,105963776
simless,5,0,enron_full_198102,exact_ref,24533.297,1,0,413921,105963776
simless,6,0,enron_full_198102,exact_ref,24533.297,1,0,413921,105963776
simless,5,0,enron_full_198996,exact_ref,24179.419,1,0,413921,105963776
simless,6,0,enron_full_198996,exact_ref,24179.419,1,0,413921,105963776
simless,4,0,enron_full_198996,exact_ref,24179.419,1,0,413921,105963776
simless,6,0,enron_full_200327,exact_ref,25903.848,1,0,413921,105963776
simless,4,0,enron_full_200327,exact_ref,25903.848,1,0,413921,105963776
simless,5,0,enron_full_200327,exact_ref,25903.848,1,0,413921,105963776
simless,4,0,enron_full_200476,exact_ref,25362.891,1,0,413921,105963776
simless,5,0,enron_full_200476,exact_ref,25362.891,1,0,413921,105963776
simless,6,0,enron_full_200476,exact_ref,25362.891,1,0,413921,105963776
simless,5,0,enron_full_201608,exact_ref,49340.180,1,0,413921,105963776
simless,6,0,enron_full_201608,exact_ref,49340.180,1,0,413921,105963776
simless,4,0,enron_full_201608,exact_ref,49340.180,1,0,413921,105963776
simless,6,0,enron_full_202547,exact_ref,44286.503,1,0,413921,105963776
simless,4,0,enron_full_202547,exact_ref,44286.503,1,0,413921,105963776
simless,5,0,enron_full_202547,exact_ref,44286.503,1,0,413921,105963776
simless,4,0,enron_full_202611,no_exact_ref,36686.217,0,81,413921,105963776
simless,5,0,enron_full_202611,no_exact_ref,36686.217,0,81,413921,105963776
simless,6,0,enron_full_202611,no_exact_ref,36686.217,0,81,413921,105963776
simless,5,0,enron_full_203046,exact_ref,34298.237,1,0,413921,105963776
simless,6,0,enron_full_203046,exact_ref,34298.237,1,0,413921,105963776
simless,4,0,enron_full_203046,exact_ref,34298.237,1,0,413921,105963776
simless,6,0,enron_full_204937,exact_ref,32624.903,1,0,413921,105963776
simless,4,0,enron_full_204937,exact_ref,32624.903,1,0,413921,105963776
simless,5,0,enron_full_204937,exact_ref,32624.903,1,0,413921,105963776
simless,4,0,enron_full_205754,exact_ref,33812.673,1,0,413921,105963776
simless,5,0,enron_full_205754,exact_ref,33812.673,1,0,413921,105963776
simless,6,0,enron_full_205754,exact_ref,33812.673,1,0,413921,105963776
simless,5,0,enron_full_205846,exact_ref,29760.141,1,0,413921,105963776
simless,6,0,enron_full_205846,exact_ref,29760.141,1,0,413921,105963776
simless,4,0,enron_full_205846,exact_ref,29760.141,1,0,413921,105963776
simless,6,0,enron_full_206132,exact_ref,33082.437,1,0,413921,105963776
simless,4,0,enron_full_206132,exact_ref,33082.437,1,0,413921,105963776
simless,5,0,enron_full_206132,exact_ref,33082.437,1,0,413921,105963776
simless,4,0,enron_full_206426,exact_ref,34242.777,1,0,413921,105963776
simless,5,0,enron_full_206426,exact_ref,34242.777,1,0,413921,105963776
simless,6,0,enron_full_206426,exact_ref,34242.777,1,0,413921,105963776
simless,5,0,enron_full_206631,no_exact_ref,38898.982,0,92,413921,105963776
simless,6,0,enron_full_206631,no_exact_ref,38898.982,0,92,413921,105963776
simless,4,0,enron_full_206631,no_exact_ref,38898.982,0,92,413921,105963776
simless,6,0,enron_full_206780,exact_ref,25246.659,1,0,413921,105963776
simless,4,0,enron_full_206780,exact_ref,25246.659,1,0,413921,105963776
simless,5,0,enron_full_206780,exact_ref,25246.659,1,0,413921,105963776
simless,4,0,enron_full_207863,exact_ref,25255.765,1,0,413921,105963776
simless,5,0,enron_full_207863,exact_ref,25255.765,1,0,413921,105963776
simless,6,0,enron_full_207863,exact_ref,25255.765,1,0,413921,105963776
simless,5,0,enron_full_208242,exact_ref,24067.305,1,0,413921,105963776
simless,6,0,enron_full_208242,exact_ref,24067.305,1,0,413921,105963776
simless,4,0,enron_full_208242,exact_ref,24067.305,1,0,413921,105963776
simless,6,0,enron_full_208362,exact_ref,25644.373,1,0,413921,105963776
simless,4,0,enron_full_208362,exact_ref,25644.373,1,0,413921,105963776
simless,5,0,enron_full_208362,exact_ref,25644.373,1,0,413921,105963776
simless,4,0,enron_full_209030,exact_ref,23651.137,1,0,413921,105963776
simless,5,0,enron_full_209030,exact_ref,23651.137,1,0,413921,105963776
simless,6,0,enron_full_209030,exact_ref,23651.137,1,0,413921,105963776
simless,5,0,enron_full_209358,exact_ref,25205.162,1,0,413921,105963776
simless,6,0,enron_full_209358,exact_ref,25205.162,1,0,413921,105963776
simless,4,0,enron_full_209358,exact_ref,25205.162,1,0,413921,105963776
simless,6,0,enron_full_209479,exact_ref,23939.477,1,0,413921,105963776
simless,4,0,enron_full_209479,exact_ref,23939.477,1,0,413921,105963776
simless,5,0,enron_full_209479,exact_ref,23939.477,1,0,413921,105963776
simless,4,0,enron_full_209859,exact_ref,24218.744,1,0,413921,105963776
simless,5,0,enron_full_209859,exact_ref,24218.744,1,0,413921,105963776
simless,6,0,enron_full_209859,exact_ref,24218.744,1,0,413921,105963776
simless,5,0,enron_full_209958,exact_ref,25502.354,1,0,413921,105963776
simless,6,0,enron_full_209958,exact_ref,25502.354,1,0,413921,105963776
simless,4,0,enron_full_209958,exact_ref,25502.354,1,0,413921,105963776
simless,6,0,enron_full_210032,no_exact_ref,23455.997,1,6,413921,105963776
simless,4,0,enron_full_210032,no_exact_ref,23455.997,0,6,413921,105963776
simless,5,0,enron_full_210032,no_exact_ref,23455.997,0,6,413921,105963776
simless,4,0,enron_full_210772,exact_ref,37304.808,1,0,413921,105963776
simless,5,0,enron_full_210772,exact_ref,37304.808,1,0,413921,105963776
simless,6,0,enron_full_210772,exact_ref,37304.808,1,0,413921,105963776
simless,5,0,enron_full_211094,no_exact_ref,32687.890,0,96,413921,105963776
simless,6,0,enron_full_211094,no_exact_ref,32687.890,0,96,413921,105963776
simless,4,0,enron_full_211094,no_exact_ref,32687.890,0,96,413921,105963776
simless,6,0,enron_full_211389,exact_ref,26377.900,1,0,413921,105963776
simless,4,0,enron_full_211389,exact_ref,26377.900,1,0,413921,105963776
simless,5,0,enron_full_211389,exact_ref,26377.900,1,0,413921,105963776
simless,4,0,enron_full_211892,no_exact_ref,29387.178,0,86,413921,105963776
simless,5,0,enron_full_211892,no_exact_ref,29387.178,0,86,413921,105963776
simless,6,0,enron_full_211892,no_exact_ref,29387.178,0,86,413921,105963776
simless,5,0,enron_full_211966,no_exact_ref,24330.588,0,89,413921,105963776
simless,6,0,enron_full_211966,no_exact_ref,24330.588,0,89,413921,105963776
simless,4,0,enron_full_211966,no_exact_ref,24330.588,0,89,413921,105963776
simless,6,0,enron_full_212202,no_exact_ref,27737.607,0,25,413921,105963776
simless,4,0,enron_full_212202,no_exact_ref,27737.607,0,25,413921,105963776
simless,5,0,enron_full_212202,no_exact_ref,27737.607,0,25,413921,105963776
simless,4,0,enron_full_213178,no_exact_ref,26804.671,0,23,413921,105963776
simless,5,0,enron_full_213178,no_exact_ref,26804.671,0,23,413921,105963776
simless,6,0,enron_full_213178,no_exact_ref,26804.671,0,23,413921,105963776
simless,5,0,enron_full_214684,exact_ref,26147.697,1,0,413921,105963776
simless,6,0,enron_full_214684,exact_ref,26147.697,1,0,413921,105963776
simless,4,0,enron_full_214684,exact_ref,26147.697,1,0,413921,105963776
simless,6,0,enron_full_214861,exact_ref,27048.223,1,0,413921,105963776
simless,4,0,enron_full_214861,exact_ref,27048.223,1,0,413921,105963776
simless,5,0,enron_full_214861,exact_ref,27048.223,1,0,413921,105963776
simless,4,0,enron_full_214866,exact_ref,24146.609,1,0,413921,105963776
simless,5,0,enron_full_214866,exact_ref,24146.609,1,0,413921,105963776
simless,6,0,enron_full_214866,exact_ref,24146.609,1,0,413921,105963776
simless,5,0,enron_full_214883,exact_ref,25870.817,1,0,413921,105963776
simless,6,0,enron_full_214883,exact_ref,25870.817,1,0,413921,105963776
simless,4,0,enron_full_214883,exact_ref,25870.817,1,0,413921,105963776
simless,6,0,enron_full_215380,exact_ref,25482.014,1,0,413921,105963776
simless,4,0,enron_full_215380,exact_ref,25482.014,1,0,413921,105963776
simless,5,0,enron_full_215380,exact_ref,25482.014,1,0,413921,105963776
simless,4,0,enron_full_215696,exact_ref,25050.024,1,0,413921,105963776
simless,5,0,enron_full_215696,exact_ref,25050.024,1,0,413921,105963776
simless,6,0,enron_full_215696,exact_ref,25050.024,1,0,413921,105963776
simless,5,0,enron_full_216853,exact_ref,23325.107,1,0,413921,105963776
simless,6,0,enron_full_216853,exact_ref,23325.107,1,0,413921,105963776
simless,4,0,enron_full_216853,exact_ref,23325.107,1,0,413921,105963776
simless,6,0,enron_full_218707,exact_ref,26919.606,1,0,413921,105963776
simless,4,0,enron_full_218707,exact_ref,26919.606,1,0,413921,105963776
simless,5,0,enron_full_218707,exact_ref,26919.606,1,0,413921,105963776
simless,4,0,enron_full_219044,exact_ref,27790.893,1,0,413921,105963776
simless,5,0,enron_full_219044,exact_ref,27790.893,1,0,413921,105963776
simless,6,0,enron_full_219044,exact_ref,27790.893,1,0,413921,105963776
simless,5,0,enron_full_219142,exact_ref,29907.670,1,0,413921,105963776
simless,6,0,enron_full_219142,exact_ref,29907.670,1,0,413921,105963776
simless,4,0,enron_full_219142,exact_ref,29907.670,1,0,413921,105963776
simless,6,0,enron_full_219243,exact_ref,28438.495,1,0,413921,105963776
simless,4,0,enron_full_219243,exact_ref,28438.495,1,0,413921,105963776
simless,5,0,enron_full_219243,exact_ref,28438.495,1,0,413921,105963776
simless,4,0,enron_full_219501,no_exact_ref,28825.862,0,19,413921,105963776
simless,5,0,enron_full_219501,no_exact_ref,28825.862,0,19,413921,105963776
simless,6,0,enron_full_219501,no_exact_ref,28825.862,0,19,413921,105963776
simless,5,0,enron_full_219509,no_exact_ref,26676.407,0,11,413921,105963776
simless,6,0,enron_full_219509,no_exact_ref,26676.407,0,11,413921,105963776
simless,4,0,enron_full_219509,no_exact_ref,26676.407,0,11,413921,105963776
simless,6,0,enron_full_219658,no_exact_ref,26444.648,0,95,413921,105963776
simless,4,0,enron_full_219658,no_exact_ref,26444.648,0,95,413921,105963776
simless,5,0,enron_full_219658,no_exact_ref,26444.648,0,95,413921,105963776
simless,4,0,enron_full_220234,exact_ref,26212.437,1,0,413921,105963776
simless,5,0,enron_full_220234,exact_ref,26212.437,1,0,413921,105963776
simless,6,0,enron_full_220234,exact_ref,26212.437,1,0,413921,105963776
simless,5,0,enron_full_220556,exact_ref,27264.916,1,0,413921,105963776
simless,6,0,enron_full_220556,exact_ref,27264.916,1,0,413921,105963776
simless,4,0,enron_full_220556,exact_ref,27264.916,1,0,413921,105963776
simless,6,0,enron_full_221304,exact_ref,26659.134,1,0,413921,105963776
simless,4,0,enron_full_221304,exact_ref,26659.134,1,0,413921,105963776
simless,5,0,enron_full_221304,exact_ref,26659.134,1,0,413921,105963776
simless,4,0,enron_full_223253,exact_ref,25510.499,1,0,413921,105963776
simless,5,0,enron_full_223253,exact_ref,25510.499,1,0,413921,105963776
simless,6,0,enron_full_223253,exact_ref,25510.499,1,0,413921,105963776
simless,5,0,enron_full_223630,exact_ref,25397.903,1,0,413921,105963776
simless,6,0,enron_full_223630,exact_ref,25397.903,1,0,413921,105963776
simless,4,0,enron_full_223630,exact_ref,25397.903,1,0,413921,105963776
simless,6,0,enron_full_223933,exact_ref,25426.862,1,0,413921,105963776
simless,4,0,enron_full_223933,exact_ref,25426.862,1,0,413921,105963776
simless,5,0,enron_full_223933,exact_ref,25426.862,1,0,413921,105963776
simless,4,0,enron_full_224076,exact_ref,26581.502,1,0,413921,105963776
simless,5,0,enron_full_224076,exact_ref,26581.502,1,0,413921,105963776
simless,6,0,enron_full_224076,exact_ref,26581.502,1,0,413921,105963776
simless,5,0,enron_full_224176,exact_ref,29924.400,1,0,413921,105963776
simless,6,0,enron_full_224176,exact_ref,29924.400,1,0,413921,105963776
simless,4,0,enron_full_224176,exact_ref,29924.400,1,0,413921,105963776
simless,6,0,enron_full_224421,exact_ref,28326.678,1,0,413921,105963776
simless,4,0,enron_full_224421,exact_ref,28326.678,1,0,413921,105963776
simless,5,0,enron_full_224421,exact_ref,28326.678,1,0,413921,105963776
simless,4,0,enron_full_226002,no_exact_ref,26847.243,0,92,413921,105963776
simless,5,0,enron_full_226002,no_exact_ref,26847.243,0,92,413921,105963776
simless,6,0,enron_full_226002,no_exact_ref,26847.243,0,92,413921,105963776
simless,5,0,enron_full_226675,exact_ref,25681.159,1,0,413921,105963776
simless,6,0,enron_full_226675,exact_ref,25681.159,1,0,413921,105963776
simless,4,0,enron_full_226675,exact_ref,25681.159,1,0,413921,105963776
simless,6,0,enron_full_227135,exact_ref,24767.883,1,0,413921,105963776
simless,4,0,enron_full_227135,exact_ref,24767.883,1,0,413921,105963776
simless,5,0,enron_full_227135,exact_ref,24767.883,1,0,413921,105963776
simless,4,0,enron_full_227290,no_exact_ref,27194.816,0,49,413921,105963776
simless,5,0,enron_full_227290,no_exact_ref,27194.816,0,49,413921,105963776
simless,6,0,enron_full_227290,no_exact_ref,27194.816,0,49,413921,105963776
simless,5,0,enron_full_227315,exact_ref,26340.469,1,0,413921,105963776
simless,6,0,enron_full_227315,exact_ref,26340.469,1,0,413921,105963776
simless,4,0,enron_full_227315,exact_ref,26340.469,1,0,413921,105963776
simless,6,0,enron_full_227317,no_exact_ref,25411.644,1,0,413921,105963776
simless,4,0,enron_full_227317,no_exact_ref,25411.644,1,0,413921,105963776
simless,5,0,enron_full_227317,no_exact_ref,25411.644,1,0,413921,105963776
simless,4,0,enron_full_227401,exact_ref,26777.124,1,0,413921,105963776
simless,5,0,enron_full_227401,exact_ref,26777.124,1,0,413921,105963776
simless,6,0,enron_full_227401,exact_ref,26777.124,1,0,413921,105963776
simless,5,0,enron_full_227576,exact_ref,27925.292,1,0,413921,105963776
simless,6,0,enron_full_227576,exact_ref,27925.292,1,0,413921,105963776
simless,4,0,enron_full_227576,exact_ref,27925.292,1,0,413921,105963776
simless,6,0,enron_full_228518,exact_ref,25341.616,1,0,413921,105963776
simless,4,0,enron_full_228518,exact_ref,25341.616,1,0,413921,105963776
simless,5,0,enron_full_228518,exact_ref,25341.616,1,0,413921,105963776
simless,4,0,enron_full_228640,exact_ref,26547.824,1,0,413921,105963776
simless,5,0,enron_full_228640,exact_ref,26547.824,1,0,413921,105963776
simless,6,0,enron_full_228640,exact_ref,26547.824,1,0,413921,105963776
simless,5,0,enron_full_229065,exact_ref,34741.957,1,0,413921,105963776
simless,6,0,enron_full_229065,exact_ref,34741.957,1,0,413921,105963776
simless,4,0,enron_full_229065,exact_ref,34741.957,1,0,413921,105963776
simless,6,0,enron_full_229125,exact_ref,34204.364,1,0,413921,105963776
simless,4,0,enron_full_229125,exact_ref,34204.364,1,0,413921,105963776
simless,5,0,enron_full_229125,exact_ref,34204.364,1,0,413921,105963776
simless,4,0,enron_full_230449,exact_ref,27157.204,1,0,413921,105963776
simless,5,0,enron_full_230449,exact_ref,27157.204,1,0,413921,105963776
simless,6,0,enron_full_230449,exact_ref,27157.204,1,0,413921,105963776
simless,5,0,enron_full_230615,exact_ref,26836.523,1,0,413921,105963776
simless,6,0,enron_full_230615,exact_ref,26836.523,1,0,413921,105963776
simless,4,0,enron_full_230615,exact_ref,26836.523,1,0,413921,105963776
simless,6,0,enron_full_231206,exact_ref,24827.087,1,0,413921,105963776
simless,4,0,enron_full_231206,exact_ref,24827.087,1,0,413921,105963776
simless,5,0,enron_full_231206,exact_ref,24827.087,1,0,413921,105963776
simless,4,0,enron_full_232509,exact_ref,24898.887,1,0,413921,105963776
simless,5,0,enron_full_232509,exact_ref,24898.887,1,0,413921,105963776
simless,6,0,enron_full_232509,exact_ref,24898.887,1,0,413921,105963776
simless,5,0,enron_full_232529,exact_ref,24587.978,1,0,413921,105963776
simless,6,0,enron_full_232529,exact_ref,24587.978,1,0,413921,105963776
simless,4,0,enron_full_232529,exact_ref,24587.978,1,0,413921,105963776
simless,6,0,enron_full_232592,exact_ref,25589.858,1,0,413921,105963776
simless,4,0,enron_full_232592,exact_ref,25589.858,1,0,413921,105963776
simless,5,0,enron_full_232592,exact_ref,25589.858,1,0,413921,105963776
simless,4,0,enron_full_232830,exact_ref,24910.931,1,0,413921,105963776
simless,5,0,enron_full_232830,exact_ref,24910.931,1,0,413921,105963776
simless,6,0,enron_full_232830,exact_ref,24910.931,1,0,413921,105963776
simless,5,0,enron_full_232998,exact_ref,25281.212,1,0,413921,105963776
simless,6,0,enron_full_232998,exact_ref,25281.212,1,0,413921,105963776
simless,4,0,enron_full_232998,exact_ref,25281.212,1,0,413921,105963776
simless,6,0,enron_full_233012,exact_ref,26423.004,1,0,413921,105963776
simless,4,0,enron_full_233012,exact_ref,26423.004,1,0,413921,105963776
simless,5,0,enron_full_233012,exact_ref,26423.004,1,0,413921,105963776
simless,4,0,enron_full_233273,exact_ref,26640.532,1,0,413921,105963776
simless,5,0,enron_full_233273,exact_ref,26640.532,1,0,413921,105963776
simless,6,0,enron_full_233273,exact_ref,26640.532,1,0,413921,105963776
simless,5,0,enron_full_233711,exact_ref,26927.848,1,0,413921,105963776
simless,6,0,enron_full_233711,exact_ref,26927.848,1,0,413921,105963776
simless,4,0,enron_full_233711,exact_ref,26927.848,1,0,413921,105963776
simless,6,0,enron_full_233845,exact_ref,26709.024,1,0,413921,105963776
simless,4,0,enron_full_233845,exact_ref,26709.024,1,0,413921,105963776
simless,5,0,enron_full_233845,exact_ref,26709.024,1,0,413921,105963776
simless,4,0,enron_full_234397,exact_ref,25205.867,1,0,413921,105963776
simless,5,0,enron_full_234397,exact_ref,25205.867,1,0,413921,105963776
simless,6,0,enron_full_234397,exact_ref,25205.867,1,0,413921,105963776
simless,5,0,enron_full_235427,exact_ref,26585.672,1,0,413921,105963776
simless,6,0,enron_full_235427,exact_ref,26585.672,1,0,413921,105963776
simless,4,0,enron_full_235427,exact_ref,26585.672,1,0,413921,105963776
simless,6,0,enron_full_237126,exact_ref,26251.653,1,0,413921,105963776
simless,4,0,enron_full_237126,exact_ref,26251.653,1,0,413921,105963776
simless,5,0,enron_full_237126,exact_ref,26251.653,1,0,413921,105963776
simless,4,0,enron_full_238037,exact_ref,25568.050,1,0,413921,105963776
simless,5,0,enron_full_238037,exact_ref,25568.050,1,0,413921,105963776
simless,6,0,enron_full_238037,exact_ref,25568.050,1,0,413921,105963776
simless,5,0,enron_full_238970,exact_ref,24408.610,1,0,413921,105963776
simless,6,0,enron_full_238970,exact_ref,24408.610,1,0,413921,105963776
simless,4,0,enron_full_238970,exact_ref,24408.610,1,0,413921,105963776
simless,6,0,enron_full_239927,exact_ref,25399.532,1,0,413921,105963776
simless,4,0,enron_full_239927,exact_ref,25399.532,1,0,413921,105963776
simless,5,0,enron_full_239927,exact_ref,25399.532,1,0,413921,105963776
simless,4,0,enron_full_240437,exact_ref,24685.807,1,0,413921,105963776
simless,5,0,enron_full_240437,exact_ref,24685.807,1,0,413921,105963776
simless,6,0,enron_full_240437,exact_ref,24685.807,1,0,413921,105963776
simless,5,0,enron_full_240888,exact_ref,24418.277,1,0,413921,105963776
simless,6,0,enron_full_240888,exact_ref,24418.277,1,0,413921,105963776
simless,4,0,enron_full_240888,exact_ref,24418.277,1,0,413921,105963776
simless,6,0,enron_full_241204,exact_ref,23798.382,1,0,413921,105963776
simless,4,0,enron_full_241204,exact_ref,23798.382,1,0,413921,105963776
simless,5,0,enron_full_241204,exact_ref,23798.382,1,0,413921,105963776
simless,4,0,enron_full_242121,exact_ref,25602.808,1,0,413921,105963776
simless,5,0,enron_full_242121,exact_ref,25602.808,1,0,413921,105963776
simless,6,0,enron_full_242121,exact_ref,25602.808,1,0,413921,105963776
simless,5,0,enron_full_242149,exact_ref,23171.472,1,0,413921,105963776
simless,6,0,enron_full_242149,exact_ref,23171.472,1,0,413921,105963776
simless,4,0,enron_full_242149,exact_ref,23171.472,1,0,413921,105963776
simless,6,0,enron_full_242702,exact_ref,25563.696,1,0,413921,105963776
simless,4,0,enron_full_242702,exact_ref,25563.696,1,0,413921,105963776
simless,5,0,enron_full_242702,exact_ref,25563.696,1,0,413921,105963776
simless,4,0,enron_full_242763,exact_ref,26742.008,1,0,413921,105963776
simless,5,0,enron_full_242763,exact_ref,26742.008,1,0,413921,105963776
simless,6,0,enron_full_242763,exact_ref,26742.008,1,0,413921,105963776
simless,5,0,enron_full_243198,exact_ref,25184.352,1,0,413921,105963776
simless,6,0,enron_full_243198,exact_ref,25184.352,1,0,413921,105963776
simless,4,0,enron_full_243198,exact_ref,25184.352,1,0,413921,105963776
simless,6,0,enron_full_243425,exact_ref,27339.414,1,0,413921,105963776
simless,4,0,enron_full_243425,exact_ref,27339.414,1,0,413921,105963776
simless,5,0,enron_full_243425,exact_ref,27339.414,1,0,413921,105963776
simless,4,0,enron_full_244168,no_exact_ref,29557.042,1,0,413921,105963776
simless,5,0,enron_full_244168,no_exact_ref,29557.042,1,0,413921,105963776
simless,6,0,enron_full_244168,no_exact_ref,29557.042,1,0,413921,105963776
simless,5,0,enron_full_244538,exact_ref,27199.771,1,0,413921,105963776
simless,6,0,enron_full_244538,exact_ref,27199.771,1,0,413921,105963776
simless,4,0,enron_full_244538,exact_ref,27199.771,1,0,413921,105963776
simless,6,0,enron_full_244857,exact_ref,26969.208,1,0,413921,105963776
simless,4,0,enron_full_244857,exact_ref,26969.208,1,0,413921,105963776
simless,5,0,enron_full_244857,exact_ref,26969.208,1,0,413921,105963776
simless,4,0,enron_full_244901,exact_ref,26252.916,1,0,413921,105963776
simless,5,0,enron_full_244901,exact_ref,26252.916,1,0,413921,105963776
simless,6,0,enron_full_244901,exact_ref,26252.916,1,0,413921,105963776
simless,5,0,enron_full_244915,exact_ref,27495.938,1,0,413921,105963776
simless,6,0,enron_full_244915,exact_ref,27495.938,1,0,413921,105963776
simless,4,0,enron_full_244915,exact_ref,27495.938,1,0,413921,105963776
simless,6,0,enron_full_245469,exact_ref,27458.588,1,0,413921,105963776
simless,4,0,enron_full_245469,exact_ref,27458.588,1,0,413921,105963776
simless,5,0,enron_full_245469,exact_ref,27458.588,1,0,413921,105963776
simless,4,0,enron_full_246185,exact_ref,28226.850,1,0,413921,105963776
simless,5,0,enron_full_246185,exact_ref,28226.850,1,0,413921,105963776
simless,6,0,enron_full_246185,exact_ref,28226.850,1,0,413921,105963776
simless,5,0,enron_full_246287,exact_ref,27079.985,1,0,413921,105963776
simless,6,0,enron_full_246287,exact_ref,27079.985,1,0,413921,105963776
simless,4,0,enron_full_246287,exact_ref,27079.985,1,0,413921,105963776
simless,6,0,enron_full_246288,exact_ref,26659.402,1,0,413921,105963776
simless,4,0,enron_full_246288,exact_ref,26659.402,1,0,413921,105963776
simless,5,0,enron_full_246288,exact_ref,26659.402,1,0,413921,105963776
simless,4,0,enron_full_246340,exact_ref,25739.076,1,0,413921,105963776
simless,5,0,enron_full_246340,exact_ref,25739.076,1,0,413921,105963776
simless,6,0,enron_full_246340,exact_ref,25739.076,1,0,413921,105963776
simless,5,0,enron_full_246689,exact_ref,25000.827,1,0,413921,105963776
simless,6,0,enron_full_246689,exact_ref,25000.827,1,0,413921,105963776
simless,4,0,enron_full_246689,exact_ref,25000.827,1,0,413921,105963776
simless,6,0,enron_full_246896,exact_ref,25828.192,1,0,413921,105963776
simless,4,0,enron_full_246896,exact_ref,25828.192,1,0,413921,105963776
simless,5,0,enron_full_246896,exact_ref,25828.192,1,0,413921,105963776
simless,4,0,enron_full_247095,exact_ref,24505.839,1,0,413921,105963776
simless,5,0,enron_full_247095,exact_ref,24505.839,1,0,413921,105963776
simless,6,0,enron_full_247095,exact_ref,24505.839,1,0,413921,105963776
simless,5,0,enron_full_247286,exact_ref,26119.177,1,0,413921,105963776
simless,6,0,enron_full_247286,exact_ref,26119.177,1,0,413921,105963776
simless,4,0,enron_full_247286,exact_ref,26119.177,1,0,413921,105963776
simless,6,0,enron_full_247295,exact_ref,28842.497,1,0,413921,105963776
simless,4,0,enron_full_247295,exact_ref,28842.497,1,0,413921,105963776
simless,5,0,enron_full_247295,exact_ref,28842.497,1,0,413921,105963776
simless,4,0,enron_full_247605,exact_ref,27081.811,1,0,413921,105963776
simless,5,0,enron_full_247605,exact_ref,27081.811,1,0,413921,105963776
simless,6,0,enron_full_247605,exact_ref,27081.811,1,0,413921,105963776
simless,5,0,enron_full_247963,exact_ref,28085.966,1,0,413921,105963776
simless,6,0,enron_full_247963,exact_ref,28085.966,1,0,413921,105963776
simless,4,0,enron_full_247963,exact_ref,28085.966,1,0,413921,105963776
simless,6,0,enron_full_248460,exact_ref,27834.206,1,0,413921,105963776
simless,4,0,enron_full_248460,exact_ref,27834.206,1,0,413921,105963776
simless,5,0,enron_full_248460,exact_ref,27834.206,1,0,413921,105963776
simless,4,0,enron_full_248776,no_exact_ref,29144.336,1,0,413921,105963776
simless,5,0,enron_full_248776,no_exact_ref,29144.336,1,0,413921,105963776
simless,6,0,enron_full_248776,no_exact_ref,29144.336,1,0,413921,105963776
simless,5,0,enron_full_249257,no_exact_ref,25755.103,0,91,413921,105963776
simless,6,0,enron_full_249257,no_exact_ref,25755.103,0,91,413921,105963776
simless,4,0,enron_full_249257,no_exact_ref,25755.103,0,91,413921,105963776
simless,6,0,enron_full_250519,exact_ref,30364.304,1,0,413921,105963776
simless,4,0,enron_full_250519,exact_ref,30364.304,1,0,413921,105963776
simless,5,0,enron_full_250519,exact_ref,30364.304,1,0,413921,105963776
simless,4,0,enron_full_250725,exact_ref,31129.141,1,0,413921,105963776
simless,5,0,enron_full_250725,exact_ref,31129.141,1,0,413921,105963776
simless,6,0,enron_full_250725,exact_ref,31129.141,1,0,413921,105963776
simless,5,0,enron_full_252462,no_exact_ref,29615.546,0,60,413921,105963776
simless,6,0,enron_full_252462,no_exact_ref,29615.546,0,60,413921,105963776
simless,4,0,enron_full_252462,no_exact_ref,29615.546,0,60,413921,105963776
simless,6,0,enron_full_253509,no_exact_ref,26992.890,0,40,413921,105963776
simless,4,0,enron_full_253509,no_exact_ref,26992.890,0,40,413921,105963776
simless,5,0,enron_full_253509,no_exact_ref,26992.890,0,40,413921,105963776
simless,4,0,enron_full_253676,exact_ref,28399.209,1,0,413921,105963776
simless,5,0,enron_full_253676,exact_ref,28399.209,1,0,413921,105963776
simless,6,0,enron_full_253676,exact_ref,28399.209,1,0,413921,105963776
simless,5,0,enron_full_253776,exact_ref,27160.011,1,0,413921,105963776
simless,6,0,enron_full_253776,exact_ref,27160.011,1,0,413921,105963776
simless,4,0,enron_full_253776,exact_ref,27160.011,1,0,413921,105963776
simless,6,0,enron_full_253875,exact_ref,30497.503,1,0,413921,105963776
simless,4,0,enron_full_253875,exact_ref,30497.503,1,0,413921,105963776
simless,5,0,enron_full_253875,exact_ref,30497.503,1,0,413921,105963776
simless,4,0,enron_full_254022,exact_ref,29512.276,1,0,413921,105963776
simless,5,0,enron_full_254022,exact_ref,29512.276,1,0,413921,105963776
simless,6,0,enron_full_254022,exact_ref,29512.276,1,0,413921,105963776
simless,5,0,enron_full_254732,exact_ref,28170.096,1,0,413921,105963776
simless,6,0,enron_full_254732,exact_ref,28170.096,1,0,413921,105963776
simless,4,0,enron_full_254732,exact_ref,28170.096,1,0,413921,105963776
simless,6,0,enron_full_254813,exact_ref,28594.719,1,0,413921,105963776
simless,4,0,enron_full_254813,exact_ref,28594.719,1,0,413921,105963776
simless,5,0,enron_full_254813,exact_ref,28594.719,1,0,413921,105963776
simless,4,0,enron_full_254930,no_exact_ref,26149.026,0,36,413921,105963776
simless,5,0,enron_full_254930,no_exact_ref,26149.026,0,36,413921,105963776
simless,6,0,enron_full_254930,no_exact_ref,26149.026,0,36,413921,105963776
simless,5,0,enron_full_256359,no_exact_ref,27658.651,0,75,413921,105963776
simless,6,0,enron_full_256359,no_exact_ref,27658.651,0,75,413921,105963776
simless,4,0,enron_full_256359,no_exact_ref,27658.651,0,75,413921,105963776
simless,6,0,enron_full_256719,no_exact_ref,26170.864,0,65,413921,105963776
simless,4,0,enron_full_256719,no_exact_ref,26170.864,0,65,413921,105963776
simless,5,0,enron_full_256719,no_exact_ref,26170.864,0,65,413921,105963776
simless,4,0,enron_full_257223,no_exact_ref,27244.478,0,14,413921,105963776
simless,5,0,enron_full_257223,no_exact_ref,27244.478,0,14,413921,105963776
simless,6,0,enron_full_257223,no_exact_ref,27244.478,0,14,413921,105963776
simless,5,0,enron_full_257476,no_exact_ref,28246.939,0,89,413921,105963776
simless,6,0,enron_full_257476,no_exact_ref,28246.939,0,89,413921,105963776
simless,4,0,enron_full_257476,no_exact_ref,28246.939,0,89,413921,105963776
simless,6,0,enron_full_257526,no_exact_ref,38807.387,0,91,413921,105963776
simless,4,0,enron_full_257526,no_exact_ref,38807.387,0,91,413921,105963776
simless,5,0,enron_full_257526,no_exact_ref,38807.387,0,91,413921,105963776
simless,4,0,enron_full_258106,no_exact_ref,26699.577,0,92,413921,105963776
simless,5,0,enron_full_258106,no_exact_ref,26699.577,0,92,413921,105963776
simless,6,0,enron_full_258106,no_exact_ref,26699.577,0,92,413921,105963776
simless,5,0,enron_full_258436,no_exact_ref,36497.290,0,32,413921,105963776
simless,6,0,enron_full_258436,no_exact_ref,36497.290,0,32,413921,105963776
simless,4,0,enron_full_258436,no_exact_ref,36497.290,0,32,413921,105963776
simless,6,0,enron_full_259050,exact_ref,27125.969,1,0,413921,105963776
simless,4,0,enron_full_259050,exact_ref,27125.969,1,0,413921,105963776
simless,5,0,enron_full_259050,exact_ref,27125.969,1,0,413921,105963776
simless,4,0,enron_full_259076,no_exact_ref,28579.248,0,65,413921,105963776
simless,5,0,enron_full_259076,no_exact_ref,28579.248,0,65,413921,105963776
simless,6,0,enron_full_259076,no_exact_ref,28579.248,0,65,413921,105963776
simless,5,0,enron_full_259321,exact_ref,28436.340,1,0,413921,105963776
simless,6,0,enron_full_259321,exact_ref,28436.340,1,0,413921,105963776
simless,4,0,enron_full_259321,exact_ref,28436.340,1,0,413921,105963776
simless,6,0,enron_full_260192,exact_ref,25471.337,1,0,413921,105963776
simless,4,0,enron_full_260192,exact_ref,25471.337,1,0,413921,105963776
simless,5,0,enron_full_260192,exact_ref,25471.337,1,0,413921,105963776
simless,4,0,enron_full_261884,no_exact_ref,25753.917,0,77,413921,105963776
simless,5,0,enron_full_261884,no_exact_ref,25753.917,0,77,413921,105963776
simless,6,0,enron_full_261884,no_exact_ref,25753.917,0,77,413921,105963776
simless,5,0,enron_full_262514,exact_ref,25849.872,1,0,413921,105963776
simless,6,0,enron_full_262514,exact_ref,25849.872,1,0,413921,105963776
simless,4,0,enron_full_262514,exact_ref,25849.872,1,0,413921,105963776
simless,6,0,enron_full_262785,no_exact_ref,28089.524,0,90,413921,105963776
simless,4,0,enron_full_262785,no_exact_ref,28089.524,0,90,413921,105963776
simless,5,0,enron_full_262785,no_exact_ref,28089.524,0,90,413921,105963776
simless,4,0,enron_full_263240,exact_ref,26532.492,1,0,413921,105963776
simless,5,0,enron_full_263240,exact_ref,26532.492,1,0,413921,105963776
simless,6,0,enron_full_263240,exact_ref,26532.492,1,0,413921,105963776
simless,5,0,enron_full_264723,no_exact_ref,25250.073,0,65,413921,105963776
simless,6,0,enron_full_264723,no_exact_ref,25250.073,0,65,413921,105963776
simless,4,0,enron_full_264723,no_exact_ref,25250.073,0,65,413921,105963776
simless,6,0,enron_full_265023,exact_ref,27425.202,1,0,413921,105963776
simless,4,0,enron_full_265023,exact_ref,27425.202,1,0,413921,105963776
simless,5,0,enron_full_265023,exact_ref,27425.202,1,0,413921,105963776
simless,4,0,enron_full_265448,exact_ref,25881.909,1,0,413921,105963776
simless,5,0,enron_full_265448,exact_ref,25881.909,1,0,413921,105963776
simless,6,0,enron_full_265448,exact_ref,25881.909,1,0,413921,105963776
simless,5,0,enron_full_265746,exact_ref,26628.855,1,0,413921,105963776
simless,6,0,enron_full_265746,exact_ref,26628.855,1,0,413921,105963776
simless,4,0,enron_full_265746,exact_ref,26628.855,1,0,413921,105963776
simless,6,0,enron_full_265774,exact_ref,26024.066,1,0,413921,105963776
simless,4,0,enron_full_265774,exact_ref,26024.066,1,0,413921,105963776
simless,5,0,enron_full_265774,exact_ref,26024.066,1,0,413921,105963776
simless,4,0,enron_full_266026,exact_ref,25330.615,1,0,413921,105963776
simless,5,0,enron_full_266026,exact_ref,25330.615,1,0,413921,105963776
simless,6,0,enron_full_266026,exact_ref,25330.615,1,0,413921,105963776
simless,5,0,enron_full_266097,no_exact_ref,27252.177,0,77,413921,105963776
simless,6,0,enron_full_266097,no_exact_ref,27252.177,0,77,413921,105963776
simless,4,0,enron_full_266097,no_exact_ref,27252.177,0,77,413921,105963776
simless,6,0,enron_full_267067,exact_ref,26863.466,1,0,413921,105963776
simless,4,0,enron_full_267067,exact_ref,26863.466,1,0,413921,105963776
simless,5,0,enron_full_267067,exact_ref,26863.466,1,0,413921,105963776
simless,4,0,enron_full_267198,exact_ref,25951.612,1,0,413921,105963776
simless,5,0,enron_full_267198,exact_ref,25951.612,1,0,413921,105963776
simless,6,0,enron_full_267198,exact_ref,25951.612,1,0,413921,105963776
simless,5,0,enron_full_268981,exact_ref,25147.822,1,0,413921,105963776
simless,6,0,enron_full_268981,exact_ref,25147.822,1,0,413921,105963776
simless,4,0,enron_full_268981,exact_ref,25147.822,1,0,413921,105963776
simless,6,0,enron_full_269702,no_exact_ref,27038.897,0,10,413921,105963776
simless,4,0,enron_full_269702,no_exact_ref,27038.897,0,10,413921,105963776
simless,5,0,enron_full_269702,no_exact_ref,27038.897,0,10,413921,105963776
simless,4,0,enron_full_270257,no_exact_ref,27962.208,0,15,413921,105963776
simless,5,0,enron_full_270257,no_exact_ref,27962.208,0,15,413921,105963776
simless,6,0,enron_full_270257,no_exact_ref,27962.208,0,15,413921,105963776
simless,5,0,enron_full_270526,exact_ref,26778.180,1,0,413921,105963776
simless,6,0,enron_full_270526,exact_ref,26778.180,1,0,413921,105963776
simless,4,0,enron_full_270526,exact_ref,26778.180,1,0,413921,105963776
simless,6,0,enron_full_271097,exact_ref,25910.031,1,0,413921,105963776
simless,4,0,enron_full_271097,exact_ref,25910.031,1,0,413921,105963776
simless,5,0,enron_full_271097,exact_ref,25910.031,1,0,413921,105963776
simless,4,0,enron_full_271232,exact_ref,25888.778,1,0,413921,105963776
simless,5,0,enron_full_271232,exact_ref,25888.778,1,0,413921,105963776
simless,6,0,enron_full_271232,exact_ref,25888.778,1,0,413921,105963776
simless,5,0,enron_full_272570,no_exact_ref,25800.809,0,94,413921,105963776
simless,6,0,enron_full_272570,no_exact_ref,25800.809,0,94,413921,105963776
simless,4,0,enron_full_272570,no_exact_ref,25800.809,0,94,413921,105963776
simless,6,0,enron_full_273248,exact_ref,25128.377,1,0,413921,105963776
simless,4,0,enron_full_273248,exact_ref,25128.377,1,0,413921,105963776
simless,5,0,enron_full_273248,exact_ref,25128.377,1,0,413921,105963776
simless,4,0,enron_full_273363,exact_ref,24907.067,1,0,413921,105963776
simless,5,0,enron_full_273363,exact_ref,24907.067,1,0,413921,105963776
simless,6,0,enron_full_273363,exact_ref,24907.067,1,0,413921,105963776
simless,5,0,enron_full_273791,exact_ref,25739.647,1,0,413921,105963776
simless,6,0,enron_full_273791,exact_ref,25739.647,1,0,413921,105963776
simless,4,0,enron_full_273791,exact_ref,25739.647,1,0,413921,105963776
simless,6,0,enron_full_273820,exact_ref,26488.658,1,0,413921,105963776
simless,4,0,enron_full_273820,exact_ref,26488.658,1,0,413921,105963776
simless,5,0,enron_full_273820,exact_ref,26488.658,1,0,413921,105963776
simless,4,0,enron_full_273961,exact_ref,27464.085,1,0,413921,105963776
simless,5,0,enron_full_273961,exact_ref,27464.085,1,0,413921,105963776
simless,6,0,enron_full_273961,exact_ref,27464.085,1,0,413921,105963776
simless,5,0,enron_full_274206,exact_ref,26748.201,1,0,413921,105963776
simless,6,0,enron_full_274206,exact_ref,26748.201,1,0,413921,105963776
simless,4,0,enron_full_274206,exact_ref,26748.201,1,0,413921,105963776
simless,6,0,enron_full_274561,exact_ref,25967.707,1,0,413921,105963776
simless,4,0,enron_full_274561,exact_ref,25967.707,1,0,413921,105963776
simless,5,0,enron_full_274561,exact_ref,25967.707,1,0,413921,105963776
simless,4,0,enron_full_274757,exact_ref,26278.979,1,0,413921,105963776
simless,5,0,enron_full_274757,exact_ref,26278.979,1,0,413921,105963776
simless,6,0,enron_full_274757,exact_ref,26278.979,1,0,413921,105963776
simless,5,0,enron_full_274786,no_exact_ref,26670.547,0,89,413921,105963776
simless,6,0,enron_full_274786,no_exact_ref,26670.547,0,89,413921,105963776
simless,4,0,enron_full_274786,no_exact_ref,26670.547,0,89,413921,105963776
simless,6,0,enron_full_275183,no_exact_ref,26806.199,0,91,413921,105963776
simless,4,0,enron_full_275183,no_exact_ref,26806.199,0,91,413921,105963776
simless,5,0,enron_full_275183,no_exact_ref,26806.199,0,91,413921,105963776
simless,4,0,enron_full_275570,exact_ref,26784.187,1,0,413921,105963776
simless,5,0,enron_full_275570,exact_ref,26784.187,1,0,413921,105963776
simless,6,0,enron_full_275570,exact_ref,26784.187,1,0,413921,105963776
simless,5,0,enron_full_276028,no_exact_ref,25900.567,0,41,413921,105963776
simless,6,0,enron_full_276028,no_exact_ref,25900.567,0,41,413921,105963776
simless,4,0,enron_full_276028,no_exact_ref,25900.567,0,41,413921,105963776
simless,6,0,enron_full_276324,exact_ref,25728.735,1,0,413921,105963776
simless,4,0,enron_full_276324,exact_ref,25728.735,1,0,413921,105963776
simless,5,0,enron_full_276324,exact_ref,25728.735,1,0,413921,105963776
simless,4,0,enron_full_276342,exact_ref,24957.768,1,0,413921,105963776
simless,5,0,enron_full_276342,exact_ref,24957.768,1,0,413921,105963776
simless,6,0,enron_full_276342,exact_ref,24957.768,1,0,413921,105963776
simless,5,0,enron_full_277439,no_exact_ref,25560.976,0,87,413921,105963776
simless,6,0,enron_full_277439,no_exact_ref,25560.976,0,87,413921,105963776
simless,4,0,enron_full_277439,no_exact_ref,25560.976,0,87,413921,105963776
simless,6,0,enron_full_277990,exact_ref,25311.200,1,0,413921,105963776
simless,4,0,enron_full_277990,exact_ref,25311.200,1,0,413921,105963776
simless,5,0,enron_full_277990,exact_ref,25311.200,1,0,413921,105963776
simless,4,0,enron_full_278811,exact_ref,25567.358,1,0,413921,105963776
simless,5,0,enron_full_278811,exact_ref,25567.358,1,0,413921,105963776
simless,6,0,enron_full_278811,exact_ref,25567.358,1,0,413921,105963776
simless,5,0,enron_full_279563,no_exact_ref,26939.342,1,0,413921,105963776
simless,6,0,enron_full_279563,no_exact_ref,26939.342,1,0,413921,105963776
simless,4,0,enron_full_279563,no_exact_ref,26939.342,1,0,413921,105963776
simless,6,0,enron_full_279751,exact_ref,26500.825,1,0,413921,105963776
simless,4,0,enron_full_279751,exact_ref,26500.825,1,0,413921,105963776
simless,5,0,enron_full_279751,exact_ref,26500.825,1,0,413921,105963776
simless,4,0,enron_full_280423,no_exact_ref,26586.442,0,67,413921,105963776
simless,5,0,enron_full_280423,no_exact_ref,26586.442,0,67,413921,105963776
simless,6,0,enron_full_280423,no_exact_ref,26586.442,0,67,413921,105963776
simless,5,0,enron_full_280603,no_exact_ref,26010.276,0,92,413921,105963776
simless,6,0,enron_full_280603,no_exact_ref,26010.276,0,92,413921,105963776
simless,4,0,enron_full_280603,no_exact_ref,26010.276,0,92,413921,105963776
simless,6,0,enron_full_281547,no_exact_ref,25758.963,0,84,413921,105963776
simless,4,0,enron_full_281547,no_exact_ref,25758.963,0,84,413921,105963776
simless,5,0,enron_full_281547,no_exact_ref,25758.963,0,84,413921,105963776
simless,4,0,enron_full_282395,exact_ref,25836.130,1,0,413921,105963776
simless,5,0,enron_full_282395,exact_ref,25836.130,1,0,413921,105963776
simless,6,0,enron_full_282395,exact_ref,25836.130,1,0,413921,105963776
simless,5,0,enron_full_283356,exact_ref,25601.737,1,0,413921,105963776
simless,6,0,enron_full_283356,exact_ref,25601.737,1,0,413921,105963776
simless,4,0,enron_full_283356,exact_ref,25601.737,1,0,413921,105963776
simless,6,0,enron_full_283839,exact_ref,25433.811,1,0,413921,105963776
simless,4,0,enron_full_283839,exact_ref,25433.811,1,0,413921,105963776
simless,5,0,enron_full_283839,exact_ref,25433.811,1,0,413921,105963776
simless,4,0,enron_full_283868,exact_ref,25595.263,1,0,413921,105963776
simless,5,0,enron_full_283868,exact_ref,25595.263,1,0,413921,105963776
simless,6,0,enron_full_283868,exact_ref,25595.263,1,0,413921,105963776
simless,5,0,enron_full_284197,exact_ref,25529.066,1,0,413921,105963776
simless,6,0,enron_full_284197,exact_ref,25529.066,1,0,413921,105963776
simless,4,0,enron_full_284197,exact_ref,25529.066,1,0,413921,105963776
simless,6,0,enron_full_284956,exact_ref,25892.273,1,0,413921,105963776
simless,4,0,enron_full_284956,exact_ref,25892.273,1,0,413921,105963776
simless,5,0,enron_full_284956,exact_ref,25892.273,1,0,413921,105963776
simless,4,0,enron_full_285559,exact_ref,25021.921,1,0,413921,105963776
simless,5,0,enron_full_285559,exact_ref,25021.921,1,0,413921,105963776
simless,6,0,enron_full_285559,exact_ref,25021.921,1,0,413921,105963776
simless,5,0,enron_full_286024,exact_ref,26018.187,1,0,413921,105963776
simless,6,0,enron_full_286024,exact_ref,26018.187,1,0,413921,105963776
simless,4,0,enron_full_286024,exact_ref,26018.187,1,0,413921,105963776
simless,6,0,enron_full_286036,exact_ref,26596.310,1,0,413921,105963776
simless,4,0,enron_full_286036,exact_ref,26596.310,1,0,413921,105963776
simless,5,0,enron_full_286036,exact_ref,26596.310,1,0,413921,105963776
simless,4,0,enron_full_286164,exact_ref,26727.199,1,0,413921,105963776
simless,5,0,enron_full_286164,exact_ref,26727.199,1,0,413921,105963776
simless,6,0,enron_full_286164,exact_ref,26727.199,1,0,413921,105963776
simless,5,0,enron_full_286899,exact_ref,28467.565,1,0,413921,105963776
simless,6,0,enron_full_286899,exact_ref,28467.565,1,0,413921,105963776
simless,4,0,enron_full_286899,exact_ref,28467.565,1,0,413921,105963776
simless,6,0,enron_full_287012,no_exact_ref,27201.698,0,64,413921,105963776
simless,4,0,enron_full_287012,no_exact_ref,27201.698,0,64,413921,105963776
simless,5,0,enron_full_287012,no_exact_ref,27201.698,0,64,413921,105963776
simless,4,0,enron_full_287512,exact_ref,27182.208,1,0,413921,105963776
simless,5,0,enron_full_287512,exact_ref,27182.208,1,0,413921,105963776
simless,6,0,enron_full_287512,exact_ref,27182.208,1,0,413921,105963776
simless,5,0,enron_full_287655,exact_ref,25739.562,1,0,413921,105963776
simless,6,0,enron_full_287655,exact_ref,25739.562,1,0,413921,105963776
simless,4,0,enron_full_287655,exact_ref,25739.562,1,0,413921,105963776
simless,6,0,enron_full_287736,exact_ref,25258.079,1,0,413921,105963776
simless,4,0,enron_full_287736,exact_ref,25258.079,1,0,413921,105963776
simless,5,0,enron_full_287736,exact_ref,25258.079,1,0,413921,105963776
simless,4,0,enron_full_287760,exact_ref,24550.957,1,0,413921,105963776
simless,5,0,enron_full_287760,exact_ref,24550.957,1,0,413921,105963776
simless,6,0,enron_full_287760,exact_ref,24550.957,1,0,413921,105963776
simless,5,0,enron_full_287778,exact_ref,25494.982,1,0,413921,105963776
simless,6,0,enron_full_287778,exact_ref,25494.982,1,0,413921,105963776
simless,4,0,enron_full_287778,exact_ref,25494.982,1,0,413921,105963776
simless,6,0,enron_full_288938,exact_ref,25290.774,1,0,413921,105963776
simless,4,0,enron_full_288938,exact_ref,25290.774,1,0,413921,105963776
simless,5,0,enron_full_288938,exact_ref,25290.774,1,0,413921,105963776
simless,4,0,enron_full_289243,no_exact_ref,25640.176,0,48,413921,105963776
simless,5,0,enron_full_289243,no_exact_ref,25640.176,0,48,413921,105963776
simless,6,0,enron_full_289243,no_exact_ref,25640.176,0,48,413921,105963776
simless,5,0,enron_full_291054,no_exact_ref,25920.853,0,48,413921,105963776
simless,6,0,enron_full_291054,no_exact_ref,25920.853,0,48,413921,105963776
simless,4,0,enron_full_291054,no_exact_ref,25920.853,0,48,413921,105963776
simless,6,0,enron_full_291275,no_exact_ref,24618.201,0,37,413921,105963776
simless,4,0,enron_full_291275,no_exact_ref,24618.201,0,37,413921,105963776
simless,5,0,enron_full_291275,no_exact_ref,24618.201,0,37,413921,105963776
simless,4,0,enron_full_291375,no_exact_ref,25551.578,0,46,413921,105963776
simless,5,0,enron_full_291375,no_exact_ref,25551.578,0,46,413921,105963776
simless,6,0,enron_full_291375,no_exact_ref,25551.578,0,46,413921,105963776
simless,5,0,enron_full_291790,exact_ref,26251.214,1,0,413921,105963776
simless,6,0,enron_full_291790,exact_ref,26251.214,1,0,413921,105963776
simless,4,0,enron_full_291790,exact_ref,26251.214,1,0,413921,105963776
simless,6,0,enron_full_292561,exact_ref,27586.879,1,0,413921,105963776
simless,4,0,enron_full_292561,exact_ref,27586.879,1,0,413921,105963776
simless,5,0,enron_full_292561,exact_ref,27586.879,1,0,413921,105963776
simless,4,0,enron_full_292656,exact_ref,26907.119,1,0,413921,105963776
simless,5,0,enron_full_292656,exact_ref,26907.119,1,0,413921,105963776
simless,6,0,enron_full_292656,exact_ref,26907.119,1,0,413921,105963776
simless,5,0,enron_full_293066,exact_ref,26416.420,1,0,413921,105963776
simless,6,0,enron_full_293066,exact_ref,26416.420,1,0,413921,105963776
simless,4,0,enron_full_293066,exact_ref,26416.420,1,0,413921,105963776
simless,6,0,enron_full_293083,exact_ref,28449.767,1,0,413921,105963776
simless,4,0,enron_full_293083,exact_ref,28449.767,1,0,413921,105963776
simless,5,0,enron_full_293083,exact_ref,28449.767,1,0,413921,105963776
simless,4,0,enron_full_293619,exact_ref,25743.875,1,0,413921,105963776
simless,5,0,enron_full_293619,exact_ref,25743.875,1,0,413921,105963776
simless,6,0,enron_full_293619,exact_ref,25743.875,1,0,413921,105963776
simless,5,0,enron_full_293948,no_exact_ref,25892.366,0,19,413921,105963776
simless,6,0,enron_full_293948,no_exact_ref,25892.366,0,19,413921,105963776
simless,4,0,enron_full_293948,no_exact_ref,25892.366,0,19,413921,105963776
simless,6,0,enron_full_293985,exact_ref,25631.426,1,0,413921,105963776
simless,4,0,enron_full_293985,exact_ref,25631.426,1,0,413921,105963776
simless,5,0,enron_full_293985,exact_ref,25631.426,1,0,413921,105963776
simless,4,0,enron_full_295023,exact_ref,26100.129,1,0,413921,105963776
simless,5,0,enron_full_295023,exact_ref,26100.129,1,0,413921,105963776
simless,6,0,enron_full_295023,exact_ref,26100.129,1,0,413921,105963776
simless,5,0,enron_full_295246,no_exact_ref,26630.427,0,19,413921,105963776
simless,6,0,enron_full_295246,no_exact_ref,26630.427,0,19,413921,105963776
simless,4,0,enron_full_295246,no_exact_ref,26630.427,0,19,413921,105963776
simless,6,0,enron_full_296957,no_exact_ref,26750.669,0,14,413921,105963776
simless,4,0,enron_full_296957,no_exact_ref,26750.669,0,14,413921,105963776
simless,5,0,enron_full_296957,no_exact_ref,26750.669,0,14,413921,105963776
simless,4,0,enron_full_298392,no_exact_ref,26742.828,0,60,413921,105963776
simless,5,0,enron_full_298392,no_exact_ref,26742.828,0,60,413921,105963776
simless,6,0,enron_full_298392,no_exact_ref,26742.828,0,60,413921,105963776
simless,5,0,enron_full_298764,no_exact_ref,47640.352,0,40,413921,105963776
simless,6,0,enron_full_298764,no_exact_ref,47640.352,0,40,413921,105963776
simless,4,0,enron_full_298764,no_exact_ref,47640.352,0,40,413921,105963776
simless,6,0,enron_full_299033,no_exact_ref,30417.488,0,64,413921,105963776
simless,4,0,enron_full_299033,no_exact_ref,30417.488,0,64,413921,105963776
simless,5,0,enron_full_299033,no_exact_ref,30417.488,0,64,413921,105963776
simless,4,0,enron_full_299289,exact_ref,26820.433,1,0,413921,105963776
simless,5,0,enron_full_299289,exact_ref,26820.433,1,0,413921,105963776
simless,6,0,enron_full_299289,exact_ref,26820.433,1,0,413921,105963776
simless,5,0,enron_full_299345,exact_ref,26628.186,1,0,413921,105963776
simless,6,0,enron_full_299345,exact_ref,26628.186,1,0,413921,105963776
simless,4,0,enron_full_299345,exact_ref,26628.186,1,0,413921,105963776
simless,6,0,enron_full_299690,exact_ref,27801.485,1,0,413921,105963776
simless,4,0,enron_full_299690,exact_ref,27801.485,1,0,413921,105963776
simless,5,0,enron_full_299690,exact_ref,27801.485,1,0,413921,105963776
simless,4,0,enron_full_300310,exact_ref,28888.413,1,0,413921,105963776
simless,5,0,enron_full_300310,exact_ref,28888.413,1,0,413921,105963776
simless,6,0,enron_full_300310,exact_ref,28888.413,1,0,413921,105963776
simless,5,0,enron_full_300702,exact_ref,24757.808,1,0,413921,105963776
simless,6,0,enron_full_300702,exact_ref,24757.808,1,0,413921,105963776
simless,4,0,enron_full_300702,exact_ref,24757.808,1,0,413921,105963776
simless,6,0,enron_full_301521,exact_ref,24180.513,1,0,413921,105963776
simless,4,0,enron_full_301521,exact_ref,24180.513,1,0,413921,105963776
simless,5,0,enron_full_301521,exact_ref,24180.513,1,0,413921,105963776
simless,4,0,enron_full_301926,exact_ref,25035.481,1,0,413921,105963776
simless,5,0,enron_full_301926,exact_ref,25035.481,1,0,413921,105963776
simless,6,0,enron_full_301926,exact_ref,25035.481,1,0,413921,105963776
simless,5,0,enron_full_302529,exact_ref,24305.016,1,0,413921,105963776
simless,6,0,enron_full_302529,exact_ref,24305.016,1,0,413921,105963776
simless,4,0,enron_full_302529,exact_ref,24305.016,1,0,413921,105963776
simless,6,0,enron_full_303527,exact_ref,24347.812,1,0,413921,105963776
simless,4,0,enron_full_303527,exact_ref,24347.812,1,0,413921,105963776
simless,5,0,enron_full_303527,exact_ref,24347.812,1,0,413921,105963776
simless,4,0,enron_full_304134,exact_ref,24847.616,1,0,413921,105963776
simless,5,0,enron_full_304134,exact_ref,24847.616,1,0,413921,105963776
simless,6,0,enron_full_304134,exact_ref,24847.616,1,0,413921,105963776
simless,5,0,enron_full_304324,exact_ref,24589.756,1,0,413921,105963776
simless,6,0,enron_full_304324,exact_ref,24589.756,1,0,413921,105963776
simless,4,0,enron_full_304324,exact_ref,24589.756,1,0,413921,105963776
simless,6,0,enron_full_305112,exact_ref,25651.208,1,0,413921,105963776
simless,4,0,enron_full_305112,exact_ref,25651.208,1,0,413921,105963776
simless,5,0,enron_full_305112,exact_ref,25651.208,1,0,413921,105963776
simless,4,0,enron_full_305491,exact_ref,26721.750,1,0,413921,105963776
simless,5,0,enron_full_305491,exact_ref,26721.750,1,0,413921,105963776
simless,6,0,enron_full_305491,exact_ref,26721.750,1,0,413921,105963776
simless,5,0,enron_full_305595,exact_ref,26892.109,1,0,413921,105963776
simless,6,0,enron_full_305595,exact_ref,26892.109,1,0,413921,105963776
simless,4,0,enron_full_305595,exact_ref,26892.109,1,0,413921,105963776
simless,6,0,enron_full_306022,exact_ref,26639.104,1,0,413921,105963776
simless,4,0,enron_full_306022,exact_ref,26639.104,1,0,413921,105963776
simless,5,0,enron_full_306022,exact_ref,26639.104,1,0,413921,105963776
simless,4,0,enron_full_306282,exact_ref,26557.360,1,0,413921,105963776
simless,5,0,enron_full_306282,exact_ref,26557.360,1,0,413921,105963776
simless,6,0,enron_full_306282,exact_ref,26557.360,1,0,413921,105963776
simless,5,0,enron_full_306838,exact_ref,25811.448,1,0,413921,105963776
simless,6,0,enron_full_306838,exact_ref,25811.448,1,0,413921,105963776
simless,4,0,enron_full_306838,exact_ref,25811.448,1,0,413921,105963776
simless,6,0,enron_full_306879,exact_ref,26020.197,1,0,413921,105963776
simless,4,0,enron_full_306879,exact_ref,26020.197,1,0,413921,105963776
simless,5,0,enron_full_306879,exact_ref,26020.197,1,0,413921,105963776
simless,4,0,enron_full_307066,exact_ref,26878.069,1,0,413921,105963776
simless,5,0,enron_full_307066,exact_ref,26878.069,1,0,413921,105963776
simless,6,0,enron_full_307066,exact_ref,26878.069,1,0,413921,105963776
simless,5,0,enron_full_307536,exact_ref,26534.268,1,0,413921,105963776
simless,6,0,enron_full_307536,exact_ref,26534.268,1,0,413921,105963776
simless,4,0,enron_full_307536,exact_ref,26534.268,1,0,413921,105963776
simless,6,0,enron_full_307959,exact_ref,26297.174,1,0,413921,105963776
simless,4,0,enron_full_307959,exact_ref,26297.174,1,0,413921,105963776
simless,5,0,enron_full_307959,exact_ref,26297.174,1,0,413921,105963776
simless,4,0,enron_full_308283,exact_ref,25932.397,1,0,413921,105963776
simless,5,0,enron_full_308283,exact_ref,25932.397,1,0,413921,105963776
simless,6,0,enron_full_308283,exact_ref,25932.397,1,0,413921,105963776
simless,5,0,enron_full_308504,exact_ref,24560.879,1,0,413921,105963776
simless,6,0,enron_full_308504,exact_ref,24560.879,1,0,413921,105963776
simless,4,0,enron_full_308504,exact_ref,24560.879,1,0,413921,105963776
simless,6,0,enron_full_308666,exact_ref,24589.912,1,0,413921,105963776
simless,4,0,enron_full_308666,exact_ref,24589.912,1,0,413921,105963776
simless,5,0,enron_full_308666,exact_ref,24589.912,1,0,413921,105963776
simless,4,0,enron_full_310049,exact_ref,25271.965,1,0,413921,105963776
simless,5,0,enron_full_310049,exact_ref,25271.965,1,0,413921,105963776
simless,6,0,enron_full_310049,exact_ref,25271.965,1,0,413921,105963776
simless,5,0,enron_full_310050,exact_ref,25345.714,1,0,413921,105963776
simless,6,0,enron_full_310050,exact_ref,25345.714,1,0,413921,105963776
simless,4,0,enron_full_310050,exact_ref,25345.714,1,0,413921,105963776
simless,6,0,enron_full_310056,exact_ref,24858.666,1,0,413921,105963776
simless,4,0,enron_full_310056,exact_ref,24858.666,1,0,413921,105963776
simless,5,0,enron_full_310056,exact_ref,24858.666,1,0,413921,105963776
simless,4,0,enron_full_310895,exact_ref,26161.311,1,0,413921,105963776
simless,5,0,enron_full_310895,exact_ref,26161.311,1,0,413921,105963776
simless,6,0,enron_full_310895,exact_ref,26161.311,1,0,413921,105963776
simless,5,0,enron_full_310913,exact_ref,26715.172,1,0,413921,105963776
simless,6,0,enron_full_310913,exact_ref,26715.172,1,0,413921,105963776
simless,4,0,enron_full_310913,exact_ref,26715.172,1,0,413921,105963776
simless,6,0,enron_full_311017,exact_ref,26367.893,1,0,413921,105963776
simless,4,0,enron_full_311017,exact_ref,26367.893,1,0,413921,105963776
simless,5,0,enron_full_311017,exact_ref,26367.893,1,0,413921,105963776
simless,4,0,enron_full_313090,exact_ref,26012.476,1,0,413921,105963776
simless,5,0,enron_full_313090,exact_ref,26012.476,1,0,413921,105963776
simless,6,0,enron_full_313090,exact_ref,26012.476,1,0,413921,105963776
simless,5,0,enron_full_314206,exact_ref,25526.072,1,0,413921,105963776
simless,6,0,enron_full_314206,exact_ref,25526.072,1,0,413921,105963776
simless,4,0,enron_full_314206,exact_ref,25526.072,1,0,413921,105963776
simless,6,0,enron_full_314362,exact_ref,25077.880,1,0,413921,105963776
simless,4,0,enron_full_314362,exact_ref,25077.880,1,0,413921,105963776
simless,5,0,enron_full_314362,exact_ref,25077.880,1,0,413921,105963776
simless,4,0,enron_full_315231,exact_ref,23941.999,1,0,413921,105963776
simless,5,0,enron_full_315231,exact_ref,23941.999,1,0,413921,105963776
simless,6,0,enron_full_315231,exact_ref,23941.999,1,0,413921,105963776
simless,5,0,enron_full_315279,exact_ref,25224.582,1,0,413921,105963776
simless,6,0,enron_full_315279,exact_ref,25224.582,1,0,413921,105963776
simless,4,0,enron_full_315279,exact_ref,25224.582,1,0,413921,105963776
simless,6,0,enron_full_315623,exact_ref,24302.732,1,0,413921,105963776
simless,4,0,enron_full_315623,exact_ref,24302.732,1,0,413921,105963776
simless,5,0,enron_full_315623,exact_ref,24302.732,1,0,413921,105963776
simless,4,0,enron_full_316006,exact_ref,24789.761,1,0,413921,105963776
simless,5,0,enron_full_316006,exact_ref,24789.761,1,0,413921,105963776
simless,6,0,enron_full_316006,exact_ref,24789.761,1,0,413921,105963776
simless,5,0,enron_full_317192,exact_ref,24179.702,1,0,413921,105963776
simless,6,0,enron_full_317192,exact_ref,24179.702,1,0,413921,105963776
simless,4,0,enron_full_317192,exact_ref,24179.702,1,0,413921,105963776
simless,6,0,enron_full_317451,exact_ref,24279.779,1,0,413921,105963776
simless,4,0,enron_full_317451,exact_ref,24279.779,1,0,413921,105963776
simless,5,0,enron_full_317451,exact_ref,24279.779,1,0,413921,105963776
simless,4,0,enron_full_318133,exact_ref,24692.414,1,0,413921,105963776
simless,5,0,enron_full_318133,exact_ref,24692.414,1,0,413921,105963776
simless,6,0,enron_full_318133,exact_ref,24692.414,1,0,413921,105963776
simless,5,0,enron_full_318207,exact_ref,24871.237,1,0,413921,105963776
simless,6,0,enron_full_318207,exact_ref,24871.237,1,0,413921,105963776
simless,4,0,enron_full_318207,exact_ref,24871.237,1,0,413921,105963776
simless,6,0,enron_full_318845,exact_ref,25128.865,1,0,413921,105963776
simless,4,0,enron_full_318845,exact_ref,25128.865,1,0,413921,105963776
simless,5,0,enron_full_318845,exact_ref,25128.865,1,0,413921,105963776
simless,4,0,enron_full_318909,exact_ref,26638.757,1,0,413921,105963776
simless,5,0,enron_full_318909,exact_ref,26638.757,1,0,413921,105963776
simless,6,0,enron_full_318909,exact_ref,26638.757,1,0,413921,105963776
simless,5,0,enron_full_319080,exact_ref,26653.113,1,0,413921,105963776
simless,6,0,enron_full_319080,exact_ref,26653.113,1,0,413921,105963776
simless,4,0,enron_full_319080,exact_ref,26653.113,1,0,413921,105963776
simless,6,0,enron_full_319320,exact_ref,26393.445,1,0,413921,105963776
simless,4,0,enron_full_319320,exact_ref,26393.445,1,0,413921,105963776
simless,5,0,enron_full_319320,exact_ref,26393.445,1,0,413921,105963776
simless,4,0,enron_full_319952,exact_ref,25486.991,1,0,413921,105963776
simless,5,0,enron_full_319952,exact_ref,25486.991,1,0,413921,105963776
simless,6,0,enron_full_319952,exact_ref,25486.991,1,0,413921,105963776
simless,5,0,enron_full_320564,exact_ref,25214.348,1,0,413921,105963776
simless,6,0,enron_full_320564,exact_ref,25214.348,1,0,413921,105963776
simless,4,0,enron_full_320564,exact_ref,25214.348,1,0,413921,105963776
simless,6,0,enron_full_320626,exact_ref,23890.597,1,0,413921,105963776
simless,4,0,enron_full_320626,exact_ref,23890.597,1,0,413921,105963776
simless,5,0,enron_full_320626,exact_ref,23890.597,1,0,413921,105963776
simless,4,0,enron_full_321445,exact_ref,25161.779,1,0,413921,105963776
simless,5,0,enron_full_321445,exact_ref,25161.779,1,0,413921,105963776
simless,6,0,enron_full_321445,exact_ref,25161.779,1,0,413921,105963776
simless,5,0,enron_full_321807,exact_ref,24917.049,1,0,413921,105963776
simless,6,0,enron_full_321807,exact_ref,24917.049,1,0,413921,105963776
simless,4,0,enron_full_321807,exact_ref,24917.049,1,0,413921,105963776
simless,6,0,enron_full_321918,exact_ref,25807.654,1,0,413921,105963776
simless,4,0,enron_full_321918,exact_ref,25807.654,1,0,413921,105963776
simless,5,0,enron_full_321918,exact_ref,25807.654,1,0,413921,105963776
simless,4,0,enron_full_322149,exact_ref,26918.959,1,0,413921,105963776
simless,5,0,enron_full_322149,exact_ref,26918.959,1,0,413921,105963776
simless,6,0,enron_full_322149,exact_ref,26918.959,1,0,413921,105963776
simless,5,0,enron_full_322706,exact_ref,26749.538,1,0,413921,105963776
simless,6,0,enron_full_322706,exact_ref,26749.538,1,0,413921,105963776
simless,4,0,enron_full_322706,exact_ref,26749.538,1,0,413921,105963776
simless,6,0,enron_full_322737,exact_ref,26391.711,1,0,413921,105963776
simless,4,0,enron_full_322737,exact_ref,26391.711,1,0,413921,105963776
simless,5,0,enron_full_322737,exact_ref,26391.711,1,0,413921,105963776
simless,4,0,enron_full_322757,exact_ref,24432.113,1,0,413921,105963776
simless,5,0,enron_full_322757,exact_ref,24432.113,1,0,413921,105963776
simless,6,0,enron_full_322757,exact_ref,24432.113,1,0,413921,105963776
simless,5,0,enron_full_324000,exact_ref,25811.844,1,0,413921,105963776
simless,6,0,enron_full_324000,exact_ref,25811.844,1,0,413921,105963776
simless,4,0,enron_full_324000,exact_ref,25811.844,1,0,413921,105963776
simless,6,0,enron_full_324353,no_exact_ref,26780.220,0,34,413921,105963776
simless,4,0,enron_full_324353,no_exact_ref,26780.220,0,34,413921,105963776
simless,5,0,enron_full_324353,no_exact_ref,26780.220,0,34,413921,105963776
simless,4,0,enron_full_325002,exact_ref,26789.986,1,0,413921,105963776
simless,5,0,enron_full_325002,exact_ref,26789.986,1,0,413921,105963776
simless,6,0,enron_full_325002,exact_ref,26789.986,1,0,413921,105963776
simless,5,0,enron_full_325131,exact_ref,24409.768,1,0,413921,105963776
simless,6,0,enron_full_325131,exact_ref,24409.768,1,0,413921,105963776
simless,4,0,enron_full_325131,exact_ref,24409.768,1,0,413921,105963776
simless,6,0,enron_full_325547,exact_ref,28604.479,1,0,413921,105963776
simless,4,0,enron_full_325547,exact_ref,28604.479,1,0,413921,105963776
simless,5,0,enron_full_325547,exact_ref,28604.479,1,0,413921,105963776
simless,4,0,enron_full_326276,exact_ref,25853.745,1,0,413921,105963776
simless,5,0,enron_full_326276,exact_ref,25853.745,1,0,413921,105963776
simless,6,0,enron_full_326276,exact_ref,25853.745,1,0,413921,105963776
simless,5,0,enron_full_326406,exact_ref,26453.599,1,0,413921,105963776
simless,6,0,enron_full_326406,exact_ref,26453.599,1,0,413921,105963776
simless,4,0,enron_full_326406,exact_ref,26453.599,1,0,413921,105963776
simless,6,0,enron_full_326699,exact_ref,26837.629,1,0,413921,105963776
simless,4,0,enron_full_326699,exact_ref,26837.629,1,0,413921,105963776
simless,5,0,enron_full_326699,exact_ref,26837.629,1,0,413921,105963776
simless,4,0,enron_full_326891,exact_ref,27288.493,1,0,413921,105963776
simless,5,0,enron_full_326891,exact_ref,27288.493,1,0,413921,105963776
simless,6,0,enron_full_326891,exact_ref,27288.493,1,0,413921,105963776
simless,5,0,enron_full_327398,exact_ref,28156.177,1,0,413921,105963776
simless,6,0,enron_full_327398,exact_ref,28156.177,1,0,413921,105963776
simless,4,0,enron_full_327398,exact_ref,28156.177,1,0,413921,105963776
simless,6,0,enron_full_327734,exact_ref,26626.487,1,0,413921,105963776
simless,4,0,enron_full_327734,exact_ref,26626.487,1,0,413921,105963776
simless,5,0,enron_full_327734,exact_ref,26626.487,1,0,413921,105963776
simless,4,0,enron_full_330743,exact_ref,25690.478,1,0,413921,105963776
simless,5,0,enron_full_330743,exact_ref,25690.478,1,0,413921,105963776
simless,6,0,enron_full_330743,exact_ref,25690.478,1,0,413921,105963776
simless,5,0,enron_full_330847,exact_ref,26647.216,1,0,413921,105963776
simless,6,0,enron_full_330847,exact_ref,26647.216,1,0,413921,105963776
simless,4,0,enron_full_330847,exact_ref,26647.216,1,0,413921,105963776
simless,6,0,enron_full_331065,no_exact_ref,25899.329,0,87,413921,105963776
simless,4,0,enron_full_331065,no_exact_ref,25899.329,0,87,413921,105963776
simless,5,0,enron_full_331065,no_exact_ref,25899.329,0,87,413921,105963776
simless,4,0,enron_full_331235,exact_ref,26852.049,1,0,413921,105963776
simless,5,0,enron_full_331235,exact_ref,26852.049,1,0,413921,105963776
simless,6,0,enron_full_331235,exact_ref,26852.049,1,0,413921,105963776
simless,5,0,enron_full_331309,no_exact_ref,26980.641,0,68,413921,105963776
simless,6,0,enron_full_331309,no_exact_ref,26980.641,0,68,413921,105963776
simless,4,0,enron_full_331309,no_exact_ref,26980.641,0,68,413921,105963776
simless,6,0,enron_full_332147,no_exact_ref,26145.984,0,71,413921,105963776
simless,4,0,enron_full_332147,no_exact_ref,26145.984,0,71,413921,105963776
simless,5,0,enron_full_332147,no_exact_ref,26145.984,0,71,413921,105963776
simless,4,0,enron_full_332523,exact_ref,25013.939,1,0,413921,105963776
simless,5,0,enron_full_332523,exact_ref,25013.939,1,0,413921,105963776
simless,6,0,enron_full_332523,exact_ref,25013.939,1,0,413921,105963776
simless,5,0,enron_full_333276,exact_ref,26238.159,1,0,413921,105963776
simless,6,0,enron_full_333276,exact_ref,26238.159,1,0,413921,105963776
simless,4,0,enron_full_333276,exact_ref,26238.159,1,0,413921,105963776
simless,6,0,enron_full_333308,exact_ref,30526.869,1,0,413921,105963776
simless,4,0,enron_full_333308,exact_ref,30526.869,1,0,413921,105963776
simless,5,0,enron_full_333308,exact_ref,30526.869,1,0,413921,105963776
simless,4,0,enron_full_333309,exact_ref,25224.803,1,0,413921,105963776
simless,5,0,enron_full_333309,exact_ref,25224.803,1,0,413921,105963776
simless,6,0,enron_full_333309,exact_ref,25224.803,1,0,413921,105963776
simless,5,0,enron_full_334798,no_exact_ref,24089.922,0,93,413921,105963776
simless,6,0,enron_full_334798,no_exact_ref,24089.922,0,93,413921,105963776
simless,4,0,enron_full_334798,no_exact_ref,24089.922,0,93,413921,105963776
simless,6,0,enron_full_335428,exact_ref,24735.440,1,0,413921,105963776
simless,4,0,enron_full_335428,exact_ref,24735.440,1,0,413921,105963776
simless,5,0,enron_full_335428,exact_ref,24735.440,1,0,413921,105963776
simless,4,0,enron_full_335498,exact_ref,25686.825,1,0,413921,105963776
simless,5,0,enron_full_335498,exact_ref,25686.825,1,0,413921,105963776
simless,6,0,enron_full_335498,exact_ref,25686.825,1,0,413921,105963776
simless,5,0,enron_full_335546,exact_ref,25674.950,1,0,413921,105963776
simless,6,0,enron_full_335546,exact_ref,25674.950,1,0,413921,105963776
simless,4,0,enron_full_335546,exact_ref,25674.950,1,0,413921,105963776
simless,6,0,enron_full_335575,exact_ref,25515.845,1,0,413921,105963776
simless,4,0,enron_full_335575,exact_ref,25515.845,1,0,413921,105963776
simless,5,0,enron_full_335575,exact_ref,25515.845,1,0,413921,105963776
simless,4,0,enron_full_335623,exact_ref,26076.334,1,0,413921,105963776
simless,5,0,enron_full_335623,exact_ref,26076.334,1,0,413921,105963776
simless,6,0,enron_full_335623,exact_ref,26076.334,1,0,413921,105963776
simless,5,0,enron_full_335857,exact_ref,25716.657,1,0,413921,105963776
simless,6,0,enron_full_335857,exact_ref,25716.657,1,0,413921,105963776
simless,4,0,enron_full_335857,exact_ref,25716.657,1,0,413921,105963776
simless,6,0,enron_full_335946,exact_ref,26759.316,1,0,413921,105963776
simless,4,0,enron_full_335946,exact_ref,26759.316,1,0,413921,105963776
simless,5,0,enron_full_335946,exact_ref,26759.316,1,0,413921,105963776
simless,4,0,enron_full_336542,exact_ref,26906.503,1,0,413921,105963776
simless,5,0,enron_full_336542,exact_ref,26906.503,1,0,413921,105963776
simless,6,0,enron_full_336542,exact_ref,26906.503,1,0,413921,105963776
simless,5,0,enron_full_337267,exact_ref,26053.917,1,0,413921,105963776
simless,6,0,enron_full_337267,exact_ref,26053.917,1,0,413921,105963776
simless,4,0,enron_full_337267,exact_ref,26053.917,1,0,413921,105963776
simless,6,0,enron_full_337292,exact_ref,26391.647,1,0,413921,105963776
simless,4,0,enron_full_337292,exact_ref,26391.647,1,0,413921,105963776
simless,5,0,enron_full_337292,exact_ref,26391.647,1,0,413921,105963776
simless,4,0,enron_full_337470,exact_ref,25933.060,1,0,413921,105963776
simless,5,0,enron_full_337470,exact_ref,25933.060,1,0,413921,105963776
simless,6,0,enron_full_337470,exact_ref,25933.060,1,0,413921,105963776
simless,5,0,enron_full_339638,no_exact_ref,27958.039,0,28,413921,105963776
simless,6,0,enron_full_339638,no_exact_ref,27958.039,0,28,413921,105963776
simless,4,0,enron_full_339638,no_exact_ref,27958.039,0,28,413921,105963776
simless,6,0,enron_full_340418,exact_ref,28691.033,1,0,413921,105963776
simless,4,0,enron_full_340418,exact_ref,28691.033,1,0,413921,105963776
simless,5,0,enron_full_340418,exact_ref,28691.033,1,0,413921,105963776
simless,4,0,enron_full_340472,exact_ref,28129.902,1,0,413921,105963776
simless,5,0,enron_full_340472,exact_ref,28129.902,1,0,413921,105963776
simless,6,0,enron_full_340472,exact_ref,28129.902,1,0,413921,105963776
simless,5,0,enron_full_340761,exact_ref,26588.809,1,0,413921,105963776
simless,6,0,enron_full_340761,exact_ref,26588.809,1,0,413921,105963776
simless,4,0,enron_full_340761,exact_ref,26588.809,1,0,413921,105963776
simless,6,0,enron_full_341249,exact_ref,26034.476,1,0,413921,105963776
simless,4,0,enron_full_341249,exact_ref,26034.476,1,0,413921,105963776
simless,5,0,enron_full_341249,exact_ref,26034.476,1,0,413921,105963776
simless,4,0,enron_full_341362,exact_ref,25943.239,1,0,413921,105963776
simless,5,0,enron_full_341362,exact_ref,25943.239,1,0,413921,105963776
simless,6,0,enron_full_341362,exact_ref,25943.239,1,0,413921,105963776
simless,5,0,enron_full_342301,exact_ref,25404.066,1,0,413921,105963776
simless,6,0,enron_full_342301,exact_ref,25404.066,1,0,413921,105963776
simless,4,0,enron_full_342301,exact_ref,25404.066,1,0,413921,105963776
simless,6,0,enron_full_342735,exact_ref,25495.120,1,0,413921,105963776
simless,4,0,enron_full_342735,exact_ref,25495.120,1,0,413921,105963776
simless,5,0,enron_full_342735,exact_ref,25495.120,1,0,413921,105963776
simless,4,0,enron_full_344191,exact_ref,26142.993,1,0,413921,105963776
simless,5,0,enron_full_344191,exact_ref,26142.993,1,0,413921,105963776
simless,6,0,enron_full_344191,exact_ref,26142.993,1,0,413921,105963776
simless,5,0,enron_full_344335,exact_ref,27025.910,1,0,413921,105963776
simless,6,0,enron_full_344335,exact_ref,27025.910,1,0,413921,105963776
simless,4,0,enron_full_344335,exact_ref,27025.910,1,0,413921,105963776
simless,6,0,enron_full_344645,no_exact_ref,26983.760,0,92,413921,105963776
simless,4,0,enron_full_344645,no_exact_ref,26983.760,0,92,413921,105963776
simless,5,0,enron_full_344645,no_exact_ref,26983.760,0,92,413921,105963776
simless,4,0,enron_full_345595,exact_ref,25634.682,1,0,413921,105963776
simless,5,0,enron_full_345595,exact_ref,25634.682,1,0,413921,105963776
simless,6,0,enron_full_345595,exact_ref,25634.682,1,0,413921,105963776
simless,5,0,enron_full_345814,exact_ref,25772.852,1,0,413921,105963776
simless,6,0,enron_full_345814,exact_ref,25772.852,1,0,413921,105963776
simless,4,0,enron_full_345814,exact_ref,25772.852,1,0,413921,105963776
simless,6,0,enron_full_348142,exact_ref,25769.530,1,0,413921,105963776
simless,4,0,enron_full_348142,exact_ref,25769.530,1,0,413921,105963776
simless,5,0,enron_full_348142,exact_ref,25769.530,1,0,413921,105963776
simless,4,0,enron_full_348438,no_exact_ref,26316.363,0,28,413921,105963776
simless,5,0,enron_full_348438,no_exact_ref,26316.363,0,28,413921,105963776
simless,6,0,enron_full_348438,no_exact_ref,26316.363,0,28,413921,105963776
simless,5,0,enron_full_349353,no_exact_ref,25897.246,0,42,413921,105963776
simless,6,0,enron_full_349353,no_exact_ref,25897.246,0,42,413921,105963776
simless,4,0,enron_full_349353,no_exact_ref,25897.246,0,42,413921,105963776
simless,6,0,enron_full_349483,no_exact_ref,26227.558,0,57,413921,105963776
simless,4,0,enron_full_349483,no_exact_ref,26227.558,0,57,413921,105963776
simless,5,0,enron_full_349483,no_exact_ref,26227.558,0,57,413921,105963776
simless,4,0,enron_full_352068,no_exact_ref,25933.679,0,93,413921,105963776
simless,5,0,enron_full_352068,no_exact_ref,25933.679,0,93,413921,105963776
simless,6,0,enron_full_352068,no_exact_ref,25933.679,0,93,413921,105963776
simless,5,0,enron_full_352183,exact_ref,25189.445,1,0,413921,105963776
simless,6,0,enron_full_352183,exact_ref,25189.445,1,0,413921,105963776
simless,4,0,enron_full_352183,exact_ref,25189.445,1,0,413921,105963776
simless,6,0,enron_full_352410,exact_ref,26233.674,1,0,413921,105963776
simless,4,0,enron_full_352410,exact_ref,26233.674,1,0,413921,105963776
simless,5,0,enron_full_352410,exact_ref,26233.674,1,0,413921,105963776
simless,4,0,enron_full_352552,no_exact_ref,26332.837,0,59,413921,105963776
simless,5,0,enron_full_352552,no_exact_ref,26332.837,0,59,413921,105963776
simless,6,0,enron_full_352552,no_exact_ref,26332.837,0,59,413921,105963776
simless,5,0,enron_full_353158,exact_ref,25648.749,1,0,413921,105963776
simless,6,0,enron_full_353158,exact_ref,25648.749,1,0,413921,105963776
simless,4,0,enron_full_353158,exact_ref,25648.749,1,0,413921,105963776
simless,6,0,enron_full_353883,no_exact_ref,26204.491,0,91,413921,105963776
simless,4,0,enron_full_353883,no_exact_ref,26204.491,0,91,413921,105963776
simless,5,0,enron_full_353883,no_exact_ref,26204.491,0,91,413921,105963776
simless,4,0,enron_full_354290,no_exact_ref,27045.111,0,7,413921,105963776
simless,5,0,enron_full_354290,no_exact_ref,27045.111,0,7,413921,105963776
simless,6,0,enron_full_354290,no_exact_ref,27045.111,0,7,413921,105963776
simless,5,0,enron_full_355229,no_exact_ref,26702.110,0,87,413921,105963776
simless,6,0,enron_full_355229,no_exact_ref,26702.110,0,87,413921,105963776
simless,4,0,enron_full_355229,no_exact_ref,26702.110,0,87,413921,105963776
simless,6,0,enron_full_355694,exact_ref,26441.607,1,0,413921,105963776
simless,4,0,enron_full_355694,exact_ref,26441.607,1,0,413921,105963776
simless,5,0,enron_full_355694,exact_ref,26441.607,1,0,413921,105963776
simless,4,0,enron_full_355895,no_exact_ref,26395.110,0,32,413921,105963776
simless,5,0,enron_full_355895,no_exact_ref,26395.110,0,32,413921,105963776
simless,6,0,enron_full_355895,no_exact_ref,26395.110,0,32,413921,105963776
simless,5,0,enron_full_356569,no_exact_ref,25463.258,0,90,413921,105963776
simless,6,0,enron_full_356569,no_exact_ref,25463.258,0,90,413921,105963776
simless,4,0,enron_full_356569,no_exact_ref,25463.258,0,90,413921,105963776
simless,6,0,enron_full_356908,exact_ref,25919.380,1,0,413921,105963776
simless,4,0,enron_full_356908,exact_ref,25919.380,1,0,413921,105963776
simless,5,0,enron_full_356908,exact_ref,25919.380,1,0,413921,105963776
simless,4,0,enron_full_356976,no_exact_ref,25654.878,0,8,413921,105963776
simless,5,0,enron_full_356976,no_exact_ref,25654.878,0,8,413921,105963776
simless,6,0,enron_full_356976,no_exact_ref,25654.878,0,8,413921,105963776
simless,5,0,enron_full_358597,no_exact_ref,25538.459,0,53,413921,105963776
simless,6,0,enron_full_358597,no_exact_ref,25538.459,0,53,413921,105963776
simless,4,0,enron_full_358597,no_exact_ref,25538.459,0,53,413921,105963776
simless,6,0,enron_full_358915,no_exact_ref,25564.124,0,27,413921,105963776
simless,4,0,enron_full_358915,no_exact_ref,25564.124,0,27,413921,105963776
simless,5,0,enron_full_358915,no_exact_ref,25564.124,0,27,413921,105963776
simless,4,0,enron_full_360085,exact_ref,25172.974,1,0,413921,105963776
simless,5,0,enron_full_360085,exact_ref,25172.974,1,0,413921,105963776
simless,6,0,enron_full_360085,exact_ref,25172.974,1,0,413921,105963776
simless,5,0,enron_full_360983,exact_ref,25289.684,1,0,413921,105963776
simless,6,0,enron_full_360983,exact_ref,25289.684,1,0,413921,105963776
simless,4,0,enron_full_360983,exact_ref,25289.684,1,0,413921,105963776
simless,6,0,enron_full_362389,exact_ref,25227.745,1,0,413921,105963776
simless,4,0,enron_full_362389,exact_ref,25227.745,1,0,413921,105963776
simless,5,0,enron_full_362389,exact_ref,25227.745,1,0,413921,105963776
simless,4,0,enron_full_363120,exact_ref,25062.453,1,0,413921,105963776
simless,5,0,enron_full_363120,exact_ref,25062.453,1,0,413921,105963776
simless,6,0,enron_full_363120,exact_ref,25062.453,1,0,413921,105963776
simless,5,0,enron_full_363607,no_exact_ref,26195.783,0,96,413921,105963776
simless,6,0,enron_full_363607,no_exact_ref,26195.783,0,96,413921,105963776
simless,4,0,enron_full_363607,no_exact_ref,26195.783,0,96,413921,105963776
simless,6,0,enron_full_363846,no_exact_ref,26939.036,0,93,413921,105963776
simless,4,0,enron_full_363846,no_exact_ref,26939.036,0,93,413921,105963776
simless,5,0,enron_full_363846,no_exact_ref,26939.036,0,93,413921,105963776
simless,4,0,enron_full_363876,exact_ref,26820.438,1,0,413921,105963776
simless,5,0,enron_full_363876,exact_ref,26820.438,1,0,413921,105963776
simless,6,0,enron_full_363876,exact_ref,26820.438,1,0,413921,105963776
simless,5,0,enron_full_364025,no_exact_ref,26898.840,0,77,413921,105963776
simless,6,0,enron_full_364025,no_exact_ref,26898.840,0,77,413921,105963776
simless,4,0,enron_full_364025,no_exact_ref,26898.840,0,77,413921,105963776
simless,6,0,enron_full_364586,exact_ref,26835.059,1,0,413921,105963776
simless,4,0,enron_full_364586,exact_ref,26835.059,1,0,413921,105963776
simless,5,0,enron_full_364586,exact_ref,26835.059,1,0,413921,105963776
simless,4,0,enron_full_365105,no_exact_ref,26941.125,0,47,413921,105963776
simless,5,0,enron_full_365105,no_exact_ref,26941.125,0,47,413921,105963776
simless,6,0,enron_full_365105,no_exact_ref,26941.125,0,47,413921,105963776
simless,5,0,enron_full_365478,no_exact_ref,26392.754,0,75,413921,105963776
simless,6,0,enron_full_365478,no_exact_ref,26392.754,0,75,413921,105963776
simless,4,0,enron_full_365478,no_exact_ref,26392.754,0,75,413921,105963776
simless,6,0,enron_full_365497,exact_ref,25199.819,1,0,413921,105963776
simless,4,0,enron_full_365497,exact_ref,25199.819,1,0,413921,105963776
simless,5,0,enron_full_365497,exact_ref,25199.819,1,0,413921,105963776
simless,4,0,enron_full_365509,no_exact_ref,26092.244,1,0,413921,105963776
simless,5,0,enron_full_365509,no_exact_ref,26092.244,1,0,413921,105963776
simless,6,0,enron_full_365509,no_exact_ref,26092.244,1,0,413921,105963776
simless,5,0,enron_full_365947,no_exact_ref,25066.667,0,90,413921,105963776
simless,6,0,enron_full_365947,no_exact_ref,25066.667,0,90,413921,105963776
simless,4,0,enron_full_365947,no_exact_ref,25066.667,0,90,413921,105963776
simless,6,0,enron_full_366510,exact_ref,26709.706,1,0,413921,105963776
simless,4,0,enron_full_366510,exact_ref,26709.706,1,0,413921,105963776
simless,5,0,enron_full_366510,exact_ref,26709.706,1,0,413921,105963776
simless,4,0,enron_full_366895,exact_ref,26824.355,1,0,413921,105963776
simless,5,0,enron_full_366895,exact_ref,26824.355,1,0,413921,105963776
simless,6,0,enron_full_366895,exact_ref,26824.355,1,0,413921,105963776
simless,5,0,enron_full_367052,no_exact_ref,26775.563,0,78,413921,105963776
simless,6,0,enron_full_367052,no_exact_ref,26775.563,0,78,413921,105963776
simless,4,0,enron_full_367052,no_exact_ref,26775.563,0,78,413921,105963776
simless,6,0,enron_full_367129,no_exact_ref,26811.925,0,93,413921,105963776
simless,4,0,enron_full_367129,no_exact_ref,26811.925,0,93,413921,105963776
simless,5,0,enron_full_367129,no_exact_ref,26811.925,0,93,413921,105963776
simless,4,0,enron_full_367319,no_exact_ref,26424.902,0,48,413921,105963776
simless,5,0,enron_full_367319,no_exact_ref,26424.902,0,48,413921,105963776
simless,6,0,enron_full_367319,no_exact_ref,26424.902,0,48,413921,105963776
simless,5,0,enron_full_367765,exact_ref,26945.945,1,0,413921,105963776
simless,6,0,enron_full_367765,exact_ref,26945.945,1,0,413921,105963776
simless,4,0,enron_full_367765,exact_ref,26945.945,1,0,413921,105963776
simless,6,0,enron_full_367912,no_exact_ref,26677.011,0,84,413921,105963776
simless,4,0,enron_full_367912,no_exact_ref,26677.011,0,84,413921,105963776
simless,5,0,enron_full_367912,no_exact_ref,26677.011,0,84,413921,105963776
simless,4,0,enron_full_368156,no_exact_ref,26206.760,0,64,413921,105963776
simless,5,0,enron_full_368156,no_exact_ref,26206.760,0,64,413921,105963776
simless,6,0,enron_full_368156,no_exact_ref,26206.760,0,64,413921,105963776
simless,5,0,enron_full_368318,no_exact_ref,25972.481,0,60,413921,105963776
simless,6,0,enron_full_368318,no_exact_ref,25972.481,0,60,413921,105963776
simless,4,0,enron_full_368318,no_exact_ref,25972.481,0,60,413921,105963776
simless,6,0,enron_full_369168,exact_ref,25599.319,1,0,413921,105963776
simless,4,0,enron_full_369168,exact_ref,25599.319,1,0,413921,105963776
simless,5,0,enron_full_369168,exact_ref,25599.319,1,0,413921,105963776
simless,4,0,enron_full_369419,exact_ref,25554.202,1,0,413921,105963776
simless,5,0,enron_full_369419,exact_ref,25554.202,1,0,413921,105963776
simless,6,0,enron_full_369419,exact_ref,25554.202,1,0,413921,105963776
simless,5,0,enron_full_370439,exact_ref,24890.299,1,0,413921,105963776
simless,6,0,enron_full_370439,exact_ref,24890.299,1,0,413921,105963776
simless,4,0,enron_full_370439,exact_ref,24890.299,1,0,413921,105963776
simless,6,0,enron_full_371121,no_exact_ref,25819.407,0,88,413921,105963776
simless,4,0,enron_full_371121,no_exact_ref,25819.407,0,88,413921,105963776
simless,5,0,enron_full_371121,no_exact_ref,25819.407,0,88,413921,105963776
simless,4,0,enron_full_373728,exact_ref,24884.411,1,0,413921,105963776
simless,5,0,enron_full_373728,exact_ref,24884.411,1,0,413921,105963776
simless,6,0,enron_full_373728,exact_ref,24884.411,1,0,413921,105963776
simless,5,0,enron_full_373978,exact_ref,26018.654,1,0,413921,105963776
simless,6,0,enron_full_373978,exact_ref,26018.654,1,0,413921,105963776
simless,4,0,enron_full_373978,exact_ref,26018.654,1,0,413921,105963776
simless,6,0,enron_full_374719,exact_ref,25475.054,1,0,413921,105963776
simless,4,0,enron_full_374719,exact_ref,25475.054,1,0,413921,105963776
simless,5,0,enron_full_374719,exact_ref,25475.054,1,0,413921,105963776
simless,4,0,enron_full_374736,exact_ref,26014.969,1,0,413921,105963776
simless,5,0,enron_full_374736,exact_ref,26014.969,1,0,413921,105963776
simless,6,0,enron_full_374736,exact_ref,26014.969,1,0,413921,105963776
simless,5,0,enron_full_375606,exact_ref,25037.969,1,0,413921,105963776
simless,6,0,enron_full_375606,exact_ref,25037.969,1,0,413921,105963776
simless,4,0,enron_full_375606,exact_ref,25037.969,1,0,413921,105963776
simless,6,0,enron_full_376013,exact_ref,26821.909,1,0,413921,105963776
simless,4,0,enron_full_376013,exact_ref,26821.909,1,0,413921,105963776
simless,5,0,enron_full_376013,exact_ref,26821.909,1,0,413921,105963776
simless,4,0,enron_full_376710,exact_ref,26913.144,1,0,413921,105963776
simless,5,0,enron_full_376710,exact_ref,26913.144,1,0,413921,105963776
simless,6,0,enron_full_376710,exact_ref,26913.144,1,0,413921,105963776
simless,5,0,enron_full_377221,exact_ref,26490.507,1,0,413921,105963776
simless,6,0,enron_full_377221,exact_ref,26490.507,1,0,413921,105963776
simless,4,0,enron_full_377221,exact_ref,26490.507,1,0,413921,105963776
simless,6,0,enron_full_377377,exact_ref,24485.301,1,0,413921,105963776
simless,4,0,enron_full_377377,exact_ref,24485.301,1,0,413921,105963776
simless,5,0,enron_full_377377,exact_ref,24485.301,1,0,413921,105963776
simless,4,0,enron_full_378712,exact_ref,24868.299,1,0,413921,105963776
simless,5,0,enron_full_378712,exact_ref,24868.299,1,0,413921,105963776
simless,6,0,enron_full_378712,exact_ref,24868.299,1,0,413921,105963776
simless,5,0,enron_full_378826,exact_ref,26225.524,1,0,413921,105963776
simless,6,0,enron_full_378826,exact_ref,26225.524,1,0,413921,105963776
simless,4,0,enron_full_378826,exact_ref,26225.524,1,0,413921,105963776
simless,6,0,enron_full_379382,exact_ref,24980.705,1,0,413921,105963776
simless,4,0,enron_full_379382,exact_ref,24980.705,1,0,413921,105963776
simless,5,0,enron_full_379382,exact_ref,24980.705,1,0,413921,105963776
simless,4,0,enron_full_379515,exact_ref,26322.635,1,0,413921,105963776
simless,5,0,enron_full_379515,exact_ref,26322.635,1,0,413921,105963776
simless,6,0,enron_full_379515,exact_ref,26322.635,1,0,413921,105963776
simless,5,0,enron_full_380183,exact_ref,26217.799,1,0,413921,105963776
simless,6,0,enron_full_380183,exact_ref,26217.799,1,0,413921,105963776
simless,4,0,enron_full_380183,exact_ref,26217.799,1,0,413921,105963776
simless,6,0,enron_full_380419,exact_ref,24870.768,1,0,413921,105963776
simless,4,0,enron_full_380419,exact_ref,24870.768,1,0,413921,105963776
simless,5,0,enron_full_380419,exact_ref,24870.768,1,0,413921,105963776
simless,4,0,enron_full_380667,exact_ref,25401.194,1,0,413921,105963776
simless,5,0,enron_full_380667,exact_ref,25401.194,1,0,413921,105963776
simless,6,0,enron_full_380667,exact_ref,25401.194,1,0,413921,105963776
simless,5,0,enron_full_381275,exact_ref,24347.264,1,0,413921,105963776
simless,6,0,enron_full_381275,exact_ref,24347.264,1,0,413921,105963776
simless,4,0,enron_full_381275,exact_ref,24347.264,1,0,413921,105963776
simless,6,0,enron_full_381430,exact_ref,24661.032,1,0,413921,105963776
simless,4,0,enron_full_381430,exact_ref,24661.032,1,0,413921,105963776
simless,5,0,enron_full_381430,exact_ref,24661.032,1,0,413921,105963776
simless,4,0,enron_full_381540,exact_ref,26014.905,1,0,413921,105963776
simless,5,0,enron_full_381540,exact_ref,26014.905,1,0,413921,105963776
simless,6,0,enron_full_381540,exact_ref,26014.905,1,0,413921,105963776
simless,5,0,enron_full_381912,exact_ref,27015.830,1,0,413921,105963776
simless,6,0,enron_full_381912,exact_ref,27015.830,1,0,413921,105963776
simless,4,0,enron_full_381912,exact_ref,27015.830,1,0,413921,105963776
simless,6,0,enron_full_382401,no_exact_ref,27180.578,0,94,413921,105963776
simless,4,0,enron_full_382401,no_exact_ref,27180.578,0,94,413921,105963776
simless,5,0,enron_full_382401,no_exact_ref,27180.578,0,94,413921,105963776
simless,4,0,enron_full_382476,exact_ref,25745.757,1,0,413921,105963776
simless,5,0,enron_full_382476,exact_ref,25745.757,1,0,413921,105963776
simless,6,0,enron_full_382476,exact_ref,25745.757,1,0,413921,105963776
simless,5,0,enron_full_382877,exact_ref,24387.521,1,0,413921,105963776
simless,6,0,enron_full_382877,exact_ref,24387.521,1,0,413921,105963776
simless,4,0,enron_full_382877,exact_ref,24387.521,1,0,413921,105963776
simless,6,0,enron_full_384162,no_exact_ref,24598.022,0,76,413921,105963776
simless,4,0,enron_full_384162,no_exact_ref,24598.022,0,76,413921,105963776
simless,5,0,enron_full_384162,no_exact_ref,24598.022,0,76,413921,105963776
simless,4,0,enron_full_384461,exact_ref,24450.087,1,0,413921,105963776
simless,5,0,enron_full_384461,exact_ref,24450.087,1,0,413921,105963776
simless,6,0,enron_full_384461,exact_ref,24450.087,1,0,413921,105963776
simless,5,0,enron_full_384653,exact_ref,24347.474,1,0,413921,105963776
simless,6,0,enron_full_384653,exact_ref,24347.474,1,0,413921,105963776
simless,4,0,enron_full_384653,exact_ref,24347.474,1,0,413921,105963776
simless,6,0,enron_full_384988,exact_ref,23903.107,1,0,413921,105963776
simless,4,0,enron_full_384988,exact_ref,23903.107,1,0,413921,105963776
simless,5,0,enron_full_384988,exact_ref,23903.107,1,0,413921,105963776
simless,4,0,enron_full_385098,exact_ref,25326.916,1,0,413921,105963776
simless,5,0,enron_full_385098,exact_ref,25326.916,1,0,413921,105963776
simless,6,0,enron_full_385098,exact_ref,25326.916,1,0,413921,105963776
simless,5,0,enron_full_385839,exact_ref,24143.293,1,0,413921,105963776
simless,6,0,enron_full_385839,exact_ref,24143.293,1,0,413921,105963776
simless,4,0,enron_full_385839,exact_ref,24143.293,1,0,413921,105963776
simless,6,0,enron_full_386188,no_exact_ref,24997.451,0,50,413921,105963776
simless,4,0,enron_full_386188,no_exact_ref,24997.451,0,50,413921,105963776
simless,5,0,enron_full_386188,no_exact_ref,24997.451,0,50,413921,105963776
simless,4,0,enron_full_386616,no_exact_ref,24529.356,0,17,413921,105963776
simless,5,0,enron_full_386616,no_exact_ref,24529.356,0,17,413921,105963776
simless,6,0,enron_full_386616,no_exact_ref,24529.356,0,17,413921,105963776
simless,5,0,enron_full_386731,no_exact_ref,25169.638,0,89,413921,105963776
simless,6,0,enron_full_386731,no_exact_ref,25169.638,0,89,413921,105963776
simless,4,0,enron_full_386731,no_exact_ref,25169.638,0,89,413921,105963776
simless,6,0,enron_full_387578,exact_ref,25043.918,1,0,413921,105963776
simless,4,0,enron_full_387578,exact_ref,25043.918,1,0,413921,105963776
simless,5,0,enron_full_387578,exact_ref,25043.918,1,0,413921,105963776
simless,4,0,enron_full_387701,no_exact_ref,26287.789,0,59,413921,105963776
simless,5,0,enron_full_387701,no_exact_ref,26287.789,0,59,413921,105963776
simless,6,0,enron_full_387701,no_exact_ref,26287.789,0,59,413921,105963776
simless,5,0,enron_full_387952,no_exact_ref,26879.495,0,93,413921,105963776
simless,6,0,enron_full_387952,no_exact_ref,26879.495,0,93,413921,105963776
simless,4,0,enron_full_387952,no_exact_ref,26879.495,0,93,413921,105963776
simless,6,0,enron_full_388565,exact_ref,26747.781,1,0,413921,105963776
simless,4,0,enron_full_388565,exact_ref,26747.781,1,0,413921,105963776
simless,5,0,enron_full_388565,exact_ref,26747.781,1,0,413921,105963776
simless,4,0,enron_full_388921,exact_ref,26498.743,1,0,413921,105963776
simless,5,0,enron_full_388921,exact_ref,26498.743,1,0,413921,105963776
simless,6,0,enron_full_388921,exact_ref,26498.743,1,0,413921,105963776
simless,5,0,enron_full_390158,exact_ref,26263.140,1,0,413921,105963776
simless,6,0,enron_full_390158,exact_ref,26263.140,1,0,413921,105963776
simless,4,0,enron_full_390158,exact_ref,26263.140,1,0,413921,105963776
simless,6,0,enron_full_391047,exact_ref,25773.843,1,0,413921,105963776
simless,4,0,enron_full_391047,exact_ref,25773.843,1,0,413921,105963776
simless,5,0,enron_full_391047,exact_ref,25773.843,1,0,413921,105963776
simless,4,0,enron_full_391217,no_exact_ref,24248.753,0,50,413921,105963776
simless,5,0,enron_full_391217,no_exact_ref,24248.753,0,50,413921,105963776
simless,6,0,enron_full_391217,no_exact_ref,24248.753,0,50,413921,105963776
simless,5,0,enron_full_391486,no_exact_ref,24617.860,0,38,413921,105963776
simless,6,0,enron_full_391486,no_exact_ref,24617.860,0,38,413921,105963776
simless,4,0,enron_full_391486,no_exact_ref,24617.860,0,38,413921,105963776
simless,6,0,enron_full_391746,no_exact_ref,24617.865,0,95,413921,105963776
simless,4,0,enron_full_391746,no_exact_ref,24617.865,0,95,413921,105963776
simless,5,0,enron_full_391746,no_exact_ref,24617.865,0,95,413921,105963776
simless,4,0,enron_full_392955,exact_ref,24733.587,1,0,413921,105963776
simless,5,0,enron_full_392955,exact_ref,24733.587,1,0,413921,105963776
simless,6,0,enron_full_392955,exact_ref,24733.587,1,0,413921,105963776
simless,5,0,enron_full_393136,no_exact_ref,24096.718,0,52,413921,105963776
simless,6,0,enron_full_393136,no_exact_ref,24096.718,0,52,413921,105963776
simless,4,0,enron_full_393136,no_exact_ref,24096.718,0,52,413921,105963776
simless,6,0,enron_full_393487,exact_ref,23970.476,1,0,413921,105963776
simless,4,0,enron_full_393487,exact_ref,23970.476,1,0,413921,105963776
simless,5,0,enron_full_393487,exact_ref,23970.476,1,0,413921,105963776
simless,4,0,enron_full_394271,exact_ref,24248.620,1,0,413921,105963776
simless,5,0,enron_full_394271,exact_ref,24248.620,1,0,413921,105963776
simless,6,0,enron_full_394271,exact_ref,24248.620,1,0,413921,105963776
simless,5,0,enron_full_394331,exact_ref,24523.456,1,0,413921,105963776
simless,6,0,enron_full_394331,exact_ref,24523.456,1,0,413921,105963776
simless,4,0,enron_full_394331,exact_ref,24523.456,1,0,413921,105963776
simless,6,0,enron_full_394348,exact_ref,24988.850,1,0,413921,105963776
simless,4,0,enron_full_394348,exact_ref,24988.850,1,0,413921,105963776
simless,5,0,enron_full_394348,exact_ref,24988.850,1,0,413921,105963776
simless,4,0,enron_full_394407,no_exact_ref,26212.157,0,94,413921,105963776
simless,5,0,enron_full_394407,no_exact_ref,26212.157,0,94,413921,105963776
simless,6,0,enron_full_394407,no_exact_ref,26212.157,0,94,413921,105963776
simless,5,0,enron_full_395301,exact_ref,26320.109,1,0,413921,105963776
simless,6,0,enron_full_395301,exact_ref,26320.109,1,0,413921,105963776
simless,4,0,enron_full_395301,exact_ref,26320.109,1,0,413921,105963776
simless,6,0,enron_full_395725,no_exact_ref,25434.479,0,90,413921,105963776
simless,4,0,enron_full_395725,no_exact_ref,25434.479,0,90,413921,105963776
simless,5,0,enron_full_395725,no_exact_ref,25434.479,0,90,413921,105963776
simless,4,0,enron_full_396292,exact_ref,24882.135,1,0,413921,105963776
simless,5,0,enron_full_396292,exact_ref,24882.135,1,0,413921,105963776
simless,6,0,enron_full_396292,exact_ref,24882.135,1,0,413921,105963776
simless,5,0,enron_full_396812,exact_ref,25040.098,1,0,413921,105963776
simless,6,0,enron_full_396812,exact_ref,25040.098,1,0,413921,105963776
simless,4,0,enron_full_396812,exact_ref,25040.098,1,0,413921,105963776
simless,6,0,enron_full_397391,exact_ref,24403.070,1,0,413921,105963776
simless,4,0,enron_full_397391,exact_ref,24403.070,1,0,413921,105963776
simless,5,0,enron_full_397391,exact_ref,24403.070,1,0,413921,105963776
simless,4,0,enron_full_397879,exact_ref,24223.717,1,0,413921,105963776
simless,5,0,enron_full_397879,exact_ref,24223.717,1,0,413921,105963776
simless,6,0,enron_full_397879,exact_ref,24223.717,1,0,413921,105963776
simless,5,0,enron_full_398718,exact_ref,25164.198,1,0,413921,105963776
simless,6,0,enron_full_398718,exact_ref,25164.198,1,0,413921,105963776
simless,4,0,enron_full_398718,exact_ref,25164.198,1,0,413921,105963776
simless,6,0,enron_full_399591,no_exact_ref,24684.910,0,15,413921,105963776
simless,4,0,enron_full_399591,no_exact_ref,24684.910,0,15,413921,105963776
simless,5,0,enron_full_399591,no_exact_ref,24684.910,0,15,413921,105963776
simless,4,0,enron_full_399779,no_exact_ref,24837.875,0,69,413921,105963776
simless,5,0,enron_full_399779,no_exact_ref,24837.875,0,69,413921,105963776
simless,6,0,enron_full_399779,no_exact_ref,24837.875,0,69,413921,105963776
simless,5,0,enron_full_399917,no_exact_ref,30374.919,0,93,413921,105963776
simless,6,0,enron_full_399917,no_exact_ref,30374.919,0,93,413921,105963776
simless,4,0,enron_full_399917,no_exact_ref,30374.919,0,93,413921,105963776
simless,6,0,enron_full_400523,exact_ref,29852.012,1,0,413921,105963776
simless,4,0,enron_full_400523,exact_ref,29852.012,1,0,413921,105963776
simless,5,0,enron_full_400523,exact_ref,29852.012,1,0,413921,105963776
simless,4,0,enron_full_401763,no_exact_ref,26996.161,0,58,413921,105963776
simless,5,0,enron_full_401763,no_exact_ref,26996.161,0,58,413921,105963776
simless,6,0,enron_full_401763,no_exact_ref,26996.161,0,58,413921,105963776
simless,5,0,enron_full_401798,no_exact_ref,26375.209,0,48,413921,105963776
simless,6,0,enron_full_401798,no_exact_ref,26375.209,0,48,413921,105963776
simless,4,0,enron_full_401798,no_exact_ref,26375.209,0,48,413921,105963776
simless,6,0,enron_full_402233,exact_ref,26449.058,1,0,413921,105963776
simless,4,0,enron_full_402233,exact_ref,26449.058,1,0,413921,105963776
simless,5,0,enron_full_402233,exact_ref,26449.058,1,0,413921,105963776
simless,4,0,enron_full_402310,exact_ref,26778.549,1,0,413921,105963776
simless,5,0,enron_full_402310,exact_ref,26778.549,1,0,413921,105963776
simless,6,0,enron_full_402310,exact_ref,26778.549,1,0,413921,105963776
simless,5,0,enron_full_403001,exact_ref,24807.481,1,0,413921,105963776
simless,6,0,enron_full_403001,exact_ref,24807.481,1,0,413921,105963776
simless,4,0,enron_full_403001,exact_ref,24807.481,1,0,413921,105963776
simless,6,0,enron_full_403036,exact_ref,23929.619,1,0,413921,105963776
simless,4,0,enron_full_403036,exact_ref,23929.619,1,0,413921,105963776
simless,5,0,enron_full_403036,exact_ref,23929.619,1,0,413921,105963776
simless,4,0,enron_full_403180,exact_ref,24836.558,1,0,413921,105963776
simless,5,0,enron_full_403180,exact_ref,24836.558,1,0,413921,105963776
simless,6,0,enron_full_403180,exact_ref,24836.558,1,0,413921,105963776
simless,5,0,enron_full_404066,exact_ref,24479.808,1,0,413921,105963776
simless,6,0,enron_full_404066,exact_ref,24479.808,1,0,413921,105963776
simless,4,0,enron_full_404066,exact_ref,24479.808,1,0,413921,105963776
simless,6,0,enron_full_405218,exact_ref,25658.300,1,0,413921,105963776
simless,4,0,enron_full_405218,exact_ref,25658.300,1,0,413921,105963776
simless,5,0,enron_full_405218,exact_ref,25658.300,1,0,413921,105963776
simless,4,0,enron_full_405288,exact_ref,25614.498,1,0,413921,105963776
simless,5,0,enron_full_405288,exact_ref,25614.498,1,0,413921,105963776
simless,6,0,enron_full_405288,exact_ref,25614.498,1,0,413921,105963776
simless,5,0,enron_full_405421,exact_ref,24440.973,1,0,413921,105963776
simless,6,0,enron_full_405421,exact_ref,24440.973,1,0,413921,105963776
simless,4,0,enron_full_405421,exact_ref,24440.973,1,0,413921,105963776
simless,6,0,enron_full_406531,exact_ref,25153.300,1,0,413921,105963776
simless,4,0,enron_full_406531,exact_ref,25153.300,1,0,413921,105963776
simless,5,0,enron_full_406531,exact_ref,25153.300,1,0,413921,105963776
simless,4,0,enron_full_407210,exact_ref,24454.832,1,0,413921,105963776
simless,5,0,enron_full_407210,exact_ref,24454.832,1,0,413921,105963776
simless,6,0,enron_full_407210,exact_ref,24454.832,1,0,413921,105963776
simless,5,0,enron_full_407416,exact_ref,24735.235,1,0,413921,105963776
simless,6,0,enron_full_407416,exact_ref,24735.235,1,0,413921,105963776
simless,4,0,enron_full_407416,exact_ref,24735.235,1,0,413921,105963776
simless,6,0,enron_full_407459,exact_ref,24517.643,1,0,413921,105963776
simless,4,0,enron_full_407459,exact_ref,24517.643,1,0,413921,105963776
simless,5,0,enron_full_407459,exact_ref,24517.643,1,0,413921,105963776
simless,4,0,enron_full_407590,exact_ref,24136.142,1,0,413921,105963776
simless,5,0,enron_full_407590,exact_ref,24136.142,1,0,413921,105963776
simless,6,0,enron_full_407590,exact_ref,24136.142,1,0,413921,105963776
simless,5,0,enron_full_407747,exact_ref,25053.515,1,0,413921,105963776
simless,6,0,enron_full_407747,exact_ref,25053.515,1,0,413921,105963776
simless,4,0,enron_full_407747,exact_ref,25053.515,1,0,413921,105963776
simless,6,0,enron_full_408988,exact_ref,34119.253,1,0,413921,105963776
simless,4,0,enron_full_408988,exact_ref,34119.253,1,0,413921,105963776
simless,5,0,enron_full_408988,exact_ref,34119.253,1,0,413921,105963776
simless,4,0,enron_full_409260,exact_ref,26642.245,1,0,413921,105963776
simless,5,0,enron_full_409260,exact_ref,26642.245,1,0,413921,105963776
simless,6,0,enron_full_409260,exact_ref,26642.245,1,0,413921,105963776
simless,5,0,enron_full_409276,exact_ref,25421.409,1,0,413921,105963776
simless,6,0,enron_full_409276,exact_ref,25421.409,1,0,413921,105963776
simless,4,0,enron_full_409276,exact_ref,25421.409,1,0,413921,105963776
simless,6,0,enron_full_409720,exact_ref,24417.205,1,0,413921,105963776
simless,4,0,enron_full_409720,exact_ref,24417.205,1,0,413921,105963776
simless,5,0,enron_full_409720,exact_ref,24417.205,1,0,413921,105963776
simless,4,0,enron_full_409761,exact_ref,31258.282,1,0,413921,105963776
simless,5,0,enron_full_409761,exact_ref,31258.282,1,0,413921,105963776
simless,6,0,enron_full_409761,exact_ref,31258.282,1,0,413921,105963776
simless,5,0,enron_full_410980,no_exact_ref,25451.752,0,83,413921,105963776
simless,6,0,enron_full_410980,no_exact_ref,25451.752,0,83,413921,105963776
simless,4,0,enron_full_410980,no_exact_ref,25451.752,0,83,413921,105963776
simless,6,0,enron_full_411073,no_exact_ref,26295.149,0,71,413921,105963776
simless,4,0,enron_full_411073,no_exact_ref,26295.149,0,71,413921,105963776
simless,5,0,enron_full_411073,no_exact_ref,26295.149,0,71,413921,105963776
simless,4,0,enron_full_411853,exact_ref,25463.210,1,0,413921,105963776
simless,5,0,enron_full_411853,exact_ref,25463.210,1,0,413921,105963776
simless,6,0,enron_full_411853,exact_ref,25463.210,1,0,413921,105963776
simless,5,0,enron_full_412435,exact_ref,25510.262,1,0,413921,105963776
simless,6,0,enron_full_412435,exact_ref,25510.262,1,0,413921,105963776
simless,4,0,enron_full_412435,exact_ref,25510.262,1,0,413921,105963776
simless,6,0,enron_full_412836,exact_ref,25208.434,1,0,413921,105963776
simless,4,0,enron_full_412836,exact_ref,25208.434,1,0,413921,105963776
simless,5,0,enron_full_412836,exact_ref,25208.434,1,0,413921,105963776
simless,4,0,enron_full_414414,exact_ref,25676.051,1,0,413921,105963776
simless,5,0,enron_full_414414,exact_ref,25676.051,1,0,413921,105963776
simless,6,0,enron_full_414414,exact_ref,25676.051,1,0,413921,105963776
simless,5,0,enron_full_414620,exact_ref,25875.117,1,0,413921,105963776
simless,6,0,enron_full_414620,exact_ref,25875.117,1,0,413921,105963776
simless,4,0,enron_full_414620,exact_ref,25875.117,1,0,413921,105963776
simless,6,0,enron_full_414624,no_exact_ref,25090.537,0,91,413921,105963776
simless,4,0,enron_full_414624,no_exact_ref,25090.537,0,91,413921,105963776
simless,5,0,enron_full_414624,no_exact_ref,25090.537,0,91,413921,105963776
simless,4,0,enron_full_415032,exact_ref,26153.105,1,0,413921,105963776
simless,5,0,enron_full_415032,exact_ref,26153.105,1,0,413921,105963776
simless,6,0,enron_full_415032,exact_ref,26153.105,1,0,413921,105963776
simless,5,0,enron_full_415416,exact_ref,26395.095,1,0,413921,105963776
simless,6,0,enron_full_415416,exact_ref,26395.095,1,0,413921,105963776
simless,4,0,enron_full_415416,exact_ref,26395.095,1,0,413921,105963776
simless,6,0,enron_full_415425,exact_ref,26397.731,1,0,413921,105963776
simless,4,0,enron_full_415425,exact_ref,26397.731,1,0,413921,105963776
simless,5,0,enron_full_415425,exact_ref,26397.731,1,0,413921,105963776
simless,4,0,enron_full_415589,exact_ref,25654.424,1,0,413921,105963776
simless,5,0,enron_full_415589,exact_ref,25654.424,1,0,413921,105963776
simless,6,0,enron_full_415589,exact_ref,25654.424,1,0,413921,105963776
simless,5,0,enron_full_416173,no_exact_ref,25809.826,0,92,413921,105963776
simless,6,0,enron_full_416173,no_exact_ref,25809.826,0,92,413921,105963776
simless,4,0,enron_full_416173,no_exact_ref,25809.826,0,92,413921,105963776
simless,6,0,enron_full_416275,no_exact_ref,25180.734,0,94,413921,105963776
simless,4,0,enron_full_416275,no_exact_ref,25180.734,0,94,413921,105963776
simless,5,0,enron_full_416275,no_exact_ref,25180.734,0,94,413921,105963776
simless,4,0,enron_full_417397,exact_ref,25953.794,1,0,413921,105963776
simless,5,0,enron_full_417397,exact_ref,25953.794,1,0,413921,105963776
simless,6,0,enron_full_417397,exact_ref,25953.794,1,0,413921,105963776
simless,5,0,enron_full_418145,exact_ref,26480.999,1,0,413921,105963776
simless,6,0,enron_full_418145,exact_ref,26480.999,1,0,413921,105963776
simless,4,0,enron_full_418145,exact_ref,26480.999,1,0,413921,105963776
simless,6,0,enron_full_418173,exact_ref,26522.087,1,0,413921,105963776
simless,4,0,enron_full_418173,exact_ref,26522.087,1,0,413921,105963776
simless,5,0,enron_full_418173,exact_ref,26522.087,1,0,413921,105963776
simless,4,0,enron_full_418938,exact_ref,25773.139,1,0,413921,105963776
simless,5,0,enron_full_418938,exact_ref,25773.139,1,0,413921,105963776
simless,6,0,enron_full_418938,exact_ref,25773.139,1,0,413921,105963776
simless,5,0,enron_full_419715,exact_ref,25220.073,1,0,413921,105963776
simless,6,0,enron_full_419715,exact_ref,25220.073,1,0,413921,105963776
simless,4,0,enron_full_419715,exact_ref,25220.073,1,0,413921,105963776
simless,6,0,enron_full_419787,exact_ref,24864.497,1,0,413921,105963776
simless,4,0,enron_full_419787,exact_ref,24864.497,1,0,413921,105963776
simless,5,0,enron_full_419787,exact_ref,24864.497,1,0,413921,105963776
simless,4,0,enron_full_419936,exact_ref,25241.891,1,0,413921,105963776
simless,5,0,enron_full_419936,exact_ref,25241.891,1,0,413921,105963776
simless,6,0,enron_full_419936,exact_ref,25241.891,1,0,413921,105963776
simless,5,0,enron_full_419992,exact_ref,25468.247,1,0,413921,105963776
simless,6,0,enron_full_419992,exact_ref,25468.247,1,0,413921,105963776
simless,4,0,enron_full_419992,exact_ref,25468.247,1,0,413921,105963776
simless,6,0,enron_full_420340,exact_ref,26820.045,1,0,413921,105963776
simless,4,0,enron_full_420340,exact_ref,26820.045,1,0,413921,105963776
simless,5,0,enron_full_420340,exact_ref,26820.045,1,0,413921,105963776
simless,4,0,enron_full_420635,exact_ref,26926.702,1,0,413921,105963776
simless,5,0,enron_full_420635,exact_ref,26926.702,1,0,413921,105963776
simless,6,0,enron_full_420635,exact_ref,26926.702,1,0,413921,105963776
simless,5,0,enron_full_421070,no_exact_ref,26616.557,0,94,413921,105963776
simless,6,0,enron_full_421070,no_exact_ref,26616.557,0,94,413921,105963776
simless,4,0,enron_full_421070,no_exact_ref,26616.557,0,94,413921,105963776
simless,6,0,enron_full_421581,no_exact_ref,25984.974,0,39,413921,105963776
simless,4,0,enron_full_421581,no_exact_ref,25984.974,0,39,413921,105963776
simless,5,0,enron_full_421581,no_exact_ref,25984.974,0,39,413921,105963776
simless,4,0,enron_full_421659,no_exact_ref,25618.398,0,86,413921,105963776
simless,5,0,enron_full_421659,no_exact_ref,25618.398,0,86,413921,105963776
simless,6,0,enron_full_421659,no_exact_ref,25618.398,0,86,413921,105963776
simless,5,0,enron_full_422214,no_exact_ref,25630.007,0,69,413921,105963776
simless,6,0,enron_full_422214,no_exact_ref,25630.007,0,69,413921,105963776
simless,4,0,enron_full_422214,no_exact_ref,25630.007,0,69,413921,105963776
simless,6,0,enron_full_422408,exact_ref,24687.070,1,0,413921,105963776
simless,4,0,enron_full_422408,exact_ref,24687.070,1,0,413921,105963776
simless,5,0,enron_full_422408,exact_ref,24687.070,1,0,413921,105963776
simless,4,0,enron_full_423045,exact_ref,25252.763,1,0,413921,105963776
simless,5,0,enron_full_423045,exact_ref,25252.763,1,0,413921,105963776
simless,6,0,enron_full_423045,exact_ref,25252.763,1,0,413921,105963776
simless,5,0,enron_full_423694,exact_ref,25239.873,1,0,413921,105963776
simless,6,0,enron_full_423694,exact_ref,25239.873,1,0,413921,105963776
simless,4,0,enron_full_423694,exact_ref,25239.873,1,0,413921,105963776
simless,6,0,enron_full_423789,exact_ref,25057.009,1,0,413921,105963776
simless,4,0,enron_full_423789,exact_ref,25057.009,1,0,413921,105963776
simless,5,0,enron_full_423789,exact_ref,25057.009,1,0,413921,105963776
simless,4,0,enron_full_424183,no_exact_ref,23973.821,1,0,413921,105963776
simless,5,0,enron_full_424183,no_exact_ref,23973.821,1,0,413921,105963776
simless,6,0,enron_full_424183,no_exact_ref,23973.821,1,0,413921,105963776
simless,5,0,enron_full_424691,exact_ref,24642.831,1,0,413921,105963776
simless,6,0,enron_full_424691,exact_ref,24642.831,1,0,413921,105963776
simless,4,0,enron_full_424691,exact_ref,24642.831,1,0,413921,105963776
simless,6,0,enron_full_425035,exact_ref,24205.640,1,0,413921,105963776
simless,4,0,enron_full_425035,exact_ref,24205.640,1,0,413921,105963776
simless,5,0,enron_full_425035,exact_ref,24205.640,1,0,413921,105963776
simless,4,0,enron_full_425166,exact_ref,25589.069,1,0,413921,105963776
simless,5,0,enron_full_425166,exact_ref,25589.069,1,0,413921,105963776
simless,6,0,enron_full_425166,exact_ref,25589.069,1,0,413921,105963776
simless,5,0,enron_full_425789,exact_ref,25685.571,1,0,413921,105963776
simless,6,0,enron_full_425789,exact_ref,25685.571,1,0,413921,105963776
simless,4,0,enron_full_425789,exact_ref,25685.571,1,0,413921,105963776
simless,6,0,enron_full_426054,exact_ref,26523.983,1,0,413921,105963776
simless,4,0,enron_full_426054,exact_ref,26523.983,1,0,413921,105963776
simless,5,0,enron_full_426054,exact_ref,26523.983,1,0,413921,105963776
simless,4,0,enron_full_426288,exact_ref,26293.497,1,0,413921,105963776
simless,5,0,enron_full_426288,exact_ref,26293.497,1,0,413921,105963776
simless,6,0,enron_full_426288,exact_ref,26293.497,1,0,413921,105963776
simless,5,0,enron_full_427733,exact_ref,25038.644,1,0,413921,105963776
simless,6,0,enron_full_427733,exact_ref,25038.644,1,0,413921,105963776
simless,4,0,enron_full_427733,exact_ref,25038.644,1,0,413921,105963776
simless,6,0,enron_full_428515,exact_ref,25585.670,1,0,413921,105963776
simless,4,0,enron_full_428515,exact_ref,25585.670,1,0,413921,105963776
simless,5,0,enron_full_428515,exact_ref,25585.670,1,0,413921,105963776
simless,4,0,enron_full_428895,exact_ref,24503.411,1,0,413921,105963776
simless,5,0,enron_full_428895,exact_ref,24503.411,1,0,413921,105963776
simless,6,0,enron_full_428895,exact_ref,24503.411,1,0,413921,105963776
simless,5,0,enron_full_429441,no_exact_ref,24779.208,0,90,413921,105963776
simless,6,0,enron_full_429441,no_exact_ref,24779.208,0,90,413921,105963776
simless,4,0,enron_full_429441,no_exact_ref,24779.208,0,90,413921,105963776
simless,6,0,enron_full_429986,no_exact_ref,24108.166,0,41,413921,105963776
simless,4,0,enron_full_429986,no_exact_ref,24108.166,0,41,413921,105963776
simless,5,0,enron_full_429986,no_exact_ref,24108.166,0,41,413921,105963776
simless,4,0,enron_full_430065,no_exact_ref,24634.869,0,56,413921,105963776
simless,5,0,enron_full_430065,no_exact_ref,24634.869,0,56,413921,105963776
simless,6,0,enron_full_430065,no_exact_ref,24634.869,0,56,413921,105963776
simless,5,0,enron_full_430260,no_exact_ref,24813.598,0,7,413921,105963776
simless,6,0,enron_full_430260,no_exact_ref,24813.598,0,7,413921,105963776
simless,4,0,enron_full_430260,no_exact_ref,24813.598,0,7,413921,105963776
simless,6,0,enron_full_430592,no_exact_ref,25180.181,0,93,413921,105963776
simless,4,0,enron_full_430592,no_exact_ref,25180.181,0,93,413921,105963776
simless,5,0,enron_full_430592,no_exact_ref,25180.181,0,93,413921,105963776
simless,4,0,enron_full_431423,no_exact_ref,26621.628,0,85,413921,105963776
simless,5,0,enron_full_431423,no_exact_ref,26621.628,0,85,413921,105963776
simless,6,0,enron_full_431423,no_exact_ref,26621.628,0,85,413921,105963776
simless,5,0,enron_full_432116,exact_ref,25697.843,1,0,413921,105963776
simless,6,0,enron_full_432116,exact_ref,25697.843,1,0,413921,105963776
simless,4,0,enron_full_432116,exact_ref,25697.843,1,0,413921,105963776
simless,6,0,enron_full_432508,exact_ref,25685.987,1,0,413921,105963776
simless,4,0,enron_full_432508,exact_ref,25685.987,1,0,413921,105963776
simless,5,0,enron_full_432508,exact_ref,25685.987,1,0,413921,105963776
simless,4,0,enron_full_433686,exact_ref,25928.240,1,0,413921,105963776
simless,5,0,enron_full_433686,exact_ref,25928.240,1,0,413921,105963776
simless,6,0,enron_full_433686,exact_ref,25928.240,1,0,413921,105963776
simless,5,0,enron_full_433711,exact_ref,26395.902,1,0,413921,105963776
simless,6,0,enron_full_433711,exact_ref,26395.902,1,0,413921,105963776
simless,4,0,enron_full_433711,exact_ref,26395.902,1,0,413921,105963776
simless,6,0,enron_full_433823,exact_ref,26570.236,1,0,413921,105963776
simless,4,0,enron_full_433823,exact_ref,26570.236,1,0,413921,105963776
simless,5,0,enron_full_433823,exact_ref,26570.236,1,0,413921,105963776
simless,4,0,enron_full_434515,exact_ref,25579.471,1,0,413921,105963776
simless,5,0,enron_full_434515,exact_ref,25579.471,1,0,413921,105963776
simless,6,0,enron_full_434515,exact_ref,25579.471,1,0,413921,105963776
simless,5,0,enron_full_434661,exact_ref,26454.569,1,0,413921,105963776
simless,6,0,enron_full_434661,exact_ref,26454.569,1,0,413921,105963776
simless,4,0,enron_full_434661,exact_ref,26454.569,1,0,413921,105963776
simless,6,0,enron_full_435743,exact_ref,26602.916,1,0,413921,105963776
simless,4,0,enron_full_435743,exact_ref,26602.916,1,0,413921,105963776
simless,5,0,enron_full_435743,exact_ref,26602.916,1,0,413921,105963776
simless,4,0,enron_full_436019,no_exact_ref,24221.660,0,76,413921,105963776
simless,5,0,enron_full_436019,no_exact_ref,24221.660,0,76,413921,105963776
simless,6,0,enron_full_436019,no_exact_ref,24221.660,0,76,413921,105963776
simless,5,0,enron_full_436309,no_exact_ref,24885.968,0,46,413921,105963776
simless,6,0,enron_full_436309,no_exact_ref,24885.968,0,46,413921,105963776
simless,4,0,enron_full_436309,no_exact_ref,24885.968,0,46,413921,105963776
simless,6,0,enron_full_436431,no_exact_ref,25047.758,0,15,413921,105963776
simless,4,0,enron_full_436431,no_exact_ref,25047.758,0,15,413921,105963776
simless,5,0,enron_full_436431,no_exact_ref,25047.758,0,15,413921,105963776
simless,4,0,enron_full_436454,no_exact_ref,24434.567,0,50,413921,105963776
simless,5,0,enron_full_436454,no_exact_ref,24434.567,0,50,413921,105963776
simless,6,0,enron_full_436454,no_exact_ref,24434.567,0,50,413921,105963776
simless,5,0,enron_full_437873,exact_ref,23997.647,1,0,413921,105963776
simless,6,0,enron_full_437873,exact_ref,23997.647,1,0,413921,105963776
simless,4,0,enron_full_437873,exact_ref,23997.647,1,0,413921,105963776
simless,6,0,enron_full_439573,no_exact_ref,24583.378,0,24,413921,105963776
simless,4,0,enron_full_439573,no_exact_ref,24583.378,0,24,413921,105963776
simless,5,0,enron_full_439573,no_exact_ref,24583.378,0,24,413921,105963776
simless,4,0,enron_full_440276,no_exact_ref,25011.606,0,90,413921,105963776
simless,5,0,enron_full_440276,no_exact_ref,25011.606,0,90,413921,105963776
simless,6,0,enron_full_440276,no_exact_ref,25011.606,0,90,413921,105963776
simless,5,0,enron_full_440707,exact_ref,24459.286,1,0,413921,105963776
simless,6,0,enron_full_440707,exact_ref,24459.286,1,0,413921,105963776
simless,4,0,enron_full_440707,exact_ref,24459.286,1,0,413921,105963776
simless,6,0,enron_full_441744,exact_ref,24318.472,1,0,413921,105963776
simless,4,0,enron_full_441744,exact_ref,24318.472,1,0,413921,105963776
simless,5,0,enron_full_441744,exact_ref,24318.472,1,0,413921,105963776
simless,4,0,enron_full_442093,exact_ref,25964.758,1,0,413921,105963776
simless,5,0,enron_full_442093,exact_ref,25964.758,1,0,413921,105963776
simless,6,0,enron_full_442093,exact_ref,25964.758,1,0,413921,105963776
simless,5,0,enron_full_442322,no_exact_ref,26552.507,0,60,413921,105963776
simless,6,0,enron_full_442322,no_exact_ref,26552.507,0,60,413921,105963776
simless,4,0,enron_full_442322,no_exact_ref,26552.507,0,60,413921,105963776
simless,6,0,enron_full_442524,exact_ref,26540.919,1,0,413921,105963776
simless,4,0,enron_full_442524,exact_ref,26540.919,1,0,413921,105963776
simless,5,0,enron_full_442524,exact_ref,26540.919,1,0,413921,105963776
simless,4,0,enron_full_442558,exact_ref,26356.452,1,0,413921,105963776
simless,5,0,enron_full_442558,exact_ref,26356.452,1,0,413921,105963776
simless,6,0,enron_full_442558,exact_ref,26356.452,1,0,413921,105963776
simless,5,0,enron_full_442662,exact_ref,26237.782,1,0,413921,105963776
simless,6,0,enron_full_442662,exact_ref,26237.782,1,0,413921,105963776
simless,4,0,enron_full_442662,exact_ref,26237.782,1,0,413921,105963776
simless,6,0,enron_full_442954,exact_ref,26560.605,1,0,413921,105963776
simless,4,0,enron_full_442954,exact_ref,26560.605,1,0,413921,105963776
simless,5,0,enron_full_442954,exact_ref,26560.605,1,0,413921,105963776
simless,4,0,enron_full_443309,exact_ref,26605.001,1,0,413921,105963776
simless,5,0,enron_full_443309,exact_ref,26605.001,1,0,413921,105963776
simless,6,0,enron_full_443309,exact_ref,26605.001,1,0,413921,105963776
simless,5,0,enron_full_443772,exact_ref,26205.571,1,0,413921,105963776
simless,6,0,enron_full_443772,exact_ref,26205.571,1,0,413921,105963776
simless,4,0,enron_full_443772,exact_ref,26205.571,1,0,413921,105963776
simless,6,0,enron_full_444240,exact_ref,26156.787,1,0,413921,105963776
simless,4,0,enron_full_444240,exact_ref,26156.787,1,0,413921,105963776
simless,5,0,enron_full_444240,exact_ref,26156.787,1,0,413921,105963776
simless,4,0,enron_full_445163,no_exact_ref,25352.601,0,81,413921,105963776
simless,5,0,enron_full_445163,no_exact_ref,25352.601,0,81,413921,105963776
simless,6,0,enron_full_445163,no_exact_ref,25352.601,0,81,413921,105963776
simless,5,0,enron_full_445774,exact_ref,23760.564,1,0,413921,105963776
simless,6,0,enron_full_445774,exact_ref,23760.564,1,0,413921,105963776
simless,4,0,enron_full_445774,exact_ref,23760.564,1,0,413921,105963776
simless,6,0,enron_full_445830,no_exact_ref,24230.573,0,63,413921,105963776
simless,4,0,enron_full_445830,no_exact_ref,24230.573,0,63,413921,105963776
simless,5,0,enron_full_445830,no_exact_ref,24230.573,0,63,413921,105963776
simless,4,0,enron_full_446457,no_exact_ref,24528.503,0,10,413921,105963776
simless,5,0,enron_full_446457,no_exact_ref,24528.503,0,10,413921,105963776
simless,6,0,enron_full_446457,no_exact_ref,24528.503,0,10,413921,105963776
simless,5,0,enron_full_447336,exact_ref,24015.199,1,0,413921,105963776
simless,6,0,enron_full_447336,exact_ref,24015.199,1,0,413921,105963776
simless,4,0,enron_full_447336,exact_ref,24015.199,1,0,413921,105963776
simless,6,0,enron_full_447596,no_exact_ref,25728.432,0,43,413921,105963776
simless,4,0,enron_full_447596,no_exact_ref,25728.432,0,43,413921,105963776
simless,5,0,enron_full_447596,no_exact_ref,25728.432,0,43,413921,105963776
simless,4,0,enron_full_448246,exact_ref,26325.500,1,0,413921,105963776
simless,5,0,enron_full_448246,exact_ref,26325.500,1,0,413921,105963776
simless,6,0,enron_full_448246,exact_ref,26325.500,1,0,413921,105963776
simless,5,0,enron_full_448315,no_exact_ref,26317.248,1,0,413921,105963776
simless,6,0,enron_full_448315,no_exact_ref,26317.248,1,0,413921,105963776
simless,4,0,enron_full_448315,no_exact_ref,26317.248,1,0,413921,105963776
simless,6,0,enron_full_448897,exact_ref,24603.662,1,0,413921,105963776
simless,4,0,enron_full_448897,exact_ref,24603.662,1,0,413921,105963776
simless,5,0,enron_full_448897,exact_ref,24603.662,1,0,413921,105963776
simless,4,0,enron_full_449771,no_exact_ref,23414.122,0,91,413921,105963776
simless,5,0,enron_full_449771,no_exact_ref,23414.122,0,91,413921,105963776
simless,6,0,enron_full_449771,no_exact_ref,23414.122,0,91,413921,105963776
simless,5,0,enron_full_450293,exact_ref,23548.852,1,0,413921,105963776
simless,6,0,enron_full_450293,exact_ref,23548.852,1,0,413921,105963776
simless,4,0,enron_full_450293,exact_ref,23548.852,1,0,413921,105963776
simless,6,0,enron_full_450584,no_exact_ref,24083.172,0,30,413921,105963776
simless,4,0,enron_full_450584,no_exact_ref,24083.172,0,30,413921,105963776
simless,5,0,enron_full_450584,no_exact_ref,24083.172,0,30,413921,105963776
simless,4,0,enron_full_451624,exact_ref,23360.567,1,0,413921,105963776
simless,5,0,enron_full_451624,exact_ref,23360.567,1,0,413921,105963776
simless,6,0,enron_full_451624,exact_ref,23360.567,1,0,413921,105963776
simless,5,0,enron_full_451708,exact_ref,23450.274,1,0,413921,105963776
simless,6,0,enron_full_451708,exact_ref,23450.274,1,0,413921,105963776
simless,4,0,enron_full_451708,exact_ref,23450.274,1,0,413921,105963776
simless,6,0,enron_full_451980,no_exact_ref,23846.913,0,28,413921,105963776
simless,4,0,enron_full_451980,no_exact_ref,23846.913,0,28,413921,105963776
simless,5,0,enron_full_451980,no_exact_ref,23846.913,0,28,413921,105963776
simless,4,0,enron_full_452075,exact_ref,23270.164,1,0,413921,105963776
simless,5,0,enron_full_452075,exact_ref,23270.164,1,0,413921,105963776
simless,6,0,enron_full_452075,exact_ref,23270.164,1,0,413921,105963776
simless,5,0,enron_full_452624,exact_ref,24008.169,1,0,413921,105963776
simless,6,0,enron_full_452624,exact_ref,24008.169,1,0,413921,105963776
simless,4,0,enron_full_452624,exact_ref,24008.169,1,0,413921,105963776
simless,6,0,enron_full_452665,exact_ref,23431.571,1,0,413921,105963776
simless,4,0,enron_full_452665,exact_ref,23431.571,1,0,413921,105963776
simless,5,0,enron_full_452665,exact_ref,23431.571,1,0,413921,105963776
simless,4,0,enron_full_453158,exact_ref,23656.851,1,0,413921,105963776
simless,5,0,enron_full_453158,exact_ref,23656.851,1,0,413921,105963776
simless,6,0,enron_full_453158,exact_ref,23656.851,1,0,413921,105963776
simless,5,0,enron_full_453577,exact_ref,24413.242,1,0,413921,105963776
simless,6,0,enron_full_453577,exact_ref,24413.242,1,0,413921,105963776
simless,4,0,enron_full_453577,exact_ref,24413.242,1,0,413921,105963776
simless,6,0,enron_full_455974,no_exact_ref,26597.777,1,3,413921,105963776
simless,4,0,enron_full_455974,no_exact_ref,26597.777,1,3,413921,105963776
simless,5,0,enron_full_455974,no_exact_ref,26597.777,1,3,413921,105963776
simless,4,0,enron_full_456283,no_exact_ref,26654.216,0,81,413921,105963776
simless,5,0,enron_full_456283,no_exact_ref,26654.216,0,81,413921,105963776
simless,6,0,enron_full_456283,no_exact_ref,26654.216,0,81,413921,105963776
simless,5,0,enron_full_458074,no_exact_ref,26525.943,0,91,413921,105963776
simless,6,0,enron_full_458074,no_exact_ref,26525.943,0,91,413921,105963776
simless,4,0,enron_full_458074,no_exact_ref,26525.943,0,91,413921,105963776
simless,6,0,enron_full_458660,no_exact_ref,25908.109,0,84,413921,105963776
simless,4,0,enron_full_458660,no_exact_ref,25908.109,0,84,413921,105963776
simless,5,0,enron_full_458660,no_exact_ref,25908.109,0,84,413921,105963776
simless,4,0,enron_full_459917,no_exact_ref,24368.049,0,92,413921,105963776
simless,5,0,enron_full_459917,no_exact_ref,24368.049,0,92,413921,105963776
simless,6,0,enron_full_459917,no_exact_ref,24368.049,0,92,413921,105963776
simless,5,0,enron_full_459959,no_exact_ref,24404.648,0,91,413921,105963776
simless,6,0,enron_full_459959,no_exact_ref,24404.648,0,91,413921,105963776
simless,4,0,enron_full_459959,no_exact_ref,24404.648,0,91,413921,105963776
simless,6,0,enron_full_460573,exact_ref,22693.417,1,0,413921,105963776
simless,4,0,enron_full_460573,exact_ref,22693.417,1,0,413921,105963776
simless,5,0,enron_full_460573,exact_ref,22693.417,1,0,413921,105963776
simless,4,0,enron_full_461053,exact_ref,23323.187,1,0,413921,105963776
simless,5,0,enron_full_461053,exact_ref,23323.187,1,0,413921,105963776
simless,6,0,enron_full_461053,exact_ref,23323.187,1,0,413921,105963776
simless,5,0,enron_full_461203,no_exact_ref,25239.111,0,54,413921,105963776
simless,6,0,enron_full_461203,no_exact_ref,25239.111,0,54,413921,105963776
simless,4,0,enron_full_461203,no_exact_ref,25239.111,0,54,413921,105963776
simless,6,0,enron_full_461474,no_exact_ref,23340.586,0,85,413921,105963776
simless,4,0,enron_full_461474,no_exact_ref,23340.586,0,85,413921,105963776
simless,5,0,enron_full_461474,no_exact_ref,23340.586,0,85,413921,105963776
simless,4,0,enron_full_461621,exact_ref,23418.467,1,0,413921,105963776
simless,5,0,enron_full_461621,exact_ref,23418.467,1,0,413921,105963776
simless,6,0,enron_full_461621,exact_ref,23418.467,1,0,413921,105963776
simless,5,0,enron_full_461648,exact_ref,23139.519,1,0,413921,105963776
simless,6,0,enron_full_461648,exact_ref,23139.519,1,0,413921,105963776
simless,4,0,enron_full_461648,exact_ref,23139.519,1,0,413921,105963776
simless,6,0,enron_full_461948,exact_ref,23628.624,1,0,413921,105963776
simless,4,0,enron_full_461948,exact_ref,23628.624,1,0,413921,105963776
simless,5,0,enron_full_461948,exact_ref,23628.624,1,0,413921,105963776
simless,4,0,enron_full_462616,exact_ref,23827.186,1,0,413921,105963776
simless,5,0,enron_full_462616,exact_ref,23827.186,1,0,413921,105963776
simless,6,0,enron_full_462616,exact_ref,23827.186,1,0,413921,105963776
simless,5,0,enron_full_463151,exact_ref,24591.353,1,0,413921,105963776
simless,6,0,enron_full_463151,exact_ref,24591.353,1,0,413921,105963776
simless,4,0,enron_full_463151,exact_ref,24591.353,1,0,413921,105963776
simless,6,0,enron_full_463936,exact_ref,25885.087,1,0,413921,105963776
simless,4,0,enron_full_463936,exact_ref,25885.087,1,0,413921,105963776
simless,5,0,enron_full_463936,exact_ref,25885.087,1,0,413921,105963776
simless,4,0,enron_full_463955,exact_ref,26486.554,1,0,413921,105963776
simless,5,0,enron_full_463955,exact_ref,26486.554,1,0,413921,105963776
simless,6,0,enron_full_463955,exact_ref,26486.554,1,0,413921,105963776
simless,5,0,enron_full_463976,exact_ref,25892.549,1,0,413921,105963776
simless,6,0,enron_full_463976,exact_ref,25892.549,1,0,413921,105963776
simless,4,0,enron_full_463976,exact_ref,25892.549,1,0,413921,105963776
simless,6,0,enron_full_465574,exact_ref,23961.694,1,0,413921,105963776
simless,4,0,enron_full_465574,exact_ref,23961.694,1,0,413921,105963776
simless,5,0,enron_full_465574,exact_ref,23961.694,1,0,413921,105963776
simless,4,0,enron_full_466018,exact_ref,24077.580,1,0,413921,105963776
simless,5,0,enron_full_466018,exact_ref,24077.580,1,0,413921,105963776
simless,6,0,enron_full_466018,exact_ref,24077.580,1,0,413921,105963776
simless,5,0,enron_full_466387,exact_ref,24843.215,1,0,413921,105963776
simless,6,0,enron_full_466387,exact_ref,24843.215,1,0,413921,105963776
simless,4,0,enron_full_466387,exact_ref,24843.215,1,0,413921,105963776
simless,6,0,enron_full_466533,exact_ref,25081.974,1,0,413921,105963776
simless,4,0,enron_full_466533,exact_ref,25081.974,1,0,413921,105963776
simless,5,0,enron_full_466533,exact_ref,25081.974,1,0,413921,105963776
simless,4,0,enron_full_466708,exact_ref,24396.175,1,0,413921,105963776
simless,5,0,enron_full_466708,exact_ref,24396.175,1,0,413921,105963776
simless,6,0,enron_full_466708,exact_ref,24396.175,1,0,413921,105963776
simless,5,0,enron_full_467278,exact_ref,25064.484,1,0,413921,105963776
simless,6,0,enron_full_467278,exact_ref,25064.484,1,0,413921,105963776
simless,4,0,enron_full_467278,exact_ref,25064.484,1,0,413921,105963776
simless,6,0,enron_full_467576,exact_ref,26227.997,1,0,413921,105963776
simless,4,0,enron_full_467576,exact_ref,26227.997,1,0,413921,105963776
simless,5,0,enron_full_467576,exact_ref,26227.997,1,0,413921,105963776
simless,4,0,enron_full_467913,exact_ref,25267.126,1,0,413921,105963776
simless,5,0,enron_full_467913,exact_ref,25267.126,1,0,413921,105963776
simless,6,0,enron_full_467913,exact_ref,25267.126,1,0,413921,105963776
simless,5,0,enron_full_468001,exact_ref,28777.967,1,0,413921,105963776
simless,6,0,enron_full_468001,exact_ref,28777.967,1,0,413921,105963776
simless,4,0,enron_full_468001,exact_ref,28777.967,1,0,413921,105963776
simless,6,0,enron_full_468241,exact_ref,44011.249,1,0,413921,105963776
simless,4,0,enron_full_468241,exact_ref,44011.249,1,0,413921,105963776
simless,5,0,enron_full_468241,exact_ref,44011.249,1,0,413921,105963776
simless,4,0,enron_full_468948,exact_ref,32433.289,1,0,413921,105963776
simless,5,0,enron_full_468948,exact_ref,32433.289,1,0,413921,105963776
simless,6,0,enron_full_468948,exact_ref,32433.289,1,0,413921,105963776
simless,5,0,enron_full_469104,exact_ref,37611.351,1,0,413921,105963776
simless,6,0,enron_full_469104,exact_ref,37611.351,1,0,413921,105963776
simless,4,0,enron_full_469104,exact_ref,37611.351,1,0,413921,105963776
simless,6,0,enron_full_469441,exact_ref,37962.444,1,0,413921,105963776
simless,4,0,enron_full_469441,exact_ref,37962.444,1,0,413921,105963776
simless,5,0,enron_full_469441,exact_ref,37962.444,1,0,413921,105963776
simless,4,0,enron_full_470510,exact_ref,37691.833,1,0,413921,105963776
simless,5,0,enron_full_470510,exact_ref,37691.833,1,0,413921,105963776
simless,6,0,enron_full_470510,exact_ref,37691.833,1,0,413921,105963776
simless,5,0,enron_full_471172,exact_ref,33013.854,1,0,413921,105963776
simless,6,0,enron_full_471172,exact_ref,33013.854,1,0,413921,105963776
simless,4,0,enron_full_471172,exact_ref,33013.854,1,0,413921,105963776
simless,6,0,enron_full_472398,exact_ref,32915.042,1,0,413921,105963776
simless,4,0,enron_full_472398,exact_ref,32915.042,1,0,413921,105963776
simless,5,0,enron_full_472398,exact_ref,32915.042,1,0,413921,105963776
simless,4,0,enron_full_473353,exact_ref,32012.524,1,0,413921,105963776
simless,5,0,enron_full_473353,exact_ref,32012.524,1,0,413921,105963776
simless,6,0,enron_full_473353,exact_ref,32012.524,1,0,413921,105963776
simless,5,0,enron_full_473987,no_exact_ref,35811.453,0,88,413921,105963776
simless,6,0,enron_full_473987,no_exact_ref,35811.453,0,88,413921,105963776
simless,4,0,enron_full_473987,no_exact_ref,35811.453,0,88,413921,105963776
simless,6,0,enron_full_474902,exact_ref,39078.748,1,0,413921,105963776
simless,4,0,enron_full_474902,exact_ref,39078.748,1,0,413921,105963776
simless,5,0,enron_full_474902,exact_ref,39078.748,1,0,413921,105963776
simless,4,0,enron_full_476646,exact_ref,32814.372,1,0,413921,105963776
simless,5,0,enron_full_476646,exact_ref,32814.372,1,0,413921,105963776
simless,6,0,enron_full_476646,exact_ref,32814.372,1,0,413921,105963776
simless,5,0,enron_full_476866,exact_ref,31658.124,1,0,413921,105963776
simless,6,0,enron_full_476866,exact_ref,31658.124,1,0,413921,105963776
simless,4,0,enron_full_476866,exact_ref,31658.124,1,0,413921,105963776
simless,6,0,enron_full_476952,exact_ref,32999.521,1,0,413921,105963776
simless,4,0,enron_full_476952,exact_ref,32999.521,1,0,413921,105963776
simless,5,0,enron_full_476952,exact_ref,32999.521,1,0,413921,105963776
simless,4,0,enron_full_478933,no_exact_ref,38085.906,0,68,413921,105963776
simless,5,0,enron_full_478933,no_exact_ref,38085.906,0,68,413921,105963776
simless,6,0,enron_full_478933,no_exact_ref,38085.906,0,68,413921,105963776
simless,5,0,enron_full_479947,no_exact_ref,35890.394,0,90,413921,105963776
simless,6,0,enron_full_479947,no_exact_ref,35890.394,0,90,413921,105963776
simless,4,0,enron_full_479947,no_exact_ref,35890.394,0,90,413921,105963776
simless,6,0,enron_full_480468,no_exact_ref,31682.452,0,58,413921,105963776
simless,4,0,enron_full_480468,no_exact_ref,31682.452,0,58,413921,105963776
simless,5,0,enron_full_480468,no_exact_ref,31682.452,0,58,413921,105963776
simless,4,0,enron_full_480848,exact_ref,30881.376,1,0,413921,105963776
simless,5,0,enron_full_480848,exact_ref,30881.376,1,0,413921,105963776
simless,6,0,enron_full_480848,exact_ref,30881.376,1,0,413921,105963776
simless,5,0,enron_full_481384,exact_ref,38337.799,1,0,413921,105963776
simless,6,0,enron_full_481384,exact_ref,38337.799,1,0,413921,105963776
simless,4,0,enron_full_481384,exact_ref,38337.799,1,0,413921,105963776
simless,6,0,enron_full_481691,exact_ref,35226.471,1,0,413921,105963776
simless,4,0,enron_full_481691,exact_ref,35226.471,1,0,413921,105963776
simless,5,0,enron_full_481691,exact_ref,35226.471,1,0,413921,105963776
simless,4,0,enron_full_481940,exact_ref,33362.981,1,0,413921,105963776
simless,5,0,enron_full_481940,exact_ref,33362.981,1,0,413921,105963776
simless,6,0,enron_full_481940,exact_ref,33362.981,1,0,413921,105963776
simless,5,0,enron_full_482039,exact_ref,33172.985,1,0,413921,105963776
simless,6,0,enron_full_482039,exact_ref,33172.985,1,0,413921,105963776
simless,4,0,enron_full_482039,exact_ref,33172.985,1,0,413921,105963776
simless,6,0,enron_full_482398,no_exact_ref,31132.324,0,60,413921,105963776
simless,4,0,enron_full_482398,no_exact_ref,31132.324,0,60,413921,105963776
simless,5,0,enron_full_482398,no_exact_ref,31132.324,0,60,413921,105963776
simless,4,0,enron_full_482679,no_exact_ref,34597.118,0,72,413921,105963776
simless,5,0,enron_full_482679,no_exact_ref,34597.118,0,72,413921,105963776
simless,6,0,enron_full_482679,no_exact_ref,34597.118,0,72,413921,105963776
simless,5,0,enron_full_482700,exact_ref,34401.025,1,0,413921,105963776
simless,6,0,enron_full_482700,exact_ref,34401.025,1,0,413921,105963776
simless,4,0,enron_full_482700,exact_ref,34401.025,1,0,413921,105963776
simless,6,0,enron_full_482778,exact_ref,38382.610,1,0,413921,105963776
simless,4,0,enron_full_482778,exact_ref,38382.610,1,0,413921,105963776
simless,5,0,enron_full_482778,exact_ref,38382.610,1,0,413921,105963776
simless,4,0,enron_full_482919,exact_ref,34449.795,1,0,413921,105963776
simless,5,0,enron_full_482919,exact_ref,34449.795,1,0,413921,105963776
simless,6,0,enron_full_482919,exact_ref,34449.795,1,0,413921,105963776
simless,5,0,enron_full_483941,exact_ref,31460.543,1,0,413921,105963776
simless,6,0,enron_full_483941,exact_ref,31460.543,1,0,413921,105963776
simless,4,0,enron_full_483941,exact_ref,31460.543,1,0,413921,105963776
simless,6,0,enron_full_484013,exact_ref,32927.033,1,0,413921,105963776
simless,4,0,enron_full_484013,exact_ref,32927.033,1,0,413921,105963776
simless,5,0,enron_full_484013,exact_ref,32927.033,1,0,413921,105963776
simless,4,0,enron_full_485161,exact_ref,32128.773,1,0,413921,105963776
simless,5,0,enron_full_485161,exact_ref,32128.773,1,0,413921,105963776
simless,6,0,enron_full_485161,exact_ref,32128.773,1,0,413921,105963776
simless,5,0,enron_full_485319,exact_ref,34036.912,1,0,413921,105963776
simless,6,0,enron_full_485319,exact_ref,34036.912,1,0,413921,105963776
simless,4,0,enron_full_485319,exact_ref,34036.912,1,0,413921,105963776
simless,6,0,enron_full_485507,no_exact_ref,31774.217,0,18,413921,105963776
simless,4,0,enron_full_485507,no_exact_ref,31774.217,0,18,413921,105963776
simless,5,0,enron_full_485507,no_exact_ref,31774.217,0,18,413921,105963776
simless,4,0,enron_full_485652,no_exact_ref,33890.048,0,85,413921,105963776
simless,5,0,enron_full_485652,no_exact_ref,33890.048,0,85,413921,105963776
simless,6,0,enron_full_485652,no_exact_ref,33890.048,0,85,413921,105963776
simless,5,0,enron_full_485802,no_exact_ref,31873.457,0,69,413921,105963776
simless,6,0,enron_full_485802,no_exact_ref,31873.457,0,69,413921,105963776
simless,4,0,enron_full_485802,no_exact_ref,31873.457,0,69,413921,105963776
simless,6,0,enron_full_486590,exact_ref,34699.876,1,0,413921,105963776
simless,4,0,enron_full_486590,exact_ref,34699.876,1,0,413921,105963776
simless,5,0,enron_full_486590,exact_ref,34699.876,1,0,413921,105963776
simless,4,0,enron_full_486718,exact_ref,31732.065,1,0,413921,105963776
simless,5,0,enron_full_486718,exact_ref,31732.065,1,0,413921,105963776
simless,6,0,enron_full_486718,exact_ref,31732.065,1,0,413921,105963776
simless,5,0,enron_full_487009,no_exact_ref,32820.453,0,26,413921,105963776
simless,6,0,enron_full_487009,no_exact_ref,32820.453,0,26,413921,105963776
simless,4,0,enron_full_487009,no_exact_ref,32820.453,0,26,413921,105963776
simless,6,0,enron_full_487095,no_exact_ref,33152.943,0,92,413921,105963776
simless,4,0,enron_full_487095,no_exact_ref,33152.943,0,92,413921,105963776
simless,5,0,enron_full_487095,no_exact_ref,33152.943,0,92,413921,105963776
simless,4,0,enron_full_487221,exact_ref,32136.344,1,0,413921,105963776
simless,5,0,enron_full_487221,exact_ref,32136.344,1,0,413921,105963776
simless,6,0,enron_full_487221,exact_ref,32136.344,1,0,413921,105963776
simless,5,0,enron_full_488455,no_exact_ref,33833.484,0,67,413921,105963776
simless,6,0,enron_full_488455,no_exact_ref,33833.484,0,67,413921,105963776
simless,4,0,enron_full_488455,no_exact_ref,33833.484,0,67,413921,105963776
simless,6,0,enron_full_488704,no_exact_ref,32027.660,1,1,413921,105963776
simless,4,0,enron_full_488704,no_exact_ref,32027.660,1,1,413921,105963776
simless,5,0,enron_full_488704,no_exact_ref,32027.660,1,1,413921,105963776
simless,4,0,enron_full_489126,no_exact_ref,34024.451,0,93,413921,105963776
simless,5,0,enron_full_489126,no_exact_ref,34024.451,0,93,413921,105963776
simless,6,0,enron_full_489126,no_exact_ref,34024.451,0,93,413921,105963776
simless,5,0,enron_full_490171,no_exact_ref,31305.369,0,86,413921,105963776
simless,6,0,enron_full_490171,no_exact_ref,31305.369,0,86,413921,105963776
simless,4,0,enron_full_490171,no_exact_ref,31305.369,0,86,413921,105963776
simless,6,0,enron_full_490913,exact_ref,33228.328,1,0,413921,105963776
simless,4,0,enron_full_490913,exact_ref,33228.328,1,0,413921,105963776
simless,5,0,enron_full_490913,exact_ref,33228.328,1,0,413921,105963776
simless,4,0,enron_full_491597,exact_ref,31904.720,1,0,413921,105963776
simless,5,0,enron_full_491597,exact_ref,31904.720,1,0,413921,105963776
simless,6,0,enron_full_491597,exact_ref,31904.720,1,0,413921,105963776
simless,5,0,enron_full_491993,no_exact_ref,33752.668,0,91,413921,105963776
simless,6,0,enron_full_491993,no_exact_ref,33752.668,0,91,413921,105963776
simless,4,0,enron_full_491993,no_exact_ref,33752.668,0,91,413921,105963776
simless,6,0,enron_full_492310,no_exact_ref,33680.386,0,13,413921,105963776
simless,4,0,enron_full_492310,no_exact_ref,33680.386,0,13,413921,105963776
simless,5,0,enron_full_492310,no_exact_ref,33680.386,0,13,413921,105963776
simless,4,0,enron_full_492624,exact_ref,34439.601,1,0,413921,105963776
simless,5,0,enron_full_492624,exact_ref,34439.601,1,0,413921,105963776
simless,6,0,enron_full_492624,exact_ref,34439.601,1,0,413921,105963776
simless,5,0,enron_full_492762,no_exact_ref,32301.754,0,69,413921,105963776
simless,6,0,enron_full_492762,no_exact_ref,32301.754,0,69,413921,105963776
simless,4,0,enron_full_492762,no_exact_ref,32301.754,0,69,413921,105963776
simless,6,0,enron_full_493081,no_exact_ref,47586.469,0,50,413921,105963776
simless,4,0,enron_full_493081,no_exact_ref,47586.469,0,50,413921,105963776
simless,5,0,enron_full_493081,no_exact_ref,47586.469,0,50,413921,105963776
simless,4,0,enron_full_493173,no_exact_ref,29263.302,0,90,413921,105963776
simless,5,0,enron_full_493173,no_exact_ref,29263.302,0,90,413921,105963776
simless,6,0,enron_full_493173,no_exact_ref,29263.302,0,90,413921,105963776
simless,5,0,enron_full_494836,no_exact_ref,27511.808,0,9,413921,105963776
simless,6,0,enron_full_494836,no_exact_ref,27511.808,0,9,413921,105963776
simless,4,0,enron_full_494836,no_exact_ref,27511.808,0,9,413921,105963776
simless,6,0,enron_full_495207,no_exact_ref,27792.775,0,94,413921,105963776
simless,4,0,enron_full_495207,no_exact_ref,27792.775,0,94,413921,105963776
simless,5,0,enron_full_495207,no_exact_ref,27792.775,0,94,413921,105963776
simless,4,0,enron_full_496303,no_exact_ref,27821.865,0,47,413921,105963776
simless,5,0,enron_full_496303,no_exact_ref,27821.865,0,47,413921,105963776
simless,6,0,enron_full_496303,no_exact_ref,27821.865,0,47,413921,105963776
simless,5,0,enron_full_497180,exact_ref,26811.276,1,0,413921,105963776
simless,6,0,enron_full_497180,exact_ref,26811.276,1,0,413921,105963776
simless,4,0,enron_full_497180,exact_ref,26811.276,1,0,413921,105963776
simless,6,0,enron_full_498346,no_exact_ref,27155.711,0,93,413921,105963776
simless,4,0,enron_full_498346,no_exact_ref,27155.711,0,93,413921,105963776
simless,5,0,enron_full_498346,no_exact_ref,27155.711,0,93,413921,105963776
simless,4,0,enron_full_498425,exact_ref,25253.529,1,0,413921,105963776
simless,5,0,enron_full_498425,exact_ref,25253.529,1,0,413921,105963776
simless,6,0,enron_full_498425,exact_ref,25253.529,1,0,413921,105963776
simless,5,0,enron_full_498832,exact_ref,26603.304,1,0,413921,105963776
simless,6,0,enron_full_498832,exact_ref,26603.304,1,0,413921,105963776
simless,4,0,enron_full_498832,exact_ref,26603.304,1,0,413921,105963776
simless,6,0,enron_full_499190,exact_ref,26621.655,1,0,413921,105963776
simless,4,0,enron_full_499190,exact_ref,26621.655,1,0,413921,105963776
simless,5,0,enron_full_499190,exact_ref,26621.655,1,0,413921,105963776
simless,4,0,enron_full_499335,exact_ref,25286.843,1,0,413921,105963776
simless,5,0,enron_full_499335,exact_ref,25286.843,1,0,413921,105963776
simless,6,0,enron_full_499335,exact_ref,25286.843,1,0,413921,105963776
simless,5,0,enron_full_500125,exact_ref,25529.869,1,0,413921,105963776
simless,6,0,enron_full_500125,exact_ref,25529.869,1,0,413921,105963776
simless,4,0,enron_full_500125,exact_ref,25529.869,1,0,413921,105963776
simless,6,0,enron_full_500480,exact_ref,24959.178,1,0,413921,105963776
simless,4,0,enron_full_500480,exact_ref,24959.178,1,0,413921,105963776
simless,5,0,enron_full_500480,exact_ref,24959.178,1,0,413921,105963776
simless,4,0,enron_full_500856,exact_ref,24381.201,1,0,413921,105963776
simless,5,0,enron_full_500856,exact_ref,24381.201,1,0,413921,105963776
simless,6,0,enron_full_500856,exact_ref,24381.201,1,0,413921,105963776
simless,5,0,enron_full_501389,exact_ref,25665.744,1,0,413921,105963776
simless,6,0,enron_full_501389,exact_ref,25665.744,1,0,413921,105963776
simless,4,0,enron_full_501389,exact_ref,25665.744,1,0,413921,105963776
simless,6,0,enron_full_501995,no_exact_ref,24943.023,1,0,413921,105963776
simless,4,0,enron_full_501995,no_exact_ref,24943.023,1,0,413921,105963776
simless,5,0,enron_full_501995,no_exact_ref,24943.023,1,0,413921,105963776
simless,4,0,enron_full_503996,no_exact_ref,25432.651,0,95,413921,105963776
simless,5,0,enron_full_503996,no_exact_ref,25432.651,0,95,413921,105963776
simless,6,0,enron_full_503996,no_exact_ref,25432.651,0,95,413921,105963776
simless,5,0,enron_full_504214,no_exact_ref,25287.850,0,34,413921,105963776
simless,6,0,enron_full_504214,no_exact_ref,25287.850,0,34,413921,105963776
simless,4,0,enron_full_504214,no_exact_ref,25287.850,0,34,413921,105963776
simless,6,0,enron_full_504672,exact_ref,25077.293,1,0,413921,105963776
simless,4,0,enron_full_504672,exact_ref,25077.293,1,0,413921,105963776
simless,5,0,enron_full_504672,exact_ref,25077.293,1,0,413921,105963776
simless,4,0,enron_full_506077,no_exact_ref,25454.303,0,83,413921,105963776
simless,5,0,enron_full_506077,no_exact_ref,25454.303,0,83,413921,105963776
simless,6,0,enron_full_506077,no_exact_ref,25454.303,0,83,413921,105963776
simless,5,0,enron_full_506313,no_exact_ref,24736.078,0,62,413921,105963776
simless,6,0,enron_full_506313,no_exact_ref,24736.078,0,62,413921,105963776
simless,4,0,enron_full_506313,no_exact_ref,24736.078,0,62,413921,105963776
simless,6,0,enron_full_506691,no_exact_ref,25138.739,0,90,413921,105963776
simless,4,0,enron_full_506691,no_exact_ref,25138.739,0,90,413921,105963776
simless,5,0,enron_full_506691,no_exact_ref,25138.739,0,90,413921,105963776
simless,4,0,enron_full_506951,no_exact_ref,26553.908,0,36,413921,105963776
simless,5,0,enron_full_506951,no_exact_ref,26553.908,0,36,413921,105963776
simless,6,0,enron_full_506951,no_exact_ref,26553.908,0,36,413921,105963776
simless,5,0,enron_full_508297,exact_ref,26509.104,1,0,413921,105963776
simless,6,0,enron_full_508297,exact_ref,26509.104,1,0,413921,105963776
simless,4,0,enron_full_508297,exact_ref,26509.104,1,0,413921,105963776
simless,6,0,enron_full_508633,no_exact_ref,25967.439,1,0,413921,105963776
simless,4,0,enron_full_508633,no_exact_ref,25967.439,1,0,413921,105963776
simless,5,0,enron_full_508633,no_exact_ref,25967.439,1,0,413921,105963776
simless,4,0,enron_full_509309,exact_ref,26671.547,1,0,413921,105963776
simless,5,0,enron_full_509309,exact_ref,26671.547,1,0,413921,105963776
simless,6,0,enron_full_509309,exact_ref,26671.547,1,0,413921,105963776
simless,5,0,enron_full_509898,exact_ref,27655.388,1,0,413921,105963776
simless,6,0,enron_full_509898,exact_ref,27655.388,1,0,413921,105963776
simless,4,0,enron_full_509898,exact_ref,27655.388,1,0,413921,105963776
simless,6,0,enron_full_511005,exact_ref,27316.132,1,0,413921,105963776
simless,4,0,enron_full_511005,exact_ref,27316.132,1,0,413921,105963776
simless,5,0,enron_full_511005,exact_ref,27316.132,1,0,413921,105963776
simless,4,0,enron_full_513543,no_exact_ref,26651.791,0,26,413921,105963776
simless,5,0,enron_full_513543,no_exact_ref,26651.791,0,26,413921,105963776
simless,6,0,enron_full_513543,no_exact_ref,26651.791,0,26,413921,105963776
simless,5,0,enron_full_513857,exact_ref,27944.158,1,0,413921,105963776
simless,6,0,enron_full_513857,exact_ref,27944.158,1,0,413921,105963776
simless,4,0,enron_full_513857,exact_ref,27944.158,1,0,413921,105963776
simless,6,0,enron_full_514823,no_exact_ref,28806.005,0,66,413921,105963776
simless,4,0,enron_full_514823,no_exact_ref,28806.005,0,66,413921,105963776
simless,5,0,enron_full_514823,no_exact_ref,28806.005,0,66,413921,105963776
simless,4,0,enron_full_514984,exact_ref,28166.187,1,0,413921,105963776
simless,5,0,enron_full_514984,exact_ref,28166.187,1,0,413921,105963776
simless,6,0,enron_full_514984,exact_ref,28166.187,1,0,413921,105963776
simless,5,0,enron_full_515092,no_exact_ref,27754.254,0,34,413921,105963776
simless,6,0,enron_full_515092,no_exact_ref,27754.254,0,34,413921,105963776
simless,4,0,enron_full_515092,no_exact_ref,27754.254,0,34,413921,105963776
simless,6,0,enron_full_515627,no_exact_ref,27030.333,0,45,413921,105963776
simless,4,0,enron_full_515627,no_exact_ref,27030.333,0,45,413921,105963776
simless,5,0,enron_full_515627,no_exact_ref,27030.333,0,45,413921,105963776
simless,4,0,enron_full_515714,no_exact_ref,29420.067,0,62,413921,105963776
simless,5,0,enron_full_515714,no_exact_ref,29420.067,0,62,413921,105963776
simless,6,0,enron_full_515714,no_exact_ref,29420.067,0,62,413921,105963776
simless,5,0,enron_full_516032,exact_ref,26502.997,1,0,413921,105963776
simless,6,0,enron_full_516032,exact_ref,26502.997,1,0,413921,105963776
simless,4,0,enron_full_516032,exact_ref,26502.997,1,0,413921,105963776
simless,6,0,enron_full_516843,no_exact_ref,26149.537,0,27,413921,105963776
simless,4,0,enron_full_516843,no_exact_ref,26149.537,0,27,413921,105963776
simless,5,0,enron_full_516843,no_exact_ref,26149.537,0,27,413921,105963776
simless,4,0,enron_full_516871,no_exact_ref,26457.103,0,93,413921,105963776
simless,5,0,enron_full_516871,no_exact_ref,26457.103,0,93,413921,105963776
simless,6,0,enron_full_516871,no_exact_ref,26457.103,0,93,413921,105963776
simless,5,1,enron_full_000202,exact_ref,25561.221,1,0,413921,105963776
simless,6,1,enron_full_000202,exact_ref,25561.221,1,0,413921,105963776
simless,4,1,enron_full_000202,exact_ref,25561.221,1,0,413921,105963776
simless,6,1,enron_full_000664,exact_ref,25390.325,1,0,413921,105963776
simless,4,1,enron_full_000664,exact_ref,25390.325,1,0,413921,105963776
simless,5,1,enron_full_000664,exact_ref,25390.325,1,0,413921,105963776
simless,4,1,enron_full_001289,no_exact_ref,24710.425,0,70,413921,105963776
simless,5,1,enron_full_001289,no_exact_ref,24710.425,0,70,413921,105963776
simless,6,1,enron_full_001289,no_exact_ref,24710.425,0,70,413921,105963776
simless,5,1,enron_full_001379,no_exact_ref,25330.526,0,53,413921,105963776
simless,6,1,enron_full_001379,no_exact_ref,25330.526,0,53,413921,105963776
simless,4,1,enron_full_001379,no_exact_ref,25330.526,0,53,413921,105963776
simless,6,1,enron_full_001488,no_exact_ref,24047.159,0,44,413921,105963776
simless,4,1,enron_full_001488,no_exact_ref,24047.159,0,44,413921,105963776
simless,5,1,enron_full_001488,no_exact_ref,24047.159,0,44,413921,105963776
simless,4,1,enron_full_001525,exact_ref,24165.281,1,0,413921,105963776
simless,5,1,enron_full_001525,exact_ref,24165.281,1,0,413921,105963776
simless,6,1,enron_full_001525,exact_ref,24165.281,1,0,413921,105963776
simless,5,1,enron_full_002220,exact_ref,24196.282,1,0,413921,105963776
simless,6,1,enron_full_002220,exact_ref,24196.282,1,0,413921,105963776
simless,4,1,enron_full_002220,exact_ref,24196.282,1,0,413921,105963776
simless,6,1,enron_full_004616,exact_ref,26203.899,1,0,413921,105963776
simless,4,1,enron_full_004616,exact_ref,26203.899,1,0,413921,105963776
simless,5,1,enron_full_004616,exact_ref,26203.899,1,0,413921,105963776
simless,4,1,enron_full_005913,exact_ref,24816.760,1,0,413921,105963776
simless,5,1,enron_full_005913,exact_ref,24816.760,1,0,413921,105963776
simless,6,1,enron_full_005913,exact_ref,24816.760,1,0,413921,105963776
simless,5,1,enron_full_006211,exact_ref,24942.711,1,0,413921,105963776
simless,6,1,enron_full_006211,exact_ref,24942.711,1,0,413921,105963776
simless,4,1,enron_full_006211,exact_ref,24942.711,1,0,413921,105963776
simless,6,1,enron_full_006276,exact_ref,26176.892,1,0,413921,105963776
simless,4,1,enron_full_006276,exact_ref,26176.892,1,0,413921,105963776
simless,5,1,enron_full_006276,exact_ref,26176.892,1,0,413921,105963776
simless,4,1,enron_full_006379,no_exact_ref,26629.265,0,93,413921,105963776
simless,5,1,enron_full_006379,no_exact_ref,26629.265,0,93,413921,105963776
simless,6,1,enron_full_006379,no_exact_ref,26629.265,0,93,413921,105963776
simless,5,1,enron_full_006771,exact_ref,26823.871,1,0,413921,105963776
simless,6,1,enron_full_006771,exact_ref,26823.871,1,0,413921,105963776
simless,4,1,enron_full_006771,exact_ref,26823.871,1,0,413921,105963776
simless,6,1,enron_full_007411,no_exact_ref,26725.865,0,92,413921,105963776
simless,4,1,enron_full_007411,no_exact_ref,26725.865,0,92,413921,105963776
simless,5,1,enron_full_007411,no_exact_ref,26725.865,0,92,413921,105963776
simless,4,1,enron_full_008064,exact_ref,26238.866,1,0,413921,105963776
simless,5,1,enron_full_008064,exact_ref,26238.866,1,0,413921,105963776
simless,6,1,enron_full_008064,exact_ref,26238.866,1,0,413921,105963776
simless,5,1,enron_full_008136,no_exact_ref,23719.113,0,16,413921,105963776
simless,6,1,enron_full_008136,no_exact_ref,23719.113,0,16,413921,105963776
simless,4,1,enron_full_008136,no_exact_ref,23719.113,0,16,413921,105963776
simless,6,1,enron_full_008648,exact_ref,25031.208,1,0,413921,105963776
simless,4,1,enron_full_008648,exact_ref,25031.208,1,0,413921,105963776
simless,5,1,enron_full_008648,exact_ref,25031.208,1,0,413921,105963776
simless,4,1,enron_full_008924,exact_ref,24594.264,1,0,413921,105963776
simless,5,1,enron_full_008924,exact_ref,24594.264,1,0,413921,105963776
simless,6,1,enron_full_008924,exact_ref,24594.264,1,0,413921,105963776
simless,5,1,enron_full_009142,exact_ref,25166.202,1,0,413921,105963776
simless,6,1,enron_full_009142,exact_ref,25166.202,1,0,413921,105963776
simless,4,1,enron_full_009142,exact_ref,25166.202,1,0,413921,105963776
simless,6,1,enron_full_009200,exact_ref,24408.129,1,0,413921,105963776
simless,4,1,enron_full_009200,exact_ref,24408.129,1,0,413921,105963776
simless,5,1,enron_full_009200,exact_ref,24408.129,1,0,413921,105963776
simless,4,1,enron_full_009568,no_exact_ref,24232.548,0,91,413921,105963776
simless,5,1,enron_full_009568,no_exact_ref,24232.548,0,91,413921,105963776
simless,6,1,enron_full_009568,no_exact_ref,24232.548,0,91,413921,105963776
simless,5,1,enron_full_009735,no_exact_ref,24693.509,0,94,413921,105963776
simless,6,1,enron_full_009735,no_exact_ref,24693.509,0,94,413921,105963776
simless,4,1,enron_full_009735,no_exact_ref,24693.509,0,94,413921,105963776
simless,6,1,enron_full_011924,exact_ref,24758.105,1,0,413921,105963776
simless,4,1,enron_full_011924,exact_ref,24758.105,1,0,413921,105963776
simless,5,1,enron_full_011924,exact_ref,24758.105,1,0,413921,105963776
simless,4,1,enron_full_012156,exact_ref,24765.126,1,0,413921,105963776
simless,5,1,enron_full_012156,exact_ref,24765.126,1,0,413921,105963776
simless,6,1,enron_full_012156,exact_ref,24765.126,1,0,413921,105963776
simless,5,1,enron_full_012651,exact_ref,24558.333,1,0,413921,105963776
simless,6,1,enron_full_012651,exact_ref,24558.333,1,0,413921,105963776
simless,4,1,enron_full_012651,exact_ref,24558.333,1,0,413921,105963776
simless,6,1,enron_full_013576,exact_ref,24687.635,1,0,413921,105963776
simless,4,1,enron_full_013576,exact_ref,24687.635,1,0,413921,105963776
simless,5,1,enron_full_013576,exact_ref,24687.635,1,0,413921,105963776
simless,4,1,enron_full_013941,exact_ref,26612.985,1,0,413921,105963776
simless,5,1,enron_full_013941,exact_ref,26612.985,1,0,413921,105963776
simless,6,1,enron_full_013941,exact_ref,26612.985,1,0,413921,105963776
simless,5,1,enron_full_014539,exact_ref,26833.998,1,0,413921,105963776
simless,6,1,enron_full_014539,exact_ref,26833.998,1,0,413921,105963776
simless,4,1,enron_full_014539,exact_ref,26833.998,1,0,413921,105963776
simless,6,1,enron_full_014678,exact_ref,26495.721,1,0,413921,105963776
simless,4,1,enron_full_014678,exact_ref,26495.721,1,0,413921,105963776
simless,5,1,enron_full_014678,exact_ref,26495.721,1,0,413921,105963776
simless,4,1,enron_full_015568,exact_ref,24192.006,1,0,413921,105963776
simless,5,1,enron_full_015568,exact_ref,24192.006,1,0,413921,105963776
simless,6,1,enron_full_015568,exact_ref,24192.006,1,0,413921,105963776
simless,5,1,enron_full_015698,exact_ref,24518.365,1,0,413921,105963776
simless,6,1,enron_full_015698,exact_ref,24518.365,1,0,413921,105963776
simless,4,1,enron_full_015698,exact_ref,24518.365,1,0,413921,105963776
simless,6,1,enron_full_016017,exact_ref,23750.460,1,0,413921,105963776
simless,4,1,enron_full_016017,exact_ref,23750.460,1,0,413921,105963776
simless,5,1,enron_full_016017,exact_ref,23750.460,1,0,413921,105963776
simless,4,1,enron_full_017189,exact_ref,23818.138,1,0,413921,105963776
simless,5,1,enron_full_017189,exact_ref,23818.138,1,0,413921,105963776
simless,6,1,enron_full_017189,exact_ref,23818.138,1,0,413921,105963776
simless,5,1,enron_full_018163,no_exact_ref,23918.289,0,73,413921,105963776
simless,6,1,enron_full_018163,no_exact_ref,23918.289,0,73,413921,105963776
simless,4,1,enron_full_018163,no_exact_ref,23918.289,0,73,413921,105963776
simless,6,1,enron_full_018755,exact_ref,24767.938,1,0,413921,105963776
simless,4,1,enron_full_018755,exact_ref,24767.938,1,0,413921,105963776
simless,5,1,enron_full_018755,exact_ref,24767.938,1,0,413921,105963776
simless,4,1,enron_full_019153,exact_ref,26350.835,1,0,413921,105963776
simless,5,1,enron_full_019153,exact_ref,26350.835,1,0,413921,105963776
simless,6,1,enron_full_019153,exact_ref,26350.835,1,0,413921,105963776
simless,5,1,enron_full_019201,exact_ref,25588.155,1,0,413921,105963776
simless,6,1,enron_full_019201,exact_ref,25588.155,1,0,413921,105963776
simless,4,1,enron_full_019201,exact_ref,25588.155,1,0,413921,105963776
simless,6,1,enron_full_019604,no_exact_ref,26358.725,0,92,413921,105963776
simless,4,1,enron_full_019604,no_exact_ref,26358.725,0,92,413921,105963776
simless,5,1,enron_full_019604,no_exact_ref,26358.725,0,92,413921,105963776
simless,4,1,enron_full_019949,exact_ref,25521.400,1,0,413921,105963776
simless,5,1,enron_full_019949,exact_ref,25521.400,1,0,413921,105963776
simless,6,1,enron_full_019949,exact_ref,25521.400,1,0,413921,105963776
simless,5,1,enron_full_020401,no_exact_ref,24708.377,0,50,413921,105963776
simless,6,1,enron_full_020401,no_exact_ref,24708.377,0,50,413921,105963776
simless,4,1,enron_full_020401,no_exact_ref,24708.377,0,50,413921,105963776
simless,6,1,enron_full_020951,exact_ref,26076.804,1,0,413921,105963776
simless,4,1,enron_full_020951,exact_ref,26076.804,1,0,413921,105963776
simless,5,1,enron_full_020951,exact_ref,26076.804,1,0,413921,105963776
simless,4,1,enron_full_021195,exact_ref,26481.842,1,0,413921,105963776
simless,5,1,enron_full_021195,exact_ref,26481.842,1,0,413921,105963776
simless,6,1,enron_full_021195,exact_ref,26481.842,1,0,413921,105963776
simless,5,1,enron_full_021224,exact_ref,26371.327,1,0,413921,105963776
simless,6,1,enron_full_021224,exact_ref,26371.327,1,0,413921,105963776
simless,4,1,enron_full_021224,exact_ref,26371.327,1,0,413921,105963776
simless,6,1,enron_full_021900,exact_ref,24132.240,1,0,413921,105963776
simless,4,1,enron_full_021900,exact_ref,24132.240,1,0,413921,105963776
simless,5,1,enron_full_021900,exact_ref,24132.240,1,0,413921,105963776
simless,4,1,enron_full_022531,exact_ref,23485.535,1,0,413921,105963776
simless,5,1,enron_full_022531,exact_ref,23485.535,1,0,413921,105963776
simless,6,1,enron_full_022531,exact_ref,23485.535,1,0,413921,105963776
simless,5,1,enron_full_022683,exact_ref,24402.813,1,0,413921,105963776
simless,6,1,enron_full_022683,exact_ref,24402.813,1,0,413921,105963776
simless,4,1,enron_full_022683,exact_ref,24402.813,1,0,413921,105963776
simless,6,1,enron_full_022865,exact_ref,32817.502,1,0,413921,105963776
simless,4,1,enron_full_022865,exact_ref,32817.502,1,0,413921,105963776
simless,5,1,enron_full_022865,exact_ref,32817.502,1,0,413921,105963776
simless,4,1,enron_full_022972,exact_ref,24241.490,1,0,413921,105963776
simless,5,1,enron_full_022972,exact_ref,24241.490,1,0,413921,105963776
simless,6,1,enron_full_022972,exact_ref,24241.490,1,0,413921,105963776
simless,5,1,enron_full_024952,no_exact_ref,24141.620,0,72,413921,105963776
simless,6,1,enron_full_024952,no_exact_ref,24141.620,0,72,413921,105963776
simless,4,1,enron_full_024952,no_exact_ref,24141.620,0,72,413921,105963776
simless,6,1,enron_full_025050,exact_ref,24110.297,1,0,413921,105963776
simless,4,1,enron_full_025050,exact_ref,24110.297,1,0,413921,105963776
simless,5,1,enron_full_025050,exact_ref,24110.297,1,0,413921,105963776
simless,4,1,enron_full_026603,exact_ref,24347.554,1,0,413921,105963776
simless,5,1,enron_full_026603,exact_ref,24347.554,1,0,413921,105963776
simless,6,1,enron_full_026603,exact_ref,24347.554,1,0,413921,105963776
simless,5,1,enron_full_026721,exact_ref,23560.380,1,0,413921,105963776
simless,6,1,enron_full_026721,exact_ref,23560.380,1,0,413921,105963776
simless,4,1,enron_full_026721,exact_ref,23560.380,1,0,413921,105963776
simless,6,1,enron_full_027643,exact_ref,24624.621,1,0,413921,105963776
simless,4,1,enron_full_027643,exact_ref,24624.621,1,0,413921,105963776
simless,5,1,enron_full_027643,exact_ref,24624.621,1,0,413921,105963776
simless,4,1,enron_full_027693,exact_ref,23601.033,1,0,413921,105963776
simless,5,1,enron_full_027693,exact_ref,23601.033,1,0,413921,105963776
simless,6,1,enron_full_027693,exact_ref,23601.033,1,0,413921,105963776
simless,5,1,enron_full_027925,exact_ref,26465.875,1,0,413921,105963776
simless,6,1,enron_full_027925,exact_ref,26465.875,1,0,413921,105963776
simless,4,1,enron_full_027925,exact_ref,26465.875,1,0,413921,105963776
simless,6,1,enron_full_028250,exact_ref,25864.043,1,0,413921,105963776
simless,4,1,enron_full_028250,exact_ref,25864.043,1,0,413921,105963776
simless,5,1,enron_full_028250,exact_ref,25864.043,1,0,413921,105963776
simless,4,1,enron_full_028591,exact_ref,26327.718,1,0,413921,105963776
simless,5,1,enron_full_028591,exact_ref,26327.718,1,0,413921,105963776
simless,6,1,enron_full_028591,exact_ref,26327.718,1,0,413921,105963776
simless,5,1,enron_full_028607,no_exact_ref,24983.916,0,91,413921,105963776
simless,6,1,enron_full_028607,no_exact_ref,24983.916,0,91,413921,105963776
simless,4,1,enron_full_028607,no_exact_ref,24983.916,0,91,413921,105963776
simless,6,1,enron_full_029506,no_exact_ref,26632.666,0,90,413921,105963776
simless,4,1,enron_full_029506,no_exact_ref,26632.666,0,90,413921,105963776
simless,5,1,enron_full_029506,no_exact_ref,26632.666,0,90,413921,105963776
simless,4,1,enron_full_030144,exact_ref,25770.354,1,0,413921,105963776
simless,5,1,enron_full_030144,exact_ref,25770.354,1,0,413921,105963776
simless,6,1,enron_full_030144,exact_ref,25770.354,1,0,413921,105963776
simless,5,1,enron_full_031433,exact_ref,26226.222,1,0,413921,105963776
simless,6,1,enron_full_031433,exact_ref,26226.222,1,0,413921,105963776
simless,4,1,enron_full_031433,exact_ref,26226.222,1,0,413921,105963776
simless,6,1,enron_full_031542,exact_ref,25366.802,1,0,413921,105963776
simless,4,1,enron_full_031542,exact_ref,25366.802,1,0,413921,105963776
simless,5,1,enron_full_031542,exact_ref,25366.802,1,0,413921,105963776
simless,4,1,enron_full_031612,exact_ref,24179.083,1,0,413921,105963776
simless,5,1,enron_full_031612,exact_ref,24179.083,1,0,413921,105963776
simless,6,1,enron_full_031612,exact_ref,24179.083,1,0,413921,105963776
simless,5,1,enron_full_031680,exact_ref,23970.920,1,0,413921,105963776
simless,6,1,enron_full_031680,exact_ref,23970.920,1,0,413921,105963776
simless,4,1,enron_full_031680,exact_ref,23970.920,1,0,413921,105963776
simless,6,1,enron_full_032079,no_exact_ref,24046.928,0,49,413921,105963776
simless,4,1,enron_full_032079,no_exact_ref,24046.928,0,49,413921,105963776
simless,5,1,enron_full_032079,no_exact_ref,24046.928,0,49,413921,105963776
simless,4,1,enron_full_032704,exact_ref,24242.136,1,0,413921,105963776
simless,5,1,enron_full_032704,exact_ref,24242.136,1,0,413921,105963776
simless,6,1,enron_full_032704,exact_ref,24242.136,1,0,413921,105963776
simless,5,1,enron_full_033187,no_exact_ref,26755.108,0,13,413921,105963776
simless,6,1,enron_full_033187,no_exact_ref,26755.108,0,13,413921,105963776
simless,4,1,enron_full_033187,no_exact_ref,26755.108,0,13,413921,105963776
simless,6,1,enron_full_033628,no_exact_ref,26635.636,1,0,413921,105963776
simless,4,1,enron_full_033628,no_exact_ref,26635.636,1,0,413921,105963776
simless,5,1,enron_full_033628,no_exact_ref,26635.636,1,0,413921,105963776
simless,4,1,enron_full_034178,no_exact_ref,25597.121,0,93,413921,105963776
simless,5,1,enron_full_034178,no_exact_ref,25597.121,0,93,413921,105963776
simless,6,1,enron_full_034178,no_exact_ref,25597.121,0,93,413921,105963776
simless,5,1,enron_full_034530,no_exact_ref,26055.300,0,36,413921,105963776
simless,6,1,enron_full_034530,no_exact_ref,26055.300,0,36,413921,105963776
simless,4,1,enron_full_034530,no_exact_ref,26055.300,0,36,413921,105963776
simless,6,1,enron_full_035481,no_exact_ref,26248.313,0,51,413921,105963776
simless,4,1,enron_full_035481,no_exact_ref,26248.313,0,51,413921,105963776
simless,5,1,enron_full_035481,no_exact_ref,26248.313,0,51,413921,105963776
simless,4,1,enron_full_035578,no_exact_ref,25421.499,0,30,413921,105963776
simless,5,1,enron_full_035578,no_exact_ref,25421.499,0,30,413921,105963776
simless,6,1,enron_full_035578,no_exact_ref,25421.499,0,30,413921,105963776
simless,5,1,enron_full_035695,no_exact_ref,23591.687,0,47,413921,105963776
simless,6,1,enron_full_035695,no_exact_ref,23591.687,0,47,413921,105963776
simless,4,1,enron_full_035695,no_exact_ref,23591.687,0,47,413921,105963776
simless,6,1,enron_full_035726,no_exact_ref,24412.956,0,37,413921,105963776
simless,4,1,enron_full_035726,no_exact_ref,24412.956,0,37,413921,105963776
simless,5,1,enron_full_035726,no_exact_ref,24412.956,0,37,413921,105963776
simless,4,1,enron_full_035827,no_exact_ref,25041.652,0,85,413921,105963776
simless,5,1,enron_full_035827,no_exact_ref,25041.652,0,85,413921,105963776
simless,6,1,enron_full_035827,no_exact_ref,25041.652,0,85,413921,105963776
simless,5,1,enron_full_035969,no_exact_ref,24266.583,0,89,413921,105963776
simless,6,1,enron_full_035969,no_exact_ref,24266.583,0,89,413921,105963776
simless,4,1,enron_full_035969,no_exact_ref,24266.583,0,89,413921,105963776
simless,6,1,enron_full_035998,no_exact_ref,23879.878,0,38,413921,105963776
simless,4,1,enron_full_035998,no_exact_ref,23879.878,0,38,413921,105963776
simless,5,1,enron_full_035998,no_exact_ref,23879.878,0,38,413921,105963776
simless,4,1,enron_full_038008,no_exact_ref,24336.959,0,69,413921,105963776
simless,5,1,enron_full_038008,no_exact_ref,24336.959,0,69,413921,105963776
simless,6,1,enron_full_038008,no_exact_ref,24336.959,0,69,413921,105963776
simless,5,1,enron_full_040212,no_exact_ref,24965.862,0,46,413921,105963776
simless,6,1,enron_full_040212,no_exact_ref,24965.862,0,46,413921,105963776
simless,4,1,enron_full_040212,no_exact_ref,24965.862,0,46,413921,105963776
simless,6,1,enron_full_040615,exact_ref,25030.659,1,0,413921,105963776
simless,4,1,enron_full_040615,exact_ref,25030.659,1,0,413921,105963776
simless,5,1,enron_full_040615,exact_ref,25030.659,1,0,413921,105963776
simless,4,1,enron_full_041235,exact_ref,25469.210,1,0,413921,105963776
simless,5,1,enron_full_041235,exact_ref,25469.210,1,0,413921,105963776
simless,6,1,enron_full_041235,exact_ref,25469.210,1,0,413921,105963776
simless,5,1,enron_full_042132,exact_ref,26038.437,1,0,413921,105963776
simless,6,1,enron_full_042132,exact_ref,26038.437,1,0,413921,105963776
simless,4,1,enron_full_042132,exact_ref,26038.437,1,0,413921,105963776
simless,6,1,enron_full_045885,exact_ref,26549.918,1,0,413921,105963776
simless,4,1,enron_full_045885,exact_ref,26549.918,1,0,413921,105963776
simless,5,1,enron_full_045885,exact_ref,26549.918,1,0,413921,105963776
simless,4,1,enron_full_046009,exact_ref,26540.017,1,0,413921,105963776
simless,5,1,enron_full_046009,exact_ref,26540.017,1,0,413921,105963776
simless,6,1,enron_full_046009,exact_ref,26540.017,1,0,413921,105963776
simless,5,1,enron_full_046306,exact_ref,27119.736,1,0,413921,105963776
simless,6,1,enron_full_046306,exact_ref,27119.736,1,0,413921,105963776
simless,4,1,enron_full_046306,exact_ref,27119.736,1,0,413921,105963776
simless,6,1,enron_full_046840,exact_ref,25993.756,1,0,413921,105963776
simless,4,1,enron_full_046840,exact_ref,25993.756,1,0,413921,105963776
simless,5,1,enron_full_046840,exact_ref,25993.756,1,0,413921,105963776
simless,4,1,enron_full_047084,no_exact_ref,26387.164,0,46,413921,105963776
simless,5,1,enron_full_047084,no_exact_ref,26387.164,0,46,413921,105963776
simless,6,1,enron_full_047084,no_exact_ref,26387.164,0,46,413921,105963776
simless,5,1,enron_full_047376,exact_ref,25006.272,1,0,413921,105963776
simless,6,1,enron_full_047376,exact_ref,25006.272,1,0,413921,105963776
simless,4,1,enron_full_047376,exact_ref,25006.272,1,0,413921,105963776
simless,6,1,enron_full_047738,exact_ref,25891.665,1,0,413921,105963776
simless,4,1,enron_full_047738,exact_ref,25891.665,1,0,413921,105963776
simless,5,1,enron_full_047738,exact_ref,25891.665,1,0,413921,105963776
simless,4,1,enron_full_047772,no_exact_ref,25387.875,0,41,413921,105963776
simless,5,1,enron_full_047772,no_exact_ref,25387.875,0,41,413921,105963776
simless,6,1,enron_full_047772,no_exact_ref,25387.875,0,41,413921,105963776
simless,5,1,enron_full_048185,no_exact_ref,25262.642,0,91,413921,105963776
simless,6,1,enron_full_048185,no_exact_ref,25262.642,0,91,413921,105963776
simless,4,1,enron_full_048185,no_exact_ref,25262.642,0,91,413921,105963776
simless,6,1,enron_full_048713,no_exact_ref,24241.585,0,86,413921,105963776
simless,4,1,enron_full_048713,no_exact_ref,24241.585,0,86,413921,105963776
simless,5,1,enron_full_048713,no_exact_ref,24241.585,0,86,413921,105963776
simless,4,1,enron_full_049016,no_exact_ref,25360.846,0,83,413921,105963776
simless,5,1,enron_full_049016,no_exact_ref,25360.846,0,83,413921,105963776
simless,6,1,enron_full_049016,no_exact_ref,25360.846,0,83,413921,105963776
simless,5,1,enron_full_049875,no_exact_ref,24769.952,0,50,413921,105963776
simless,6,1,enron_full_049875,no_exact_ref,24769.952,0,50,413921,105963776
simless,4,1,enron_full_049875,no_exact_ref,24769.952,0,50,413921,105963776
simless,6,1,enron_full_050163,exact_ref,25311.552,1,0,413921,105963776
simless,4,1,enron_full_050163,exact_ref,25311.552,1,0,413921,105963776
simless,5,1,enron_full_050163,exact_ref,25311.552,1,0,413921,105963776
simless,4,1,enron_full_050258,exact_ref,25419.132,1,0,413921,105963776
simless,5,1,enron_full_050258,exact_ref,25419.132,1,0,413921,105963776
simless,6,1,enron_full_050258,exact_ref,25419.132,1,0,413921,105963776
simless,5,1,enron_full_050705,no_exact_ref,25705.080,0,34,413921,105963776
simless,6,1,enron_full_050705,no_exact_ref,25705.080,0,34,413921,105963776
simless,4,1,enron_full_050705,no_exact_ref,25705.080,0,34,413921,105963776
simless,6,1,enron_full_050719,no_exact_ref,26248.313,0,59,413921,105963776
simless,4,1,enron_full_050719,no_exact_ref,26248.313,0,59,413921,105963776
simless,5,1,enron_full_050719,no_exact_ref,26248.313,0,59,413921,105963776
simless,4,1,enron_full_051118,no_exact_ref,26746.733,0,94,413921,105963776
simless,5,1,enron_full_051118,no_exact_ref,26746.733,0,94,413921,105963776
simless,6,1,enron_full_051118,no_exact_ref,26746.733,0,94,413921,105963776
simless,5,1,enron_full_051633,no_exact_ref,26676.722,0,54,413921,105963776
simless,6,1,enron_full_051633,no_exact_ref,26676.722,0,54,413921,105963776
simless,4,1,enron_full_051633,no_exact_ref,26676.722,0,54,413921,105963776
simless,6,1,enron_full_052109,exact_ref,26173.236,1,0,413921,105963776
simless,4,1,enron_full_052109,exact_ref,26173.236,1,0,413921,105963776
simless,5,1,enron_full_052109,exact_ref,26173.236,1,0,413921,105963776
simless,4,1,enron_full_052243,exact_ref,25904.407,1,0,413921,105963776
simless,5,1,enron_full_052243,exact_ref,25904.407,1,0,413921,105963776
simless,6,1,enron_full_052243,exact_ref,25904.407,1,0,413921,105963776
simless,5,1,enron_full_052699,no_exact_ref,26539.959,0,88,413921,105963776
simless,6,1,enron_full_052699,no_exact_ref,26539.959,0,88,413921,105963776
simless,4,1,enron_full_052699,no_exact_ref,26539.959,0,88,413921,105963776
simless,6,1,enron_full_052941,no_exact_ref,26341.912,0,92,413921,105963776
simless,4,1,enron_full_052941,no_exact_ref,26341.912,0,92,413921,105963776
simless,5,1,enron_full_052941,no_exact_ref,26341.912,0,92,413921,105963776
simless,4,1,enron_full_053517,no_exact_ref,26402.878,0,50,413921,105963776
simless,5,1,enron_full_053517,no_exact_ref,26402.878,0,50,413921,105963776
simless,6,1,enron_full_053517,no_exact_ref,26402.878,0,50,413921,105963776
simless,5,1,enron_full_053522,no_exact_ref,27085.068,0,92,413921,105963776
simless,6,1,enron_full_053522,no_exact_ref,27085.068,0,92,413921,105963776
simless,4,1,enron_full_053522,no_exact_ref,27085.068,0,92,413921,105963776
simless,6,1,enron_full_054174,no_exact_ref,26790.537,0,94,413921,105963776
simless,4,1,enron_full_054174,no_exact_ref,26790.537,0,94,413921,105963776
simless,5,1,enron_full_054174,no_exact_ref,26790.537,0,94,413921,105963776
simless,4,1,enron_full_055270,no_exact_ref,26840.370,0,89,413921,105963776
simless,5,1,enron_full_055270,no_exact_ref,26840.370,0,89,413921,105963776
simless,6,1,enron_full_055270,no_exact_ref,26840.370,0,89,413921,105963776
simless,5,1,enron_full_055462,exact_ref,26626.337,1,0,413921,105963776
simless,6,1,enron_full_055462,exact_ref,26626.337,1,0,413921,105963776
simless,4,1,enron_full_055462,exact_ref,26626.337,1,0,413921,105963776
simless,6,1,enron_full_056138,exact_ref,25183.748,1,0,413921,105963776
simless,4,1,enron_full_056138,exact_ref,25183.748,1,0,413921,105963776
simless,5,1,enron_full_056138,exact_ref,25183.748,1,0,413921,105963776
simless,4,1,enron_full_056670,exact_ref,26122.953,1,0,413921,105963776
simless,5,1,enron_full_056670,exact_ref,26122.953,1,0,413921,105963776
simless,6,1,enron_full_056670,exact_ref,26122.953,1,0,413921,105963776
simless,5,1,enron_full_056953,no_exact_ref,26643.565,0,44,413921,105963776
simless,6,1,enron_full_056953,no_exact_ref,26643.565,0,44,413921,105963776
simless,4,1,enron_full_056953,no_exact_ref,26643.565,0,44,413921,105963776
simless,6,1,enron_full_057268,exact_ref,26884.280,1,0,413921,105963776
simless,4,1,enron_full_057268,exact_ref,26884.280,1,0,413921,105963776
simless,5,1,enron_full_057268,exact_ref,26884.280,1,0,413921,105963776
simless,4,1,enron_full_057321,no_exact_ref,26465.760,0,51,413921,105963776
simless,5,1,enron_full_057321,no_exact_ref,26465.760,0,51,413921,105963776
simless,6,1,enron_full_057321,no_exact_ref,26465.760,0,51,413921,105963776
simless,5,1,enron_full_057826,no_exact_ref,25508.508,0,89,413921,105963776
simless,6,1,enron_full_057826,no_exact_ref,25508.508,0,89,413921,105963776
simless,4,1,enron_full_057826,no_exact_ref,25508.508,0,89,413921,105963776
simless,6,1,enron_full_058046,exact_ref,25462.212,1,0,413921,105963776
simless,4,1,enron_full_058046,exact_ref,25462.212,1,0,413921,105963776
simless,5,1,enron_full_058046,exact_ref,25462.212,1,0,413921,105963776
simless,4,1,enron_full_058254,exact_ref,25240.970,1,0,413921,105963776
simless,5,1,enron_full_058254,exact_ref,25240.970,1,0,413921,105963776
simless,6,1,enron_full_058254,exact_ref,25240.970,1,0,413921,105963776
simless,5,1,enron_full_058415,no_exact_ref,26275.187,0,82,413921,105963776
simless,6,1,enron_full_058415,no_exact_ref,26275.187,0,82,413921,105963776
simless,4,1,enron_full_058415,no_exact_ref,26275.187,0,82,413921,105963776
simless,6,1,enron_full_059797,exact_ref,25882.025,1,0,413921,105963776
simless,4,1,enron_full_059797,exact_ref,25882.025,1,0,413921,105963776
simless,5,1,enron_full_059797,exact_ref,25882.025,1,0,413921,105963776
simless,4,1,enron_full_060370,exact_ref,25785.629,1,0,413921,105963776
simless,5,1,enron_full_060370,exact_ref,25785.629,1,0,413921,105963776
simless,6,1,enron_full_060370,exact_ref,25785.629,1,0,413921,105963776
simless,5,1,enron_full_060846,exact_ref,26048.306,1,0,413921,105963776
simless,6,1,enron_full_060846,exact_ref,26048.306,1,0,413921,105963776
simless,4,1,enron_full_060846,exact_ref,26048.306,1,0,413921,105963776
simless,6,1,enron_full_062151,exact_ref,25783.824,1,0,413921,105963776
simless,4,1,enron_full_062151,exact_ref,25783.824,1,0,413921,105963776
simless,5,1,enron_full_062151,exact_ref,25783.824,1,0,413921,105963776
simless,4,1,enron_full_062439,exact_ref,25378.566,1,0,413921,105963776
simless,5,1,enron_full_062439,exact_ref,25378.566,1,0,413921,105963776
simless,6,1,enron_full_062439,exact_ref,25378.566,1,0,413921,105963776
simless,5,1,enron_full_063833,exact_ref,25356.590,1,0,413921,105963776
simless,6,1,enron_full_063833,exact_ref,25356.590,1,0,413921,105963776
simless,4,1,enron_full_063833,exact_ref,25356.590,1,0,413921,105963776
simless,6,1,enron_full_063839,exact_ref,26145.360,1,0,413921,105963776
simless,4,1,enron_full_063839,exact_ref,26145.360,1,0,413921,105963776
simless,5,1,enron_full_063839,exact_ref,26145.360,1,0,413921,105963776
simless,4,1,enron_full_064172,exact_ref,26914.412,1,0,413921,105963776
simless,5,1,enron_full_064172,exact_ref,26914.412,1,0,413921,105963776
simless,6,1,enron_full_064172,exact_ref,26914.412,1,0,413921,105963776
simless,5,1,enron_full_064231,exact_ref,27037.818,1,0,413921,105963776
simless,6,1,enron_full_064231,exact_ref,27037.818,1,0,413921,105963776
simless,4,1,enron_full_064231,exact_ref,27037.818,1,0,413921,105963776
simless,6,1,enron_full_064607,exact_ref,26844.897,1,0,413921,105963776
simless,4,1,enron_full_064607,exact_ref,26844.897,1,0,413921,105963776
simless,5,1,enron_full_064607,exact_ref,26844.897,1,0,413921,105963776
simless,4,1,enron_full_065332,exact_ref,34073.637,1,0,413921,105963776
simless,5,1,enron_full_065332,exact_ref,34073.637,1,0,413921,105963776
simless,6,1,enron_full_065332,exact_ref,34073.637,1,0,413921,105963776
simless,5,1,enron_full_065814,exact_ref,28574.166,1,0,413921,105963776
simless,6,1,enron_full_065814,exact_ref,28574.166,1,0,413921,105963776
simless,4,1,enron_full_065814,exact_ref,28574.166,1,0,413921,105963776
simless,6,1,enron_full_066742,no_exact_ref,26644.297,0,37,413921,105963776
simless,4,1,enron_full_066742,no_exact_ref,26644.297,0,37,413921,105963776
simless,5,1,enron_full_066742,no_exact_ref,26644.297,0,37,413921,105963776
simless,4,1,enron_full_067365,exact_ref,26956.840,1,0,413921,105963776
simless,5,1,enron_full_067365,exact_ref,26956.840,1,0,413921,105963776
simless,6,1,enron_full_067365,exact_ref,26956.840,1,0,413921,105963776
simless,5,1,enron_full_067727,exact_ref,27129.887,1,0,413921,105963776
simless,6,1,enron_full_067727,exact_ref,27129.887,1,0,413921,105963776
simless,4,1,enron_full_067727,exact_ref,27129.887,1,0,413921,105963776
simless,6,1,enron_full_067752,exact_ref,30061.497,1,0,413921,105963776
simless,4,1,enron_full_067752,exact_ref,30061.497,1,0,413921,105963776
simless,5,1,enron_full_067752,exact_ref,30061.497,1,0,413921,105963776
simless,4,1,enron_full_068258,no_exact_ref,26242.213,0,92,413921,105963776
simless,5,1,enron_full_068258,no_exact_ref,26242.213,0,92,413921,105963776
simless,6,1,enron_full_068258,no_exact_ref,26242.213,0,92,413921,105963776
simless,5,1,enron_full_068541,no_exact_ref,26789.146,1,1,413921,105963776
simless,6,1,enron_full_068541,no_exact_ref,26789.146,1,1,413921,105963776
simless,4,1,enron_full_068541,no_exact_ref,26789.146,1,1,413921,105963776
simless,6,1,enron_full_068714,no_exact_ref,26796.017,1,0,413921,105963776
simless,4,1,enron_full_068714,no_exact_ref,26796.017,1,0,413921,105963776
simless,5,1,enron_full_068714,no_exact_ref,26796.017,1,0,413921,105963776
simless,4,1,enron_full_068948,no_exact_ref,28114.416,0,58,413921,105963776
simless,5,1,enron_full_068948,no_exact_ref,28114.416,0,58,413921,105963776
simless,6,1,enron_full_068948,no_exact_ref,28114.416,0,58,413921,105963776
simless,5,1,enron_full_069168,exact_ref,26777.398,1,0,413921,105963776
simless,6,1,enron_full_069168,exact_ref,26777.398,1,0,413921,105963776
simless,4,1,enron_full_069168,exact_ref,26777.398,1,0,413921,105963776
simless,6,1,enron_full_069488,no_exact_ref,27422.064,0,21,413921,105963776
simless,4,1,enron_full_069488,no_exact_ref,27422.064,0,21,413921,105963776
simless,5,1,enron_full_069488,no_exact_ref,27422.064,0,21,413921,105963776
simless,4,1,enron_full_070382,no_exact_ref,25683.545,0,90,413921,105963776
simless,5,1,enron_full_070382,no_exact_ref,25683.545,0,90,413921,105963776
simless,6,1,enron_full_070382,no_exact_ref,25683.545,0,90,413921,105963776
simless,5,1,enron_full_071706,exact_ref,25588.063,1,0,413921,105963776
simless,6,1,enron_full_071706,exact_ref,25588.063,1,0,413921,105963776
simless,4,1,enron_full_071706,exact_ref,25588.063,1,0,413921,105963776
simless,6,1,enron_full_071944,exact_ref,27287.659,1,0,413921,105963776
simless,4,1,enron_full_071944,exact_ref,27287.659,1,0,413921,105963776
simless,5,1,enron_full_071944,exact_ref,27287.659,1,0,413921,105963776
simless,4,1,enron_full_072801,exact_ref,30204.298,1,0,413921,105963776
simless,5,1,enron_full_072801,exact_ref,30204.298,1,0,413921,105963776
simless,6,1,enron_full_072801,exact_ref,30204.298,1,0,413921,105963776
simless,5,1,enron_full_073237,exact_ref,26421.975,1,0,413921,105963776
simless,6,1,enron_full_073237,exact_ref,26421.975,1,0,413921,105963776
simless,4,1,enron_full_073237,exact_ref,26421.975,1,0,413921,105963776
simless,6,1,enron_full_075726,exact_ref,25209.405,1,0,413921,105963776
simless,4,1,enron_full_075726,exact_ref,25209.405,1,0,413921,105963776
simless,5,1,enron_full_075726,exact_ref,25209.405,1,0,413921,105963776
simless,4,1,enron_full_076089,exact_ref,25746.152,1,0,413921,105963776
simless,5,1,enron_full_076089,exact_ref,25746.152,1,0,413921,105963776
simless,6,1,enron_full_076089,exact_ref,25746.152,1,0,413921,105963776
simless,5,1,enron_full_078045,no_exact_ref,24988.110,0,94,413921,105963776
simless,6,1,enron_full_078045,no_exact_ref,24988.110,0,94,413921,105963776
simless,4,1,enron_full_078045,no_exact_ref,24988.110,0,94,413921,105963776
simless,6,1,enron_full_078949,exact_ref,25720.989,1,0,413921,105963776
simless,4,1,enron_full_078949,exact_ref,25720.989,1,0,413921,105963776
simless,5,1,enron_full_078949,exact_ref,25720.989,1,0,413921,105963776
simless,4,1,enron_full_080332,no_exact_ref,28087.590,0,85,413921,105963776
simless,5,1,enron_full_080332,no_exact_ref,28087.590,0,85,413921,105963776
simless,6,1,enron_full_080332,no_exact_ref,28087.590,0,85,413921,105963776
simless,5,1,enron_full_080731,exact_ref,30121.078,1,0,413921,105963776
simless,6,1,enron_full_080731,exact_ref,30121.078,1,0,413921,105963776
simless,4,1,enron_full_080731,exact_ref,30121.078,1,0,413921,105963776
simless,6,1,enron_full_081565,exact_ref,28681.227,1,0,413921,105963776
simless,4,1,enron_full_081565,exact_ref,28681.227,1,0,413921,105963776
simless,5,1,enron_full_081565,exact_ref,28681.227,1,0,413921,105963776
simless,4,1,enron_full_081601,exact_ref,27294.883,1,0,413921,105963776
simless,5,1,enron_full_081601,exact_ref,27294.883,1,0,413921,105963776
simless,6,1,enron_full_081601,exact_ref,27294.883,1,0,413921,105963776
simless,5,1,enron_full_081707,exact_ref,29101.690,1,0,413921,105963776
simless,6,1,enron_full_081707,exact_ref,29101.690,1,0,413921,105963776
simless,4,1,enron_full_081707,exact_ref,29101.690,1,0,413921,105963776
simless,6,1,enron_full_082681,no_exact_ref,27450.552,0,92,413921,105963776
simless,4,1,enron_full_082681,no_exact_ref,27450.552,0,92,413921,105963776
simless,5,1,enron_full_082681,no_exact_ref,27450.552,0,92,413921,105963776
simless,4,1,enron_full_085442,exact_ref,26360.179,1,0,413921,105963776
simless,5,1,enron_full_085442,exact_ref,26360.179,1,0,413921,105963776
simless,6,1,enron_full_085442,exact_ref,26360.179,1,0,413921,105963776
simless,5,1,enron_full_085751,exact_ref,25431.539,1,0,413921,105963776
simless,6,1,enron_full_085751,exact_ref,25431.539,1,0,413921,105963776
simless,4,1,enron_full_085751,exact_ref,25431.539,1,0,413921,105963776
simless,6,1,enron_full_086327,no_exact_ref,24887.766,0,12,413921,105963776
simless,4,1,enron_full_086327,no_exact_ref,24887.766,0,12,413921,105963776
simless,5,1,enron_full_086327,no_exact_ref,24887.766,0,12,413921,105963776
simless,4,1,enron_full_087697,no_exact_ref,26167.428,0,40,413921,105963776
simless,5,1,enron_full_087697,no_exact_ref,26167.428,0,40,413921,105963776
simless,6,1,enron_full_087697,no_exact_ref,26167.428,0,40,413921,105963776
simless,5,1,enron_full_088138,exact_ref,29062.694,1,0,413921,105963776
simless,6,1,enron_full_088138,exact_ref,29062.694,1,0,413921,105963776
simless,4,1,enron_full_088138,exact_ref,29062.694,1,0,413921,105963776
simless,6,1,enron_full_088307,exact_ref,28398.049,1,0,413921,105963776
simless,4,1,enron_full_088307,exact_ref,28398.049,1,0,413921,105963776
simless,5,1,enron_full_088307,exact_ref,28398.049,1,0,413921,105963776
simless,4,1,enron_full_088336,exact_ref,26525.378,1,0,413921,105963776
simless,5,1,enron_full_088336,exact_ref,26525.378,1,0,413921,105963776
simless,6,1,enron_full_088336,exact_ref,26525.378,1,0,413921,105963776
simless,5,1,enron_full_089344,exact_ref,26041.215,1,0,413921,105963776
simless,6,1,enron_full_089344,exact_ref,26041.215,1,0,413921,105963776
simless,4,1,enron_full_089344,exact_ref,26041.215,1,0,413921,105963776
simless,6,1,enron_full_089451,exact_ref,26059.546,1,0,413921,105963776
simless,4,1,enron_full_089451,exact_ref,26059.546,1,0,413921,105963776
simless,5,1,enron_full_089451,exact_ref,26059.546,1,0,413921,105963776
simless,4,1,enron_full_090248,exact_ref,26486.627,1,0,413921,105963776
simless,5,1,enron_full_090248,exact_ref,26486.627,1,0,413921,105963776
simless,6,1,enron_full_090248,exact_ref,26486.627,1,0,413921,105963776
simless,5,1,enron_full_091044,exact_ref,26633.628,1,0,413921,105963776
simless,6,1,enron_full_091044,exact_ref,26633.628,1,0,413921,105963776
simless,4,1,enron_full_091044,exact_ref,26633.628,1,0,413921,105963776
simless,6,1,enron_full_091307,exact_ref,26512.318,1,0,413921,105963776
simless,4,1,enron_full_091307,exact_ref,26512.318,1,0,413921,105963776
simless,5,1,enron_full_091307,exact_ref,26512.318,1,0,413921,105963776
simless,4,1,enron_full_092251,no_exact_ref,26385.638,0,92,413921,105963776
simless,5,1,enron_full_092251,no_exact_ref,26385.638,0,92,413921,105963776
simless,6,1,enron_full_092251,no_exact_ref,26385.638,0,92,413921,105963776
simless,5,1,enron_full_092316,no_exact_ref,26517.190,0,72,413921,105963776
simless,6,1,enron_full_092316,no_exact_ref,26517.190,0,72,413921,105963776
simless,4,1,enron_full_092316,no_exact_ref,26517.190,0,72,413921,105963776
simless,6,1,enron_full_092765,no_exact_ref,26501.698,0,93,413921,105963776
simless,4,1,enron_full_092765,no_exact_ref,26501.698,0,93,413921,105963776
simless,5,1,enron_full_092765,no_exact_ref,26501.698,0,93,413921,105963776
simless,4,1,enron_full_093576,no_exact_ref,26287.180,0,91,413921,105963776
simless,5,1,enron_full_093576,no_exact_ref,26287.180,0,91,413921,105963776
simless,6,1,enron_full_093576,no_exact_ref,26287.180,0,91,413921,105963776
simless,5,1,enron_full_094577,exact_ref,26514.960,1,0,413921,105963776
simless,6,1,enron_full_094577,exact_ref,26514.960,1,0,413921,105963776
simless,4,1,enron_full_094577,exact_ref,26514.960,1,0,413921,105963776
simless,6,1,enron_full_094590,no_exact_ref,26639.387,0,21,413921,105963776
simless,4,1,enron_full_094590,no_exact_ref,26639.387,0,21,413921,105963776
simless,5,1,enron_full_094590,no_exact_ref,26639.387,0,21,413921,105963776
simless,4,1,enron_full_094757,no_exact_ref,26097.248,0,45,413921,105963776
simless,5,1,enron_full_094757,no_exact_ref,26097.248,0,45,413921,105963776
simless,6,1,enron_full_094757,no_exact_ref,26097.248,0,45,413921,105963776
simless,5,1,enron_full_095403,exact_ref,26938.062,1,0,413921,105963776
simless,6,1,enron_full_095403,exact_ref,26938.062,1,0,413921,105963776
simless,4,1,enron_full_095403,exact_ref,26938.062,1,0,413921,105963776
simless,6,1,enron_full_096327,exact_ref,26717.872,1,0,413921,105963776
simless,4,1,enron_full_096327,exact_ref,26717.872,1,0,413921,105963776
simless,5,1,enron_full_096327,exact_ref,26717.872,1,0,413921,105963776
simless,4,1,enron_full_096329,exact_ref,26604.475,1,0,413921,105963776
simless,5,1,enron_full_096329,exact_ref,26604.475,1,0,413921,105963776
simless,6,1,enron_full_096329,exact_ref,26604.475,1,0,413921,105963776
simless,5,1,enron_full_098210,exact_ref,25730.292,1,0,413921,105963776
simless,6,1,enron_full_098210,exact_ref,25730.292,1,0,413921,105963776
simless,4,1,enron_full_098210,exact_ref,25730.292,1,0,413921,105963776
simless,6,1,enron_full_098535,exact_ref,26354.561,1,0,413921,105963776
simless,4,1,enron_full_098535,exact_ref,26354.561,1,0,413921,105963776
simless,5,1,enron_full_098535,exact_ref,26354.561,1,0,413921,105963776
simless,4,1,enron_full_098599,exact_ref,28723.778,1,0,413921,105963776
simless,5,1,enron_full_098599,exact_ref,28723.778,1,0,413921,105963776
simless,6,1,enron_full_098599,exact_ref,28723.778,1,0,413921,105963776
simless,5,1,enron_full_098973,exact_ref,26671.216,1,0,413921,105963776
simless,6,1,enron_full_098973,exact_ref,26671.216,1,0,413921,105963776
simless,4,1,enron_full_098973,exact_ref,26671.216,1,0,413921,105963776
simless,6,1,enron_full_099013,exact_ref,27124.617,1,0,413921,105963776
simless,4,1,enron_full_099013,exact_ref,27124.617,1,0,413921,105963776
simless,5,1,enron_full_099013,exact_ref,27124.617,1,0,413921,105963776
simless,4,1,enron_full_099531,exact_ref,24769.431,1,0,413921,105963776
simless,5,1,enron_full_099531,exact_ref,24769.431,1,0,413921,105963776
simless,6,1,enron_full_099531,exact_ref,24769.431,1,0,413921,105963776
simless,5,1,enron_full_100323,exact_ref,24432.182,1,0,413921,105963776
simless,6,1,enron_full_100323,exact_ref,24432.182,1,0,413921,105963776
simless,4,1,enron_full_100323,exact_ref,24432.182,1,0,413921,105963776
simless,6,1,enron_full_100466,exact_ref,25133.294,1,0,413921,105963776
simless,4,1,enron_full_100466,exact_ref,25133.294,1,0,413921,105963776
simless,5,1,enron_full_100466,exact_ref,25133.294,1,0,413921,105963776
simless,4,1,enron_full_101174,exact_ref,24786.697,1,0,413921,105963776
simless,5,1,enron_full_101174,exact_ref,24786.697,1,0,413921,105963776
simless,6,1,enron_full_101174,exact_ref,24786.697,1,0,413921,105963776
simless,5,1,enron_full_101274,exact_ref,24871.764,1,0,413921,105963776
simless,6,1,enron_full_101274,exact_ref,24871.764,1,0,413921,105963776
simless,4,1,enron_full_101274,exact_ref,24871.764,1,0,413921,105963776
simless,6,1,enron_full_102532,exact_ref,24536.281,1,0,413921,105963776
simless,4,1,enron_full_102532,exact_ref,24536.281,1,0,413921,105963776
simless,5,1,enron_full_102532,exact_ref,24536.281,1,0,413921,105963776
simless,4,1,enron_full_102695,exact_ref,25189.542,1,0,413921,105963776
simless,5,1,enron_full_102695,exact_ref,25189.542,1,0,413921,105963776
simless,6,1,enron_full_102695,exact_ref,25189.542,1,0,413921,105963776
simless,5,1,enron_full_102774,exact_ref,23747.200,1,0,413921,105963776
simless,6,1,enron_full_102774,exact_ref,23747.200,1,0,413921,105963776
simless,4,1,enron_full_102774,exact_ref,23747.200,1,0,413921,105963776
simless,6,1,enron_full_103426,exact_ref,25612.743,1,0,413921,105963776
simless,4,1,enron_full_103426,exact_ref,25612.743,1,0,413921,105963776
simless,5,1,enron_full_103426,exact_ref,25612.743,1,0,413921,105963776
simless,4,1,enron_full_103581,exact_ref,23743.420,1,0,413921,105963776
simless,5,1,enron_full_103581,exact_ref,23743.420,1,0,413921,105963776
simless,6,1,enron_full_103581,exact_ref,23743.420,1,0,413921,105963776
simless,5,1,enron_full_104396,no_exact_ref,25965.227,0,37,413921,105963776
simless,6,1,enron_full_104396,no_exact_ref,25965.227,0,37,413921,105963776
simless,4,1,enron_full_104396,no_exact_ref,25965.227,0,37,413921,105963776
simless,6,1,enron_full_104402,exact_ref,26021.578,1,0,413921,105963776
simless,4,1,enron_full_104402,exact_ref,26021.578,1,0,413921,105963776
simless,5,1,enron_full_104402,exact_ref,26021.578,1,0,413921,105963776
simless,4,1,enron_full_104423,no_exact_ref,26113.001,0,56,413921,105963776
simless,5,1,enron_full_104423,no_exact_ref,26113.001,0,56,413921,105963776
simless,6,1,enron_full_104423,no_exact_ref,26113.001,0,56,413921,105963776
simless,5,1,enron_full_104598,exact_ref,26165.099,1,0,413921,105963776
simless,6,1,enron_full_104598,exact_ref,26165.099,1,0,413921,105963776
simless,4,1,enron_full_104598,exact_ref,26165.099,1,0,413921,105963776
simless,6,1,enron_full_105565,exact_ref,26155.961,1,0,413921,105963776
simless,4,1,enron_full_105565,exact_ref,26155.961,1,0,413921,105963776
simless,5,1,enron_full_105565,exact_ref,26155.961,1,0,413921,105963776
simless,4,1,enron_full_105930,exact_ref,25692.293,1,0,413921,105963776
simless,5,1,enron_full_105930,exact_ref,25692.293,1,0,413921,105963776
simless,6,1,enron_full_105930,exact_ref,25692.293,1,0,413921,105963776
simless,5,1,enron_full_106126,exact_ref,26172.929,1,0,413921,105963776
simless,6,1,enron_full_106126,exact_ref,26172.929,1,0,413921,105963776
simless,4,1,enron_full_106126,exact_ref,26172.929,1,0,413921,105963776
simless,6,1,enron_full_106135,exact_ref,25965.366,1,0,413921,105963776
simless,4,1,enron_full_106135,exact_ref,25965.366,1,0,413921,105963776
simless,5,1,enron_full_106135,exact_ref,25965.366,1,0,413921,105963776
simless,4,1,enron_full_108529,exact_ref,24514.360,1,0,413921,105963776
simless,5,1,enron_full_108529,exact_ref,24514.360,1,0,413921,105963776
simless,6,1,enron_full_108529,exact_ref,24514.360,1,0,413921,105963776
simless,5,1,enron_full_108654,exact_ref,24040.840,1,0,413921,105963776
simless,6,1,enron_full_108654,exact_ref,24040.840,1,0,413921,105963776
simless,4,1,enron_full_108654,exact_ref,24040.840,1,0,413921,105963776
simless,6,1,enron_full_108933,exact_ref,24034.996,1,0,413921,105963776
simless,4,1,enron_full_108933,exact_ref,24034.996,1,0,413921,105963776
simless,5,1,enron_full_108933,exact_ref,24034.996,1,0,413921,105963776
simless,4,1,enron_full_108996,exact_ref,23963.249,1,0,413921,105963776
simless,5,1,enron_full_108996,exact_ref,23963.249,1,0,413921,105963776
simless,6,1,enron_full_108996,exact_ref,23963.249,1,0,413921,105963776
simless,5,1,enron_full_109605,exact_ref,25102.821,1,0,413921,105963776
simless,6,1,enron_full_109605,exact_ref,25102.821,1,0,413921,105963776
simless,4,1,enron_full_109605,exact_ref,25102.821,1,0,413921,105963776
simless,6,1,enron_full_110370,exact_ref,23184.781,1,0,413921,105963776
simless,4,1,enron_full_110370,exact_ref,23184.781,1,0,413921,105963776
simless,5,1,enron_full_110370,exact_ref,23184.781,1,0,413921,105963776
simless,4,1,enron_full_111197,no_exact_ref,24452.039,0,64,413921,105963776
simless,5,1,enron_full_111197,no_exact_ref,24452.039,0,64,413921,105963776
simless,6,1,enron_full_111197,no_exact_ref,24452.039,0,64,413921,105963776
simless,5,1,enron_full_111665,exact_ref,26434.426,1,0,413921,105963776
simless,6,1,enron_full_111665,exact_ref,26434.426,1,0,413921,105963776
simless,4,1,enron_full_111665,exact_ref,26434.426,1,0,413921,105963776
simless,6,1,enron_full_111904,exact_ref,28559.703,1,0,413921,105963776
simless,4,1,enron_full_111904,exact_ref,28559.703,1,0,413921,105963776
simless,5,1,enron_full_111904,exact_ref,28559.703,1,0,413921,105963776
simless,4,1,enron_full_112694,exact_ref,28215.817,1,0,413921,105963776
simless,5,1,enron_full_112694,exact_ref,28215.817,1,0,413921,105963776
simless,6,1,enron_full_112694,exact_ref,28215.817,1,0,413921,105963776
simless,5,1,enron_full_113971,exact_ref,27897.727,1,0,413921,105963776
simless,6,1,enron_full_113971,exact_ref,27897.727,1,0,413921,105963776
simless,4,1,enron_full_113971,exact_ref,27897.727,1,0,413921,105963776
simless,6,1,enron_full_114650,exact_ref,26989.352,1,0,413921,105963776
simless,4,1,enron_full_114650,exact_ref,26989.352,1,0,413921,105963776
simless,5,1,enron_full_114650,exact_ref,26989.352,1,0,413921,105963776
simless,4,1,enron_full_115626,no_exact_ref,28018.083,0,94,413921,105963776
simless,5,1,enron_full_115626,no_exact_ref,28018.083,0,94,413921,105963776
simless,6,1,enron_full_115626,no_exact_ref,28018.083,0,94,413921,105963776
simless,5,1,enron_full_116065,exact_ref,27761.907,1,0,413921,105963776
simless,6,1,enron_full_116065,exact_ref,27761.907,1,0,413921,105963776
simless,4,1,enron_full_116065,exact_ref,27761.907,1,0,413921,105963776
simless,6,1,enron_full_116692,exact_ref,28362.389,1,0,413921,105963776
simless,4,1,enron_full_116692,exact_ref,28362.389,1,0,413921,105963776
simless,5,1,enron_full_116692,exact_ref,28362.389,1,0,413921,105963776
simless,4,1,enron_full_117087,exact_ref,29114.440,1,0,413921,105963776
simless,5,1,enron_full_117087,exact_ref,29114.440,1,0,413921,105963776
simless,6,1,enron_full_117087,exact_ref,29114.440,1,0,413921,105963776
simless,5,1,enron_full_117441,exact_ref,30738.294,1,0,413921,105963776
simless,6,1,enron_full_117441,exact_ref,30738.294,1,0,413921,105963776
simless,4,1,enron_full_117441,exact_ref,30738.294,1,0,413921,105963776
simless,6,1,enron_full_117988,exact_ref,28447.376,1,0,413921,105963776
simless,4,1,enron_full_117988,exact_ref,28447.376,1,0,413921,105963776
simless,5,1,enron_full_117988,exact_ref,28447.376,1,0,413921,105963776
simless,4,1,enron_full_118247,exact_ref,30560.140,1,0,413921,105963776
simless,5,1,enron_full_118247,exact_ref,30560.140,1,0,413921,105963776
simless,6,1,enron_full_118247,exact_ref,30560.140,1,0,413921,105963776
simless,5,1,enron_full_118573,exact_ref,27253.944,1,0,413921,105963776
simless,6,1,enron_full_118573,exact_ref,27253.944,1,0,413921,105963776
simless,4,1,enron_full_118573,exact_ref,27253.944,1,0,413921,105963776
simless,6,1,enron_full_119068,exact_ref,26854.241,1,0,413921,105963776
simless,4,1,enron_full_119068,exact_ref,26854.241,1,0,413921,105963776
simless,5,1,enron_full_119068,exact_ref,26854.241,1,0,413921,105963776
simless,4,1,enron_full_119674,no_exact_ref,26546.660,0,69,413921,105963776
simless,5,1,enron_full_119674,no_exact_ref,26546.660,0,69,413921,105963776
simless,6,1,enron_full_119674,no_exact_ref,26546.660,0,69,413921,105963776
simless,5,1,enron_full_119896,no_exact_ref,25491.960,0,25,413921,105963776
simless,6,1,enron_full_119896,no_exact_ref,25491.960,0,25,413921,105963776
simless,4,1,enron_full_119896,no_exact_ref,25491.960,0,25,413921,105963776
simless,6,1,enron_full_120534,exact_ref,23776.489,1,0,413921,105963776
simless,4,1,enron_full_120534,exact_ref,23776.489,1,0,413921,105963776
simless,5,1,enron_full_120534,exact_ref,23776.489,1,0,413921,105963776
simless,4,1,enron_full_120641,exact_ref,23503.210,1,0,413921,105963776
simless,5,1,enron_full_120641,exact_ref,23503.210,1,0,413921,105963776
simless,6,1,enron_full_120641,exact_ref,23503.210,1,0,413921,105963776
simless,5,1,enron_full_120822,exact_ref,23591.724,1,0,413921,105963776
simless,6,1,enron_full_120822,exact_ref,23591.724,1,0,413921,105963776
simless,4,1,enron_full_120822,exact_ref,23591.724,1,0,413921,105963776
simless,6,1,enron_full_121175,exact_ref,24828.438,1,0,413921,105963776
simless,4,1,enron_full_121175,exact_ref,24828.438,1,0,413921,105963776
simless,5,1,enron_full_121175,exact_ref,24828.438,1,0,413921,105963776
simless,4,1,enron_full_122290,no_exact_ref,24204.909,0,28,413921,105963776
simless,5,1,enron_full_122290,no_exact_ref,24204.909,0,28,413921,105963776
simless,6,1,enron_full_122290,no_exact_ref,24204.909,0,28,413921,105963776
simless,5,1,enron_full_122402,no_exact_ref,23533.892,0,90,413921,105963776
simless,6,1,enron_full_122402,no_exact_ref,23533.892,0,90,413921,105963776
simless,4,1,enron_full_122402,no_exact_ref,23533.892,0,90,413921,105963776
simless,6,1,enron_full_123831,exact_ref,23933.967,1,0,413921,105963776
simless,4,1,enron_full_123831,exact_ref,23933.967,1,0,413921,105963776
simless,5,1,enron_full_123831,exact_ref,23933.967,1,0,413921,105963776
simless,4,1,enron_full_124264,exact_ref,23653.550,1,0,413921,105963776
simless,5,1,enron_full_124264,exact_ref,23653.550,1,0,413921,105963776
simless,6,1,enron_full_124264,exact_ref,23653.550,1,0,413921,105963776
simless,5,1,enron_full_124451,exact_ref,24880.635,1,0,413921,105963776
simless,6,1,enron_full_124451,exact_ref,24880.635,1,0,413921,105963776
simless,4,1,enron_full_124451,exact_ref,24880.635,1,0,413921,105963776
simless,6,1,enron_full_126518,exact_ref,24886.731,1,0,413921,105963776
simless,4,1,enron_full_126518,exact_ref,24886.731,1,0,413921,105963776
simless,5,1,enron_full_126518,exact_ref,24886.731,1,0,413921,105963776
simless,4,1,enron_full_128013,no_exact_ref,24127.488,0,23,413921,105963776
simless,5,1,enron_full_128013,no_exact_ref,24127.488,0,23,413921,105963776
simless,6,1,enron_full_128013,no_exact_ref,24127.488,0,23,413921,105963776
simless,5,1,enron_full_128290,no_exact_ref,25549.412,0,41,413921,105963776
simless,6,1,enron_full_128290,no_exact_ref,25549.412,0,41,413921,105963776
simless,4,1,enron_full_128290,no_exact_ref,25549.412,0,41,413921,105963776
simless,6,1,enron_full_128461,exact_ref,26805.868,1,0,413921,105963776
simless,4,1,enron_full_128461,exact_ref,26805.868,1,0,413921,105963776
simless,5,1,enron_full_128461,exact_ref,26805.868,1,0,413921,105963776
simless,4,1,enron_full_129750,exact_ref,26504.850,1,0,413921,105963776
simless,5,1,enron_full_129750,exact_ref,26504.850,1,0,413921,105963776
simless,6,1,enron_full_129750,exact_ref,26504.850,1,0,413921,105963776
simless,5,1,enron_full_129922,exact_ref,25470.647,1,0,413921,105963776
simless,6,1,enron_full_129922,exact_ref,25470.647,1,0,413921,105963776
simless,4,1,enron_full_129922,exact_ref,25470.647,1,0,413921,105963776
simless,6,1,enron_full_129965,exact_ref,24601.701,1,0,413921,105963776
simless,4,1,enron_full_129965,exact_ref,24601.701,1,0,413921,105963776
simless,5,1,enron_full_129965,exact_ref,24601.701,1,0,413921,105963776
simless,4,1,enron_full_130406,exact_ref,24059.689,1,0,413921,105963776
simless,5,1,enron_full_130406,exact_ref,24059.689,1,0,413921,105963776
simless,6,1,enron_full_130406,exact_ref,24059.689,1,0,413921,105963776
simless,5,1,enron_full_130557,exact_ref,23597.907,1,0,413921,105963776
simless,6,1,enron_full_130557,exact_ref,23597.907,1,0,413921,105963776
simless,4,1,enron_full_130557,exact_ref,23597.907,1,0,413921,105963776
simless,6,1,enron_full_130818,exact_ref,26505.877,1,0,413921,105963776
simless,4,1,enron_full_130818,exact_ref,26505.877,1,0,413921,105963776
simless,5,1,enron_full_130818,exact_ref,26505.877,1,0,413921,105963776
simless,4,1,enron_full_131990,exact_ref,25420.882,1,0,413921,105963776
simless,5,1,enron_full_131990,exact_ref,25420.882,1,0,413921,105963776
simless,6,1,enron_full_131990,exact_ref,25420.882,1,0,413921,105963776
simless,5,1,enron_full_132971,exact_ref,26076.366,1,0,413921,105963776
simless,6,1,enron_full_132971,exact_ref,26076.366,1,0,413921,105963776
simless,4,1,enron_full_132971,exact_ref,26076.366,1,0,413921,105963776
simless,6,1,enron_full_133588,exact_ref,25348.126,1,0,413921,105963776
simless,4,1,enron_full_133588,exact_ref,25348.126,1,0,413921,105963776
simless,5,1,enron_full_133588,exact_ref,25348.126,1,0,413921,105963776
simless,4,1,enron_full_133819,exact_ref,25516.330,1,0,413921,105963776
simless,5,1,enron_full_133819,exact_ref,25516.330,1,0,413921,105963776
simless,6,1,enron_full_133819,exact_ref,25516.330,1,0,413921,105963776
simless,5,1,enron_full_134727,no_exact_ref,24453.157,0,90,413921,105963776
simless,6,1,enron_full_134727,no_exact_ref,24453.157,0,90,413921,105963776
simless,4,1,enron_full_134727,no_exact_ref,24453.157,0,90,413921,105963776
simless,6,1,enron_full_136330,exact_ref,24732.468,1,0,413921,105963776
simless,4,1,enron_full_136330,exact_ref,24732.468,1,0,413921,105963776
simless,5,1,enron_full_136330,exact_ref,24732.468,1,0,413921,105963776
simless,4,1,enron_full_137531,exact_ref,24800.981,1,0,413921,105963776
simless,5,1,enron_full_137531,exact_ref,24800.981,1,0,413921,105963776
simless,6,1,enron_full_137531,exact_ref,24800.981,1,0,413921,105963776
simless,5,1,enron_full_137711,exact_ref,26251.597,1,0,413921,105963776
simless,6,1,enron_full_137711,exact_ref,26251.597,1,0,413921,105963776
simless,4,1,enron_full_137711,exact_ref,26251.597,1,0,413921,105963776
simless,6,1,enron_full_139013,no_exact_ref,26223.437,0,92,413921,105963776
simless,4,1,enron_full_139013,no_exact_ref,26223.437,0,92,413921,105963776
simless,5,1,enron_full_139013,no_exact_ref,26223.437,0,92,413921,105963776
simless,4,1,enron_full_139188,exact_ref,25847.103,1,0,413921,105963776
simless,5,1,enron_full_139188,exact_ref,25847.103,1,0,413921,105963776
simless,6,1,enron_full_139188,exact_ref,25847.103,1,0,413921,105963776
simless,5,1,enron_full_139197,exact_ref,25565.939,1,0,413921,105963776
simless,6,1,enron_full_139197,exact_ref,25565.939,1,0,413921,105963776
simless,4,1,enron_full_139197,exact_ref,25565.939,1,0,413921,105963776
simless,6,1,enron_full_139486,exact_ref,25085.775,1,0,413921,105963776
simless,4,1,enron_full_139486,exact_ref,25085.775,1,0,413921,105963776
simless,5,1,enron_full_139486,exact_ref,25085.775,1,0,413921,105963776
simless,4,1,enron_full_140225,no_exact_ref,26011.300,0,14,413921,105963776
simless,5,1,enron_full_140225,no_exact_ref,26011.300,0,14,413921,105963776
simless,6,1,enron_full_140225,no_exact_ref,26011.300,0,14,413921,105963776
simless,5,1,enron_full_140420,exact_ref,25555.713,1,0,413921,105963776
simless,6,1,enron_full_140420,exact_ref,25555.713,1,0,413921,105963776
simless,4,1,enron_full_140420,exact_ref,25555.713,1,0,413921,105963776
simless,6,1,enron_full_140552,exact_ref,25747.812,1,0,413921,105963776
simless,4,1,enron_full_140552,exact_ref,25747.812,1,0,413921,105963776
simless,5,1,enron_full_140552,exact_ref,25747.812,1,0,413921,105963776
simless,4,1,enron_full_140885,exact_ref,26489.008,1,0,413921,105963776
simless,5,1,enron_full_140885,exact_ref,26489.008,1,0,413921,105963776
simless,6,1,enron_full_140885,exact_ref,26489.008,1,0,413921,105963776
simless,5,1,enron_full_141161,no_exact_ref,26779.922,0,78,413921,105963776
simless,6,1,enron_full_141161,no_exact_ref,26779.922,0,78,413921,105963776
simless,4,1,enron_full_141161,no_exact_ref,26779.922,0,78,413921,105963776
simless,6,1,enron_full_141985,exact_ref,26635.172,1,0,413921,105963776
simless,4,1,enron_full_141985,exact_ref,26635.172,1,0,413921,105963776
simless,5,1,enron_full_141985,exact_ref,26635.172,1,0,413921,105963776
simless,4,1,enron_full_142230,exact_ref,25587.557,1,0,413921,105963776
simless,5,1,enron_full_142230,exact_ref,25587.557,1,0,413921,105963776
simless,6,1,enron_full_142230,exact_ref,25587.557,1,0,413921,105963776
simless,5,1,enron_full_142612,exact_ref,25739.479,1,0,413921,105963776
simless,6,1,enron_full_142612,exact_ref,25739.479,1,0,413921,105963776
simless,4,1,enron_full_142612,exact_ref,25739.479,1,0,413921,105963776
simless,6,1,enron_full_143076,exact_ref,25317.664,1,0,413921,105963776
simless,4,1,enron_full_143076,exact_ref,25317.664,1,0,413921,105963776
simless,5,1,enron_full_143076,exact_ref,25317.664,1,0,413921,105963776
simless,4,1,enron_full_144720,no_exact_ref,26673.956,0,13,413921,105963776
simless,5,1,enron_full_144720,no_exact_ref,26673.956,0,13,413921,105963776
simless,6,1,enron_full_144720,no_exact_ref,26673.956,0,13,413921,105963776
simless,5,1,enron_full_144759,no_exact_ref,26926.845,0,74,413921,105963776
simless,6,1,enron_full_144759,no_exact_ref,26926.845,0,74,413921,105963776
simless,4,1,enron_full_144759,no_exact_ref,26926.845,0,74,413921,105963776
simless,6,1,enron_full_145061,exact_ref,26676.696,1,0,413921,105963776
simless,4,1,enron_full_145061,exact_ref,26676.696,1,0,413921,105963776
simless,5,1,enron_full_145061,exact_ref,26676.696,1,0,413921,105963776
simless,4,1,enron_full_146696,exact_ref,26662.169,1,0,413921,105963776
simless,5,1,enron_full_146696,exact_ref,26662.169,1,0,413921,105963776
simless,6,1,enron_full_146696,exact_ref,26662.169,1,0,413921,105963776
simless,5,1,enron_full_148007,exact_ref,26316.203,1,0,413921,105963776
simless,6,1,enron_full_148007,exact_ref,26316.203,1,0,413921,105963776
simless,4,1,enron_full_148007,exact_ref,26316.203,1,0,413921,105963776
simless,6,1,enron_full_148315,exact_ref,26407.231,1,0,413921,105963776
simless,4,1,enron_full_148315,exact_ref,26407.231,1,0,413921,105963776
simless,5,1,enron_full_148315,exact_ref,26407.231,1,0,413921,105963776
simless,4,1,enron_full_148338,exact_ref,25255.422,1,0,413921,105963776
simless,5,1,enron_full_148338,exact_ref,25255.422,1,0,413921,105963776
simless,6,1,enron_full_148338,exact_ref,25255.422,1,0,413921,105963776
simless,5,1,enron_full_149174,exact_ref,26348.789,1,0,413921,105963776
simless,6,1,enron_full_149174,exact_ref,26348.789,1,0,413921,105963776
simless,4,1,enron_full_149174,exact_ref,26348.789,1,0,413921,105963776
simless,6,1,enron_full_149842,exact_ref,26199.283,1,0,413921,105963776
simless,4,1,enron_full_149842,exact_ref,26199.283,1,0,413921,105963776
simless,5,1,enron_full_149842,exact_ref,26199.283,1,0,413921,105963776
simless,4,1,enron_full_150562,exact_ref,26437.270,1,0,413921,105963776
simless,5,1,enron_full_150562,exact_ref,26437.270,1,0,413921,105963776
simless,6,1,enron_full_150562,exact_ref,26437.270,1,0,413921,105963776
simless,5,1,enron_full_151773,no_exact_ref,25153.588,0,59,413921,105963776
simless,6,1,enron_full_151773,no_exact_ref,25153.588,0,59,413921,105963776
simless,4,1,enron_full_151773,no_exact_ref,25153.588,0,59,413921,105963776
simless,6,1,enron_full_152307,exact_ref,26279.664,1,0,413921,105963776
simless,4,1,enron_full_152307,exact_ref,26279.664,1,0,413921,105963776
simless,5,1,enron_full_152307,exact_ref,26279.664,1,0,413921,105963776
simless,4,1,enron_full_152987,exact_ref,25224.773,1,0,413921,105963776
simless,5,1,enron_full_152987,exact_ref,25224.773,1,0,413921,105963776
simless,6,1,enron_full_152987,exact_ref,25224.773,1,0,413921,105963776
simless,5,1,enron_full_153167,exact_ref,25079.377,1,0,413921,105963776
simless,6,1,enron_full_153167,exact_ref,25079.377,1,0,413921,105963776
simless,4,1,enron_full_153167,exact_ref,25079.377,1,0,413921,105963776
simless,6,1,enron_full_154125,no_exact_ref,26583.216,0,11,413921,105963776
simless,4,1,enron_full_154125,no_exact_ref,26583.216,0,11,413921,105963776
simless,5,1,enron_full_154125,no_exact_ref,26583.216,0,11,413921,105963776
simless,4,1,enron_full_154648,no_exact_ref,26689.005,0,86,413921,105963776
simless,5,1,enron_full_154648,no_exact_ref,26689.005,0,86,413921,105963776
simless,6,1,enron_full_154648,no_exact_ref,26689.005,0,86,413921,105963776
simless,5,1,enron_full_155829,exact_ref,25710.169,1,0,413921,105963776
simless,6,1,enron_full_155829,exact_ref,25710.169,1,0,413921,105963776
simless,4,1,enron_full_155829,exact_ref,25710.169,1,0,413921,105963776
simless,6,1,enron_full_156626,exact_ref,24910.294,1,0,413921,105963776
simless,4,1,enron_full_156626,exact_ref,24910.294,1,0,413921,105963776
simless,5,1,enron_full_156626,exact_ref,24910.294,1,0,413921,105963776
simless,4,1,enron_full_156811,exact_ref,24963.662,1,0,413921,105963776
simless,5,1,enron_full_156811,exact_ref,24963.662,1,0,413921,105963776
simless,6,1,enron_full_156811,exact_ref,24963.662,1,0,413921,105963776
simless,5,1,enron_full_158640,exact_ref,25447.952,1,0,413921,105963776
simless,6,1,enron_full_158640,exact_ref,25447.952,1,0,413921,105963776
simless,4,1,enron_full_158640,exact_ref,25447.952,1,0,413921,105963776
simless,6,1,enron_full_159222,exact_ref,24593.105,1,0,413921,105963776
simless,4,1,enron_full_159222,exact_ref,24593.105,1,0,413921,105963776
simless,5,1,enron_full_159222,exact_ref,24593.105,1,0,413921,105963776
simless,4,1,enron_full_159570,exact_ref,24685.864,1,0,413921,105963776
simless,5,1,enron_full_159570,exact_ref,24685.864,1,0,413921,105963776
simless,6,1,enron_full_159570,exact_ref,24685.864,1,0,413921,105963776
simless,5,1,enron_full_159687,exact_ref,25506.270,1,0,413921,105963776
simless,6,1,enron_full_159687,exact_ref,25506.270,1,0,413921,105963776
simless,4,1,enron_full_159687,exact_ref,25506.270,1,0,413921,105963776
simless,6,1,enron_full_161067,exact_ref,25019.049,1,0,413921,105963776
simless,4,1,enron_full_161067,exact_ref,25019.049,1,0,413921,105963776
simless,5,1,enron_full_161067,exact_ref,25019.049,1,0,413921,105963776
simless,4,1,enron_full_161301,exact_ref,26274.830,1,0,413921,105963776
simless,5,1,enron_full_161301,exact_ref,26274.830,1,0,413921,105963776
simless,6,1,enron_full_161301,exact_ref,26274.830,1,0,413921,105963776
simless,5,1,enron_full_161404,exact_ref,26518.498,1,0,413921,105963776
simless,6,1,enron_full_161404,exact_ref,26518.498,1,0,413921,105963776
simless,4,1,enron_full_161404,exact_ref,26518.498,1,0,413921,105963776
simless,6,1,enron_full_161839,no_exact_ref,26357.309,0,88,413921,105963776
simless,4,1,enron_full_161839,no_exact_ref,26357.309,0,88,413921,105963776
simless,5,1,enron_full_161839,no_exact_ref,26357.309,0,88,413921,105963776
simless,4,1,enron_full_162338,exact_ref,26418.516,1,0,413921,105963776
simless,5,1,enron_full_162338,exact_ref,26418.516,1,0,413921,105963776
simless,6,1,enron_full_162338,exact_ref,26418.516,1,0,413921,105963776
simless,5,1,enron_full_163700,no_exact_ref,26639.756,0,45,413921,105963776
simless,6,1,enron_full_163700,no_exact_ref,26639.756,0,45,413921,105963776
simless,4,1,enron_full_163700,no_exact_ref,26639.756,0,45,413921,105963776
simless,6,1,enron_full_163994,exact_ref,26629.110,1,0,413921,105963776
simless,4,1,enron_full_163994,exact_ref,26629.110,1,0,413921,105963776
simless,5,1,enron_full_163994,exact_ref,26629.110,1,0,413921,105963776
simless,4,1,enron_full_164128,no_exact_ref,25790.819,0,19,413921,105963776
simless,5,1,enron_full_164128,no_exact_ref,25790.819,0,19,413921,105963776
simless,6,1,enron_full_164128,no_exact_ref,25790.819,0,19,413921,105963776
simless,5,1,enron_full_164251,exact_ref,25425.503,1,0,413921,105963776
simless,6,1,enron_full_164251,exact_ref,25425.503,1,0,413921,105963776
simless,4,1,enron_full_164251,exact_ref,25425.503,1,0,413921,105963776
simless,6,1,enron_full_164751,no_exact_ref,25389.171,0,92,413921,105963776
simless,4,1,enron_full_164751,no_exact_ref,25389.171,0,92,413921,105963776
simless,5,1,enron_full_164751,no_exact_ref,25389.171,0,92,413921,105963776
simless,4,1,enron_full_164805,no_exact_ref,26798.888,0,94,413921,105963776
simless,5,1,enron_full_164805,no_exact_ref,26798.888,0,94,413921,105963776
simless,6,1,enron_full_164805,no_exact_ref,26798.888,0,94,413921,105963776
simless,5,1,enron_full_165550,no_exact_ref,26622.870,0,89,413921,105963776
simless,6,1,enron_full_165550,no_exact_ref,26622.870,0,89,413921,105963776
simless,4,1,enron_full_165550,no_exact_ref,26622.870,0,89,413921,105963776
simless,6,1,enron_full_165951,exact_ref,25376.994,1,0,413921,105963776
simless,4,1,enron_full_165951,exact_ref,25376.994,1,0,413921,105963776
simless,5,1,enron_full_165951,exact_ref,25376.994,1,0,413921,105963776
simless,4,1,enron_full_167260,exact_ref,24697.354,1,0,413921,105963776
simless,5,1,enron_full_167260,exact_ref,24697.354,1,0,413921,105963776
simless,6,1,enron_full_167260,exact_ref,24697.354,1,0,413921,105963776
simless,5,1,enron_full_168469,exact_ref,25722.979,1,0,413921,105963776
simless,6,1,enron_full_168469,exact_ref,25722.979,1,0,413921,105963776
simless,4,1,enron_full_168469,exact_ref,25722.979,1,0,413921,105963776
simless,6,1,enron_full_168971,exact_ref,25275.964,1,0,413921,105963776
simless,4,1,enron_full_168971,exact_ref,25275.964,1,0,413921,105963776
simless,5,1,enron_full_168971,exact_ref,25275.964,1,0,413921,105963776
simless,4,1,enron_full_170176,no_exact_ref,24443.090,0,92,413921,105963776
simless,5,1,enron_full_170176,no_exact_ref,24443.090,0,92,413921,105963776
simless,6,1,enron_full_170176,no_exact_ref,24443.090,0,92,413921,105963776
simless,5,1,enron_full_170711,exact_ref,24517.429,1,0,413921,105963776
simless,6,1,enron_full_170711,exact_ref,24517.429,1,0,413921,105963776
simless,4,1,enron_full_170711,exact_ref,24517.429,1,0,413921,105963776
simless,6,1,enron_full_170765,exact_ref,25093.751,1,0,413921,105963776
simless,4,1,enron_full_170765,exact_ref,25093.751,1,0,413921,105963776
simless,5,1,enron_full_170765,exact_ref,25093.751,1,0,413921,105963776
simless,4,1,enron_full_170860,no_exact_ref,27188.137,0,85,413921,105963776
simless,5,1,enron_full_170860,no_exact_ref,27188.137,0,85,413921,105963776
simless,6,1,enron_full_170860,no_exact_ref,27188.137,0,85,413921,105963776
simless,5,1,enron_full_171509,exact_ref,26716.488,1,0,413921,105963776
simless,6,1,enron_full_171509,exact_ref,26716.488,1,0,413921,105963776
simless,4,1,enron_full_171509,exact_ref,26716.488,1,0,413921,105963776
simless,6,1,enron_full_171797,no_exact_ref,26493.747,0,87,413921,105963776
simless,4,1,enron_full_171797,no_exact_ref,26493.747,0,87,413921,105963776
simless,5,1,enron_full_171797,no_exact_ref,26493.747,0,87,413921,105963776
simless,4,1,enron_full_172609,no_exact_ref,25608.289,0,93,413921,105963776
simless,5,1,enron_full_172609,no_exact_ref,25608.289,0,93,413921,105963776
simless,6,1,enron_full_172609,no_exact_ref,25608.289,0,93,413921,105963776
simless,5,1,enron_full_174436,exact_ref,25842.234,1,0,413921,105963776
simless,6,1,enron_full_174436,exact_ref,25842.234,1,0,413921,105963776
simless,4,1,enron_full_174436,exact_ref,25842.234,1,0,413921,105963776
simless,6,1,enron_full_174861,exact_ref,26032.607,1,0,413921,105963776
simless,4,1,enron_full_174861,exact_ref,26032.607,1,0,413921,105963776
simless,5,1,enron_full_174861,exact_ref,26032.607,1,0,413921,105963776
simless,4,1,enron_full_175011,no_exact_ref,26639.145,0,47,413921,105963776
simless,5,1,enron_full_175011,no_exact_ref,26639.145,0,47,413921,105963776
simless,6,1,enron_full_175011,no_exact_ref,26639.145,0,47,413921,105963776
simless,5,1,enron_full_176124,exact_ref,26525.937,1,0,413921,105963776
simless,6,1,enron_full_176124,exact_ref,26525.937,1,0,413921,105963776
simless,4,1,enron_full_176124,exact_ref,26525.937,1,0,413921,105963776
simless,6,1,enron_full_176753,exact_ref,26410.352,1,0,413921,105963776
simless,4,1,enron_full_176753,exact_ref,26410.352,1,0,413921,105963776
simless,5,1,enron_full_176753,exact_ref,26410.352,1,0,413921,105963776
simless,4,1,enron_full_178212,exact_ref,26513.351,1,0,413921,105963776
simless,5,1,enron_full_178212,exact_ref,26513.351,1,0,413921,105963776
simless,6,1,enron_full_178212,exact_ref,26513.351,1,0,413921,105963776
simless,5,1,enron_full_178550,exact_ref,25034.609,1,0,413921,105963776
simless,6,1,enron_full_178550,exact_ref,25034.609,1,0,413921,105963776
simless,4,1,enron_full_178550,exact_ref,25034.609,1,0,413921,105963776
simless,6,1,enron_full_179413,exact_ref,25109.637,1,0,413921,105963776
simless,4,1,enron_full_179413,exact_ref,25109.637,1,0,413921,105963776
simless,5,1,enron_full_179413,exact_ref,25109.637,1,0,413921,105963776
simless,4,1,enron_full_179791,exact_ref,25149.929,1,0,413921,105963776
simless,5,1,enron_full_179791,exact_ref,25149.929,1,0,413921,105963776
simless,6,1,enron_full_179791,exact_ref,25149.929,1,0,413921,105963776
simless,5,1,enron_full_180640,exact_ref,25949.357,1,0,413921,105963776
simless,6,1,enron_full_180640,exact_ref,25949.357,1,0,413921,105963776
simless,4,1,enron_full_180640,exact_ref,25949.357,1,0,413921,105963776
simless,6,1,enron_full_181037,exact_ref,51541.123,1,0,413921,105963776
simless,4,1,enron_full_181037,exact_ref,51541.123,1,0,413921,105963776
simless,5,1,enron_full_181037,exact_ref,51541.123,1,0,413921,105963776
simless,4,1,enron_full_181456,exact_ref,28147.649,1,0,413921,105963776
simless,5,1,enron_full_181456,exact_ref,28147.649,1,0,413921,105963776
simless,6,1,enron_full_181456,exact_ref,28147.649,1,0,413921,105963776
simless,5,1,enron_full_181872,exact_ref,24188.231,1,0,413921,105963776
simless,6,1,enron_full_181872,exact_ref,24188.231,1,0,413921,105963776
simless,4,1,enron_full_181872,exact_ref,24188.231,1,0,413921,105963776
simless,6,1,enron_full_181885,exact_ref,28089.318,1,0,413921,105963776
simless,4,1,enron_full_181885,exact_ref,28089.318,1,0,413921,105963776
simless,5,1,enron_full_181885,exact_ref,28089.318,1,0,413921,105963776
simless,4,1,enron_full_182915,exact_ref,35773.512,1,0,413921,105963776
simless,5,1,enron_full_182915,exact_ref,35773.512,1,0,413921,105963776
simless,6,1,enron_full_182915,exact_ref,35773.512,1,0,413921,105963776
simless,5,1,enron_full_182942,exact_ref,24719.588,1,0,413921,105963776
simless,6,1,enron_full_182942,exact_ref,24719.588,1,0,413921,105963776
simless,4,1,enron_full_182942,exact_ref,24719.588,1,0,413921,105963776
simless,6,1,enron_full_183169,exact_ref,23890.040,1,0,413921,105963776
simless,4,1,enron_full_183169,exact_ref,23890.040,1,0,413921,105963776
simless,5,1,enron_full_183169,exact_ref,23890.040,1,0,413921,105963776
simless,4,1,enron_full_183297,exact_ref,24374.669,1,0,413921,105963776
simless,5,1,enron_full_183297,exact_ref,24374.669,1,0,413921,105963776
simless,6,1,enron_full_183297,exact_ref,24374.669,1,0,413921,105963776
simless,5,1,enron_full_183379,exact_ref,24663.865,1,0,413921,105963776
simless,6,1,enron_full_183379,exact_ref,24663.865,1,0,413921,105963776
simless,4,1,enron_full_183379,exact_ref,24663.865,1,0,413921,105963776
simless,6,1,enron_full_183388,exact_ref,24916.958,1,0,413921,105963776
simless,4,1,enron_full_183388,exact_ref,24916.958,1,0,413921,105963776
simless,5,1,enron_full_183388,exact_ref,24916.958,1,0,413921,105963776
simless,4,1,enron_full_183934,exact_ref,25009.008,1,0,413921,105963776
simless,5,1,enron_full_183934,exact_ref,25009.008,1,0,413921,105963776
simless,6,1,enron_full_183934,exact_ref,25009.008,1,0,413921,105963776
simless,5,1,enron_full_184508,exact_ref,25460.720,1,0,413921,105963776
simless,6,1,enron_full_184508,exact_ref,25460.720,1,0,413921,105963776
simless,4,1,enron_full_184508,exact_ref,25460.720,1,0,413921,105963776
simless,6,1,enron_full_185731,no_exact_ref,25734.083,0,87,413921,105963776
simless,4,1,enron_full_185731,no_exact_ref,25734.083,0,87,413921,105963776
simless,5,1,enron_full_185731,no_exact_ref,25734.083,0,87,413921,105963776
simless,4,1,enron_full_186258,exact_ref,29028.675,1,0,413921,105963776
simless,5,1,enron_full_186258,exact_ref,29028.675,1,0,413921,105963776
simless,6,1,enron_full_186258,exact_ref,29028.675,1,0,413921,105963776
simless,5,1,enron_full_186778,exact_ref,26712.743,1,0,413921,105963776
simless,6,1,enron_full_186778,exact_ref,26712.743,1,0,413921,105963776
simless,4,1,enron_full_186778,exact_ref,26712.743,1,0,413921,105963776
simless,6,1,enron_full_187181,exact_ref,26232.931,1,0,413921,105963776
simless,4,1,enron_full_187181,exact_ref,26232.931,1,0,413921,105963776
simless,5,1,enron_full_187181,exact_ref,26232.931,1,0,413921,105963776
simless,4,1,enron_full_187432,exact_ref,26159.046,1,0,413921,105963776
simless,5,1,enron_full_187432,exact_ref,26159.046,1,0,413921,105963776
simless,6,1,enron_full_187432,exact_ref,26159.046,1,0,413921,105963776
simless,5,1,enron_full_187706,exact_ref,25784.493,1,0,413921,105963776
simless,6,1,enron_full_187706,exact_ref,25784.493,1,0,413921,105963776
simless,4,1,enron_full_187706,exact_ref,25784.493,1,0,413921,105963776
simless,6,1,enron_full_188453,exact_ref,25240.426,1,0,413921,105963776
simless,4,1,enron_full_188453,exact_ref,25240.426,1,0,413921,105963776
simless,5,1,enron_full_188453,exact_ref,25240.426,1,0,413921,105963776
simless,4,1,enron_full_189842,exact_ref,24788.030,1,0,413921,105963776
simless,5,1,enron_full_189842,exact_ref,24788.030,1,0,413921,105963776
simless,6,1,enron_full_189842,exact_ref,24788.030,1,0,413921,105963776
simless,5,1,enron_full_189980,exact_ref,24134.613,1,0,413921,105963776
simless,6,1,enron_full_189980,exact_ref,24134.613,1,0,413921,105963776
simless,4,1,enron_full_189980,exact_ref,24134.613,1,0,413921,105963776
simless,6,1,enron_full_191466,exact_ref,23968.283,1,0,413921,105963776
simless,4,1,enron_full_191466,exact_ref,23968.283,1,0,413921,105963776
simless,5,1,enron_full_191466,exact_ref,23968.283,1,0,413921,105963776
simless,4,1,enron_full_191744,no_exact_ref,26827.133,0,17,413921,105963776
simless,5,1,enron_full_191744,no_exact_ref,26827.133,0,17,413921,105963776
simless,6,1,enron_full_191744,no_exact_ref,26827.133,0,17,413921,105963776
simless,5,1,enron_full_191882,exact_ref,24435.919,1,0,413921,105963776
simless,6,1,enron_full_191882,exact_ref,24435.919,1,0,413921,105963776
simless,4,1,enron_full_191882,exact_ref,24435.919,1,0,413921,105963776
simless,6,1,enron_full_193162,exact_ref,24819.781,1,0,413921,105963776
simless,4,1,enron_full_193162,exact_ref,24819.781,1,0,413921,105963776
simless,5,1,enron_full_193162,exact_ref,24819.781,1,0,413921,105963776
simless,4,1,enron_full_195402,exact_ref,24363.894,1,0,413921,105963776
simless,5,1,enron_full_195402,exact_ref,24363.894,1,0,413921,105963776
simless,6,1,enron_full_195402,exact_ref,24363.894,1,0,413921,105963776
simless,5,1,enron_full_195600,exact_ref,25551.043,1,0,413921,105963776
simless,6,1,enron_full_195600,exact_ref,25551.043,1,0,413921,105963776
simless,4,1,enron_full_195600,exact_ref,25551.043,1,0,413921,105963776
simless,6,1,enron_full_195759,exact_ref,26383.584,1,0,413921,105963776
simless,4,1,enron_full_195759,exact_ref,26383.584,1,0,413921,105963776
simless,5,1,enron_full_195759,exact_ref,26383.584,1,0,413921,105963776
simless,4,1,enron_full_196134,exact_ref,26345.421,1,0,413921,105963776
simless,5,1,enron_full_196134,exact_ref,26345.421,1,0,413921,105963776
simless,6,1,enron_full_196134,exact_ref,26345.421,1,0,413921,105963776
simless,5,1,enron_full_197175,exact_ref,25548.311,1,0,413921,105963776
simless,6,1,enron_full_197175,exact_ref,25548.311,1,0,413921,105963776
simless,4,1,enron_full_197175,exact_ref,25548.311,1,0,413921,105963776
simless,6,1,enron_full_197216,exact_ref,25706.794,1,0,413921,105963776
simless,4,1,enron_full_197216,exact_ref,25706.794,1,0,413921,105963776
simless,5,1,enron_full_197216,exact_ref,25706.794,1,0,413921,105963776
simless,4,1,enron_full_197678,exact_ref,24030.334,1,0,413921,105963776
simless,5,1,enron_full_197678,exact_ref,24030.334,1,0,413921,105963776
simless,6,1,enron_full_197678,exact_ref,24030.334,1,0,413921,105963776
simless,5,1,enron_full_198102,exact_ref,25032.932,1,0,413921,105963776
simless,6,1,enron_full_198102,exact_ref,25032.932,1,0,413921,105963776
simless,4,1,enron_full_198102,exact_ref,25032.932,1,0,413921,105963776
simless,6,1,enron_full_198996,exact_ref,24273.671,1,0,413921,105963776
simless,4,1,enron_full_198996,exact_ref,24273.671,1,0,413921,105963776
simless,5,1,enron_full_198996,exact_ref,24273.671,1,0,413921,105963776
simless,4,1,enron_full_200327,exact_ref,25099.704,1,0,413921,105963776
simless,5,1,enron_full_200327,exact_ref,25099.704,1,0,413921,105963776
simless,6,1,enron_full_200327,exact_ref,25099.704,1,0,413921,105963776
simless,5,1,enron_full_200476,exact_ref,27993.831,1,0,413921,105963776
simless,6,1,enron_full_200476,exact_ref,27993.831,1,0,413921,105963776
simless,4,1,enron_full_200476,exact_ref,27993.831,1,0,413921,105963776
simless,6,1,enron_full_201608,exact_ref,25795.413,1,0,413921,105963776
simless,4,1,enron_full_201608,exact_ref,25795.413,1,0,413921,105963776
simless,5,1,enron_full_201608,exact_ref,25795.413,1,0,413921,105963776
simless,4,1,enron_full_202547,exact_ref,25738.519,1,0,413921,105963776
simless,5,1,enron_full_202547,exact_ref,25738.519,1,0,413921,105963776
simless,6,1,enron_full_202547,exact_ref,25738.519,1,0,413921,105963776
simless,5,1,enron_full_202611,no_exact_ref,25989.900,0,81,413921,105963776
simless,6,1,enron_full_202611,no_exact_ref,25989.900,0,81,413921,105963776
simless,4,1,enron_full_202611,no_exact_ref,25989.900,0,81,413921,105963776
simless,6,1,enron_full_203046,exact_ref,26347.461,1,0,413921,105963776
simless,4,1,enron_full_203046,exact_ref,26347.461,1,0,413921,105963776
simless,5,1,enron_full_203046,exact_ref,26347.461,1,0,413921,105963776
simless,4,1,enron_full_204937,exact_ref,26364.019,1,0,413921,105963776
simless,5,1,enron_full_204937,exact_ref,26364.019,1,0,413921,105963776
simless,6,1,enron_full_204937,exact_ref,26364.019,1,0,413921,105963776
simless,5,1,enron_full_205754,exact_ref,26147.462,1,0,413921,105963776
simless,6,1,enron_full_205754,exact_ref,26147.462,1,0,413921,105963776
simless,4,1,enron_full_205754,exact_ref,26147.462,1,0,413921,105963776
simless,6,1,enron_full_205846,exact_ref,26212.629,1,0,413921,105963776
simless,4,1,enron_full_205846,exact_ref,26212.629,1,0,413921,105963776
simless,5,1,enron_full_205846,exact_ref,26212.629,1,0,413921,105963776
simless,4,1,enron_full_206132,exact_ref,25497.680,1,0,413921,105963776
simless,5,1,enron_full_206132,exact_ref,25497.680,1,0,413921,105963776
simless,6,1,enron_full_206132,exact_ref,25497.680,1,0,413921,105963776
simless,5,1,enron_full_206426,exact_ref,24217.241,1,0,413921,105963776
simless,6,1,enron_full_206426,exact_ref,24217.241,1,0,413921,105963776
simless,4,1,enron_full_206426,exact_ref,24217.241,1,0,413921,105963776
simless,6,1,enron_full_206631,no_exact_ref,24900.207,0,92,413921,105963776
simless,4,1,enron_full_206631,no_exact_ref,24900.207,0,92,413921,105963776
simless,5,1,enron_full_206631,no_exact_ref,24900.207,0,92,413921,105963776
simless,4,1,enron_full_206780,exact_ref,23952.592,1,0,413921,105963776
simless,5,1,enron_full_206780,exact_ref,23952.592,1,0,413921,105963776
simless,6,1,enron_full_206780,exact_ref,23952.592,1,0,413921,105963776
simless,5,1,enron_full_207863,exact_ref,25251.185,1,0,413921,105963776
simless,6,1,enron_full_207863,exact_ref,25251.185,1,0,413921,105963776
simless,4,1,enron_full_207863,exact_ref,25251.185,1,0,413921,105963776
simless,6,1,enron_full_208242,exact_ref,24838.838,1,0,413921,105963776
simless,4,1,enron_full_208242,exact_ref,24838.838,1,0,413921,105963776
simless,5,1,enron_full_208242,exact_ref,24838.838,1,0,413921,105963776
simless,4,1,enron_full_208362,exact_ref,25501.533,1,0,413921,105963776
simless,5,1,enron_full_208362,exact_ref,25501.533,1,0,413921,105963776
simless,6,1,enron_full_208362,exact_ref,25501.533,1,0,413921,105963776
simless,5,1,enron_full_209030,exact_ref,25003.733,1,0,413921,105963776
simless,6,1,enron_full_209030,exact_ref,25003.733,1,0,413921,105963776
simless,4,1,enron_full_209030,exact_ref,25003.733,1,0,413921,105963776
simless,6,1,enron_full_209358,exact_ref,24915.039,1,0,413921,105963776
simless,4,1,enron_full_209358,exact_ref,24915.039,1,0,413921,105963776
simless,5,1,enron_full_209358,exact_ref,24915.039,1,0,413921,105963776
simless,4,1,enron_full_209479,exact_ref,25099.024,1,0,413921,105963776
simless,5,1,enron_full_209479,exact_ref,25099.024,1,0,413921,105963776
simless,6,1,enron_full_209479,exact_ref,25099.024,1,0,413921,105963776
simless,5,1,enron_full_209859,exact_ref,26188.331,1,0,413921,105963776
simless,6,1,enron_full_209859,exact_ref,26188.331,1,0,413921,105963776
simless,4,1,enron_full_209859,exact_ref,26188.331,1,0,413921,105963776
simless,6,1,enron_full_209958,exact_ref,26467.033,1,0,413921,105963776
simless,4,1,enron_full_209958,exact_ref,26467.033,1,0,413921,105963776
simless,5,1,enron_full_209958,exact_ref,26467.033,1,0,413921,105963776
simless,4,1,enron_full_210032,no_exact_ref,26654.122,0,6,413921,105963776
simless,5,1,enron_full_210032,no_exact_ref,26654.122,0,6,413921,105963776
simless,6,1,enron_full_210032,no_exact_ref,26654.122,1,6,413921,105963776
simless,5,1,enron_full_210772,exact_ref,26605.793,1,0,413921,105963776
simless,6,1,enron_full_210772,exact_ref,26605.793,1,0,413921,105963776
simless,4,1,enron_full_210772,exact_ref,26605.793,1,0,413921,105963776
simless,6,1,enron_full_211094,no_exact_ref,25187.804,0,96,413921,105963776
simless,4,1,enron_full_211094,no_exact_ref,25187.804,0,96,413921,105963776
simless,5,1,enron_full_211094,no_exact_ref,25187.804,0,96,413921,105963776
simless,4,1,enron_full_211389,exact_ref,24452.725,1,0,413921,105963776
simless,5,1,enron_full_211389,exact_ref,24452.725,1,0,413921,105963776
simless,6,1,enron_full_211389,exact_ref,24452.725,1,0,413921,105963776
simless,5,1,enron_full_211892,no_exact_ref,24639.410,0,86,413921,105963776
simless,6,1,enron_full_211892,no_exact_ref,24639.410,0,86,413921,105963776
simless,4,1,enron_full_211892,no_exact_ref,24639.410,0,86,413921,105963776
simless,6,1,enron_full_211966,no_exact_ref,25114.394,0,89,413921,105963776
simless,4,1,enron_full_211966,no_exact_ref,25114.394,0,89,413921,105963776
simless,5,1,enron_full_211966,no_exact_ref,25114.394,0,89,413921,105963776
simless,4,1,enron_full_212202,no_exact_ref,25412.317,0,25,413921,105963776
simless,5,1,enron_full_212202,no_exact_ref,25412.317,0,25,413921,105963776
simless,6,1,enron_full_212202,no_exact_ref,25412.317,0,25,413921,105963776
simless,5,1,enron_full_213178,no_exact_ref,26736.289,0,23,413921,105963776
simless,6,1,enron_full_213178,no_exact_ref,26736.289,0,23,413921,105963776
simless,4,1,enron_full_213178,no_exact_ref,26736.289,0,23,413921,105963776
simless,6,1,enron_full_214684,exact_ref,25946.296,1,0,413921,105963776
simless,4,1,enron_full_214684,exact_ref,25946.296,1,0,413921,105963776
simless,5,1,enron_full_214684,exact_ref,25946.296,1,0,413921,105963776
simless,4,1,enron_full_214861,exact_ref,26286.880,1,0,413921,105963776
simless,5,1,enron_full_214861,exact_ref,26286.880,1,0,413921,105963776
simless,6,1,enron_full_214861,exact_ref,26286.880,1,0,413921,105963776
simless,5,1,enron_full_214866,exact_ref,26277.376,1,0,413921,105963776
simless,6,1,enron_full_214866,exact_ref,26277.376,1,0,413921,105963776
simless,4,1,enron_full_214866,exact_ref,26277.376,1,0,413921,105963776
simless,6,1,enron_full_214883,exact_ref,26290.659,1,0,413921,105963776
simless,4,1,enron_full_214883,exact_ref,26290.659,1,0,413921,105963776
simless,5,1,enron_full_214883,exact_ref,26290.659,1,0,413921,105963776
simless,4,1,enron_full_215380,exact_ref,25529.251,1,0,413921,105963776
simless,5,1,enron_full_215380,exact_ref,25529.251,1,0,413921,105963776
simless,6,1,enron_full_215380,exact_ref,25529.251,1,0,413921,105963776
simless,5,1,enron_full_215696,exact_ref,25789.889,1,0,413921,105963776
simless,6,1,enron_full_215696,exact_ref,25789.889,1,0,413921,105963776
simless,4,1,enron_full_215696,exact_ref,25789.889,1,0,413921,105963776
simless,6,1,enron_full_216853,exact_ref,26565.435,1,0,413921,105963776
simless,4,1,enron_full_216853,exact_ref,26565.435,1,0,413921,105963776
simless,5,1,enron_full_216853,exact_ref,26565.435,1,0,413921,105963776
simless,4,1,enron_full_218707,exact_ref,26746.845,1,0,413921,105963776
simless,5,1,enron_full_218707,exact_ref,26746.845,1,0,413921,105963776
simless,6,1,enron_full_218707,exact_ref,26746.845,1,0,413921,105963776
simless,5,1,enron_full_219044,exact_ref,25808.748,1,0,413921,105963776
simless,6,1,enron_full_219044,exact_ref,25808.748,1,0,413921,105963776
simless,4,1,enron_full_219044,exact_ref,25808.748,1,0,413921,105963776
simless,6,1,enron_full_219142,exact_ref,25187.048,1,0,413921,105963776
simless,4,1,enron_full_219142,exact_ref,25187.048,1,0,413921,105963776
simless,5,1,enron_full_219142,exact_ref,25187.048,1,0,413921,105963776
simless,4,1,enron_full_219243,exact_ref,25909.121,1,0,413921,105963776
simless,5,1,enron_full_219243,exact_ref,25909.121,1,0,413921,105963776
simless,6,1,enron_full_219243,exact_ref,25909.121,1,0,413921,105963776
simless,5,1,enron_full_219501,no_exact_ref,25041.903,0,19,413921,105963776
simless,6,1,enron_full_219501,no_exact_ref,25041.903,0,19,413921,105963776
simless,4,1,enron_full_219501,no_exact_ref,25041.903,0,19,413921,105963776
simless,6,1,enron_full_219509,no_exact_ref,24663.859,0,11,413921,105963776
simless,4,1,enron_full_219509,no_exact_ref,24663.859,0,11,413921,105963776
simless,5,1,enron_full_219509,no_exact_ref,24663.859,0,11,413921,105963776
simless,4,1,enron_full_219658,no_exact_ref,25828.127,0,95,413921,105963776
simless,5,1,enron_full_219658,no_exact_ref,25828.127,0,95,413921,105963776
simless,6,1,enron_full_219658,no_exact_ref,25828.127,0,95,413921,105963776
simless,5,1,enron_full_220234,exact_ref,25118.379,1,0,413921,105963776
simless,6,1,enron_full_220234,exact_ref,25118.379,1,0,413921,105963776
simless,4,1,enron_full_220234,exact_ref,25118.379,1,0,413921,105963776
simless,6,1,enron_full_220556,exact_ref,24079.185,1,0,413921,105963776
simless,4,1,enron_full_220556,exact_ref,24079.185,1,0,413921,105963776
simless,5,1,enron_full_220556,exact_ref,24079.185,1,0,413921,105963776
simless,4,1,enron_full_221304,exact_ref,24924.516,1,0,413921,105963776
simless,5,1,enron_full_221304,exact_ref,24924.516,1,0,413921,105963776
simless,6,1,enron_full_221304,exact_ref,24924.516,1,0,413921,105963776
simless,5,1,enron_full_223253,exact_ref,24909.504,1,0,413921,105963776
simless,6,1,enron_full_223253,exact_ref,24909.504,1,0,413921,105963776
simless,4,1,enron_full_223253,exact_ref,24909.504,1,0,413921,105963776
simless,6,1,enron_full_223630,exact_ref,25401.714,1,0,413921,105963776
simless,4,1,enron_full_223630,exact_ref,25401.714,1,0,413921,105963776
simless,5,1,enron_full_223630,exact_ref,25401.714,1,0,413921,105963776
simless,4,1,enron_full_223933,exact_ref,25860.999,1,0,413921,105963776
simless,5,1,enron_full_223933,exact_ref,25860.999,1,0,413921,105963776
simless,6,1,enron_full_223933,exact_ref,25860.999,1,0,413921,105963776
simless,5,1,enron_full_224076,exact_ref,26639.099,1,0,413921,105963776
simless,6,1,enron_full_224076,exact_ref,26639.099,1,0,413921,105963776
simless,4,1,enron_full_224076,exact_ref,26639.099,1,0,413921,105963776
simless,6,1,enron_full_224176,exact_ref,26628.997,1,0,413921,105963776
simless,4,1,enron_full_224176,exact_ref,26628.997,1,0,413921,105963776
simless,5,1,enron_full_224176,exact_ref,26628.997,1,0,413921,105963776
simless,4,1,enron_full_224421,exact_ref,26611.902,1,0,413921,105963776
simless,5,1,enron_full_224421,exact_ref,26611.902,1,0,413921,105963776
simless,6,1,enron_full_224421,exact_ref,26611.902,1,0,413921,105963776
simless,5,1,enron_full_226002,no_exact_ref,26473.350,0,92,413921,105963776
simless,6,1,enron_full_226002,no_exact_ref,26473.350,0,92,413921,105963776
simless,4,1,enron_full_226002,no_exact_ref,26473.350,0,92,413921,105963776
simless,6,1,enron_full_226675,exact_ref,26222.909,1,0,413921,105963776
simless,4,1,enron_full_226675,exact_ref,26222.909,1,0,413921,105963776
simless,5,1,enron_full_226675,exact_ref,26222.909,1,0,413921,105963776
simless,4,1,enron_full_227135,exact_ref,26290.705,1,0,413921,105963776
simless,5,1,enron_full_227135,exact_ref,26290.705,1,0,413921,105963776
simless,6,1,enron_full_227135,exact_ref,26290.705,1,0,413921,105963776
simless,5,1,enron_full_227290,no_exact_ref,25664.193,0,49,413921,105963776
simless,6,1,enron_full_227290,no_exact_ref,25664.193,0,49,413921,105963776
simless,4,1,enron_full_227290,no_exact_ref,25664.193,0,49,413921,105963776
simless,6,1,enron_full_227315,exact_ref,25283.187,1,0,413921,105963776
simless,4,1,enron_full_227315,exact_ref,25283.187,1,0,413921,105963776
simless,5,1,enron_full_227315,exact_ref,25283.187,1,0,413921,105963776
simless,4,1,enron_full_227317,no_exact_ref,25453.604,1,0,413921,105963776
simless,5,1,enron_full_227317,no_exact_ref,25453.604,1,0,413921,105963776
simless,6,1,enron_full_227317,no_exact_ref,25453.604,1,0,413921,105963776
simless,5,1,enron_full_227401,exact_ref,26369.794,1,0,413921,105963776
simless,6,1,enron_full_227401,exact_ref,26369.794,1,0,413921,105963776
simless,4,1,enron_full_227401,exact_ref,26369.794,1,0,413921,105963776
simless,6,1,enron_full_227576,exact_ref,26737.492,1,0,413921,105963776
simless,4,1,enron_full_227576,exact_ref,26737.492,1,0,413921,105963776
simless,5,1,enron_full_227576,exact_ref,26737.492,1,0,413921,105963776
simless,4,1,enron_full_228518,exact_ref,25763.521,1,0,413921,105963776
simless,5,1,enron_full_228518,exact_ref,25763.521,1,0,413921,105963776
simless,6,1,enron_full_228518,exact_ref,25763.521,1,0,413921,105963776
simless,5,1,enron_full_228640,exact_ref,25776.724,1,0,413921,105963776
simless,6,1,enron_full_228640,exact_ref,25776.724,1,0,413921,105963776
simless,4,1,enron_full_228640,exact_ref,25776.724,1,0,413921,105963776
simless,6,1,enron_full_229065,exact_ref,25703.523,1,0,413921,105963776
simless,4,1,enron_full_229065,exact_ref,25703.523,1,0,413921,105963776
simless,5,1,enron_full_229065,exact_ref,25703.523,1,0,413921,105963776
simless,4,1,enron_full_229125,exact_ref,26431.523,1,0,413921,105963776
simless,5,1,enron_full_229125,exact_ref,26431.523,1,0,413921,105963776
simless,6,1,enron_full_229125,exact_ref,26431.523,1,0,413921,105963776
simless,5,1,enron_full_230449,exact_ref,26780.728,1,0,413921,105963776
simless,6,1,enron_full_230449,exact_ref,26780.728,1,0,413921,105963776
simless,4,1,enron_full_230449,exact_ref,26780.728,1,0,413921,105963776
simless,6,1,enron_full_230615,exact_ref,25294.220,1,0,413921,105963776
simless,4,1,enron_full_230615,exact_ref,25294.220,1,0,413921,105963776
simless,5,1,enron_full_230615,exact_ref,25294.220,1,0,413921,105963776
simless,4,1,enron_full_231206,exact_ref,25630.258,1,0,413921,105963776
simless,5,1,enron_full_231206,exact_ref,25630.258,1,0,413921,105963776
simless,6,1,enron_full_231206,exact_ref,25630.258,1,0,413921,105963776
simless,5,1,enron_full_232509,exact_ref,24982.416,1,0,413921,105963776
simless,6,1,enron_full_232509,exact_ref,24982.416,1,0,413921,105963776
simless,4,1,enron_full_232509,exact_ref,24982.416,1,0,413921,105963776
simless,6,1,enron_full_232529,exact_ref,25566.000,1,0,413921,105963776
simless,4,1,enron_full_232529,exact_ref,25566.000,1,0,413921,105963776
simless,5,1,enron_full_232529,exact_ref,25566.000,1,0,413921,105963776
simless,4,1,enron_full_232592,exact_ref,25369.338,1,0,413921,105963776
simless,5,1,enron_full_232592,exact_ref,25369.338,1,0,413921,105963776
simless,6,1,enron_full_232592,exact_ref,25369.338,1,0,413921,105963776
simless,5,1,enron_full_232830,exact_ref,25792.766,1,0,413921,105963776
simless,6,1,enron_full_232830,exact_ref,25792.766,1,0,413921,105963776
simless,4,1,enron_full_232830,exact_ref,25792.766,1,0,413921,105963776
simless,6,1,enron_full_232998,exact_ref,26219.152,1,0,413921,105963776
simless,4,1,enron_full_232998,exact_ref,26219.152,1,0,413921,105963776
simless,5,1,enron_full_232998,exact_ref,26219.152,1,0,413921,105963776
simless,4,1,enron_full_233012,exact_ref,26376.542,1,0,413921,105963776
simless,5,1,enron_full_233012,exact_ref,26376.542,1,0,413921,105963776
simless,6,1,enron_full_233012,exact_ref,26376.542,1,0,413921,105963776
simless,5,1,enron_full_233273,exact_ref,26184.919,1,0,413921,105963776
simless,6,1,enron_full_233273,exact_ref,26184.919,1,0,413921,105963776
simless,4,1,enron_full_233273,exact_ref,26184.919,1,0,413921,105963776
simless,6,1,enron_full_233711,exact_ref,26446.381,1,0,413921,105963776
simless,4,1,enron_full_233711,exact_ref,26446.381,1,0,413921,105963776
simless,5,1,enron_full_233711,exact_ref,26446.381,1,0,413921,105963776
simless,4,1,enron_full_233845,exact_ref,26400.023,1,0,413921,105963776
simless,5,1,enron_full_233845,exact_ref,26400.023,1,0,413921,105963776
simless,6,1,enron_full_233845,exact_ref,26400.023,1,0,413921,105963776
simless,5,1,enron_full_234397,exact_ref,26416.859,1,0,413921,105963776
simless,6,1,enron_full_234397,exact_ref,26416.859,1,0,413921,105963776
simless,4,1,enron_full_234397,exact_ref,26416.859,1,0,413921,105963776
simless,6,1,enron_full_235427,exact_ref,26727.726,1,0,413921,105963776
simless,4,1,enron_full_235427,exact_ref,26727.726,1,0,413921,105963776
simless,5,1,enron_full_235427,exact_ref,26727.726,1,0,413921,105963776
simless,4,1,enron_full_237126,exact_ref,26604.369,1,0,413921,105963776
simless,5,1,enron_full_237126,exact_ref,26604.369,1,0,413921,105963776
simless,6,1,enron_full_237126,exact_ref,26604.369,1,0,413921,105963776
simless,5,1,enron_full_238037,exact_ref,25867.367,1,0,413921,105963776
simless,6,1,enron_full_238037,exact_ref,25867.367,1,0,413921,105963776
simless,4,1,enron_full_238037,exact_ref,25867.367,1,0,413921,105963776
simless,6,1,enron_full_238970,exact_ref,25188.551,1,0,413921,105963776
simless,4,1,enron_full_238970,exact_ref,25188.551,1,0,413921,105963776
simless,5,1,enron_full_238970,exact_ref,25188.551,1,0,413921,105963776
simless,4,1,enron_full_239927,exact_ref,25388.999,1,0,413921,105963776
simless,5,1,enron_full_239927,exact_ref,25388.999,1,0,413921,105963776
simless,6,1,enron_full_239927,exact_ref,25388.999,1,0,413921,105963776
simless,5,1,enron_full_240437,exact_ref,24918.022,1,0,413921,105963776
simless,6,1,enron_full_240437,exact_ref,24918.022,1,0,413921,105963776
simless,4,1,enron_full_240437,exact_ref,24918.022,1,0,413921,105963776
simless,6,1,enron_full_240888,exact_ref,25254.219,1,0,413921,105963776
simless,4,1,enron_full_240888,exact_ref,25254.219,1,0,413921,105963776
simless,5,1,enron_full_240888,exact_ref,25254.219,1,0,413921,105963776
simless,4,1,enron_full_241204,exact_ref,25003.192,1,0,413921,105963776
simless,5,1,enron_full_241204,exact_ref,25003.192,1,0,413921,105963776
simless,6,1,enron_full_241204,exact_ref,25003.192,1,0,413921,105963776
simless,5,1,enron_full_242121,exact_ref,25238.433,1,0,413921,105963776
simless,6,1,enron_full_242121,exact_ref,25238.433,1,0,413921,105963776
simless,4,1,enron_full_242121,exact_ref,25238.433,1,0,413921,105963776
simless,6,1,enron_full_242149,exact_ref,25399.484,1,0,413921,105963776
simless,4,1,enron_full_242149,exact_ref,25399.484,1,0,413921,105963776
simless,5,1,enron_full_242149,exact_ref,25399.484,1,0,413921,105963776
simless,4,1,enron_full_242702,exact_ref,25088.258,1,0,413921,105963776
simless,5,1,enron_full_242702,exact_ref,25088.258,1,0,413921,105963776
simless,6,1,enron_full_242702,exact_ref,25088.258,1,0,413921,105963776
simless,5,1,enron_full_242763,exact_ref,25800.140,1,0,413921,105963776
simless,6,1,enron_full_242763,exact_ref,25800.140,1,0,413921,105963776
simless,4,1,enron_full_242763,exact_ref,25800.140,1,0,413921,105963776
simless,6,1,enron_full_243198,exact_ref,25228.304,1,0,413921,105963776
simless,4,1,enron_full_243198,exact_ref,25228.304,1,0,413921,105963776
simless,5,1,enron_full_243198,exact_ref,25228.304,1,0,413921,105963776
simless,4,1,enron_full_243425,exact_ref,26359.805,1,0,413921,105963776
simless,5,1,enron_full_243425,exact_ref,26359.805,1,0,413921,105963776
simless,6,1,enron_full_243425,exact_ref,26359.805,1,0,413921,105963776
simless,5,1,enron_full_244168,no_exact_ref,26723.595,1,0,413921,105963776
simless,6,1,enron_full_244168,no_exact_ref,26723.595,1,0,413921,105963776
simless,4,1,enron_full_244168,no_exact_ref,26723.595,1,0,413921,105963776
simless,6,1,enron_full_244538,exact_ref,26608.533,1,0,413921,105963776
simless,4,1,enron_full_244538,exact_ref,26608.533,1,0,413921,105963776
simless,5,1,enron_full_244538,exact_ref,26608.533,1,0,413921,105963776
simless,4,1,enron_full_244857,exact_ref,26059.767,1,0,413921,105963776
simless,5,1,enron_full_244857,exact_ref,26059.767,1,0,413921,105963776
simless,6,1,enron_full_244857,exact_ref,26059.767,1,0,413921,105963776
simless,5,1,enron_full_244901,exact_ref,25957.805,1,0,413921,105963776
simless,6,1,enron_full_244901,exact_ref,25957.805,1,0,413921,105963776
simless,4,1,enron_full_244901,exact_ref,25957.805,1,0,413921,105963776
simless,6,1,enron_full_244915,exact_ref,24462.143,1,0,413921,105963776
simless,4,1,enron_full_244915,exact_ref,24462.143,1,0,413921,105963776
simless,5,1,enron_full_244915,exact_ref,24462.143,1,0,413921,105963776
simless,4,1,enron_full_245469,exact_ref,25952.505,1,0,413921,105963776
simless,5,1,enron_full_245469,exact_ref,25952.505,1,0,413921,105963776
simless,6,1,enron_full_245469,exact_ref,25952.505,1,0,413921,105963776
simless,5,1,enron_full_246185,exact_ref,26479.155,1,0,413921,105963776
simless,6,1,enron_full_246185,exact_ref,26479.155,1,0,413921,105963776
simless,4,1,enron_full_246185,exact_ref,26479.155,1,0,413921,105963776
simless,6,1,enron_full_246287,exact_ref,26842.944,1,0,413921,105963776
simless,4,1,enron_full_246287,exact_ref,26842.944,1,0,413921,105963776
simless,5,1,enron_full_246287,exact_ref,26842.944,1,0,413921,105963776
simless,4,1,enron_full_246288,exact_ref,26451.564,1,0,413921,105963776
simless,5,1,enron_full_246288,exact_ref,26451.564,1,0,413921,105963776
simless,6,1,enron_full_246288,exact_ref,26451.564,1,0,413921,105963776
simless,5,1,enron_full_246340,exact_ref,26402.058,1,0,413921,105963776
simless,6,1,enron_full_246340,exact_ref,26402.058,1,0,413921,105963776
simless,4,1,enron_full_246340,exact_ref,26402.058,1,0,413921,105963776
simless,6,1,enron_full_246689,exact_ref,25878.189,1,0,413921,105963776
simless,4,1,enron_full_246689,exact_ref,25878.189,1,0,413921,105963776
simless,5,1,enron_full_246689,exact_ref,25878.189,1,0,413921,105963776
simless,4,1,enron_full_246896,exact_ref,24918.586,1,0,413921,105963776
simless,5,1,enron_full_246896,exact_ref,24918.586,1,0,413921,105963776
simless,6,1,enron_full_246896,exact_ref,24918.586,1,0,413921,105963776
simless,5,1,enron_full_247095,exact_ref,25721.167,1,0,413921,105963776
simless,6,1,enron_full_247095,exact_ref,25721.167,1,0,413921,105963776
simless,4,1,enron_full_247095,exact_ref,25721.167,1,0,413921,105963776
simless,6,1,enron_full_247286,exact_ref,27779.911,1,0,413921,105963776
simless,4,1,enron_full_247286,exact_ref,27779.911,1,0,413921,105963776
simless,5,1,enron_full_247286,exact_ref,27779.911,1,0,413921,105963776
simless,4,1,enron_full_247295,exact_ref,26846.819,1,0,413921,105963776
simless,5,1,enron_full_247295,exact_ref,26846.819,1,0,413921,105963776
simless,6,1,enron_full_247295,exact_ref,26846.819,1,0,413921,105963776
simless,5,1,enron_full_247605,exact_ref,26193.494,1,0,413921,105963776
simless,6,1,enron_full_247605,exact_ref,26193.494,1,0,413921,105963776
simless,4,1,enron_full_247605,exact_ref,26193.494,1,0,413921,105963776
simless,6,1,enron_full_247963,exact_ref,26044.267,1,0,413921,105963776
simless,4,1,enron_full_247963,exact_ref,26044.267,1,0,413921,105963776
simless,5,1,enron_full_247963,exact_ref,26044.267,1,0,413921,105963776
simless,4,1,enron_full_248460,exact_ref,25746.306,1,0,413921,105963776
simless,5,1,enron_full_248460,exact_ref,25746.306,1,0,413921,105963776
simless,6,1,enron_full_248460,exact_ref,25746.306,1,0,413921,105963776
simless,5,1,enron_full_248776,no_exact_ref,25640.615,1,0,413921,105963776
simless,6,1,enron_full_248776,no_exact_ref,25640.615,1,0,413921,105963776
simless,4,1,enron_full_248776,no_exact_ref,25640.615,1,0,413921,105963776
simless,6,1,enron_full_249257,no_exact_ref,26053.559,0,91,413921,105963776
simless,4,1,enron_full_249257,no_exact_ref,26053.559,0,91,413921,105963776
simless,5,1,enron_full_249257,no_exact_ref,26053.559,0,91,413921,105963776
simless,4,1,enron_full_250519,exact_ref,26420.175,1,0,413921,105963776
simless,5,1,enron_full_250519,exact_ref,26420.175,1,0,413921,105963776
simless,6,1,enron_full_250519,exact_ref,26420.175,1,0,413921,105963776
simless,5,1,enron_full_250725,exact_ref,26596.692,1,0,413921,105963776
simless,6,1,enron_full_250725,exact_ref,26596.692,1,0,413921,105963776
simless,4,1,enron_full_250725,exact_ref,26596.692,1,0,413921,105963776
simless,6,1,enron_full_252462,no_exact_ref,25771.210,0,60,413921,105963776
simless,4,1,enron_full_252462,no_exact_ref,25771.210,0,60,413921,105963776
simless,5,1,enron_full_252462,no_exact_ref,25771.210,0,60,413921,105963776
simless,4,1,enron_full_253509,no_exact_ref,25658.141,0,40,413921,105963776
simless,5,1,enron_full_253509,no_exact_ref,25658.141,0,40,413921,105963776
simless,6,1,enron_full_253509,no_exact_ref,25658.141,0,40,413921,105963776
simless,5,1,enron_full_253676,exact_ref,25941.993,1,0,413921,105963776
simless,6,1,enron_full_253676,exact_ref,25941.993,1,0,413921,105963776
simless,4,1,enron_full_253676,exact_ref,25941.993,1,0,413921,105963776
simless,6,1,enron_full_253776,exact_ref,25477.170,1,0,413921,105963776
simless,4,1,enron_full_253776,exact_ref,25477.170,1,0,413921,105963776
simless,5,1,enron_full_253776,exact_ref,25477.170,1,0,413921,105963776
simless,4,1,enron_full_253875,exact_ref,25936.031,1,0,413921,105963776
simless,5,1,enron_full_253875,exact_ref,25936.031,1,0,413921,105963776
simless,6,1,enron_full_253875,exact_ref,25936.031,1,0,413921,105963776
simless,5,1,enron_full_254022,exact_ref,26456.823,1,0,413921,105963776
simless,6,1,enron_full_254022,exact_ref,26456.823,1,0,413921,105963776
simless,4,1,enron_full_254022,exact_ref,26456.823,1,0,413921,105963776
simless,6,1,enron_full_254732,exact_ref,26464.190,1,0,413921,105963776
simless,4,1,enron_full_254732,exact_ref,26464.190,1,0,413921,105963776
simless,5,1,enron_full_254732,exact_ref,26464.190,1,0,413921,105963776
simless,4,1,enron_full_254813,exact_ref,28477.686,1,0,413921,105963776
simless,5,1,enron_full_254813,exact_ref,28477.686,1,0,413921,105963776
simless,6,1,enron_full_254813,exact_ref,28477.686,1,0,413921,105963776
simless,5,1,enron_full_254930,no_exact_ref,27318.065,0,36,413921,105963776
simless,6,1,enron_full_254930,no_exact_ref,27318.065,0,36,413921,105963776
simless,4,1,enron_full_254930,no_exact_ref,27318.065,0,36,413921,105963776
simless,6,1,enron_full_256359,no_exact_ref,31125.095,0,75,413921,105963776
simless,4,1,enron_full_256359,no_exact_ref,31125.095,0,75,413921,105963776
simless,5,1,enron_full_256359,no_exact_ref,31125.095,0,75,413921,105963776
simless,4,1,enron_full_256719,no_exact_ref,27383.425,0,65,413921,105963776
simless,5,1,enron_full_256719,no_exact_ref,27383.425,0,65,413921,105963776
simless,6,1,enron_full_256719,no_exact_ref,27383.425,0,65,413921,105963776
simless,5,1,enron_full_257223,no_exact_ref,30326.511,0,14,413921,105963776
simless,6,1,enron_full_257223,no_exact_ref,30326.511,0,14,413921,105963776
simless,4,1,enron_full_257223,no_exact_ref,30326.511,0,14,413921,105963776
simless,6,1,enron_full_257476,no_exact_ref,27890.670,0,89,413921,105963776
simless,4,1,enron_full_257476,no_exact_ref,27890.670,0,89,413921,105963776
simless,5,1,enron_full_257476,no_exact_ref,27890.670,0,89,413921,105963776
simless,4,1,enron_full_257526,no_exact_ref,26106.347,0,91,413921,105963776
simless,5,1,enron_full_257526,no_exact_ref,26106.347,0,91,413921,105963776
simless,6,1,enron_full_257526,no_exact_ref,26106.347,0,91,413921,105963776
simless,5,1,enron_full_258106,no_exact_ref,29634.507,0,92,413921,105963776
simless,6,1,enron_full_258106,no_exact_ref,29634.507,0,92,413921,105963776
simless,4,1,enron_full_258106,no_exact_ref,29634.507,0,92,413921,105963776
simless,6,1,enron_full_258436,no_exact_ref,26405.814,0,32,413921,105963776
simless,4,1,enron_full_258436,no_exact_ref,26405.814,0,32,413921,105963776
simless,5,1,enron_full_258436,no_exact_ref,26405.814,0,32,413921,105963776
simless,4,1,enron_full_259050,exact_ref,26185.130,1,0,413921,105963776
simless,5,1,enron_full_259050,exact_ref,26185.130,1,0,413921,105963776
simless,6,1,enron_full_259050,exact_ref,26185.130,1,0,413921,105963776
simless,5,1,enron_full_259076,no_exact_ref,29585.760,0,65,413921,105963776
simless,6,1,enron_full_259076,no_exact_ref,29585.760,0,65,413921,105963776
simless,4,1,enron_full_259076,no_exact_ref,29585.760,0,65,413921,105963776
simless,6,1,enron_full_259321,exact_ref,27875.615,1,0,413921,105963776
simless,4,1,enron_full_259321,exact_ref,27875.615,1,0,413921,105963776
simless,5,1,enron_full_259321,exact_ref,27875.615,1,0,413921,105963776
simless,4,1,enron_full_260192,exact_ref,31180.479,1,0,413921,105963776
simless,5,1,enron_full_260192,exact_ref,31180.479,1,0,413921,105963776
simless,6,1,enron_full_260192,exact_ref,31180.479,1,0,413921,105963776
simless,5,1,enron_full_261884,no_exact_ref,29025.446,0,77,413921,105963776
simless,6,1,enron_full_261884,no_exact_ref,29025.446,0,77,413921,105963776
simless,4,1,enron_full_261884,no_exact_ref,29025.446,0,77,413921,105963776
simless,6,1,enron_full_262514,exact_ref,27521.543,1,0,413921,105963776
simless,4,1,enron_full_262514,exact_ref,27521.543,1,0,413921,105963776
simless,5,1,enron_full_262514,exact_ref,27521.543,1,0,413921,105963776
simless,4,1,enron_full_262785,no_exact_ref,31335.096,0,90,413921,105963776
simless,5,1,enron_full_262785,no_exact_ref,31335.096,0,90,413921,105963776
simless,6,1,enron_full_262785,no_exact_ref,31335.096,0,90,413921,105963776
simless,5,1,enron_full_263240,exact_ref,26029.808,1,0,413921,105963776
simless,6,1,enron_full_263240,exact_ref,26029.808,1,0,413921,105963776
simless,4,1,enron_full_263240,exact_ref,26029.808,1,0,413921,105963776
simless,6,1,enron_full_264723,no_exact_ref,24206.233,0,65,413921,105963776
simless,4,1,enron_full_264723,no_exact_ref,24206.233,0,65,413921,105963776
simless,5,1,enron_full_264723,no_exact_ref,24206.233,0,65,413921,105963776
simless,4,1,enron_full_265023,exact_ref,24446.126,1,0,413921,105963776
simless,5,1,enron_full_265023,exact_ref,24446.126,1,0,413921,105963776
simless,6,1,enron_full_265023,exact_ref,24446.126,1,0,413921,105963776
simless,5,1,enron_full_265448,exact_ref,28844.419,1,0,413921,105963776
simless,6,1,enron_full_265448,exact_ref,28844.419,1,0,413921,105963776
simless,4,1,enron_full_265448,exact_ref,28844.419,1,0,413921,105963776
simless,6,1,enron_full_265746,exact_ref,26766.886,1,0,413921,105963776
simless,4,1,enron_full_265746,exact_ref,26766.886,1,0,413921,105963776
simless,5,1,enron_full_265746,exact_ref,26766.886,1,0,413921,105963776
simless,4,1,enron_full_265774,exact_ref,26175.275,1,0,413921,105963776
simless,5,1,enron_full_265774,exact_ref,26175.275,1,0,413921,105963776
simless,6,1,enron_full_265774,exact_ref,26175.275,1,0,413921,105963776
simless,5,1,enron_full_266026,exact_ref,31367.853,1,0,413921,105963776
simless,6,1,enron_full_266026,exact_ref,31367.853,1,0,413921,105963776
simless,4,1,enron_full_266026,exact_ref,31367.853,1,0,413921,105963776
simless,6,1,enron_full_266097,no_exact_ref,29272.950,0,77,413921,105963776
simless,4,1,enron_full_266097,no_exact_ref,29272.950,0,77,413921,105963776
simless,5,1,enron_full_266097,no_exact_ref,29272.950,0,77,413921,105963776
simless,4,1,enron_full_267067,exact_ref,31030.200,1,0,413921,105963776
simless,5,1,enron_full_267067,exact_ref,31030.200,1,0,413921,105963776
simless,6,1,enron_full_267067,exact_ref,31030.200,1,0,413921,105963776
simless,5,1,enron_full_267198,exact_ref,30202.345,1,0,413921,105963776
simless,6,1,enron_full_267198,exact_ref,30202.345,1,0,413921,105963776
simless,4,1,enron_full_267198,exact_ref,30202.345,1,0,413921,105963776
simless,6,1,enron_full_268981,exact_ref,26321.859,1,0,413921,105963776
simless,4,1,enron_full_268981,exact_ref,26321.859,1,0,413921,105963776
simless,5,1,enron_full_268981,exact_ref,26321.859,1,0,413921,105963776
simless,4,1,enron_full_269702,no_exact_ref,26463.664,0,10,413921,105963776
simless,5,1,enron_full_269702,no_exact_ref,26463.664,0,10,413921,105963776
simless,6,1,enron_full_269702,no_exact_ref,26463.664,0,10,413921,105963776
simless,5,1,enron_full_270257,no_exact_ref,29202.686,0,15,413921,105963776
simless,6,1,enron_full_270257,no_exact_ref,29202.686,0,15,413921,105963776
simless,4,1,enron_full_270257,no_exact_ref,29202.686,0,15,413921,105963776
simless,6,1,enron_full_270526,exact_ref,25978.099,1,0,413921,105963776
simless,4,1,enron_full_270526,exact_ref,25978.099,1,0,413921,105963776
simless,5,1,enron_full_270526,exact_ref,25978.099,1,0,413921,105963776
simless,4,1,enron_full_271097,exact_ref,24986.715,1,0,413921,105963776
simless,5,1,enron_full_271097,exact_ref,24986.715,1,0,413921,105963776
simless,6,1,enron_full_271097,exact_ref,24986.715,1,0,413921,105963776
simless,5,1,enron_full_271232,exact_ref,30168.346,1,0,413921,105963776
simless,6,1,enron_full_271232,exact_ref,30168.346,1,0,413921,105963776
simless,4,1,enron_full_271232,exact_ref,30168.346,1,0,413921,105963776
simless,6,1,enron_full_272570,no_exact_ref,26650.578,0,94,413921,105963776
simless,4,1,enron_full_272570,no_exact_ref,26650.578,0,94,413921,105963776
simless,5,1,enron_full_272570,no_exact_ref,26650.578,0,94,413921,105963776
simless,4,1,enron_full_273248,exact_ref,24937.998,1,0,413921,105963776
simless,5,1,enron_full_273248,exact_ref,24937.998,1,0,413921,105963776
simless,6,1,enron_full_273248,exact_ref,24937.998,1,0,413921,105963776
simless,5,1,enron_full_273363,exact_ref,28607.484,1,0,413921,105963776
simless,6,1,enron_full_273363,exact_ref,28607.484,1,0,413921,105963776
simless,4,1,enron_full_273363,exact_ref,28607.484,1,0,413921,105963776
simless,6,1,enron_full_273791,exact_ref,28151.950,1,0,413921,105963776
simless,4,1,enron_full_273791,exact_ref,28151.950,1,0,413921,105963776
simless,5,1,enron_full_273791,exact_ref,28151.950,1,0,413921,105963776
simless,4,1,enron_full_273820,exact_ref,26007.817,1,0,413921,105963776
simless,5,1,enron_full_273820,exact_ref,26007.817,1,0,413921,105963776
simless,6,1,enron_full_273820,exact_ref,26007.817,1,0,413921,105963776
simless,5,1,enron_full_273961,exact_ref,31153.805,1,0,413921,105963776
simless,6,1,enron_full_273961,exact_ref,31153.805,1,0,413921,105963776
simless,4,1,enron_full_273961,exact_ref,31153.805,1,0,413921,105963776
simless,6,1,enron_full_274206,exact_ref,27288.913,1,0,413921,105963776
simless,4,1,enron_full_274206,exact_ref,27288.913,1,0,413921,105963776
simless,5,1,enron_full_274206,exact_ref,27288.913,1,0,413921,105963776
simless,4,1,enron_full_274561,exact_ref,25140.479,1,0,413921,105963776
simless,5,1,enron_full_274561,exact_ref,25140.479,1,0,413921,105963776
simless,6,1,enron_full_274561,exact_ref,25140.479,1,0,413921,105963776
simless,5,1,enron_full_274757,exact_ref,24931.104,1,0,413921,105963776
simless,6,1,enron_full_274757,exact_ref,24931.104,1,0,413921,105963776
simless,4,1,enron_full_274757,exact_ref,24931.104,1,0,413921,105963776
simless,6,1,enron_full_274786,no_exact_ref,24149.261,0,89,413921,105963776
simless,4,1,enron_full_274786,no_exact_ref,24149.261,0,89,413921,105963776
simless,5,1,enron_full_274786,no_exact_ref,24149.261,0,89,413921,105963776
simless,4,1,enron_full_275183,no_exact_ref,24956.810,0,91,413921,105963776
simless,5,1,enron_full_275183,no_exact_ref,24956.810,0,91,413921,105963776
simless,6,1,enron_full_275183,no_exact_ref,24956.810,0,91,413921,105963776
simless,5,1,enron_full_275570,exact_ref,25489.752,1,0,413921,105963776
simless,6,1,enron_full_275570,exact_ref,25489.752,1,0,413921,105963776
simless,4,1,enron_full_275570,exact_ref,25489.752,1,0,413921,105963776
simless,6,1,enron_full_276028,no_exact_ref,26139.373,0,41,413921,105963776
simless,4,1,enron_full_276028,no_exact_ref,26139.373,0,41,413921,105963776
simless,5,1,enron_full_276028,no_exact_ref,26139.373,0,41,413921,105963776
simless,4,1,enron_full_276324,exact_ref,25796.847,1,0,413921,105963776
simless,5,1,enron_full_276324,exact_ref,25796.847,1,0,413921,105963776
simless,6,1,enron_full_276324,exact_ref,25796.847,1,0,413921,105963776
simless,5,1,enron_full_276342,exact_ref,25806.315,1,0,413921,105963776
simless,6,1,enron_full_276342,exact_ref,25806.315,1,0,413921,105963776
simless,4,1,enron_full_276342,exact_ref,25806.315,1,0,413921,105963776
simless,6,1,enron_full_277439,no_exact_ref,24957.542,0,87,413921,105963776
simless,4,1,enron_full_277439,no_exact_ref,24957.542,0,87,413921,105963776
simless,5,1,enron_full_277439,no_exact_ref,24957.542,0,87,413921,105963776
simless,4,1,enron_full_277990,exact_ref,24498.350,1,0,413921,105963776
simless,5,1,enron_full_277990,exact_ref,24498.350,1,0,413921,105963776
simless,6,1,enron_full_277990,exact_ref,24498.350,1,0,413921,105963776
simless,5,1,enron_full_278811,exact_ref,24482.113,1,0,413921,105963776
simless,6,1,enron_full_278811,exact_ref,24482.113,1,0,413921,105963776
simless,4,1,enron_full_278811,exact_ref,24482.113,1,0,413921,105963776
simless,6,1,enron_full_279563,no_exact_ref,24572.642,1,0,413921,105963776
simless,4,1,enron_full_279563,no_exact_ref,24572.642,1,0,413921,105963776
simless,5,1,enron_full_279563,no_exact_ref,24572.642,1,0,413921,105963776
simless,4,1,enron_full_279751,exact_ref,26260.636,1,0,413921,105963776
simless,5,1,enron_full_279751,exact_ref,26260.636,1,0,413921,105963776
simless,6,1,enron_full_279751,exact_ref,26260.636,1,0,413921,105963776
simless,5,1,enron_full_280423,no_exact_ref,26239.154,0,67,413921,105963776
simless,6,1,enron_full_280423,no_exact_ref,26239.154,0,67,413921,105963776
simless,4,1,enron_full_280423,no_exact_ref,26239.154,0,67,413921,105963776
simless,6,1,enron_full_280603,no_exact_ref,25928.277,0,92,413921,105963776
simless,4,1,enron_full_280603,no_exact_ref,25928.277,0,92,413921,105963776
simless,5,1,enron_full_280603,no_exact_ref,25928.277,0,92,413921,105963776
simless,4,1,enron_full_281547,no_exact_ref,26188.562,0,84,413921,105963776
simless,5,1,enron_full_281547,no_exact_ref,26188.562,0,84,413921,105963776
simless,6,1,enron_full_281547,no_exact_ref,26188.562,0,84,413921,105963776
simless,5,1,enron_full_282395,exact_ref,25481.024,1,0,413921,105963776
simless,6,1,enron_full_282395,exact_ref,25481.024,1,0,413921,105963776
simless,4,1,enron_full_282395,exact_ref,25481.024,1,0,413921,105963776
simless,6,1,enron_full_283356,exact_ref,26497.294,1,0,413921,105963776
simless,4,1,enron_full_283356,exact_ref,26497.294,1,0,413921,105963776
simless,5,1,enron_full_283356,exact_ref,26497.294,1,0,413921,105963776
simless,4,1,enron_full_283839,exact_ref,25736.533,1,0,413921,105963776
simless,5,1,enron_full_283839,exact_ref,25736.533,1,0,413921,105963776
simless,6,1,enron_full_283839,exact_ref,25736.533,1,0,413921,105963776
simless,5,1,enron_full_283868,exact_ref,26017.898,1,0,413921,105963776
simless,6,1,enron_full_283868,exact_ref,26017.898,1,0,413921,105963776
simless,4,1,enron_full_283868,exact_ref,26017.898,1,0,413921,105963776
simless,6,1,enron_full_284197,exact_ref,26631.698,1,0,413921,105963776
simless,4,1,enron_full_284197,exact_ref,26631.698,1,0,413921,105963776
simless,5,1,enron_full_284197,exact_ref,26631.698,1,0,413921,105963776
simless,4,1,enron_full_284956,exact_ref,25732.646,1,0,413921,105963776
simless,5,1,enron_full_284956,exact_ref,25732.646,1,0,413921,105963776
simless,6,1,enron_full_284956,exact_ref,25732.646,1,0,413921,105963776
simless,5,1,enron_full_285559,exact_ref,26160.862,1,0,413921,105963776
simless,6,1,enron_full_285559,exact_ref,26160.862,1,0,413921,105963776
simless,4,1,enron_full_285559,exact_ref,26160.862,1,0,413921,105963776
simless,6,1,enron_full_286024,exact_ref,26173.523,1,0,413921,105963776
simless,4,1,enron_full_286024,exact_ref,26173.523,1,0,413921,105963776
simless,5,1,enron_full_286024,exact_ref,26173.523,1,0,413921,105963776
simless,4,1,enron_full_286036,exact_ref,26456.691,1,0,413921,105963776
simless,5,1,enron_full_286036,exact_ref,26456.691,1,0,413921,105963776
simless,6,1,enron_full_286036,exact_ref,26456.691,1,0,413921,105963776
simless,5,1,enron_full_286164,exact_ref,26949.476,1,0,413921,105963776
simless,6,1,enron_full_286164,exact_ref,26949.476,1,0,413921,105963776
simless,4,1,enron_full_286164,exact_ref,26949.476,1,0,413921,105963776
simless,6,1,enron_full_286899,exact_ref,28947.099,1,0,413921,105963776
simless,4,1,enron_full_286899,exact_ref,28947.099,1,0,413921,105963776
simless,5,1,enron_full_286899,exact_ref,28947.099,1,0,413921,105963776
simless,4,1,enron_full_287012,no_exact_ref,31802.763,0,64,413921,105963776
simless,5,1,enron_full_287012,no_exact_ref,31802.763,0,64,413921,105963776
simless,6,1,enron_full_287012,no_exact_ref,31802.763,0,64,413921,105963776
simless,5,1,enron_full_287512,exact_ref,26210.842,1,0,413921,105963776
simless,6,1,enron_full_287512,exact_ref,26210.842,1,0,413921,105963776
simless,4,1,enron_full_287512,exact_ref,26210.842,1,0,413921,105963776
simless,6,1,enron_full_287655,exact_ref,25547.357,1,0,413921,105963776
simless,4,1,enron_full_287655,exact_ref,25547.357,1,0,413921,105963776
simless,5,1,enron_full_287655,exact_ref,25547.357,1,0,413921,105963776
simless,4,1,enron_full_287736,exact_ref,26096.040,1,0,413921,105963776
simless,5,1,enron_full_287736,exact_ref,26096.040,1,0,413921,105963776
simless,6,1,enron_full_287736,exact_ref,26096.040,1,0,413921,105963776
simless,5,1,enron_full_287760,exact_ref,26589.860,1,0,413921,105963776
simless,6,1,enron_full_287760,exact_ref,26589.860,1,0,413921,105963776
simless,4,1,enron_full_287760,exact_ref,26589.860,1,0,413921,105963776
simless,6,1,enron_full_287778,exact_ref,24967.403,1,0,413921,105963776
simless,4,1,enron_full_287778,exact_ref,24967.403,1,0,413921,105963776
simless,5,1,enron_full_287778,exact_ref,24967.403,1,0,413921,105963776
simless,4,1,enron_full_288938,exact_ref,24563.493,1,0,413921,105963776
simless,5,1,enron_full_288938,exact_ref,24563.493,1,0,413921,105963776
simless,6,1,enron_full_288938,exact_ref,24563.493,1,0,413921,105963776
simless,5,1,enron_full_289243,no_exact_ref,26270.974,0,48,413921,105963776
simless,6,1,enron_full_289243,no_exact_ref,26270.974,0,48,413921,105963776
simless,4,1,enron_full_289243,no_exact_ref,26270.974,0,48,413921,105963776
simless,6,1,enron_full_291054,no_exact_ref,24829.230,0,48,413921,105963776
simless,4,1,enron_full_291054,no_exact_ref,24829.230,0,48,413921,105963776
simless,5,1,enron_full_291054,no_exact_ref,24829.230,0,48,413921,105963776
simless,4,1,enron_full_291275,no_exact_ref,25063.438,0,37,413921,105963776
simless,5,1,enron_full_291275,no_exact_ref,25063.438,0,37,413921,105963776
simless,6,1,enron_full_291275,no_exact_ref,25063.438,0,37,413921,105963776
simless,5,1,enron_full_291375,no_exact_ref,26394.726,0,46,413921,105963776
simless,6,1,enron_full_291375,no_exact_ref,26394.726,0,46,413921,105963776
simless,4,1,enron_full_291375,no_exact_ref,26394.726,0,46,413921,105963776
simless,6,1,enron_full_291790,exact_ref,30360.933,1,0,413921,105963776
simless,4,1,enron_full_291790,exact_ref,30360.933,1,0,413921,105963776
simless,5,1,enron_full_291790,exact_ref,30360.933,1,0,413921,105963776
simless,4,1,enron_full_292561,exact_ref,27270.671,1,0,413921,105963776
simless,5,1,enron_full_292561,exact_ref,27270.671,1,0,413921,105963776
simless,6,1,enron_full_292561,exact_ref,27270.671,1,0,413921,105963776
simless,5,1,enron_full_292656,exact_ref,27232.488,1,0,413921,105963776
simless,6,1,enron_full_292656,exact_ref,27232.488,1,0,413921,105963776
simless,4,1,enron_full_292656,exact_ref,27232.488,1,0,413921,105963776
simless,6,1,enron_full_293066,exact_ref,29383.941,1,0,413921,105963776
simless,4,1,enron_full_293066,exact_ref,29383.941,1,0,413921,105963776
simless,5,1,enron_full_293066,exact_ref,29383.941,1,0,413921,105963776
simless,4,1,enron_full_293083,exact_ref,29570.296,1,0,413921,105963776
simless,5,1,enron_full_293083,exact_ref,29570.296,1,0,413921,105963776
simless,6,1,enron_full_293083,exact_ref,29570.296,1,0,413921,105963776
simless,5,1,enron_full_293619,exact_ref,27333.986,1,0,413921,105963776
simless,6,1,enron_full_293619,exact_ref,27333.986,1,0,413921,105963776
simless,4,1,enron_full_293619,exact_ref,27333.986,1,0,413921,105963776
simless,6,1,enron_full_293948,no_exact_ref,25170.903,0,19,413921,105963776
simless,4,1,enron_full_293948,no_exact_ref,25170.903,0,19,413921,105963776
simless,5,1,enron_full_293948,no_exact_ref,25170.903,0,19,413921,105963776
simless,4,1,enron_full_293985,exact_ref,24930.119,1,0,413921,105963776
simless,5,1,enron_full_293985,exact_ref,24930.119,1,0,413921,105963776
simless,6,1,enron_full_293985,exact_ref,24930.119,1,0,413921,105963776
simless,5,1,enron_full_295023,exact_ref,25666.676,1,0,413921,105963776
simless,6,1,enron_full_295023,exact_ref,25666.676,1,0,413921,105963776
simless,4,1,enron_full_295023,exact_ref,25666.676,1,0,413921,105963776
simless,6,1,enron_full_295246,no_exact_ref,29042.304,0,19,413921,105963776
simless,4,1,enron_full_295246,no_exact_ref,29042.304,0,19,413921,105963776
simless,5,1,enron_full_295246,no_exact_ref,29042.304,0,19,413921,105963776
simless,4,1,enron_full_296957,no_exact_ref,26163.545,0,14,413921,105963776
simless,5,1,enron_full_296957,no_exact_ref,26163.545,0,14,413921,105963776
simless,6,1,enron_full_296957,no_exact_ref,26163.545,0,14,413921,105963776
simless,5,1,enron_full_298392,no_exact_ref,28817.156,0,60,413921,105963776
simless,6,1,enron_full_298392,no_exact_ref,28817.156,0,60,413921,105963776
simless,4,1,enron_full_298392,no_exact_ref,28817.156,0,60,413921,105963776
simless,6,1,enron_full_298764,no_exact_ref,30202.897,0,40,413921,105963776
simless,4,1,enron_full_298764,no_exact_ref,30202.897,0,40,413921,105963776
simless,5,1,enron_full_298764,no_exact_ref,30202.897,0,40,413921,105963776
simless,4,1,enron_full_299033,no_exact_ref,27879.600,0,64,413921,105963776
simless,5,1,enron_full_299033,no_exact_ref,27879.600,0,64,413921,105963776
simless,6,1,enron_full_299033,no_exact_ref,27879.600,0,64,413921,105963776
simless,5,1,enron_full_299289,exact_ref,31521.190,1,0,413921,105963776
simless,6,1,enron_full_299289,exact_ref,31521.190,1,0,413921,105963776
simless,4,1,enron_full_299289,exact_ref,31521.190,1,0,413921,105963776
simless,6,1,enron_full_299345,exact_ref,28800.445,1,0,413921,105963776
simless,4,1,enron_full_299345,exact_ref,28800.445,1,0,413921,105963776
simless,5,1,enron_full_299345,exact_ref,28800.445,1,0,413921,105963776
simless,4,1,enron_full_299690,exact_ref,26740.424,1,0,413921,105963776
simless,5,1,enron_full_299690,exact_ref,26740.424,1,0,413921,105963776
simless,6,1,enron_full_299690,exact_ref,26740.424,1,0,413921,105963776
simless,5,1,enron_full_300310,exact_ref,30038.344,1,0,413921,105963776
simless,6,1,enron_full_300310,exact_ref,30038.344,1,0,413921,105963776
simless,4,1,enron_full_300310,exact_ref,30038.344,1,0,413921,105963776
simless,6,1,enron_full_300702,exact_ref,27202.589,1,0,413921,105963776
simless,4,1,enron_full_300702,exact_ref,27202.589,1,0,413921,105963776
simless,5,1,enron_full_300702,exact_ref,27202.589,1,0,413921,105963776
simless,4,1,enron_full_301521,exact_ref,26445.798,1,0,413921,105963776
simless,5,1,enron_full_301521,exact_ref,26445.798,1,0,413921,105963776
simless,6,1,enron_full_301521,exact_ref,26445.798,1,0,413921,105963776
simless,5,1,enron_full_301926,exact_ref,30234.617,1,0,413921,105963776
simless,6,1,enron_full_301926,exact_ref,30234.617,1,0,413921,105963776
simless,4,1,enron_full_301926,exact_ref,30234.617,1,0,413921,105963776
simless,6,1,enron_full_302529,exact_ref,28052.199,1,0,413921,105963776
simless,4,1,enron_full_302529,exact_ref,28052.199,1,0,413921,105963776
simless,5,1,enron_full_302529,exact_ref,28052.199,1,0,413921,105963776
simless,4,1,enron_full_303527,exact_ref,26292.885,1,0,413921,105963776
simless,5,1,enron_full_303527,exact_ref,26292.885,1,0,413921,105963776
simless,6,1,enron_full_303527,exact_ref,26292.885,1,0,413921,105963776
simless,5,1,enron_full_304134,exact_ref,26674.302,1,0,413921,105963776
simless,6,1,enron_full_304134,exact_ref,26674.302,1,0,413921,105963776
simless,4,1,enron_full_304134,exact_ref,26674.302,1,0,413921,105963776
simless,6,1,enron_full_304324,exact_ref,26926.907,1,0,413921,105963776
simless,4,1,enron_full_304324,exact_ref,26926.907,1,0,413921,105963776
simless,5,1,enron_full_304324,exact_ref,26926.907,1,0,413921,105963776
simless,4,1,enron_full_305112,exact_ref,30663.935,1,0,413921,105963776
simless,5,1,enron_full_305112,exact_ref,30663.935,1,0,413921,105963776
simless,6,1,enron_full_305112,exact_ref,30663.935,1,0,413921,105963776
simless,5,1,enron_full_305491,exact_ref,27101.813,1,0,413921,105963776
simless,6,1,enron_full_305491,exact_ref,27101.813,1,0,413921,105963776
simless,4,1,enron_full_305491,exact_ref,27101.813,1,0,413921,105963776
simless,6,1,enron_full_305595,exact_ref,27564.237,1,0,413921,105963776
simless,4,1,enron_full_305595,exact_ref,27564.237,1,0,413921,105963776
simless,5,1,enron_full_305595,exact_ref,27564.237,1,0,413921,105963776
simless,4,1,enron_full_306022,exact_ref,28529.222,1,0,413921,105963776
simless,5,1,enron_full_306022,exact_ref,28529.222,1,0,413921,105963776
simless,6,1,enron_full_306022,exact_ref,28529.222,1,0,413921,105963776
simless,5,1,enron_full_306282,exact_ref,29504.812,1,0,413921,105963776
simless,6,1,enron_full_306282,exact_ref,29504.812,1,0,413921,105963776
simless,4,1,enron_full_306282,exact_ref,29504.812,1,0,413921,105963776
simless,6,1,enron_full_306838,exact_ref,26558.436,1,0,413921,105963776
simless,4,1,enron_full_306838,exact_ref,26558.436,1,0,413921,105963776
simless,5,1,enron_full_306838,exact_ref,26558.436,1,0,413921,105963776
simless,4,1,enron_full_306879,exact_ref,27211.156,1,0,413921,105963776
simless,5,1,enron_full_306879,exact_ref,27211.156,1,0,413921,105963776
simless,6,1,enron_full_306879,exact_ref,27211.156,1,0,413921,105963776
simless,5,1,enron_full_307066,exact_ref,26463.926,1,0,413921,105963776
simless,6,1,enron_full_307066,exact_ref,26463.926,1,0,413921,105963776
simless,4,1,enron_full_307066,exact_ref,26463.926,1,0,413921,105963776
simless,6,1,enron_full_307536,exact_ref,26497.647,1,0,413921,105963776
simless,4,1,enron_full_307536,exact_ref,26497.647,1,0,413921,105963776
simless,5,1,enron_full_307536,exact_ref,26497.647,1,0,413921,105963776
simless,4,1,enron_full_307959,exact_ref,31076.451,1,0,413921,105963776
simless,5,1,enron_full_307959,exact_ref,31076.451,1,0,413921,105963776
simless,6,1,enron_full_307959,exact_ref,31076.451,1,0,413921,105963776
simless,5,1,enron_full_308283,exact_ref,30551.033,1,0,413921,105963776
simless,6,1,enron_full_308283,exact_ref,30551.033,1,0,413921,105963776
simless,4,1,enron_full_308283,exact_ref,30551.033,1,0,413921,105963776
simless,6,1,enron_full_308504,exact_ref,27702.545,1,0,413921,105963776
simless,4,1,enron_full_308504,exact_ref,27702.545,1,0,413921,105963776
simless,5,1,enron_full_308504,exact_ref,27702.545,1,0,413921,105963776
simless,4,1,enron_full_308666,exact_ref,27335.525,1,0,413921,105963776
simless,5,1,enron_full_308666,exact_ref,27335.525,1,0,413921,105963776
simless,6,1,enron_full_308666,exact_ref,27335.525,1,0,413921,105963776
simless,5,1,enron_full_310049,exact_ref,27620.308,1,0,413921,105963776
simless,6,1,enron_full_310049,exact_ref,27620.308,1,0,413921,105963776
simless,4,1,enron_full_310049,exact_ref,27620.308,1,0,413921,105963776
simless,6,1,enron_full_310050,exact_ref,30095.717,1,0,413921,105963776
simless,4,1,enron_full_310050,exact_ref,30095.717,1,0,413921,105963776
simless,5,1,enron_full_310050,exact_ref,30095.717,1,0,413921,105963776
simless,4,1,enron_full_310056,exact_ref,28294.113,1,0,413921,105963776
simless,5,1,enron_full_310056,exact_ref,28294.113,1,0,413921,105963776
simless,6,1,enron_full_310056,exact_ref,28294.113,1,0,413921,105963776
simless,5,1,enron_full_310895,exact_ref,31130.289,1,0,413921,105963776
simless,6,1,enron_full_310895,exact_ref,31130.289,1,0,413921,105963776
simless,4,1,enron_full_310895,exact_ref,31130.289,1,0,413921,105963776
simless,6,1,enron_full_310913,exact_ref,27824.402,1,0,413921,105963776
simless,4,1,enron_full_310913,exact_ref,27824.402,1,0,413921,105963776
simless,5,1,enron_full_310913,exact_ref,27824.402,1,0,413921,105963776
simless,4,1,enron_full_311017,exact_ref,26598.425,1,0,413921,105963776
simless,5,1,enron_full_311017,exact_ref,26598.425,1,0,413921,105963776
simless,6,1,enron_full_311017,exact_ref,26598.425,1,0,413921,105963776
simless,5,1,enron_full_313090,exact_ref,28713.649,1,0,413921,105963776
simless,6,1,enron_full_313090,exact_ref,28713.649,1,0,413921,105963776
simless,4,1,enron_full_313090,exact_ref,28713.649,1,0,413921,105963776
simless,6,1,enron_full_314206,exact_ref,28465.963,1,0,413921,105963776
simless,4,1,enron_full_314206,exact_ref,28465.963,1,0,413921,105963776
simless,5,1,enron_full_314206,exact_ref,28465.963,1,0,413921,105963776
simless,4,1,enron_full_314362,exact_ref,26652.240,1,0,413921,105963776
simless,5,1,enron_full_314362,exact_ref,26652.240,1,0,413921,105963776
simless,6,1,enron_full_314362,exact_ref,26652.240,1,0,413921,105963776
simless,5,1,enron_full_315231,exact_ref,29141.884,1,0,413921,105963776
simless,6,1,enron_full_315231,exact_ref,29141.884,1,0,413921,105963776
simless,4,1,enron_full_315231,exact_ref,29141.884,1,0,413921,105963776
simless,6,1,enron_full_315279,exact_ref,26862.608,1,0,413921,105963776
simless,4,1,enron_full_315279,exact_ref,26862.608,1,0,413921,105963776
simless,5,1,enron_full_315279,exact_ref,26862.608,1,0,413921,105963776
simless,4,1,enron_full_315623,exact_ref,31733.978,1,0,413921,105963776
simless,5,1,enron_full_315623,exact_ref,31733.978,1,0,413921,105963776
simless,6,1,enron_full_315623,exact_ref,31733.978,1,0,413921,105963776
simless,5,1,enron_full_316006,exact_ref,26465.746,1,0,413921,105963776
simless,6,1,enron_full_316006,exact_ref,26465.746,1,0,413921,105963776
simless,4,1,enron_full_316006,exact_ref,26465.746,1,0,413921,105963776
simless,6,1,enron_full_317192,exact_ref,25514.368,1,0,413921,105963776
simless,4,1,enron_full_317192,exact_ref,25514.368,1,0,413921,105963776
simless,5,1,enron_full_317192,exact_ref,25514.368,1,0,413921,105963776
simless,4,1,enron_full_317451,exact_ref,27351.520,1,0,413921,105963776
simless,5,1,enron_full_317451,exact_ref,27351.520,1,0,413921,105963776
simless,6,1,enron_full_317451,exact_ref,27351.520,1,0,413921,105963776
simless,5,1,enron_full_318133,exact_ref,31542.459,1,0,413921,105963776
simless,6,1,enron_full_318133,exact_ref,31542.459,1,0,413921,105963776
simless,4,1,enron_full_318133,exact_ref,31542.459,1,0,413921,105963776
simless,6,1,enron_full_318207,exact_ref,28887.362,1,0,413921,105963776
simless,4,1,enron_full_318207,exact_ref,28887.362,1,0,413921,105963776
simless,5,1,enron_full_318207,exact_ref,28887.362,1,0,413921,105963776
simless,4,1,enron_full_318845,exact_ref,27494.427,1,0,413921,105963776
simless,5,1,enron_full_318845,exact_ref,27494.427,1,0,413921,105963776
simless,6,1,enron_full_318845,exact_ref,27494.427,1,0,413921,105963776
simless,5,1,enron_full_318909,exact_ref,26172.811,1,0,413921,105963776
simless,6,1,enron_full_318909,exact_ref,26172.811,1,0,413921,105963776
simless,4,1,enron_full_318909,exact_ref,26172.811,1,0,413921,105963776
simless,6,1,enron_full_319080,exact_ref,26116.773,1,0,413921,105963776
simless,4,1,enron_full_319080,exact_ref,26116.773,1,0,413921,105963776
simless,5,1,enron_full_319080,exact_ref,26116.773,1,0,413921,105963776
simless,4,1,enron_full_319320,exact_ref,26042.320,1,0,413921,105963776
simless,5,1,enron_full_319320,exact_ref,26042.320,1,0,413921,105963776
simless,6,1,enron_full_319320,exact_ref,26042.320,1,0,413921,105963776
simless,5,1,enron_full_319952,exact_ref,25254.778,1,0,413921,105963776
simless,6,1,enron_full_319952,exact_ref,25254.778,1,0,413921,105963776
simless,4,1,enron_full_319952,exact_ref,25254.778,1,0,413921,105963776
simless,6,1,enron_full_320564,exact_ref,25676.135,1,0,413921,105963776
simless,4,1,enron_full_320564,exact_ref,25676.135,1,0,413921,105963776
simless,5,1,enron_full_320564,exact_ref,25676.135,1,0,413921,105963776
simless,4,1,enron_full_320626,exact_ref,25844.428,1,0,413921,105963776
simless,5,1,enron_full_320626,exact_ref,25844.428,1,0,413921,105963776
simless,6,1,enron_full_320626,exact_ref,25844.428,1,0,413921,105963776
simless,5,1,enron_full_321445,exact_ref,24893.022,1,0,413921,105963776
simless,6,1,enron_full_321445,exact_ref,24893.022,1,0,413921,105963776
simless,4,1,enron_full_321445,exact_ref,24893.022,1,0,413921,105963776
simless,6,1,enron_full_321807,exact_ref,24179.006,1,0,413921,105963776
simless,4,1,enron_full_321807,exact_ref,24179.006,1,0,413921,105963776
simless,5,1,enron_full_321807,exact_ref,24179.006,1,0,413921,105963776
simless,4,1,enron_full_321918,exact_ref,24226.819,1,0,413921,105963776
simless,5,1,enron_full_321918,exact_ref,24226.819,1,0,413921,105963776
simless,6,1,enron_full_321918,exact_ref,24226.819,1,0,413921,105963776
simless,5,1,enron_full_322149,exact_ref,24151.522,1,0,413921,105963776
simless,6,1,enron_full_322149,exact_ref,24151.522,1,0,413921,105963776
simless,4,1,enron_full_322149,exact_ref,24151.522,1,0,413921,105963776
simless,6,1,enron_full_322706,exact_ref,26391.077,1,0,413921,105963776
simless,4,1,enron_full_322706,exact_ref,26391.077,1,0,413921,105963776
simless,5,1,enron_full_322706,exact_ref,26391.077,1,0,413921,105963776
simless,4,1,enron_full_322737,exact_ref,26346.816,1,0,413921,105963776
simless,5,1,enron_full_322737,exact_ref,26346.816,1,0,413921,105963776
simless,6,1,enron_full_322737,exact_ref,26346.816,1,0,413921,105963776
simless,5,1,enron_full_322757,exact_ref,26005.229,1,0,413921,105963776
simless,6,1,enron_full_322757,exact_ref,26005.229,1,0,413921,105963776
simless,4,1,enron_full_322757,exact_ref,26005.229,1,0,413921,105963776
simless,6,1,enron_full_324000,exact_ref,25737.345,1,0,413921,105963776
simless,4,1,enron_full_324000,exact_ref,25737.345,1,0,413921,105963776
simless,5,1,enron_full_324000,exact_ref,25737.345,1,0,413921,105963776
simless,4,1,enron_full_324353,no_exact_ref,24372.490,0,34,413921,105963776
simless,5,1,enron_full_324353,no_exact_ref,24372.490,0,34,413921,105963776
simless,6,1,enron_full_324353,no_exact_ref,24372.490,0,34,413921,105963776
simless,5,1,enron_full_325002,exact_ref,25037.799,1,0,413921,105963776
simless,6,1,enron_full_325002,exact_ref,25037.799,1,0,413921,105963776
simless,4,1,enron_full_325002,exact_ref,25037.799,1,0,413921,105963776
simless,6,1,enron_full_325131,exact_ref,23882.225,1,0,413921,105963776
simless,4,1,enron_full_325131,exact_ref,23882.225,1,0,413921,105963776
simless,5,1,enron_full_325131,exact_ref,23882.225,1,0,413921,105963776
simless,4,1,enron_full_325547,exact_ref,24942.525,1,0,413921,105963776
simless,5,1,enron_full_325547,exact_ref,24942.525,1,0,413921,105963776
simless,6,1,enron_full_325547,exact_ref,24942.525,1,0,413921,105963776
simless,5,1,enron_full_326276,exact_ref,24135.440,1,0,413921,105963776
simless,6,1,enron_full_326276,exact_ref,24135.440,1,0,413921,105963776
simless,4,1,enron_full_326276,exact_ref,24135.440,1,0,413921,105963776
simless,6,1,enron_full_326406,exact_ref,23881.702,1,0,413921,105963776
simless,4,1,enron_full_326406,exact_ref,23881.702,1,0,413921,105963776
simless,5,1,enron_full_326406,exact_ref,23881.702,1,0,413921,105963776
simless,4,1,enron_full_326699,exact_ref,23544.989,1,0,413921,105963776
simless,5,1,enron_full_326699,exact_ref,23544.989,1,0,413921,105963776
simless,6,1,enron_full_326699,exact_ref,23544.989,1,0,413921,105963776
simless,5,1,enron_full_326891,exact_ref,23567.738,1,0,413921,105963776
simless,6,1,enron_full_326891,exact_ref,23567.738,1,0,413921,105963776
simless,4,1,enron_full_326891,exact_ref,23567.738,1,0,413921,105963776
simless,6,1,enron_full_327398,exact_ref,24801.621,1,0,413921,105963776
simless,4,1,enron_full_327398,exact_ref,24801.621,1,0,413921,105963776
simless,5,1,enron_full_327398,exact_ref,24801.621,1,0,413921,105963776
simless,4,1,enron_full_327734,exact_ref,25308.478,1,0,413921,105963776
simless,5,1,enron_full_327734,exact_ref,25308.478,1,0,413921,105963776
simless,6,1,enron_full_327734,exact_ref,25308.478,1,0,413921,105963776
simless,5,1,enron_full_330743,exact_ref,26010.109,1,0,413921,105963776
simless,6,1,enron_full_330743,exact_ref,26010.109,1,0,413921,105963776
simless,4,1,enron_full_330743,exact_ref,26010.109,1,0,413921,105963776
simless,6,1,enron_full_330847,exact_ref,26091.373,1,0,413921,105963776
simless,4,1,enron_full_330847,exact_ref,26091.373,1,0,413921,105963776
simless,5,1,enron_full_330847,exact_ref,26091.373,1,0,413921,105963776
simless,4,1,enron_full_331065,no_exact_ref,26071.827,0,87,413921,105963776
simless,5,1,enron_full_331065,no_exact_ref,26071.827,0,87,413921,105963776
simless,6,1,enron_full_331065,no_exact_ref,26071.827,0,87,413921,105963776
simless,5,1,enron_full_331235,exact_ref,25651.905,1,0,413921,105963776
simless,6,1,enron_full_331235,exact_ref,25651.905,1,0,413921,105963776
simless,4,1,enron_full_331235,exact_ref,25651.905,1,0,413921,105963776
simless,6,1,enron_full_331309,no_exact_ref,24343.703,0,68,413921,105963776
simless,4,1,enron_full_331309,no_exact_ref,24343.703,0,68,413921,105963776
simless,5,1,enron_full_331309,no_exact_ref,24343.703,0,68,413921,105963776
simless,4,1,enron_full_332147,no_exact_ref,25805.062,0,71,413921,105963776
simless,5,1,enron_full_332147,no_exact_ref,25805.062,0,71,413921,105963776
simless,6,1,enron_full_332147,no_exact_ref,25805.062,0,71,413921,105963776
simless,5,1,enron_full_332523,exact_ref,26122.885,1,0,413921,105963776
simless,6,1,enron_full_332523,exact_ref,26122.885,1,0,413921,105963776
simless,4,1,enron_full_332523,exact_ref,26122.885,1,0,413921,105963776
simless,6,1,enron_full_333276,exact_ref,26474.127,1,0,413921,105963776
simless,4,1,enron_full_333276,exact_ref,26474.127,1,0,413921,105963776
simless,5,1,enron_full_333276,exact_ref,26474.127,1,0,413921,105963776
simless,4,1,enron_full_333308,exact_ref,23951.330,1,0,413921,105963776
simless,5,1,enron_full_333308,exact_ref,23951.330,1,0,413921,105963776
simless,6,1,enron_full_333308,exact_ref,23951.330,1,0,413921,105963776
simless,5,1,enron_full_333309,exact_ref,23355.191,1,0,413921,105963776
simless,6,1,enron_full_333309,exact_ref,23355.191,1,0,413921,105963776
simless,4,1,enron_full_333309,exact_ref,23355.191,1,0,413921,105963776
simless,6,1,enron_full_334798,no_exact_ref,23438.389,0,93,413921,105963776
simless,4,1,enron_full_334798,no_exact_ref,23438.389,0,93,413921,105963776
simless,5,1,enron_full_334798,no_exact_ref,23438.389,0,93,413921,105963776
simless,4,1,enron_full_335428,exact_ref,23910.041,1,0,413921,105963776
simless,5,1,enron_full_335428,exact_ref,23910.041,1,0,413921,105963776
simless,6,1,enron_full_335428,exact_ref,23910.041,1,0,413921,105963776
simless,5,1,enron_full_335498,exact_ref,24049.239,1,0,413921,105963776
simless,6,1,enron_full_335498,exact_ref,24049.239,1,0,413921,105963776
simless,4,1,enron_full_335498,exact_ref,24049.239,1,0,413921,105963776
simless,6,1,enron_full_335546,exact_ref,23425.245,1,0,413921,105963776
simless,4,1,enron_full_335546,exact_ref,23425.245,1,0,413921,105963776
simless,5,1,enron_full_335546,exact_ref,23425.245,1,0,413921,105963776
simless,4,1,enron_full_335575,exact_ref,24359.689,1,0,413921,105963776
simless,5,1,enron_full_335575,exact_ref,24359.689,1,0,413921,105963776
simless,6,1,enron_full_335575,exact_ref,24359.689,1,0,413921,105963776
simless,5,1,enron_full_335623,exact_ref,25762.726,1,0,413921,105963776
simless,6,1,enron_full_335623,exact_ref,25762.726,1,0,413921,105963776
simless,4,1,enron_full_335623,exact_ref,25762.726,1,0,413921,105963776
simless,6,1,enron_full_335857,exact_ref,25600.681,1,0,413921,105963776
simless,4,1,enron_full_335857,exact_ref,25600.681,1,0,413921,105963776
simless,5,1,enron_full_335857,exact_ref,25600.681,1,0,413921,105963776
simless,4,1,enron_full_335946,exact_ref,25372.804,1,0,413921,105963776
simless,5,1,enron_full_335946,exact_ref,25372.804,1,0,413921,105963776
simless,6,1,enron_full_335946,exact_ref,25372.804,1,0,413921,105963776
simless,5,1,enron_full_336542,exact_ref,24928.635,1,0,413921,105963776
simless,6,1,enron_full_336542,exact_ref,24928.635,1,0,413921,105963776
simless,4,1,enron_full_336542,exact_ref,24928.635,1,0,413921,105963776
simless,6,1,enron_full_337267,exact_ref,25245.759,1,0,413921,105963776
simless,4,1,enron_full_337267,exact_ref,25245.759,1,0,413921,105963776
simless,5,1,enron_full_337267,exact_ref,25245.759,1,0,413921,105963776
simless,4,1,enron_full_337292,exact_ref,25126.465,1,0,413921,105963776
simless,5,1,enron_full_337292,exact_ref,25126.465,1,0,413921,105963776
simless,6,1,enron_full_337292,exact_ref,25126.465,1,0,413921,105963776
simless,5,1,enron_full_337470,exact_ref,25070.676,1,0,413921,105963776
simless,6,1,enron_full_337470,exact_ref,25070.676,1,0,413921,105963776
simless,4,1,enron_full_337470,exact_ref,25070.676,1,0,413921,105963776
simless,6,1,enron_full_339638,no_exact_ref,25004.649,0,28,413921,105963776
simless,4,1,enron_full_339638,no_exact_ref,25004.649,0,28,413921,105963776
simless,5,1,enron_full_339638,no_exact_ref,25004.649,0,28,413921,105963776
simless,4,1,enron_full_340418,exact_ref,25500.884,1,0,413921,105963776
simless,5,1,enron_full_340418,exact_ref,25500.884,1,0,413921,105963776
simless,6,1,enron_full_340418,exact_ref,25500.884,1,0,413921,105963776
simless,5,1,enron_full_340472,exact_ref,26017.024,1,0,413921,105963776
simless,6,1,enron_full_340472,exact_ref,26017.024,1,0,413921,105963776
simless,4,1,enron_full_340472,exact_ref,26017.024,1,0,413921,105963776
simless,6,1,enron_full_340761,exact_ref,26121.881,1,0,413921,105963776
simless,4,1,enron_full_340761,exact_ref,26121.881,1,0,413921,105963776
simless,5,1,enron_full_340761,exact_ref,26121.881,1,0,413921,105963776
simless,4,1,enron_full_341249,exact_ref,25976.573,1,0,413921,105963776
simless,5,1,enron_full_341249,exact_ref,25976.573,1,0,413921,105963776
simless,6,1,enron_full_341249,exact_ref,25976.573,1,0,413921,105963776
simless,5,1,enron_full_341362,exact_ref,25615.928,1,0,413921,105963776
simless,6,1,enron_full_341362,exact_ref,25615.928,1,0,413921,105963776
simless,4,1,enron_full_341362,exact_ref,25615.928,1,0,413921,105963776
simless,6,1,enron_full_342301,exact_ref,24754.768,1,0,413921,105963776
simless,4,1,enron_full_342301,exact_ref,24754.768,1,0,413921,105963776
simless,5,1,enron_full_342301,exact_ref,24754.768,1,0,413921,105963776
simless,4,1,enron_full_342735,exact_ref,25297.882,1,0,413921,105963776
simless,5,1,enron_full_342735,exact_ref,25297.882,1,0,413921,105963776
simless,6,1,enron_full_342735,exact_ref,25297.882,1,0,413921,105963776
simless,5,1,enron_full_344191,exact_ref,25547.109,1,0,413921,105963776
simless,6,1,enron_full_344191,exact_ref,25547.109,1,0,413921,105963776
simless,4,1,enron_full_344191,exact_ref,25547.109,1,0,413921,105963776
simless,6,1,enron_full_344335,exact_ref,25881.420,1,0,413921,105963776
simless,4,1,enron_full_344335,exact_ref,25881.420,1,0,413921,105963776
simless,5,1,enron_full_344335,exact_ref,25881.420,1,0,413921,105963776
simless,4,1,enron_full_344645,no_exact_ref,25184.390,0,92,413921,105963776
simless,5,1,enron_full_344645,no_exact_ref,25184.390,0,92,413921,105963776
simless,6,1,enron_full_344645,no_exact_ref,25184.390,0,92,413921,105963776
simless,5,1,enron_full_345595,exact_ref,24938.536,1,0,413921,105963776
simless,6,1,enron_full_345595,exact_ref,24938.536,1,0,413921,105963776
simless,4,1,enron_full_345595,exact_ref,24938.536,1,0,413921,105963776
simless,6,1,enron_full_345814,exact_ref,23987.943,1,0,413921,105963776
simless,4,1,enron_full_345814,exact_ref,23987.943,1,0,413921,105963776
simless,5,1,enron_full_345814,exact_ref,23987.943,1,0,413921,105963776
simless,4,1,enron_full_348142,exact_ref,23884.979,1,0,413921,105963776
simless,5,1,enron_full_348142,exact_ref,23884.979,1,0,413921,105963776
simless,6,1,enron_full_348142,exact_ref,23884.979,1,0,413921,105963776
simless,5,1,enron_full_348438,no_exact_ref,23679.351,0,28,413921,105963776
simless,6,1,enron_full_348438,no_exact_ref,23679.351,0,28,413921,105963776
simless,4,1,enron_full_348438,no_exact_ref,23679.351,0,28,413921,105963776
simless,6,1,enron_full_349353,no_exact_ref,23939.504,0,42,413921,105963776
simless,4,1,enron_full_349353,no_exact_ref,23939.504,0,42,413921,105963776
simless,5,1,enron_full_349353,no_exact_ref,23939.504,0,42,413921,105963776
simless,4,1,enron_full_349483,no_exact_ref,24361.863,0,57,413921,105963776
simless,5,1,enron_full_349483,no_exact_ref,24361.863,0,57,413921,105963776
simless,6,1,enron_full_349483,no_exact_ref,24361.863,0,57,413921,105963776
simless,5,1,enron_full_352068,no_exact_ref,23375.983,0,93,413921,105963776
simless,6,1,enron_full_352068,no_exact_ref,23375.983,0,93,413921,105963776
simless,4,1,enron_full_352068,no_exact_ref,23375.983,0,93,413921,105963776
simless,6,1,enron_full_352183,exact_ref,24899.125,1,0,413921,105963776
simless,4,1,enron_full_352183,exact_ref,24899.125,1,0,413921,105963776
simless,5,1,enron_full_352183,exact_ref,24899.125,1,0,413921,105963776
simless,4,1,enron_full_352410,exact_ref,23985.596,1,0,413921,105963776
simless,5,1,enron_full_352410,exact_ref,23985.596,1,0,413921,105963776
simless,6,1,enron_full_352410,exact_ref,23985.596,1,0,413921,105963776
simless,5,1,enron_full_352552,no_exact_ref,23706.268,0,59,413921,105963776
simless,6,1,enron_full_352552,no_exact_ref,23706.268,0,59,413921,105963776
simless,4,1,enron_full_352552,no_exact_ref,23706.268,0,59,413921,105963776
simless,6,1,enron_full_353158,exact_ref,24428.962,1,0,413921,105963776
simless,4,1,enron_full_353158,exact_ref,24428.962,1,0,413921,105963776
simless,5,1,enron_full_353158,exact_ref,24428.962,1,0,413921,105963776
simless,4,1,enron_full_353883,no_exact_ref,25927.347,0,91,413921,105963776
simless,5,1,enron_full_353883,no_exact_ref,25927.347,0,91,413921,105963776
simless,6,1,enron_full_353883,no_exact_ref,25927.347,0,91,413921,105963776
simless,5,1,enron_full_354290,no_exact_ref,26125.271,0,7,413921,105963776
simless,6,1,enron_full_354290,no_exact_ref,26125.271,0,7,413921,105963776
simless,4,1,enron_full_354290,no_exact_ref,26125.271,0,7,413921,105963776
simless,6,1,enron_full_355229,no_exact_ref,26110.027,0,87,413921,105963776
simless,4,1,enron_full_355229,no_exact_ref,26110.027,0,87,413921,105963776
simless,5,1,enron_full_355229,no_exact_ref,26110.027,0,87,413921,105963776
simless,4,1,enron_full_355694,exact_ref,26113.840,1,0,413921,105963776
simless,5,1,enron_full_355694,exact_ref,26113.840,1,0,413921,105963776
simless,6,1,enron_full_355694,exact_ref,26113.840,1,0,413921,105963776
simless,5,1,enron_full_355895,no_exact_ref,26327.187,0,32,413921,105963776
simless,6,1,enron_full_355895,no_exact_ref,26327.187,0,32,413921,105963776
simless,4,1,enron_full_355895,no_exact_ref,26327.187,0,32,413921,105963776
simless,6,1,enron_full_356569,no_exact_ref,26027.674,0,90,413921,105963776
simless,4,1,enron_full_356569,no_exact_ref,26027.674,0,90,413921,105963776
simless,5,1,enron_full_356569,no_exact_ref,26027.674,0,90,413921,105963776
simless,4,1,enron_full_356908,exact_ref,26368.931,1,0,413921,105963776
simless,5,1,enron_full_356908,exact_ref,26368.931,1,0,413921,105963776
simless,6,1,enron_full_356908,exact_ref,26368.931,1,0,413921,105963776
simless,5,1,enron_full_356976,no_exact_ref,25220.015,0,8,413921,105963776
simless,6,1,enron_full_356976,no_exact_ref,25220.015,0,8,413921,105963776
simless,4,1,enron_full_356976,no_exact_ref,25220.015,0,8,413921,105963776
simless,6,1,enron_full_358597,no_exact_ref,24626.675,0,53,413921,105963776
simless,4,1,enron_full_358597,no_exact_ref,24626.675,0,53,413921,105963776
simless,5,1,enron_full_358597,no_exact_ref,24626.675,0,53,413921,105963776
simless,4,1,enron_full_358915,no_exact_ref,25037.050,0,27,413921,105963776
simless,5,1,enron_full_358915,no_exact_ref,25037.050,0,27,413921,105963776
simless,6,1,enron_full_358915,no_exact_ref,25037.050,0,27,413921,105963776
simless,5,1,enron_full_360085,exact_ref,24697.849,1,0,413921,105963776
simless,6,1,enron_full_360085,exact_ref,24697.849,1,0,413921,105963776
simless,4,1,enron_full_360085,exact_ref,24697.849,1,0,413921,105963776
simless,6,1,enron_full_360983,exact_ref,23252.132,1,0,413921,105963776
simless,4,1,enron_full_360983,exact_ref,23252.132,1,0,413921,105963776
simless,5,1,enron_full_360983,exact_ref,23252.132,1,0,413921,105963776
simless,4,1,enron_full_362389,exact_ref,23662.924,1,0,413921,105963776
simless,5,1,enron_full_362389,exact_ref,23662.924,1,0,413921,105963776
simless,6,1,enron_full_362389,exact_ref,23662.924,1,0,413921,105963776
simless,5,1,enron_full_363120,exact_ref,24216.105,1,0,413921,105963776
simless,6,1,enron_full_363120,exact_ref,24216.105,1,0,413921,105963776
simless,4,1,enron_full_363120,exact_ref,24216.105,1,0,413921,105963776
simless,6,1,enron_full_363607,no_exact_ref,25966.072,0,96,413921,105963776
simless,4,1,enron_full_363607,no_exact_ref,25966.072,0,96,413921,105963776
simless,5,1,enron_full_363607,no_exact_ref,25966.072,0,96,413921,105963776
simless,4,1,enron_full_363846,no_exact_ref,26088.439,0,93,413921,105963776
simless,5,1,enron_full_363846,no_exact_ref,26088.439,0,93,413921,105963776
simless,6,1,enron_full_363846,no_exact_ref,26088.439,0,93,413921,105963776
simless,5,1,enron_full_363876,exact_ref,25246.446,1,0,413921,105963776
simless,6,1,enron_full_363876,exact_ref,25246.446,1,0,413921,105963776
simless,4,1,enron_full_363876,exact_ref,25246.446,1,0,413921,105963776
simless,6,1,enron_full_364025,no_exact_ref,25495.184,0,77,413921,105963776
simless,4,1,enron_full_364025,no_exact_ref,25495.184,0,77,413921,105963776
simless,5,1,enron_full_364025,no_exact_ref,25495.184,0,77,413921,105963776
simless,4,1,enron_full_364586,exact_ref,24768.479,1,0,413921,105963776
simless,5,1,enron_full_364586,exact_ref,24768.479,1,0,413921,105963776
simless,6,1,enron_full_364586,exact_ref,24768.479,1,0,413921,105963776
simless,5,1,enron_full_365105,no_exact_ref,23346.044,0,47,413921,105963776
simless,6,1,enron_full_365105,no_exact_ref,23346.044,0,47,413921,105963776
simless,4,1,enron_full_365105,no_exact_ref,23346.044,0,47,413921,105963776
simless,6,1,enron_full_365478,no_exact_ref,23014.251,0,75,413921,105963776
simless,4,1,enron_full_365478,no_exact_ref,23014.251,0,75,413921,105963776
simless,5,1,enron_full_365478,no_exact_ref,23014.251,0,75,413921,105963776
simless,4,1,enron_full_365497,exact_ref,24037.774,1,0,413921,105963776
simless,5,1,enron_full_365497,exact_ref,24037.774,1,0,413921,105963776
simless,6,1,enron_full_365497,exact_ref,24037.774,1,0,413921,105963776
simless,5,1,enron_full_365509,no_exact_ref,25225.731,1,0,413921,105963776
simless,6,1,enron_full_365509,no_exact_ref,25225.731,1,0,413921,105963776
simless,4,1,enron_full_365509,no_exact_ref,25225.731,1,0,413921,105963776
simless,6,1,enron_full_365947,no_exact_ref,24032.352,0,90,413921,105963776
simless,4,1,enron_full_365947,no_exact_ref,24032.352,0,90,413921,105963776
simless,5,1,enron_full_365947,no_exact_ref,24032.352,0,90,413921,105963776
simless,4,1,enron_full_366510,exact_ref,24394.551,1,0,413921,105963776
simless,5,1,enron_full_366510,exact_ref,24394.551,1,0,413921,105963776
simless,6,1,enron_full_366510,exact_ref,24394.551,1,0,413921,105963776
simless,5,1,enron_full_366895,exact_ref,24766.949,1,0,413921,105963776
simless,6,1,enron_full_366895,exact_ref,24766.949,1,0,413921,105963776
simless,4,1,enron_full_366895,exact_ref,24766.949,1,0,413921,105963776
simless,6,1,enron_full_367052,no_exact_ref,25015.988,0,78,413921,105963776
simless,4,1,enron_full_367052,no_exact_ref,25015.988,0,78,413921,105963776
simless,5,1,enron_full_367052,no_exact_ref,25015.988,0,78,413921,105963776
simless,4,1,enron_full_367129,no_exact_ref,24871.448,0,93,413921,105963776
simless,5,1,enron_full_367129,no_exact_ref,24871.448,0,93,413921,105963776
simless,6,1,enron_full_367129,no_exact_ref,24871.448,0,93,413921,105963776
simless,5,1,enron_full_367319,no_exact_ref,26240.703,0,48,413921,105963776
simless,6,1,enron_full_367319,no_exact_ref,26240.703,0,48,413921,105963776
simless,4,1,enron_full_367319,no_exact_ref,26240.703,0,48,413921,105963776
simless,6,1,enron_full_367765,exact_ref,26406.944,1,0,413921,105963776
simless,4,1,enron_full_367765,exact_ref,26406.944,1,0,413921,105963776
simless,5,1,enron_full_367765,exact_ref,26406.944,1,0,413921,105963776
simless,4,1,enron_full_367912,no_exact_ref,26149.198,0,84,413921,105963776
simless,5,1,enron_full_367912,no_exact_ref,26149.198,0,84,413921,105963776
simless,6,1,enron_full_367912,no_exact_ref,26149.198,0,84,413921,105963776
simless,5,1,enron_full_368156,no_exact_ref,25553.497,0,64,413921,105963776
simless,6,1,enron_full_368156,no_exact_ref,25553.497,0,64,413921,105963776
simless,4,1,enron_full_368156,no_exact_ref,25553.497,0,64,413921,105963776
simless,6,1,enron_full_368318,no_exact_ref,24305.926,0,60,413921,105963776
simless,4,1,enron_full_368318,no_exact_ref,24305.926,0,60,413921,105963776
simless,5,1,enron_full_368318,no_exact_ref,24305.926,0,60,413921,105963776
simless,4,1,enron_full_369168,exact_ref,24101.847,1,0,413921,105963776
simless,5,1,enron_full_369168,exact_ref,24101.847,1,0,413921,105963776
simless,6,1,enron_full_369168,exact_ref,24101.847,1,0,413921,105963776
simless,5,1,enron_full_369419,exact_ref,24961.141,1,0,413921,105963776
simless,6,1,enron_full_369419,exact_ref,24961.141,1,0,413921,105963776
simless,4,1,enron_full_369419,exact_ref,24961.141,1,0,413921,105963776
simless,6,1,enron_full_370439,exact_ref,24133.260,1,0,413921,105963776
simless,4,1,enron_full_370439,exact_ref,24133.260,1,0,413921,105963776
simless,5,1,enron_full_370439,exact_ref,24133.260,1,0,413921,105963776
simless,4,1,enron_full_371121,no_exact_ref,24071.724,0,88,413921,105963776
simless,5,1,enron_full_371121,no_exact_ref,24071.724,0,88,413921,105963776
simless,6,1,enron_full_371121,no_exact_ref,24071.724,0,88,413921,105963776
simless,5,1,enron_full_373728,exact_ref,24131.736,1,0,413921,105963776
simless,6,1,enron_full_373728,exact_ref,24131.736,1,0,413921,105963776
simless,4,1,enron_full_373728,exact_ref,24131.736,1,0,413921,105963776
simless,6,1,enron_full_373978,exact_ref,24561.568,1,0,413921,105963776
simless,4,1,enron_full_373978,exact_ref,24561.568,1,0,413921,105963776
simless,5,1,enron_full_373978,exact_ref,24561.568,1,0,413921,105963776
simless,4,1,enron_full_374719,exact_ref,24237.935,1,0,413921,105963776
simless,5,1,enron_full_374719,exact_ref,24237.935,1,0,413921,105963776
simless,6,1,enron_full_374719,exact_ref,24237.935,1,0,413921,105963776
simless,5,1,enron_full_374736,exact_ref,24028.797,1,0,413921,105963776
simless,6,1,enron_full_374736,exact_ref,24028.797,1,0,413921,105963776
simless,4,1,enron_full_374736,exact_ref,24028.797,1,0,413921,105963776
simless,6,1,enron_full_375606,exact_ref,25517.804,1,0,413921,105963776
simless,4,1,enron_full_375606,exact_ref,25517.804,1,0,413921,105963776
simless,5,1,enron_full_375606,exact_ref,25517.804,1,0,413921,105963776
simless,4,1,enron_full_376013,exact_ref,26190.824,1,0,413921,105963776
simless,5,1,enron_full_376013,exact_ref,26190.824,1,0,413921,105963776
simless,6,1,enron_full_376013,exact_ref,26190.824,1,0,413921,105963776
simless,5,1,enron_full_376710,exact_ref,26397.791,1,0,413921,105963776
simless,6,1,enron_full_376710,exact_ref,26397.791,1,0,413921,105963776
simless,4,1,enron_full_376710,exact_ref,26397.791,1,0,413921,105963776
simless,6,1,enron_full_377221,exact_ref,26377.944,1,0,413921,105963776
simless,4,1,enron_full_377221,exact_ref,26377.944,1,0,413921,105963776
simless,5,1,enron_full_377221,exact_ref,26377.944,1,0,413921,105963776
simless,4,1,enron_full_377377,exact_ref,25295.848,1,0,413921,105963776
simless,5,1,enron_full_377377,exact_ref,25295.848,1,0,413921,105963776
simless,6,1,enron_full_377377,exact_ref,25295.848,1,0,413921,105963776
simless,5,1,enron_full_378712,exact_ref,23862.665,1,0,413921,105963776
simless,6,1,enron_full_378712,exact_ref,23862.665,1,0,413921,105963776
simless,4,1,enron_full_378712,exact_ref,23862.665,1,0,413921,105963776
simless,6,1,enron_full_378826,exact_ref,24606.929,1,0,413921,105963776
simless,4,1,enron_full_378826,exact_ref,24606.929,1,0,413921,105963776
simless,5,1,enron_full_378826,exact_ref,24606.929,1,0,413921,105963776
simless,4,1,enron_full_379382,exact_ref,24532.951,1,0,413921,105963776
simless,5,1,enron_full_379382,exact_ref,24532.951,1,0,413921,105963776
simless,6,1,enron_full_379382,exact_ref,24532.951,1,0,413921,105963776
simless,5,1,enron_full_379515,exact_ref,24998.190,1,0,413921,105963776
simless,6,1,enron_full_379515,exact_ref,24998.190,1,0,413921,105963776
simless,4,1,enron_full_379515,exact_ref,24998.190,1,0,413921,105963776
simless,6,1,enron_full_380183,exact_ref,25791.323,1,0,413921,105963776
simless,4,1,enron_full_380183,exact_ref,25791.323,1,0,413921,105963776
simless,5,1,enron_full_380183,exact_ref,25791.323,1,0,413921,105963776
simless,4,1,enron_full_380419,exact_ref,26060.509,1,0,413921,105963776
simless,5,1,enron_full_380419,exact_ref,26060.509,1,0,413921,105963776
simless,6,1,enron_full_380419,exact_ref,26060.509,1,0,413921,105963776
simless,5,1,enron_full_380667,exact_ref,26404.645,1,0,413921,105963776
simless,6,1,enron_full_380667,exact_ref,26404.645,1,0,413921,105963776
simless,4,1,enron_full_380667,exact_ref,26404.645,1,0,413921,105963776
simless,6,1,enron_full_381275,exact_ref,26219.091,1,0,413921,105963776
simless,4,1,enron_full_381275,exact_ref,26219.091,1,0,413921,105963776
simless,5,1,enron_full_381275,exact_ref,26219.091,1,0,413921,105963776
simless,4,1,enron_full_381430,exact_ref,26105.460,1,0,413921,105963776
simless,5,1,enron_full_381430,exact_ref,26105.460,1,0,413921,105963776
simless,6,1,enron_full_381430,exact_ref,26105.460,1,0,413921,105963776
simless,5,1,enron_full_381540,exact_ref,25913.470,1,0,413921,105963776
simless,6,1,enron_full_381540,exact_ref,25913.470,1,0,413921,105963776
simless,4,1,enron_full_381540,exact_ref,25913.470,1,0,413921,105963776
simless,6,1,enron_full_381912,exact_ref,25205.623,1,0,413921,105963776
simless,4,1,enron_full_381912,exact_ref,25205.623,1,0,413921,105963776
simless,5,1,enron_full_381912,exact_ref,25205.623,1,0,413921,105963776
simless,4,1,enron_full_382401,no_exact_ref,26278.761,0,94,413921,105963776
simless,5,1,enron_full_382401,no_exact_ref,26278.761,0,94,413921,105963776
simless,6,1,enron_full_382401,no_exact_ref,26278.761,0,94,413921,105963776
simless,5,1,enron_full_382476,exact_ref,26166.060,1,0,413921,105963776
simless,6,1,enron_full_382476,exact_ref,26166.060,1,0,413921,105963776
simless,4,1,enron_full_382476,exact_ref,26166.060,1,0,413921,105963776
simless,6,1,enron_full_382877,exact_ref,26059.762,1,0,413921,105963776
simless,4,1,enron_full_382877,exact_ref,26059.762,1,0,413921,105963776
simless,5,1,enron_full_382877,exact_ref,26059.762,1,0,413921,105963776
simless,4,1,enron_full_384162,no_exact_ref,24654.875,0,76,413921,105963776
simless,5,1,enron_full_384162,no_exact_ref,24654.875,0,76,413921,105963776
simless,6,1,enron_full_384162,no_exact_ref,24654.875,0,76,413921,105963776
simless,5,1,enron_full_384461,exact_ref,25153.590,1,0,413921,105963776
simless,6,1,enron_full_384461,exact_ref,25153.590,1,0,413921,105963776
simless,4,1,enron_full_384461,exact_ref,25153.590,1,0,413921,105963776
simless,6,1,enron_full_384653,exact_ref,25158.599,1,0,413921,105963776
simless,4,1,enron_full_384653,exact_ref,25158.599,1,0,413921,105963776
simless,5,1,enron_full_384653,exact_ref,25158.599,1,0,413921,105963776
simless,4,1,enron_full_384988,exact_ref,24748.821,1,0,413921,105963776
simless,5,1,enron_full_384988,exact_ref,24748.821,1,0,413921,105963776
simless,6,1,enron_full_384988,exact_ref,24748.821,1,0,413921,105963776
simless,5,1,enron_full_385098,exact_ref,25104.777,1,0,413921,105963776
simless,6,1,enron_full_385098,exact_ref,25104.777,1,0,413921,105963776
simless,4,1,enron_full_385098,exact_ref,25104.777,1,0,413921,105963776
simless,6,1,enron_full_385839,exact_ref,25535.887,1,0,413921,105963776
simless,4,1,enron_full_385839,exact_ref,25535.887,1,0,413921,105963776
simless,5,1,enron_full_385839,exact_ref,25535.887,1,0,413921,105963776
simless,4,1,enron_full_386188,no_exact_ref,24867.227,0,50,413921,105963776
simless,5,1,enron_full_386188,no_exact_ref,24867.227,0,50,413921,105963776
simless,6,1,enron_full_386188,no_exact_ref,24867.227,0,50,413921,105963776
simless,5,1,enron_full_386616,no_exact_ref,25439.476,0,17,413921,105963776
simless,6,1,enron_full_386616,no_exact_ref,25439.476,0,17,413921,105963776
simless,4,1,enron_full_386616,no_exact_ref,25439.476,0,17,413921,105963776
simless,6,1,enron_full_386731,no_exact_ref,25007.533,0,89,413921,105963776
simless,4,1,enron_full_386731,no_exact_ref,25007.533,0,89,413921,105963776
simless,5,1,enron_full_386731,no_exact_ref,25007.533,0,89,413921,105963776
simless,4,1,enron_full_387578,exact_ref,25717.987,1,0,413921,105963776
simless,5,1,enron_full_387578,exact_ref,25717.987,1,0,413921,105963776
simless,6,1,enron_full_387578,exact_ref,25717.987,1,0,413921,105963776
simless,5,1,enron_full_387701,no_exact_ref,25469.175,0,59,413921,105963776
simless,6,1,enron_full_387701,no_exact_ref,25469.175,0,59,413921,105963776
simless,4,1,enron_full_387701,no_exact_ref,25469.175,0,59,413921,105963776
simless,6,1,enron_full_387952,no_exact_ref,26647.087,0,93,413921,105963776
simless,4,1,enron_full_387952,no_exact_ref,26647.087,0,93,413921,105963776
simless,5,1,enron_full_387952,no_exact_ref,26647.087,0,93,413921,105963776
simless,4,1,enron_full_388565,exact_ref,26267.796,1,0,413921,105963776
simless,5,1,enron_full_388565,exact_ref,26267.796,1,0,413921,105963776
simless,6,1,enron_full_388565,exact_ref,26267.796,1,0,413921,105963776
simless,5,1,enron_full_388921,exact_ref,25412.461,1,0,413921,105963776
simless,6,1,enron_full_388921,exact_ref,25412.461,1,0,413921,105963776
simless,4,1,enron_full_388921,exact_ref,25412.461,1,0,413921,105963776
simless,6,1,enron_full_390158,exact_ref,23865.305,1,0,413921,105963776
simless,4,1,enron_full_390158,exact_ref,23865.305,1,0,413921,105963776
simless,5,1,enron_full_390158,exact_ref,23865.305,1,0,413921,105963776
simless,4,1,enron_full_391047,exact_ref,26310.182,1,0,413921,105963776
simless,5,1,enron_full_391047,exact_ref,26310.182,1,0,413921,105963776
simless,6,1,enron_full_391047,exact_ref,26310.182,1,0,413921,105963776
simless,5,1,enron_full_391217,no_exact_ref,26010.839,0,50,413921,105963776
simless,6,1,enron_full_391217,no_exact_ref,26010.839,0,50,413921,105963776
simless,4,1,enron_full_391217,no_exact_ref,26010.839,0,50,413921,105963776
simless,6,1,enron_full_391486,no_exact_ref,26261.147,0,38,413921,105963776
simless,4,1,enron_full_391486,no_exact_ref,26261.147,0,38,413921,105963776
simless,5,1,enron_full_391486,no_exact_ref,26261.147,0,38,413921,105963776
simless,4,1,enron_full_391746,no_exact_ref,26054.733,0,95,413921,105963776
simless,5,1,enron_full_391746,no_exact_ref,26054.733,0,95,413921,105963776
simless,6,1,enron_full_391746,no_exact_ref,26054.733,0,95,413921,105963776
simless,5,1,enron_full_392955,exact_ref,24283.041,1,0,413921,105963776
simless,6,1,enron_full_392955,exact_ref,24283.041,1,0,413921,105963776
simless,4,1,enron_full_392955,exact_ref,24283.041,1,0,413921,105963776
simless,6,1,enron_full_393136,no_exact_ref,25172.324,0,52,413921,105963776
simless,4,1,enron_full_393136,no_exact_ref,25172.324,0,52,413921,105963776
simless,5,1,enron_full_393136,no_exact_ref,25172.324,0,52,413921,105963776
simless,4,1,enron_full_393487,exact_ref,26345.476,1,0,413921,105963776
simless,5,1,enron_full_393487,exact_ref,26345.476,1,0,413921,105963776
simless,6,1,enron_full_393487,exact_ref,26345.476,1,0,413921,105963776
simless,5,1,enron_full_394271,exact_ref,26177.165,1,0,413921,105963776
simless,6,1,enron_full_394271,exact_ref,26177.165,1,0,413921,105963776
simless,4,1,enron_full_394271,exact_ref,26177.165,1,0,413921,105963776
simless,6,1,enron_full_394331,exact_ref,24682.089,1,0,413921,105963776
simless,4,1,enron_full_394331,exact_ref,24682.089,1,0,413921,105963776
simless,5,1,enron_full_394331,exact_ref,24682.089,1,0,413921,105963776
simless,4,1,enron_full_394348,exact_ref,24749.993,1,0,413921,105963776
simless,5,1,enron_full_394348,exact_ref,24749.993,1,0,413921,105963776
simless,6,1,enron_full_394348,exact_ref,24749.993,1,0,413921,105963776
simless,5,1,enron_full_394407,no_exact_ref,25600.606,0,94,413921,105963776
simless,6,1,enron_full_394407,no_exact_ref,25600.606,0,94,413921,105963776
simless,4,1,enron_full_394407,no_exact_ref,25600.606,0,94,413921,105963776
simless,6,1,enron_full_395301,exact_ref,26307.657,1,0,413921,105963776
simless,4,1,enron_full_395301,exact_ref,26307.657,1,0,413921,105963776
simless,5,1,enron_full_395301,exact_ref,26307.657,1,0,413921,105963776
simless,4,1,enron_full_395725,no_exact_ref,26307.296,0,90,413921,105963776
simless,5,1,enron_full_395725,no_exact_ref,26307.296,0,90,413921,105963776
simless,6,1,enron_full_395725,no_exact_ref,26307.296,0,90,413921,105963776
simless,5,1,enron_full_396292,exact_ref,26104.210,1,0,413921,105963776
simless,6,1,enron_full_396292,exact_ref,26104.210,1,0,413921,105963776
simless,4,1,enron_full_396292,exact_ref,26104.210,1,0,413921,105963776
simless,6,1,enron_full_396812,exact_ref,26062.350,1,0,413921,105963776
simless,4,1,enron_full_396812,exact_ref,26062.350,1,0,413921,105963776
simless,5,1,enron_full_396812,exact_ref,26062.350,1,0,413921,105963776
simless,4,1,enron_full_397391,exact_ref,24918.031,1,0,413921,105963776
simless,5,1,enron_full_397391,exact_ref,24918.031,1,0,413921,105963776
simless,6,1,enron_full_397391,exact_ref,24918.031,1,0,413921,105963776
simless,5,1,enron_full_397879,exact_ref,24114.529,1,0,413921,105963776
simless,6,1,enron_full_397879,exact_ref,24114.529,1,0,413921,105963776
simless,4,1,enron_full_397879,exact_ref,24114.529,1,0,413921,105963776
simless,6,1,enron_full_398718,exact_ref,24774.786,1,0,413921,105963776
simless,4,1,enron_full_398718,exact_ref,24774.786,1,0,413921,105963776
simless,5,1,enron_full_398718,exact_ref,24774.786,1,0,413921,105963776
simless,4,1,enron_full_399591,no_exact_ref,25657.231,0,15,413921,105963776
simless,5,1,enron_full_399591,no_exact_ref,25657.231,0,15,413921,105963776
simless,6,1,enron_full_399591,no_exact_ref,25657.231,0,15,413921,105963776
simless,5,1,enron_full_399779,no_exact_ref,25893.134,0,69,413921,105963776
simless,6,1,enron_full_399779,no_exact_ref,25893.134,0,69,413921,105963776
simless,4,1,enron_full_399779,no_exact_ref,25893.134,0,69,413921,105963776
simless,6,1,enron_full_399917,no_exact_ref,25326.808,0,93,413921,105963776
simless,4,1,enron_full_399917,no_exact_ref,25326.808,0,93,413921,105963776
simless,5,1,enron_full_399917,no_exact_ref,25326.808,0,93,413921,105963776
simless,4,1,enron_full_400523,exact_ref,25605.523,1,0,413921,105963776
simless,5,1,enron_full_400523,exact_ref,25605.523,1,0,413921,105963776
simless,6,1,enron_full_400523,exact_ref,25605.523,1,0,413921,105963776
simless,5,1,enron_full_401763,no_exact_ref,25651.851,0,58,413921,105963776
simless,6,1,enron_full_401763,no_exact_ref,25651.851,0,58,413921,105963776
simless,4,1,enron_full_401763,no_exact_ref,25651.851,0,58,413921,105963776
simless,6,1,enron_full_401798,no_exact_ref,26095.502,0,48,413921,105963776
simless,4,1,enron_full_401798,no_exact_ref,26095.502,0,48,413921,105963776
simless,5,1,enron_full_401798,no_exact_ref,26095.502,0,48,413921,105963776
simless,4,1,enron_full_402233,exact_ref,26296.792,1,0,413921,105963776
simless,5,1,enron_full_402233,exact_ref,26296.792,1,0,413921,105963776
simless,6,1,enron_full_402233,exact_ref,26296.792,1,0,413921,105963776
simless,5,1,enron_full_402310,exact_ref,26319.284,1,0,413921,105963776
simless,6,1,enron_full_402310,exact_ref,26319.284,1,0,413921,105963776
simless,4,1,enron_full_402310,exact_ref,26319.284,1,0,413921,105963776
simless,6,1,enron_full_403001,exact_ref,26833.803,1,0,413921,105963776
simless,4,1,enron_full_403001,exact_ref,26833.803,1,0,413921,105963776
simless,5,1,enron_full_403001,exact_ref,26833.803,1,0,413921,105963776
simless,4,1,enron_full_403036,exact_ref,26166.067,1,0,413921,105963776
simless,5,1,enron_full_403036,exact_ref,26166.067,1,0,413921,105963776
simless,6,1,enron_full_403036,exact_ref,26166.067,1,0,413921,105963776
simless,5,1,enron_full_403180,exact_ref,24856.423,1,0,413921,105963776
simless,6,1,enron_full_403180,exact_ref,24856.423,1,0,413921,105963776
simless,4,1,enron_full_403180,exact_ref,24856.423,1,0,413921,105963776
simless,6,1,enron_full_404066,exact_ref,26637.511,1,0,413921,105963776
simless,4,1,enron_full_404066,exact_ref,26637.511,1,0,413921,105963776
simless,5,1,enron_full_404066,exact_ref,26637.511,1,0,413921,105963776
simless,4,1,enron_full_405218,exact_ref,24681.491,1,0,413921,105963776
simless,5,1,enron_full_405218,exact_ref,24681.491,1,0,413921,105963776
simless,6,1,enron_full_405218,exact_ref,24681.491,1,0,413921,105963776
simless,5,1,enron_full_405288,exact_ref,25293.407,1,0,413921,105963776
simless,6,1,enron_full_405288,exact_ref,25293.407,1,0,413921,105963776
simless,4,1,enron_full_405288,exact_ref,25293.407,1,0,413921,105963776
simless,6,1,enron_full_405421,exact_ref,23743.683,1,0,413921,105963776
simless,4,1,enron_full_405421,exact_ref,23743.683,1,0,413921,105963776
simless,5,1,enron_full_405421,exact_ref,23743.683,1,0,413921,105963776
simless,4,1,enron_full_406531,exact_ref,27442.972,1,0,413921,105963776
simless,5,1,enron_full_406531,exact_ref,27442.972,1,0,413921,105963776
simless,6,1,enron_full_406531,exact_ref,27442.972,1,0,413921,105963776
simless,5,1,enron_full_407210,exact_ref,24272.543,1,0,413921,105963776
simless,6,1,enron_full_407210,exact_ref,24272.543,1,0,413921,105963776
simless,4,1,enron_full_407210,exact_ref,24272.543,1,0,413921,105963776
simless,6,1,enron_full_407416,exact_ref,24512.601,1,0,413921,105963776
simless,4,1,enron_full_407416,exact_ref,24512.601,1,0,413921,105963776
simless,5,1,enron_full_407416,exact_ref,24512.601,1,0,413921,105963776
simless,4,1,enron_full_407459,exact_ref,23636.928,1,0,413921,105963776
simless,5,1,enron_full_407459,exact_ref,23636.928,1,0,413921,105963776
simless,6,1,enron_full_407459,exact_ref,23636.928,1,0,413921,105963776
simless,5,1,enron_full_407590,exact_ref,23708.723,1,0,413921,105963776
simless,6,1,enron_full_407590,exact_ref,23708.723,1,0,413921,105963776
simless,4,1,enron_full_407590,exact_ref,23708.723,1,0,413921,105963776
simless,6,1,enron_full_407747,exact_ref,23907.245,1,0,413921,105963776
simless,4,1,enron_full_407747,exact_ref,23907.245,1,0,413921,105963776
simless,5,1,enron_full_407747,exact_ref,23907.245,1,0,413921,105963776
simless,4,1,enron_full_408988,exact_ref,26405.989,1,0,413921,105963776
simless,5,1,enron_full_408988,exact_ref,26405.989,1,0,413921,105963776
simless,6,1,enron_full_408988,exact_ref,26405.989,1,0,413921,105963776
simless,5,1,enron_full_409260,exact_ref,26185.812,1,0,413921,105963776
simless,6,1,enron_full_409260,exact_ref,26185.812,1,0,413921,105963776
simless,4,1,enron_full_409260,exact_ref,26185.812,1,0,413921,105963776
simless,6,1,enron_full_409276,exact_ref,25735.037,1,0,413921,105963776
simless,4,1,enron_full_409276,exact_ref,25735.037,1,0,413921,105963776
simless,5,1,enron_full_409276,exact_ref,25735.037,1,0,413921,105963776
simless,4,1,enron_full_409720,exact_ref,24512.216,1,0,413921,105963776
simless,5,1,enron_full_409720,exact_ref,24512.216,1,0,413921,105963776
simless,6,1,enron_full_409720,exact_ref,24512.216,1,0,413921,105963776
simless,5,1,enron_full_409761,exact_ref,23569.440,1,0,413921,105963776
simless,6,1,enron_full_409761,exact_ref,23569.440,1,0,413921,105963776
simless,4,1,enron_full_409761,exact_ref,23569.440,1,0,413921,105963776
simless,6,1,enron_full_410980,no_exact_ref,24074.494,0,83,413921,105963776
simless,4,1,enron_full_410980,no_exact_ref,24074.494,0,83,413921,105963776
simless,5,1,enron_full_410980,no_exact_ref,24074.494,0,83,413921,105963776
simless,4,1,enron_full_411073,no_exact_ref,26610.234,0,71,413921,105963776
simless,5,1,enron_full_411073,no_exact_ref,26610.234,0,71,413921,105963776
simless,6,1,enron_full_411073,no_exact_ref,26610.234,0,71,413921,105963776
simless,5,1,enron_full_411853,exact_ref,27261.325,1,0,413921,105963776
simless,6,1,enron_full_411853,exact_ref,27261.325,1,0,413921,105963776
simless,4,1,enron_full_411853,exact_ref,27261.325,1,0,413921,105963776
simless,6,1,enron_full_412435,exact_ref,26654.410,1,0,413921,105963776
simless,4,1,enron_full_412435,exact_ref,26654.410,1,0,413921,105963776
simless,5,1,enron_full_412435,exact_ref,26654.410,1,0,413921,105963776
simless,4,1,enron_full_412836,exact_ref,25836.802,1,0,413921,105963776
simless,5,1,enron_full_412836,exact_ref,25836.802,1,0,413921,105963776
simless,6,1,enron_full_412836,exact_ref,25836.802,1,0,413921,105963776
simless,5,1,enron_full_414414,exact_ref,27895.695,1,0,413921,105963776
simless,6,1,enron_full_414414,exact_ref,27895.695,1,0,413921,105963776
simless,4,1,enron_full_414414,exact_ref,27895.695,1,0,413921,105963776
simless,6,1,enron_full_414620,exact_ref,26024.506,1,0,413921,105963776
simless,4,1,enron_full_414620,exact_ref,26024.506,1,0,413921,105963776
simless,5,1,enron_full_414620,exact_ref,26024.506,1,0,413921,105963776
simless,4,1,enron_full_414624,no_exact_ref,23542.728,0,91,413921,105963776
simless,5,1,enron_full_414624,no_exact_ref,23542.728,0,91,413921,105963776
simless,6,1,enron_full_414624,no_exact_ref,23542.728,0,91,413921,105963776
simless,5,1,enron_full_415032,exact_ref,24174.497,1,0,413921,105963776
simless,6,1,enron_full_415032,exact_ref,24174.497,1,0,413921,105963776
simless,4,1,enron_full_415032,exact_ref,24174.497,1,0,413921,105963776
simless,6,1,enron_full_415416,exact_ref,30258.571,1,0,413921,105963776
simless,4,1,enron_full_415416,exact_ref,30258.571,1,0,413921,105963776
simless,5,1,enron_full_415416,exact_ref,30258.571,1,0,413921,105963776
simless,4,1,enron_full_415425,exact_ref,26771.940,1,0,413921,105963776
simless,5,1,enron_full_415425,exact_ref,26771.940,1,0,413921,105963776
simless,6,1,enron_full_415425,exact_ref,26771.940,1,0,413921,105963776
simless,5,1,enron_full_415589,exact_ref,24614.067,1,0,413921,105963776
simless,6,1,enron_full_415589,exact_ref,24614.067,1,0,413921,105963776
simless,4,1,enron_full_415589,exact_ref,24614.067,1,0,413921,105963776
simless,6,1,enron_full_416173,no_exact_ref,23946.527,0,92,413921,105963776
simless,4,1,enron_full_416173,no_exact_ref,23946.527,0,92,413921,105963776
simless,5,1,enron_full_416173,no_exact_ref,23946.527,0,92,413921,105963776
simless,4,1,enron_full_416275,no_exact_ref,24093.818,0,94,413921,105963776
simless,5,1,enron_full_416275,no_exact_ref,24093.818,0,94,413921,105963776
simless,6,1,enron_full_416275,no_exact_ref,24093.818,0,94,413921,105963776
simless,5,1,enron_full_417397,exact_ref,25109.071,1,0,413921,105963776
simless,6,1,enron_full_417397,exact_ref,25109.071,1,0,413921,105963776
simless,4,1,enron_full_417397,exact_ref,25109.071,1,0,413921,105963776
simless,6,1,enron_full_418145,exact_ref,24506.127,1,0,413921,105963776
simless,4,1,enron_full_418145,exact_ref,24506.127,1,0,413921,105963776
simless,5,1,enron_full_418145,exact_ref,24506.127,1,0,413921,105963776
simless,4,1,enron_full_418173,exact_ref,24908.146,1,0,413921,105963776
simless,5,1,enron_full_418173,exact_ref,24908.146,1,0,413921,105963776
simless,6,1,enron_full_418173,exact_ref,24908.146,1,0,413921,105963776
simless,5,1,enron_full_418938,exact_ref,24618.701,1,0,413921,105963776
simless,6,1,enron_full_418938,exact_ref,24618.701,1,0,413921,105963776
simless,4,1,enron_full_418938,exact_ref,24618.701,1,0,413921,105963776
simless,6,1,enron_full_419715,exact_ref,24800.724,1,0,413921,105963776
simless,4,1,enron_full_419715,exact_ref,24800.724,1,0,413921,105963776
simless,5,1,enron_full_419715,exact_ref,24800.724,1,0,413921,105963776
simless,4,1,enron_full_419787,exact_ref,24067.696,1,0,413921,105963776
simless,5,1,enron_full_419787,exact_ref,24067.696,1,0,413921,105963776
simless,6,1,enron_full_419787,exact_ref,24067.696,1,0,413921,105963776
simless,5,1,enron_full_419936,exact_ref,24699.818,1,0,413921,105963776
simless,6,1,enron_full_419936,exact_ref,24699.818,1,0,413921,105963776
simless,4,1,enron_full_419936,exact_ref,24699.818,1,0,413921,105963776
simless,6,1,enron_full_419992,exact_ref,24988.935,1,0,413921,105963776
simless,4,1,enron_full_419992,exact_ref,24988.935,1,0,413921,105963776
simless,5,1,enron_full_419992,exact_ref,24988.935,1,0,413921,105963776
simless,4,1,enron_full_420340,exact_ref,24159.662,1,0,413921,105963776
simless,5,1,enron_full_420340,exact_ref,24159.662,1,0,413921,105963776
simless,6,1,enron_full_420340,exact_ref,24159.662,1,0,413921,105963776
simless,5,1,enron_full_420635,exact_ref,24885.747,1,0,413921,105963776
simless,6,1,enron_full_420635,exact_ref,24885.747,1,0,413921,105963776
simless,4,1,enron_full_420635,exact_ref,24885.747,1,0,413921,105963776
simless,6,1,enron_full_421070,no_exact_ref,27474.877,0,94,413921,105963776
simless,4,1,enron_full_421070,no_exact_ref,27474.877,0,94,413921,105963776
simless,5,1,enron_full_421070,no_exact_ref,27474.877,0,94,413921,105963776
simless,4,1,enron_full_421581,no_exact_ref,28361.473,0,39,413921,105963776
simless,5,1,enron_full_421581,no_exact_ref,28361.473,0,39,413921,105963776
simless,6,1,enron_full_421581,no_exact_ref,28361.473,0,39,413921,105963776
simless,5,1,enron_full_421659,no_exact_ref,26287.904,0,86,413921,105963776
simless,6,1,enron_full_421659,no_exact_ref,26287.904,0,86,413921,105963776
simless,4,1,enron_full_421659,no_exact_ref,26287.904,0,86,413921,105963776
simless,6,1,enron_full_422214,no_exact_ref,26344.030,0,69,413921,105963776
simless,4,1,enron_full_422214,no_exact_ref,26344.030,0,69,413921,105963776
simless,5,1,enron_full_422214,no_exact_ref,26344.030,0,69,413921,105963776
simless,4,1,enron_full_422408,exact_ref,26052.386,1,0,413921,105963776
simless,5,1,enron_full_422408,exact_ref,26052.386,1,0,413921,105963776
simless,6,1,enron_full_422408,exact_ref,26052.386,1,0,413921,105963776
simless,5,1,enron_full_423045,exact_ref,28121.004,1,0,413921,105963776
simless,6,1,enron_full_423045,exact_ref,28121.004,1,0,413921,105963776
simless,4,1,enron_full_423045,exact_ref,28121.004,1,0,413921,105963776
simless,6,1,enron_full_423694,exact_ref,26337.812,1,0,413921,105963776
simless,4,1,enron_full_423694,exact_ref,26337.812,1,0,413921,105963776
simless,5,1,enron_full_423694,exact_ref,26337.812,1,0,413921,105963776
simless,4,1,enron_full_423789,exact_ref,27946.959,1,0,413921,105963776
simless,5,1,enron_full_423789,exact_ref,27946.959,1,0,413921,105963776
simless,6,1,enron_full_423789,exact_ref,27946.959,1,0,413921,105963776
simless,5,1,enron_full_424183,no_exact_ref,25230.618,1,0,413921,105963776
simless,6,1,enron_full_424183,no_exact_ref,25230.618,1,0,413921,105963776
simless,4,1,enron_full_424183,no_exact_ref,25230.618,1,0,413921,105963776
simless,6,1,enron_full_424691,exact_ref,23666.643,1,0,413921,105963776
simless,4,1,enron_full_424691,exact_ref,23666.643,1,0,413921,105963776
simless,5,1,enron_full_424691,exact_ref,23666.643,1,0,413921,105963776
simless,4,1,enron_full_425035,exact_ref,24159.926,1,0,413921,105963776
simless,5,1,enron_full_425035,exact_ref,24159.926,1,0,413921,105963776
simless,6,1,enron_full_425035,exact_ref,24159.926,1,0,413921,105963776
simless,5,1,enron_full_425166,exact_ref,23442.968,1,0,413921,105963776
simless,6,1,enron_full_425166,exact_ref,23442.968,1,0,413921,105963776
simless,4,1,enron_full_425166,exact_ref,23442.968,1,0,413921,105963776
simless,6,1,enron_full_425789,exact_ref,24148.010,1,0,413921,105963776
simless,4,1,enron_full_425789,exact_ref,24148.010,1,0,413921,105963776
simless,5,1,enron_full_425789,exact_ref,24148.010,1,0,413921,105963776
simless,4,1,enron_full_426054,exact_ref,25484.291,1,0,413921,105963776
simless,5,1,enron_full_426054,exact_ref,25484.291,1,0,413921,105963776
simless,6,1,enron_full_426054,exact_ref,25484.291,1,0,413921,105963776
simless,5,1,enron_full_426288,exact_ref,26810.628,1,0,413921,105963776
simless,6,1,enron_full_426288,exact_ref,26810.628,1,0,413921,105963776
simless,4,1,enron_full_426288,exact_ref,26810.628,1,0,413921,105963776
simless,6,1,enron_full_427733,exact_ref,25947.872,1,0,413921,105963776
simless,4,1,enron_full_427733,exact_ref,25947.872,1,0,413921,105963776
simless,5,1,enron_full_427733,exact_ref,25947.872,1,0,413921,105963776
simless,4,1,enron_full_428515,exact_ref,26512.948,1,0,413921,105963776
simless,5,1,enron_full_428515,exact_ref,26512.948,1,0,413921,105963776
simless,6,1,enron_full_428515,exact_ref,26512.948,1,0,413921,105963776
simless,5,1,enron_full_428895,exact_ref,26615.056,1,0,413921,105963776
simless,6,1,enron_full_428895,exact_ref,26615.056,1,0,413921,105963776
simless,4,1,enron_full_428895,exact_ref,26615.056,1,0,413921,105963776
simless,6,1,enron_full_429441,no_exact_ref,26437.175,0,90,413921,105963776
simless,4,1,enron_full_429441,no_exact_ref,26437.175,0,90,413921,105963776
simless,5,1,enron_full_429441,no_exact_ref,26437.175,0,90,413921,105963776
simless,4,1,enron_full_429986,no_exact_ref,24126.983,0,41,413921,105963776
simless,5,1,enron_full_429986,no_exact_ref,24126.983,0,41,413921,105963776
simless,6,1,enron_full_429986,no_exact_ref,24126.983,0,41,413921,105963776
simless,5,1,enron_full_430065,no_exact_ref,23838.090,0,56,413921,105963776
simless,6,1,enron_full_430065,no_exact_ref,23838.090,0,56,413921,105963776
simless,4,1,enron_full_430065,no_exact_ref,23838.090,0,56,413921,105963776
simless,6,1,enron_full_430260,no_exact_ref,24203.522,0,7,413921,105963776
simless,4,1,enron_full_430260,no_exact_ref,24203.522,0,7,413921,105963776
simless,5,1,enron_full_430260,no_exact_ref,24203.522,0,7,413921,105963776
simless,4,1,enron_full_430592,no_exact_ref,24921.404,0,93,413921,105963776
simless,5,1,enron_full_430592,no_exact_ref,24921.404,0,93,413921,105963776
simless,6,1,enron_full_430592,no_exact_ref,24921.404,0,93,413921,105963776
simless,5,1,enron_full_431423,no_exact_ref,24006.980,0,85,413921,105963776
simless,6,1,enron_full_431423,no_exact_ref,24006.980,0,85,413921,105963776
simless,4,1,enron_full_431423,no_exact_ref,24006.980,0,85,413921,105963776
simless,6,1,enron_full_432116,exact_ref,25738.002,1,0,413921,105963776
simless,4,1,enron_full_432116,exact_ref,25738.002,1,0,413921,105963776
simless,5,1,enron_full_432116,exact_ref,25738.002,1,0,413921,105963776
simless,4,1,enron_full_432508,exact_ref,24817.814,1,0,413921,105963776
simless,5,1,enron_full_432508,exact_ref,24817.814,1,0,413921,105963776
simless,6,1,enron_full_432508,exact_ref,24817.814,1,0,413921,105963776
simless,5,1,enron_full_433686,exact_ref,25998.996,1,0,413921,105963776
simless,6,1,enron_full_433686,exact_ref,25998.996,1,0,413921,105963776
simless,4,1,enron_full_433686,exact_ref,25998.996,1,0,413921,105963776
simless,6,1,enron_full_433711,exact_ref,26382.765,1,0,413921,105963776
simless,4,1,enron_full_433711,exact_ref,26382.765,1,0,413921,105963776
simless,5,1,enron_full_433711,exact_ref,26382.765,1,0,413921,105963776
simless,4,1,enron_full_433823,exact_ref,27733.625,1,0,413921,105963776
simless,5,1,enron_full_433823,exact_ref,27733.625,1,0,413921,105963776
simless,6,1,enron_full_433823,exact_ref,27733.625,1,0,413921,105963776
simless,5,1,enron_full_434515,exact_ref,26708.914,1,0,413921,105963776
simless,6,1,enron_full_434515,exact_ref,26708.914,1,0,413921,105963776
simless,4,1,enron_full_434515,exact_ref,26708.914,1,0,413921,105963776
simless,6,1,enron_full_434661,exact_ref,26000.488,1,0,413921,105963776
simless,4,1,enron_full_434661,exact_ref,26000.488,1,0,413921,105963776
simless,5,1,enron_full_434661,exact_ref,26000.488,1,0,413921,105963776
simless,4,1,enron_full_435743,exact_ref,26166.308,1,0,413921,105963776
simless,5,1,enron_full_435743,exact_ref,26166.308,1,0,413921,105963776
simless,6,1,enron_full_435743,exact_ref,26166.308,1,0,413921,105963776
simless,5,1,enron_full_436019,no_exact_ref,25955.442,0,76,413921,105963776
simless,6,1,enron_full_436019,no_exact_ref,25955.442,0,76,413921,105963776
simless,4,1,enron_full_436019,no_exact_ref,25955.442,0,76,413921,105963776
simless,6,1,enron_full_436309,no_exact_ref,26309.163,0,46,413921,105963776
simless,4,1,enron_full_436309,no_exact_ref,26309.163,0,46,413921,105963776
simless,5,1,enron_full_436309,no_exact_ref,26309.163,0,46,413921,105963776
simless,4,1,enron_full_436431,no_exact_ref,24984.452,0,15,413921,105963776
simless,5,1,enron_full_436431,no_exact_ref,24984.452,0,15,413921,105963776
simless,6,1,enron_full_436431,no_exact_ref,24984.452,0,15,413921,105963776
simless,5,1,enron_full_436454,no_exact_ref,25495.602,0,50,413921,105963776
simless,6,1,enron_full_436454,no_exact_ref,25495.602,0,50,413921,105963776
simless,4,1,enron_full_436454,no_exact_ref,25495.602,0,50,413921,105963776
simless,6,1,enron_full_437873,exact_ref,25137.595,1,0,413921,105963776
simless,4,1,enron_full_437873,exact_ref,25137.595,1,0,413921,105963776
simless,5,1,enron_full_437873,exact_ref,25137.595,1,0,413921,105963776
simless,4,1,enron_full_439573,no_exact_ref,25214.491,0,24,413921,105963776
simless,5,1,enron_full_439573,no_exact_ref,25214.491,0,24,413921,105963776
simless,6,1,enron_full_439573,no_exact_ref,25214.491,0,24,413921,105963776
simless,5,1,enron_full_440276,no_exact_ref,25140.897,0,90,413921,105963776
simless,6,1,enron_full_440276,no_exact_ref,25140.897,0,90,413921,105963776
simless,4,1,enron_full_440276,no_exact_ref,25140.897,0,90,413921,105963776
simless,6,1,enron_full_440707,exact_ref,25741.107,1,0,413921,105963776
simless,4,1,enron_full_440707,exact_ref,25741.107,1,0,413921,105963776
simless,5,1,enron_full_440707,exact_ref,25741.107,1,0,413921,105963776
simless,4,1,enron_full_441744,exact_ref,25366.778,1,0,413921,105963776
simless,5,1,enron_full_441744,exact_ref,25366.778,1,0,413921,105963776
simless,6,1,enron_full_441744,exact_ref,25366.778,1,0,413921,105963776
simless,5,1,enron_full_442093,exact_ref,27264.747,1,0,413921,105963776
simless,6,1,enron_full_442093,exact_ref,27264.747,1,0,413921,105963776
simless,4,1,enron_full_442093,exact_ref,27264.747,1,0,413921,105963776
simless,6,1,enron_full_442322,no_exact_ref,26794.296,0,60,413921,105963776
simless,4,1,enron_full_442322,no_exact_ref,26794.296,0,60,413921,105963776
simless,5,1,enron_full_442322,no_exact_ref,26794.296,0,60,413921,105963776
simless,4,1,enron_full_442524,exact_ref,25903.425,1,0,413921,105963776
simless,5,1,enron_full_442524,exact_ref,25903.425,1,0,413921,105963776
simless,6,1,enron_full_442524,exact_ref,25903.425,1,0,413921,105963776
simless,5,1,enron_full_442558,exact_ref,25435.745,1,0,413921,105963776
simless,6,1,enron_full_442558,exact_ref,25435.745,1,0,413921,105963776
simless,4,1,enron_full_442558,exact_ref,25435.745,1,0,413921,105963776
simless,6,1,enron_full_442662,exact_ref,27869.907,1,0,413921,105963776
simless,4,1,enron_full_442662,exact_ref,27869.907,1,0,413921,105963776
simless,5,1,enron_full_442662,exact_ref,27869.907,1,0,413921,105963776
simless,4,1,enron_full_442954,exact_ref,24580.736,1,0,413921,105963776
simless,5,1,enron_full_442954,exact_ref,24580.736,1,0,413921,105963776
simless,6,1,enron_full_442954,exact_ref,24580.736,1,0,413921,105963776
simless,5,1,enron_full_443309,exact_ref,24862.508,1,0,413921,105963776
simless,6,1,enron_full_443309,exact_ref,24862.508,1,0,413921,105963776
simless,4,1,enron_full_443309,exact_ref,24862.508,1,0,413921,105963776
simless,6,1,enron_full_443772,exact_ref,24476.171,1,0,413921,105963776
simless,4,1,enron_full_443772,exact_ref,24476.171,1,0,413921,105963776
simless,5,1,enron_full_443772,exact_ref,24476.171,1,0,413921,105963776
simless,4,1,enron_full_444240,exact_ref,25425.861,1,0,413921,105963776
simless,5,1,enron_full_444240,exact_ref,25425.861,1,0,413921,105963776
simless,6,1,enron_full_444240,exact_ref,25425.861,1,0,413921,105963776
simless,5,1,enron_full_445163,no_exact_ref,26693.133,0,81,413921,105963776
simless,6,1,enron_full_445163,no_exact_ref,26693.133,0,81,413921,105963776
simless,4,1,enron_full_445163,no_exact_ref,26693.133,0,81,413921,105963776
simless,6,1,enron_full_445774,exact_ref,26277.939,1,0,413921,105963776
simless,4,1,enron_full_445774,exact_ref,26277.939,1,0,413921,105963776
simless,5,1,enron_full_445774,exact_ref,26277.939,1,0,413921,105963776
simless,4,1,enron_full_445830,no_exact_ref,26482.465,0,63,413921,105963776
simless,5,1,enron_full_445830,no_exact_ref,26482.465,0,63,413921,105963776
simless,6,1,enron_full_445830,no_exact_ref,26482.465,0,63,413921,105963776
simless,5,1,enron_full_446457,no_exact_ref,26183.270,0,10,413921,105963776
simless,6,1,enron_full_446457,no_exact_ref,26183.270,0,10,413921,105963776
simless,4,1,enron_full_446457,no_exact_ref,26183.270,0,10,413921,105963776
simless,6,1,enron_full_447336,exact_ref,25960.645,1,0,413921,105963776
simless,4,1,enron_full_447336,exact_ref,25960.645,1,0,413921,105963776
simless,5,1,enron_full_447336,exact_ref,25960.645,1,0,413921,105963776
simless,4,1,enron_full_447596,no_exact_ref,27793.164,0,43,413921,105963776
simless,5,1,enron_full_447596,no_exact_ref,27793.164,0,43,413921,105963776
simless,6,1,enron_full_447596,no_exact_ref,27793.164,0,43,413921,105963776
simless,5,1,enron_full_448246,exact_ref,27486.888,1,0,413921,105963776
simless,6,1,enron_full_448246,exact_ref,27486.888,1,0,413921,105963776
simless,4,1,enron_full_448246,exact_ref,27486.888,1,0,413921,105963776
simless,6,1,enron_full_448315,no_exact_ref,26618.421,1,0,413921,105963776
simless,4,1,enron_full_448315,no_exact_ref,26618.421,1,0,413921,105963776
simless,5,1,enron_full_448315,no_exact_ref,26618.421,1,0,413921,105963776
simless,4,1,enron_full_448897,exact_ref,25793.684,1,0,413921,105963776
simless,5,1,enron_full_448897,exact_ref,25793.684,1,0,413921,105963776
simless,6,1,enron_full_448897,exact_ref,25793.684,1,0,413921,105963776
simless,5,1,enron_full_449771,no_exact_ref,23820.325,0,91,413921,105963776
simless,6,1,enron_full_449771,no_exact_ref,23820.325,0,91,413921,105963776
simless,4,1,enron_full_449771,no_exact_ref,23820.325,0,91,413921,105963776
simless,6,1,enron_full_450293,exact_ref,27437.681,1,0,413921,105963776
simless,4,1,enron_full_450293,exact_ref,27437.681,1,0,413921,105963776
simless,5,1,enron_full_450293,exact_ref,27437.681,1,0,413921,105963776
simless,4,1,enron_full_450584,no_exact_ref,24188.051,0,30,413921,105963776
simless,5,1,enron_full_450584,no_exact_ref,24188.051,0,30,413921,105963776
simless,6,1,enron_full_450584,no_exact_ref,24188.051,0,30,413921,105963776
simless,5,1,enron_full_451624,exact_ref,25306.419,1,0,413921,105963776
simless,6,1,enron_full_451624,exact_ref,25306.419,1,0,413921,105963776
simless,4,1,enron_full_451624,exact_ref,25306.419,1,0,413921,105963776
simless,6,1,enron_full_451708,exact_ref,25537.241,1,0,413921,105963776
simless,4,1,enron_full_451708,exact_ref,25537.241,1,0,413921,105963776
simless,5,1,enron_full_451708,exact_ref,25537.241,1,0,413921,105963776
simless,4,1,enron_full_451980,no_exact_ref,28952.187,0,28,413921,105963776
simless,5,1,enron_full_451980,no_exact_ref,28952.187,0,28,413921,105963776
simless,6,1,enron_full_451980,no_exact_ref,28952.187,0,28,413921,105963776
simless,5,1,enron_full_452075,exact_ref,24782.072,1,0,413921,105963776
simless,6,1,enron_full_452075,exact_ref,24782.072,1,0,413921,105963776
simless,4,1,enron_full_452075,exact_ref,24782.072,1,0,413921,105963776
simless,6,1,enron_full_452624,exact_ref,24345.001,1,0,413921,105963776
simless,4,1,enron_full_452624,exact_ref,24345.001,1,0,413921,105963776
simless,5,1,enron_full_452624,exact_ref,24345.001,1,0,413921,105963776
simless,4,1,enron_full_452665,exact_ref,25061.653,1,0,413921,105963776
simless,5,1,enron_full_452665,exact_ref,25061.653,1,0,413921,105963776
simless,6,1,enron_full_452665,exact_ref,25061.653,1,0,413921,105963776
simless,5,1,enron_full_453158,exact_ref,24709.994,1,0,413921,105963776
simless,6,1,enron_full_453158,exact_ref,24709.994,1,0,413921,105963776
simless,4,1,enron_full_453158,exact_ref,24709.994,1,0,413921,105963776
simless,6,1,enron_full_453577,exact_ref,27292.374,1,0,413921,105963776
simless,4,1,enron_full_453577,exact_ref,27292.374,1,0,413921,105963776
simless,5,1,enron_full_453577,exact_ref,27292.374,1,0,413921,105963776
simless,4,1,enron_full_455974,no_exact_ref,27198.204,1,3,413921,105963776
simless,5,1,enron_full_455974,no_exact_ref,27198.204,1,3,413921,105963776
simless,6,1,enron_full_455974,no_exact_ref,27198.204,1,3,413921,105963776
simless,5,1,enron_full_456283,no_exact_ref,25385.085,0,81,413921,105963776
simless,6,1,enron_full_456283,no_exact_ref,25385.085,0,81,413921,105963776
simless,4,1,enron_full_456283,no_exact_ref,25385.085,0,81,413921,105963776
simless,6,1,enron_full_458074,no_exact_ref,25144.362,0,91,413921,105963776
simless,4,1,enron_full_458074,no_exact_ref,25144.362,0,91,413921,105963776
simless,5,1,enron_full_458074,no_exact_ref,25144.362,0,91,413921,105963776
simless,4,1,enron_full_458660,no_exact_ref,26893.314,0,84,413921,105963776
simless,5,1,enron_full_458660,no_exact_ref,26893.314,0,84,413921,105963776
simless,6,1,enron_full_458660,no_exact_ref,26893.314,0,84,413921,105963776
simless,5,1,enron_full_459917,no_exact_ref,26498.196,0,92,413921,105963776
simless,6,1,enron_full_459917,no_exact_ref,26498.196,0,92,413921,105963776
simless,4,1,enron_full_459917,no_exact_ref,26498.196,0,92,413921,105963776
simless,6,1,enron_full_459959,no_exact_ref,26619.343,0,91,413921,105963776
simless,4,1,enron_full_459959,no_exact_ref,26619.343,0,91,413921,105963776
simless,5,1,enron_full_459959,no_exact_ref,26619.343,0,91,413921,105963776
simless,4,1,enron_full_460573,exact_ref,26054.913,1,0,413921,105963776
simless,5,1,enron_full_460573,exact_ref,26054.913,1,0,413921,105963776
simless,6,1,enron_full_460573,exact_ref,26054.913,1,0,413921,105963776
simless,5,1,enron_full_461053,exact_ref,25431.841,1,0,413921,105963776
simless,6,1,enron_full_461053,exact_ref,25431.841,1,0,413921,105963776
simless,4,1,enron_full_461053,exact_ref,25431.841,1,0,413921,105963776
simless,6,1,enron_full_461203,no_exact_ref,24135.281,0,54,413921,105963776
simless,4,1,enron_full_461203,no_exact_ref,24135.281,0,54,413921,105963776
simless,5,1,enron_full_461203,no_exact_ref,24135.281,0,54,413921,105963776
simless,4,1,enron_full_461474,no_exact_ref,25254.210,0,85,413921,105963776
simless,5,1,enron_full_461474,no_exact_ref,25254.210,0,85,413921,105963776
simless,6,1,enron_full_461474,no_exact_ref,25254.210,0,85,413921,105963776
simless,5,1,enron_full_461621,exact_ref,26283.537,1,0,413921,105963776
simless,6,1,enron_full_461621,exact_ref,26283.537,1,0,413921,105963776
simless,4,1,enron_full_461621,exact_ref,26283.537,1,0,413921,105963776
simless,6,1,enron_full_461648,exact_ref,24418.293,1,0,413921,105963776
simless,4,1,enron_full_461648,exact_ref,24418.293,1,0,413921,105963776
simless,5,1,enron_full_461648,exact_ref,24418.293,1,0,413921,105963776
simless,4,1,enron_full_461948,exact_ref,24916.156,1,0,413921,105963776
simless,5,1,enron_full_461948,exact_ref,24916.156,1,0,413921,105963776
simless,6,1,enron_full_461948,exact_ref,24916.156,1,0,413921,105963776
simless,5,1,enron_full_462616,exact_ref,28097.497,1,0,413921,105963776
simless,6,1,enron_full_462616,exact_ref,28097.497,1,0,413921,105963776
simless,4,1,enron_full_462616,exact_ref,28097.497,1,0,413921,105963776
simless,6,1,enron_full_463151,exact_ref,29176.430,1,0,413921,105963776
simless,4,1,enron_full_463151,exact_ref,29176.430,1,0,413921,105963776
simless,5,1,enron_full_463151,exact_ref,29176.430,1,0,413921,105963776
simless,4,1,enron_full_463936,exact_ref,26224.211,1,0,413921,105963776
simless,5,1,enron_full_463936,exact_ref,26224.211,1,0,413921,105963776
simless,6,1,enron_full_463936,exact_ref,26224.211,1,0,413921,105963776
simless,5,1,enron_full_463955,exact_ref,25622.338,1,0,413921,105963776
simless,6,1,enron_full_463955,exact_ref,25622.338,1,0,413921,105963776
simless,4,1,enron_full_463955,exact_ref,25622.338,1,0,413921,105963776
simless,6,1,enron_full_463976,exact_ref,25465.699,1,0,413921,105963776
simless,4,1,enron_full_463976,exact_ref,25465.699,1,0,413921,105963776
simless,5,1,enron_full_463976,exact_ref,25465.699,1,0,413921,105963776
simless,4,1,enron_full_465574,exact_ref,24661.563,1,0,413921,105963776
simless,5,1,enron_full_465574,exact_ref,24661.563,1,0,413921,105963776
simless,6,1,enron_full_465574,exact_ref,24661.563,1,0,413921,105963776
simless,5,1,enron_full_466018,exact_ref,25156.841,1,0,413921,105963776
simless,6,1,enron_full_466018,exact_ref,25156.841,1,0,413921,105963776
simless,4,1,enron_full_466018,exact_ref,25156.841,1,0,413921,105963776
simless,6,1,enron_full_466387,exact_ref,25155.611,1,0,413921,105963776
simless,4,1,enron_full_466387,exact_ref,25155.611,1,0,413921,105963776
simless,5,1,enron_full_466387,exact_ref,25155.611,1,0,413921,105963776
simless,4,1,enron_full_466533,exact_ref,24150.482,1,0,413921,105963776
simless,5,1,enron_full_466533,exact_ref,24150.482,1,0,413921,105963776
simless,6,1,enron_full_466533,exact_ref,24150.482,1,0,413921,105963776
simless,5,1,enron_full_466708,exact_ref,24265.634,1,0,413921,105963776
simless,6,1,enron_full_466708,exact_ref,24265.634,1,0,413921,105963776
simless,4,1,enron_full_466708,exact_ref,24265.634,1,0,413921,105963776
simless,6,1,enron_full_467278,exact_ref,26115.680,1,0,413921,105963776
simless,4,1,enron_full_467278,exact_ref,26115.680,1,0,413921,105963776
simless,5,1,enron_full_467278,exact_ref,26115.680,1,0,413921,105963776
simless,4,1,enron_full_467576,exact_ref,27021.498,1,0,413921,105963776
simless,5,1,enron_full_467576,exact_ref,27021.498,1,0,413921,105963776
simless,6,1,enron_full_467576,exact_ref,27021.498,1,0,413921,105963776
simless,5,1,enron_full_467913,exact_ref,26588.681,1,0,413921,105963776
simless,6,1,enron_full_467913,exact_ref,26588.681,1,0,413921,105963776
simless,4,1,enron_full_467913,exact_ref,26588.681,1,0,413921,105963776
simless,6,1,enron_full_468001,exact_ref,26703.836,1,0,413921,105963776
simless,4,1,enron_full_468001,exact_ref,26703.836,1,0,413921,105963776
simless,5,1,enron_full_468001,exact_ref,26703.836,1,0,413921,105963776
simless,4,1,enron_full_468241,exact_ref,26474.406,1,0,413921,105963776
simless,5,1,enron_full_468241,exact_ref,26474.406,1,0,413921,105963776
simless,6,1,enron_full_468241,exact_ref,26474.406,1,0,413921,105963776
simless,5,1,enron_full_468948,exact_ref,30102.402,1,0,413921,105963776
simless,6,1,enron_full_468948,exact_ref,30102.402,1,0,413921,105963776
simless,4,1,enron_full_468948,exact_ref,30102.402,1,0,413921,105963776
simless,6,1,enron_full_469104,exact_ref,26404.306,1,0,413921,105963776
simless,4,1,enron_full_469104,exact_ref,26404.306,1,0,413921,105963776
simless,5,1,enron_full_469104,exact_ref,26404.306,1,0,413921,105963776
simless,4,1,enron_full_469441,exact_ref,24739.988,1,0,413921,105963776
simless,5,1,enron_full_469441,exact_ref,24739.988,1,0,413921,105963776
simless,6,1,enron_full_469441,exact_ref,24739.988,1,0,413921,105963776
simless,5,1,enron_full_470510,exact_ref,25454.893,1,0,413921,105963776
simless,6,1,enron_full_470510,exact_ref,25454.893,1,0,413921,105963776
simless,4,1,enron_full_470510,exact_ref,25454.893,1,0,413921,105963776
simless,6,1,enron_full_471172,exact_ref,24790.024,1,0,413921,105963776
simless,4,1,enron_full_471172,exact_ref,24790.024,1,0,413921,105963776
simless,5,1,enron_full_471172,exact_ref,24790.024,1,0,413921,105963776
simless,4,1,enron_full_472398,exact_ref,24411.865,1,0,413921,105963776
simless,5,1,enron_full_472398,exact_ref,24411.865,1,0,413921,105963776
simless,6,1,enron_full_472398,exact_ref,24411.865,1,0,413921,105963776
simless,5,1,enron_full_473353,exact_ref,24198.241,1,0,413921,105963776
simless,6,1,enron_full_473353,exact_ref,24198.241,1,0,413921,105963776
simless,4,1,enron_full_473353,exact_ref,24198.241,1,0,413921,105963776
simless,6,1,enron_full_473987,no_exact_ref,24410.592,0,88,413921,105963776
simless,4,1,enron_full_473987,no_exact_ref,24410.592,0,88,413921,105963776
simless,5,1,enron_full_473987,no_exact_ref,24410.592,0,88,413921,105963776
simless,4,1,enron_full_474902,exact_ref,25128.329,1,0,413921,105963776
simless,5,1,enron_full_474902,exact_ref,25128.329,1,0,413921,105963776
simless,6,1,enron_full_474902,exact_ref,25128.329,1,0,413921,105963776
simless,5,1,enron_full_476646,exact_ref,25032.171,1,0,413921,105963776
simless,6,1,enron_full_476646,exact_ref,25032.171,1,0,413921,105963776
simless,4,1,enron_full_476646,exact_ref,25032.171,1,0,413921,105963776
simless,6,1,enron_full_476866,exact_ref,25507.192,1,0,413921,105963776
simless,4,1,enron_full_476866,exact_ref,25507.192,1,0,413921,105963776
simless,5,1,enron_full_476866,exact_ref,25507.192,1,0,413921,105963776
simless,4,1,enron_full_476952,exact_ref,25730.730,1,0,413921,105963776
simless,5,1,enron_full_476952,exact_ref,25730.730,1,0,413921,105963776
simless,6,1,enron_full_476952,exact_ref,25730.730,1,0,413921,105963776
simless,5,1,enron_full_478933,no_exact_ref,24695.627,0,68,413921,105963776
simless,6,1,enron_full_478933,no_exact_ref,24695.627,0,68,413921,105963776
simless,4,1,enron_full_478933,no_exact_ref,24695.627,0,68,413921,105963776
simless,6,1,enron_full_479947,no_exact_ref,26960.062,0,90,413921,105963776
simless,4,1,enron_full_479947,no_exact_ref,26960.062,0,90,413921,105963776
simless,5,1,enron_full_479947,no_exact_ref,26960.062,0,90,413921,105963776
simless,4,1,enron_full_480468,no_exact_ref,26802.388,0,58,413921,105963776
simless,5,1,enron_full_480468,no_exact_ref,26802.388,0,58,413921,105963776
simless,6,1,enron_full_480468,no_exact_ref,26802.388,0,58,413921,105963776
simless,5,1,enron_full_480848,exact_ref,25490.334,1,0,413921,105963776
simless,6,1,enron_full_480848,exact_ref,25490.334,1,0,413921,105963776
simless,4,1,enron_full_480848,exact_ref,25490.334,1,0,413921,105963776
simless,6,1,enron_full_481384,exact_ref,24015.865,1,0,413921,105963776
simless,4,1,enron_full_481384,exact_ref,24015.865,1,0,413921,105963776
simless,5,1,enron_full_481384,exact_ref,24015.865,1,0,413921,105963776
simless,4,1,enron_full_481691,exact_ref,24024.454,1,0,413921,105963776
simless,5,1,enron_full_481691,exact_ref,24024.454,1,0,413921,105963776
simless,6,1,enron_full_481691,exact_ref,24024.454,1,0,413921,105963776
simless,5,1,enron_full_481940,exact_ref,23678.763,1,0,413921,105963776
simless,6,1,enron_full_481940,exact_ref,23678.763,1,0,413921,105963776
simless,4,1,enron_full_481940,exact_ref,23678.763,1,0,413921,105963776
simless,6,1,enron_full_482039,exact_ref,24048.043,1,0,413921,105963776
simless,4,1,enron_full_482039,exact_ref,24048.043,1,0,413921,105963776
simless,5,1,enron_full_482039,exact_ref,24048.043,1,0,413921,105963776
simless,4,1,enron_full_482398,no_exact_ref,24313.238,0,60,413921,105963776
simless,5,1,enron_full_482398,no_exact_ref,24313.238,0,60,413921,105963776
simless,6,1,enron_full_482398,no_exact_ref,24313.238,0,60,413921,105963776
simless,5,1,enron_full_482679,no_exact_ref,28300.908,0,72,413921,105963776
simless,6,1,enron_full_482679,no_exact_ref,28300.908,0,72,413921,105963776
simless,4,1,enron_full_482679,no_exact_ref,28300.908,0,72,413921,105963776
simless,6,1,enron_full_482700,exact_ref,26967.636,1,0,413921,105963776
simless,4,1,enron_full_482700,exact_ref,26967.636,1,0,413921,105963776
simless,5,1,enron_full_482700,exact_ref,26967.636,1,0,413921,105963776
simless,4,1,enron_full_482778,exact_ref,26364.091,1,0,413921,105963776
simless,5,1,enron_full_482778,exact_ref,26364.091,1,0,413921,105963776
simless,6,1,enron_full_482778,exact_ref,26364.091,1,0,413921,105963776
simless,5,1,enron_full_482919,exact_ref,25602.068,1,0,413921,105963776
simless,6,1,enron_full_482919,exact_ref,25602.068,1,0,413921,105963776
simless,4,1,enron_full_482919,exact_ref,25602.068,1,0,413921,105963776
simless,6,1,enron_full_483941,exact_ref,28824.920,1,0,413921,105963776
simless,4,1,enron_full_483941,exact_ref,28824.920,1,0,413921,105963776
simless,5,1,enron_full_483941,exact_ref,28824.920,1,0,413921,105963776
simless,4,1,enron_full_484013,exact_ref,23956.190,1,0,413921,105963776
simless,5,1,enron_full_484013,exact_ref,23956.190,1,0,413921,105963776
simless,6,1,enron_full_484013,exact_ref,23956.190,1,0,413921,105963776
simless,5,1,enron_full_485161,exact_ref,27714.635,1,0,413921,105963776
simless,6,1,enron_full_485161,exact_ref,27714.635,1,0,413921,105963776
simless,4,1,enron_full_485161,exact_ref,27714.635,1,0,413921,105963776
simless,6,1,enron_full_485319,exact_ref,27861.027,1,0,413921,105963776
simless,4,1,enron_full_485319,exact_ref,27861.027,1,0,413921,105963776
simless,5,1,enron_full_485319,exact_ref,27861.027,1,0,413921,105963776
simless,4,1,enron_full_485507,no_exact_ref,25410.724,0,18,413921,105963776
simless,5,1,enron_full_485507,no_exact_ref,25410.724,0,18,413921,105963776
simless,6,1,enron_full_485507,no_exact_ref,25410.724,0,18,413921,105963776
simless,5,1,enron_full_485652,no_exact_ref,22485.474,0,85,413921,105963776
simless,6,1,enron_full_485652,no_exact_ref,22485.474,0,85,413921,105963776
simless,4,1,enron_full_485652,no_exact_ref,22485.474,0,85,413921,105963776
simless,6,1,enron_full_485802,no_exact_ref,23945.015,0,69,413921,105963776
simless,4,1,enron_full_485802,no_exact_ref,23945.015,0,69,413921,105963776
simless,5,1,enron_full_485802,no_exact_ref,23945.015,0,69,413921,105963776
simless,4,1,enron_full_486590,exact_ref,22427.187,1,0,413921,105963776
simless,5,1,enron_full_486590,exact_ref,22427.187,1,0,413921,105963776
simless,6,1,enron_full_486590,exact_ref,22427.187,1,0,413921,105963776
simless,5,1,enron_full_486718,exact_ref,22704.856,1,0,413921,105963776
simless,6,1,enron_full_486718,exact_ref,22704.856,1,0,413921,105963776
simless,4,1,enron_full_486718,exact_ref,22704.856,1,0,413921,105963776
simless,6,1,enron_full_487009,no_exact_ref,23955.594,0,26,413921,105963776
simless,4,1,enron_full_487009,no_exact_ref,23955.594,0,26,413921,105963776
simless,5,1,enron_full_487009,no_exact_ref,23955.594,0,26,413921,105963776
simless,4,1,enron_full_487095,no_exact_ref,26668.110,0,92,413921,105963776
simless,5,1,enron_full_487095,no_exact_ref,26668.110,0,92,413921,105963776
simless,6,1,enron_full_487095,no_exact_ref,26668.110,0,92,413921,105963776
simless,5,1,enron_full_487221,exact_ref,25925.738,1,0,413921,105963776
simless,6,1,enron_full_487221,exact_ref,25925.738,1,0,413921,105963776
simless,4,1,enron_full_487221,exact_ref,25925.738,1,0,413921,105963776
simless,6,1,enron_full_488455,no_exact_ref,24216.738,0,67,413921,105963776
simless,4,1,enron_full_488455,no_exact_ref,24216.738,0,67,413921,105963776
simless,5,1,enron_full_488455,no_exact_ref,24216.738,0,67,413921,105963776
simless,4,1,enron_full_488704,no_exact_ref,22351.559,1,1,413921,105963776
simless,5,1,enron_full_488704,no_exact_ref,22351.559,1,1,413921,105963776
simless,6,1,enron_full_488704,no_exact_ref,22351.559,1,1,413921,105963776
simless,5,1,enron_full_489126,no_exact_ref,22755.664,0,93,413921,105963776
simless,6,1,enron_full_489126,no_exact_ref,22755.664,0,93,413921,105963776
simless,4,1,enron_full_489126,no_exact_ref,22755.664,0,93,413921,105963776
simless,6,1,enron_full_490171,no_exact_ref,22595.226,0,86,413921,105963776
simless,4,1,enron_full_490171,no_exact_ref,22595.226,0,86,413921,105963776
simless,5,1,enron_full_490171,no_exact_ref,22595.226,0,86,413921,105963776
simless,4,1,enron_full_490913,exact_ref,23039.189,1,0,413921,105963776
simless,5,1,enron_full_490913,exact_ref,23039.189,1,0,413921,105963776
simless,6,1,enron_full_490913,exact_ref,23039.189,1,0,413921,105963776
simless,5,1,enron_full_491597,exact_ref,27485.841,1,0,413921,105963776
simless,6,1,enron_full_491597,exact_ref,27485.841,1,0,413921,105963776
simless,4,1,enron_full_491597,exact_ref,27485.841,1,0,413921,105963776
simless,6,1,enron_full_491993,no_exact_ref,26515.719,0,91,413921,105963776
simless,4,1,enron_full_491993,no_exact_ref,26515.719,0,91,413921,105963776
simless,5,1,enron_full_491993,no_exact_ref,26515.719,0,91,413921,105963776
simless,4,1,enron_full_492310,no_exact_ref,24883.745,0,13,413921,105963776
simless,5,1,enron_full_492310,no_exact_ref,24883.745,0,13,413921,105963776
simless,6,1,enron_full_492310,no_exact_ref,24883.745,0,13,413921,105963776
simless,5,1,enron_full_492624,exact_ref,24879.723,1,0,413921,105963776
simless,6,1,enron_full_492624,exact_ref,24879.723,1,0,413921,105963776
simless,4,1,enron_full_492624,exact_ref,24879.723,1,0,413921,105963776
simless,6,1,enron_full_492762,no_exact_ref,27781.597,0,69,413921,105963776
simless,4,1,enron_full_492762,no_exact_ref,27781.597,0,69,413921,105963776
simless,5,1,enron_full_492762,no_exact_ref,27781.597,0,69,413921,105963776
simless,4,1,enron_full_493081,no_exact_ref,25288.767,0,50,413921,105963776
simless,5,1,enron_full_493081,no_exact_ref,25288.767,0,50,413921,105963776
simless,6,1,enron_full_493081,no_exact_ref,25288.767,0,50,413921,105963776
simless,5,1,enron_full_493173,no_exact_ref,26320.652,0,90,413921,105963776
simless,6,1,enron_full_493173,no_exact_ref,26320.652,0,90,413921,105963776
simless,4,1,enron_full_493173,no_exact_ref,26320.652,0,90,413921,105963776
simless,6,1,enron_full_494836,no_exact_ref,25415.576,0,9,413921,105963776
simless,4,1,enron_full_494836,no_exact_ref,25415.576,0,9,413921,105963776
simless,5,1,enron_full_494836,no_exact_ref,25415.576,0,9,413921,105963776
simless,4,1,enron_full_495207,no_exact_ref,24033.913,0,94,413921,105963776
simless,5,1,enron_full_495207,no_exact_ref,24033.913,0,94,413921,105963776
simless,6,1,enron_full_495207,no_exact_ref,24033.913,0,94,413921,105963776
simless,5,1,enron_full_496303,no_exact_ref,24970.700,0,47,413921,105963776
simless,6,1,enron_full_496303,no_exact_ref,24970.700,0,47,413921,105963776
simless,4,1,enron_full_496303,no_exact_ref,24970.700,0,47,413921,105963776
simless,6,1,enron_full_497180,exact_ref,23244.064,1,0,413921,105963776
simless,4,1,enron_full_497180,exact_ref,23244.064,1,0,413921,105963776
simless,5,1,enron_full_497180,exact_ref,23244.064,1,0,413921,105963776
simless,4,1,enron_full_498346,no_exact_ref,24129.645,0,93,413921,105963776
simless,5,1,enron_full_498346,no_exact_ref,24129.645,0,93,413921,105963776
simless,6,1,enron_full_498346,no_exact_ref,24129.645,0,93,413921,105963776
simless,5,1,enron_full_498425,exact_ref,23736.291,1,0,413921,105963776
simless,6,1,enron_full_498425,exact_ref,23736.291,1,0,413921,105963776
simless,4,1,enron_full_498425,exact_ref,23736.291,1,0,413921,105963776
simless,6,1,enron_full_498832,exact_ref,24570.006,1,0,413921,105963776
simless,4,1,enron_full_498832,exact_ref,24570.006,1,0,413921,105963776
simless,5,1,enron_full_498832,exact_ref,24570.006,1,0,413921,105963776
simless,4,1,enron_full_499190,exact_ref,25972.079,1,0,413921,105963776
simless,5,1,enron_full_499190,exact_ref,25972.079,1,0,413921,105963776
simless,6,1,enron_full_499190,exact_ref,25972.079,1,0,413921,105963776
simless,5,1,enron_full_499335,exact_ref,26554.364,1,0,413921,105963776
simless,6,1,enron_full_499335,exact_ref,26554.364,1,0,413921,105963776
simless,4,1,enron_full_499335,exact_ref,26554.364,1,0,413921,105963776
simless,6,1,enron_full_500125,exact_ref,25705.379,1,0,413921,105963776
simless,4,1,enron_full_500125,exact_ref,25705.379,1,0,413921,105963776
simless,5,1,enron_full_500125,exact_ref,25705.379,1,0,413921,105963776
simless,4,1,enron_full_500480,exact_ref,23545.378,1,0,413921,105963776
simless,5,1,enron_full_500480,exact_ref,23545.378,1,0,413921,105963776
simless,6,1,enron_full_500480,exact_ref,23545.378,1,0,413921,105963776
simless,5,1,enron_full_500856,exact_ref,23337.406,1,0,413921,105963776
simless,6,1,enron_full_500856,exact_ref,23337.406,1,0,413921,105963776
simless,4,1,enron_full_500856,exact_ref,23337.406,1,0,413921,105963776
simless,6,1,enron_full_501389,exact_ref,24181.813,1,0,413921,105963776
simless,4,1,enron_full_501389,exact_ref,24181.813,1,0,413921,105963776
simless,5,1,enron_full_501389,exact_ref,24181.813,1,0,413921,105963776
simless,4,1,enron_full_501995,no_exact_ref,25170.975,1,0,413921,105963776
simless,5,1,enron_full_501995,no_exact_ref,25170.975,1,0,413921,105963776
simless,6,1,enron_full_501995,no_exact_ref,25170.975,1,0,413921,105963776
simless,5,1,enron_full_503996,no_exact_ref,24031.265,0,95,413921,105963776
simless,6,1,enron_full_503996,no_exact_ref,24031.265,0,95,413921,105963776
simless,4,1,enron_full_503996,no_exact_ref,24031.265,0,95,413921,105963776
simless,6,1,enron_full_504214,no_exact_ref,23142.568,0,34,413921,105963776
simless,4,1,enron_full_504214,no_exact_ref,23142.568,0,34,413921,105963776
simless,5,1,enron_full_504214,no_exact_ref,23142.568,0,34,413921,105963776
simless,4,1,enron_full_504672,exact_ref,23843.278,1,0,413921,105963776
simless,5,1,enron_full_504672,exact_ref,23843.278,1,0,413921,105963776
simless,6,1,enron_full_504672,exact_ref,23843.278,1,0,413921,105963776
simless,5,1,enron_full_506077,no_exact_ref,26689.810,0,83,413921,105963776
simless,6,1,enron_full_506077,no_exact_ref,26689.810,0,83,413921,105963776
simless,4,1,enron_full_506077,no_exact_ref,26689.810,0,83,413921,105963776
simless,6,1,enron_full_506313,no_exact_ref,23922.002,0,62,413921,105963776
simless,4,1,enron_full_506313,no_exact_ref,23922.002,0,62,413921,105963776
simless,5,1,enron_full_506313,no_exact_ref,23922.002,0,62,413921,105963776
simless,4,1,enron_full_506691,no_exact_ref,23202.626,0,90,413921,105963776
simless,5,1,enron_full_506691,no_exact_ref,23202.626,0,90,413921,105963776
simless,6,1,enron_full_506691,no_exact_ref,23202.626,0,90,413921,105963776
simless,5,1,enron_full_506951,no_exact_ref,23778.773,0,36,413921,105963776
simless,6,1,enron_full_506951,no_exact_ref,23778.773,0,36,413921,105963776
simless,4,1,enron_full_506951,no_exact_ref,23778.773,0,36,413921,105963776
simless,6,1,enron_full_508297,exact_ref,26957.688,1,0,413921,105963776
simless,4,1,enron_full_508297,exact_ref,26957.688,1,0,413921,105963776
simless,5,1,enron_full_508297,exact_ref,26957.688,1,0,413921,105963776
simless,4,1,enron_full_508633,no_exact_ref,26384.028,1,0,413921,105963776
simless,5,1,enron_full_508633,no_exact_ref,26384.028,1,0,413921,105963776
simless,6,1,enron_full_508633,no_exact_ref,26384.028,1,0,413921,105963776
simless,5,1,enron_full_509309,exact_ref,26610.681,1,0,413921,105963776
simless,6,1,enron_full_509309,exact_ref,26610.681,1,0,413921,105963776
simless,4,1,enron_full_509309,exact_ref,26610.681,1,0,413921,105963776
simless,6,1,enron_full_509898,exact_ref,26062.281,1,0,413921,105963776
simless,4,1,enron_full_509898,exact_ref,26062.281,1,0,413921,105963776
simless,5,1,enron_full_509898,exact_ref,26062.281,1,0,413921,105963776
simless,4,1,enron_full_511005,exact_ref,24258.626,1,0,413921,105963776
simless,5,1,enron_full_511005,exact_ref,24258.626,1,0,413921,105963776
simless,6,1,enron_full_511005,exact_ref,24258.626,1,0,413921,105963776
simless,5,1,enron_full_513543,no_exact_ref,27220.410,0,26,413921,105963776
simless,6,1,enron_full_513543,no_exact_ref,27220.410,0,26,413921,105963776
simless,4,1,enron_full_513543,no_exact_ref,27220.410,0,26,413921,105963776
simless,6,1,enron_full_513857,exact_ref,26937.455,1,0,413921,105963776
simless,4,1,enron_full_513857,exact_ref,26937.455,1,0,413921,105963776
simless,5,1,enron_full_513857,exact_ref,26937.455,1,0,413921,105963776
simless,4,1,enron_full_514823,no_exact_ref,24716.039,0,66,413921,105963776
simless,5,1,enron_full_514823,no_exact_ref,24716.039,0,66,413921,105963776
simless,6,1,enron_full_514823,no_exact_ref,24716.039,0,66,413921,105963776
simless,5,1,enron_full_514984,exact_ref,23737.950,1,0,413921,105963776
simless,6,1,enron_full_514984,exact_ref,23737.950,1,0,413921,105963776
simless,4,1,enron_full_514984,exact_ref,23737.950,1,0,413921,105963776
simless,6,1,enron_full_515092,no_exact_ref,23548.436,0,34,413921,105963776
simless,4,1,enron_full_515092,no_exact_ref,23548.436,0,34,413921,105963776
simless,5,1,enron_full_515092,no_exact_ref,23548.436,0,34,413921,105963776
simless,4,1,enron_full_515627,no_exact_ref,23409.652,0,45,413921,105963776
simless,5,1,enron_full_515627,no_exact_ref,23409.652,0,45,413921,105963776
simless,6,1,enron_full_515627,no_exact_ref,23409.652,0,45,413921,105963776
simless,5,1,enron_full_515714,no_exact_ref,23678.458,0,62,413921,105963776
simless,6,1,enron_full_515714,no_exact_ref,23678.458,0,62,413921,105963776
simless,4,1,enron_full_515714,no_exact_ref,23678.458,0,62,413921,105963776
simless,6,1,enron_full_516032,exact_ref,26443.718,1,0,413921,105963776
simless,4,1,enron_full_516032,exact_ref,26443.718,1,0,413921,105963776
simless,5,1,enron_full_516032,exact_ref,26443.718,1,0,413921,105963776
simless,4,1,enron_full_516843,no_exact_ref,24590.595,0,27,413921,105963776
simless,5,1,enron_full_516843,no_exact_ref,24590.595,0,27,413921,105963776
simless,6,1,enron_full_516843,no_exact_ref,24590.595,0,27,413921,105963776
simless,5,1,enron_full_516871,no_exact_ref,24124.709,0,93,413921,105963776
simless,6,1,enron_full_516871,no_exact_ref,24124.709,0,93,413921,105963776
simless,4,1,enron_full_516871,no_exact_ref,24124.709,0,93,413921,105963776
simless,6,2,enron_full_000202,exact_ref,25902.739,1,0,413921,105963776
simless,4,2,enron_full_000202,exact_ref,25902.739,1,0,413921,105963776
simless,5,2,enron_full_000202,exact_ref,25902.739,1,0,413921,105963776
simless,4,2,enron_full_000664,exact_ref,26413.999,1,0,413921,105963776
simless,5,2,enron_full_000664,exact_ref,26413.999,1,0,413921,105963776
simless,6,2,enron_full_000664,exact_ref,26413.999,1,0,413921,105963776
simless,5,2,enron_full_001289,no_exact_ref,25118.522,0,70,413921,105963776
simless,6,2,enron_full_001289,no_exact_ref,25118.522,0,70,413921,105963776
simless,4,2,enron_full_001289,no_exact_ref,25118.522,0,70,413921,105963776
simless,6,2,enron_full_001379,no_exact_ref,24577.930,0,53,413921,105963776
simless,4,2,enron_full_001379,no_exact_ref,24577.930,0,53,413921,105963776
simless,5,2,enron_full_001379,no_exact_ref,24577.930,0,53,413921,105963776
simless,4,2,enron_full_001488,no_exact_ref,24686.905,0,44,413921,105963776
simless,5,2,enron_full_001488,no_exact_ref,24686.905,0,44,413921,105963776
simless,6,2,enron_full_001488,no_exact_ref,24686.905,0,44,413921,105963776
simless,5,2,enron_full_001525,exact_ref,24934.611,1,0,413921,105963776
simless,6,2,enron_full_001525,exact_ref,24934.611,1,0,413921,105963776
simless,4,2,enron_full_001525,exact_ref,24934.611,1,0,413921,105963776
simless,6,2,enron_full_002220,exact_ref,25249.285,1,0,413921,105963776
simless,4,2,enron_full_002220,exact_ref,25249.285,1,0,413921,105963776
simless,5,2,enron_full_002220,exact_ref,25249.285,1,0,413921,105963776
simless,4,2,enron_full_004616,exact_ref,23770.691,1,0,413921,105963776
simless,5,2,enron_full_004616,exact_ref,23770.691,1,0,413921,105963776
simless,6,2,enron_full_004616,exact_ref,23770.691,1,0,413921,105963776
simless,5,2,enron_full_005913,exact_ref,24901.746,1,0,413921,105963776
simless,6,2,enron_full_005913,exact_ref,24901.746,1,0,413921,105963776
simless,4,2,enron_full_005913,exact_ref,24901.746,1,0,413921,105963776
simless,6,2,enron_full_006211,exact_ref,26583.260,1,0,413921,105963776
simless,4,2,enron_full_006211,exact_ref,26583.260,1,0,413921,105963776
simless,5,2,enron_full_006211,exact_ref,26583.260,1,0,413921,105963776
simless,4,2,enron_full_006276,exact_ref,26537.018,1,0,413921,105963776
simless,5,2,enron_full_006276,exact_ref,26537.018,1,0,413921,105963776
simless,6,2,enron_full_006276,exact_ref,26537.018,1,0,413921,105963776
simless,5,2,enron_full_006379,no_exact_ref,26245.163,0,93,413921,105963776
simless,6,2,enron_full_006379,no_exact_ref,26245.163,0,93,413921,105963776
simless,4,2,enron_full_006379,no_exact_ref,26245.163,0,93,413921,105963776
simless,6,2,enron_full_006771,exact_ref,25302.335,1,0,413921,105963776
simless,4,2,enron_full_006771,exact_ref,25302.335,1,0,413921,105963776
simless,5,2,enron_full_006771,exact_ref,25302.335,1,0,413921,105963776
simless,4,2,enron_full_007411,no_exact_ref,25291.803,0,92,413921,105963776
simless,5,2,enron_full_007411,no_exact_ref,25291.803,0,92,413921,105963776
simless,6,2,enron_full_007411,no_exact_ref,25291.803,0,92,413921,105963776
simless,5,2,enron_full_008064,exact_ref,26500.840,1,0,413921,105963776
simless,6,2,enron_full_008064,exact_ref,26500.840,1,0,413921,105963776
simless,4,2,enron_full_008064,exact_ref,26500.840,1,0,413921,105963776
simless,6,2,enron_full_008136,no_exact_ref,26314.647,0,16,413921,105963776
simless,4,2,enron_full_008136,no_exact_ref,26314.647,0,16,413921,105963776
simless,5,2,enron_full_008136,no_exact_ref,26314.647,0,16,413921,105963776
simless,4,2,enron_full_008648,exact_ref,24362.308,1,0,413921,105963776
simless,5,2,enron_full_008648,exact_ref,24362.308,1,0,413921,105963776
simless,6,2,enron_full_008648,exact_ref,24362.308,1,0,413921,105963776
simless,5,2,enron_full_008924,exact_ref,27449.340,1,0,413921,105963776
simless,6,2,enron_full_008924,exact_ref,27449.340,1,0,413921,105963776
simless,4,2,enron_full_008924,exact_ref,27449.340,1,0,413921,105963776
simless,6,2,enron_full_009142,exact_ref,23591.334,1,0,413921,105963776
simless,4,2,enron_full_009142,exact_ref,23591.334,1,0,413921,105963776
simless,5,2,enron_full_009142,exact_ref,23591.334,1,0,413921,105963776
simless,4,2,enron_full_009200,exact_ref,23986.861,1,0,413921,105963776
simless,5,2,enron_full_009200,exact_ref,23986.861,1,0,413921,105963776
simless,6,2,enron_full_009200,exact_ref,23986.861,1,0,413921,105963776
simless,5,2,enron_full_009568,no_exact_ref,24950.588,0,91,413921,105963776
simless,6,2,enron_full_009568,no_exact_ref,24950.588,0,91,413921,105963776
simless,4,2,enron_full_009568,no_exact_ref,24950.588,0,91,413921,105963776
simless,6,2,enron_full_009735,no_exact_ref,24736.699,0,94,413921,105963776
simless,4,2,enron_full_009735,no_exact_ref,24736.699,0,94,413921,105963776
simless,5,2,enron_full_009735,no_exact_ref,24736.699,0,94,413921,105963776
simless,4,2,enron_full_011924,exact_ref,26605.530,1,0,413921,105963776
simless,5,2,enron_full_011924,exact_ref,26605.530,1,0,413921,105963776
simless,6,2,enron_full_011924,exact_ref,26605.530,1,0,413921,105963776
simless,5,2,enron_full_012156,exact_ref,24122.024,1,0,413921,105963776
simless,6,2,enron_full_012156,exact_ref,24122.024,1,0,413921,105963776
simless,4,2,enron_full_012156,exact_ref,24122.024,1,0,413921,105963776
simless,6,2,enron_full_012651,exact_ref,24792.437,1,0,413921,105963776
simless,4,2,enron_full_012651,exact_ref,24792.437,1,0,413921,105963776
simless,5,2,enron_full_012651,exact_ref,24792.437,1,0,413921,105963776
simless,4,2,enron_full_013576,exact_ref,23640.607,1,0,413921,105963776
simless,5,2,enron_full_013576,exact_ref,23640.607,1,0,413921,105963776
simless,6,2,enron_full_013576,exact_ref,23640.607,1,0,413921,105963776
simless,5,2,enron_full_013941,exact_ref,24318.901,1,0,413921,105963776
simless,6,2,enron_full_013941,exact_ref,24318.901,1,0,413921,105963776
simless,4,2,enron_full_013941,exact_ref,24318.901,1,0,413921,105963776
simless,6,2,enron_full_014539,exact_ref,24608.755,1,0,413921,105963776
simless,4,2,enron_full_014539,exact_ref,24608.755,1,0,413921,105963776
simless,5,2,enron_full_014539,exact_ref,24608.755,1,0,413921,105963776
simless,4,2,enron_full_014678,exact_ref,26118.123,1,0,413921,105963776
simless,5,2,enron_full_014678,exact_ref,26118.123,1,0,413921,105963776
simless,6,2,enron_full_014678,exact_ref,26118.123,1,0,413921,105963776
simless,5,2,enron_full_015568,exact_ref,27546.491,1,0,413921,105963776
simless,6,2,enron_full_015568,exact_ref,27546.491,1,0,413921,105963776
simless,4,2,enron_full_015568,exact_ref,27546.491,1,0,413921,105963776
simless,6,2,enron_full_015698,exact_ref,26815.926,1,0,413921,105963776
simless,4,2,enron_full_015698,exact_ref,26815.926,1,0,413921,105963776
simless,5,2,enron_full_015698,exact_ref,26815.926,1,0,413921,105963776
simless,4,2,enron_full_016017,exact_ref,26450.961,1,0,413921,105963776
simless,5,2,enron_full_016017,exact_ref,26450.961,1,0,413921,105963776
simless,6,2,enron_full_016017,exact_ref,26450.961,1,0,413921,105963776
simless,5,2,enron_full_017189,exact_ref,26591.626,1,0,413921,105963776
simless,6,2,enron_full_017189,exact_ref,26591.626,1,0,413921,105963776
simless,4,2,enron_full_017189,exact_ref,26591.626,1,0,413921,105963776
simless,6,2,enron_full_018163,no_exact_ref,25863.268,0,73,413921,105963776
simless,4,2,enron_full_018163,no_exact_ref,25863.268,0,73,413921,105963776
simless,5,2,enron_full_018163,no_exact_ref,25863.268,0,73,413921,105963776
simless,4,2,enron_full_018755,exact_ref,26227.893,1,0,413921,105963776
simless,5,2,enron_full_018755,exact_ref,26227.893,1,0,413921,105963776
simless,6,2,enron_full_018755,exact_ref,26227.893,1,0,413921,105963776
simless,5,2,enron_full_019153,exact_ref,25910.263,1,0,413921,105963776
simless,6,2,enron_full_019153,exact_ref,25910.263,1,0,413921,105963776
simless,4,2,enron_full_019153,exact_ref,25910.263,1,0,413921,105963776
simless,6,2,enron_full_019201,exact_ref,25990.331,1,0,413921,105963776
simless,4,2,enron_full_019201,exact_ref,25990.331,1,0,413921,105963776
simless,5,2,enron_full_019201,exact_ref,25990.331,1,0,413921,105963776
simless,4,2,enron_full_019604,no_exact_ref,27770.237,0,92,413921,105963776
simless,5,2,enron_full_019604,no_exact_ref,27770.237,0,92,413921,105963776
simless,6,2,enron_full_019604,no_exact_ref,27770.237,0,92,413921,105963776
simless,5,2,enron_full_019949,exact_ref,23949.365,1,0,413921,105963776
simless,6,2,enron_full_019949,exact_ref,23949.365,1,0,413921,105963776
simless,4,2,enron_full_019949,exact_ref,23949.365,1,0,413921,105963776
simless,6,2,enron_full_020401,no_exact_ref,23976.520,0,50,413921,105963776
simless,4,2,enron_full_020401,no_exact_ref,23976.520,0,50,413921,105963776
simless,5,2,enron_full_020401,no_exact_ref,23976.520,0,50,413921,105963776
simless,4,2,enron_full_020951,exact_ref,24431.184,1,0,413921,105963776
simless,5,2,enron_full_020951,exact_ref,24431.184,1,0,413921,105963776
simless,6,2,enron_full_020951,exact_ref,24431.184,1,0,413921,105963776
simless,5,2,enron_full_021195,exact_ref,24306.279,1,0,413921,105963776
simless,6,2,enron_full_021195,exact_ref,24306.279,1,0,413921,105963776
simless,4,2,enron_full_021195,exact_ref,24306.279,1,0,413921,105963776
simless,6,2,enron_full_021224,exact_ref,26646.357,1,0,413921,105963776
simless,4,2,enron_full_021224,exact_ref,26646.357,1,0,413921,105963776
simless,5,2,enron_full_021224,exact_ref,26646.357,1,0,413921,105963776
simless,4,2,enron_full_021900,exact_ref,26544.032,1,0,413921,105963776
simless,5,2,enron_full_021900,exact_ref,26544.032,1,0,413921,105963776
simless,6,2,enron_full_021900,exact_ref,26544.032,1,0,413921,105963776
simless,5,2,enron_full_022531,exact_ref,25981.709,1,0,413921,105963776
simless,6,2,enron_full_022531,exact_ref,25981.709,1,0,413921,105963776
simless,4,2,enron_full_022531,exact_ref,25981.709,1,0,413921,105963776
simless,6,2,enron_full_022683,exact_ref,25485.937,1,0,413921,105963776
simless,4,2,enron_full_022683,exact_ref,25485.937,1,0,413921,105963776
simless,5,2,enron_full_022683,exact_ref,25485.937,1,0,413921,105963776
simless,4,2,enron_full_022865,exact_ref,24271.178,1,0,413921,105963776
simless,5,2,enron_full_022865,exact_ref,24271.178,1,0,413921,105963776
simless,6,2,enron_full_022865,exact_ref,24271.178,1,0,413921,105963776
simless,5,2,enron_full_022972,exact_ref,23821.259,1,0,413921,105963776
simless,6,2,enron_full_022972,exact_ref,23821.259,1,0,413921,105963776
simless,4,2,enron_full_022972,exact_ref,23821.259,1,0,413921,105963776
simless,6,2,enron_full_024952,no_exact_ref,24761.559,0,72,413921,105963776
simless,4,2,enron_full_024952,no_exact_ref,24761.559,0,72,413921,105963776
simless,5,2,enron_full_024952,no_exact_ref,24761.559,0,72,413921,105963776
simless,4,2,enron_full_025050,exact_ref,24124.983,1,0,413921,105963776
simless,5,2,enron_full_025050,exact_ref,24124.983,1,0,413921,105963776
simless,6,2,enron_full_025050,exact_ref,24124.983,1,0,413921,105963776
simless,5,2,enron_full_026603,exact_ref,24352.416,1,0,413921,105963776
simless,6,2,enron_full_026603,exact_ref,24352.416,1,0,413921,105963776
simless,4,2,enron_full_026603,exact_ref,24352.416,1,0,413921,105963776
simless,6,2,enron_full_026721,exact_ref,23746.542,1,0,413921,105963776
simless,4,2,enron_full_026721,exact_ref,23746.542,1,0,413921,105963776
simless,5,2,enron_full_026721,exact_ref,23746.542,1,0,413921,105963776
simless,4,2,enron_full_027643,exact_ref,24205.235,1,0,413921,105963776
simless,5,2,enron_full_027643,exact_ref,24205.235,1,0,413921,105963776
simless,6,2,enron_full_027643,exact_ref,24205.235,1,0,413921,105963776
simless,5,2,enron_full_027693,exact_ref,23929.234,1,0,413921,105963776
simless,6,2,enron_full_027693,exact_ref,23929.234,1,0,413921,105963776
simless,4,2,enron_full_027693,exact_ref,23929.234,1,0,413921,105963776
simless,6,2,enron_full_027925,exact_ref,23963.328,1,0,413921,105963776
simless,4,2,enron_full_027925,exact_ref,23963.328,1,0,413921,105963776
simless,5,2,enron_full_027925,exact_ref,23963.328,1,0,413921,105963776
simless,4,2,enron_full_028250,exact_ref,24367.482,1,0,413921,105963776
simless,5,2,enron_full_028250,exact_ref,24367.482,1,0,413921,105963776
simless,6,2,enron_full_028250,exact_ref,24367.482,1,0,413921,105963776
simless,5,2,enron_full_028591,exact_ref,25342.427,1,0,413921,105963776
simless,6,2,enron_full_028591,exact_ref,25342.427,1,0,413921,105963776
simless,4,2,enron_full_028591,exact_ref,25342.427,1,0,413921,105963776
simless,6,2,enron_full_028607,no_exact_ref,27452.835,0,91,413921,105963776
simless,4,2,enron_full_028607,no_exact_ref,27452.835,0,91,413921,105963776
simless,5,2,enron_full_028607,no_exact_ref,27452.835,0,91,413921,105963776
simless,4,2,enron_full_029506,no_exact_ref,28210.300,0,90,413921,105963776
simless,5,2,enron_full_029506,no_exact_ref,28210.300,0,90,413921,105963776
simless,6,2,enron_full_029506,no_exact_ref,28210.300,0,90,413921,105963776
simless,5,2,enron_full_030144,exact_ref,25592.650,1,0,413921,105963776
simless,6,2,enron_full_030144,exact_ref,25592.650,1,0,413921,105963776
simless,4,2,enron_full_030144,exact_ref,25592.650,1,0,413921,105963776
simless,6,2,enron_full_031433,exact_ref,25792.105,1,0,413921,105963776
simless,4,2,enron_full_031433,exact_ref,25792.105,1,0,413921,105963776
simless,5,2,enron_full_031433,exact_ref,25792.105,1,0,413921,105963776
simless,4,2,enron_full_031542,exact_ref,24460.188,1,0,413921,105963776
simless,5,2,enron_full_031542,exact_ref,24460.188,1,0,413921,105963776
simless,6,2,enron_full_031542,exact_ref,24460.188,1,0,413921,105963776
simless,5,2,enron_full_031612,exact_ref,26156.884,1,0,413921,105963776
simless,6,2,enron_full_031612,exact_ref,26156.884,1,0,413921,105963776
simless,4,2,enron_full_031612,exact_ref,26156.884,1,0,413921,105963776
simless,6,2,enron_full_031680,exact_ref,23001.472,1,0,413921,105963776
simless,4,2,enron_full_031680,exact_ref,23001.472,1,0,413921,105963776
simless,5,2,enron_full_031680,exact_ref,23001.472,1,0,413921,105963776
simless,4,2,enron_full_032079,no_exact_ref,23884.864,0,49,413921,105963776
simless,5,2,enron_full_032079,no_exact_ref,23884.864,0,49,413921,105963776
simless,6,2,enron_full_032079,no_exact_ref,23884.864,0,49,413921,105963776
simless,5,2,enron_full_032704,exact_ref,22766.272,1,0,413921,105963776
simless,6,2,enron_full_032704,exact_ref,22766.272,1,0,413921,105963776
simless,4,2,enron_full_032704,exact_ref,22766.272,1,0,413921,105963776
simless,6,2,enron_full_033187,no_exact_ref,23316.661,0,13,413921,105963776
simless,4,2,enron_full_033187,no_exact_ref,23316.661,0,13,413921,105963776
simless,5,2,enron_full_033187,no_exact_ref,23316.661,0,13,413921,105963776
simless,4,2,enron_full_033628,no_exact_ref,22736.143,1,0,413921,105963776
simless,5,2,enron_full_033628,no_exact_ref,22736.143,1,0,413921,105963776
simless,6,2,enron_full_033628,no_exact_ref,22736.143,1,0,413921,105963776
simless,5,2,enron_full_034178,no_exact_ref,22775.940,0,93,413921,105963776
simless,6,2,enron_full_034178,no_exact_ref,22775.940,0,93,413921,105963776
simless,4,2,enron_full_034178,no_exact_ref,22775.940,0,93,413921,105963776
simless,6,2,enron_full_034530,no_exact_ref,25531.566,0,36,413921,105963776
simless,4,2,enron_full_034530,no_exact_ref,25531.566,0,36,413921,105963776
simless,5,2,enron_full_034530,no_exact_ref,25531.566,0,36,413921,105963776
simless,4,2,enron_full_035481,no_exact_ref,26433.753,0,51,413921,105963776
simless,5,2,enron_full_035481,no_exact_ref,26433.753,0,51,413921,105963776
simless,6,2,enron_full_035481,no_exact_ref,26433.753,0,51,413921,105963776
simless,5,2,enron_full_035578,no_exact_ref,26568.110,0,30,413921,105963776
simless,6,2,enron_full_035578,no_exact_ref,26568.110,0,30,413921,105963776
simless,4,2,enron_full_035578,no_exact_ref,26568.110,0,30,413921,105963776
simless,6,2,enron_full_035695,no_exact_ref,26440.907,0,47,413921,105963776
simless,4,2,enron_full_035695,no_exact_ref,26440.907,0,47,413921,105963776
simless,5,2,enron_full_035695,no_exact_ref,26440.907,0,47,413921,105963776
simless,4,2,enron_full_035726,no_exact_ref,25763.126,0,37,413921,105963776
simless,5,2,enron_full_035726,no_exact_ref,25763.126,0,37,413921,105963776
simless,6,2,enron_full_035726,no_exact_ref,25763.126,0,37,413921,105963776
simless,5,2,enron_full_035827,no_exact_ref,24582.786,0,85,413921,105963776
simless,6,2,enron_full_035827,no_exact_ref,24582.786,0,85,413921,105963776
simless,4,2,enron_full_035827,no_exact_ref,24582.786,0,85,413921,105963776
simless,6,2,enron_full_035969,no_exact_ref,23851.489,0,89,413921,105963776
simless,4,2,enron_full_035969,no_exact_ref,23851.489,0,89,413921,105963776
simless,5,2,enron_full_035969,no_exact_ref,23851.489,0,89,413921,105963776
simless,4,2,enron_full_035998,no_exact_ref,23478.434,0,38,413921,105963776
simless,5,2,enron_full_035998,no_exact_ref,23478.434,0,38,413921,105963776
simless,6,2,enron_full_035998,no_exact_ref,23478.434,0,38,413921,105963776
simless,5,2,enron_full_038008,no_exact_ref,23713.428,0,69,413921,105963776
simless,6,2,enron_full_038008,no_exact_ref,23713.428,0,69,413921,105963776
simless,4,2,enron_full_038008,no_exact_ref,23713.428,0,69,413921,105963776
simless,6,2,enron_full_040212,no_exact_ref,27197.227,0,46,413921,105963776
simless,4,2,enron_full_040212,no_exact_ref,27197.227,0,46,413921,105963776
simless,5,2,enron_full_040212,no_exact_ref,27197.227,0,46,413921,105963776
simless,4,2,enron_full_040615,exact_ref,24044.176,1,0,413921,105963776
simless,5,2,enron_full_040615,exact_ref,24044.176,1,0,413921,105963776
simless,6,2,enron_full_040615,exact_ref,24044.176,1,0,413921,105963776
simless,5,2,enron_full_041235,exact_ref,24603.781,1,0,413921,105963776
simless,6,2,enron_full_041235,exact_ref,24603.781,1,0,413921,105963776
simless,4,2,enron_full_041235,exact_ref,24603.781,1,0,413921,105963776
simless,6,2,enron_full_042132,exact_ref,26388.472,1,0,413921,105963776
simless,4,2,enron_full_042132,exact_ref,26388.472,1,0,413921,105963776
simless,5,2,enron_full_042132,exact_ref,26388.472,1,0,413921,105963776
simless,4,2,enron_full_045885,exact_ref,25911.814,1,0,413921,105963776
simless,5,2,enron_full_045885,exact_ref,25911.814,1,0,413921,105963776
simless,6,2,enron_full_045885,exact_ref,25911.814,1,0,413921,105963776
simless,5,2,enron_full_046009,exact_ref,26301.713,1,0,413921,105963776
simless,6,2,enron_full_046009,exact_ref,26301.713,1,0,413921,105963776
simless,4,2,enron_full_046009,exact_ref,26301.713,1,0,413921,105963776
simless,6,2,enron_full_046306,exact_ref,25495.835,1,0,413921,105963776
simless,4,2,enron_full_046306,exact_ref,25495.835,1,0,413921,105963776
simless,5,2,enron_full_046306,exact_ref,25495.835,1,0,413921,105963776
simless,4,2,enron_full_046840,exact_ref,26107.134,1,0,413921,105963776
simless,5,2,enron_full_046840,exact_ref,26107.134,1,0,413921,105963776
simless,6,2,enron_full_046840,exact_ref,26107.134,1,0,413921,105963776
simless,5,2,enron_full_047084,no_exact_ref,26677.223,0,46,413921,105963776
simless,6,2,enron_full_047084,no_exact_ref,26677.223,0,46,413921,105963776
simless,4,2,enron_full_047084,no_exact_ref,26677.223,0,46,413921,105963776
simless,6,2,enron_full_047376,exact_ref,26219.475,1,0,413921,105963776
simless,4,2,enron_full_047376,exact_ref,26219.475,1,0,413921,105963776
simless,5,2,enron_full_047376,exact_ref,26219.475,1,0,413921,105963776
simless,4,2,enron_full_047738,exact_ref,25614.855,1,0,413921,105963776
simless,5,2,enron_full_047738,exact_ref,25614.855,1,0,413921,105963776
simless,6,2,enron_full_047738,exact_ref,25614.855,1,0,413921,105963776
simless,5,2,enron_full_047772,no_exact_ref,24795.951,0,41,413921,105963776
simless,6,2,enron_full_047772,no_exact_ref,24795.951,0,41,413921,105963776
simless,4,2,enron_full_047772,no_exact_ref,24795.951,0,41,413921,105963776
simless,6,2,enron_full_048185,no_exact_ref,23714.078,0,91,413921,105963776
simless,4,2,enron_full_048185,no_exact_ref,23714.078,0,91,413921,105963776
simless,5,2,enron_full_048185,no_exact_ref,23714.078,0,91,413921,105963776
simless,4,2,enron_full_048713,no_exact_ref,23708.000,0,86,413921,105963776
simless,5,2,enron_full_048713,no_exact_ref,23708.000,0,86,413921,105963776
simless,6,2,enron_full_048713,no_exact_ref,23708.000,0,86,413921,105963776
simless,5,2,enron_full_049016,no_exact_ref,24557.336,0,83,413921,105963776
simless,6,2,enron_full_049016,no_exact_ref,24557.336,0,83,413921,105963776
simless,4,2,enron_full_049016,no_exact_ref,24557.336,0,83,413921,105963776
simless,6,2,enron_full_049875,no_exact_ref,38569.234,0,50,413921,105963776
simless,4,2,enron_full_049875,no_exact_ref,38569.234,0,50,413921,105963776
simless,5,2,enron_full_049875,no_exact_ref,38569.234,0,50,413921,105963776
simless,4,2,enron_full_050163,exact_ref,35397.831,1,0,413921,105963776
simless,5,2,enron_full_050163,exact_ref,35397.831,1,0,413921,105963776
simless,6,2,enron_full_050163,exact_ref,35397.831,1,0,413921,105963776
simless,5,2,enron_full_050258,exact_ref,24867.039,1,0,413921,105963776
simless,6,2,enron_full_050258,exact_ref,24867.039,1,0,413921,105963776
simless,4,2,enron_full_050258,exact_ref,24867.039,1,0,413921,105963776
simless,6,2,enron_full_050705,no_exact_ref,27196.543,0,34,413921,105963776
simless,4,2,enron_full_050705,no_exact_ref,27196.543,0,34,413921,105963776
simless,5,2,enron_full_050705,no_exact_ref,27196.543,0,34,413921,105963776
simless,4,2,enron_full_050719,no_exact_ref,36881.132,0,59,413921,105963776
simless,5,2,enron_full_050719,no_exact_ref,36881.132,0,59,413921,105963776
simless,6,2,enron_full_050719,no_exact_ref,36881.132,0,59,413921,105963776
simless,5,2,enron_full_051118,no_exact_ref,26758.456,0,94,413921,105963776
simless,6,2,enron_full_051118,no_exact_ref,26758.456,0,94,413921,105963776
simless,4,2,enron_full_051118,no_exact_ref,26758.456,0,94,413921,105963776
simless,6,2,enron_full_051633,no_exact_ref,26633.316,0,54,413921,105963776
simless,4,2,enron_full_051633,no_exact_ref,26633.316,0,54,413921,105963776
simless,5,2,enron_full_051633,no_exact_ref,26633.316,0,54,413921,105963776
simless,4,2,enron_full_052109,exact_ref,25899.738,1,0,413921,105963776
simless,5,2,enron_full_052109,exact_ref,25899.738,1,0,413921,105963776
simless,6,2,enron_full_052109,exact_ref,25899.738,1,0,413921,105963776
simless,5,2,enron_full_052243,exact_ref,26608.236,1,0,413921,105963776
simless,6,2,enron_full_052243,exact_ref,26608.236,1,0,413921,105963776
simless,4,2,enron_full_052243,exact_ref,26608.236,1,0,413921,105963776
simless,6,2,enron_full_052699,no_exact_ref,25052.500,0,88,413921,105963776
simless,4,2,enron_full_052699,no_exact_ref,25052.500,0,88,413921,105963776
simless,5,2,enron_full_052699,no_exact_ref,25052.500,0,88,413921,105963776
simless,4,2,enron_full_052941,no_exact_ref,25845.549,0,92,413921,105963776
simless,5,2,enron_full_052941,no_exact_ref,25845.549,0,92,413921,105963776
simless,6,2,enron_full_052941,no_exact_ref,25845.549,0,92,413921,105963776
simless,5,2,enron_full_053517,no_exact_ref,24794.780,0,50,413921,105963776
simless,6,2,enron_full_053517,no_exact_ref,24794.780,0,50,413921,105963776
simless,4,2,enron_full_053517,no_exact_ref,24794.780,0,50,413921,105963776
simless,6,2,enron_full_053522,no_exact_ref,25406.761,0,92,413921,105963776
simless,4,2,enron_full_053522,no_exact_ref,25406.761,0,92,413921,105963776
simless,5,2,enron_full_053522,no_exact_ref,25406.761,0,92,413921,105963776
simless,4,2,enron_full_054174,no_exact_ref,24764.743,0,94,413921,105963776
simless,5,2,enron_full_054174,no_exact_ref,24764.743,0,94,413921,105963776
simless,6,2,enron_full_054174,no_exact_ref,24764.743,0,94,413921,105963776
simless,5,2,enron_full_055270,no_exact_ref,26388.329,0,89,413921,105963776
simless,6,2,enron_full_055270,no_exact_ref,26388.329,0,89,413921,105963776
simless,4,2,enron_full_055270,no_exact_ref,26388.329,0,89,413921,105963776
simless,6,2,enron_full_055462,exact_ref,27275.539,1,0,413921,105963776
simless,4,2,enron_full_055462,exact_ref,27275.539,1,0,413921,105963776
simless,5,2,enron_full_055462,exact_ref,27275.539,1,0,413921,105963776
simless,4,2,enron_full_056138,exact_ref,26528.041,1,0,413921,105963776
simless,5,2,enron_full_056138,exact_ref,26528.041,1,0,413921,105963776
simless,6,2,enron_full_056138,exact_ref,26528.041,1,0,413921,105963776
simless,5,2,enron_full_056670,exact_ref,24514.348,1,0,413921,105963776
simless,6,2,enron_full_056670,exact_ref,24514.348,1,0,413921,105963776
simless,4,2,enron_full_056670,exact_ref,24514.348,1,0,413921,105963776
simless,6,2,enron_full_056953,no_exact_ref,24136.928,0,44,413921,105963776
simless,4,2,enron_full_056953,no_exact_ref,24136.928,0,44,413921,105963776
simless,5,2,enron_full_056953,no_exact_ref,24136.928,0,44,413921,105963776
simless,4,2,enron_full_057268,exact_ref,26473.376,1,0,413921,105963776
simless,5,2,enron_full_057268,exact_ref,26473.376,1,0,413921,105963776
simless,6,2,enron_full_057268,exact_ref,26473.376,1,0,413921,105963776
simless,5,2,enron_full_057321,no_exact_ref,27063.305,0,51,413921,105963776
simless,6,2,enron_full_057321,no_exact_ref,27063.305,0,51,413921,105963776
simless,4,2,enron_full_057321,no_exact_ref,27063.305,0,51,413921,105963776
simless,6,2,enron_full_057826,no_exact_ref,25859.042,0,89,413921,105963776
simless,4,2,enron_full_057826,no_exact_ref,25859.042,0,89,413921,105963776
simless,5,2,enron_full_057826,no_exact_ref,25859.042,0,89,413921,105963776
simless,4,2,enron_full_058046,exact_ref,24646.886,1,0,413921,105963776
simless,5,2,enron_full_058046,exact_ref,24646.886,1,0,413921,105963776
simless,6,2,enron_full_058046,exact_ref,24646.886,1,0,413921,105963776
simless,5,2,enron_full_058254,exact_ref,26946.464,1,0,413921,105963776
simless,6,2,enron_full_058254,exact_ref,26946.464,1,0,413921,105963776
simless,4,2,enron_full_058254,exact_ref,26946.464,1,0,413921,105963776
simless,6,2,enron_full_058415,no_exact_ref,23566.838,0,82,413921,105963776
simless,4,2,enron_full_058415,no_exact_ref,23566.838,0,82,413921,105963776
simless,5,2,enron_full_058415,no_exact_ref,23566.838,0,82,413921,105963776
simless,4,2,enron_full_059797,exact_ref,24289.733,1,0,413921,105963776
simless,5,2,enron_full_059797,exact_ref,24289.733,1,0,413921,105963776
simless,6,2,enron_full_059797,exact_ref,24289.733,1,0,413921,105963776
simless,5,2,enron_full_060370,exact_ref,23651.813,1,0,413921,105963776
simless,6,2,enron_full_060370,exact_ref,23651.813,1,0,413921,105963776
simless,4,2,enron_full_060370,exact_ref,23651.813,1,0,413921,105963776
simless,6,2,enron_full_060846,exact_ref,24768.860,1,0,413921,105963776
simless,4,2,enron_full_060846,exact_ref,24768.860,1,0,413921,105963776
simless,5,2,enron_full_060846,exact_ref,24768.860,1,0,413921,105963776
simless,4,2,enron_full_062151,exact_ref,27162.656,1,0,413921,105963776
simless,5,2,enron_full_062151,exact_ref,27162.656,1,0,413921,105963776
simless,6,2,enron_full_062151,exact_ref,27162.656,1,0,413921,105963776
simless,5,2,enron_full_062439,exact_ref,25447.232,1,0,413921,105963776
simless,6,2,enron_full_062439,exact_ref,25447.232,1,0,413921,105963776
simless,4,2,enron_full_062439,exact_ref,25447.232,1,0,413921,105963776
simless,6,2,enron_full_063833,exact_ref,25474.317,1,0,413921,105963776
simless,4,2,enron_full_063833,exact_ref,25474.317,1,0,413921,105963776
simless,5,2,enron_full_063833,exact_ref,25474.317,1,0,413921,105963776
simless,4,2,enron_full_063839,exact_ref,24747.841,1,0,413921,105963776
simless,5,2,enron_full_063839,exact_ref,24747.841,1,0,413921,105963776
simless,6,2,enron_full_063839,exact_ref,24747.841,1,0,413921,105963776
simless,5,2,enron_full_064172,exact_ref,24465.254,1,0,413921,105963776
simless,6,2,enron_full_064172,exact_ref,24465.254,1,0,413921,105963776
simless,4,2,enron_full_064172,exact_ref,24465.254,1,0,413921,105963776
simless,6,2,enron_full_064231,exact_ref,27173.064,1,0,413921,105963776
simless,4,2,enron_full_064231,exact_ref,27173.064,1,0,413921,105963776
simless,5,2,enron_full_064231,exact_ref,27173.064,1,0,413921,105963776
simless,4,2,enron_full_064607,exact_ref,26923.695,1,0,413921,105963776
simless,5,2,enron_full_064607,exact_ref,26923.695,1,0,413921,105963776
simless,6,2,enron_full_064607,exact_ref,26923.695,1,0,413921,105963776
simless,5,2,enron_full_065332,exact_ref,26197.183,1,0,413921,105963776
simless,6,2,enron_full_065332,exact_ref,26197.183,1,0,413921,105963776
simless,4,2,enron_full_065332,exact_ref,26197.183,1,0,413921,105963776
simless,6,2,enron_full_065814,exact_ref,25917.494,1,0,413921,105963776
simless,4,2,enron_full_065814,exact_ref,25917.494,1,0,413921,105963776
simless,5,2,enron_full_065814,exact_ref,25917.494,1,0,413921,105963776
simless,4,2,enron_full_066742,no_exact_ref,25253.163,0,37,413921,105963776
simless,5,2,enron_full_066742,no_exact_ref,25253.163,0,37,413921,105963776
simless,6,2,enron_full_066742,no_exact_ref,25253.163,0,37,413921,105963776
simless,5,2,enron_full_067365,exact_ref,24375.662,1,0,413921,105963776
simless,6,2,enron_full_067365,exact_ref,24375.662,1,0,413921,105963776
simless,4,2,enron_full_067365,exact_ref,24375.662,1,0,413921,105963776
simless,6,2,enron_full_067727,exact_ref,24247.041,1,0,413921,105963776
simless,4,2,enron_full_067727,exact_ref,24247.041,1,0,413921,105963776
simless,5,2,enron_full_067727,exact_ref,24247.041,1,0,413921,105963776
simless,4,2,enron_full_067752,exact_ref,23632.340,1,0,413921,105963776
simless,5,2,enron_full_067752,exact_ref,23632.340,1,0,413921,105963776
simless,6,2,enron_full_067752,exact_ref,23632.340,1,0,413921,105963776
simless,5,2,enron_full_068258,no_exact_ref,24137.856,0,92,413921,105963776
simless,6,2,enron_full_068258,no_exact_ref,24137.856,0,92,413921,105963776
simless,4,2,enron_full_068258,no_exact_ref,24137.856,0,92,413921,105963776
simless,6,2,enron_full_068541,no_exact_ref,24235.128,1,1,413921,105963776
simless,4,2,enron_full_068541,no_exact_ref,24235.128,1,1,413921,105963776
simless,5,2,enron_full_068541,no_exact_ref,24235.128,1,1,413921,105963776
simless,4,2,enron_full_068714,no_exact_ref,24428.673,1,0,413921,105963776
simless,5,2,enron_full_068714,no_exact_ref,24428.673,1,0,413921,105963776
simless,6,2,enron_full_068714,no_exact_ref,24428.673,1,0,413921,105963776
simless,5,2,enron_full_068948,no_exact_ref,25461.984,0,58,413921,105963776
simless,6,2,enron_full_068948,no_exact_ref,25461.984,0,58,413921,105963776
simless,4,2,enron_full_068948,no_exact_ref,25461.984,0,58,413921,105963776
simless,6,2,enron_full_069168,exact_ref,24689.660,1,0,413921,105963776
simless,4,2,enron_full_069168,exact_ref,24689.660,1,0,413921,105963776
simless,5,2,enron_full_069168,exact_ref,24689.660,1,0,413921,105963776
simless,4,2,enron_full_069488,no_exact_ref,23565.134,0,21,413921,105963776
simless,5,2,enron_full_069488,no_exact_ref,23565.134,0,21,413921,105963776
simless,6,2,enron_full_069488,no_exact_ref,23565.134,0,21,413921,105963776
simless,5,2,enron_full_070382,no_exact_ref,26072.209,0,90,413921,105963776
simless,6,2,enron_full_070382,no_exact_ref,26072.209,0,90,413921,105963776
simless,4,2,enron_full_070382,no_exact_ref,26072.209,0,90,413921,105963776
simless,6,2,enron_full_071706,exact_ref,28904.456,1,0,413921,105963776
simless,4,2,enron_full_071706,exact_ref,28904.456,1,0,413921,105963776
simless,5,2,enron_full_071706,exact_ref,28904.456,1,0,413921,105963776
simless,4,2,enron_full_071944,exact_ref,26398.937,1,0,413921,105963776
simless,5,2,enron_full_071944,exact_ref,26398.937,1,0,413921,105963776
simless,6,2,enron_full_071944,exact_ref,26398.937,1,0,413921,105963776
simless,5,2,enron_full_072801,exact_ref,26059.542,1,0,413921,105963776
simless,6,2,enron_full_072801,exact_ref,26059.542,1,0,413921,105963776
simless,4,2,enron_full_072801,exact_ref,26059.542,1,0,413921,105963776
simless,6,2,enron_full_073237,exact_ref,24533.096,1,0,413921,105963776
simless,4,2,enron_full_073237,exact_ref,24533.096,1,0,413921,105963776
simless,5,2,enron_full_073237,exact_ref,24533.096,1,0,413921,105963776
simless,4,2,enron_full_075726,exact_ref,25450.506,1,0,413921,105963776
simless,5,2,enron_full_075726,exact_ref,25450.506,1,0,413921,105963776
simless,6,2,enron_full_075726,exact_ref,25450.506,1,0,413921,105963776
simless,5,2,enron_full_076089,exact_ref,24463.653,1,0,413921,105963776
simless,6,2,enron_full_076089,exact_ref,24463.653,1,0,413921,105963776
simless,4,2,enron_full_076089,exact_ref,24463.653,1,0,413921,105963776
simless,6,2,enron_full_078045,no_exact_ref,26788.484,0,94,413921,105963776
simless,4,2,enron_full_078045,no_exact_ref,26788.484,0,94,413921,105963776
simless,5,2,enron_full_078045,no_exact_ref,26788.484,0,94,413921,105963776
simless,4,2,enron_full_078949,exact_ref,26629.883,1,0,413921,105963776
simless,5,2,enron_full_078949,exact_ref,26629.883,1,0,413921,105963776
simless,6,2,enron_full_078949,exact_ref,26629.883,1,0,413921,105963776
simless,5,2,enron_full_080332,no_exact_ref,24971.481,0,85,413921,105963776
simless,6,2,enron_full_080332,no_exact_ref,24971.481,0,85,413921,105963776
simless,4,2,enron_full_080332,no_exact_ref,24971.481,0,85,413921,105963776
simless,6,2,enron_full_080731,exact_ref,26547.588,1,0,413921,105963776
simless,4,2,enron_full_080731,exact_ref,26547.588,1,0,413921,105963776
simless,5,2,enron_full_080731,exact_ref,26547.588,1,0,413921,105963776
simless,4,2,enron_full_081565,exact_ref,25185.400,1,0,413921,105963776
simless,5,2,enron_full_081565,exact_ref,25185.400,1,0,413921,105963776
simless,6,2,enron_full_081565,exact_ref,25185.400,1,0,413921,105963776
simless,5,2,enron_full_081601,exact_ref,25927.292,1,0,413921,105963776
simless,6,2,enron_full_081601,exact_ref,25927.292,1,0,413921,105963776
simless,4,2,enron_full_081601,exact_ref,25927.292,1,0,413921,105963776
simless,6,2,enron_full_081707,exact_ref,28554.263,1,0,413921,105963776
simless,4,2,enron_full_081707,exact_ref,28554.263,1,0,413921,105963776
simless,5,2,enron_full_081707,exact_ref,28554.263,1,0,413921,105963776
simless,4,2,enron_full_082681,no_exact_ref,34622.499,0,92,413921,105963776
simless,5,2,enron_full_082681,no_exact_ref,34622.499,0,92,413921,105963776
simless,6,2,enron_full_082681,no_exact_ref,34622.499,0,92,413921,105963776
simless,5,2,enron_full_085442,exact_ref,28313.298,1,0,413921,105963776
simless,6,2,enron_full_085442,exact_ref,28313.298,1,0,413921,105963776
simless,4,2,enron_full_085442,exact_ref,28313.298,1,0,413921,105963776
simless,6,2,enron_full_085751,exact_ref,27507.601,1,0,413921,105963776
simless,4,2,enron_full_085751,exact_ref,27507.601,1,0,413921,105963776
simless,5,2,enron_full_085751,exact_ref,27507.601,1,0,413921,105963776
simless,4,2,enron_full_086327,no_exact_ref,28318.706,0,12,413921,105963776
simless,5,2,enron_full_086327,no_exact_ref,28318.706,0,12,413921,105963776
simless,6,2,enron_full_086327,no_exact_ref,28318.706,0,12,413921,105963776
simless,5,2,enron_full_087697,no_exact_ref,26062.641,0,40,413921,105963776
simless,6,2,enron_full_087697,no_exact_ref,26062.641,0,40,413921,105963776
simless,4,2,enron_full_087697,no_exact_ref,26062.641,0,40,413921,105963776
simless,6,2,enron_full_088138,exact_ref,26129.322,1,0,413921,105963776
simless,4,2,enron_full_088138,exact_ref,26129.322,1,0,413921,105963776
simless,5,2,enron_full_088138,exact_ref,26129.322,1,0,413921,105963776
simless,4,2,enron_full_088307,exact_ref,30177.043,1,0,413921,105963776
simless,5,2,enron_full_088307,exact_ref,30177.043,1,0,413921,105963776
simless,6,2,enron_full_088307,exact_ref,30177.043,1,0,413921,105963776
simless,5,2,enron_full_088336,exact_ref,26819.957,1,0,413921,105963776
simless,6,2,enron_full_088336,exact_ref,26819.957,1,0,413921,105963776
simless,4,2,enron_full_088336,exact_ref,26819.957,1,0,413921,105963776
simless,6,2,enron_full_089344,exact_ref,26059.456,1,0,413921,105963776
simless,4,2,enron_full_089344,exact_ref,26059.456,1,0,413921,105963776
simless,5,2,enron_full_089344,exact_ref,26059.456,1,0,413921,105963776
simless,4,2,enron_full_089451,exact_ref,28873.481,1,0,413921,105963776
simless,5,2,enron_full_089451,exact_ref,28873.481,1,0,413921,105963776
simless,6,2,enron_full_089451,exact_ref,28873.481,1,0,413921,105963776
simless,5,2,enron_full_090248,exact_ref,27057.736,1,0,413921,105963776
simless,6,2,enron_full_090248,exact_ref,27057.736,1,0,413921,105963776
simless,4,2,enron_full_090248,exact_ref,27057.736,1,0,413921,105963776
simless,6,2,enron_full_091044,exact_ref,30595.647,1,0,413921,105963776
simless,4,2,enron_full_091044,exact_ref,30595.647,1,0,413921,105963776
simless,5,2,enron_full_091044,exact_ref,30595.647,1,0,413921,105963776
simless,4,2,enron_full_091307,exact_ref,28357.689,1,0,413921,105963776
simless,5,2,enron_full_091307,exact_ref,28357.689,1,0,413921,105963776
simless,6,2,enron_full_091307,exact_ref,28357.689,1,0,413921,105963776
simless,5,2,enron_full_092251,no_exact_ref,28948.755,0,92,413921,105963776
simless,6,2,enron_full_092251,no_exact_ref,28948.755,0,92,413921,105963776
simless,4,2,enron_full_092251,no_exact_ref,28948.755,0,92,413921,105963776
simless,6,2,enron_full_092316,no_exact_ref,26844.260,0,72,413921,105963776
simless,4,2,enron_full_092316,no_exact_ref,26844.260,0,72,413921,105963776
simless,5,2,enron_full_092316,no_exact_ref,26844.260,0,72,413921,105963776
simless,4,2,enron_full_092765,no_exact_ref,24762.057,0,93,413921,105963776
simless,5,2,enron_full_092765,no_exact_ref,24762.057,0,93,413921,105963776
simless,6,2,enron_full_092765,no_exact_ref,24762.057,0,93,413921,105963776
simless,5,2,enron_full_093576,no_exact_ref,25123.491,0,91,413921,105963776
simless,6,2,enron_full_093576,no_exact_ref,25123.491,0,91,413921,105963776
simless,4,2,enron_full_093576,no_exact_ref,25123.491,0,91,413921,105963776
simless,6,2,enron_full_094577,exact_ref,29723.310,1,0,413921,105963776
simless,4,2,enron_full_094577,exact_ref,29723.310,1,0,413921,105963776
simless,5,2,enron_full_094577,exact_ref,29723.310,1,0,413921,105963776
simless,4,2,enron_full_094590,no_exact_ref,27512.801,0,21,413921,105963776
simless,5,2,enron_full_094590,no_exact_ref,27512.801,0,21,413921,105963776
simless,6,2,enron_full_094590,no_exact_ref,27512.801,0,21,413921,105963776
simless,5,2,enron_full_094757,no_exact_ref,31249.867,0,45,413921,105963776
simless,6,2,enron_full_094757,no_exact_ref,31249.867,0,45,413921,105963776
simless,4,2,enron_full_094757,no_exact_ref,31249.867,0,45,413921,105963776
simless,6,2,enron_full_095403,exact_ref,27401.880,1,0,413921,105963776
simless,4,2,enron_full_095403,exact_ref,27401.880,1,0,413921,105963776
simless,5,2,enron_full_095403,exact_ref,27401.880,1,0,413921,105963776
simless,4,2,enron_full_096327,exact_ref,30853.877,1,0,413921,105963776
simless,5,2,enron_full_096327,exact_ref,30853.877,1,0,413921,105963776
simless,6,2,enron_full_096327,exact_ref,30853.877,1,0,413921,105963776
simless,5,2,enron_full_096329,exact_ref,29173.129,1,0,413921,105963776
simless,6,2,enron_full_096329,exact_ref,29173.129,1,0,413921,105963776
simless,4,2,enron_full_096329,exact_ref,29173.129,1,0,413921,105963776
simless,6,2,enron_full_098210,exact_ref,32200.835,1,0,413921,105963776
simless,4,2,enron_full_098210,exact_ref,32200.835,1,0,413921,105963776
simless,5,2,enron_full_098210,exact_ref,32200.835,1,0,413921,105963776
simless,4,2,enron_full_098535,exact_ref,28273.598,1,0,413921,105963776
simless,5,2,enron_full_098535,exact_ref,28273.598,1,0,413921,105963776
simless,6,2,enron_full_098535,exact_ref,28273.598,1,0,413921,105963776
simless,5,2,enron_full_098599,exact_ref,27347.155,1,0,413921,105963776
simless,6,2,enron_full_098599,exact_ref,27347.155,1,0,413921,105963776
simless,4,2,enron_full_098599,exact_ref,27347.155,1,0,413921,105963776
simless,6,2,enron_full_098973,exact_ref,28069.539,1,0,413921,105963776
simless,4,2,enron_full_098973,exact_ref,28069.539,1,0,413921,105963776
simless,5,2,enron_full_098973,exact_ref,28069.539,1,0,413921,105963776
simless,4,2,enron_full_099013,exact_ref,28968.770,1,0,413921,105963776
simless,5,2,enron_full_099013,exact_ref,28968.770,1,0,413921,105963776
simless,6,2,enron_full_099013,exact_ref,28968.770,1,0,413921,105963776
simless,5,2,enron_full_099531,exact_ref,27916.913,1,0,413921,105963776
simless,6,2,enron_full_099531,exact_ref,27916.913,1,0,413921,105963776
simless,4,2,enron_full_099531,exact_ref,27916.913,1,0,413921,105963776
simless,6,2,enron_full_100323,exact_ref,31111.405,1,0,413921,105963776
simless,4,2,enron_full_100323,exact_ref,31111.405,1,0,413921,105963776
simless,5,2,enron_full_100323,exact_ref,31111.405,1,0,413921,105963776
simless,4,2,enron_full_100466,exact_ref,43843.160,1,0,413921,105963776
simless,5,2,enron_full_100466,exact_ref,43843.160,1,0,413921,105963776
simless,6,2,enron_full_100466,exact_ref,43843.160,1,0,413921,105963776
simless,5,2,enron_full_101174,exact_ref,28433.436,1,0,413921,105963776
simless,6,2,enron_full_101174,exact_ref,28433.436,1,0,413921,105963776
simless,4,2,enron_full_101174,exact_ref,28433.436,1,0,413921,105963776
simless,6,2,enron_full_101274,exact_ref,26468.735,1,0,413921,105963776
simless,4,2,enron_full_101274,exact_ref,26468.735,1,0,413921,105963776
simless,5,2,enron_full_101274,exact_ref,26468.735,1,0,413921,105963776
simless,4,2,enron_full_102532,exact_ref,27679.955,1,0,413921,105963776
simless,5,2,enron_full_102532,exact_ref,27679.955,1,0,413921,105963776
simless,6,2,enron_full_102532,exact_ref,27679.955,1,0,413921,105963776
simless,5,2,enron_full_102695,exact_ref,26822.181,1,0,413921,105963776
simless,6,2,enron_full_102695,exact_ref,26822.181,1,0,413921,105963776
simless,4,2,enron_full_102695,exact_ref,26822.181,1,0,413921,105963776
simless,6,2,enron_full_102774,exact_ref,26974.785,1,0,413921,105963776
simless,4,2,enron_full_102774,exact_ref,26974.785,1,0,413921,105963776
simless,5,2,enron_full_102774,exact_ref,26974.785,1,0,413921,105963776
simless,4,2,enron_full_103426,exact_ref,27430.064,1,0,413921,105963776
simless,5,2,enron_full_103426,exact_ref,27430.064,1,0,413921,105963776
simless,6,2,enron_full_103426,exact_ref,27430.064,1,0,413921,105963776
simless,5,2,enron_full_103581,exact_ref,30170.231,1,0,413921,105963776
simless,6,2,enron_full_103581,exact_ref,30170.231,1,0,413921,105963776
simless,4,2,enron_full_103581,exact_ref,30170.231,1,0,413921,105963776
simless,6,2,enron_full_104396,no_exact_ref,27683.192,0,37,413921,105963776
simless,4,2,enron_full_104396,no_exact_ref,27683.192,0,37,413921,105963776
simless,5,2,enron_full_104396,no_exact_ref,27683.192,0,37,413921,105963776
simless,4,2,enron_full_104402,exact_ref,28192.005,1,0,413921,105963776
simless,5,2,enron_full_104402,exact_ref,28192.005,1,0,413921,105963776
simless,6,2,enron_full_104402,exact_ref,28192.005,1,0,413921,105963776
simless,5,2,enron_full_104423,no_exact_ref,28178.021,0,56,413921,105963776
simless,6,2,enron_full_104423,no_exact_ref,28178.021,0,56,413921,105963776
simless,4,2,enron_full_104423,no_exact_ref,28178.021,0,56,413921,105963776
simless,6,2,enron_full_104598,exact_ref,27089.421,1,0,413921,105963776
simless,4,2,enron_full_104598,exact_ref,27089.421,1,0,413921,105963776
simless,5,2,enron_full_104598,exact_ref,27089.421,1,0,413921,105963776
simless,4,2,enron_full_105565,exact_ref,27822.154,1,0,413921,105963776
simless,5,2,enron_full_105565,exact_ref,27822.154,1,0,413921,105963776
simless,6,2,enron_full_105565,exact_ref,27822.154,1,0,413921,105963776
simless,5,2,enron_full_105930,exact_ref,27836.148,1,0,413921,105963776
simless,6,2,enron_full_105930,exact_ref,27836.148,1,0,413921,105963776
simless,4,2,enron_full_105930,exact_ref,27836.148,1,0,413921,105963776
simless,6,2,enron_full_106126,exact_ref,26219.560,1,0,413921,105963776
simless,4,2,enron_full_106126,exact_ref,26219.560,1,0,413921,105963776
simless,5,2,enron_full_106126,exact_ref,26219.560,1,0,413921,105963776
simless,4,2,enron_full_106135,exact_ref,25814.691,1,0,413921,105963776
simless,5,2,enron_full_106135,exact_ref,25814.691,1,0,413921,105963776
simless,6,2,enron_full_106135,exact_ref,25814.691,1,0,413921,105963776
simless,5,2,enron_full_108529,exact_ref,28744.681,1,0,413921,105963776
simless,6,2,enron_full_108529,exact_ref,28744.681,1,0,413921,105963776
simless,4,2,enron_full_108529,exact_ref,28744.681,1,0,413921,105963776
simless,6,2,enron_full_108654,exact_ref,25376.252,1,0,413921,105963776
simless,4,2,enron_full_108654,exact_ref,25376.252,1,0,413921,105963776
simless,5,2,enron_full_108654,exact_ref,25376.252,1,0,413921,105963776
simless,4,2,enron_full_108933,exact_ref,26821.675,1,0,413921,105963776
simless,5,2,enron_full_108933,exact_ref,26821.675,1,0,413921,105963776
simless,6,2,enron_full_108933,exact_ref,26821.675,1,0,413921,105963776
simless,5,2,enron_full_108996,exact_ref,26307.145,1,0,413921,105963776
simless,6,2,enron_full_108996,exact_ref,26307.145,1,0,413921,105963776
simless,4,2,enron_full_108996,exact_ref,26307.145,1,0,413921,105963776
simless,6,2,enron_full_109605,exact_ref,26651.793,1,0,413921,105963776
simless,4,2,enron_full_109605,exact_ref,26651.793,1,0,413921,105963776
simless,5,2,enron_full_109605,exact_ref,26651.793,1,0,413921,105963776
simless,4,2,enron_full_110370,exact_ref,27801.816,1,0,413921,105963776
simless,5,2,enron_full_110370,exact_ref,27801.816,1,0,413921,105963776
simless,6,2,enron_full_110370,exact_ref,27801.816,1,0,413921,105963776
simless,5,2,enron_full_111197,no_exact_ref,26498.284,0,64,413921,105963776
simless,6,2,enron_full_111197,no_exact_ref,26498.284,0,64,413921,105963776
simless,4,2,enron_full_111197,no_exact_ref,26498.284,0,64,413921,105963776
simless,6,2,enron_full_111665,exact_ref,26312.593,1,0,413921,105963776
simless,4,2,enron_full_111665,exact_ref,26312.593,1,0,413921,105963776
simless,5,2,enron_full_111665,exact_ref,26312.593,1,0,413921,105963776
simless,4,2,enron_full_111904,exact_ref,26402.589,1,0,413921,105963776
simless,5,2,enron_full_111904,exact_ref,26402.589,1,0,413921,105963776
simless,6,2,enron_full_111904,exact_ref,26402.589,1,0,413921,105963776
simless,5,2,enron_full_112694,exact_ref,26323.776,1,0,413921,105963776
simless,6,2,enron_full_112694,exact_ref,26323.776,1,0,413921,105963776
simless,4,2,enron_full_112694,exact_ref,26323.776,1,0,413921,105963776
simless,6,2,enron_full_113971,exact_ref,26416.024,1,0,413921,105963776
simless,4,2,enron_full_113971,exact_ref,26416.024,1,0,413921,105963776
simless,5,2,enron_full_113971,exact_ref,26416.024,1,0,413921,105963776
simless,4,2,enron_full_114650,exact_ref,26545.318,1,0,413921,105963776
simless,5,2,enron_full_114650,exact_ref,26545.318,1,0,413921,105963776
simless,6,2,enron_full_114650,exact_ref,26545.318,1,0,413921,105963776
simless,5,2,enron_full_115626,no_exact_ref,26473.330,0,94,413921,105963776
simless,6,2,enron_full_115626,no_exact_ref,26473.330,0,94,413921,105963776
simless,4,2,enron_full_115626,no_exact_ref,26473.330,0,94,413921,105963776
simless,6,2,enron_full_116065,exact_ref,24948.807,1,0,413921,105963776
simless,4,2,enron_full_116065,exact_ref,24948.807,1,0,413921,105963776
simless,5,2,enron_full_116065,exact_ref,24948.807,1,0,413921,105963776
simless,4,2,enron_full_116692,exact_ref,28457.602,1,0,413921,105963776
simless,5,2,enron_full_116692,exact_ref,28457.602,1,0,413921,105963776
simless,6,2,enron_full_116692,exact_ref,28457.602,1,0,413921,105963776
simless,5,2,enron_full_117087,exact_ref,27301.430,1,0,413921,105963776
simless,6,2,enron_full_117087,exact_ref,27301.430,1,0,413921,105963776
simless,4,2,enron_full_117087,exact_ref,27301.430,1,0,413921,105963776
simless,6,2,enron_full_117441,exact_ref,27257.861,1,0,413921,105963776
simless,4,2,enron_full_117441,exact_ref,27257.861,1,0,413921,105963776
simless,5,2,enron_full_117441,exact_ref,27257.861,1,0,413921,105963776
simless,4,2,enron_full_117988,exact_ref,27888.230,1,0,413921,105963776
simless,5,2,enron_full_117988,exact_ref,27888.230,1,0,413921,105963776
simless,6,2,enron_full_117988,exact_ref,27888.230,1,0,413921,105963776
simless,5,2,enron_full_118247,exact_ref,28546.733,1,0,413921,105963776
simless,6,2,enron_full_118247,exact_ref,28546.733,1,0,413921,105963776
simless,4,2,enron_full_118247,exact_ref,28546.733,1,0,413921,105963776
simless,6,2,enron_full_118573,exact_ref,27838.699,1,0,413921,105963776
simless,4,2,enron_full_118573,exact_ref,27838.699,1,0,413921,105963776
simless,5,2,enron_full_118573,exact_ref,27838.699,1,0,413921,105963776
simless,4,2,enron_full_119068,exact_ref,29842.499,1,0,413921,105963776
simless,5,2,enron_full_119068,exact_ref,29842.499,1,0,413921,105963776
simless,6,2,enron_full_119068,exact_ref,29842.499,1,0,413921,105963776
simless,5,2,enron_full_119674,no_exact_ref,26499.937,0,69,413921,105963776
simless,6,2,enron_full_119674,no_exact_ref,26499.937,0,69,413921,105963776
simless,4,2,enron_full_119674,no_exact_ref,26499.937,0,69,413921,105963776
simless,6,2,enron_full_119896,no_exact_ref,24157.696,0,25,413921,105963776
simless,4,2,enron_full_119896,no_exact_ref,24157.696,0,25,413921,105963776
simless,5,2,enron_full_119896,no_exact_ref,24157.696,0,25,413921,105963776
simless,4,2,enron_full_120534,exact_ref,24654.340,1,0,413921,105963776
simless,5,2,enron_full_120534,exact_ref,24654.340,1,0,413921,105963776
simless,6,2,enron_full_120534,exact_ref,24654.340,1,0,413921,105963776
simless,5,2,enron_full_120641,exact_ref,24426.995,1,0,413921,105963776
simless,6,2,enron_full_120641,exact_ref,24426.995,1,0,413921,105963776
simless,4,2,enron_full_120641,exact_ref,24426.995,1,0,413921,105963776
simless,6,2,enron_full_120822,exact_ref,25277.620,1,0,413921,105963776
simless,4,2,enron_full_120822,exact_ref,25277.620,1,0,413921,105963776
simless,5,2,enron_full_120822,exact_ref,25277.620,1,0,413921,105963776
simless,4,2,enron_full_121175,exact_ref,26176.544,1,0,413921,105963776
simless,5,2,enron_full_121175,exact_ref,26176.544,1,0,413921,105963776
simless,6,2,enron_full_121175,exact_ref,26176.544,1,0,413921,105963776
simless,5,2,enron_full_122290,no_exact_ref,26168.994,0,28,413921,105963776
simless,6,2,enron_full_122290,no_exact_ref,26168.994,0,28,413921,105963776
simless,4,2,enron_full_122290,no_exact_ref,26168.994,0,28,413921,105963776
simless,6,2,enron_full_122402,no_exact_ref,24671.721,0,90,413921,105963776
simless,4,2,enron_full_122402,no_exact_ref,24671.721,0,90,413921,105963776
simless,5,2,enron_full_122402,no_exact_ref,24671.721,0,90,413921,105963776
simless,4,2,enron_full_123831,exact_ref,25914.377,1,0,413921,105963776
simless,5,2,enron_full_123831,exact_ref,25914.377,1,0,413921,105963776
simless,6,2,enron_full_123831,exact_ref,25914.377,1,0,413921,105963776
simless,5,2,enron_full_124264,exact_ref,25735.092,1,0,413921,105963776
simless,6,2,enron_full_124264,exact_ref,25735.092,1,0,413921,105963776
simless,4,2,enron_full_124264,exact_ref,25735.092,1,0,413921,105963776
simless,6,2,enron_full_124451,exact_ref,27893.339,1,0,413921,105963776
simless,4,2,enron_full_124451,exact_ref,27893.339,1,0,413921,105963776
simless,5,2,enron_full_124451,exact_ref,27893.339,1,0,413921,105963776
simless,4,2,enron_full_126518,exact_ref,27107.993,1,0,413921,105963776
simless,5,2,enron_full_126518,exact_ref,27107.993,1,0,413921,105963776
simless,6,2,enron_full_126518,exact_ref,27107.993,1,0,413921,105963776
simless,5,2,enron_full_128013,no_exact_ref,27090.769,0,23,413921,105963776
simless,6,2,enron_full_128013,no_exact_ref,27090.769,0,23,413921,105963776
simless,4,2,enron_full_128013,no_exact_ref,27090.769,0,23,413921,105963776
simless,6,2,enron_full_128290,no_exact_ref,28358.494,0,41,413921,105963776
simless,4,2,enron_full_128290,no_exact_ref,28358.494,0,41,413921,105963776
simless,5,2,enron_full_128290,no_exact_ref,28358.494,0,41,413921,105963776
simless,4,2,enron_full_128461,exact_ref,25614.777,1,0,413921,105963776
simless,5,2,enron_full_128461,exact_ref,25614.777,1,0,413921,105963776
simless,6,2,enron_full_128461,exact_ref,25614.777,1,0,413921,105963776
simless,5,2,enron_full_129750,exact_ref,26128.858,1,0,413921,105963776
simless,6,2,enron_full_129750,exact_ref,26128.858,1,0,413921,105963776
simless,4,2,enron_full_129750,exact_ref,26128.858,1,0,413921,105963776
simless,6,2,enron_full_129922,exact_ref,27844.219,1,0,413921,105963776
simless,4,2,enron_full_129922,exact_ref,27844.219,1,0,413921,105963776
simless,5,2,enron_full_129922,exact_ref,27844.219,1,0,413921,105963776
simless,4,2,enron_full_129965,exact_ref,27181.793,1,0,413921,105963776
simless,5,2,enron_full_129965,exact_ref,27181.793,1,0,413921,105963776
simless,6,2,enron_full_129965,exact_ref,27181.793,1,0,413921,105963776
simless,5,2,enron_full_130406,exact_ref,28126.927,1,0,413921,105963776
simless,6,2,enron_full_130406,exact_ref,28126.927,1,0,413921,105963776
simless,4,2,enron_full_130406,exact_ref,28126.927,1,0,413921,105963776
simless,6,2,enron_full_130557,exact_ref,27952.846,1,0,413921,105963776
simless,4,2,enron_full_130557,exact_ref,27952.846,1,0,413921,105963776
simless,5,2,enron_full_130557,exact_ref,27952.846,1,0,413921,105963776
simless,4,2,enron_full_130818,exact_ref,26962.131,1,0,413921,105963776
simless,5,2,enron_full_130818,exact_ref,26962.131,1,0,413921,105963776
simless,6,2,enron_full_130818,exact_ref,26962.131,1,0,413921,105963776
simless,5,2,enron_full_131990,exact_ref,27237.454,1,0,413921,105963776
simless,6,2,enron_full_131990,exact_ref,27237.454,1,0,413921,105963776
simless,4,2,enron_full_131990,exact_ref,27237.454,1,0,413921,105963776
simless,6,2,enron_full_132971,exact_ref,25076.629,1,0,413921,105963776
simless,4,2,enron_full_132971,exact_ref,25076.629,1,0,413921,105963776
simless,5,2,enron_full_132971,exact_ref,25076.629,1,0,413921,105963776
simless,4,2,enron_full_133588,exact_ref,26495.403,1,0,413921,105963776
simless,5,2,enron_full_133588,exact_ref,26495.403,1,0,413921,105963776
simless,6,2,enron_full_133588,exact_ref,26495.403,1,0,413921,105963776
simless,5,2,enron_full_133819,exact_ref,28580.644,1,0,413921,105963776
simless,6,2,enron_full_133819,exact_ref,28580.644,1,0,413921,105963776
simless,4,2,enron_full_133819,exact_ref,28580.644,1,0,413921,105963776
simless,6,2,enron_full_134727,no_exact_ref,27135.511,0,90,413921,105963776
simless,4,2,enron_full_134727,no_exact_ref,27135.511,0,90,413921,105963776
simless,5,2,enron_full_134727,no_exact_ref,27135.511,0,90,413921,105963776
simless,4,2,enron_full_136330,exact_ref,26443.455,1,0,413921,105963776
simless,5,2,enron_full_136330,exact_ref,26443.455,1,0,413921,105963776
simless,6,2,enron_full_136330,exact_ref,26443.455,1,0,413921,105963776
simless,5,2,enron_full_137531,exact_ref,24545.097,1,0,413921,105963776
simless,6,2,enron_full_137531,exact_ref,24545.097,1,0,413921,105963776
simless,4,2,enron_full_137531,exact_ref,24545.097,1,0,413921,105963776
simless,6,2,enron_full_137711,exact_ref,24822.035,1,0,413921,105963776
simless,4,2,enron_full_137711,exact_ref,24822.035,1,0,413921,105963776
simless,5,2,enron_full_137711,exact_ref,24822.035,1,0,413921,105963776
simless,4,2,enron_full_139013,no_exact_ref,23519.818,0,92,413921,105963776
simless,5,2,enron_full_139013,no_exact_ref,23519.818,0,92,413921,105963776
simless,6,2,enron_full_139013,no_exact_ref,23519.818,0,92,413921,105963776
simless,5,2,enron_full_139188,exact_ref,24871.389,1,0,413921,105963776
simless,6,2,enron_full_139188,exact_ref,24871.389,1,0,413921,105963776
simless,4,2,enron_full_139188,exact_ref,24871.389,1,0,413921,105963776
simless,6,2,enron_full_139197,exact_ref,38360.333,1,0,413921,105963776
simless,4,2,enron_full_139197,exact_ref,38360.333,1,0,413921,105963776
simless,5,2,enron_full_139197,exact_ref,38360.333,1,0,413921,105963776
simless,4,2,enron_full_139486,exact_ref,25261.566,1,0,413921,105963776
simless,5,2,enron_full_139486,exact_ref,25261.566,1,0,413921,105963776
simless,6,2,enron_full_139486,exact_ref,25261.566,1,0,413921,105963776
simless,5,2,enron_full_140225,no_exact_ref,23192.696,0,14,413921,105963776
simless,6,2,enron_full_140225,no_exact_ref,23192.696,0,14,413921,105963776
simless,4,2,enron_full_140225,no_exact_ref,23192.696,0,14,413921,105963776
simless,6,2,enron_full_140420,exact_ref,23062.974,1,0,413921,105963776
simless,4,2,enron_full_140420,exact_ref,23062.974,1,0,413921,105963776
simless,5,2,enron_full_140420,exact_ref,23062.974,1,0,413921,105963776
simless,4,2,enron_full_140552,exact_ref,27208.466,1,0,413921,105963776
simless,5,2,enron_full_140552,exact_ref,27208.466,1,0,413921,105963776
simless,6,2,enron_full_140552,exact_ref,27208.466,1,0,413921,105963776
simless,5,2,enron_full_140885,exact_ref,27571.978,1,0,413921,105963776
simless,6,2,enron_full_140885,exact_ref,27571.978,1,0,413921,105963776
simless,4,2,enron_full_140885,exact_ref,27571.978,1,0,413921,105963776
simless,6,2,enron_full_141161,no_exact_ref,27033.420,0,78,413921,105963776
simless,4,2,enron_full_141161,no_exact_ref,27033.420,0,78,413921,105963776
simless,5,2,enron_full_141161,no_exact_ref,27033.420,0,78,413921,105963776
simless,4,2,enron_full_141985,exact_ref,27695.437,1,0,413921,105963776
simless,5,2,enron_full_141985,exact_ref,27695.437,1,0,413921,105963776
simless,6,2,enron_full_141985,exact_ref,27695.437,1,0,413921,105963776
simless,5,2,enron_full_142230,exact_ref,28912.523,1,0,413921,105963776
simless,6,2,enron_full_142230,exact_ref,28912.523,1,0,413921,105963776
simless,4,2,enron_full_142230,exact_ref,28912.523,1,0,413921,105963776
simless,6,2,enron_full_142612,exact_ref,26318.714,1,0,413921,105963776
simless,4,2,enron_full_142612,exact_ref,26318.714,1,0,413921,105963776
simless,5,2,enron_full_142612,exact_ref,26318.714,1,0,413921,105963776
simless,4,2,enron_full_143076,exact_ref,28383.335,1,0,413921,105963776
simless,5,2,enron_full_143076,exact_ref,28383.335,1,0,413921,105963776
simless,6,2,enron_full_143076,exact_ref,28383.335,1,0,413921,105963776
simless,5,2,enron_full_144720,no_exact_ref,26992.906,0,13,413921,105963776
simless,6,2,enron_full_144720,no_exact_ref,26992.906,0,13,413921,105963776
simless,4,2,enron_full_144720,no_exact_ref,26992.906,0,13,413921,105963776
simless,6,2,enron_full_144759,no_exact_ref,23906.820,0,74,413921,105963776
simless,4,2,enron_full_144759,no_exact_ref,23906.820,0,74,413921,105963776
simless,5,2,enron_full_144759,no_exact_ref,23906.820,0,74,413921,105963776
simless,4,2,enron_full_145061,exact_ref,23114.905,1,0,413921,105963776
simless,5,2,enron_full_145061,exact_ref,23114.905,1,0,413921,105963776
simless,6,2,enron_full_145061,exact_ref,23114.905,1,0,413921,105963776
simless,5,2,enron_full_146696,exact_ref,23904.895,1,0,413921,105963776
simless,6,2,enron_full_146696,exact_ref,23904.895,1,0,413921,105963776
simless,4,2,enron_full_146696,exact_ref,23904.895,1,0,413921,105963776
simless,6,2,enron_full_148007,exact_ref,23172.106,1,0,413921,105963776
simless,4,2,enron_full_148007,exact_ref,23172.106,1,0,413921,105963776
simless,5,2,enron_full_148007,exact_ref,23172.106,1,0,413921,105963776
simless,4,2,enron_full_148315,exact_ref,26613.783,1,0,413921,105963776
simless,5,2,enron_full_148315,exact_ref,26613.783,1,0,413921,105963776
simless,6,2,enron_full_148315,exact_ref,26613.783,1,0,413921,105963776
simless,5,2,enron_full_148338,exact_ref,24735.362,1,0,413921,105963776
simless,6,2,enron_full_148338,exact_ref,24735.362,1,0,413921,105963776
simless,4,2,enron_full_148338,exact_ref,24735.362,1,0,413921,105963776
simless,6,2,enron_full_149174,exact_ref,24757.182,1,0,413921,105963776
simless,4,2,enron_full_149174,exact_ref,24757.182,1,0,413921,105963776
simless,5,2,enron_full_149174,exact_ref,24757.182,1,0,413921,105963776
simless,4,2,enron_full_149842,exact_ref,24362.370,1,0,413921,105963776
simless,5,2,enron_full_149842,exact_ref,24362.370,1,0,413921,105963776
simless,6,2,enron_full_149842,exact_ref,24362.370,1,0,413921,105963776
simless,5,2,enron_full_150562,exact_ref,26332.098,1,0,413921,105963776
simless,6,2,enron_full_150562,exact_ref,26332.098,1,0,413921,105963776
simless,4,2,enron_full_150562,exact_ref,26332.098,1,0,413921,105963776
simless,6,2,enron_full_151773,no_exact_ref,29887.919,0,59,413921,105963776
simless,4,2,enron_full_151773,no_exact_ref,29887.919,0,59,413921,105963776
simless,5,2,enron_full_151773,no_exact_ref,29887.919,0,59,413921,105963776
simless,4,2,enron_full_152307,exact_ref,26412.814,1,0,413921,105963776
simless,5,2,enron_full_152307,exact_ref,26412.814,1,0,413921,105963776
simless,6,2,enron_full_152307,exact_ref,26412.814,1,0,413921,105963776
simless,5,2,enron_full_152987,exact_ref,25789.698,1,0,413921,105963776
simless,6,2,enron_full_152987,exact_ref,25789.698,1,0,413921,105963776
simless,4,2,enron_full_152987,exact_ref,25789.698,1,0,413921,105963776
simless,6,2,enron_full_153167,exact_ref,24463.703,1,0,413921,105963776
simless,4,2,enron_full_153167,exact_ref,24463.703,1,0,413921,105963776
simless,5,2,enron_full_153167,exact_ref,24463.703,1,0,413921,105963776
simless,4,2,enron_full_154125,no_exact_ref,24282.591,0,11,413921,105963776
simless,5,2,enron_full_154125,no_exact_ref,24282.591,0,11,413921,105963776
simless,6,2,enron_full_154125,no_exact_ref,24282.591,0,11,413921,105963776
simless,5,2,enron_full_154648,no_exact_ref,23954.209,0,86,413921,105963776
simless,6,2,enron_full_154648,no_exact_ref,23954.209,0,86,413921,105963776
simless,4,2,enron_full_154648,no_exact_ref,23954.209,0,86,413921,105963776
simless,6,2,enron_full_155829,exact_ref,24293.486,1,0,413921,105963776
simless,4,2,enron_full_155829,exact_ref,24293.486,1,0,413921,105963776
simless,5,2,enron_full_155829,exact_ref,24293.486,1,0,413921,105963776
simless,4,2,enron_full_156626,exact_ref,24339.054,1,0,413921,105963776
simless,5,2,enron_full_156626,exact_ref,24339.054,1,0,413921,105963776
simless,6,2,enron_full_156626,exact_ref,24339.054,1,0,413921,105963776
simless,5,2,enron_full_156811,exact_ref,24169.256,1,0,413921,105963776
simless,6,2,enron_full_156811,exact_ref,24169.256,1,0,413921,105963776
simless,4,2,enron_full_156811,exact_ref,24169.256,1,0,413921,105963776
simless,6,2,enron_full_158640,exact_ref,24254.127,1,0,413921,105963776
simless,4,2,enron_full_158640,exact_ref,24254.127,1,0,413921,105963776
simless,5,2,enron_full_158640,exact_ref,24254.127,1,0,413921,105963776
simless,4,2,enron_full_159222,exact_ref,26633.840,1,0,413921,105963776
simless,5,2,enron_full_159222,exact_ref,26633.840,1,0,413921,105963776
simless,6,2,enron_full_159222,exact_ref,26633.840,1,0,413921,105963776
simless,5,2,enron_full_159570,exact_ref,26823.805,1,0,413921,105963776
simless,6,2,enron_full_159570,exact_ref,26823.805,1,0,413921,105963776
simless,4,2,enron_full_159570,exact_ref,26823.805,1,0,413921,105963776
simless,6,2,enron_full_159687,exact_ref,27780.015,1,0,413921,105963776
simless,4,2,enron_full_159687,exact_ref,27780.015,1,0,413921,105963776
simless,5,2,enron_full_159687,exact_ref,27780.015,1,0,413921,105963776
simless,4,2,enron_full_161067,exact_ref,28789.114,1,0,413921,105963776
simless,5,2,enron_full_161067,exact_ref,28789.114,1,0,413921,105963776
simless,6,2,enron_full_161067,exact_ref,28789.114,1,0,413921,105963776
simless,5,2,enron_full_161301,exact_ref,27305.155,1,0,413921,105963776
simless,6,2,enron_full_161301,exact_ref,27305.155,1,0,413921,105963776
simless,4,2,enron_full_161301,exact_ref,27305.155,1,0,413921,105963776
simless,6,2,enron_full_161404,exact_ref,28160.495,1,0,413921,105963776
simless,4,2,enron_full_161404,exact_ref,28160.495,1,0,413921,105963776
simless,5,2,enron_full_161404,exact_ref,28160.495,1,0,413921,105963776
simless,4,2,enron_full_161839,no_exact_ref,32267.792,0,88,413921,105963776
simless,5,2,enron_full_161839,no_exact_ref,32267.792,0,88,413921,105963776
simless,6,2,enron_full_161839,no_exact_ref,32267.792,0,88,413921,105963776
simless,5,2,enron_full_162338,exact_ref,24006.287,1,0,413921,105963776
simless,6,2,enron_full_162338,exact_ref,24006.287,1,0,413921,105963776
simless,4,2,enron_full_162338,exact_ref,24006.287,1,0,413921,105963776
simless,6,2,enron_full_163700,no_exact_ref,25711.034,0,45,413921,105963776
simless,4,2,enron_full_163700,no_exact_ref,25711.034,0,45,413921,105963776
simless,5,2,enron_full_163700,no_exact_ref,25711.034,0,45,413921,105963776
simless,4,2,enron_full_163994,exact_ref,25835.202,1,0,413921,105963776
simless,5,2,enron_full_163994,exact_ref,25835.202,1,0,413921,105963776
simless,6,2,enron_full_163994,exact_ref,25835.202,1,0,413921,105963776
simless,5,2,enron_full_164128,no_exact_ref,24476.993,0,19,413921,105963776
simless,6,2,enron_full_164128,no_exact_ref,24476.993,0,19,413921,105963776
simless,4,2,enron_full_164128,no_exact_ref,24476.993,0,19,413921,105963776
simless,6,2,enron_full_164251,exact_ref,25734.769,1,0,413921,105963776
simless,4,2,enron_full_164251,exact_ref,25734.769,1,0,413921,105963776
simless,5,2,enron_full_164251,exact_ref,25734.769,1,0,413921,105963776
simless,4,2,enron_full_164751,no_exact_ref,26553.478,0,92,413921,105963776
simless,5,2,enron_full_164751,no_exact_ref,26553.478,0,92,413921,105963776
simless,6,2,enron_full_164751,no_exact_ref,26553.478,0,92,413921,105963776
simless,5,2,enron_full_164805,no_exact_ref,26317.591,0,94,413921,105963776
simless,6,2,enron_full_164805,no_exact_ref,26317.591,0,94,413921,105963776
simless,4,2,enron_full_164805,no_exact_ref,26317.591,0,94,413921,105963776
simless,6,2,enron_full_165550,no_exact_ref,25000.308,0,89,413921,105963776
simless,4,2,enron_full_165550,no_exact_ref,25000.308,0,89,413921,105963776
simless,5,2,enron_full_165550,no_exact_ref,25000.308,0,89,413921,105963776
simless,4,2,enron_full_165951,exact_ref,24428.155,1,0,413921,105963776
simless,5,2,enron_full_165951,exact_ref,24428.155,1,0,413921,105963776
simless,6,2,enron_full_165951,exact_ref,24428.155,1,0,413921,105963776
simless,5,2,enron_full_167260,exact_ref,24845.293,1,0,413921,105963776
simless,6,2,enron_full_167260,exact_ref,24845.293,1,0,413921,105963776
simless,4,2,enron_full_167260,exact_ref,24845.293,1,0,413921,105963776
simless,6,2,enron_full_168469,exact_ref,26003.382,1,0,413921,105963776
simless,4,2,enron_full_168469,exact_ref,26003.382,1,0,413921,105963776
simless,5,2,enron_full_168469,exact_ref,26003.382,1,0,413921,105963776
simless,4,2,enron_full_168971,exact_ref,26987.864,1,0,413921,105963776
simless,5,2,enron_full_168971,exact_ref,26987.864,1,0,413921,105963776
simless,6,2,enron_full_168971,exact_ref,26987.864,1,0,413921,105963776
simless,5,2,enron_full_170176,no_exact_ref,27681.307,0,92,413921,105963776
simless,6,2,enron_full_170176,no_exact_ref,27681.307,0,92,413921,105963776
simless,4,2,enron_full_170176,no_exact_ref,27681.307,0,92,413921,105963776
simless,6,2,enron_full_170711,exact_ref,24294.999,1,0,413921,105963776
simless,4,2,enron_full_170711,exact_ref,24294.999,1,0,413921,105963776
simless,5,2,enron_full_170711,exact_ref,24294.999,1,0,413921,105963776
simless,4,2,enron_full_170765,exact_ref,24745.977,1,0,413921,105963776
simless,5,2,enron_full_170765,exact_ref,24745.977,1,0,413921,105963776
simless,6,2,enron_full_170765,exact_ref,24745.977,1,0,413921,105963776
simless,5,2,enron_full_170860,no_exact_ref,24569.176,0,85,413921,105963776
simless,6,2,enron_full_170860,no_exact_ref,24569.176,0,85,413921,105963776
simless,4,2,enron_full_170860,no_exact_ref,24569.176,0,85,413921,105963776
simless,6,2,enron_full_171509,exact_ref,25923.622,1,0,413921,105963776
simless,4,2,enron_full_171509,exact_ref,25923.622,1,0,413921,105963776
simless,5,2,enron_full_171509,exact_ref,25923.622,1,0,413921,105963776
simless,4,2,enron_full_171797,no_exact_ref,30021.896,0,87,413921,105963776
simless,5,2,enron_full_171797,no_exact_ref,30021.896,0,87,413921,105963776
simless,6,2,enron_full_171797,no_exact_ref,30021.896,0,87,413921,105963776
simless,5,2,enron_full_172609,no_exact_ref,26953.532,0,93,413921,105963776
simless,6,2,enron_full_172609,no_exact_ref,26953.532,0,93,413921,105963776
simless,4,2,enron_full_172609,no_exact_ref,26953.532,0,93,413921,105963776
simless,6,2,enron_full_174436,exact_ref,26384.730,1,0,413921,105963776
simless,4,2,enron_full_174436,exact_ref,26384.730,1,0,413921,105963776
simless,5,2,enron_full_174436,exact_ref,26384.730,1,0,413921,105963776
simless,4,2,enron_full_174861,exact_ref,26391.706,1,0,413921,105963776
simless,5,2,enron_full_174861,exact_ref,26391.706,1,0,413921,105963776
simless,6,2,enron_full_174861,exact_ref,26391.706,1,0,413921,105963776
simless,5,2,enron_full_175011,no_exact_ref,26933.692,0,47,413921,105963776
simless,6,2,enron_full_175011,no_exact_ref,26933.692,0,47,413921,105963776
simless,4,2,enron_full_175011,no_exact_ref,26933.692,0,47,413921,105963776
simless,6,2,enron_full_176124,exact_ref,24781.260,1,0,413921,105963776
simless,4,2,enron_full_176124,exact_ref,24781.260,1,0,413921,105963776
simless,5,2,enron_full_176124,exact_ref,24781.260,1,0,413921,105963776
simless,4,2,enron_full_176753,exact_ref,24948.417,1,0,413921,105963776
simless,5,2,enron_full_176753,exact_ref,24948.417,1,0,413921,105963776
simless,6,2,enron_full_176753,exact_ref,24948.417,1,0,413921,105963776
simless,5,2,enron_full_178212,exact_ref,26705.781,1,0,413921,105963776
simless,6,2,enron_full_178212,exact_ref,26705.781,1,0,413921,105963776
simless,4,2,enron_full_178212,exact_ref,26705.781,1,0,413921,105963776
simless,6,2,enron_full_178550,exact_ref,26780.496,1,0,413921,105963776
simless,4,2,enron_full_178550,exact_ref,26780.496,1,0,413921,105963776
simless,5,2,enron_full_178550,exact_ref,26780.496,1,0,413921,105963776
simless,4,2,enron_full_179413,exact_ref,25906.705,1,0,413921,105963776
simless,5,2,enron_full_179413,exact_ref,25906.705,1,0,413921,105963776
simless,6,2,enron_full_179413,exact_ref,25906.705,1,0,413921,105963776
simless,5,2,enron_full_179791,exact_ref,26018.328,1,0,413921,105963776
simless,6,2,enron_full_179791,exact_ref,26018.328,1,0,413921,105963776
simless,4,2,enron_full_179791,exact_ref,26018.328,1,0,413921,105963776
simless,6,2,enron_full_180640,exact_ref,25339.468,1,0,413921,105963776
simless,4,2,enron_full_180640,exact_ref,25339.468,1,0,413921,105963776
simless,5,2,enron_full_180640,exact_ref,25339.468,1,0,413921,105963776
simless,4,2,enron_full_181037,exact_ref,23953.436,1,0,413921,105963776
simless,5,2,enron_full_181037,exact_ref,23953.436,1,0,413921,105963776
simless,6,2,enron_full_181037,exact_ref,23953.436,1,0,413921,105963776
simless,5,2,enron_full_181456,exact_ref,24568.185,1,0,413921,105963776
simless,6,2,enron_full_181456,exact_ref,24568.185,1,0,413921,105963776
simless,4,2,enron_full_181456,exact_ref,24568.185,1,0,413921,105963776
simless,6,2,enron_full_181872,exact_ref,25242.578,1,0,413921,105963776
simless,4,2,enron_full_181872,exact_ref,25242.578,1,0,413921,105963776
simless,5,2,enron_full_181872,exact_ref,25242.578,1,0,413921,105963776
simless,4,2,enron_full_181885,exact_ref,26348.298,1,0,413921,105963776
simless,5,2,enron_full_181885,exact_ref,26348.298,1,0,413921,105963776
simless,6,2,enron_full_181885,exact_ref,26348.298,1,0,413921,105963776
simless,5,2,enron_full_182915,exact_ref,25061.031,1,0,413921,105963776
simless,6,2,enron_full_182915,exact_ref,25061.031,1,0,413921,105963776
simless,4,2,enron_full_182915,exact_ref,25061.031,1,0,413921,105963776
simless,6,2,enron_full_182942,exact_ref,25790.387,1,0,413921,105963776
simless,4,2,enron_full_182942,exact_ref,25790.387,1,0,413921,105963776
simless,5,2,enron_full_182942,exact_ref,25790.387,1,0,413921,105963776
simless,4,2,enron_full_183169,exact_ref,25413.468,1,0,413921,105963776
simless,5,2,enron_full_183169,exact_ref,25413.468,1,0,413921,105963776
simless,6,2,enron_full_183169,exact_ref,25413.468,1,0,413921,105963776
simless,5,2,enron_full_183297,exact_ref,25861.396,1,0,413921,105963776
simless,6,2,enron_full_183297,exact_ref,25861.396,1,0,413921,105963776
simless,4,2,enron_full_183297,exact_ref,25861.396,1,0,413921,105963776
simless,6,2,enron_full_183379,exact_ref,27660.803,1,0,413921,105963776
simless,4,2,enron_full_183379,exact_ref,27660.803,1,0,413921,105963776
simless,5,2,enron_full_183379,exact_ref,27660.803,1,0,413921,105963776
simless,4,2,enron_full_183388,exact_ref,26764.127,1,0,413921,105963776
simless,5,2,enron_full_183388,exact_ref,26764.127,1,0,413921,105963776
simless,6,2,enron_full_183388,exact_ref,26764.127,1,0,413921,105963776
simless,5,2,enron_full_183934,exact_ref,26903.236,1,0,413921,105963776
simless,6,2,enron_full_183934,exact_ref,26903.236,1,0,413921,105963776
simless,4,2,enron_full_183934,exact_ref,26903.236,1,0,413921,105963776
simless,6,2,enron_full_184508,exact_ref,26520.760,1,0,413921,105963776
simless,4,2,enron_full_184508,exact_ref,26520.760,1,0,413921,105963776
simless,5,2,enron_full_184508,exact_ref,26520.760,1,0,413921,105963776
simless,4,2,enron_full_185731,no_exact_ref,30077.490,0,87,413921,105963776
simless,5,2,enron_full_185731,no_exact_ref,30077.490,0,87,413921,105963776
simless,6,2,enron_full_185731,no_exact_ref,30077.490,0,87,413921,105963776
simless,5,2,enron_full_186258,exact_ref,26898.124,1,0,413921,105963776
simless,6,2,enron_full_186258,exact_ref,26898.124,1,0,413921,105963776
simless,4,2,enron_full_186258,exact_ref,26898.124,1,0,413921,105963776
simless,6,2,enron_full_186778,exact_ref,28198.214,1,0,413921,105963776
simless,4,2,enron_full_186778,exact_ref,28198.214,1,0,413921,105963776
simless,5,2,enron_full_186778,exact_ref,28198.214,1,0,413921,105963776
simless,4,2,enron_full_187181,exact_ref,28165.983,1,0,413921,105963776
simless,5,2,enron_full_187181,exact_ref,28165.983,1,0,413921,105963776
simless,6,2,enron_full_187181,exact_ref,28165.983,1,0,413921,105963776
simless,5,2,enron_full_187432,exact_ref,28025.104,1,0,413921,105963776
simless,6,2,enron_full_187432,exact_ref,28025.104,1,0,413921,105963776
simless,4,2,enron_full_187432,exact_ref,28025.104,1,0,413921,105963776
simless,6,2,enron_full_187706,exact_ref,25737.318,1,0,413921,105963776
simless,4,2,enron_full_187706,exact_ref,25737.318,1,0,413921,105963776
simless,5,2,enron_full_187706,exact_ref,25737.318,1,0,413921,105963776
simless,4,2,enron_full_188453,exact_ref,26138.760,1,0,413921,105963776
simless,5,2,enron_full_188453,exact_ref,26138.760,1,0,413921,105963776
simless,6,2,enron_full_188453,exact_ref,26138.760,1,0,413921,105963776
simless,5,2,enron_full_189842,exact_ref,26215.200,1,0,413921,105963776
simless,6,2,enron_full_189842,exact_ref,26215.200,1,0,413921,105963776
simless,4,2,enron_full_189842,exact_ref,26215.200,1,0,413921,105963776
simless,6,2,enron_full_189980,exact_ref,26235.096,1,0,413921,105963776
simless,4,2,enron_full_189980,exact_ref,26235.096,1,0,413921,105963776
simless,5,2,enron_full_189980,exact_ref,26235.096,1,0,413921,105963776
simless,4,2,enron_full_191466,exact_ref,27097.907,1,0,413921,105963776
simless,5,2,enron_full_191466,exact_ref,27097.907,1,0,413921,105963776
simless,6,2,enron_full_191466,exact_ref,27097.907,1,0,413921,105963776
simless,5,2,enron_full_191744,no_exact_ref,26677.920,0,17,413921,105963776
simless,6,2,enron_full_191744,no_exact_ref,26677.920,0,17,413921,105963776
simless,4,2,enron_full_191744,no_exact_ref,26677.920,0,17,413921,105963776
simless,6,2,enron_full_191882,exact_ref,26437.831,1,0,413921,105963776
simless,4,2,enron_full_191882,exact_ref,26437.831,1,0,413921,105963776
simless,5,2,enron_full_191882,exact_ref,26437.831,1,0,413921,105963776
simless,4,2,enron_full_193162,exact_ref,27058.970,1,0,413921,105963776
simless,5,2,enron_full_193162,exact_ref,27058.970,1,0,413921,105963776
simless,6,2,enron_full_193162,exact_ref,27058.970,1,0,413921,105963776
simless,5,2,enron_full_195402,exact_ref,26185.973,1,0,413921,105963776
simless,6,2,enron_full_195402,exact_ref,26185.973,1,0,413921,105963776
simless,4,2,enron_full_195402,exact_ref,26185.973,1,0,413921,105963776
simless,6,2,enron_full_195600,exact_ref,26602.261,1,0,413921,105963776
simless,4,2,enron_full_195600,exact_ref,26602.261,1,0,413921,105963776
simless,5,2,enron_full_195600,exact_ref,26602.261,1,0,413921,105963776
simless,4,2,enron_full_195759,exact_ref,26710.305,1,0,413921,105963776
simless,5,2,enron_full_195759,exact_ref,26710.305,1,0,413921,105963776
simless,6,2,enron_full_195759,exact_ref,26710.305,1,0,413921,105963776
simless,5,2,enron_full_196134,exact_ref,26471.750,1,0,413921,105963776
simless,6,2,enron_full_196134,exact_ref,26471.750,1,0,413921,105963776
simless,4,2,enron_full_196134,exact_ref,26471.750,1,0,413921,105963776
simless,6,2,enron_full_197175,exact_ref,26252.944,1,0,413921,105963776
simless,4,2,enron_full_197175,exact_ref,26252.944,1,0,413921,105963776
simless,5,2,enron_full_197175,exact_ref,26252.944,1,0,413921,105963776
simless,4,2,enron_full_197216,exact_ref,25874.215,1,0,413921,105963776
simless,5,2,enron_full_197216,exact_ref,25874.215,1,0,413921,105963776
simless,6,2,enron_full_197216,exact_ref,25874.215,1,0,413921,105963776
simless,5,2,enron_full_197678,exact_ref,25831.699,1,0,413921,105963776
simless,6,2,enron_full_197678,exact_ref,25831.699,1,0,413921,105963776
simless,4,2,enron_full_197678,exact_ref,25831.699,1,0,413921,105963776
simless,6,2,enron_full_198102,exact_ref,25766.155,1,0,413921,105963776
simless,4,2,enron_full_198102,exact_ref,25766.155,1,0,413921,105963776
simless,5,2,enron_full_198102,exact_ref,25766.155,1,0,413921,105963776
simless,4,2,enron_full_198996,exact_ref,26571.828,1,0,413921,105963776
simless,5,2,enron_full_198996,exact_ref,26571.828,1,0,413921,105963776
simless,6,2,enron_full_198996,exact_ref,26571.828,1,0,413921,105963776
simless,5,2,enron_full_200327,exact_ref,26865.263,1,0,413921,105963776
simless,6,2,enron_full_200327,exact_ref,26865.263,1,0,413921,105963776
simless,4,2,enron_full_200327,exact_ref,26865.263,1,0,413921,105963776
simless,6,2,enron_full_200476,exact_ref,26728.665,1,0,413921,105963776
simless,4,2,enron_full_200476,exact_ref,26728.665,1,0,413921,105963776
simless,5,2,enron_full_200476,exact_ref,26728.665,1,0,413921,105963776
simless,4,2,enron_full_201608,exact_ref,27272.897,1,0,413921,105963776
simless,5,2,enron_full_201608,exact_ref,27272.897,1,0,413921,105963776
simless,6,2,enron_full_201608,exact_ref,27272.897,1,0,413921,105963776
simless,5,2,enron_full_202547,exact_ref,26680.033,1,0,413921,105963776
simless,6,2,enron_full_202547,exact_ref,26680.033,1,0,413921,105963776
simless,4,2,enron_full_202547,exact_ref,26680.033,1,0,413921,105963776
simless,6,2,enron_full_202611,no_exact_ref,25789.717,0,81,413921,105963776
simless,4,2,enron_full_202611,no_exact_ref,25789.717,0,81,413921,105963776
simless,5,2,enron_full_202611,no_exact_ref,25789.717,0,81,413921,105963776
simless,4,2,enron_full_203046,exact_ref,24552.596,1,0,413921,105963776
simless,5,2,enron_full_203046,exact_ref,24552.596,1,0,413921,105963776
simless,6,2,enron_full_203046,exact_ref,24552.596,1,0,413921,105963776
simless,5,2,enron_full_204937,exact_ref,25190.462,1,0,413921,105963776
simless,6,2,enron_full_204937,exact_ref,25190.462,1,0,413921,105963776
simless,4,2,enron_full_204937,exact_ref,25190.462,1,0,413921,105963776
simless,6,2,enron_full_205754,exact_ref,24442.158,1,0,413921,105963776
simless,4,2,enron_full_205754,exact_ref,24442.158,1,0,413921,105963776
simless,5,2,enron_full_205754,exact_ref,24442.158,1,0,413921,105963776
simless,4,2,enron_full_205846,exact_ref,25085.791,1,0,413921,105963776
simless,5,2,enron_full_205846,exact_ref,25085.791,1,0,413921,105963776
simless,6,2,enron_full_205846,exact_ref,25085.791,1,0,413921,105963776
simless,5,2,enron_full_206132,exact_ref,25830.694,1,0,413921,105963776
simless,6,2,enron_full_206132,exact_ref,25830.694,1,0,413921,105963776
simless,4,2,enron_full_206132,exact_ref,25830.694,1,0,413921,105963776
simless,6,2,enron_full_206426,exact_ref,24434.849,1,0,413921,105963776
simless,4,2,enron_full_206426,exact_ref,24434.849,1,0,413921,105963776
simless,5,2,enron_full_206426,exact_ref,24434.849,1,0,413921,105963776
simless,4,2,enron_full_206631,no_exact_ref,24998.369,0,92,413921,105963776
simless,5,2,enron_full_206631,no_exact_ref,24998.369,0,92,413921,105963776
simless,6,2,enron_full_206631,no_exact_ref,24998.369,0,92,413921,105963776
simless,5,2,enron_full_206780,exact_ref,25432.475,1,0,413921,105963776
simless,6,2,enron_full_206780,exact_ref,25432.475,1,0,413921,105963776
simless,4,2,enron_full_206780,exact_ref,25432.475,1,0,413921,105963776
simless,6,2,enron_full_207863,exact_ref,25457.695,1,0,413921,105963776
simless,4,2,enron_full_207863,exact_ref,25457.695,1,0,413921,105963776
simless,5,2,enron_full_207863,exact_ref,25457.695,1,0,413921,105963776
simless,4,2,enron_full_208242,exact_ref,25015.188,1,0,413921,105963776
simless,5,2,enron_full_208242,exact_ref,25015.188,1,0,413921,105963776
simless,6,2,enron_full_208242,exact_ref,25015.188,1,0,413921,105963776
simless,5,2,enron_full_208362,exact_ref,25872.858,1,0,413921,105963776
simless,6,2,enron_full_208362,exact_ref,25872.858,1,0,413921,105963776
simless,4,2,enron_full_208362,exact_ref,25872.858,1,0,413921,105963776
simless,6,2,enron_full_209030,exact_ref,26793.416,1,0,413921,105963776
simless,4,2,enron_full_209030,exact_ref,26793.416,1,0,413921,105963776
simless,5,2,enron_full_209030,exact_ref,26793.416,1,0,413921,105963776
simless,4,2,enron_full_209358,exact_ref,26763.090,1,0,413921,105963776
simless,5,2,enron_full_209358,exact_ref,26763.090,1,0,413921,105963776
simless,6,2,enron_full_209358,exact_ref,26763.090,1,0,413921,105963776
simless,5,2,enron_full_209479,exact_ref,26784.868,1,0,413921,105963776
simless,6,2,enron_full_209479,exact_ref,26784.868,1,0,413921,105963776
simless,4,2,enron_full_209479,exact_ref,26784.868,1,0,413921,105963776
simless,6,2,enron_full_209859,exact_ref,27063.486,1,0,413921,105963776
simless,4,2,enron_full_209859,exact_ref,27063.486,1,0,413921,105963776
simless,5,2,enron_full_209859,exact_ref,27063.486,1,0,413921,105963776
simless,4,2,enron_full_209958,exact_ref,25471.388,1,0,413921,105963776
simless,5,2,enron_full_209958,exact_ref,25471.388,1,0,413921,105963776
simless,6,2,enron_full_209958,exact_ref,25471.388,1,0,413921,105963776
simless,5,2,enron_full_210032,no_exact_ref,25868.168,0,6,413921,105963776
simless,6,2,enron_full_210032,no_exact_ref,25868.168,1,6,413921,105963776
simless,4,2,enron_full_210032,no_exact_ref,25868.168,0,6,413921,105963776
simless,6,2,enron_full_210772,exact_ref,26783.289,1,0,413921,105963776
simless,4,2,enron_full_210772,exact_ref,26783.289,1,0,413921,105963776
simless,5,2,enron_full_210772,exact_ref,26783.289,1,0,413921,105963776
simless,4,2,enron_full_211094,no_exact_ref,26573.722,0,96,413921,105963776
simless,5,2,enron_full_211094,no_exact_ref,26573.722,0,96,413921,105963776
simless,6,2,enron_full_211094,no_exact_ref,26573.722,0,96,413921,105963776
simless,5,2,enron_full_211389,exact_ref,29002.487,1,0,413921,105963776
simless,6,2,enron_full_211389,exact_ref,29002.487,1,0,413921,105963776
simless,4,2,enron_full_211389,exact_ref,29002.487,1,0,413921,105963776
simless,6,2,enron_full_211892,no_exact_ref,27770.220,0,86,413921,105963776
simless,4,2,enron_full_211892,no_exact_ref,27770.220,0,86,413921,105963776
simless,5,2,enron_full_211892,no_exact_ref,27770.220,0,86,413921,105963776
simless,4,2,enron_full_211966,no_exact_ref,26202.887,0,89,413921,105963776
simless,5,2,enron_full_211966,no_exact_ref,26202.887,0,89,413921,105963776
simless,6,2,enron_full_211966,no_exact_ref,26202.887,0,89,413921,105963776
simless,5,2,enron_full_212202,no_exact_ref,25844.364,0,25,413921,105963776
simless,6,2,enron_full_212202,no_exact_ref,25844.364,0,25,413921,105963776
simless,4,2,enron_full_212202,no_exact_ref,25844.364,0,25,413921,105963776
simless,6,2,enron_full_213178,no_exact_ref,24967.311,0,23,413921,105963776
simless,4,2,enron_full_213178,no_exact_ref,24967.311,0,23,413921,105963776
simless,5,2,enron_full_213178,no_exact_ref,24967.311,0,23,413921,105963776
simless,4,2,enron_full_214684,exact_ref,26547.952,1,0,413921,105963776
simless,5,2,enron_full_214684,exact_ref,26547.952,1,0,413921,105963776
simless,6,2,enron_full_214684,exact_ref,26547.952,1,0,413921,105963776
simless,5,2,enron_full_214861,exact_ref,27119.643,1,0,413921,105963776
simless,6,2,enron_full_214861,exact_ref,27119.643,1,0,413921,105963776
simless,4,2,enron_full_214861,exact_ref,27119.643,1,0,413921,105963776
simless,6,2,enron_full_214866,exact_ref,26527.149,1,0,413921,105963776
simless,4,2,enron_full_214866,exact_ref,26527.149,1,0,413921,105963776
simless,5,2,enron_full_214866,exact_ref,26527.149,1,0,413921,105963776
simless,4,2,enron_full_214883,exact_ref,27035.631,1,0,413921,105963776
simless,5,2,enron_full_214883,exact_ref,27035.631,1,0,413921,105963776
simless,6,2,enron_full_214883,exact_ref,27035.631,1,0,413921,105963776
simless,5,2,enron_full_215380,exact_ref,26430.815,1,0,413921,105963776
simless,6,2,enron_full_215380,exact_ref,26430.815,1,0,413921,105963776
simless,4,2,enron_full_215380,exact_ref,26430.815,1,0,413921,105963776
simless,6,2,enron_full_215696,exact_ref,26131.490,1,0,413921,105963776
simless,4,2,enron_full_215696,exact_ref,26131.490,1,0,413921,105963776
simless,5,2,enron_full_215696,exact_ref,26131.490,1,0,413921,105963776
simless,4,2,enron_full_216853,exact_ref,25540.124,1,0,413921,105963776
simless,5,2,enron_full_216853,exact_ref,25540.124,1,0,413921,105963776
simless,6,2,enron_full_216853,exact_ref,25540.124,1,0,413921,105963776
simless,5,2,enron_full_218707,exact_ref,26091.753,1,0,413921,105963776
simless,6,2,enron_full_218707,exact_ref,26091.753,1,0,413921,105963776
simless,4,2,enron_full_218707,exact_ref,26091.753,1,0,413921,105963776
simless,6,2,enron_full_219044,exact_ref,26393.506,1,0,413921,105963776
simless,4,2,enron_full_219044,exact_ref,26393.506,1,0,413921,105963776
simless,5,2,enron_full_219044,exact_ref,26393.506,1,0,413921,105963776
simless,4,2,enron_full_219142,exact_ref,25587.391,1,0,413921,105963776
simless,5,2,enron_full_219142,exact_ref,25587.391,1,0,413921,105963776
simless,6,2,enron_full_219142,exact_ref,25587.391,1,0,413921,105963776
simless,5,2,enron_full_219243,exact_ref,25700.720,1,0,413921,105963776
simless,6,2,enron_full_219243,exact_ref,25700.720,1,0,413921,105963776
simless,4,2,enron_full_219243,exact_ref,25700.720,1,0,413921,105963776
simless,6,2,enron_full_219501,no_exact_ref,25608.062,0,19,413921,105963776
simless,4,2,enron_full_219501,no_exact_ref,25608.062,0,19,413921,105963776
simless,5,2,enron_full_219501,no_exact_ref,25608.062,0,19,413921,105963776
simless,4,2,enron_full_219509,no_exact_ref,25840.103,0,11,413921,105963776
simless,5,2,enron_full_219509,no_exact_ref,25840.103,0,11,413921,105963776
simless,6,2,enron_full_219509,no_exact_ref,25840.103,0,11,413921,105963776
simless,5,2,enron_full_219658,no_exact_ref,25831.679,0,95,413921,105963776
simless,6,2,enron_full_219658,no_exact_ref,25831.679,0,95,413921,105963776
simless,4,2,enron_full_219658,no_exact_ref,25831.679,0,95,413921,105963776
simless,6,2,enron_full_220234,exact_ref,26429.703,1,0,413921,105963776
simless,4,2,enron_full_220234,exact_ref,26429.703,1,0,413921,105963776
simless,5,2,enron_full_220234,exact_ref,26429.703,1,0,413921,105963776
simless,4,2,enron_full_220556,exact_ref,26965.217,1,0,413921,105963776
simless,5,2,enron_full_220556,exact_ref,26965.217,1,0,413921,105963776
simless,6,2,enron_full_220556,exact_ref,26965.217,1,0,413921,105963776
simless,5,2,enron_full_221304,exact_ref,27560.988,1,0,413921,105963776
simless,6,2,enron_full_221304,exact_ref,27560.988,1,0,413921,105963776
simless,4,2,enron_full_221304,exact_ref,27560.988,1,0,413921,105963776
simless,6,2,enron_full_223253,exact_ref,27123.830,1,0,413921,105963776
simless,4,2,enron_full_223253,exact_ref,27123.830,1,0,413921,105963776
simless,5,2,enron_full_223253,exact_ref,27123.830,1,0,413921,105963776
simless,4,2,enron_full_223630,exact_ref,25842.224,1,0,413921,105963776
simless,5,2,enron_full_223630,exact_ref,25842.224,1,0,413921,105963776
simless,6,2,enron_full_223630,exact_ref,25842.224,1,0,413921,105963776
simless,5,2,enron_full_223933,exact_ref,27538.069,1,0,413921,105963776
simless,6,2,enron_full_223933,exact_ref,27538.069,1,0,413921,105963776
simless,4,2,enron_full_223933,exact_ref,27538.069,1,0,413921,105963776
simless,6,2,enron_full_224076,exact_ref,24705.762,1,0,413921,105963776
simless,4,2,enron_full_224076,exact_ref,24705.762,1,0,413921,105963776
simless,5,2,enron_full_224076,exact_ref,24705.762,1,0,413921,105963776
simless,4,2,enron_full_224176,exact_ref,25025.903,1,0,413921,105963776
simless,5,2,enron_full_224176,exact_ref,25025.903,1,0,413921,105963776
simless,6,2,enron_full_224176,exact_ref,25025.903,1,0,413921,105963776
simless,5,2,enron_full_224421,exact_ref,25725.288,1,0,413921,105963776
simless,6,2,enron_full_224421,exact_ref,25725.288,1,0,413921,105963776
simless,4,2,enron_full_224421,exact_ref,25725.288,1,0,413921,105963776
simless,6,2,enron_full_226002,no_exact_ref,24648.849,0,92,413921,105963776
simless,4,2,enron_full_226002,no_exact_ref,24648.849,0,92,413921,105963776
simless,5,2,enron_full_226002,no_exact_ref,24648.849,0,92,413921,105963776
simless,4,2,enron_full_226675,exact_ref,25285.389,1,0,413921,105963776
simless,5,2,enron_full_226675,exact_ref,25285.389,1,0,413921,105963776
simless,6,2,enron_full_226675,exact_ref,25285.389,1,0,413921,105963776
simless,5,2,enron_full_227135,exact_ref,24926.679,1,0,413921,105963776
simless,6,2,enron_full_227135,exact_ref,24926.679,1,0,413921,105963776
simless,4,2,enron_full_227135,exact_ref,24926.679,1,0,413921,105963776
simless,6,2,enron_full_227290,no_exact_ref,25017.727,0,49,413921,105963776
simless,4,2,enron_full_227290,no_exact_ref,25017.727,0,49,413921,105963776
simless,5,2,enron_full_227290,no_exact_ref,25017.727,0,49,413921,105963776
simless,4,2,enron_full_227315,exact_ref,26346.722,1,0,413921,105963776
simless,5,2,enron_full_227315,exact_ref,26346.722,1,0,413921,105963776
simless,6,2,enron_full_227315,exact_ref,26346.722,1,0,413921,105963776
simless,5,2,enron_full_227317,no_exact_ref,26300.614,1,0,413921,105963776
simless,6,2,enron_full_227317,no_exact_ref,26300.614,1,0,413921,105963776
simless,4,2,enron_full_227317,no_exact_ref,26300.614,1,0,413921,105963776
simless,6,2,enron_full_227401,exact_ref,26440.134,1,0,413921,105963776
simless,4,2,enron_full_227401,exact_ref,26440.134,1,0,413921,105963776
simless,5,2,enron_full_227401,exact_ref,26440.134,1,0,413921,105963776
simless,4,2,enron_full_227576,exact_ref,25822.503,1,0,413921,105963776
simless,5,2,enron_full_227576,exact_ref,25822.503,1,0,413921,105963776
simless,6,2,enron_full_227576,exact_ref,25822.503,1,0,413921,105963776
simless,5,2,enron_full_228518,exact_ref,25085.170,1,0,413921,105963776
simless,6,2,enron_full_228518,exact_ref,25085.170,1,0,413921,105963776
simless,4,2,enron_full_228518,exact_ref,25085.170,1,0,413921,105963776
simless,6,2,enron_full_228640,exact_ref,24629.798,1,0,413921,105963776
simless,4,2,enron_full_228640,exact_ref,24629.798,1,0,413921,105963776
simless,5,2,enron_full_228640,exact_ref,24629.798,1,0,413921,105963776
simless,4,2,enron_full_229065,exact_ref,24276.007,1,0,413921,105963776
simless,5,2,enron_full_229065,exact_ref,24276.007,1,0,413921,105963776
simless,6,2,enron_full_229065,exact_ref,24276.007,1,0,413921,105963776
simless,5,2,enron_full_229125,exact_ref,25408.881,1,0,413921,105963776
simless,6,2,enron_full_229125,exact_ref,25408.881,1,0,413921,105963776
simless,4,2,enron_full_229125,exact_ref,25408.881,1,0,413921,105963776
simless,6,2,enron_full_230449,exact_ref,26060.806,1,0,413921,105963776
simless,4,2,enron_full_230449,exact_ref,26060.806,1,0,413921,105963776
simless,5,2,enron_full_230449,exact_ref,26060.806,1,0,413921,105963776
simless,4,2,enron_full_230615,exact_ref,25395.090,1,0,413921,105963776
simless,5,2,enron_full_230615,exact_ref,25395.090,1,0,413921,105963776
simless,6,2,enron_full_230615,exact_ref,25395.090,1,0,413921,105963776
simless,5,2,enron_full_231206,exact_ref,24696.368,1,0,413921,105963776
simless,6,2,enron_full_231206,exact_ref,24696.368,1,0,413921,105963776
simless,4,2,enron_full_231206,exact_ref,24696.368,1,0,413921,105963776
simless,6,2,enron_full_232509,exact_ref,25225.742,1,0,413921,105963776
simless,4,2,enron_full_232509,exact_ref,25225.742,1,0,413921,105963776
simless,5,2,enron_full_232509,exact_ref,25225.742,1,0,413921,105963776
simless,4,2,enron_full_232529,exact_ref,27702.583,1,0,413921,105963776
simless,5,2,enron_full_232529,exact_ref,27702.583,1,0,413921,105963776
simless,6,2,enron_full_232529,exact_ref,27702.583,1,0,413921,105963776
simless,5,2,enron_full_232592,exact_ref,26778.780,1,0,413921,105963776
simless,6,2,enron_full_232592,exact_ref,26778.780,1,0,413921,105963776
simless,4,2,enron_full_232592,exact_ref,26778.780,1,0,413921,105963776
simless,6,2,enron_full_232830,exact_ref,28396.038,1,0,413921,105963776
simless,4,2,enron_full_232830,exact_ref,28396.038,1,0,413921,105963776
simless,5,2,enron_full_232830,exact_ref,28396.038,1,0,413921,105963776
simless,4,2,enron_full_232998,exact_ref,28386.208,1,0,413921,105963776
simless,5,2,enron_full_232998,exact_ref,28386.208,1,0,413921,105963776
simless,6,2,enron_full_232998,exact_ref,28386.208,1,0,413921,105963776
simless,5,2,enron_full_233012,exact_ref,26598.449,1,0,413921,105963776
simless,6,2,enron_full_233012,exact_ref,26598.449,1,0,413921,105963776
simless,4,2,enron_full_233012,exact_ref,26598.449,1,0,413921,105963776
simless,6,2,enron_full_233273,exact_ref,25753.668,1,0,413921,105963776
simless,4,2,enron_full_233273,exact_ref,25753.668,1,0,413921,105963776
simless,5,2,enron_full_233273,exact_ref,25753.668,1,0,413921,105963776
simless,4,2,enron_full_233711,exact_ref,24717.769,1,0,413921,105963776
simless,5,2,enron_full_233711,exact_ref,24717.769,1,0,413921,105963776
simless,6,2,enron_full_233711,exact_ref,24717.769,1,0,413921,105963776
simless,5,2,enron_full_233845,exact_ref,25944.760,1,0,413921,105963776
simless,6,2,enron_full_233845,exact_ref,25944.760,1,0,413921,105963776
simless,4,2,enron_full_233845,exact_ref,25944.760,1,0,413921,105963776
simless,6,2,enron_full_234397,exact_ref,25186.612,1,0,413921,105963776
simless,4,2,enron_full_234397,exact_ref,25186.612,1,0,413921,105963776
simless,5,2,enron_full_234397,exact_ref,25186.612,1,0,413921,105963776
simless,4,2,enron_full_235427,exact_ref,25750.047,1,0,413921,105963776
simless,5,2,enron_full_235427,exact_ref,25750.047,1,0,413921,105963776
simless,6,2,enron_full_235427,exact_ref,25750.047,1,0,413921,105963776
simless,5,2,enron_full_237126,exact_ref,24470.508,1,0,413921,105963776
simless,6,2,enron_full_237126,exact_ref,24470.508,1,0,413921,105963776
simless,4,2,enron_full_237126,exact_ref,24470.508,1,0,413921,105963776
simless,6,2,enron_full_238037,exact_ref,25510.231,1,0,413921,105963776
simless,4,2,enron_full_238037,exact_ref,25510.231,1,0,413921,105963776
simless,5,2,enron_full_238037,exact_ref,25510.231,1,0,413921,105963776
simless,4,2,enron_full_238970,exact_ref,24196.846,1,0,413921,105963776
simless,5,2,enron_full_238970,exact_ref,24196.846,1,0,413921,105963776
simless,6,2,enron_full_238970,exact_ref,24196.846,1,0,413921,105963776
simless,5,2,enron_full_239927,exact_ref,24959.524,1,0,413921,105963776
simless,6,2,enron_full_239927,exact_ref,24959.524,1,0,413921,105963776
simless,4,2,enron_full_239927,exact_ref,24959.524,1,0,413921,105963776
simless,6,2,enron_full_240437,exact_ref,24668.548,1,0,413921,105963776
simless,4,2,enron_full_240437,exact_ref,24668.548,1,0,413921,105963776
simless,5,2,enron_full_240437,exact_ref,24668.548,1,0,413921,105963776
simless,4,2,enron_full_240888,exact_ref,25787.537,1,0,413921,105963776
simless,5,2,enron_full_240888,exact_ref,25787.537,1,0,413921,105963776
simless,6,2,enron_full_240888,exact_ref,25787.537,1,0,413921,105963776
simless,5,2,enron_full_241204,exact_ref,24547.768,1,0,413921,105963776
simless,6,2,enron_full_241204,exact_ref,24547.768,1,0,413921,105963776
simless,4,2,enron_full_241204,exact_ref,24547.768,1,0,413921,105963776
simless,6,2,enron_full_242121,exact_ref,26134.401,1,0,413921,105963776
simless,4,2,enron_full_242121,exact_ref,26134.401,1,0,413921,105963776
simless,5,2,enron_full_242121,exact_ref,26134.401,1,0,413921,105963776
simless,4,2,enron_full_242149,exact_ref,25594.975,1,0,413921,105963776
simless,5,2,enron_full_242149,exact_ref,25594.975,1,0,413921,105963776
simless,6,2,enron_full_242149,exact_ref,25594.975,1,0,413921,105963776
simless,5,2,enron_full_242702,exact_ref,25179.584,1,0,413921,105963776
simless,6,2,enron_full_242702,exact_ref,25179.584,1,0,413921,105963776
simless,4,2,enron_full_242702,exact_ref,25179.584,1,0,413921,105963776
simless,6,2,enron_full_242763,exact_ref,25201.055,1,0,413921,105963776
simless,4,2,enron_full_242763,exact_ref,25201.055,1,0,413921,105963776
simless,5,2,enron_full_242763,exact_ref,25201.055,1,0,413921,105963776
simless,4,2,enron_full_243198,exact_ref,23735.321,1,0,413921,105963776
simless,5,2,enron_full_243198,exact_ref,23735.321,1,0,413921,105963776
simless,6,2,enron_full_243198,exact_ref,23735.321,1,0,413921,105963776
simless,5,2,enron_full_243425,exact_ref,24459.691,1,0,413921,105963776
simless,6,2,enron_full_243425,exact_ref,24459.691,1,0,413921,105963776
simless,4,2,enron_full_243425,exact_ref,24459.691,1,0,413921,105963776
simless,6,2,enron_full_244168,no_exact_ref,27011.342,1,0,413921,105963776
simless,4,2,enron_full_244168,no_exact_ref,27011.342,1,0,413921,105963776
simless,5,2,enron_full_244168,no_exact_ref,27011.342,1,0,413921,105963776
simless,4,2,enron_full_244538,exact_ref,25781.428,1,0,413921,105963776
simless,5,2,enron_full_244538,exact_ref,25781.428,1,0,413921,105963776
simless,6,2,enron_full_244538,exact_ref,25781.428,1,0,413921,105963776
simless,5,2,enron_full_244857,exact_ref,26195.558,1,0,413921,105963776
simless,6,2,enron_full_244857,exact_ref,26195.558,1,0,413921,105963776
simless,4,2,enron_full_244857,exact_ref,26195.558,1,0,413921,105963776
simless,6,2,enron_full_244901,exact_ref,25247.798,1,0,413921,105963776
simless,4,2,enron_full_244901,exact_ref,25247.798,1,0,413921,105963776
simless,5,2,enron_full_244901,exact_ref,25247.798,1,0,413921,105963776
simless,4,2,enron_full_244915,exact_ref,26357.842,1,0,413921,105963776
simless,5,2,enron_full_244915,exact_ref,26357.842,1,0,413921,105963776
simless,6,2,enron_full_244915,exact_ref,26357.842,1,0,413921,105963776
simless,5,2,enron_full_245469,exact_ref,26169.095,1,0,413921,105963776
simless,6,2,enron_full_245469,exact_ref,26169.095,1,0,413921,105963776
simless,4,2,enron_full_245469,exact_ref,26169.095,1,0,413921,105963776
simless,6,2,enron_full_246185,exact_ref,25894.814,1,0,413921,105963776
simless,4,2,enron_full_246185,exact_ref,25894.814,1,0,413921,105963776
simless,5,2,enron_full_246185,exact_ref,25894.814,1,0,413921,105963776
simless,4,2,enron_full_246287,exact_ref,24278.314,1,0,413921,105963776
simless,5,2,enron_full_246287,exact_ref,24278.314,1,0,413921,105963776
simless,6,2,enron_full_246287,exact_ref,24278.314,1,0,413921,105963776
simless,5,2,enron_full_246288,exact_ref,26729.823,1,0,413921,105963776
simless,6,2,enron_full_246288,exact_ref,26729.823,1,0,413921,105963776
simless,4,2,enron_full_246288,exact_ref,26729.823,1,0,413921,105963776
simless,6,2,enron_full_246340,exact_ref,26251.417,1,0,413921,105963776
simless,4,2,enron_full_246340,exact_ref,26251.417,1,0,413921,105963776
simless,5,2,enron_full_246340,exact_ref,26251.417,1,0,413921,105963776
simless,4,2,enron_full_246689,exact_ref,25088.599,1,0,413921,105963776
simless,5,2,enron_full_246689,exact_ref,25088.599,1,0,413921,105963776
simless,6,2,enron_full_246689,exact_ref,25088.599,1,0,413921,105963776
simless,5,2,enron_full_246896,exact_ref,24825.204,1,0,413921,105963776
simless,6,2,enron_full_246896,exact_ref,24825.204,1,0,413921,105963776
simless,4,2,enron_full_246896,exact_ref,24825.204,1,0,413921,105963776
simless,6,2,enron_full_247095,exact_ref,25251.842,1,0,413921,105963776
simless,4,2,enron_full_247095,exact_ref,25251.842,1,0,413921,105963776
simless,5,2,enron_full_247095,exact_ref,25251.842,1,0,413921,105963776
simless,4,2,enron_full_247286,exact_ref,25036.594,1,0,413921,105963776
simless,5,2,enron_full_247286,exact_ref,25036.594,1,0,413921,105963776
simless,6,2,enron_full_247286,exact_ref,25036.594,1,0,413921,105963776
simless,5,2,enron_full_247295,exact_ref,24264.495,1,0,413921,105963776
simless,6,2,enron_full_247295,exact_ref,24264.495,1,0,413921,105963776
simless,4,2,enron_full_247295,exact_ref,24264.495,1,0,413921,105963776
simless,6,2,enron_full_247605,exact_ref,24939.993,1,0,413921,105963776
simless,4,2,enron_full_247605,exact_ref,24939.993,1,0,413921,105963776
simless,5,2,enron_full_247605,exact_ref,24939.993,1,0,413921,105963776
simless,4,2,enron_full_247963,exact_ref,24708.457,1,0,413921,105963776
simless,5,2,enron_full_247963,exact_ref,24708.457,1,0,413921,105963776
simless,6,2,enron_full_247963,exact_ref,24708.457,1,0,413921,105963776
simless,5,2,enron_full_248460,exact_ref,25426.047,1,0,413921,105963776
simless,6,2,enron_full_248460,exact_ref,25426.047,1,0,413921,105963776
simless,4,2,enron_full_248460,exact_ref,25426.047,1,0,413921,105963776
simless,6,2,enron_full_248776,no_exact_ref,24667.016,1,0,413921,105963776
simless,4,2,enron_full_248776,no_exact_ref,24667.016,1,0,413921,105963776
simless,5,2,enron_full_248776,no_exact_ref,24667.016,1,0,413921,105963776
simless,4,2,enron_full_249257,no_exact_ref,25686.098,0,91,413921,105963776
simless,5,2,enron_full_249257,no_exact_ref,25686.098,0,91,413921,105963776
simless,6,2,enron_full_249257,no_exact_ref,25686.098,0,91,413921,105963776
simless,5,2,enron_full_250519,exact_ref,25376.027,1,0,413921,105963776
simless,6,2,enron_full_250519,exact_ref,25376.027,1,0,413921,105963776
simless,4,2,enron_full_250519,exact_ref,25376.027,1,0,413921,105963776
simless,6,2,enron_full_250725,exact_ref,25306.496,1,0,413921,105963776
simless,4,2,enron_full_250725,exact_ref,25306.496,1,0,413921,105963776
simless,5,2,enron_full_250725,exact_ref,25306.496,1,0,413921,105963776
simless,4,2,enron_full_252462,no_exact_ref,24972.331,0,60,413921,105963776
simless,5,2,enron_full_252462,no_exact_ref,24972.331,0,60,413921,105963776
simless,6,2,enron_full_252462,no_exact_ref,24972.331,0,60,413921,105963776
simless,5,2,enron_full_253509,no_exact_ref,26190.018,0,40,413921,105963776
simless,6,2,enron_full_253509,no_exact_ref,26190.018,0,40,413921,105963776
simless,4,2,enron_full_253509,no_exact_ref,26190.018,0,40,413921,105963776
simless,6,2,enron_full_253676,exact_ref,28131.603,1,0,413921,105963776
simless,4,2,enron_full_253676,exact_ref,28131.603,1,0,413921,105963776
simless,5,2,enron_full_253676,exact_ref,28131.603,1,0,413921,105963776
simless,4,2,enron_full_253776,exact_ref,25681.303,1,0,413921,105963776
simless,5,2,enron_full_253776,exact_ref,25681.303,1,0,413921,105963776
simless,6,2,enron_full_253776,exact_ref,25681.303,1,0,413921,105963776
simless,5,2,enron_full_253875,exact_ref,25898.685,1,0,413921,105963776
simless,6,2,enron_full_253875,exact_ref,25898.685,1,0,413921,105963776
simless,4,2,enron_full_253875,exact_ref,25898.685,1,0,413921,105963776
simless,6,2,enron_full_254022,exact_ref,26734.969,1,0,413921,105963776
simless,4,2,enron_full_254022,exact_ref,26734.969,1,0,413921,105963776
simless,5,2,enron_full_254022,exact_ref,26734.969,1,0,413921,105963776
simless,4,2,enron_full_254732,exact_ref,26427.252,1,0,413921,105963776
simless,5,2,enron_full_254732,exact_ref,26427.252,1,0,413921,105963776
simless,6,2,enron_full_254732,exact_ref,26427.252,1,0,413921,105963776
simless,5,2,enron_full_254813,exact_ref,24551.761,1,0,413921,105963776
simless,6,2,enron_full_254813,exact_ref,24551.761,1,0,413921,105963776
simless,4,2,enron_full_254813,exact_ref,24551.761,1,0,413921,105963776
simless,6,2,enron_full_254930,no_exact_ref,25216.104,0,36,413921,105963776
simless,4,2,enron_full_254930,no_exact_ref,25216.104,0,36,413921,105963776
simless,5,2,enron_full_254930,no_exact_ref,25216.104,0,36,413921,105963776
simless,4,2,enron_full_256359,no_exact_ref,26908.614,0,75,413921,105963776
simless,5,2,enron_full_256359,no_exact_ref,26908.614,0,75,413921,105963776
simless,6,2,enron_full_256359,no_exact_ref,26908.614,0,75,413921,105963776
simless,5,2,enron_full_256719,no_exact_ref,25753.045,0,65,413921,105963776
simless,6,2,enron_full_256719,no_exact_ref,25753.045,0,65,413921,105963776
simless,4,2,enron_full_256719,no_exact_ref,25753.045,0,65,413921,105963776
simless,6,2,enron_full_257223,no_exact_ref,25927.973,0,14,413921,105963776
simless,4,2,enron_full_257223,no_exact_ref,25927.973,0,14,413921,105963776
simless,5,2,enron_full_257223,no_exact_ref,25927.973,0,14,413921,105963776
simless,4,2,enron_full_257476,no_exact_ref,26704.393,0,89,413921,105963776
simless,5,2,enron_full_257476,no_exact_ref,26704.393,0,89,413921,105963776
simless,6,2,enron_full_257476,no_exact_ref,26704.393,0,89,413921,105963776
simless,5,2,enron_full_257526,no_exact_ref,25533.260,0,91,413921,105963776
simless,6,2,enron_full_257526,no_exact_ref,25533.260,0,91,413921,105963776
simless,4,2,enron_full_257526,no_exact_ref,25533.260,0,91,413921,105963776
simless,6,2,enron_full_258106,no_exact_ref,27260.106,0,92,413921,105963776
simless,4,2,enron_full_258106,no_exact_ref,27260.106,0,92,413921,105963776
simless,5,2,enron_full_258106,no_exact_ref,27260.106,0,92,413921,105963776
simless,4,2,enron_full_258436,no_exact_ref,26504.050,0,32,413921,105963776
simless,5,2,enron_full_258436,no_exact_ref,26504.050,0,32,413921,105963776
simless,6,2,enron_full_258436,no_exact_ref,26504.050,0,32,413921,105963776
simless,5,2,enron_full_259050,exact_ref,26622.283,1,0,413921,105963776
simless,6,2,enron_full_259050,exact_ref,26622.283,1,0,413921,105963776
simless,4,2,enron_full_259050,exact_ref,26622.283,1,0,413921,105963776
simless,6,2,enron_full_259076,no_exact_ref,26009.823,0,65,413921,105963776
simless,4,2,enron_full_259076,no_exact_ref,26009.823,0,65,413921,105963776
simless,5,2,enron_full_259076,no_exact_ref,26009.823,0,65,413921,105963776
simless,4,2,enron_full_259321,exact_ref,25487.632,1,0,413921,105963776
simless,5,2,enron_full_259321,exact_ref,25487.632,1,0,413921,105963776
simless,6,2,enron_full_259321,exact_ref,25487.632,1,0,413921,105963776
simless,5,2,enron_full_260192,exact_ref,25178.591,1,0,413921,105963776
simless,6,2,enron_full_260192,exact_ref,25178.591,1,0,413921,105963776
simless,4,2,enron_full_260192,exact_ref,25178.591,1,0,413921,105963776
simless,6,2,enron_full_261884,no_exact_ref,26157.830,0,77,413921,105963776
simless,4,2,enron_full_261884,no_exact_ref,26157.830,0,77,413921,105963776
simless,5,2,enron_full_261884,no_exact_ref,26157.830,0,77,413921,105963776
simless,4,2,enron_full_262514,exact_ref,27134.849,1,0,413921,105963776
simless,5,2,enron_full_262514,exact_ref,27134.849,1,0,413921,105963776
simless,6,2,enron_full_262514,exact_ref,27134.849,1,0,413921,105963776
simless,5,2,enron_full_262785,no_exact_ref,27353.424,0,90,413921,105963776
simless,6,2,enron_full_262785,no_exact_ref,27353.424,0,90,413921,105963776
simless,4,2,enron_full_262785,no_exact_ref,27353.424,0,90,413921,105963776
simless,6,2,enron_full_263240,exact_ref,28165.642,1,0,413921,105963776
simless,4,2,enron_full_263240,exact_ref,28165.642,1,0,413921,105963776
simless,5,2,enron_full_263240,exact_ref,28165.642,1,0,413921,105963776
simless,4,2,enron_full_264723,no_exact_ref,25551.986,0,65,413921,105963776
simless,5,2,enron_full_264723,no_exact_ref,25551.986,0,65,413921,105963776
simless,6,2,enron_full_264723,no_exact_ref,25551.986,0,65,413921,105963776
simless,5,2,enron_full_265023,exact_ref,25857.458,1,0,413921,105963776
simless,6,2,enron_full_265023,exact_ref,25857.458,1,0,413921,105963776
simless,4,2,enron_full_265023,exact_ref,25857.458,1,0,413921,105963776
simless,6,2,enron_full_265448,exact_ref,27398.575,1,0,413921,105963776
simless,4,2,enron_full_265448,exact_ref,27398.575,1,0,413921,105963776
simless,5,2,enron_full_265448,exact_ref,27398.575,1,0,413921,105963776
simless,4,2,enron_full_265746,exact_ref,26563.779,1,0,413921,105963776
simless,5,2,enron_full_265746,exact_ref,26563.779,1,0,413921,105963776
simless,6,2,enron_full_265746,exact_ref,26563.779,1,0,413921,105963776
simless,5,2,enron_full_265774,exact_ref,27556.012,1,0,413921,105963776
simless,6,2,enron_full_265774,exact_ref,27556.012,1,0,413921,105963776
simless,4,2,enron_full_265774,exact_ref,27556.012,1,0,413921,105963776
simless,6,2,enron_full_266026,exact_ref,28551.655,1,0,413921,105963776
simless,4,2,enron_full_266026,exact_ref,28551.655,1,0,413921,105963776
simless,5,2,enron_full_266026,exact_ref,28551.655,1,0,413921,105963776
simless,4,2,enron_full_266097,no_exact_ref,26552.296,0,77,413921,105963776
simless,5,2,enron_full_266097,no_exact_ref,26552.296,0,77,413921,105963776
simless,6,2,enron_full_266097,no_exact_ref,26552.296,0,77,413921,105963776
simless,5,2,enron_full_267067,exact_ref,26382.905,1,0,413921,105963776
simless,6,2,enron_full_267067,exact_ref,26382.905,1,0,413921,105963776
simless,4,2,enron_full_267067,exact_ref,26382.905,1,0,413921,105963776
simless,6,2,enron_full_267198,exact_ref,25998.971,1,0,413921,105963776
simless,4,2,enron_full_267198,exact_ref,25998.971,1,0,413921,105963776
simless,5,2,enron_full_267198,exact_ref,25998.971,1,0,413921,105963776
simless,4,2,enron_full_268981,exact_ref,25745.773,1,0,413921,105963776
simless,5,2,enron_full_268981,exact_ref,25745.773,1,0,413921,105963776
simless,6,2,enron_full_268981,exact_ref,25745.773,1,0,413921,105963776
simless,5,2,enron_full_269702,no_exact_ref,25729.890,0,10,413921,105963776
simless,6,2,enron_full_269702,no_exact_ref,25729.890,0,10,413921,105963776
simless,4,2,enron_full_269702,no_exact_ref,25729.890,0,10,413921,105963776
simless,6,2,enron_full_270257,no_exact_ref,25684.022,0,15,413921,105963776
simless,4,2,enron_full_270257,no_exact_ref,25684.022,0,15,413921,105963776
simless,5,2,enron_full_270257,no_exact_ref,25684.022,0,15,413921,105963776
simless,4,2,enron_full_270526,exact_ref,25540.854,1,0,413921,105963776
simless,5,2,enron_full_270526,exact_ref,25540.854,1,0,413921,105963776
simless,6,2,enron_full_270526,exact_ref,25540.854,1,0,413921,105963776
simless,5,2,enron_full_271097,exact_ref,25682.785,1,0,413921,105963776
simless,6,2,enron_full_271097,exact_ref,25682.785,1,0,413921,105963776
simless,4,2,enron_full_271097,exact_ref,25682.785,1,0,413921,105963776
simless,6,2,enron_full_271232,exact_ref,24860.138,1,0,413921,105963776
simless,4,2,enron_full_271232,exact_ref,24860.138,1,0,413921,105963776
simless,5,2,enron_full_271232,exact_ref,24860.138,1,0,413921,105963776
simless,4,2,enron_full_272570,no_exact_ref,25055.486,0,94,413921,105963776
simless,5,2,enron_full_272570,no_exact_ref,25055.486,0,94,413921,105963776
simless,6,2,enron_full_272570,no_exact_ref,25055.486,0,94,413921,105963776
simless,5,2,enron_full_273248,exact_ref,25919.710,1,0,413921,105963776
simless,6,2,enron_full_273248,exact_ref,25919.710,1,0,413921,105963776
simless,4,2,enron_full_273248,exact_ref,25919.710,1,0,413921,105963776
simless,6,2,enron_full_273363,exact_ref,25586.400,1,0,413921,105963776
simless,4,2,enron_full_273363,exact_ref,25586.400,1,0,413921,105963776
simless,5,2,enron_full_273363,exact_ref,25586.400,1,0,413921,105963776
simless,4,2,enron_full_273791,exact_ref,27078.902,1,0,413921,105963776
simless,5,2,enron_full_273791,exact_ref,27078.902,1,0,413921,105963776
simless,6,2,enron_full_273791,exact_ref,27078.902,1,0,413921,105963776
simless,5,2,enron_full_273820,exact_ref,26248.868,1,0,413921,105963776
simless,6,2,enron_full_273820,exact_ref,26248.868,1,0,413921,105963776
simless,4,2,enron_full_273820,exact_ref,26248.868,1,0,413921,105963776
simless,6,2,enron_full_273961,exact_ref,25542.953,1,0,413921,105963776
simless,4,2,enron_full_273961,exact_ref,25542.953,1,0,413921,105963776
simless,5,2,enron_full_273961,exact_ref,25542.953,1,0,413921,105963776
simless,4,2,enron_full_274206,exact_ref,24870.802,1,0,413921,105963776
simless,5,2,enron_full_274206,exact_ref,24870.802,1,0,413921,105963776
simless,6,2,enron_full_274206,exact_ref,24870.802,1,0,413921,105963776
simless,5,2,enron_full_274561,exact_ref,24649.044,1,0,413921,105963776
simless,6,2,enron_full_274561,exact_ref,24649.044,1,0,413921,105963776
simless,4,2,enron_full_274561,exact_ref,24649.044,1,0,413921,105963776
simless,6,2,enron_full_274757,exact_ref,25638.628,1,0,413921,105963776
simless,4,2,enron_full_274757,exact_ref,25638.628,1,0,413921,105963776
simless,5,2,enron_full_274757,exact_ref,25638.628,1,0,413921,105963776
simless,4,2,enron_full_274786,no_exact_ref,26667.442,0,89,413921,105963776
simless,5,2,enron_full_274786,no_exact_ref,26667.442,0,89,413921,105963776
simless,6,2,enron_full_274786,no_exact_ref,26667.442,0,89,413921,105963776
simless,5,2,enron_full_275183,no_exact_ref,26184.174,0,91,413921,105963776
simless,6,2,enron_full_275183,no_exact_ref,26184.174,0,91,413921,105963776
simless,4,2,enron_full_275183,no_exact_ref,26184.174,0,91,413921,105963776
simless,6,2,enron_full_275570,exact_ref,32101.167,1,0,413921,105963776
simless,4,2,enron_full_275570,exact_ref,32101.167,1,0,413921,105963776
simless,5,2,enron_full_275570,exact_ref,32101.167,1,0,413921,105963776
simless,4,2,enron_full_276028,no_exact_ref,28650.791,0,41,413921,105963776
simless,5,2,enron_full_276028,no_exact_ref,28650.791,0,41,413921,105963776
simless,6,2,enron_full_276028,no_exact_ref,28650.791,0,41,413921,105963776
simless,5,2,enron_full_276324,exact_ref,24932.514,1,0,413921,105963776
simless,6,2,enron_full_276324,exact_ref,24932.514,1,0,413921,105963776
simless,4,2,enron_full_276324,exact_ref,24932.514,1,0,413921,105963776
simless,6,2,enron_full_276342,exact_ref,25628.628,1,0,413921,105963776
simless,4,2,enron_full_276342,exact_ref,25628.628,1,0,413921,105963776
simless,5,2,enron_full_276342,exact_ref,25628.628,1,0,413921,105963776
simless,4,2,enron_full_277439,no_exact_ref,25959.455,0,87,413921,105963776
simless,5,2,enron_full_277439,no_exact_ref,25959.455,0,87,413921,105963776
simless,6,2,enron_full_277439,no_exact_ref,25959.455,0,87,413921,105963776
simless,5,2,enron_full_277990,exact_ref,29339.102,1,0,413921,105963776
simless,6,2,enron_full_277990,exact_ref,29339.102,1,0,413921,105963776
simless,4,2,enron_full_277990,exact_ref,29339.102,1,0,413921,105963776
simless,6,2,enron_full_278811,exact_ref,26477.801,1,0,413921,105963776
simless,4,2,enron_full_278811,exact_ref,26477.801,1,0,413921,105963776
simless,5,2,enron_full_278811,exact_ref,26477.801,1,0,413921,105963776
simless,4,2,enron_full_279563,no_exact_ref,26355.440,1,0,413921,105963776
simless,5,2,enron_full_279563,no_exact_ref,26355.440,1,0,413921,105963776
simless,6,2,enron_full_279563,no_exact_ref,26355.440,1,0,413921,105963776
simless,5,2,enron_full_279751,exact_ref,26553.246,1,0,413921,105963776
simless,6,2,enron_full_279751,exact_ref,26553.246,1,0,413921,105963776
simless,4,2,enron_full_279751,exact_ref,26553.246,1,0,413921,105963776
simless,6,2,enron_full_280423,no_exact_ref,26608.892,0,67,413921,105963776
simless,4,2,enron_full_280423,no_exact_ref,26608.892,0,67,413921,105963776
simless,5,2,enron_full_280423,no_exact_ref,26608.892,0,67,413921,105963776
simless,4,2,enron_full_280603,no_exact_ref,28137.019,0,92,413921,105963776
simless,5,2,enron_full_280603,no_exact_ref,28137.019,0,92,413921,105963776
simless,6,2,enron_full_280603,no_exact_ref,28137.019,0,92,413921,105963776
simless,5,2,enron_full_281547,no_exact_ref,28104.503,0,84,413921,105963776
simless,6,2,enron_full_281547,no_exact_ref,28104.503,0,84,413921,105963776
simless,4,2,enron_full_281547,no_exact_ref,28104.503,0,84,413921,105963776
simless,6,2,enron_full_282395,exact_ref,40944.677,1,0,413921,105963776
simless,4,2,enron_full_282395,exact_ref,40944.677,1,0,413921,105963776
simless,5,2,enron_full_282395,exact_ref,40944.677,1,0,413921,105963776
simless,4,2,enron_full_283356,exact_ref,26192.413,1,0,413921,105963776
simless,5,2,enron_full_283356,exact_ref,26192.413,1,0,413921,105963776
simless,6,2,enron_full_283356,exact_ref,26192.413,1,0,413921,105963776
simless,5,2,enron_full_283839,exact_ref,26344.819,1,0,413921,105963776
simless,6,2,enron_full_283839,exact_ref,26344.819,1,0,413921,105963776
simless,4,2,enron_full_283839,exact_ref,26344.819,1,0,413921,105963776
simless,6,2,enron_full_283868,exact_ref,28090.084,1,0,413921,105963776
simless,4,2,enron_full_283868,exact_ref,28090.084,1,0,413921,105963776
simless,5,2,enron_full_283868,exact_ref,28090.084,1,0,413921,105963776
simless,4,2,enron_full_284197,exact_ref,25735.753,1,0,413921,105963776
simless,5,2,enron_full_284197,exact_ref,25735.753,1,0,413921,105963776
simless,6,2,enron_full_284197,exact_ref,25735.753,1,0,413921,105963776
simless,5,2,enron_full_284956,exact_ref,24637.888,1,0,413921,105963776
simless,6,2,enron_full_284956,exact_ref,24637.888,1,0,413921,105963776
simless,4,2,enron_full_284956,exact_ref,24637.888,1,0,413921,105963776
simless,6,2,enron_full_285559,exact_ref,26477.518,1,0,413921,105963776
simless,4,2,enron_full_285559,exact_ref,26477.518,1,0,413921,105963776
simless,5,2,enron_full_285559,exact_ref,26477.518,1,0,413921,105963776
simless,4,2,enron_full_286024,exact_ref,26660.863,1,0,413921,105963776
simless,5,2,enron_full_286024,exact_ref,26660.863,1,0,413921,105963776
simless,6,2,enron_full_286024,exact_ref,26660.863,1,0,413921,105963776
simless,5,2,enron_full_286036,exact_ref,26700.214,1,0,413921,105963776
simless,6,2,enron_full_286036,exact_ref,26700.214,1,0,413921,105963776
simless,4,2,enron_full_286036,exact_ref,26700.214,1,0,413921,105963776
simless,6,2,enron_full_286164,exact_ref,26335.082,1,0,413921,105963776
simless,4,2,enron_full_286164,exact_ref,26335.082,1,0,413921,105963776
simless,5,2,enron_full_286164,exact_ref,26335.082,1,0,413921,105963776
simless,4,2,enron_full_286899,exact_ref,26767.751,1,0,413921,105963776
simless,5,2,enron_full_286899,exact_ref,26767.751,1,0,413921,105963776
simless,6,2,enron_full_286899,exact_ref,26767.751,1,0,413921,105963776
simless,5,2,enron_full_287012,no_exact_ref,26275.051,0,64,413921,105963776
simless,6,2,enron_full_287012,no_exact_ref,26275.051,0,64,413921,105963776
simless,4,2,enron_full_287012,no_exact_ref,26275.051,0,64,413921,105963776
simless,6,2,enron_full_287512,exact_ref,25877.864,1,0,413921,105963776
simless,4,2,enron_full_287512,exact_ref,25877.864,1,0,413921,105963776
simless,5,2,enron_full_287512,exact_ref,25877.864,1,0,413921,105963776
simless,4,2,enron_full_287655,exact_ref,25542.101,1,0,413921,105963776
simless,5,2,enron_full_287655,exact_ref,25542.101,1,0,413921,105963776
simless,6,2,enron_full_287655,exact_ref,25542.101,1,0,413921,105963776
simless,5,2,enron_full_287736,exact_ref,24436.619,1,0,413921,105963776
simless,6,2,enron_full_287736,exact_ref,24436.619,1,0,413921,105963776
simless,4,2,enron_full_287736,exact_ref,24436.619,1,0,413921,105963776
simless,6,2,enron_full_287760,exact_ref,26755.401,1,0,413921,105963776
simless,4,2,enron_full_287760,exact_ref,26755.401,1,0,413921,105963776
simless,5,2,enron_full_287760,exact_ref,26755.401,1,0,413921,105963776
simless,4,2,enron_full_287778,exact_ref,24512.644,1,0,413921,105963776
simless,5,2,enron_full_287778,exact_ref,24512.644,1,0,413921,105963776
simless,6,2,enron_full_287778,exact_ref,24512.644,1,0,413921,105963776
simless,5,2,enron_full_288938,exact_ref,25491.361,1,0,413921,105963776
simless,6,2,enron_full_288938,exact_ref,25491.361,1,0,413921,105963776
simless,4,2,enron_full_288938,exact_ref,25491.361,1,0,413921,105963776
simless,6,2,enron_full_289243,no_exact_ref,25293.548,0,48,413921,105963776
simless,4,2,enron_full_289243,no_exact_ref,25293.548,0,48,413921,105963776
simless,5,2,enron_full_289243,no_exact_ref,25293.548,0,48,413921,105963776
simless,4,2,enron_full_291054,no_exact_ref,25046.106,0,48,413921,105963776
simless,5,2,enron_full_291054,no_exact_ref,25046.106,0,48,413921,105963776
simless,6,2,enron_full_291054,no_exact_ref,25046.106,0,48,413921,105963776
simless,5,2,enron_full_291275,no_exact_ref,25985.042,0,37,413921,105963776
simless,6,2,enron_full_291275,no_exact_ref,25985.042,0,37,413921,105963776
simless,4,2,enron_full_291275,no_exact_ref,25985.042,0,37,413921,105963776
simless,6,2,enron_full_291375,no_exact_ref,26352.294,0,46,413921,105963776
simless,4,2,enron_full_291375,no_exact_ref,26352.294,0,46,413921,105963776
simless,5,2,enron_full_291375,no_exact_ref,26352.294,0,46,413921,105963776
simless,4,2,enron_full_291790,exact_ref,26297.954,1,0,413921,105963776
simless,5,2,enron_full_291790,exact_ref,26297.954,1,0,413921,105963776
simless,6,2,enron_full_291790,exact_ref,26297.954,1,0,413921,105963776
simless,5,2,enron_full_292561,exact_ref,25071.378,1,0,413921,105963776
simless,6,2,enron_full_292561,exact_ref,25071.378,1,0,413921,105963776
simless,4,2,enron_full_292561,exact_ref,25071.378,1,0,413921,105963776
simless,6,2,enron_full_292656,exact_ref,24652.603,1,0,413921,105963776
simless,4,2,enron_full_292656,exact_ref,24652.603,1,0,413921,105963776
simless,5,2,enron_full_292656,exact_ref,24652.603,1,0,413921,105963776
simless,4,2,enron_full_293066,exact_ref,23899.602,1,0,413921,105963776
simless,5,2,enron_full_293066,exact_ref,23899.602,1,0,413921,105963776
simless,6,2,enron_full_293066,exact_ref,23899.602,1,0,413921,105963776
simless,5,2,enron_full_293083,exact_ref,25154.086,1,0,413921,105963776
simless,6,2,enron_full_293083,exact_ref,25154.086,1,0,413921,105963776
simless,4,2,enron_full_293083,exact_ref,25154.086,1,0,413921,105963776
simless,6,2,enron_full_293619,exact_ref,24103.769,1,0,413921,105963776
simless,4,2,enron_full_293619,exact_ref,24103.769,1,0,413921,105963776
simless,5,2,enron_full_293619,exact_ref,24103.769,1,0,413921,105963776
simless,4,2,enron_full_293948,no_exact_ref,24382.410,0,19,413921,105963776
simless,5,2,enron_full_293948,no_exact_ref,24382.410,0,19,413921,105963776
simless,6,2,enron_full_293948,no_exact_ref,24382.410,0,19,413921,105963776
simless,5,2,enron_full_293985,exact_ref,24718.814,1,0,413921,105963776
simless,6,2,enron_full_293985,exact_ref,24718.814,1,0,413921,105963776
simless,4,2,enron_full_293985,exact_ref,24718.814,1,0,413921,105963776
simless,6,2,enron_full_295023,exact_ref,24147.193,1,0,413921,105963776
simless,4,2,enron_full_295023,exact_ref,24147.193,1,0,413921,105963776
simless,5,2,enron_full_295023,exact_ref,24147.193,1,0,413921,105963776
simless,4,2,enron_full_295246,no_exact_ref,24899.639,0,19,413921,105963776
simless,5,2,enron_full_295246,no_exact_ref,24899.639,0,19,413921,105963776
simless,6,2,enron_full_295246,no_exact_ref,24899.639,0,19,413921,105963776
simless,5,2,enron_full_296957,no_exact_ref,26055.070,0,14,413921,105963776
simless,6,2,enron_full_296957,no_exact_ref,26055.070,0,14,413921,105963776
simless,4,2,enron_full_296957,no_exact_ref,26055.070,0,14,413921,105963776
simless,6,2,enron_full_298392,no_exact_ref,26120.418,0,60,413921,105963776
simless,4,2,enron_full_298392,no_exact_ref,26120.418,0,60,413921,105963776
simless,5,2,enron_full_298392,no_exact_ref,26120.418,0,60,413921,105963776
simless,4,2,enron_full_298764,no_exact_ref,27008.733,0,40,413921,105963776
simless,5,2,enron_full_298764,no_exact_ref,27008.733,0,40,413921,105963776
simless,6,2,enron_full_298764,no_exact_ref,27008.733,0,40,413921,105963776
simless,5,2,enron_full_299033,no_exact_ref,26489.206,0,64,413921,105963776
simless,6,2,enron_full_299033,no_exact_ref,26489.206,0,64,413921,105963776
simless,4,2,enron_full_299033,no_exact_ref,26489.206,0,64,413921,105963776
simless,6,2,enron_full_299289,exact_ref,26201.783,1,0,413921,105963776
simless,4,2,enron_full_299289,exact_ref,26201.783,1,0,413921,105963776
simless,5,2,enron_full_299289,exact_ref,26201.783,1,0,413921,105963776
simless,4,2,enron_full_299345,exact_ref,24377.334,1,0,413921,105963776
simless,5,2,enron_full_299345,exact_ref,24377.334,1,0,413921,105963776
simless,6,2,enron_full_299345,exact_ref,24377.334,1,0,413921,105963776
simless,5,2,enron_full_299690,exact_ref,25046.275,1,0,413921,105963776
simless,6,2,enron_full_299690,exact_ref,25046.275,1,0,413921,105963776
simless,4,2,enron_full_299690,exact_ref,25046.275,1,0,413921,105963776
simless,6,2,enron_full_300310,exact_ref,24622.403,1,0,413921,105963776
simless,4,2,enron_full_300310,exact_ref,24622.403,1,0,413921,105963776
simless,5,2,enron_full_300310,exact_ref,24622.403,1,0,413921,105963776
simless,4,2,enron_full_300702,exact_ref,24703.918,1,0,413921,105963776
simless,5,2,enron_full_300702,exact_ref,24703.918,1,0,413921,105963776
simless,6,2,enron_full_300702,exact_ref,24703.918,1,0,413921,105963776
simless,5,2,enron_full_301521,exact_ref,23762.931,1,0,413921,105963776
simless,6,2,enron_full_301521,exact_ref,23762.931,1,0,413921,105963776
simless,4,2,enron_full_301521,exact_ref,23762.931,1,0,413921,105963776
simless,6,2,enron_full_301926,exact_ref,24783.235,1,0,413921,105963776
simless,4,2,enron_full_301926,exact_ref,24783.235,1,0,413921,105963776
simless,5,2,enron_full_301926,exact_ref,24783.235,1,0,413921,105963776
simless,4,2,enron_full_302529,exact_ref,25106.594,1,0,413921,105963776
simless,5,2,enron_full_302529,exact_ref,25106.594,1,0,413921,105963776
simless,6,2,enron_full_302529,exact_ref,25106.594,1,0,413921,105963776
simless,5,2,enron_full_303527,exact_ref,24793.389,1,0,413921,105963776
simless,6,2,enron_full_303527,exact_ref,24793.389,1,0,413921,105963776
simless,4,2,enron_full_303527,exact_ref,24793.389,1,0,413921,105963776
simless,6,2,enron_full_304134,exact_ref,24771.395,1,0,413921,105963776
simless,4,2,enron_full_304134,exact_ref,24771.395,1,0,413921,105963776
simless,5,2,enron_full_304134,exact_ref,24771.395,1,0,413921,105963776
simless,4,2,enron_full_304324,exact_ref,24724.947,1,0,413921,105963776
simless,5,2,enron_full_304324,exact_ref,24724.947,1,0,413921,105963776
simless,6,2,enron_full_304324,exact_ref,24724.947,1,0,413921,105963776
simless,5,2,enron_full_305112,exact_ref,24761.553,1,0,413921,105963776
simless,6,2,enron_full_305112,exact_ref,24761.553,1,0,413921,105963776
simless,4,2,enron_full_305112,exact_ref,24761.553,1,0,413921,105963776
simless,6,2,enron_full_305491,exact_ref,24994.334,1,0,413921,105963776
simless,4,2,enron_full_305491,exact_ref,24994.334,1,0,413921,105963776
simless,5,2,enron_full_305491,exact_ref,24994.334,1,0,413921,105963776
simless,4,2,enron_full_305595,exact_ref,25256.171,1,0,413921,105963776
simless,5,2,enron_full_305595,exact_ref,25256.171,1,0,413921,105963776
simless,6,2,enron_full_305595,exact_ref,25256.171,1,0,413921,105963776
simless,5,2,enron_full_306022,exact_ref,24438.475,1,0,413921,105963776
simless,6,2,enron_full_306022,exact_ref,24438.475,1,0,413921,105963776
simless,4,2,enron_full_306022,exact_ref,24438.475,1,0,413921,105963776
simless,6,2,enron_full_306282,exact_ref,26497.243,1,0,413921,105963776
simless,4,2,enron_full_306282,exact_ref,26497.243,1,0,413921,105963776
simless,5,2,enron_full_306282,exact_ref,26497.243,1,0,413921,105963776
simless,4,2,enron_full_306838,exact_ref,23811.383,1,0,413921,105963776
simless,5,2,enron_full_306838,exact_ref,23811.383,1,0,413921,105963776
simless,6,2,enron_full_306838,exact_ref,23811.383,1,0,413921,105963776
simless,5,2,enron_full_306879,exact_ref,24528.430,1,0,413921,105963776
simless,6,2,enron_full_306879,exact_ref,24528.430,1,0,413921,105963776
simless,4,2,enron_full_306879,exact_ref,24528.430,1,0,413921,105963776
simless,6,2,enron_full_307066,exact_ref,23795.111,1,0,413921,105963776
simless,4,2,enron_full_307066,exact_ref,23795.111,1,0,413921,105963776
simless,5,2,enron_full_307066,exact_ref,23795.111,1,0,413921,105963776
simless,4,2,enron_full_307536,exact_ref,25501.878,1,0,413921,105963776
simless,5,2,enron_full_307536,exact_ref,25501.878,1,0,413921,105963776
simless,6,2,enron_full_307536,exact_ref,25501.878,1,0,413921,105963776
simless,5,2,enron_full_307959,exact_ref,26151.820,1,0,413921,105963776
simless,6,2,enron_full_307959,exact_ref,26151.820,1,0,413921,105963776
simless,4,2,enron_full_307959,exact_ref,26151.820,1,0,413921,105963776
simless,6,2,enron_full_308283,exact_ref,24204.878,1,0,413921,105963776
simless,4,2,enron_full_308283,exact_ref,24204.878,1,0,413921,105963776
simless,5,2,enron_full_308283,exact_ref,24204.878,1,0,413921,105963776
simless,4,2,enron_full_308504,exact_ref,25776.634,1,0,413921,105963776
simless,5,2,enron_full_308504,exact_ref,25776.634,1,0,413921,105963776
simless,6,2,enron_full_308504,exact_ref,25776.634,1,0,413921,105963776
simless,5,2,enron_full_308666,exact_ref,24893.213,1,0,413921,105963776
simless,6,2,enron_full_308666,exact_ref,24893.213,1,0,413921,105963776
simless,4,2,enron_full_308666,exact_ref,24893.213,1,0,413921,105963776
simless,6,2,enron_full_310049,exact_ref,25720.714,1,0,413921,105963776
simless,4,2,enron_full_310049,exact_ref,25720.714,1,0,413921,105963776
simless,5,2,enron_full_310049,exact_ref,25720.714,1,0,413921,105963776
simless,4,2,enron_full_310050,exact_ref,24444.987,1,0,413921,105963776
simless,5,2,enron_full_310050,exact_ref,24444.987,1,0,413921,105963776
simless,6,2,enron_full_310050,exact_ref,24444.987,1,0,413921,105963776
simless,5,2,enron_full_310056,exact_ref,23577.521,1,0,413921,105963776
simless,6,2,enron_full_310056,exact_ref,23577.521,1,0,413921,105963776
simless,4,2,enron_full_310056,exact_ref,23577.521,1,0,413921,105963776
simless,6,2,enron_full_310895,exact_ref,24077.409,1,0,413921,105963776
simless,4,2,enron_full_310895,exact_ref,24077.409,1,0,413921,105963776
simless,5,2,enron_full_310895,exact_ref,24077.409,1,0,413921,105963776
simless,4,2,enron_full_310913,exact_ref,24194.070,1,0,413921,105963776
simless,5,2,enron_full_310913,exact_ref,24194.070,1,0,413921,105963776
simless,6,2,enron_full_310913,exact_ref,24194.070,1,0,413921,105963776
simless,5,2,enron_full_311017,exact_ref,24008.606,1,0,413921,105963776
simless,6,2,enron_full_311017,exact_ref,24008.606,1,0,413921,105963776
simless,4,2,enron_full_311017,exact_ref,24008.606,1,0,413921,105963776
simless,6,2,enron_full_313090,exact_ref,23433.976,1,0,413921,105963776
simless,4,2,enron_full_313090,exact_ref,23433.976,1,0,413921,105963776
simless,5,2,enron_full_313090,exact_ref,23433.976,1,0,413921,105963776
simless,4,2,enron_full_314206,exact_ref,23619.716,1,0,413921,105963776
simless,5,2,enron_full_314206,exact_ref,23619.716,1,0,413921,105963776
simless,6,2,enron_full_314206,exact_ref,23619.716,1,0,413921,105963776
simless,5,2,enron_full_314362,exact_ref,23098.248,1,0,413921,105963776
simless,6,2,enron_full_314362,exact_ref,23098.248,1,0,413921,105963776
simless,4,2,enron_full_314362,exact_ref,23098.248,1,0,413921,105963776
simless,6,2,enron_full_315231,exact_ref,22803.453,1,0,413921,105963776
simless,4,2,enron_full_315231,exact_ref,22803.453,1,0,413921,105963776
simless,5,2,enron_full_315231,exact_ref,22803.453,1,0,413921,105963776
simless,4,2,enron_full_315279,exact_ref,23308.747,1,0,413921,105963776
simless,5,2,enron_full_315279,exact_ref,23308.747,1,0,413921,105963776
simless,6,2,enron_full_315279,exact_ref,23308.747,1,0,413921,105963776
simless,5,2,enron_full_315623,exact_ref,23533.185,1,0,413921,105963776
simless,6,2,enron_full_315623,exact_ref,23533.185,1,0,413921,105963776
simless,4,2,enron_full_315623,exact_ref,23533.185,1,0,413921,105963776
simless,6,2,enron_full_316006,exact_ref,23701.941,1,0,413921,105963776
simless,4,2,enron_full_316006,exact_ref,23701.941,1,0,413921,105963776
simless,5,2,enron_full_316006,exact_ref,23701.941,1,0,413921,105963776
simless,4,2,enron_full_317192,exact_ref,23437.803,1,0,413921,105963776
simless,5,2,enron_full_317192,exact_ref,23437.803,1,0,413921,105963776
simless,6,2,enron_full_317192,exact_ref,23437.803,1,0,413921,105963776
simless,5,2,enron_full_317451,exact_ref,23486.351,1,0,413921,105963776
simless,6,2,enron_full_317451,exact_ref,23486.351,1,0,413921,105963776
simless,4,2,enron_full_317451,exact_ref,23486.351,1,0,413921,105963776
simless,6,2,enron_full_318133,exact_ref,25335.357,1,0,413921,105963776
simless,4,2,enron_full_318133,exact_ref,25335.357,1,0,413921,105963776
simless,5,2,enron_full_318133,exact_ref,25335.357,1,0,413921,105963776
simless,4,2,enron_full_318207,exact_ref,25325.605,1,0,413921,105963776
simless,5,2,enron_full_318207,exact_ref,25325.605,1,0,413921,105963776
simless,6,2,enron_full_318207,exact_ref,25325.605,1,0,413921,105963776
simless,5,2,enron_full_318845,exact_ref,25463.585,1,0,413921,105963776
simless,6,2,enron_full_318845,exact_ref,25463.585,1,0,413921,105963776
simless,4,2,enron_full_318845,exact_ref,25463.585,1,0,413921,105963776
simless,6,2,enron_full_318909,exact_ref,24670.919,1,0,413921,105963776
simless,4,2,enron_full_318909,exact_ref,24670.919,1,0,413921,105963776
simless,5,2,enron_full_318909,exact_ref,24670.919,1,0,413921,105963776
simless,4,2,enron_full_319080,exact_ref,23975.695,1,0,413921,105963776
simless,5,2,enron_full_319080,exact_ref,23975.695,1,0,413921,105963776
simless,6,2,enron_full_319080,exact_ref,23975.695,1,0,413921,105963776
simless,5,2,enron_full_319320,exact_ref,24998.022,1,0,413921,105963776
simless,6,2,enron_full_319320,exact_ref,24998.022,1,0,413921,105963776
simless,4,2,enron_full_319320,exact_ref,24998.022,1,0,413921,105963776
simless,6,2,enron_full_319952,exact_ref,24999.796,1,0,413921,105963776
simless,4,2,enron_full_319952,exact_ref,24999.796,1,0,413921,105963776
simless,5,2,enron_full_319952,exact_ref,24999.796,1,0,413921,105963776
simless,4,2,enron_full_320564,exact_ref,25057.160,1,0,413921,105963776
simless,5,2,enron_full_320564,exact_ref,25057.160,1,0,413921,105963776
simless,6,2,enron_full_320564,exact_ref,25057.160,1,0,413921,105963776
simless,5,2,enron_full_320626,exact_ref,26003.650,1,0,413921,105963776
simless,6,2,enron_full_320626,exact_ref,26003.650,1,0,413921,105963776
simless,4,2,enron_full_320626,exact_ref,26003.650,1,0,413921,105963776
simless,6,2,enron_full_321445,exact_ref,26174.347,1,0,413921,105963776
simless,4,2,enron_full_321445,exact_ref,26174.347,1,0,413921,105963776
simless,5,2,enron_full_321445,exact_ref,26174.347,1,0,413921,105963776
simless,4,2,enron_full_321807,exact_ref,24574.214,1,0,413921,105963776
simless,5,2,enron_full_321807,exact_ref,24574.214,1,0,413921,105963776
simless,6,2,enron_full_321807,exact_ref,24574.214,1,0,413921,105963776
simless,5,2,enron_full_321918,exact_ref,24057.471,1,0,413921,105963776
simless,6,2,enron_full_321918,exact_ref,24057.471,1,0,413921,105963776
simless,4,2,enron_full_321918,exact_ref,24057.471,1,0,413921,105963776
simless,6,2,enron_full_322149,exact_ref,24113.536,1,0,413921,105963776
simless,4,2,enron_full_322149,exact_ref,24113.536,1,0,413921,105963776
simless,5,2,enron_full_322149,exact_ref,24113.536,1,0,413921,105963776
simless,4,2,enron_full_322706,exact_ref,24196.340,1,0,413921,105963776
simless,5,2,enron_full_322706,exact_ref,24196.340,1,0,413921,105963776
simless,6,2,enron_full_322706,exact_ref,24196.340,1,0,413921,105963776
simless,5,2,enron_full_322737,exact_ref,23728.694,1,0,413921,105963776
simless,6,2,enron_full_322737,exact_ref,23728.694,1,0,413921,105963776
simless,4,2,enron_full_322737,exact_ref,23728.694,1,0,413921,105963776
simless,6,2,enron_full_322757,exact_ref,24279.293,1,0,413921,105963776
simless,4,2,enron_full_322757,exact_ref,24279.293,1,0,413921,105963776
simless,5,2,enron_full_322757,exact_ref,24279.293,1,0,413921,105963776
simless,4,2,enron_full_324000,exact_ref,24451.722,1,0,413921,105963776
simless,5,2,enron_full_324000,exact_ref,24451.722,1,0,413921,105963776
simless,6,2,enron_full_324000,exact_ref,24451.722,1,0,413921,105963776
simless,5,2,enron_full_324353,no_exact_ref,24842.437,0,34,413921,105963776
simless,6,2,enron_full_324353,no_exact_ref,24842.437,0,34,413921,105963776
simless,4,2,enron_full_324353,no_exact_ref,24842.437,0,34,413921,105963776
simless,6,2,enron_full_325002,exact_ref,23608.128,1,0,413921,105963776
simless,4,2,enron_full_325002,exact_ref,23608.128,1,0,413921,105963776
simless,5,2,enron_full_325002,exact_ref,23608.128,1,0,413921,105963776
simless,4,2,enron_full_325131,exact_ref,26368.896,1,0,413921,105963776
simless,5,2,enron_full_325131,exact_ref,26368.896,1,0,413921,105963776
simless,6,2,enron_full_325131,exact_ref,26368.896,1,0,413921,105963776
simless,5,2,enron_full_325547,exact_ref,26423.280,1,0,413921,105963776
simless,6,2,enron_full_325547,exact_ref,26423.280,1,0,413921,105963776
simless,4,2,enron_full_325547,exact_ref,26423.280,1,0,413921,105963776
simless,6,2,enron_full_326276,exact_ref,25391.672,1,0,413921,105963776
simless,4,2,enron_full_326276,exact_ref,25391.672,1,0,413921,105963776
simless,5,2,enron_full_326276,exact_ref,25391.672,1,0,413921,105963776
simless,4,2,enron_full_326406,exact_ref,23529.190,1,0,413921,105963776
simless,5,2,enron_full_326406,exact_ref,23529.190,1,0,413921,105963776
simless,6,2,enron_full_326406,exact_ref,23529.190,1,0,413921,105963776
simless,5,2,enron_full_326699,exact_ref,22544.912,1,0,413921,105963776
simless,6,2,enron_full_326699,exact_ref,22544.912,1,0,413921,105963776
simless,4,2,enron_full_326699,exact_ref,22544.912,1,0,413921,105963776
simless,6,2,enron_full_326891,exact_ref,24252.762,1,0,413921,105963776
simless,4,2,enron_full_326891,exact_ref,24252.762,1,0,413921,105963776
simless,5,2,enron_full_326891,exact_ref,24252.762,1,0,413921,105963776
simless,4,2,enron_full_327398,exact_ref,23465.312,1,0,413921,105963776
simless,5,2,enron_full_327398,exact_ref,23465.312,1,0,413921,105963776
simless,6,2,enron_full_327398,exact_ref,23465.312,1,0,413921,105963776
simless,5,2,enron_full_327734,exact_ref,22879.945,1,0,413921,105963776
simless,6,2,enron_full_327734,exact_ref,22879.945,1,0,413921,105963776
simless,4,2,enron_full_327734,exact_ref,22879.945,1,0,413921,105963776
simless,6,2,enron_full_330743,exact_ref,23010.895,1,0,413921,105963776
simless,4,2,enron_full_330743,exact_ref,23010.895,1,0,413921,105963776
simless,5,2,enron_full_330743,exact_ref,23010.895,1,0,413921,105963776
simless,4,2,enron_full_330847,exact_ref,22959.057,1,0,413921,105963776
simless,5,2,enron_full_330847,exact_ref,22959.057,1,0,413921,105963776
simless,6,2,enron_full_330847,exact_ref,22959.057,1,0,413921,105963776
simless,5,2,enron_full_331065,no_exact_ref,24155.741,0,87,413921,105963776
simless,6,2,enron_full_331065,no_exact_ref,24155.741,0,87,413921,105963776
simless,4,2,enron_full_331065,no_exact_ref,24155.741,0,87,413921,105963776
simless,6,2,enron_full_331235,exact_ref,24338.331,1,0,413921,105963776
simless,4,2,enron_full_331235,exact_ref,24338.331,1,0,413921,105963776
simless,5,2,enron_full_331235,exact_ref,24338.331,1,0,413921,105963776
simless,4,2,enron_full_331309,no_exact_ref,26402.128,0,68,413921,105963776
simless,5,2,enron_full_331309,no_exact_ref,26402.128,0,68,413921,105963776
simless,6,2,enron_full_331309,no_exact_ref,26402.128,0,68,413921,105963776
simless,5,2,enron_full_332147,no_exact_ref,26389.730,0,71,413921,105963776
simless,6,2,enron_full_332147,no_exact_ref,26389.730,0,71,413921,105963776
simless,4,2,enron_full_332147,no_exact_ref,26389.730,0,71,413921,105963776
simless,6,2,enron_full_332523,exact_ref,26272.266,1,0,413921,105963776
simless,4,2,enron_full_332523,exact_ref,26272.266,1,0,413921,105963776
simless,5,2,enron_full_332523,exact_ref,26272.266,1,0,413921,105963776
simless,4,2,enron_full_333276,exact_ref,26481.560,1,0,413921,105963776
simless,5,2,enron_full_333276,exact_ref,26481.560,1,0,413921,105963776
simless,6,2,enron_full_333276,exact_ref,26481.560,1,0,413921,105963776
simless,5,2,enron_full_333308,exact_ref,26362.505,1,0,413921,105963776
simless,6,2,enron_full_333308,exact_ref,26362.505,1,0,413921,105963776
simless,4,2,enron_full_333308,exact_ref,26362.505,1,0,413921,105963776
simless,6,2,enron_full_333309,exact_ref,25845.950,1,0,413921,105963776
simless,4,2,enron_full_333309,exact_ref,25845.950,1,0,413921,105963776
simless,5,2,enron_full_333309,exact_ref,25845.950,1,0,413921,105963776
simless,4,2,enron_full_334798,no_exact_ref,25265.651,0,93,413921,105963776
simless,5,2,enron_full_334798,no_exact_ref,25265.651,0,93,413921,105963776
simless,6,2,enron_full_334798,no_exact_ref,25265.651,0,93,413921,105963776
simless,5,2,enron_full_335428,exact_ref,25037.616,1,0,413921,105963776
simless,6,2,enron_full_335428,exact_ref,25037.616,1,0,413921,105963776
simless,4,2,enron_full_335428,exact_ref,25037.616,1,0,413921,105963776
simless,6,2,enron_full_335498,exact_ref,24341.961,1,0,413921,105963776
simless,4,2,enron_full_335498,exact_ref,24341.961,1,0,413921,105963776
simless,5,2,enron_full_335498,exact_ref,24341.961,1,0,413921,105963776
simless,4,2,enron_full_335546,exact_ref,25710.025,1,0,413921,105963776
simless,5,2,enron_full_335546,exact_ref,25710.025,1,0,413921,105963776
simless,6,2,enron_full_335546,exact_ref,25710.025,1,0,413921,105963776
simless,5,2,enron_full_335575,exact_ref,26558.361,1,0,413921,105963776
simless,6,2,enron_full_335575,exact_ref,26558.361,1,0,413921,105963776
simless,4,2,enron_full_335575,exact_ref,26558.361,1,0,413921,105963776
simless,6,2,enron_full_335623,exact_ref,26488.846,1,0,413921,105963776
simless,4,2,enron_full_335623,exact_ref,26488.846,1,0,413921,105963776
simless,5,2,enron_full_335623,exact_ref,26488.846,1,0,413921,105963776
simless,4,2,enron_full_335857,exact_ref,25404.278,1,0,413921,105963776
simless,5,2,enron_full_335857,exact_ref,25404.278,1,0,413921,105963776
simless,6,2,enron_full_335857,exact_ref,25404.278,1,0,413921,105963776
simless,5,2,enron_full_335946,exact_ref,25160.905,1,0,413921,105963776
simless,6,2,enron_full_335946,exact_ref,25160.905,1,0,413921,105963776
simless,4,2,enron_full_335946,exact_ref,25160.905,1,0,413921,105963776
simless,6,2,enron_full_336542,exact_ref,24917.241,1,0,413921,105963776
simless,4,2,enron_full_336542,exact_ref,24917.241,1,0,413921,105963776
simless,5,2,enron_full_336542,exact_ref,24917.241,1,0,413921,105963776
simless,4,2,enron_full_337267,exact_ref,25547.747,1,0,413921,105963776
simless,5,2,enron_full_337267,exact_ref,25547.747,1,0,413921,105963776
simless,6,2,enron_full_337267,exact_ref,25547.747,1,0,413921,105963776
simless,5,2,enron_full_337292,exact_ref,25233.996,1,0,413921,105963776
simless,6,2,enron_full_337292,exact_ref,25233.996,1,0,413921,105963776
simless,4,2,enron_full_337292,exact_ref,25233.996,1,0,413921,105963776
simless,6,2,enron_full_337470,exact_ref,28159.397,1,0,413921,105963776
simless,4,2,enron_full_337470,exact_ref,28159.397,1,0,413921,105963776
simless,5,2,enron_full_337470,exact_ref,28159.397,1,0,413921,105963776
simless,4,2,enron_full_339638,no_exact_ref,26508.465,0,28,413921,105963776
simless,5,2,enron_full_339638,no_exact_ref,26508.465,0,28,413921,105963776
simless,6,2,enron_full_339638,no_exact_ref,26508.465,0,28,413921,105963776
simless,5,2,enron_full_340418,exact_ref,25965.476,1,0,413921,105963776
simless,6,2,enron_full_340418,exact_ref,25965.476,1,0,413921,105963776
simless,4,2,enron_full_340418,exact_ref,25965.476,1,0,413921,105963776
simless,6,2,enron_full_340472,exact_ref,25739.013,1,0,413921,105963776
simless,4,2,enron_full_340472,exact_ref,25739.013,1,0,413921,105963776
simless,5,2,enron_full_340472,exact_ref,25739.013,1,0,413921,105963776
simless,4,2,enron_full_340761,exact_ref,24245.004,1,0,413921,105963776
simless,5,2,enron_full_340761,exact_ref,24245.004,1,0,413921,105963776
simless,6,2,enron_full_340761,exact_ref,24245.004,1,0,413921,105963776
simless,5,2,enron_full_341249,exact_ref,26208.877,1,0,413921,105963776
simless,6,2,enron_full_341249,exact_ref,26208.877,1,0,413921,105963776
simless,4,2,enron_full_341249,exact_ref,26208.877,1,0,413921,105963776
simless,6,2,enron_full_341362,exact_ref,27501.510,1,0,413921,105963776
simless,4,2,enron_full_341362,exact_ref,27501.510,1,0,413921,105963776
simless,5,2,enron_full_341362,exact_ref,27501.510,1,0,413921,105963776
simless,4,2,enron_full_342301,exact_ref,27503.137,1,0,413921,105963776
simless,5,2,enron_full_342301,exact_ref,27503.137,1,0,413921,105963776
simless,6,2,enron_full_342301,exact_ref,27503.137,1,0,413921,105963776
simless,5,2,enron_full_342735,exact_ref,30707.073,1,0,413921,105963776
simless,6,2,enron_full_342735,exact_ref,30707.073,1,0,413921,105963776
simless,4,2,enron_full_342735,exact_ref,30707.073,1,0,413921,105963776
simless,6,2,enron_full_344191,exact_ref,29375.153,1,0,413921,105963776
simless,4,2,enron_full_344191,exact_ref,29375.153,1,0,413921,105963776
simless,5,2,enron_full_344191,exact_ref,29375.153,1,0,413921,105963776
simless,4,2,enron_full_344335,exact_ref,28500.996,1,0,413921,105963776
simless,5,2,enron_full_344335,exact_ref,28500.996,1,0,413921,105963776
simless,6,2,enron_full_344335,exact_ref,28500.996,1,0,413921,105963776
simless,5,2,enron_full_344645,no_exact_ref,26151.210,0,92,413921,105963776
simless,6,2,enron_full_344645,no_exact_ref,26151.210,0,92,413921,105963776
simless,4,2,enron_full_344645,no_exact_ref,26151.210,0,92,413921,105963776
simless,6,2,enron_full_345595,exact_ref,31877.566,1,0,413921,105963776
simless,4,2,enron_full_345595,exact_ref,31877.566,1,0,413921,105963776
simless,5,2,enron_full_345595,exact_ref,31877.566,1,0,413921,105963776
simless,4,2,enron_full_345814,exact_ref,29290.003,1,0,413921,105963776
simless,5,2,enron_full_345814,exact_ref,29290.003,1,0,413921,105963776
simless,6,2,enron_full_345814,exact_ref,29290.003,1,0,413921,105963776
simless,5,2,enron_full_348142,exact_ref,31446.977,1,0,413921,105963776
simless,6,2,enron_full_348142,exact_ref,31446.977,1,0,413921,105963776
simless,4,2,enron_full_348142,exact_ref,31446.977,1,0,413921,105963776
simless,6,2,enron_full_348438,no_exact_ref,27395.266,0,28,413921,105963776
simless,4,2,enron_full_348438,no_exact_ref,27395.266,0,28,413921,105963776
simless,5,2,enron_full_348438,no_exact_ref,27395.266,0,28,413921,105963776
simless,4,2,enron_full_349353,no_exact_ref,27816.312,0,42,413921,105963776
simless,5,2,enron_full_349353,no_exact_ref,27816.312,0,42,413921,105963776
simless,6,2,enron_full_349353,no_exact_ref,27816.312,0,42,413921,105963776
simless,5,2,enron_full_349483,no_exact_ref,31159.110,0,57,413921,105963776
simless,6,2,enron_full_349483,no_exact_ref,31159.110,0,57,413921,105963776
simless,4,2,enron_full_349483,no_exact_ref,31159.110,0,57,413921,105963776
simless,6,2,enron_full_352068,no_exact_ref,25723.220,0,93,413921,105963776
simless,4,2,enron_full_352068,no_exact_ref,25723.220,0,93,413921,105963776
simless,5,2,enron_full_352068,no_exact_ref,25723.220,0,93,413921,105963776
simless,4,2,enron_full_352183,exact_ref,27924.714,1,0,413921,105963776
simless,5,2,enron_full_352183,exact_ref,27924.714,1,0,413921,105963776
simless,6,2,enron_full_352183,exact_ref,27924.714,1,0,413921,105963776
simless,5,2,enron_full_352410,exact_ref,29022.888,1,0,413921,105963776
simless,6,2,enron_full_352410,exact_ref,29022.888,1,0,413921,105963776
simless,4,2,enron_full_352410,exact_ref,29022.888,1,0,413921,105963776
simless,6,2,enron_full_352552,no_exact_ref,26146.142,0,59,413921,105963776
simless,4,2,enron_full_352552,no_exact_ref,26146.142,0,59,413921,105963776
simless,5,2,enron_full_352552,no_exact_ref,26146.142,0,59,413921,105963776
simless,4,2,enron_full_353158,exact_ref,29970.124,1,0,413921,105963776
simless,5,2,enron_full_353158,exact_ref,29970.124,1,0,413921,105963776
simless,6,2,enron_full_353158,exact_ref,29970.124,1,0,413921,105963776
simless,5,2,enron_full_353883,no_exact_ref,29105.376,0,91,413921,105963776
simless,6,2,enron_full_353883,no_exact_ref,29105.376,0,91,413921,105963776
simless,4,2,enron_full_353883,no_exact_ref,29105.376,0,91,413921,105963776
simless,6,2,enron_full_354290,no_exact_ref,27861.765,0,7,413921,105963776
simless,4,2,enron_full_354290,no_exact_ref,27861.765,0,7,413921,105963776
simless,5,2,enron_full_354290,no_exact_ref,27861.765,0,7,413921,105963776
simless,4,2,enron_full_355229,no_exact_ref,27950.458,0,87,413921,105963776
simless,5,2,enron_full_355229,no_exact_ref,27950.458,0,87,413921,105963776
simless,6,2,enron_full_355229,no_exact_ref,27950.458,0,87,413921,105963776
simless,5,2,enron_full_355694,exact_ref,30621.401,1,0,413921,105963776
simless,6,2,enron_full_355694,exact_ref,30621.401,1,0,413921,105963776
simless,4,2,enron_full_355694,exact_ref,30621.401,1,0,413921,105963776
simless,6,2,enron_full_355895,no_exact_ref,38086.236,0,32,413921,105963776
simless,4,2,enron_full_355895,no_exact_ref,38086.236,0,32,413921,105963776
simless,5,2,enron_full_355895,no_exact_ref,38086.236,0,32,413921,105963776
simless,4,2,enron_full_356569,no_exact_ref,31609.705,0,90,413921,105963776
simless,5,2,enron_full_356569,no_exact_ref,31609.705,0,90,413921,105963776
simless,6,2,enron_full_356569,no_exact_ref,31609.705,0,90,413921,105963776
simless,5,2,enron_full_356908,exact_ref,29295.143,1,0,413921,105963776
simless,6,2,enron_full_356908,exact_ref,29295.143,1,0,413921,105963776
simless,4,2,enron_full_356908,exact_ref,29295.143,1,0,413921,105963776
simless,6,2,enron_full_356976,no_exact_ref,26956.792,0,8,413921,105963776
simless,4,2,enron_full_356976,no_exact_ref,26956.792,0,8,413921,105963776
simless,5,2,enron_full_356976,no_exact_ref,26956.792,0,8,413921,105963776
simless,4,2,enron_full_358597,no_exact_ref,25608.643,0,53,413921,105963776
simless,5,2,enron_full_358597,no_exact_ref,25608.643,0,53,413921,105963776
simless,6,2,enron_full_358597,no_exact_ref,25608.643,0,53,413921,105963776
simless,5,2,enron_full_358915,no_exact_ref,24953.640,0,27,413921,105963776
simless,6,2,enron_full_358915,no_exact_ref,24953.640,0,27,413921,105963776
simless,4,2,enron_full_358915,no_exact_ref,24953.640,0,27,413921,105963776
simless,6,2,enron_full_360085,exact_ref,24896.896,1,0,413921,105963776
simless,4,2,enron_full_360085,exact_ref,24896.896,1,0,413921,105963776
simless,5,2,enron_full_360085,exact_ref,24896.896,1,0,413921,105963776
simless,4,2,enron_full_360983,exact_ref,24890.249,1,0,413921,105963776
simless,5,2,enron_full_360983,exact_ref,24890.249,1,0,413921,105963776
simless,6,2,enron_full_360983,exact_ref,24890.249,1,0,413921,105963776
simless,5,2,enron_full_362389,exact_ref,24388.447,1,0,413921,105963776
simless,6,2,enron_full_362389,exact_ref,24388.447,1,0,413921,105963776
simless,4,2,enron_full_362389,exact_ref,24388.447,1,0,413921,105963776
simless,6,2,enron_full_363120,exact_ref,25826.209,1,0,413921,105963776
simless,4,2,enron_full_363120,exact_ref,25826.209,1,0,413921,105963776
simless,5,2,enron_full_363120,exact_ref,25826.209,1,0,413921,105963776
simless,4,2,enron_full_363607,no_exact_ref,24797.628,0,96,413921,105963776
simless,5,2,enron_full_363607,no_exact_ref,24797.628,0,96,413921,105963776
simless,6,2,enron_full_363607,no_exact_ref,24797.628,0,96,413921,105963776
simless,5,2,enron_full_363846,no_exact_ref,25371.522,0,93,413921,105963776
simless,6,2,enron_full_363846,no_exact_ref,25371.522,0,93,413921,105963776
simless,4,2,enron_full_363846,no_exact_ref,25371.522,0,93,413921,105963776
simless,6,2,enron_full_363876,exact_ref,26757.575,1,0,413921,105963776
simless,4,2,enron_full_363876,exact_ref,26757.575,1,0,413921,105963776
simless,5,2,enron_full_363876,exact_ref,26757.575,1,0,413921,105963776
simless,4,2,enron_full_364025,no_exact_ref,27063.781,0,77,413921,105963776
simless,5,2,enron_full_364025,no_exact_ref,27063.781,0,77,413921,105963776
simless,6,2,enron_full_364025,no_exact_ref,27063.781,0,77,413921,105963776
simless,5,2,enron_full_364586,exact_ref,26445.017,1,0,413921,105963776
simless,6,2,enron_full_364586,exact_ref,26445.017,1,0,413921,105963776
simless,4,2,enron_full_364586,exact_ref,26445.017,1,0,413921,105963776
simless,6,2,enron_full_365105,no_exact_ref,25240.279,0,47,413921,105963776
simless,4,2,enron_full_365105,no_exact_ref,25240.279,0,47,413921,105963776
simless,5,2,enron_full_365105,no_exact_ref,25240.279,0,47,413921,105963776
simless,4,2,enron_full_365478,no_exact_ref,26402.001,0,75,413921,105963776
simless,5,2,enron_full_365478,no_exact_ref,26402.001,0,75,413921,105963776
simless,6,2,enron_full_365478,no_exact_ref,26402.001,0,75,413921,105963776
simless,5,2,enron_full_365497,exact_ref,25160.245,1,0,413921,105963776
simless,6,2,enron_full_365497,exact_ref,25160.245,1,0,413921,105963776
simless,4,2,enron_full_365497,exact_ref,25160.245,1,0,413921,105963776
simless,6,2,enron_full_365509,no_exact_ref,24806.952,1,0,413921,105963776
simless,4,2,enron_full_365509,no_exact_ref,24806.952,1,0,413921,105963776
simless,5,2,enron_full_365509,no_exact_ref,24806.952,1,0,413921,105963776
simless,4,2,enron_full_365947,no_exact_ref,24459.068,0,90,413921,105963776
simless,5,2,enron_full_365947,no_exact_ref,24459.068,0,90,413921,105963776
simless,6,2,enron_full_365947,no_exact_ref,24459.068,0,90,413921,105963776
simless,5,2,enron_full_366510,exact_ref,25055.935,1,0,413921,105963776
simless,6,2,enron_full_366510,exact_ref,25055.935,1,0,413921,105963776
simless,4,2,enron_full_366510,exact_ref,25055.935,1,0,413921,105963776
simless,6,2,enron_full_366895,exact_ref,25097.004,1,0,413921,105963776
simless,4,2,enron_full_366895,exact_ref,25097.004,1,0,413921,105963776
simless,5,2,enron_full_366895,exact_ref,25097.004,1,0,413921,105963776
simless,4,2,enron_full_367052,no_exact_ref,26388.818,0,78,413921,105963776
simless,5,2,enron_full_367052,no_exact_ref,26388.818,0,78,413921,105963776
simless,6,2,enron_full_367052,no_exact_ref,26388.818,0,78,413921,105963776
simless,5,2,enron_full_367129,no_exact_ref,26599.107,0,93,413921,105963776
simless,6,2,enron_full_367129,no_exact_ref,26599.107,0,93,413921,105963776
simless,4,2,enron_full_367129,no_exact_ref,26599.107,0,93,413921,105963776
simless,6,2,enron_full_367319,no_exact_ref,27550.665,0,48,413921,105963776
simless,4,2,enron_full_367319,no_exact_ref,27550.665,0,48,413921,105963776
simless,5,2,enron_full_367319,no_exact_ref,27550.665,0,48,413921,105963776
simless,4,2,enron_full_367765,exact_ref,27339.307,1,0,413921,105963776
simless,5,2,enron_full_367765,exact_ref,27339.307,1,0,413921,105963776
simless,6,2,enron_full_367765,exact_ref,27339.307,1,0,413921,105963776
simless,5,2,enron_full_367912,no_exact_ref,27082.704,0,84,413921,105963776
simless,6,2,enron_full_367912,no_exact_ref,27082.704,0,84,413921,105963776
simless,4,2,enron_full_367912,no_exact_ref,27082.704,0,84,413921,105963776
simless,6,2,enron_full_368156,no_exact_ref,26524.853,0,64,413921,105963776
simless,4,2,enron_full_368156,no_exact_ref,26524.853,0,64,413921,105963776
simless,5,2,enron_full_368156,no_exact_ref,26524.853,0,64,413921,105963776
simless,4,2,enron_full_368318,no_exact_ref,24784.591,0,60,413921,105963776
simless,5,2,enron_full_368318,no_exact_ref,24784.591,0,60,413921,105963776
simless,6,2,enron_full_368318,no_exact_ref,24784.591,0,60,413921,105963776
simless,5,2,enron_full_369168,exact_ref,25079.171,1,0,413921,105963776
simless,6,2,enron_full_369168,exact_ref,25079.171,1,0,413921,105963776
simless,4,2,enron_full_369168,exact_ref,25079.171,1,0,413921,105963776
simless,6,2,enron_full_369419,exact_ref,24128.295,1,0,413921,105963776
simless,4,2,enron_full_369419,exact_ref,24128.295,1,0,413921,105963776
simless,5,2,enron_full_369419,exact_ref,24128.295,1,0,413921,105963776
simless,4,2,enron_full_370439,exact_ref,24722.294,1,0,413921,105963776
simless,5,2,enron_full_370439,exact_ref,24722.294,1,0,413921,105963776
simless,6,2,enron_full_370439,exact_ref,24722.294,1,0,413921,105963776
simless,5,2,enron_full_371121,no_exact_ref,24638.015,0,88,413921,105963776
simless,6,2,enron_full_371121,no_exact_ref,24638.015,0,88,413921,105963776
simless,4,2,enron_full_371121,no_exact_ref,24638.015,0,88,413921,105963776
simless,6,2,enron_full_373728,exact_ref,24988.573,1,0,413921,105963776
simless,4,2,enron_full_373728,exact_ref,24988.573,1,0,413921,105963776
simless,5,2,enron_full_373728,exact_ref,24988.573,1,0,413921,105963776
simless,4,2,enron_full_373978,exact_ref,24339.264,1,0,413921,105963776
simless,5,2,enron_full_373978,exact_ref,24339.264,1,0,413921,105963776
simless,6,2,enron_full_373978,exact_ref,24339.264,1,0,413921,105963776
simless,5,2,enron_full_374719,exact_ref,24638.089,1,0,413921,105963776
simless,6,2,enron_full_374719,exact_ref,24638.089,1,0,413921,105963776
simless,4,2,enron_full_374719,exact_ref,24638.089,1,0,413921,105963776
simless,6,2,enron_full_374736,exact_ref,24397.840,1,0,413921,105963776
simless,4,2,enron_full_374736,exact_ref,24397.840,1,0,413921,105963776
simless,5,2,enron_full_374736,exact_ref,24397.840,1,0,413921,105963776
simless,4,2,enron_full_375606,exact_ref,24713.471,1,0,413921,105963776
simless,5,2,enron_full_375606,exact_ref,24713.471,1,0,413921,105963776
simless,6,2,enron_full_375606,exact_ref,24713.471,1,0,413921,105963776
simless,5,2,enron_full_376013,exact_ref,24049.586,1,0,413921,105963776
simless,6,2,enron_full_376013,exact_ref,24049.586,1,0,413921,105963776
simless,4,2,enron_full_376013,exact_ref,24049.586,1,0,413921,105963776
simless,6,2,enron_full_376710,exact_ref,24280.790,1,0,413921,105963776
simless,4,2,enron_full_376710,exact_ref,24280.790,1,0,413921,105963776
simless,5,2,enron_full_376710,exact_ref,24280.790,1,0,413921,105963776
simless,4,2,enron_full_377221,exact_ref,27851.411,1,0,413921,105963776
simless,5,2,enron_full_377221,exact_ref,27851.411,1,0,413921,105963776
simless,6,2,enron_full_377221,exact_ref,27851.411,1,0,413921,105963776
simless,5,2,enron_full_377377,exact_ref,33380.364,1,0,413921,105963776
simless,6,2,enron_full_377377,exact_ref,33380.364,1,0,413921,105963776
simless,4,2,enron_full_377377,exact_ref,33380.364,1,0,413921,105963776
simless,6,2,enron_full_378712,exact_ref,27669.439,1,0,413921,105963776
simless,4,2,enron_full_378712,exact_ref,27669.439,1,0,413921,105963776
simless,5,2,enron_full_378712,exact_ref,27669.439,1,0,413921,105963776
simless,4,2,enron_full_378826,exact_ref,24189.258,1,0,413921,105963776
simless,5,2,enron_full_378826,exact_ref,24189.258,1,0,413921,105963776
simless,6,2,enron_full_378826,exact_ref,24189.258,1,0,413921,105963776
simless,5,2,enron_full_379382,exact_ref,25061.558,1,0,413921,105963776
simless,6,2,enron_full_379382,exact_ref,25061.558,1,0,413921,105963776
simless,4,2,enron_full_379382,exact_ref,25061.558,1,0,413921,105963776
simless,6,2,enron_full_379515,exact_ref,25274.027,1,0,413921,105963776
simless,4,2,enron_full_379515,exact_ref,25274.027,1,0,413921,105963776
simless,5,2,enron_full_379515,exact_ref,25274.027,1,0,413921,105963776
simless,4,2,enron_full_380183,exact_ref,26822.179,1,0,413921,105963776
simless,5,2,enron_full_380183,exact_ref,26822.179,1,0,413921,105963776
simless,6,2,enron_full_380183,exact_ref,26822.179,1,0,413921,105963776
simless,5,2,enron_full_380419,exact_ref,26509.562,1,0,413921,105963776
simless,6,2,enron_full_380419,exact_ref,26509.562,1,0,413921,105963776
simless,4,2,enron_full_380419,exact_ref,26509.562,1,0,413921,105963776
simless,6,2,enron_full_380667,exact_ref,26501.865,1,0,413921,105963776
simless,4,2,enron_full_380667,exact_ref,26501.865,1,0,413921,105963776
simless,5,2,enron_full_380667,exact_ref,26501.865,1,0,413921,105963776
simless,4,2,enron_full_381275,exact_ref,27109.862,1,0,413921,105963776
simless,5,2,enron_full_381275,exact_ref,27109.862,1,0,413921,105963776
simless,6,2,enron_full_381275,exact_ref,27109.862,1,0,413921,105963776
simless,5,2,enron_full_381430,exact_ref,30013.875,1,0,413921,105963776
simless,6,2,enron_full_381430,exact_ref,30013.875,1,0,413921,105963776
simless,4,2,enron_full_381430,exact_ref,30013.875,1,0,413921,105963776
simless,6,2,enron_full_381540,exact_ref,24808.817,1,0,413921,105963776
simless,4,2,enron_full_381540,exact_ref,24808.817,1,0,413921,105963776
simless,5,2,enron_full_381540,exact_ref,24808.817,1,0,413921,105963776
simless,4,2,enron_full_381912,exact_ref,24731.931,1,0,413921,105963776
simless,5,2,enron_full_381912,exact_ref,24731.931,1,0,413921,105963776
simless,6,2,enron_full_381912,exact_ref,24731.931,1,0,413921,105963776
simless,5,2,enron_full_382401,no_exact_ref,25783.867,0,94,413921,105963776
simless,6,2,enron_full_382401,no_exact_ref,25783.867,0,94,413921,105963776
simless,4,2,enron_full_382401,no_exact_ref,25783.867,0,94,413921,105963776
simless,6,2,enron_full_382476,exact_ref,26825.998,1,0,413921,105963776
simless,4,2,enron_full_382476,exact_ref,26825.998,1,0,413921,105963776
simless,5,2,enron_full_382476,exact_ref,26825.998,1,0,413921,105963776
simless,4,2,enron_full_382877,exact_ref,25909.854,1,0,413921,105963776
simless,5,2,enron_full_382877,exact_ref,25909.854,1,0,413921,105963776
simless,6,2,enron_full_382877,exact_ref,25909.854,1,0,413921,105963776
simless,5,2,enron_full_384162,no_exact_ref,24516.736,0,76,413921,105963776
simless,6,2,enron_full_384162,no_exact_ref,24516.736,0,76,413921,105963776
simless,4,2,enron_full_384162,no_exact_ref,24516.736,0,76,413921,105963776
simless,6,2,enron_full_384461,exact_ref,24699.556,1,0,413921,105963776
simless,4,2,enron_full_384461,exact_ref,24699.556,1,0,413921,105963776
simless,5,2,enron_full_384461,exact_ref,24699.556,1,0,413921,105963776
simless,4,2,enron_full_384653,exact_ref,23580.602,1,0,413921,105963776
simless,5,2,enron_full_384653,exact_ref,23580.602,1,0,413921,105963776
simless,6,2,enron_full_384653,exact_ref,23580.602,1,0,413921,105963776
simless,5,2,enron_full_384988,exact_ref,25405.873,1,0,413921,105963776
simless,6,2,enron_full_384988,exact_ref,25405.873,1,0,413921,105963776
simless,4,2,enron_full_384988,exact_ref,25405.873,1,0,413921,105963776
simless,6,2,enron_full_385098,exact_ref,24074.673,1,0,413921,105963776
simless,4,2,enron_full_385098,exact_ref,24074.673,1,0,413921,105963776
simless,5,2,enron_full_385098,exact_ref,24074.673,1,0,413921,105963776
simless,4,2,enron_full_385839,exact_ref,24781.133,1,0,413921,105963776
simless,5,2,enron_full_385839,exact_ref,24781.133,1,0,413921,105963776
simless,6,2,enron_full_385839,exact_ref,24781.133,1,0,413921,105963776
simless,5,2,enron_full_386188,no_exact_ref,23839.510,0,50,413921,105963776
simless,6,2,enron_full_386188,no_exact_ref,23839.510,0,50,413921,105963776
simless,4,2,enron_full_386188,no_exact_ref,23839.510,0,50,413921,105963776
simless,6,2,enron_full_386616,no_exact_ref,24934.898,0,17,413921,105963776
simless,4,2,enron_full_386616,no_exact_ref,24934.898,0,17,413921,105963776
simless,5,2,enron_full_386616,no_exact_ref,24934.898,0,17,413921,105963776
simless,4,2,enron_full_386731,no_exact_ref,23629.702,0,89,413921,105963776
simless,5,2,enron_full_386731,no_exact_ref,23629.702,0,89,413921,105963776
simless,6,2,enron_full_386731,no_exact_ref,23629.702,0,89,413921,105963776
simless,5,2,enron_full_387578,exact_ref,24214.592,1,0,413921,105963776
simless,6,2,enron_full_387578,exact_ref,24214.592,1,0,413921,105963776
simless,4,2,enron_full_387578,exact_ref,24214.592,1,0,413921,105963776
simless,6,2,enron_full_387701,no_exact_ref,24026.776,0,59,413921,105963776
simless,4,2,enron_full_387701,no_exact_ref,24026.776,0,59,413921,105963776
simless,5,2,enron_full_387701,no_exact_ref,24026.776,0,59,413921,105963776
simless,4,2,enron_full_387952,no_exact_ref,25094.333,0,93,413921,105963776
simless,5,2,enron_full_387952,no_exact_ref,25094.333,0,93,413921,105963776
simless,6,2,enron_full_387952,no_exact_ref,25094.333,0,93,413921,105963776
simless,5,2,enron_full_388565,exact_ref,26129.082,1,0,413921,105963776
simless,6,2,enron_full_388565,exact_ref,26129.082,1,0,413921,105963776
simless,4,2,enron_full_388565,exact_ref,26129.082,1,0,413921,105963776
simless,6,2,enron_full_388921,exact_ref,27133.348,1,0,413921,105963776
simless,4,2,enron_full_388921,exact_ref,27133.348,1,0,413921,105963776
simless,5,2,enron_full_388921,exact_ref,27133.348,1,0,413921,105963776
simless,4,2,enron_full_390158,exact_ref,26568.968,1,0,413921,105963776
simless,5,2,enron_full_390158,exact_ref,26568.968,1,0,413921,105963776
simless,6,2,enron_full_390158,exact_ref,26568.968,1,0,413921,105963776
simless,5,2,enron_full_391047,exact_ref,26223.878,1,0,413921,105963776
simless,6,2,enron_full_391047,exact_ref,26223.878,1,0,413921,105963776
simless,4,2,enron_full_391047,exact_ref,26223.878,1,0,413921,105963776
simless,6,2,enron_full_391217,no_exact_ref,25321.476,0,50,413921,105963776
simless,4,2,enron_full_391217,no_exact_ref,25321.476,0,50,413921,105963776
simless,5,2,enron_full_391217,no_exact_ref,25321.476,0,50,413921,105963776
simless,4,2,enron_full_391486,no_exact_ref,24639.193,0,38,413921,105963776
simless,5,2,enron_full_391486,no_exact_ref,24639.193,0,38,413921,105963776
simless,6,2,enron_full_391486,no_exact_ref,24639.193,0,38,413921,105963776
simless,5,2,enron_full_391746,no_exact_ref,23986.950,0,95,413921,105963776
simless,6,2,enron_full_391746,no_exact_ref,23986.950,0,95,413921,105963776
simless,4,2,enron_full_391746,no_exact_ref,23986.950,0,95,413921,105963776
simless,6,2,enron_full_392955,exact_ref,24662.189,1,0,413921,105963776
simless,4,2,enron_full_392955,exact_ref,24662.189,1,0,413921,105963776
simless,5,2,enron_full_392955,exact_ref,24662.189,1,0,413921,105963776
simless,4,2,enron_full_393136,no_exact_ref,24147.412,0,52,413921,105963776
simless,5,2,enron_full_393136,no_exact_ref,24147.412,0,52,413921,105963776
simless,6,2,enron_full_393136,no_exact_ref,24147.412,0,52,413921,105963776
simless,5,2,enron_full_393487,exact_ref,24870.046,1,0,413921,105963776
simless,6,2,enron_full_393487,exact_ref,24870.046,1,0,413921,105963776
simless,4,2,enron_full_393487,exact_ref,24870.046,1,0,413921,105963776
simless,6,2,enron_full_394271,exact_ref,26840.310,1,0,413921,105963776
simless,4,2,enron_full_394271,exact_ref,26840.310,1,0,413921,105963776
simless,5,2,enron_full_394271,exact_ref,26840.310,1,0,413921,105963776
simless,4,2,enron_full_394331,exact_ref,27518.988,1,0,413921,105963776
simless,5,2,enron_full_394331,exact_ref,27518.988,1,0,413921,105963776
simless,6,2,enron_full_394331,exact_ref,27518.988,1,0,413921,105963776
simless,5,2,enron_full_394348,exact_ref,28564.974,1,0,413921,105963776
simless,6,2,enron_full_394348,exact_ref,28564.974,1,0,413921,105963776
simless,4,2,enron_full_394348,exact_ref,28564.974,1,0,413921,105963776
simless,6,2,enron_full_394407,no_exact_ref,26143.211,0,94,413921,105963776
simless,4,2,enron_full_394407,no_exact_ref,26143.211,0,94,413921,105963776
simless,5,2,enron_full_394407,no_exact_ref,26143.211,0,94,413921,105963776
simless,4,2,enron_full_395301,exact_ref,25980.725,1,0,413921,105963776
simless,5,2,enron_full_395301,exact_ref,25980.725,1,0,413921,105963776
simless,6,2,enron_full_395301,exact_ref,25980.725,1,0,413921,105963776
simless,5,2,enron_full_395725,no_exact_ref,26337.915,0,90,413921,105963776
simless,6,2,enron_full_395725,no_exact_ref,26337.915,0,90,413921,105963776
simless,4,2,enron_full_395725,no_exact_ref,26337.915,0,90,413921,105963776
simless,6,2,enron_full_396292,exact_ref,25183.868,1,0,413921,105963776
simless,4,2,enron_full_396292,exact_ref,25183.868,1,0,413921,105963776
simless,5,2,enron_full_396292,exact_ref,25183.868,1,0,413921,105963776
simless,4,2,enron_full_396812,exact_ref,24236.610,1,0,413921,105963776
simless,5,2,enron_full_396812,exact_ref,24236.610,1,0,413921,105963776
simless,6,2,enron_full_396812,exact_ref,24236.610,1,0,413921,105963776
simless,5,2,enron_full_397391,exact_ref,23813.713,1,0,413921,105963776
simless,6,2,enron_full_397391,exact_ref,23813.713,1,0,413921,105963776
simless,4,2,enron_full_397391,exact_ref,23813.713,1,0,413921,105963776
simless,6,2,enron_full_397879,exact_ref,26471.867,1,0,413921,105963776
simless,4,2,enron_full_397879,exact_ref,26471.867,1,0,413921,105963776
simless,5,2,enron_full_397879,exact_ref,26471.867,1,0,413921,105963776
simless,4,2,enron_full_398718,exact_ref,24240.019,1,0,413921,105963776
simless,5,2,enron_full_398718,exact_ref,24240.019,1,0,413921,105963776
simless,6,2,enron_full_398718,exact_ref,24240.019,1,0,413921,105963776
simless,5,2,enron_full_399591,no_exact_ref,24723.176,0,15,413921,105963776
simless,6,2,enron_full_399591,no_exact_ref,24723.176,0,15,413921,105963776
simless,4,2,enron_full_399591,no_exact_ref,24723.176,0,15,413921,105963776
simless,6,2,enron_full_399779,no_exact_ref,24619.477,0,69,413921,105963776
simless,4,2,enron_full_399779,no_exact_ref,24619.477,0,69,413921,105963776
simless,5,2,enron_full_399779,no_exact_ref,24619.477,0,69,413921,105963776
simless,4,2,enron_full_399917,no_exact_ref,25207.884,0,93,413921,105963776
simless,5,2,enron_full_399917,no_exact_ref,25207.884,0,93,413921,105963776
simless,6,2,enron_full_399917,no_exact_ref,25207.884,0,93,413921,105963776
simless,5,2,enron_full_400523,exact_ref,26286.981,1,0,413921,105963776
simless,6,2,enron_full_400523,exact_ref,26286.981,1,0,413921,105963776
simless,4,2,enron_full_400523,exact_ref,26286.981,1,0,413921,105963776
simless,6,2,enron_full_401763,no_exact_ref,25805.625,0,58,413921,105963776
simless,4,2,enron_full_401763,no_exact_ref,25805.625,0,58,413921,105963776
simless,5,2,enron_full_401763,no_exact_ref,25805.625,0,58,413921,105963776
simless,4,2,enron_full_401798,no_exact_ref,26244.228,0,48,413921,105963776
simless,5,2,enron_full_401798,no_exact_ref,26244.228,0,48,413921,105963776
simless,6,2,enron_full_401798,no_exact_ref,26244.228,0,48,413921,105963776
simless,5,2,enron_full_402233,exact_ref,27003.776,1,0,413921,105963776
simless,6,2,enron_full_402233,exact_ref,27003.776,1,0,413921,105963776
simless,4,2,enron_full_402233,exact_ref,27003.776,1,0,413921,105963776
simless,6,2,enron_full_402310,exact_ref,26061.117,1,0,413921,105963776
simless,4,2,enron_full_402310,exact_ref,26061.117,1,0,413921,105963776
simless,5,2,enron_full_402310,exact_ref,26061.117,1,0,413921,105963776
simless,4,2,enron_full_403001,exact_ref,26382.299,1,0,413921,105963776
simless,5,2,enron_full_403001,exact_ref,26382.299,1,0,413921,105963776
simless,6,2,enron_full_403001,exact_ref,26382.299,1,0,413921,105963776
simless,5,2,enron_full_403036,exact_ref,26034.225,1,0,413921,105963776
simless,6,2,enron_full_403036,exact_ref,26034.225,1,0,413921,105963776
simless,4,2,enron_full_403036,exact_ref,26034.225,1,0,413921,105963776
simless,6,2,enron_full_403180,exact_ref,25352.508,1,0,413921,105963776
simless,4,2,enron_full_403180,exact_ref,25352.508,1,0,413921,105963776
simless,5,2,enron_full_403180,exact_ref,25352.508,1,0,413921,105963776
simless,4,2,enron_full_404066,exact_ref,23963.709,1,0,413921,105963776
simless,5,2,enron_full_404066,exact_ref,23963.709,1,0,413921,105963776
simless,6,2,enron_full_404066,exact_ref,23963.709,1,0,413921,105963776
simless,5,2,enron_full_405218,exact_ref,24467.985,1,0,413921,105963776
simless,6,2,enron_full_405218,exact_ref,24467.985,1,0,413921,105963776
simless,4,2,enron_full_405218,exact_ref,24467.985,1,0,413921,105963776
simless,6,2,enron_full_405288,exact_ref,24738.244,1,0,413921,105963776
simless,4,2,enron_full_405288,exact_ref,24738.244,1,0,413921,105963776
simless,5,2,enron_full_405288,exact_ref,24738.244,1,0,413921,105963776
simless,4,2,enron_full_405421,exact_ref,25265.843,1,0,413921,105963776
simless,5,2,enron_full_405421,exact_ref,25265.843,1,0,413921,105963776
simless,6,2,enron_full_405421,exact_ref,25265.843,1,0,413921,105963776
simless,5,2,enron_full_406531,exact_ref,24384.970,1,0,413921,105963776
simless,6,2,enron_full_406531,exact_ref,24384.970,1,0,413921,105963776
simless,4,2,enron_full_406531,exact_ref,24384.970,1,0,413921,105963776
simless,6,2,enron_full_407210,exact_ref,23710.226,1,0,413921,105963776
simless,4,2,enron_full_407210,exact_ref,23710.226,1,0,413921,105963776
simless,5,2,enron_full_407210,exact_ref,23710.226,1,0,413921,105963776
simless,4,2,enron_full_407416,exact_ref,23700.837,1,0,413921,105963776
simless,5,2,enron_full_407416,exact_ref,23700.837,1,0,413921,105963776
simless,6,2,enron_full_407416,exact_ref,23700.837,1,0,413921,105963776
simless,5,2,enron_full_407459,exact_ref,24931.767,1,0,413921,105963776
simless,6,2,enron_full_407459,exact_ref,24931.767,1,0,413921,105963776
simless,4,2,enron_full_407459,exact_ref,24931.767,1,0,413921,105963776
simless,6,2,enron_full_407590,exact_ref,24916.513,1,0,413921,105963776
simless,4,2,enron_full_407590,exact_ref,24916.513,1,0,413921,105963776
simless,5,2,enron_full_407590,exact_ref,24916.513,1,0,413921,105963776
simless,4,2,enron_full_407747,exact_ref,25441.019,1,0,413921,105963776
simless,5,2,enron_full_407747,exact_ref,25441.019,1,0,413921,105963776
simless,6,2,enron_full_407747,exact_ref,25441.019,1,0,413921,105963776
simless,5,2,enron_full_408988,exact_ref,24666.913,1,0,413921,105963776
simless,6,2,enron_full_408988,exact_ref,24666.913,1,0,413921,105963776
simless,4,2,enron_full_408988,exact_ref,24666.913,1,0,413921,105963776
simless,6,2,enron_full_409260,exact_ref,27807.057,1,0,413921,105963776
simless,4,2,enron_full_409260,exact_ref,27807.057,1,0,413921,105963776
simless,5,2,enron_full_409260,exact_ref,27807.057,1,0,413921,105963776
simless,4,2,enron_full_409276,exact_ref,27185.881,1,0,413921,105963776
simless,5,2,enron_full_409276,exact_ref,27185.881,1,0,413921,105963776
simless,6,2,enron_full_409276,exact_ref,27185.881,1,0,413921,105963776
simless,5,2,enron_full_409720,exact_ref,25930.595,1,0,413921,105963776
simless,6,2,enron_full_409720,exact_ref,25930.595,1,0,413921,105963776
simless,4,2,enron_full_409720,exact_ref,25930.595,1,0,413921,105963776
simless,6,2,enron_full_409761,exact_ref,25837.384,1,0,413921,105963776
simless,4,2,enron_full_409761,exact_ref,25837.384,1,0,413921,105963776
simless,5,2,enron_full_409761,exact_ref,25837.384,1,0,413921,105963776
simless,4,2,enron_full_410980,no_exact_ref,26295.496,0,83,413921,105963776
simless,5,2,enron_full_410980,no_exact_ref,26295.496,0,83,413921,105963776
simless,6,2,enron_full_410980,no_exact_ref,26295.496,0,83,413921,105963776
simless,5,2,enron_full_411073,no_exact_ref,27467.201,0,71,413921,105963776
simless,6,2,enron_full_411073,no_exact_ref,27467.201,0,71,413921,105963776
simless,4,2,enron_full_411073,no_exact_ref,27467.201,0,71,413921,105963776
simless,6,2,enron_full_411853,exact_ref,26382.218,1,0,413921,105963776
simless,4,2,enron_full_411853,exact_ref,26382.218,1,0,413921,105963776
simless,5,2,enron_full_411853,exact_ref,26382.218,1,0,413921,105963776
simless,4,2,enron_full_412435,exact_ref,29205.984,1,0,413921,105963776
simless,5,2,enron_full_412435,exact_ref,29205.984,1,0,413921,105963776
simless,6,2,enron_full_412435,exact_ref,29205.984,1,0,413921,105963776
simless,5,2,enron_full_412836,exact_ref,28100.060,1,0,413921,105963776
simless,6,2,enron_full_412836,exact_ref,28100.060,1,0,413921,105963776
simless,4,2,enron_full_412836,exact_ref,28100.060,1,0,413921,105963776
simless,6,2,enron_full_414414,exact_ref,26623.351,1,0,413921,105963776
simless,4,2,enron_full_414414,exact_ref,26623.351,1,0,413921,105963776
simless,5,2,enron_full_414414,exact_ref,26623.351,1,0,413921,105963776
simless,4,2,enron_full_414620,exact_ref,25225.576,1,0,413921,105963776
simless,5,2,enron_full_414620,exact_ref,25225.576,1,0,413921,105963776
simless,6,2,enron_full_414620,exact_ref,25225.576,1,0,413921,105963776
simless,5,2,enron_full_414624,no_exact_ref,25441.743,0,91,413921,105963776
simless,6,2,enron_full_414624,no_exact_ref,25441.743,0,91,413921,105963776
simless,4,2,enron_full_414624,no_exact_ref,25441.743,0,91,413921,105963776
simless,6,2,enron_full_415032,exact_ref,24924.741,1,0,413921,105963776
simless,4,2,enron_full_415032,exact_ref,24924.741,1,0,413921,105963776
simless,5,2,enron_full_415032,exact_ref,24924.741,1,0,413921,105963776
simless,4,2,enron_full_415416,exact_ref,27426.009,1,0,413921,105963776
simless,5,2,enron_full_415416,exact_ref,27426.009,1,0,413921,105963776
simless,6,2,enron_full_415416,exact_ref,27426.009,1,0,413921,105963776
simless,5,2,enron_full_415425,exact_ref,27286.544,1,0,413921,105963776
simless,6,2,enron_full_415425,exact_ref,27286.544,1,0,413921,105963776
simless,4,2,enron_full_415425,exact_ref,27286.544,1,0,413921,105963776
simless,6,2,enron_full_415589,exact_ref,26961.302,1,0,413921,105963776
simless,4,2,enron_full_415589,exact_ref,26961.302,1,0,413921,105963776
simless,5,2,enron_full_415589,exact_ref,26961.302,1,0,413921,105963776
simless,4,2,enron_full_416173,no_exact_ref,25692.594,0,92,413921,105963776
simless,5,2,enron_full_416173,no_exact_ref,25692.594,0,92,413921,105963776
simless,6,2,enron_full_416173,no_exact_ref,25692.594,0,92,413921,105963776
simless,5,2,enron_full_416275,no_exact_ref,25872.946,0,94,413921,105963776
simless,6,2,enron_full_416275,no_exact_ref,25872.946,0,94,413921,105963776
simless,4,2,enron_full_416275,no_exact_ref,25872.946,0,94,413921,105963776
simless,6,2,enron_full_417397,exact_ref,25999.605,1,0,413921,105963776
simless,4,2,enron_full_417397,exact_ref,25999.605,1,0,413921,105963776
simless,5,2,enron_full_417397,exact_ref,25999.605,1,0,413921,105963776
simless,4,2,enron_full_418145,exact_ref,26568.239,1,0,413921,105963776
simless,5,2,enron_full_418145,exact_ref,26568.239,1,0,413921,105963776
simless,6,2,enron_full_418145,exact_ref,26568.239,1,0,413921,105963776
simless,5,2,enron_full_418173,exact_ref,26199.976,1,0,413921,105963776
simless,6,2,enron_full_418173,exact_ref,26199.976,1,0,413921,105963776
simless,4,2,enron_full_418173,exact_ref,26199.976,1,0,413921,105963776
simless,6,2,enron_full_418938,exact_ref,26028.133,1,0,413921,105963776
simless,4,2,enron_full_418938,exact_ref,26028.133,1,0,413921,105963776
simless,5,2,enron_full_418938,exact_ref,26028.133,1,0,413921,105963776
simless,4,2,enron_full_419715,exact_ref,27219.180,1,0,413921,105963776
simless,5,2,enron_full_419715,exact_ref,27219.180,1,0,413921,105963776
simless,6,2,enron_full_419715,exact_ref,27219.180,1,0,413921,105963776
simless,5,2,enron_full_419787,exact_ref,25081.452,1,0,413921,105963776
simless,6,2,enron_full_419787,exact_ref,25081.452,1,0,413921,105963776
simless,4,2,enron_full_419787,exact_ref,25081.452,1,0,413921,105963776
simless,6,2,enron_full_419936,exact_ref,25406.361,1,0,413921,105963776
simless,4,2,enron_full_419936,exact_ref,25406.361,1,0,413921,105963776
simless,5,2,enron_full_419936,exact_ref,25406.361,1,0,413921,105963776
simless,4,2,enron_full_419992,exact_ref,25043.947,1,0,413921,105963776
simless,5,2,enron_full_419992,exact_ref,25043.947,1,0,413921,105963776
simless,6,2,enron_full_419992,exact_ref,25043.947,1,0,413921,105963776
simless,5,2,enron_full_420340,exact_ref,26139.711,1,0,413921,105963776
simless,6,2,enron_full_420340,exact_ref,26139.711,1,0,413921,105963776
simless,4,2,enron_full_420340,exact_ref,26139.711,1,0,413921,105963776
simless,6,2,enron_full_420635,exact_ref,29673.371,1,0,413921,105963776
simless,4,2,enron_full_420635,exact_ref,29673.371,1,0,413921,105963776
simless,5,2,enron_full_420635,exact_ref,29673.371,1,0,413921,105963776
simless,4,2,enron_full_421070,no_exact_ref,27012.208,0,94,413921,105963776
simless,5,2,enron_full_421070,no_exact_ref,27012.208,0,94,413921,105963776
simless,6,2,enron_full_421070,no_exact_ref,27012.208,0,94,413921,105963776
simless,5,2,enron_full_421581,no_exact_ref,26831.213,0,39,413921,105963776
simless,6,2,enron_full_421581,no_exact_ref,26831.213,0,39,413921,105963776
simless,4,2,enron_full_421581,no_exact_ref,26831.213,0,39,413921,105963776
simless,6,2,enron_full_421659,no_exact_ref,28066.311,0,86,413921,105963776
simless,4,2,enron_full_421659,no_exact_ref,28066.311,0,86,413921,105963776
simless,5,2,enron_full_421659,no_exact_ref,28066.311,0,86,413921,105963776
simless,4,2,enron_full_422214,no_exact_ref,26123.263,0,69,413921,105963776
simless,5,2,enron_full_422214,no_exact_ref,26123.263,0,69,413921,105963776
simless,6,2,enron_full_422214,no_exact_ref,26123.263,0,69,413921,105963776
simless,5,2,enron_full_422408,exact_ref,25099.836,1,0,413921,105963776
simless,6,2,enron_full_422408,exact_ref,25099.836,1,0,413921,105963776
simless,4,2,enron_full_422408,exact_ref,25099.836,1,0,413921,105963776
simless,6,2,enron_full_423045,exact_ref,25607.751,1,0,413921,105963776
simless,4,2,enron_full_423045,exact_ref,25607.751,1,0,413921,105963776
simless,5,2,enron_full_423045,exact_ref,25607.751,1,0,413921,105963776
simless,4,2,enron_full_423694,exact_ref,25667.764,1,0,413921,105963776
simless,5,2,enron_full_423694,exact_ref,25667.764,1,0,413921,105963776
simless,6,2,enron_full_423694,exact_ref,25667.764,1,0,413921,105963776
simless,5,2,enron_full_423789,exact_ref,25733.186,1,0,413921,105963776
simless,6,2,enron_full_423789,exact_ref,25733.186,1,0,413921,105963776
simless,4,2,enron_full_423789,exact_ref,25733.186,1,0,413921,105963776
simless,6,2,enron_full_424183,no_exact_ref,26144.284,1,0,413921,105963776
simless,4,2,enron_full_424183,no_exact_ref,26144.284,1,0,413921,105963776
simless,5,2,enron_full_424183,no_exact_ref,26144.284,1,0,413921,105963776
simless,4,2,enron_full_424691,exact_ref,25301.599,1,0,413921,105963776
simless,5,2,enron_full_424691,exact_ref,25301.599,1,0,413921,105963776
simless,6,2,enron_full_424691,exact_ref,25301.599,1,0,413921,105963776
simless,5,2,enron_full_425035,exact_ref,25483.631,1,0,413921,105963776
simless,6,2,enron_full_425035,exact_ref,25483.631,1,0,413921,105963776
simless,4,2,enron_full_425035,exact_ref,25483.631,1,0,413921,105963776
simless,6,2,enron_full_425166,exact_ref,24946.648,1,0,413921,105963776
simless,4,2,enron_full_425166,exact_ref,24946.648,1,0,413921,105963776
simless,5,2,enron_full_425166,exact_ref,24946.648,1,0,413921,105963776
simless,4,2,enron_full_425789,exact_ref,25081.807,1,0,413921,105963776
simless,5,2,enron_full_425789,exact_ref,25081.807,1,0,413921,105963776
simless,6,2,enron_full_425789,exact_ref,25081.807,1,0,413921,105963776
simless,5,2,enron_full_426054,exact_ref,28411.766,1,0,413921,105963776
simless,6,2,enron_full_426054,exact_ref,28411.766,1,0,413921,105963776
simless,4,2,enron_full_426054,exact_ref,28411.766,1,0,413921,105963776
simless,6,2,enron_full_426288,exact_ref,29447.253,1,0,413921,105963776
simless,4,2,enron_full_426288,exact_ref,29447.253,1,0,413921,105963776
simless,5,2,enron_full_426288,exact_ref,29447.253,1,0,413921,105963776
simless,4,2,enron_full_427733,exact_ref,26046.283,1,0,413921,105963776
simless,5,2,enron_full_427733,exact_ref,26046.283,1,0,413921,105963776
simless,6,2,enron_full_427733,exact_ref,26046.283,1,0,413921,105963776
simless,5,2,enron_full_428515,exact_ref,25652.801,1,0,413921,105963776
simless,6,2,enron_full_428515,exact_ref,25652.801,1,0,413921,105963776
simless,4,2,enron_full_428515,exact_ref,25652.801,1,0,413921,105963776
simless,6,2,enron_full_428895,exact_ref,27523.669,1,0,413921,105963776
simless,4,2,enron_full_428895,exact_ref,27523.669,1,0,413921,105963776
simless,5,2,enron_full_428895,exact_ref,27523.669,1,0,413921,105963776
simless,4,2,enron_full_429441,no_exact_ref,27532.490,0,90,413921,105963776
simless,5,2,enron_full_429441,no_exact_ref,27532.490,0,90,413921,105963776
simless,6,2,enron_full_429441,no_exact_ref,27532.490,0,90,413921,105963776
simless,5,2,enron_full_429986,no_exact_ref,25879.761,0,41,413921,105963776
simless,6,2,enron_full_429986,no_exact_ref,25879.761,0,41,413921,105963776
simless,4,2,enron_full_429986,no_exact_ref,25879.761,0,41,413921,105963776
simless,6,2,enron_full_430065,no_exact_ref,24849.021,0,56,413921,105963776
simless,4,2,enron_full_430065,no_exact_ref,24849.021,0,56,413921,105963776
simless,5,2,enron_full_430065,no_exact_ref,24849.021,0,56,413921,105963776
simless,4,2,enron_full_430260,no_exact_ref,25731.030,0,7,413921,105963776
simless,5,2,enron_full_430260,no_exact_ref,25731.030,0,7,413921,105963776
simless,6,2,enron_full_430260,no_exact_ref,25731.030,0,7,413921,105963776
simless,5,2,enron_full_430592,no_exact_ref,27793.967,0,93,413921,105963776
simless,6,2,enron_full_430592,no_exact_ref,27793.967,0,93,413921,105963776
simless,4,2,enron_full_430592,no_exact_ref,27793.967,0,93,413921,105963776
simless,6,2,enron_full_431423,no_exact_ref,26909.156,0,85,413921,105963776
simless,4,2,enron_full_431423,no_exact_ref,26909.156,0,85,413921,105963776
simless,5,2,enron_full_431423,no_exact_ref,26909.156,0,85,413921,105963776
simless,4,2,enron_full_432116,exact_ref,28111.257,1,0,413921,105963776
simless,5,2,enron_full_432116,exact_ref,28111.257,1,0,413921,105963776
simless,6,2,enron_full_432116,exact_ref,28111.257,1,0,413921,105963776
simless,5,2,enron_full_432508,exact_ref,27124.943,1,0,413921,105963776
simless,6,2,enron_full_432508,exact_ref,27124.943,1,0,413921,105963776
simless,4,2,enron_full_432508,exact_ref,27124.943,1,0,413921,105963776
simless,6,2,enron_full_433686,exact_ref,27976.557,1,0,413921,105963776
simless,4,2,enron_full_433686,exact_ref,27976.557,1,0,413921,105963776
simless,5,2,enron_full_433686,exact_ref,27976.557,1,0,413921,105963776
simless,4,2,enron_full_433711,exact_ref,27630.139,1,0,413921,105963776
simless,5,2,enron_full_433711,exact_ref,27630.139,1,0,413921,105963776
simless,6,2,enron_full_433711,exact_ref,27630.139,1,0,413921,105963776
simless,5,2,enron_full_433823,exact_ref,26396.889,1,0,413921,105963776
simless,6,2,enron_full_433823,exact_ref,26396.889,1,0,413921,105963776
simless,4,2,enron_full_433823,exact_ref,26396.889,1,0,413921,105963776
simless,6,2,enron_full_434515,exact_ref,25849.411,1,0,413921,105963776
simless,4,2,enron_full_434515,exact_ref,25849.411,1,0,413921,105963776
simless,5,2,enron_full_434515,exact_ref,25849.411,1,0,413921,105963776
simless,4,2,enron_full_434661,exact_ref,25574.078,1,0,413921,105963776
simless,5,2,enron_full_434661,exact_ref,25574.078,1,0,413921,105963776
simless,6,2,enron_full_434661,exact_ref,25574.078,1,0,413921,105963776
simless,5,2,enron_full_435743,exact_ref,25747.729,1,0,413921,105963776
simless,6,2,enron_full_435743,exact_ref,25747.729,1,0,413921,105963776
simless,4,2,enron_full_435743,exact_ref,25747.729,1,0,413921,105963776
simless,6,2,enron_full_436019,no_exact_ref,25045.042,0,76,413921,105963776
simless,4,2,enron_full_436019,no_exact_ref,25045.042,0,76,413921,105963776
simless,5,2,enron_full_436019,no_exact_ref,25045.042,0,76,413921,105963776
simless,4,2,enron_full_436309,no_exact_ref,25342.387,0,46,413921,105963776
simless,5,2,enron_full_436309,no_exact_ref,25342.387,0,46,413921,105963776
simless,6,2,enron_full_436309,no_exact_ref,25342.387,0,46,413921,105963776
simless,5,2,enron_full_436431,no_exact_ref,25206.892,0,15,413921,105963776
simless,6,2,enron_full_436431,no_exact_ref,25206.892,0,15,413921,105963776
simless,4,2,enron_full_436431,no_exact_ref,25206.892,0,15,413921,105963776
simless,6,2,enron_full_436454,no_exact_ref,25656.934,0,50,413921,105963776
simless,4,2,enron_full_436454,no_exact_ref,25656.934,0,50,413921,105963776
simless,5,2,enron_full_436454,no_exact_ref,25656.934,0,50,413921,105963776
simless,4,2,enron_full_437873,exact_ref,24909.718,1,0,413921,105963776
simless,5,2,enron_full_437873,exact_ref,24909.718,1,0,413921,105963776
simless,6,2,enron_full_437873,exact_ref,24909.718,1,0,413921,105963776
simless,5,2,enron_full_439573,no_exact_ref,25481.274,0,24,413921,105963776
simless,6,2,enron_full_439573,no_exact_ref,25481.274,0,24,413921,105963776
simless,4,2,enron_full_439573,no_exact_ref,25481.274,0,24,413921,105963776
simless,6,2,enron_full_440276,no_exact_ref,24398.197,0,90,413921,105963776
simless,4,2,enron_full_440276,no_exact_ref,24398.197,0,90,413921,105963776
simless,5,2,enron_full_440276,no_exact_ref,24398.197,0,90,413921,105963776
simless,4,2,enron_full_440707,exact_ref,25761.819,1,0,413921,105963776
simless,5,2,enron_full_440707,exact_ref,25761.819,1,0,413921,105963776
simless,6,2,enron_full_440707,exact_ref,25761.819,1,0,413921,105963776
simless,5,2,enron_full_441744,exact_ref,25932.343,1,0,413921,105963776
simless,6,2,enron_full_441744,exact_ref,25932.343,1,0,413921,105963776
simless,4,2,enron_full_441744,exact_ref,25932.343,1,0,413921,105963776
simless,6,2,enron_full_442093,exact_ref,26803.591,1,0,413921,105963776
simless,4,2,enron_full_442093,exact_ref,26803.591,1,0,413921,105963776
simless,5,2,enron_full_442093,exact_ref,26803.591,1,0,413921,105963776
simless,4,2,enron_full_442322,no_exact_ref,26526.662,0,60,413921,105963776
simless,5,2,enron_full_442322,no_exact_ref,26526.662,0,60,413921,105963776
simless,6,2,enron_full_442322,no_exact_ref,26526.662,0,60,413921,105963776
simless,5,2,enron_full_442524,exact_ref,25021.218,1,0,413921,105963776
simless,6,2,enron_full_442524,exact_ref,25021.218,1,0,413921,105963776
simless,4,2,enron_full_442524,exact_ref,25021.218,1,0,413921,105963776
simless,6,2,enron_full_442558,exact_ref,25568.933,1,0,413921,105963776
simless,4,2,enron_full_442558,exact_ref,25568.933,1,0,413921,105963776
simless,5,2,enron_full_442558,exact_ref,25568.933,1,0,413921,105963776
simless,4,2,enron_full_442662,exact_ref,25286.903,1,0,413921,105963776
simless,5,2,enron_full_442662,exact_ref,25286.903,1,0,413921,105963776
simless,6,2,enron_full_442662,exact_ref,25286.903,1,0,413921,105963776
simless,5,2,enron_full_442954,exact_ref,26419.701,1,0,413921,105963776
simless,6,2,enron_full_442954,exact_ref,26419.701,1,0,413921,105963776
simless,4,2,enron_full_442954,exact_ref,26419.701,1,0,413921,105963776
simless,6,2,enron_full_443309,exact_ref,25697.811,1,0,413921,105963776
simless,4,2,enron_full_443309,exact_ref,25697.811,1,0,413921,105963776
simless,5,2,enron_full_443309,exact_ref,25697.811,1,0,413921,105963776
simless,4,2,enron_full_443772,exact_ref,26132.881,1,0,413921,105963776
simless,5,2,enron_full_443772,exact_ref,26132.881,1,0,413921,105963776
simless,6,2,enron_full_443772,exact_ref,26132.881,1,0,413921,105963776
simless,5,2,enron_full_444240,exact_ref,25056.902,1,0,413921,105963776
simless,6,2,enron_full_444240,exact_ref,25056.902,1,0,413921,105963776
simless,4,2,enron_full_444240,exact_ref,25056.902,1,0,413921,105963776
simless,6,2,enron_full_445163,no_exact_ref,24738.341,0,81,413921,105963776
simless,4,2,enron_full_445163,no_exact_ref,24738.341,0,81,413921,105963776
simless,5,2,enron_full_445163,no_exact_ref,24738.341,0,81,413921,105963776
simless,4,2,enron_full_445774,exact_ref,23702.638,1,0,413921,105963776
simless,5,2,enron_full_445774,exact_ref,23702.638,1,0,413921,105963776
simless,6,2,enron_full_445774,exact_ref,23702.638,1,0,413921,105963776
simless,5,2,enron_full_445830,no_exact_ref,25280.202,0,63,413921,105963776
simless,6,2,enron_full_445830,no_exact_ref,25280.202,0,63,413921,105963776
simless,4,2,enron_full_445830,no_exact_ref,25280.202,0,63,413921,105963776
simless,6,2,enron_full_446457,no_exact_ref,24014.247,0,10,413921,105963776
simless,4,2,enron_full_446457,no_exact_ref,24014.247,0,10,413921,105963776
simless,5,2,enron_full_446457,no_exact_ref,24014.247,0,10,413921,105963776
simless,4,2,enron_full_447336,exact_ref,24638.906,1,0,413921,105963776
simless,5,2,enron_full_447336,exact_ref,24638.906,1,0,413921,105963776
simless,6,2,enron_full_447336,exact_ref,24638.906,1,0,413921,105963776
simless,5,2,enron_full_447596,no_exact_ref,27628.835,0,43,413921,105963776
simless,6,2,enron_full_447596,no_exact_ref,27628.835,0,43,413921,105963776
simless,4,2,enron_full_447596,no_exact_ref,27628.835,0,43,413921,105963776
simless,6,2,enron_full_448246,exact_ref,27242.461,1,0,413921,105963776
simless,4,2,enron_full_448246,exact_ref,27242.461,1,0,413921,105963776
simless,5,2,enron_full_448246,exact_ref,27242.461,1,0,413921,105963776
simless,4,2,enron_full_448315,no_exact_ref,27755.319,1,0,413921,105963776
simless,5,2,enron_full_448315,no_exact_ref,27755.319,1,0,413921,105963776
simless,6,2,enron_full_448315,no_exact_ref,27755.319,1,0,413921,105963776
simless,5,2,enron_full_448897,exact_ref,25190.852,1,0,413921,105963776
simless,6,2,enron_full_448897,exact_ref,25190.852,1,0,413921,105963776
simless,4,2,enron_full_448897,exact_ref,25190.852,1,0,413921,105963776
simless,6,2,enron_full_449771,no_exact_ref,24448.345,0,91,413921,105963776
simless,4,2,enron_full_449771,no_exact_ref,24448.345,0,91,413921,105963776
simless,5,2,enron_full_449771,no_exact_ref,24448.345,0,91,413921,105963776
simless,4,2,enron_full_450293,exact_ref,24424.614,1,0,413921,105963776
simless,5,2,enron_full_450293,exact_ref,24424.614,1,0,413921,105963776
simless,6,2,enron_full_450293,exact_ref,24424.614,1,0,413921,105963776
simless,5,2,enron_full_450584,no_exact_ref,24674.574,0,30,413921,105963776
simless,6,2,enron_full_450584,no_exact_ref,24674.574,0,30,413921,105963776
simless,4,2,enron_full_450584,no_exact_ref,24674.574,0,30,413921,105963776
simless,6,2,enron_full_451624,exact_ref,24518.876,1,0,413921,105963776
simless,4,2,enron_full_451624,exact_ref,24518.876,1,0,413921,105963776
simless,5,2,enron_full_451624,exact_ref,24518.876,1,0,413921,105963776
simless,4,2,enron_full_451708,exact_ref,25263.957,1,0,413921,105963776
simless,5,2,enron_full_451708,exact_ref,25263.957,1,0,413921,105963776
simless,6,2,enron_full_451708,exact_ref,25263.957,1,0,413921,105963776
simless,5,2,enron_full_451980,no_exact_ref,25716.146,0,28,413921,105963776
simless,6,2,enron_full_451980,no_exact_ref,25716.146,0,28,413921,105963776
simless,4,2,enron_full_451980,no_exact_ref,25716.146,0,28,413921,105963776
simless,6,2,enron_full_452075,exact_ref,24418.008,1,0,413921,105963776
simless,4,2,enron_full_452075,exact_ref,24418.008,1,0,413921,105963776
simless,5,2,enron_full_452075,exact_ref,24418.008,1,0,413921,105963776
simless,4,2,enron_full_452624,exact_ref,25176.298,1,0,413921,105963776
simless,5,2,enron_full_452624,exact_ref,25176.298,1,0,413921,105963776
simless,6,2,enron_full_452624,exact_ref,25176.298,1,0,413921,105963776
simless,5,2,enron_full_452665,exact_ref,24345.611,1,0,413921,105963776
simless,6,2,enron_full_452665,exact_ref,24345.611,1,0,413921,105963776
simless,4,2,enron_full_452665,exact_ref,24345.611,1,0,413921,105963776
simless,6,2,enron_full_453158,exact_ref,25868.509,1,0,413921,105963776
simless,4,2,enron_full_453158,exact_ref,25868.509,1,0,413921,105963776
simless,5,2,enron_full_453158,exact_ref,25868.509,1,0,413921,105963776
simless,4,2,enron_full_453577,exact_ref,26686.412,1,0,413921,105963776
simless,5,2,enron_full_453577,exact_ref,26686.412,1,0,413921,105963776
simless,6,2,enron_full_453577,exact_ref,26686.412,1,0,413921,105963776
simless,5,2,enron_full_455974,no_exact_ref,26569.674,1,3,413921,105963776
simless,6,2,enron_full_455974,no_exact_ref,26569.674,1,3,413921,105963776
simless,4,2,enron_full_455974,no_exact_ref,26569.674,1,3,413921,105963776
simless,6,2,enron_full_456283,no_exact_ref,26355.168,0,81,413921,105963776
simless,4,2,enron_full_456283,no_exact_ref,26355.168,0,81,413921,105963776
simless,5,2,enron_full_456283,no_exact_ref,26355.168,0,81,413921,105963776
simless,4,2,enron_full_458074,no_exact_ref,26059.018,0,91,413921,105963776
simless,5,2,enron_full_458074,no_exact_ref,26059.018,0,91,413921,105963776
simless,6,2,enron_full_458074,no_exact_ref,26059.018,0,91,413921,105963776
simless,5,2,enron_full_458660,no_exact_ref,25319.938,0,84,413921,105963776
simless,6,2,enron_full_458660,no_exact_ref,25319.938,0,84,413921,105963776
simless,4,2,enron_full_458660,no_exact_ref,25319.938,0,84,413921,105963776
simless,6,2,enron_full_459917,no_exact_ref,23756.587,0,92,413921,105963776
simless,4,2,enron_full_459917,no_exact_ref,23756.587,0,92,413921,105963776
simless,5,2,enron_full_459917,no_exact_ref,23756.587,0,92,413921,105963776
simless,4,2,enron_full_459959,no_exact_ref,25022.811,0,91,413921,105963776
simless,5,2,enron_full_459959,no_exact_ref,25022.811,0,91,413921,105963776
simless,6,2,enron_full_459959,no_exact_ref,25022.811,0,91,413921,105963776
simless,5,2,enron_full_460573,exact_ref,24442.611,1,0,413921,105963776
simless,6,2,enron_full_460573,exact_ref,24442.611,1,0,413921,105963776
simless,4,2,enron_full_460573,exact_ref,24442.611,1,0,413921,105963776
simless,6,2,enron_full_461053,exact_ref,25026.923,1,0,413921,105963776
simless,4,2,enron_full_461053,exact_ref,25026.923,1,0,413921,105963776
simless,5,2,enron_full_461053,exact_ref,25026.923,1,0,413921,105963776
simless,4,2,enron_full_461203,no_exact_ref,23889.907,0,54,413921,105963776
simless,5,2,enron_full_461203,no_exact_ref,23889.907,0,54,413921,105963776
simless,6,2,enron_full_461203,no_exact_ref,23889.907,0,54,413921,105963776
simless,5,2,enron_full_461474,no_exact_ref,25436.260,0,85,413921,105963776
simless,6,2,enron_full_461474,no_exact_ref,25436.260,0,85,413921,105963776
simless,4,2,enron_full_461474,no_exact_ref,25436.260,0,85,413921,105963776
simless,6,2,enron_full_461621,exact_ref,24000.485,1,0,413921,105963776
simless,4,2,enron_full_461621,exact_ref,24000.485,1,0,413921,105963776
simless,5,2,enron_full_461621,exact_ref,24000.485,1,0,413921,105963776
simless,4,2,enron_full_461648,exact_ref,25023.552,1,0,413921,105963776
simless,5,2,enron_full_461648,exact_ref,25023.552,1,0,413921,105963776
simless,6,2,enron_full_461648,exact_ref,25023.552,1,0,413921,105963776
simless,5,2,enron_full_461948,exact_ref,23953.435,1,0,413921,105963776
simless,6,2,enron_full_461948,exact_ref,23953.435,1,0,413921,105963776
simless,4,2,enron_full_461948,exact_ref,23953.435,1,0,413921,105963776
simless,6,2,enron_full_462616,exact_ref,26701.299,1,0,413921,105963776
simless,4,2,enron_full_462616,exact_ref,26701.299,1,0,413921,105963776
simless,5,2,enron_full_462616,exact_ref,26701.299,1,0,413921,105963776
simless,4,2,enron_full_463151,exact_ref,26896.463,1,0,413921,105963776
simless,5,2,enron_full_463151,exact_ref,26896.463,1,0,413921,105963776
simless,6,2,enron_full_463151,exact_ref,26896.463,1,0,413921,105963776
simless,5,2,enron_full_463936,exact_ref,26131.924,1,0,413921,105963776
simless,6,2,enron_full_463936,exact_ref,26131.924,1,0,413921,105963776
simless,4,2,enron_full_463936,exact_ref,26131.924,1,0,413921,105963776
simless,6,2,enron_full_463955,exact_ref,25171.778,1,0,413921,105963776
simless,4,2,enron_full_463955,exact_ref,25171.778,1,0,413921,105963776
simless,5,2,enron_full_463955,exact_ref,25171.778,1,0,413921,105963776
simless,4,2,enron_full_463976,exact_ref,24676.809,1,0,413921,105963776
simless,5,2,enron_full_463976,exact_ref,24676.809,1,0,413921,105963776
simless,6,2,enron_full_463976,exact_ref,24676.809,1,0,413921,105963776
simless,5,2,enron_full_465574,exact_ref,24650.112,1,0,413921,105963776
simless,6,2,enron_full_465574,exact_ref,24650.112,1,0,413921,105963776
simless,4,2,enron_full_465574,exact_ref,24650.112,1,0,413921,105963776
simless,6,2,enron_full_466018,exact_ref,24899.694,1,0,413921,105963776
simless,4,2,enron_full_466018,exact_ref,24899.694,1,0,413921,105963776
simless,5,2,enron_full_466018,exact_ref,24899.694,1,0,413921,105963776
simless,4,2,enron_full_466387,exact_ref,24081.101,1,0,413921,105963776
simless,5,2,enron_full_466387,exact_ref,24081.101,1,0,413921,105963776
simless,6,2,enron_full_466387,exact_ref,24081.101,1,0,413921,105963776
simless,5,2,enron_full_466533,exact_ref,24504.909,1,0,413921,105963776
simless,6,2,enron_full_466533,exact_ref,24504.909,1,0,413921,105963776
simless,4,2,enron_full_466533,exact_ref,24504.909,1,0,413921,105963776
simless,6,2,enron_full_466708,exact_ref,26109.659,1,0,413921,105963776
simless,4,2,enron_full_466708,exact_ref,26109.659,1,0,413921,105963776
simless,5,2,enron_full_466708,exact_ref,26109.659,1,0,413921,105963776
simless,4,2,enron_full_467278,exact_ref,26356.600,1,0,413921,105963776
simless,5,2,enron_full_467278,exact_ref,26356.600,1,0,413921,105963776
simless,6,2,enron_full_467278,exact_ref,26356.600,1,0,413921,105963776
simless,5,2,enron_full_467576,exact_ref,25064.140,1,0,413921,105963776
simless,6,2,enron_full_467576,exact_ref,25064.140,1,0,413921,105963776
simless,4,2,enron_full_467576,exact_ref,25064.140,1,0,413921,105963776
simless,6,2,enron_full_467913,exact_ref,27193.955,1,0,413921,105963776
simless,4,2,enron_full_467913,exact_ref,27193.955,1,0,413921,105963776
simless,5,2,enron_full_467913,exact_ref,27193.955,1,0,413921,105963776
simless,4,2,enron_full_468001,exact_ref,27072.496,1,0,413921,105963776
simless,5,2,enron_full_468001,exact_ref,27072.496,1,0,413921,105963776
simless,6,2,enron_full_468001,exact_ref,27072.496,1,0,413921,105963776
simless,5,2,enron_full_468241,exact_ref,26823.668,1,0,413921,105963776
simless,6,2,enron_full_468241,exact_ref,26823.668,1,0,413921,105963776
simless,4,2,enron_full_468241,exact_ref,26823.668,1,0,413921,105963776
simless,6,2,enron_full_468948,exact_ref,26445.720,1,0,413921,105963776
simless,4,2,enron_full_468948,exact_ref,26445.720,1,0,413921,105963776
simless,5,2,enron_full_468948,exact_ref,26445.720,1,0,413921,105963776
simless,4,2,enron_full_469104,exact_ref,26605.840,1,0,413921,105963776
simless,5,2,enron_full_469104,exact_ref,26605.840,1,0,413921,105963776
simless,6,2,enron_full_469104,exact_ref,26605.840,1,0,413921,105963776
simless,5,2,enron_full_469441,exact_ref,25515.496,1,0,413921,105963776
simless,6,2,enron_full_469441,exact_ref,25515.496,1,0,413921,105963776
simless,4,2,enron_full_469441,exact_ref,25515.496,1,0,413921,105963776
simless,6,2,enron_full_470510,exact_ref,25458.631,1,0,413921,105963776
simless,4,2,enron_full_470510,exact_ref,25458.631,1,0,413921,105963776
simless,5,2,enron_full_470510,exact_ref,25458.631,1,0,413921,105963776
simless,4,2,enron_full_471172,exact_ref,24640.057,1,0,413921,105963776
simless,5,2,enron_full_471172,exact_ref,24640.057,1,0,413921,105963776
simless,6,2,enron_full_471172,exact_ref,24640.057,1,0,413921,105963776
simless,5,2,enron_full_472398,exact_ref,25906.102,1,0,413921,105963776
simless,6,2,enron_full_472398,exact_ref,25906.102,1,0,413921,105963776
simless,4,2,enron_full_472398,exact_ref,25906.102,1,0,413921,105963776
simless,6,2,enron_full_473353,exact_ref,24717.222,1,0,413921,105963776
simless,4,2,enron_full_473353,exact_ref,24717.222,1,0,413921,105963776
simless,5,2,enron_full_473353,exact_ref,24717.222,1,0,413921,105963776
simless,4,2,enron_full_473987,no_exact_ref,25598.637,0,88,413921,105963776
simless,5,2,enron_full_473987,no_exact_ref,25598.637,0,88,413921,105963776
simless,6,2,enron_full_473987,no_exact_ref,25598.637,0,88,413921,105963776
simless,5,2,enron_full_474902,exact_ref,24515.932,1,0,413921,105963776
simless,6,2,enron_full_474902,exact_ref,24515.932,1,0,413921,105963776
simless,4,2,enron_full_474902,exact_ref,24515.932,1,0,413921,105963776
simless,6,2,enron_full_476646,exact_ref,25576.439,1,0,413921,105963776
simless,4,2,enron_full_476646,exact_ref,25576.439,1,0,413921,105963776
simless,5,2,enron_full_476646,exact_ref,25576.439,1,0,413921,105963776
simless,4,2,enron_full_476866,exact_ref,26657.179,1,0,413921,105963776
simless,5,2,enron_full_476866,exact_ref,26657.179,1,0,413921,105963776
simless,6,2,enron_full_476866,exact_ref,26657.179,1,0,413921,105963776
simless,5,2,enron_full_476952,exact_ref,26480.874,1,0,413921,105963776
simless,6,2,enron_full_476952,exact_ref,26480.874,1,0,413921,105963776
simless,4,2,enron_full_476952,exact_ref,26480.874,1,0,413921,105963776
simless,6,2,enron_full_478933,no_exact_ref,24835.804,0,68,413921,105963776
simless,4,2,enron_full_478933,no_exact_ref,24835.804,0,68,413921,105963776
simless,5,2,enron_full_478933,no_exact_ref,24835.804,0,68,413921,105963776
simless,4,2,enron_full_479947,no_exact_ref,27942.537,0,90,413921,105963776
simless,5,2,enron_full_479947,no_exact_ref,27942.537,0,90,413921,105963776
simless,6,2,enron_full_479947,no_exact_ref,27942.537,0,90,413921,105963776
simless,5,2,enron_full_480468,no_exact_ref,27294.475,0,58,413921,105963776
simless,6,2,enron_full_480468,no_exact_ref,27294.475,0,58,413921,105963776
simless,4,2,enron_full_480468,no_exact_ref,27294.475,0,58,413921,105963776
simless,6,2,enron_full_480848,exact_ref,26020.730,1,0,413921,105963776
simless,4,2,enron_full_480848,exact_ref,26020.730,1,0,413921,105963776
simless,5,2,enron_full_480848,exact_ref,26020.730,1,0,413921,105963776
simless,4,2,enron_full_481384,exact_ref,26069.241,1,0,413921,105963776
simless,5,2,enron_full_481384,exact_ref,26069.241,1,0,413921,105963776
simless,6,2,enron_full_481384,exact_ref,26069.241,1,0,413921,105963776
simless,5,2,enron_full_481691,exact_ref,24471.995,1,0,413921,105963776
simless,6,2,enron_full_481691,exact_ref,24471.995,1,0,413921,105963776
simless,4,2,enron_full_481691,exact_ref,24471.995,1,0,413921,105963776
simless,6,2,enron_full_481940,exact_ref,25707.674,1,0,413921,105963776
simless,4,2,enron_full_481940,exact_ref,25707.674,1,0,413921,105963776
simless,5,2,enron_full_481940,exact_ref,25707.674,1,0,413921,105963776
simless,4,2,enron_full_482039,exact_ref,26182.480,1,0,413921,105963776
simless,5,2,enron_full_482039,exact_ref,26182.480,1,0,413921,105963776
simless,6,2,enron_full_482039,exact_ref,26182.480,1,0,413921,105963776
simless,5,2,enron_full_482398,no_exact_ref,26377.960,0,60,413921,105963776
simless,6,2,enron_full_482398,no_exact_ref,26377.960,0,60,413921,105963776
simless,4,2,enron_full_482398,no_exact_ref,26377.960,0,60,413921,105963776
simless,6,2,enron_full_482679,no_exact_ref,52038.909,0,72,413921,105963776
simless,4,2,enron_full_482679,no_exact_ref,52038.909,0,72,413921,105963776
simless,5,2,enron_full_482679,no_exact_ref,52038.909,0,72,413921,105963776
simless,4,2,enron_full_482700,exact_ref,26789.810,1,0,413921,105963776
simless,5,2,enron_full_482700,exact_ref,26789.810,1,0,413921,105963776
simless,6,2,enron_full_482700,exact_ref,26789.810,1,0,413921,105963776
simless,5,2,enron_full_482778,exact_ref,24663.822,1,0,413921,105963776
simless,6,2,enron_full_482778,exact_ref,24663.822,1,0,413921,105963776
simless,4,2,enron_full_482778,exact_ref,24663.822,1,0,413921,105963776
simless,6,2,enron_full_482919,exact_ref,27525.890,1,0,413921,105963776
simless,4,2,enron_full_482919,exact_ref,27525.890,1,0,413921,105963776
simless,5,2,enron_full_482919,exact_ref,27525.890,1,0,413921,105963776
simless,4,2,enron_full_483941,exact_ref,31121.976,1,0,413921,105963776
simless,5,2,enron_full_483941,exact_ref,31121.976,1,0,413921,105963776
simless,6,2,enron_full_483941,exact_ref,31121.976,1,0,413921,105963776
simless,5,2,enron_full_484013,exact_ref,26632.251,1,0,413921,105963776
simless,6,2,enron_full_484013,exact_ref,26632.251,1,0,413921,105963776
simless,4,2,enron_full_484013,exact_ref,26632.251,1,0,413921,105963776
simless,6,2,enron_full_485161,exact_ref,26853.661,1,0,413921,105963776
simless,4,2,enron_full_485161,exact_ref,26853.661,1,0,413921,105963776
simless,5,2,enron_full_485161,exact_ref,26853.661,1,0,413921,105963776
simless,4,2,enron_full_485319,exact_ref,26401.920,1,0,413921,105963776
simless,5,2,enron_full_485319,exact_ref,26401.920,1,0,413921,105963776
simless,6,2,enron_full_485319,exact_ref,26401.920,1,0,413921,105963776
simless,5,2,enron_full_485507,no_exact_ref,25387.890,0,18,413921,105963776
simless,6,2,enron_full_485507,no_exact_ref,25387.890,0,18,413921,105963776
simless,4,2,enron_full_485507,no_exact_ref,25387.890,0,18,413921,105963776
simless,6,2,enron_full_485652,no_exact_ref,25177.060,0,85,413921,105963776
simless,4,2,enron_full_485652,no_exact_ref,25177.060,0,85,413921,105963776
simless,5,2,enron_full_485652,no_exact_ref,25177.060,0,85,413921,105963776
simless,4,2,enron_full_485802,no_exact_ref,25421.125,0,69,413921,105963776
simless,5,2,enron_full_485802,no_exact_ref,25421.125,0,69,413921,105963776
simless,6,2,enron_full_485802,no_exact_ref,25421.125,0,69,413921,105963776
simless,5,2,enron_full_486590,exact_ref,25931.703,1,0,413921,105963776
simless,6,2,enron_full_486590,exact_ref,25931.703,1,0,413921,105963776
simless,4,2,enron_full_486590,exact_ref,25931.703,1,0,413921,105963776
simless,6,2,enron_full_486718,exact_ref,24771.173,1,0,413921,105963776
simless,4,2,enron_full_486718,exact_ref,24771.173,1,0,413921,105963776
simless,5,2,enron_full_486718,exact_ref,24771.173,1,0,413921,105963776
simless,4,2,enron_full_487009,no_exact_ref,26649.070,0,26,413921,105963776
simless,5,2,enron_full_487009,no_exact_ref,26649.070,0,26,413921,105963776
simless,6,2,enron_full_487009,no_exact_ref,26649.070,0,26,413921,105963776
simless,5,2,enron_full_487095,no_exact_ref,26669.728,0,92,413921,105963776
simless,6,2,enron_full_487095,no_exact_ref,26669.728,0,92,413921,105963776
simless,4,2,enron_full_487095,no_exact_ref,26669.728,0,92,413921,105963776
simless,6,2,enron_full_487221,exact_ref,26657.615,1,0,413921,105963776
simless,4,2,enron_full_487221,exact_ref,26657.615,1,0,413921,105963776
simless,5,2,enron_full_487221,exact_ref,26657.615,1,0,413921,105963776
simless,4,2,enron_full_488455,no_exact_ref,26183.149,0,67,413921,105963776
simless,5,2,enron_full_488455,no_exact_ref,26183.149,0,67,413921,105963776
simless,6,2,enron_full_488455,no_exact_ref,26183.149,0,67,413921,105963776
simless,5,2,enron_full_488704,no_exact_ref,25675.431,1,1,413921,105963776
simless,6,2,enron_full_488704,no_exact_ref,25675.431,1,1,413921,105963776
simless,4,2,enron_full_488704,no_exact_ref,25675.431,1,1,413921,105963776
simless,6,2,enron_full_489126,no_exact_ref,26028.575,0,93,413921,105963776
simless,4,2,enron_full_489126,no_exact_ref,26028.575,0,93,413921,105963776
simless,5,2,enron_full_489126,no_exact_ref,26028.575,0,93,413921,105963776
simless,4,2,enron_full_490171,no_exact_ref,26690.966,0,86,413921,105963776
simless,5,2,enron_full_490171,no_exact_ref,26690.966,0,86,413921,105963776
simless,6,2,enron_full_490171,no_exact_ref,26690.966,0,86,413921,105963776
simless,5,2,enron_full_490913,exact_ref,27263.853,1,0,413921,105963776
simless,6,2,enron_full_490913,exact_ref,27263.853,1,0,413921,105963776
simless,4,2,enron_full_490913,exact_ref,27263.853,1,0,413921,105963776
simless,6,2,enron_full_491597,exact_ref,26604.601,1,0,413921,105963776
simless,4,2,enron_full_491597,exact_ref,26604.601,1,0,413921,105963776
simless,5,2,enron_full_491597,exact_ref,26604.601,1,0,413921,105963776
simless,4,2,enron_full_491993,no_exact_ref,26679.587,0,91,413921,105963776
simless,5,2,enron_full_491993,no_exact_ref,26679.587,0,91,413921,105963776
simless,6,2,enron_full_491993,no_exact_ref,26679.587,0,91,413921,105963776
simless,5,2,enron_full_492310,no_exact_ref,26476.484,0,13,413921,105963776
simless,6,2,enron_full_492310,no_exact_ref,26476.484,0,13,413921,105963776
simless,4,2,enron_full_492310,no_exact_ref,26476.484,0,13,413921,105963776
simless,6,2,enron_full_492624,exact_ref,25609.808,1,0,413921,105963776
simless,4,2,enron_full_492624,exact_ref,25609.808,1,0,413921,105963776
simless,5,2,enron_full_492624,exact_ref,25609.808,1,0,413921,105963776
simless,4,2,enron_full_492762,no_exact_ref,25491.374,0,69,413921,105963776
simless,5,2,enron_full_492762,no_exact_ref,25491.374,0,69,413921,105963776
simless,6,2,enron_full_492762,no_exact_ref,25491.374,0,69,413921,105963776
simless,5,2,enron_full_493081,no_exact_ref,25425.980,0,50,413921,105963776
simless,6,2,enron_full_493081,no_exact_ref,25425.980,0,50,413921,105963776
simless,4,2,enron_full_493081,no_exact_ref,25425.980,0,50,413921,105963776
simless,6,2,enron_full_493173,no_exact_ref,25415.156,0,90,413921,105963776
simless,4,2,enron_full_493173,no_exact_ref,25415.156,0,90,413921,105963776
simless,5,2,enron_full_493173,no_exact_ref,25415.156,0,90,413921,105963776
simless,4,2,enron_full_494836,no_exact_ref,25375.173,0,9,413921,105963776
simless,5,2,enron_full_494836,no_exact_ref,25375.173,0,9,413921,105963776
simless,6,2,enron_full_494836,no_exact_ref,25375.173,0,9,413921,105963776
simless,5,2,enron_full_495207,no_exact_ref,26835.595,0,94,413921,105963776
simless,6,2,enron_full_495207,no_exact_ref,26835.595,0,94,413921,105963776
simless,4,2,enron_full_495207,no_exact_ref,26835.595,0,94,413921,105963776
simless,6,2,enron_full_496303,no_exact_ref,25042.132,0,47,413921,105963776
simless,4,2,enron_full_496303,no_exact_ref,25042.132,0,47,413921,105963776
simless,5,2,enron_full_496303,no_exact_ref,25042.132,0,47,413921,105963776
simless,4,2,enron_full_497180,exact_ref,25593.423,1,0,413921,105963776
simless,5,2,enron_full_497180,exact_ref,25593.423,1,0,413921,105963776
simless,6,2,enron_full_497180,exact_ref,25593.423,1,0,413921,105963776
simless,5,2,enron_full_498346,no_exact_ref,25473.676,0,93,413921,105963776
simless,6,2,enron_full_498346,no_exact_ref,25473.676,0,93,413921,105963776
simless,4,2,enron_full_498346,no_exact_ref,25473.676,0,93,413921,105963776
simless,6,2,enron_full_498425,exact_ref,26684.697,1,0,413921,105963776
simless,4,2,enron_full_498425,exact_ref,26684.697,1,0,413921,105963776
simless,5,2,enron_full_498425,exact_ref,26684.697,1,0,413921,105963776
simless,4,2,enron_full_498832,exact_ref,26806.702,1,0,413921,105963776
simless,5,2,enron_full_498832,exact_ref,26806.702,1,0,413921,105963776
simless,6,2,enron_full_498832,exact_ref,26806.702,1,0,413921,105963776
simless,5,2,enron_full_499190,exact_ref,25974.946,1,0,413921,105963776
simless,6,2,enron_full_499190,exact_ref,25974.946,1,0,413921,105963776
simless,4,2,enron_full_499190,exact_ref,25974.946,1,0,413921,105963776
simless,6,2,enron_full_499335,exact_ref,25643.418,1,0,413921,105963776
simless,4,2,enron_full_499335,exact_ref,25643.418,1,0,413921,105963776
simless,5,2,enron_full_499335,exact_ref,25643.418,1,0,413921,105963776
simless,4,2,enron_full_500125,exact_ref,25105.849,1,0,413921,105963776
simless,5,2,enron_full_500125,exact_ref,25105.849,1,0,413921,105963776
simless,6,2,enron_full_500125,exact_ref,25105.849,1,0,413921,105963776
simless,5,2,enron_full_500480,exact_ref,25638.004,1,0,413921,105963776
simless,6,2,enron_full_500480,exact_ref,25638.004,1,0,413921,105963776
simless,4,2,enron_full_500480,exact_ref,25638.004,1,0,413921,105963776
simless,6,2,enron_full_500856,exact_ref,25231.212,1,0,413921,105963776
simless,4,2,enron_full_500856,exact_ref,25231.212,1,0,413921,105963776
simless,5,2,enron_full_500856,exact_ref,25231.212,1,0,413921,105963776
simless,4,2,enron_full_501389,exact_ref,26718.316,1,0,413921,105963776
simless,5,2,enron_full_501389,exact_ref,26718.316,1,0,413921,105963776
simless,6,2,enron_full_501389,exact_ref,26718.316,1,0,413921,105963776
simless,5,2,enron_full_501995,no_exact_ref,25427.093,1,0,413921,105963776
simless,6,2,enron_full_501995,no_exact_ref,25427.093,1,0,413921,105963776
simless,4,2,enron_full_501995,no_exact_ref,25427.093,1,0,413921,105963776
simless,6,2,enron_full_503996,no_exact_ref,25501.872,0,95,413921,105963776
simless,4,2,enron_full_503996,no_exact_ref,25501.872,0,95,413921,105963776
simless,5,2,enron_full_503996,no_exact_ref,25501.872,0,95,413921,105963776
simless,4,2,enron_full_504214,no_exact_ref,26487.350,0,34,413921,105963776
simless,5,2,enron_full_504214,no_exact_ref,26487.350,0,34,413921,105963776
simless,6,2,enron_full_504214,no_exact_ref,26487.350,0,34,413921,105963776
simless,5,2,enron_full_504672,exact_ref,26666.496,1,0,413921,105963776
simless,6,2,enron_full_504672,exact_ref,26666.496,1,0,413921,105963776
simless,4,2,enron_full_504672,exact_ref,26666.496,1,0,413921,105963776
simless,6,2,enron_full_506077,no_exact_ref,26618.018,0,83,413921,105963776
simless,4,2,enron_full_506077,no_exact_ref,26618.018,0,83,413921,105963776
simless,5,2,enron_full_506077,no_exact_ref,26618.018,0,83,413921,105963776
simless,4,2,enron_full_506313,no_exact_ref,26667.740,0,62,413921,105963776
simless,5,2,enron_full_506313,no_exact_ref,26667.740,0,62,413921,105963776
simless,6,2,enron_full_506313,no_exact_ref,26667.740,0,62,413921,105963776
simless,5,2,enron_full_506691,no_exact_ref,26597.863,0,90,413921,105963776
simless,6,2,enron_full_506691,no_exact_ref,26597.863,0,90,413921,105963776
simless,4,2,enron_full_506691,no_exact_ref,26597.863,0,90,413921,105963776
simless,6,2,enron_full_506951,no_exact_ref,27090.212,0,36,413921,105963776
simless,4,2,enron_full_506951,no_exact_ref,27090.212,0,36,413921,105963776
simless,5,2,enron_full_506951,no_exact_ref,27090.212,0,36,413921,105963776
simless,4,2,enron_full_508297,exact_ref,25590.155,1,0,413921,105963776
simless,5,2,enron_full_508297,exact_ref,25590.155,1,0,413921,105963776
simless,6,2,enron_full_508297,exact_ref,25590.155,1,0,413921,105963776
simless,5,2,enron_full_508633,no_exact_ref,25464.926,1,0,413921,105963776
simless,6,2,enron_full_508633,no_exact_ref,25464.926,1,0,413921,105963776
simless,4,2,enron_full_508633,no_exact_ref,25464.926,1,0,413921,105963776
simless,6,2,enron_full_509309,exact_ref,26071.081,1,0,413921,105963776
simless,4,2,enron_full_509309,exact_ref,26071.081,1,0,413921,105963776
simless,5,2,enron_full_509309,exact_ref,26071.081,1,0,413921,105963776
simless,4,2,enron_full_509898,exact_ref,28386.486,1,0,413921,105963776
simless,5,2,enron_full_509898,exact_ref,28386.486,1,0,413921,105963776
simless,6,2,enron_full_509898,exact_ref,28386.486,1,0,413921,105963776
simless,5,2,enron_full_511005,exact_ref,26636.210,1,0,413921,105963776
simless,6,2,enron_full_511005,exact_ref,26636.210,1,0,413921,105963776
simless,4,2,enron_full_511005,exact_ref,26636.210,1,0,413921,105963776
simless,6,2,enron_full_513543,no_exact_ref,25335.651,0,26,413921,105963776
simless,4,2,enron_full_513543,no_exact_ref,25335.651,0,26,413921,105963776
simless,5,2,enron_full_513543,no_exact_ref,25335.651,0,26,413921,105963776
simless,4,2,enron_full_513857,exact_ref,24926.248,1,0,413921,105963776
simless,5,2,enron_full_513857,exact_ref,24926.248,1,0,413921,105963776
simless,6,2,enron_full_513857,exact_ref,24926.248,1,0,413921,105963776
simless,5,2,enron_full_514823,no_exact_ref,25183.603,0,66,413921,105963776
simless,6,2,enron_full_514823,no_exact_ref,25183.603,0,66,413921,105963776
simless,4,2,enron_full_514823,no_exact_ref,25183.603,0,66,413921,105963776
simless,6,2,enron_full_514984,exact_ref,25128.558,1,0,413921,105963776
simless,4,2,enron_full_514984,exact_ref,25128.558,1,0,413921,105963776
simless,5,2,enron_full_514984,exact_ref,25128.558,1,0,413921,105963776
simless,4,2,enron_full_515092,no_exact_ref,24818.501,0,34,413921,105963776
simless,5,2,enron_full_515092,no_exact_ref,24818.501,0,34,413921,105963776
simless,6,2,enron_full_515092,no_exact_ref,24818.501,0,34,413921,105963776
simless,5,2,enron_full_515627,no_exact_ref,25126.440,0,45,413921,105963776
simless,6,2,enron_full_515627,no_exact_ref,25126.440,0,45,413921,105963776
simless,4,2,enron_full_515627,no_exact_ref,25126.440,0,45,413921,105963776
simless,6,2,enron_full_515714,no_exact_ref,26704.883,0,62,413921,105963776
simless,4,2,enron_full_515714,no_exact_ref,26704.883,0,62,413921,105963776
simless,5,2,enron_full_515714,no_exact_ref,26704.883,0,62,413921,105963776
simless,4,2,enron_full_516032,exact_ref,27147.785,1,0,413921,105963776
simless,5,2,enron_full_516032,exact_ref,27147.785,1,0,413921,105963776
simless,6,2,enron_full_516032,exact_ref,27147.785,1,0,413921,105963776
simless,5,2,enron_full_516843,no_exact_ref,26418.636,0,27,413921,105963776
simless,6,2,enron_full_516843,no_exact_ref,26418.636,0,27,413921,105963776
simless,4,2,enron_full_516843,no_exact_ref,26418.636,0,27,413921,105963776
simless,6,2,enron_full_516871,no_exact_ref,25730.948,0,93,413921,105963776
simless,4,2,enron_full_516871,no_exact_ref,25730.948,0,93,413921,105963776
simless,5,2,enron_full_516871,no_exact_ref,25730.948,0,93,413921,105963776
