strategy,query_id,type,repeat,latency_us,candidate_count,filter_queries,inverted_lookups,posting_records_read,full_tag_distance_computations
prefuzz,enron_000036,text,0,4,0,6,0,0,0
prefuzz,enron_000068,text,0,23,0,6,1,0,0
prefuzz,enron_000075,text,0,2,0,6,0,0,0
prefuzz,enron_000102,text,0,2,0,6,0,0,0
prefuzz,enron_000166,text,0,2,0,6,0,0,0
prefuzz,enron_000263,text,0,2,0,6,0,0,0
prefuzz,enron_000283,text,0,70,1,6,6,6,1
prefuzz,enron_000406,text,0,52,1,6,6,6,1
prefuzz,enron_000570,text,0,2,0,6,0,0,0
prefuzz,enron_000671,text,0,2,0,6,0,0,0
prefuzz,enron_000704,text,0,2,0,6,0,0,0
prefuzz,enron_000721,text,0,2,0,6,0,0,0
prefuzz,enron_000778,text,0,2,0,6,0,0,0
prefuzz,enron_000864,text,0,2,0,6,0,0,0
prefuzz,enron_000867,text,0,2,0,6,0,0,0
prefuzz,enron_000927,text,0,2,0,6,0,0,0
prefuzz,enron_000963,text,0,53,1,6,6,6,1
prefuzz,enron_000976,text,0,2,0,6,0,0,0
prefuzz,enron_000979,text,0,2,0,6,0,0,0
prefuzz,enron_001066,text,0,47,1,6,6,6,1
prefuzz,enron_001200,text,0,68,3,6,6,18,3
prefuzz,enron_001228,text,0,2,0,6,0,0,0
prefuzz,enron_001275,text,0,2,0,6,0,0,0
prefuzz,enron_001276,text,0,2,0,6,0,0,0
prefuzz,enron_001325,text,0,89,7,6,6,42,7
prefuzz,enron_001331,text,0,2,0,6,0,0,0
prefuzz,enron_001423,text,0,1,0,6,0,0,0
prefuzz,enron_001431,text,0,2,0,6,0,0,0
prefuzz,enron_001443,text,0,2,0,6,0,0,0
prefuzz,enron_001446,text,0,1,0,6,0,0,0
prefuzz,enron_001495,text,0,2,0,6,0,0,0
prefuzz,enron_001504,text,0,2,0,6,0,0,0
prefuzz,enron_001513,text,0,1,0,6,0,0,0
prefuzz,enron_001603,text,0,2,0,6,0,0,0
prefuzz,enron_001617,text,0,1,0,6,0,0,0
prefuzz,enron_001731,text,0,1,0,6,0,0,0
prefuzz,enron_001808,text,0,61,2,6,6,13,3
prefuzz,enron_001864,text,0,2,0,6,0,0,0
prefuzz,enron_001963,text,0,49,1,6,6,6,1
prefuzz,enron_001993,text,0,62,2,6,6,12,2
prefuzz,enron_002051,text,0,47,1,6,6,6,1
prefuzz,enron_002091,text,0,43,1,6,6,6,1
prefuzz,enron_002186,text,0,2,0,6,0,0,0
prefuzz,enron_002207,text,0,1,0,6,0,0,0
prefuzz,enron_002248,text,0,2,0,6,0,0,0
prefuzz,enron_002448,text,0,1,0,6,0,0,0
prefuzz,enron_002463,text,0,2,0,6,0,0,0
prefuzz,enron_002474,text,0,2,0,6,0,0,0
prefuzz,enron_002551,text,0,2,0,6,0,0,0
prefuzz,enron_002553,text,0,2,0,6,0,0,0
prefuzz,enron_002598,text,0,2,0,6,0,0,0
prefuzz,enron_002619,text,0,2,0,6,0,0,0
prefuzz,enron_002631,text,0,2,0,6,0,0,0
prefuzz,enron_002660,text,0,2,0,6,0,0,0
prefuzz,enron_002663,text,0,1,0,6,0,0,0
prefuzz,enron_002701,text,0,49,1,6,6,6,1
prefuzz,enron_002793,text,0,2,0,6,0,0,0
prefuzz,enron_002910,text,0,49,1,6,6,6,1
prefuzz,enron_002915,text,0,1,0,6,0,0,0
prefuzz,enron_002938,text,0,2,0,6,0,0,0
prefuzz,enron_002944,text,0,2,0,6,0,0,0
prefuzz,enron_003055,text,0,3,0,6,0,0,0
prefuzz,enron_003099,text,0,1,0,6,0,0,0
prefuzz,enron_003206,text,0,47,1,6,6,6,1
prefuzz,enron_003214,text,0,56,2,6,6,12,2
prefuzz,enron_003224,text,0,64,3,6,6,18,3
prefuzz,enron_003314,text,0,2,0,6,0,0,0
prefuzz,enron_003334,text,0,2,0,6,0,0,0
prefuzz,enron_003336,text,0,120,11,6,6,66,11
prefuzz,enron_003385,text,0,2,0,6,0,0,0
prefuzz,enron_003490,text,0,2,0,6,0,0,0
prefuzz,enron_003616,text,0,75,5,6,6,30,5
prefuzz,enron_003722,text,0,81,6,6,6,36,6
prefuzz,enron_003793,text,0,2,0,6,0,0,0
prefuzz,enron_003853,text,0,2,0,6,0,0,0
prefuzz,enron_003931,text,0,1,0,6,0,0,0
prefuzz,enron_003936,text,0,2,0,6,0,0,0
prefuzz,enron_003979,text,0,2,0,6,0,0,0
prefuzz,enron_004033,text,0,45,1,6,6,6,1
prefuzz,enron_004082,text,0,2,0,6,0,0,0
prefuzz,enron_004266,text,0,1,0,6,0,0,0
prefuzz,enron_004285,text,0,1,0,6,0,0,0
prefuzz,enron_004319,text,0,2,0,6,0,0,0
prefuzz,enron_004399,text,0,1,0,6,0,0,0
prefuzz,enron_004409,text,0,46,1,6,6,6,1
prefuzz,enron_004416,text,0,2,0,6,0,0,0
prefuzz,enron_004501,text,0,2,0,6,0,0,0
prefuzz,enron_004503,text,0,1,0,6,0,0,0
prefuzz,enron_004558,text,0,47,1,6,6,6,1
prefuzz,enron_004626,text,0,2,0,6,0,0,0
prefuzz,enron_004629,text,0,1,0,6,0,0,0
prefuzz,enron_004768,text,0,1,0,6,0,0,0
prefuzz,enron_004820,text,0,1,0,6,0,0,0
prefuzz,enron_004915,text,0,1,0,6,0,0,0
prefuzz,enron_005066,text,0,2,0,6,0,0,0
prefuzz,enron_005104,text,0,2,0,6,0,0,0
prefuzz,enron_005207,text,0,1,0,6,0,0,0
prefuzz,enron_005284,text,0,1,0,6,0,0,0
prefuzz,enron_005318,text,0,2,0,6,0,0,0
prefuzz,enron_005350,text,0,2,0,6,0,0,0
prefuzz,enron_005393,text,0,1,0,6,0,0,0
prefuzz,enron_005395,text,0,2,0,6,0,0,0
prefuzz,enron_005402,text,0,1,0,6,0,0,0
prefuzz,enron_005420,text,0,2,0,6,0,0,0
prefuzz,enron_005452,text,0,2,0,6,0,0,0
prefuzz,enron_005457,text,0,1,0,6,0,0,0
prefuzz,enron_005530,text,0,1,0,6,0,0,0
prefuzz,enron_005539,text,0,1,0,6,0,0,0
prefuzz,enron_005563,text,0,2,0,6,0,0,0
prefuzz,enron_005587,text,0,45,1,6,6,6,1
prefuzz,enron_005632,text,0,1,0,6,0,0,0
prefuzz,enron_005636,text,0,2,0,6,0,0,0
prefuzz,enron_005743,text,0,2,0,6,0,0,0
prefuzz,enron_005787,text,0,2,0,6,0,0,0
prefuzz,enron_005880,text,0,7,0,6,0,0,0
prefuzz,enron_005922,text,0,1,0,6,0,0,0
prefuzz,enron_005965,text,0,2,0,6,0,0,0
prefuzz,enron_006008,text,0,46,1,6,6,6,1
prefuzz,enron_006107,text,0,48,1,6,6,6,1
prefuzz,enron_006321,text,0,2,0,6,0,0,0
prefuzz,enron_006348,text,0,2,0,6,0,0,0
prefuzz,enron_006350,text,0,2,0,6,0,0,0
prefuzz,enron_006351,text,0,48,1,6,6,6,1
prefuzz,enron_006389,text,0,46,1,6,6,6,1
prefuzz,enron_006400,text,0,2,0,6,0,0,0
prefuzz,enron_006470,text,0,44,1,6,6,6,1
prefuzz,enron_006498,text,0,2,0,6,0,0,0
prefuzz,enron_006520,text,0,2,0,6,0,0,0
prefuzz,enron_006540,text,0,1,0,6,0,0,0
prefuzz,enron_006545,text,0,2,0,6,0,0,0
prefuzz,enron_006581,text,0,2,0,6,0,0,0
prefuzz,enron_006667,text,0,1,0,6,0,0,0
prefuzz,enron_006745,text,0,2,0,6,0,0,0
prefuzz,enron_006816,text,0,56,2,6,6,12,2
prefuzz,enron_006851,text,0,2,0,6,0,0,0
prefuzz,enron_006911,text,0,2,0,6,0,0,0
prefuzz,enron_006918,text,0,2,0,6,0,0,0
prefuzz,enron_006937,text,0,2,0,6,0,0,0
prefuzz,enron_006938,text,0,2,0,6,0,0,0
prefuzz,enron_006982,text,0,42,1,6,6,6,1
prefuzz,enron_006994,text,0,2,0,6,0,0,0
prefuzz,enron_007044,text,0,1,0,6,0,0,0
prefuzz,enron_007172,text,0,47,1,6,6,6,1
prefuzz,enron_007173,text,0,2,0,6,0,0,0
prefuzz,enron_007254,text,0,18,0,6,0,0,0
prefuzz,enron_007298,text,0,2,0,6,0,0,0
prefuzz,enron_007312,text,0,51,1,6,6,6,1
prefuzz,enron_007359,text,0,2,0,6,0,0,0
prefuzz,enron_007435,text,0,2,0,6,0,0,0
prefuzz,enron_007458,text,0,2,0,6,0,0,0
prefuzz,enron_007496,text,0,49,1,6,6,6,1
prefuzz,enron_007575,text,0,2,0,6,0,0,0
prefuzz,enron_007703,text,0,2,0,6,0,0,0
prefuzz,enron_007749,text,0,9,0,6,1,0,0
prefuzz,enron_007927,text,0,1,0,6,0,0,0
prefuzz,enron_007960,text,0,2,0,6,0,0,0
prefuzz,enron_008050,text,0,2,0,6,0,0,0
prefuzz,enron_008113,text,0,48,1,6,6,6,1
prefuzz,enron_008207,text,0,2,0,6,0,0,0
prefuzz,enron_008219,text,0,2,0,6,0,0,0
prefuzz,enron_008245,text,0,2,0,6,0,0,0
prefuzz,enron_008283,text,0,2,0,6,0,0,0
prefuzz,enron_008325,text,0,2,0,6,0,0,0
prefuzz,enron_008333,text,0,1,0,6,0,0,0
prefuzz,enron_008360,text,0,2,0,6,0,0,0
prefuzz,enron_008425,text,0,2,0,6,0,0,0
prefuzz,enron_008641,text,0,2,0,6,0,0,0
prefuzz,enron_008669,text,0,2,0,6,0,0,0
prefuzz,enron_008692,text,0,2,0,6,0,0,0
prefuzz,enron_008703,text,0,101,7,6,6,42,7
prefuzz,enron_008727,text,0,60,1,6,6,6,1
prefuzz,enron_008884,text,0,2,0,6,0,0,0
prefuzz,enron_008887,text,0,3,0,6,0,0,0
prefuzz,enron_008888,text,0,64,1,6,6,6,1
prefuzz,enron_008916,text,0,2,0,6,0,0,0
prefuzz,enron_009024,text,0,2,0,6,0,0,0
prefuzz,enron_009039,text,0,2,0,6,0,0,0
prefuzz,enron_009106,text,0,2,0,6,0,0,0
prefuzz,enron_009185,text,0,2,0,6,0,0,0
prefuzz,enron_009214,text,0,3,0,6,0,0,0
prefuzz,enron_009262,text,0,103,6,6,6,36,6
prefuzz,enron_009306,text,0,2,0,6,0,0,0
prefuzz,enron_009358,text,0,67,3,6,6,18,3
prefuzz,enron_009503,text,0,2,0,6,0,0,0
prefuzz,enron_009557,text,0,2,0,6,0,0,0
prefuzz,enron_009562,text,0,56,1,6,6,6,1
prefuzz,enron_009564,text,0,2,0,6,0,0,0
prefuzz,enron_009649,text,0,2,0,6,0,0,0
prefuzz,enron_009655,text,0,2,0,6,0,0,0
prefuzz,enron_009676,text,0,2,0,6,0,0,0
prefuzz,enron_009709,text,0,86,5,6,6,30,5
prefuzz,enron_009788,text,0,64,2,6,6,12,2
prefuzz,enron_009936,text,0,2,0,6,0,0,0
prefuzz,enron_009948,text,0,2,0,6,0,0,0
prefuzz,enron_009983,text,0,2,0,6,0,0,0
prefuzz,enron_010027,text,0,2,0,6,0,0,0
prefuzz,enron_010045,text,0,2,0,6,0,0,0
prefuzz,enron_010181,text,0,2,0,6,0,0,0
prefuzz,enron_010278,text,0,2,0,6,0,0,0
prefuzz,enron_010288,text,0,2,0,6,0,0,0
prefuzz,enron_010339,text,0,54,1,6,6,6,1
prefuzz,enron_010348,text,0,2,0,6,0,0,0
prefuzz,enron_010437,text,0,2,0,6,0,0,0
prefuzz,enron_010461,text,0,2,0,6,0,0,0
prefuzz,enron_010478,text,0,2,0,6,0,0,0
prefuzz,enron_010594,text,0,2,0,6,0,0,0
prefuzz,enron_010596,text,0,2,0,6,0,0,0
prefuzz,enron_010629,text,0,55,1,6,6,6,1
prefuzz,enron_010630,text,0,3,0,6,0,0,0
prefuzz,enron_010697,text,0,2,0,6,0,0,0
prefuzz,enron_010731,text,0,2,0,6,0,0,0
prefuzz,enron_010734,text,0,2,0,6,0,0,0
prefuzz,enron_010781,text,0,2,0,6,0,0,0
prefuzz,enron_010865,text,0,52,1,6,6,6,1
prefuzz,enron_010908,text,0,2,0,6,0,0,0
prefuzz,enron_010937,text,0,2,0,6,0,0,0
prefuzz,enron_010955,text,0,2,0,6,0,0,0
prefuzz,enron_010978,text,0,2,0,6,0,0,0
prefuzz,enron_011001,text,0,50,1,6,6,6,1
prefuzz,enron_011058,text,0,53,1,6,6,6,1
prefuzz,enron_011122,text,0,2,0,6,0,0,0
prefuzz,enron_011224,text,0,2,0,6,0,0,0
prefuzz,enron_011359,text,0,23,0,6,2,2,1
prefuzz,enron_011369,text,0,2,0,6,0,0,0
prefuzz,enron_011426,text,0,2,0,6,0,0,0
prefuzz,enron_011476,text,0,2,0,6,0,0,0
prefuzz,enron_011536,text,0,2,0,6,0,0,0
prefuzz,enron_011550,text,0,2,0,6,0,0,0
prefuzz,enron_011717,text,0,2,0,6,0,0,0
prefuzz,enron_011727,text,0,10,0,6,1,0,0
prefuzz,enron_011750,text,0,53,1,6,6,6,1
prefuzz,enron_011829,text,0,2,0,6,0,0,0
prefuzz,enron_011904,text,0,2,0,6,0,0,0
prefuzz,enron_011973,text,0,2,0,6,0,0,0
prefuzz,enron_011987,text,0,2,0,6,0,0,0
prefuzz,enron_012017,text,0,2,0,6,0,0,0
prefuzz,enron_012087,text,0,2,0,6,0,0,0
prefuzz,enron_012117,text,0,2,0,6,0,0,0
prefuzz,enron_012215,text,0,2,0,6,0,0,0
prefuzz,enron_012293,text,0,2,0,6,0,0,0
prefuzz,enron_012344,text,0,51,1,6,6,6,1
prefuzz,enron_012360,text,0,2,0,6,0,0,0
prefuzz,enron_012395,text,0,2,0,6,0,0,0
prefuzz,enron_012501,text,0,2,0,6,0,0,0
prefuzz,enron_012547,text,0,2,0,6,0,0,0
prefuzz,enron_012591,text,0,2,0,6,0,0,0
prefuzz,enron_012596,text,0,2,0,6,0,0,0
prefuzz,enron_012745,text,0,64,1,6,6,6,1
prefuzz,enron_012803,text,0,25,0,6,2,2,1
prefuzz,enron_012825,text,0,2,0,6,0,0,0
prefuzz,enron_012835,text,0,2,0,6,0,0,0
prefuzz,enron_012838,text,0,2,0,6,0,0,0
prefuzz,enron_012909,text,0,2,0,6,0,0,0
prefuzz,enron_012940,text,0,53,1,6,6,6,1
prefuzz,enron_012953,text,0,2,0,6,0,0,0
prefuzz,enron_013069,text,0,2,0,6,0,0,0
prefuzz,enron_013097,text,0,2,0,6,0,0,0
prefuzz,enron_013264,text,0,2,0,6,0,0,0
prefuzz,enron_013308,text,0,2,0,6,0,0,0
prefuzz,enron_013380,text,0,2,0,6,0,0,0
prefuzz,enron_013515,text,0,2,0,6,0,0,0
prefuzz,enron_013580,text,0,2,0,6,0,0,0
prefuzz,enron_013613,text,0,2,0,6,0,0,0
prefuzz,enron_013653,text,0,2,0,6,0,0,0
prefuzz,enron_013720,text,0,139,11,6,6,66,11
prefuzz,enron_013751,text,0,2,0,6,0,0,0
prefuzz,enron_013764,text,0,2,0,6,0,0,0
prefuzz,enron_013766,text,0,17,0,6,1,1,1
prefuzz,enron_013832,text,0,2,0,6,0,0,0
prefuzz,enron_013842,text,0,2,0,6,0,0,0
prefuzz,enron_013862,text,0,2,0,6,0,0,0
prefuzz,enron_013876,text,0,2,0,6,0,0,0
prefuzz,enron_014019,text,0,2,0,6,0,0,0
prefuzz,enron_014136,text,0,62,2,6,6,12,2
prefuzz,enron_014167,text,0,2,0,6,0,0,0
prefuzz,enron_014180,text,0,53,1,6,6,6,1
prefuzz,enron_014263,text,0,3,0,6,0,0,0
prefuzz,enron_014352,text,0,2,0,6,0,0,0
prefuzz,enron_014354,text,0,48,1,6,6,6,1
prefuzz,enron_014402,text,0,2,0,6,0,0,0
prefuzz,enron_014464,text,0,53,1,6,6,6,1
prefuzz,enron_014554,text,0,65,2,6,6,12,2
prefuzz,enron_014579,text,0,2,0,6,0,0,0
prefuzz,enron_014614,text,0,55,1,6,6,6,1
prefuzz,enron_014696,text,0,2,0,6,0,0,0
prefuzz,enron_014718,text,0,64,2,6,6,12,2
prefuzz,enron_014726,text,0,2,0,6,0,0,0
prefuzz,enron_014766,text,0,2,0,6,0,0,0
prefuzz,enron_014807,text,0,2,0,6,0,0,0
prefuzz,enron_014918,text,0,2,0,6,0,0,0
prefuzz,enron_014956,text,0,2,0,6,0,0,0
prefuzz,enron_015012,text,0,3,0,6,0,0,0
prefuzz,enron_015021,text,0,2,0,6,0,0,0
prefuzz,enron_015103,text,0,2,0,6,0,0,0
prefuzz,enron_015141,text,0,2,0,6,0,0,0
prefuzz,enron_015234,text,0,2,0,6,0,0,0
prefuzz,enron_015264,text,0,2,0,6,0,0,0
prefuzz,enron_015338,text,0,2,0,6,0,0,0
prefuzz,enron_015364,text,0,2,0,6,0,0,0
prefuzz,enron_015443,text,0,2,0,6,0,0,0
prefuzz,enron_015660,text,0,2,0,6,0,0,0
prefuzz,enron_015709,text,0,2,0,6,0,0,0
prefuzz,enron_015773,text,0,2,0,6,0,0,0
prefuzz,enron_015882,text,0,2,0,6,0,0,0
prefuzz,enron_015940,text,0,2,0,6,0,0,0
prefuzz,enron_016063,text,0,2,0,6,0,0,0
prefuzz,enron_016065,text,0,2,0,6,0,0,0
prefuzz,enron_016122,text,0,2,0,6,0,0,0
prefuzz,enron_016159,text,0,2,0,6,0,0,0
prefuzz,enron_016168,text,0,2,0,6,0,0,0
prefuzz,enron_016193,text,0,2,0,6,0,0,0
prefuzz,enron_016272,text,0,2,0,6,0,0,0
prefuzz,enron_016301,text,0,2,0,6,0,0,0
prefuzz,enron_016416,text,0,2,0,6,0,0,0
prefuzz,enron_016491,text,0,2,0,6,0,0,0
prefuzz,enron_016527,text,0,66,3,6,6,18,3
prefuzz,enron_016643,text,0,2,0,6,0,0,0
prefuzz,enron_016781,text,0,2,0,6,0,0,0
prefuzz,enron_016964,text,0,2,0,6,0,0,0
prefuzz,enron_017021,text,0,2,0,6,0,0,0
prefuzz,enron_017046,text,0,2,0,6,0,0,0
prefuzz,enron_017061,text,0,2,0,6,0,0,0
prefuzz,enron_017063,text,0,2,0,6,0,0,0
prefuzz,enron_017256,text,0,53,1,6,6,6,1
prefuzz,enron_017321,text,0,2,0,6,0,0,0
prefuzz,enron_017400,text,0,2,0,6,0,0,0
prefuzz,enron_017473,text,0,2,0,6,0,0,0
prefuzz,enron_017611,text,0,63,1,6,6,6,1
prefuzz,enron_017634,text,0,2,0,6,0,0,0
prefuzz,enron_017644,text,0,2,0,6,0,0,0
prefuzz,enron_017742,text,0,2,0,6,0,0,0
prefuzz,enron_017806,text,0,2,0,6,0,0,0
prefuzz,enron_017812,text,0,2,0,6,0,0,0
prefuzz,enron_017813,text,0,2,0,6,0,0,0
prefuzz,enron_017894,text,0,2,0,6,0,0,0
prefuzz,enron_017954,text,0,2,0,6,0,0,0
prefuzz,enron_017956,text,0,2,0,6,0,0,0
prefuzz,enron_017981,text,0,55,1,6,6,6,1
prefuzz,enron_018025,text,0,2,0,6,0,0,0
prefuzz,enron_018027,text,0,2,0,6,0,0,0
prefuzz,enron_018081,text,0,56,1,6,6,6,1
prefuzz,enron_018173,text,0,114,9,6,6,54,9
prefuzz,enron_018242,text,0,2,0,6,0,0,0
prefuzz,enron_018244,text,0,51,1,6,6,6,1
prefuzz,enron_018320,text,0,2,0,6,0,0,0
prefuzz,enron_018400,text,0,2,0,6,0,0,0
prefuzz,enron_018434,text,0,2,0,6,0,0,0
prefuzz,enron_018455,text,0,2,0,6,0,0,0
prefuzz,enron_018513,text,0,2,0,6,0,0,0
prefuzz,enron_018515,text,0,2,0,6,0,0,0
prefuzz,enron_018689,text,0,2,0,6,0,0,0
prefuzz,enron_018741,text,0,2,0,6,0,0,0
prefuzz,enron_018779,text,0,2,0,6,0,0,0
prefuzz,enron_018803,text,0,55,1,6,6,6,1
prefuzz,enron_018821,text,0,2,0,6,0,0,0
prefuzz,enron_018839,text,0,2,0,6,0,0,0
prefuzz,enron_018924,text,0,2,0,6,0,0,0
prefuzz,enron_019020,text,0,2,0,6,0,0,0
prefuzz,enron_019187,text,0,2,0,6,0,0,0
prefuzz,enron_019215,text,0,2,0,6,0,0,0
prefuzz,enron_019326,text,0,2,0,6,0,0,0
prefuzz,enron_019333,text,0,2,0,6,0,0,0
prefuzz,enron_019365,text,0,2,0,6,0,0,0
prefuzz,enron_019421,text,0,56,1,6,6,6,1
prefuzz,enron_019462,text,0,2,0,6,0,0,0
prefuzz,enron_019479,text,0,2,0,6,0,0,0
prefuzz,enron_019520,text,0,2,0,6,0,0,0
prefuzz,enron_019585,text,0,2,0,6,0,0,0
prefuzz,enron_019590,text,0,2,0,6,0,0,0
prefuzz,enron_019661,text,0,2,0,6,0,0,0
prefuzz,enron_019662,text,0,2,0,6,0,0,0
prefuzz,enron_019697,text,0,2,0,6,0,0,0
prefuzz,enron_019786,text,0,2,0,6,0,0,0
prefuzz,enron_019806,text,0,2,0,6,0,0,0
prefuzz,enron_019810,text,0,2,0,6,0,0,0
prefuzz,enron_019840,text,0,2,0,6,0,0,0
prefuzz,enron_019843,text,0,53,1,6,6,6,1
prefuzz,enron_020213,text,0,2,0,6,0,0,0
prefuzz,enron_020257,text,0,2,0,6,0,0,0
prefuzz,enron_020286,text,0,2,0,6,0,0,0
prefuzz,enron_020305,text,0,2,0,6,0,0,0
prefuzz,enron_020319,text,0,2,0,6,0,0,0
prefuzz,enron_020535,text,0,2,0,6,0,0,0
prefuzz,enron_020543,text,0,2,0,6,0,0,0
prefuzz,enron_020676,text,0,2,0,6,0,0,0
prefuzz,enron_020767,text,0,2,0,6,0,0,0
prefuzz,enron_020829,text,0,2,0,6,0,0,0
prefuzz,enron_020842,text,0,2,0,6,0,0,0
prefuzz,enron_020885,text,0,2,0,6,0,0,0
prefuzz,enron_020981,text,0,53,1,6,6,6,1
prefuzz,enron_020989,text,0,17,0,6,1,1,1
prefuzz,enron_021156,text,0,2,0,6,0,0,0
prefuzz,enron_021165,text,0,2,0,6,0,0,0
prefuzz,enron_021199,text,0,2,0,6,0,0,0
prefuzz,enron_021267,text,0,56,1,6,6,6,1
prefuzz,enron_021311,text,0,2,0,6,0,0,0
prefuzz,enron_021322,text,0,2,0,6,0,0,0
prefuzz,enron_021334,text,0,62,2,6,6,12,2
prefuzz,enron_021394,text,0,2,0,6,0,0,0
prefuzz,enron_021400,text,0,2,0,6,0,0,0
prefuzz,enron_021407,text,0,56,1,6,6,6,1
prefuzz,enron_021442,text,0,2,0,6,0,0,0
prefuzz,enron_021555,text,0,2,0,6,0,0,0
prefuzz,enron_021761,text,0,2,0,6,0,0,0
prefuzz,enron_021856,text,0,2,0,6,0,0,0
prefuzz,enron_021884,text,0,2,0,6,0,0,0
prefuzz,enron_021953,text,0,2,0,6,0,0,0
prefuzz,enron_022020,text,0,72,2,6,6,12,2
prefuzz,enron_022105,text,0,61,1,6,6,6,1
prefuzz,enron_022106,text,0,45,1,6,6,6,1
prefuzz,enron_022168,text,0,2,0,6,0,0,0
prefuzz,enron_022462,text,0,48,1,6,6,6,1
prefuzz,enron_022484,text,0,2,0,6,0,0,0
prefuzz,enron_022580,text,0,2,0,6,0,0,0
prefuzz,enron_022588,text,0,2,0,6,0,0,0
prefuzz,enron_022591,text,0,50,1,6,6,6,1
prefuzz,enron_022613,text,0,2,0,6,0,0,0
prefuzz,enron_022620,text,0,2,0,6,0,0,0
prefuzz,enron_022630,text,0,2,0,6,0,0,0
prefuzz,enron_022642,text,0,2,0,6,0,0,0
prefuzz,enron_022690,text,0,49,1,6,6,6,1
prefuzz,enron_022713,text,0,2,0,6,0,0,0
prefuzz,enron_022778,text,0,2,0,6,0,0,0
prefuzz,enron_022852,text,0,2,0,6,0,0,0
prefuzz,enron_022923,text,0,49,1,6,6,6,1
prefuzz,enron_022924,text,0,2,0,6,0,0,0
prefuzz,enron_022968,text,0,2,0,6,0,0,0
prefuzz,enron_023031,text,0,2,0,6,0,0,0
prefuzz,enron_023050,text,0,2,0,6,0,0,0
prefuzz,enron_023063,text,0,2,0,6,0,0,0
prefuzz,enron_023181,text,0,48,1,6,6,6,1
prefuzz,enron_023204,text,0,2,0,6,0,0,0
prefuzz,enron_023215,text,0,2,0,6,0,0,0
prefuzz,enron_023269,text,0,59,3,6,6,18,3
prefuzz,enron_023278,text,0,53,2,6,6,12,2
prefuzz,enron_023298,text,0,13,0,6,1,1,1
prefuzz,enron_023304,text,0,2,0,6,0,0,0
prefuzz,enron_023406,text,0,48,1,6,6,6,1
prefuzz,enron_023465,text,0,2,0,6,0,0,0
prefuzz,enron_023534,text,0,1,0,6,0,0,0
prefuzz,enron_023601,text,0,47,1,6,6,6,1
prefuzz,enron_023697,text,0,48,1,6,6,6,1
prefuzz,enron_023730,text,0,2,0,6,0,0,0
prefuzz,enron_023735,text,0,2,0,6,0,0,0
prefuzz,enron_023788,text,0,47,1,6,6,6,1
prefuzz,enron_023789,text,0,2,0,6,0,0,0
prefuzz,enron_023815,text,0,2,0,6,0,0,0
prefuzz,enron_023867,text,0,2,0,6,0,0,0
prefuzz,enron_023873,text,0,2,0,6,0,0,0
prefuzz,enron_023874,text,0,2,0,6,0,0,0
prefuzz,enron_024017,text,0,2,0,6,0,0,0
prefuzz,enron_024025,text,0,2,0,6,0,0,0
prefuzz,enron_024063,text,0,2,0,6,0,0,0
prefuzz,enron_024075,text,0,2,0,6,0,0,0
prefuzz,enron_024340,text,0,2,0,6,0,0,0
prefuzz,enron_024388,text,0,47,1,6,6,6,1
prefuzz,enron_024415,text,0,46,1,6,6,6,1
prefuzz,enron_024427,text,0,44,1,6,6,6,1
prefuzz,enron_024541,text,0,55,1,6,6,6,1
prefuzz,enron_024633,text,0,18,0,6,0,0,0
prefuzz,enron_024696,text,0,2,0,6,0,0,0
prefuzz,enron_024697,text,0,54,1,6,6,6,1
prefuzz,enron_024799,text,0,2,0,6,0,0,0
prefuzz,enron_024814,text,0,2,0,6,0,0,0
prefuzz,enron_024854,text,0,2,0,6,0,0,0
prefuzz,enron_024902,text,0,2,0,6,0,0,0
prefuzz,enron_024904,text,0,2,0,6,0,0,0
prefuzz,enron_024948,text,0,2,0,6,0,0,0
prefuzz,enron_024993,text,0,2,0,6,0,0,0
prefuzz,enron_025081,text,0,53,1,6,6,6,1
prefuzz,enron_025130,text,0,2,0,6,0,0,0
prefuzz,enron_025188,text,0,54,1,6,6,6,1
prefuzz,enron_025390,text,0,2,0,6,0,0,0
prefuzz,enron_025428,text,0,2,0,6,0,0,0
prefuzz,enron_025465,text,0,2,0,6,0,0,0
prefuzz,enron_025488,text,0,2,0,6,0,0,0
prefuzz,enron_025552,text,0,3,0,6,0,0,0
prefuzz,enron_025556,text,0,104,7,6,6,42,7
prefuzz,enron_025601,text,0,2,0,6,0,0,0
prefuzz,enron_025625,text,0,2,0,6,0,0,0
prefuzz,enron_025647,text,0,2,0,6,0,0,0
prefuzz,enron_025689,text,0,2,0,6,0,0,0
prefuzz,enron_025721,text,0,2,0,6,0,0,0
prefuzz,enron_025732,text,0,2,0,6,0,0,0
prefuzz,enron_025913,text,0,2,0,6,0,0,0
prefuzz,enron_025919,text,0,2,0,6,0,0,0
prefuzz,enron_025921,text,0,2,0,6,0,0,0
prefuzz,enron_025978,text,0,2,0,6,0,0,0
prefuzz,enron_025998,text,0,2,0,6,0,0,0
prefuzz,enron_026110,text,0,2,0,6,0,0,0
prefuzz,enron_026255,text,0,424,0,6,3,89,58
prefuzz,enron_026318,text,0,55,1,6,6,6,1
prefuzz,enron_026432,text,0,2,0,6,0,0,0
prefuzz,enron_026530,text,0,2,0,6,0,0,0
prefuzz,enron_026546,text,0,3,0,6,0,0,0
prefuzz,enron_026600,text,0,2,0,6,0,0,0
prefuzz,enron_026611,text,0,2,0,6,0,0,0
prefuzz,enron_026616,text,0,2,0,6,0,0,0
prefuzz,enron_026661,text,0,2,0,6,0,0,0
prefuzz,enron_026706,text,0,2,0,6,0,0,0
prefuzz,enron_026744,text,0,2,0,6,0,0,0
prefuzz,enron_026828,text,0,2,0,6,0,0,0
prefuzz,enron_026831,text,0,2,0,6,0,0,0
prefuzz,enron_026839,text,0,2,0,6,0,0,0
prefuzz,enron_026886,text,0,36,0,6,2,3,3
prefuzz,enron_026921,text,0,53,0,6,3,7,7
prefuzz,enron_026928,text,0,21,0,6,1,1,1
prefuzz,enron_026995,text,0,2,0,6,0,0,0
prefuzz,enron_027064,text,0,56,1,6,6,6,1
prefuzz,enron_027110,text,0,2,0,6,0,0,0
prefuzz,enron_027189,text,0,2,0,6,0,0,0
prefuzz,enron_027239,text,0,2,0,6,0,0,0
prefuzz,enron_027320,text,0,2,0,6,0,0,0
prefuzz,enron_027461,text,0,2,0,6,0,0,0
prefuzz,enron_027472,text,0,2,0,6,0,0,0
prefuzz,enron_027503,text,0,2,0,6,0,0,0
prefuzz,enron_027532,text,0,3,0,6,0,0,0
prefuzz,enron_027621,text,0,2,0,6,0,0,0
prefuzz,enron_027685,text,0,2,0,6,0,0,0
prefuzz,enron_027795,text,0,53,1,6,6,6,1
prefuzz,enron_027801,text,0,55,1,6,6,6,1
prefuzz,enron_027813,text,0,2,0,6,0,0,0
prefuzz,enron_027853,text,0,2,0,6,0,0,0
prefuzz,enron_027855,text,0,2,0,6,0,0,0
prefuzz,enron_027894,text,0,2,0,6,0,0,0
prefuzz,enron_027921,text,0,2,0,6,0,0,0
prefuzz,enron_028021,text,0,2,0,6,0,0,0
prefuzz,enron_028065,text,0,402,37,6,4,170,67
prefuzz,enron_028073,text,0,2,0,6,0,0,0
prefuzz,enron_028149,text,0,82,2,6,6,12,2
prefuzz,enron_028189,text,0,2,0,6,0,0,0
prefuzz,enron_028259,text,0,76,2,6,6,14,4
prefuzz,enron_028314,text,0,3,0,6,0,0,0
prefuzz,enron_028332,text,0,2,0,6,0,0,0
prefuzz,enron_028418,text,0,2,0,6,0,0,0
prefuzz,enron_028452,text,0,2,0,6,0,0,0
prefuzz,enron_028501,text,0,2,0,6,0,0,0
prefuzz,enron_028544,text,0,2,0,6,0,0,0
prefuzz,enron_028551,text,0,55,1,6,6,6,1
prefuzz,enron_028592,text,0,59,2,6,6,12,2
prefuzz,enron_028599,text,0,2,0,6,0,0,0
prefuzz,enron_028684,text,0,2,0,6,0,0,0
prefuzz,enron_028712,text,0,2,0,6,0,0,0
prefuzz,enron_028790,text,0,2,0,6,0,0,0
prefuzz,enron_028933,text,0,2,0,6,0,0,0
prefuzz,enron_028949,text,0,2,0,6,0,0,0
prefuzz,enron_029140,text,0,3,0,6,0,0,0
prefuzz,enron_029284,text,0,2,0,6,0,0,0
prefuzz,enron_029292,text,0,2,0,6,0,0,0
prefuzz,enron_029303,text,0,18,0,6,1,2,2
prefuzz,enron_029326,text,0,2,0,6,0,0,0
prefuzz,enron_029343,text,0,2,0,6,0,0,0
prefuzz,enron_029358,text,0,261,0,6,2,82,50
prefuzz,enron_029435,text,0,44,0,6,3,4,4
prefuzz,enron_029440,text,0,2,0,6,0,0,0
prefuzz,enron_029582,text,0,2,0,6,0,0,0
prefuzz,enron_029587,text,0,2,0,6,0,0,0
prefuzz,enron_029601,text,0,2,0,6,0,0,0
prefuzz,enron_029626,text,0,2,0,6,0,0,0
prefuzz,enron_029714,text,0,2,0,6,0,0,0
prefuzz,enron_029744,text,0,2,0,6,0,0,0
prefuzz,enron_029756,text,0,2,0,6,0,0,0
prefuzz,enron_029957,text,0,2,0,6,0,0,0
prefuzz,enron_029977,text,0,2,0,6,0,0,0
prefuzz,enron_030015,text,0,2,0,6,0,0,0
prefuzz,enron_030021,text,0,2,0,6,0,0,0
prefuzz,enron_030053,text,0,57,1,6,6,6,1
prefuzz,enron_030071,text,0,2,0,6,0,0,0
prefuzz,enron_030106,text,0,2,0,6,0,0,0
prefuzz,enron_030167,text,0,3,0,6,0,0,0
prefuzz,enron_030195,text,0,2,0,6,0,0,0
prefuzz,enron_030353,text,0,2,0,6,0,0,0
prefuzz,enron_030406,text,0,2,0,6,0,0,0
prefuzz,enron_030469,text,0,2,0,6,0,0,0
prefuzz,enron_030509,text,0,2,0,6,0,0,0
prefuzz,enron_030574,text,0,53,1,6,6,6,1
prefuzz,enron_030621,text,0,2,0,6,0,0,0
prefuzz,enron_030675,text,0,2,0,6,0,0,0
prefuzz,enron_030703,text,0,2,0,6,0,0,0
prefuzz,enron_030708,text,0,2,0,6,0,0,0
prefuzz,enron_030749,text,0,56,1,6,6,6,1
prefuzz,enron_030755,text,0,53,1,6,6,6,1
prefuzz,enron_030796,text,0,2,0,6,0,0,0
prefuzz,enron_030799,text,0,51,1,6,6,6,1
prefuzz,enron_030904,text,0,52,1,6,6,6,1
prefuzz,enron_030954,text,0,17,0,6,1,1,1
prefuzz,enron_030969,text,0,2,0,6,0,0,0
prefuzz,enron_031002,text,0,2,0,6,0,0,0
prefuzz,enron_031003,text,0,2,0,6,0,0,0
prefuzz,enron_031069,text,0,2,0,6,0,0,0
prefuzz,enron_031072,text,0,2,0,6,0,0,0
prefuzz,enron_031227,text,0,50,1,6,6,6,1
prefuzz,enron_031316,text,0,2,0,6,0,0,0
prefuzz,enron_031341,text,0,53,1,6,6,6,1
prefuzz,enron_031495,text,0,2,0,6,0,0,0
prefuzz,enron_031502,text,0,74,2,6,6,12,2
prefuzz,enron_031545,text,0,2,0,6,0,0,0
prefuzz,enron_031740,text,0,2,0,6,0,0,0
prefuzz,enron_031836,text,0,2,0,6,0,0,0
prefuzz,enron_031851,text,0,45,1,6,6,6,1
prefuzz,enron_031896,text,0,2,0,6,0,0,0
prefuzz,enron_031972,text,0,2,0,6,0,0,0
prefuzz,enron_031985,text,0,2,0,6,0,0,0
prefuzz,enron_032000,text,0,53,1,6,6,6,1
prefuzz,enron_032025,text,0,2,0,6,0,0,0
prefuzz,enron_032156,text,0,2,0,6,0,0,0
prefuzz,enron_032177,text,0,2,0,6,0,0,0
prefuzz,enron_032254,text,0,2,0,6,0,0,0
prefuzz,enron_032256,text,0,45,1,6,6,6,1
prefuzz,enron_032283,text,0,2,0,6,0,0,0
prefuzz,enron_032301,text,0,48,1,6,6,6,1
prefuzz,enron_032323,text,0,2,0,6,0,0,0
prefuzz,enron_032328,text,0,2,0,6,0,0,0
prefuzz,enron_032361,text,0,2,0,6,0,0,0
prefuzz,enron_032475,text,0,17,0,6,1,2,2
prefuzz,enron_032513,text,0,2,0,6,0,0,0
prefuzz,enron_032520,text,0,91,6,6,6,36,6
prefuzz,enron_032561,text,0,2,0,6,0,0,0
prefuzz,enron_032572,text,0,2,0,6,0,0,0
prefuzz,enron_032655,text,0,42,1,6,6,6,1
prefuzz,enron_032664,text,0,1,0,6,0,0,0
prefuzz,enron_032718,text,0,1,0,6,0,0,0
prefuzz,enron_032757,text,0,1,0,6,0,0,0
prefuzz,enron_032837,text,0,43,1,6,6,6,1
prefuzz,enron_032876,text,0,2,0,6,0,0,0
prefuzz,enron_032885,text,0,2,0,6,0,0,0
prefuzz,enron_032918,text,0,1,0,6,0,0,0
prefuzz,enron_033017,text,0,1,0,6,0,0,0
prefuzz,enron_033023,text,0,1,0,6,0,0,0
prefuzz,enron_033047,text,0,2,0,6,0,0,0
prefuzz,enron_033067,text,0,2,0,6,0,0,0
prefuzz,enron_033111,text,0,2,0,6,0,0,0
prefuzz,enron_033131,text,0,2,0,6,0,0,0
prefuzz,enron_033149,text,0,2,0,6,0,0,0
prefuzz,enron_033246,text,0,2,0,6,0,0,0
prefuzz,enron_033341,text,0,1,0,6,0,0,0
prefuzz,enron_033436,text,0,2,0,6,0,0,0
prefuzz,enron_033496,text,0,1,0,6,0,0,0
prefuzz,enron_033536,text,0,44,1,6,6,6,1
prefuzz,enron_033597,text,0,1,0,6,0,0,0
prefuzz,enron_033599,text,0,44,1,6,6,6,1
prefuzz,enron_033696,text,0,2,0,6,0,0,0
prefuzz,enron_033761,text,0,2,0,6,0,0,0
prefuzz,enron_033762,text,0,2,0,6,0,0,0
prefuzz,enron_033833,text,0,2,0,6,0,0,0
prefuzz,enron_033889,text,0,2,0,6,0,0,0
prefuzz,enron_033950,text,0,2,0,6,0,0,0
prefuzz,enron_033967,text,0,140,16,6,6,96,16
prefuzz,enron_033992,text,0,1,0,6,0,0,0
prefuzz,enron_034195,text,0,2,0,6,0,0,0
prefuzz,enron_034281,text,0,2,0,6,0,0,0
prefuzz,enron_034325,text,0,1,0,6,0,0,0
prefuzz,enron_034395,text,0,2,0,6,0,0,0
prefuzz,enron_034444,text,0,2,0,6,0,0,0
prefuzz,enron_034473,text,0,44,1,6,6,6,1
prefuzz,enron_034494,text,0,2,0,6,0,0,0
prefuzz,enron_034629,text,0,44,1,6,6,6,1
prefuzz,enron_034671,text,0,2,0,6,0,0,0
prefuzz,enron_034682,text,0,50,2,6,6,12,2
prefuzz,enron_034729,text,0,1,0,6,0,0,0
prefuzz,enron_034733,text,0,1,0,6,0,0,0
prefuzz,enron_034755,text,0,2,0,6,0,0,0
prefuzz,enron_034814,text,0,1,0,6,0,0,0
prefuzz,enron_034945,text,0,1,0,6,0,0,0
prefuzz,enron_034959,text,0,1,0,6,0,0,0
prefuzz,enron_034995,text,0,52,2,6,6,12,2
prefuzz,enron_035012,text,0,8,0,6,1,0,0
prefuzz,enron_035035,text,0,1,0,6,0,0,0
prefuzz,enron_035042,text,0,2,0,6,0,0,0
prefuzz,enron_035178,text,0,2,0,6,0,0,0
prefuzz,enron_035204,text,0,2,0,6,0,0,0
prefuzz,enron_035234,text,0,2,0,6,0,0,0
prefuzz,enron_035285,text,0,2,0,6,0,0,0
prefuzz,enron_035319,text,0,1,0,6,0,0,0
prefuzz,enron_035330,text,0,1,0,6,0,0,0
prefuzz,enron_035396,text,0,1,0,6,0,0,0
prefuzz,enron_035409,text,0,43,1,6,6,6,1
prefuzz,enron_035423,text,0,2,0,6,0,0,0
prefuzz,enron_035491,text,0,52,1,6,6,6,1
prefuzz,enron_035509,text,0,2,0,6,0,0,0
prefuzz,enron_035517,text,0,1,0,6,0,0,0
prefuzz,enron_035624,text,0,1,0,6,0,0,0
prefuzz,enron_035707,text,0,1,0,6,0,0,0
prefuzz,enron_035733,text,0,2,0,6,0,0,0
prefuzz,enron_035769,text,0,2,0,6,0,0,0
prefuzz,enron_035796,text,0,89,8,6,6,48,8
prefuzz,enron_035815,text,0,2,0,6,0,0,0
prefuzz,enron_035867,text,0,2,0,6,0,0,0
prefuzz,enron_035931,text,0,2,0,6,0,0,0
prefuzz,enron_035982,text,0,1,0,6,0,0,0
prefuzz,enron_036008,text,0,2,0,6,0,0,0
prefuzz,enron_036076,text,0,2,0,6,0,0,0
prefuzz,enron_036193,text,0,2,0,6,0,0,0
prefuzz,enron_036195,text,0,2,0,6,0,0,0
prefuzz,enron_036209,text,0,44,1,6,6,6,1
prefuzz,enron_036280,text,0,2,0,6,0,0,0
prefuzz,enron_036298,text,0,2,0,6,0,0,0
prefuzz,enron_036325,text,0,1,0,6,0,0,0
prefuzz,enron_036389,text,0,2,0,6,0,0,0
prefuzz,enron_036475,text,0,45,1,6,6,6,1
prefuzz,enron_036504,text,0,2,0,6,0,0,0
prefuzz,enron_036537,text,0,1,0,6,0,0,0
prefuzz,enron_036562,text,0,2,0,6,0,0,0
prefuzz,enron_036567,text,0,2,0,6,0,0,0
prefuzz,enron_036666,text,0,1,0,6,0,0,0
prefuzz,enron_036672,text,0,1,0,6,0,0,0
prefuzz,enron_036686,text,0,2,0,6,0,0,0
prefuzz,enron_036700,text,0,2,0,6,0,0,0
prefuzz,enron_036723,text,0,2,0,6,0,0,0
prefuzz,enron_036737,text,0,2,0,6,0,0,0
prefuzz,enron_036758,text,0,2,0,6,0,0,0
prefuzz,enron_036788,text,0,2,0,6,0,0,0
prefuzz,enron_036793,text,0,1,0,6,0,0,0
prefuzz,enron_036870,text,0,1,0,6,0,0,0
prefuzz,enron_036880,text,0,2,0,6,0,0,0
prefuzz,enron_036957,text,0,2,0,6,0,0,0
prefuzz,enron_036982,text,0,1,0,6,0,0,0
prefuzz,enron_037012,text,0,1,0,6,0,0,0
prefuzz,enron_037028,text,0,2,0,6,0,0,0
prefuzz,enron_037035,text,0,1,0,6,0,0,0
prefuzz,enron_037106,text,0,1,0,6,0,0,0
prefuzz,enron_037135,text,0,2,0,6,0,0,0
prefuzz,enron_037159,text,0,1,0,6,0,0,0
prefuzz,enron_037213,text,0,2,0,6,0,0,0
prefuzz,enron_037268,text,0,2,0,6,0,0,0
prefuzz,enron_037317,text,0,1,0,6,0,0,0
prefuzz,enron_037475,text,0,2,0,6,0,0,0
prefuzz,enron_037622,text,0,46,1,6,6,6,1
prefuzz,enron_037638,text,0,2,0,6,0,0,0
prefuzz,enron_037686,text,0,1,0,6,0,0,0
prefuzz,enron_037729,text,0,2,0,6,0,0,0
prefuzz,enron_037856,text,0,2,0,6,0,0,0
prefuzz,enron_037873,text,0,2,0,6,0,0,0
prefuzz,enron_037899,text,0,43,1,6,6,6,1
prefuzz,enron_038080,text,0,2,0,6,0,0,0
prefuzz,enron_038087,text,0,2,0,6,0,0,0
prefuzz,enron_038088,text,0,2,0,6,0,0,0
prefuzz,enron_038091,text,0,2,0,6,0,0,0
prefuzz,enron_038100,text,0,1,0,6,0,0,0
prefuzz,enron_038176,text,0,1,0,6,0,0,0
prefuzz,enron_038248,text,0,45,1,6,6,6,1
prefuzz,enron_038336,text,0,50,2,6,6,12,2
prefuzz,enron_038346,text,0,81,7,6,6,42,7
prefuzz,enron_038351,text,0,57,3,6,6,18,3
prefuzz,enron_038405,text,0,1,0,6,0,0,0
prefuzz,enron_038428,text,0,1,0,6,0,0,0
prefuzz,enron_038655,text,0,2,0,6,0,0,0
prefuzz,enron_038660,text,0,1,0,6,0,0,0
prefuzz,enron_038727,text,0,2,0,6,0,0,0
prefuzz,enron_038738,text,0,1,0,6,0,0,0
prefuzz,enron_038847,text,0,1,0,6,0,0,0
prefuzz,enron_038854,text,0,2,0,6,0,0,0
prefuzz,enron_038888,text,0,1,0,6,0,0,0
prefuzz,enron_038981,text,0,44,1,6,6,6,1
prefuzz,enron_039020,text,0,2,0,6,0,0,0
prefuzz,enron_039031,text,0,1,0,6,0,0,0
prefuzz,enron_039054,text,0,2,0,6,0,0,0
prefuzz,enron_039164,text,0,1,0,6,0,0,0
prefuzz,enron_039187,text,0,8,0,6,1,0,0
prefuzz,enron_039206,text,0,2,0,6,0,0,0
prefuzz,enron_039229,text,0,41,1,6,6,6,1
prefuzz,enron_039305,text,0,2,0,6,0,0,0
prefuzz,enron_039347,text,0,2,0,6,0,0,0
prefuzz,enron_039355,text,0,2,0,6,0,0,0
prefuzz,enron_039682,text,0,2,0,6,0,0,0
prefuzz,enron_039777,text,0,2,0,6,0,0,0
prefuzz,enron_039819,text,0,2,0,6,0,0,0
prefuzz,enron_039960,text,0,2,0,6,0,0,0
prefuzz,enron_040147,text,0,2,0,6,0,0,0
prefuzz,enron_040174,text,0,2,0,6,0,0,0
prefuzz,enron_040273,text,0,42,1,6,6,6,1
prefuzz,enron_040559,text,0,2,0,6,0,0,0
prefuzz,enron_040572,text,0,2,0,6,0,0,0
prefuzz,enron_040828,text,0,1,0,6,0,0,0
prefuzz,enron_040838,text,0,2,0,6,0,0,0
prefuzz,enron_040874,text,0,52,3,6,6,18,3
prefuzz,enron_040876,text,0,1,0,6,0,0,0
prefuzz,enron_040905,text,0,54,2,6,6,12,2
prefuzz,enron_040934,text,0,2,0,6,0,0,0
prefuzz,enron_040949,text,0,1,0,6,0,0,0
prefuzz,enron_040963,text,0,2,0,6,0,0,0
prefuzz,enron_041006,text,0,45,1,6,6,6,1
prefuzz,enron_041010,text,0,1,0,6,0,0,0
prefuzz,enron_041072,text,0,2,0,6,0,0,0
prefuzz,enron_041106,text,0,2,0,6,0,0,0
prefuzz,enron_041133,text,0,2,0,6,0,0,0
prefuzz,enron_041153,text,0,1,0,6,0,0,0
prefuzz,enron_041186,text,0,1,0,6,0,0,0
prefuzz,enron_041354,text,0,43,1,6,6,6,1
prefuzz,enron_041483,text,0,1,0,6,0,0,0
prefuzz,enron_041524,text,0,2,0,6,0,0,0
prefuzz,enron_041603,text,0,1,0,6,0,0,0
prefuzz,enron_041616,text,0,2,0,6,0,0,0
prefuzz,enron_041737,text,0,32,1,6,6,6,1
prefuzz,enron_041739,text,0,2,0,6,0,0,0
prefuzz,enron_041742,text,0,43,1,6,6,6,1
prefuzz,enron_041764,text,0,2,0,6,0,0,0
prefuzz,enron_041816,text,0,1,0,6,0,0,0
prefuzz,enron_041818,text,0,2,0,6,0,0,0
prefuzz,enron_041825,text,0,2,0,6,0,0,0
prefuzz,enron_041843,text,0,1,0,6,0,0,0
prefuzz,enron_041931,text,0,1,0,6,0,0,0
prefuzz,enron_041952,text,0,1,0,6,0,0,0
prefuzz,enron_041966,text,0,1,0,6,0,0,0
prefuzz,enron_042029,text,0,2,0,6,0,0,0
prefuzz,enron_042035,text,0,1,0,6,0,0,0
prefuzz,enron_042051,text,0,1,0,6,0,0,0
prefuzz,enron_042055,text,0,2,0,6,0,0,0
prefuzz,enron_042068,text,0,2,0,6,0,0,0
prefuzz,enron_042083,text,0,1,0,6,0,0,0
prefuzz,enron_042145,text,0,2,0,6,0,0,0
prefuzz,enron_042162,text,0,2,0,6,0,0,0
prefuzz,enron_042255,text,0,2,0,6,0,0,0
prefuzz,enron_042297,text,0,1,0,6,0,0,0
prefuzz,enron_042334,text,0,2,0,6,0,0,0
prefuzz,enron_042399,text,0,1,0,6,0,0,0
prefuzz,enron_042429,text,0,1,0,6,0,0,0
prefuzz,enron_042431,text,0,2,0,6,0,0,0
prefuzz,enron_042495,text,0,2,0,6,0,0,0
prefuzz,enron_042524,text,0,1,0,6,0,0,0
prefuzz,enron_042534,text,0,52,2,6,6,12,2
prefuzz,enron_042545,text,0,45,1,6,6,6,1
prefuzz,enron_042561,text,0,2,0,6,0,0,0
prefuzz,enron_042686,text,0,2,0,6,0,0,0
prefuzz,enron_042722,text,0,414,38,6,5,170,69
prefuzz,enron_042734,text,0,2,0,6,0,0,0
prefuzz,enron_042795,text,0,2,0,6,0,0,0
prefuzz,enron_042830,text,0,2,0,6,0,0,0
prefuzz,enron_042986,text,0,46,1,6,6,6,1
prefuzz,enron_043088,text,0,2,0,6,0,0,0
prefuzz,enron_043106,text,0,2,0,6,0,0,0
prefuzz,enron_043141,text,0,2,0,6,0,0,0
prefuzz,enron_043148,text,0,1,0,6,0,0,0
prefuzz,enron_043208,text,0,1,0,6,0,0,0
prefuzz,enron_043256,text,0,2,0,6,0,0,0
prefuzz,enron_043356,text,0,2,0,6,0,0,0
prefuzz,enron_043361,text,0,2,0,6,0,0,0
prefuzz,enron_043417,text,0,2,0,6,0,0,0
prefuzz,enron_043435,text,0,1,0,6,0,0,0
prefuzz,enron_043489,text,0,2,0,6,0,0,0
prefuzz,enron_043506,text,0,2,0,6,0,0,0
prefuzz,enron_043699,text,0,1,0,6,0,0,0
prefuzz,enron_043735,text,0,2,0,6,0,0,0
prefuzz,enron_043806,text,0,1,0,6,0,0,0
prefuzz,enron_043808,text,0,1,0,6,0,0,0
prefuzz,enron_043864,text,0,2,0,6,0,0,0
prefuzz,enron_043945,text,0,2,0,6,0,0,0
prefuzz,enron_044106,text,0,1,0,6,0,0,0
prefuzz,enron_044121,text,0,2,0,6,0,0,0
prefuzz,enron_044166,text,0,2,0,6,0,0,0
prefuzz,enron_044240,text,0,2,0,6,0,0,0
prefuzz,enron_044265,text,0,1,0,6,0,0,0
prefuzz,enron_044398,text,0,2,0,6,0,0,0
prefuzz,enron_044503,text,0,1,0,6,0,0,0
prefuzz,enron_044508,text,0,49,1,6,6,7,2
prefuzz,enron_044520,text,0,2,0,6,0,0,0
prefuzz,enron_044533,text,0,2,0,6,0,0,0
prefuzz,enron_044536,text,0,50,1,6,6,6,1
prefuzz,enron_044557,text,0,1,0,6,0,0,0
prefuzz,enron_044587,text,0,1,0,6,0,0,0
prefuzz,enron_044625,text,0,48,1,6,6,6,1
prefuzz,enron_044706,text,0,43,1,6,6,6,1
prefuzz,enron_044724,text,0,2,0,6,0,0,0
prefuzz,enron_044796,text,0,2,0,6,0,0,0
prefuzz,enron_044802,text,0,1,0,6,0,0,0
prefuzz,enron_044825,text,0,1,0,6,0,0,0
prefuzz,enron_044841,text,0,2,0,6,0,0,0
prefuzz,enron_044903,text,0,1,0,6,0,0,0
prefuzz,enron_044947,text,0,1,0,6,0,0,0
prefuzz,enron_044998,text,0,1,0,6,0,0,0
prefuzz,enron_045032,text,0,1,0,6,0,0,0
prefuzz,enron_045106,text,0,45,1,6,6,6,1
prefuzz,enron_045148,text,0,1,0,6,0,0,0
prefuzz,enron_045150,text,0,45,1,6,6,6,1
prefuzz,enron_045157,text,0,1,0,6,0,0,0
prefuzz,enron_045273,text,0,2,0,6,0,0,0
prefuzz,enron_045316,text,0,2,0,6,0,0,0
prefuzz,enron_045343,text,0,2,0,6,0,0,0
prefuzz,enron_045380,text,0,2,0,6,0,0,0
prefuzz,enron_045588,text,0,1,0,6,0,0,0
prefuzz,enron_045604,text,0,1,0,6,0,0,0
prefuzz,enron_045685,text,0,58,4,6,6,24,4
prefuzz,enron_045688,text,0,2,0,6,0,0,0
prefuzz,enron_045734,text,0,2,0,6,0,0,0
prefuzz,enron_045775,text,0,1,0,6,0,0,0
prefuzz,enron_045845,text,0,1,0,6,0,0,0
prefuzz,enron_045930,text,0,1,0,6,0,0,0
prefuzz,enron_045995,text,0,1,0,6,0,0,0
prefuzz,enron_046002,text,0,1,0,6,0,0,0
prefuzz,enron_046011,text,0,1,0,6,0,0,0
prefuzz,enron_046065,text,0,84,7,6,6,42,7
prefuzz,enron_046108,text,0,1,0,6,0,0,0
prefuzz,enron_046110,text,0,2,0,6,0,0,0
prefuzz,enron_046179,text,0,1,0,6,0,0,0
prefuzz,enron_046189,text,0,2,0,6,0,0,0
prefuzz,enron_046194,text,0,1,0,6,0,0,0
prefuzz,enron_046236,text,0,1,0,6,0,0,0
prefuzz,enron_046249,text,0,1,0,6,0,0,0
prefuzz,enron_046256,text,0,45,1,6,6,6,1
prefuzz,enron_046315,text,0,1,0,6,0,0,0
prefuzz,enron_046350,text,0,2,0,6,0,0,0
prefuzz,enron_046435,text,0,1,0,6,0,0,0
prefuzz,enron_046509,text,0,2,0,6,0,0,0
prefuzz,enron_046512,text,0,2,0,6,0,0,0
prefuzz,enron_046543,text,0,1,0,6,0,0,0
prefuzz,enron_046568,text,0,3,0,6,0,0,0
prefuzz,enron_046581,text,0,2,0,6,0,0,0
prefuzz,enron_046658,text,0,1,0,6,0,0,0
prefuzz,enron_046708,text,0,2,0,6,0,0,0
prefuzz,enron_046713,text,0,1,0,6,0,0,0
prefuzz,enron_046786,text,0,2,0,6,0,0,0
prefuzz,enron_046830,text,0,1,0,6,0,0,0
prefuzz,enron_046852,text,0,42,1,6,6,6,1
prefuzz,enron_046859,text,0,1,0,6,0,0,0
prefuzz,enron_046868,text,0,2,0,6,0,0,0
prefuzz,enron_046920,text,0,43,1,6,6,6,1
prefuzz,enron_047046,text,0,2,0,6,0,0,0
prefuzz,enron_047076,text,0,1,0,6,0,0,0
prefuzz,enron_047089,text,0,43,1,6,6,6,1
prefuzz,enron_047156,text,0,1,0,6,0,0,0
prefuzz,enron_047174,text,0,45,1,6,6,6,1
prefuzz,enron_047209,text,0,1,0,6,0,0,0
prefuzz,enron_047360,text,0,1,0,6,0,0,0
prefuzz,enron_047383,text,0,45,1,6,6,6,1
prefuzz,enron_047431,text,0,2,0,6,0,0,0
prefuzz,enron_047443,text,0,1,0,6,0,0,0
prefuzz,enron_047592,text,0,1,0,6,0,0,0
prefuzz,enron_047594,text,0,2,0,6,0,0,0
prefuzz,enron_047612,text,0,1,0,6,0,0,0
prefuzz,enron_047761,text,0,2,0,6,0,0,0
prefuzz,enron_047776,text,0,1,0,6,0,0,0
prefuzz,enron_047895,text,0,2,0,6,0,0,0
prefuzz,enron_047967,text,0,2,0,6,0,0,0
prefuzz,enron_048077,text,0,2,0,6,0,0,0
prefuzz,enron_048211,text,0,60,1,6,6,6,1
prefuzz,enron_048326,text,0,2,0,6,0,0,0
prefuzz,enron_048389,text,0,46,1,6,6,6,1
prefuzz,enron_048421,text,0,2,0,6,0,0,0
prefuzz,enron_048445,text,0,2,0,6,0,0,0
prefuzz,enron_048499,text,0,1,0,6,0,0,0
prefuzz,enron_048522,text,0,2,0,6,0,0,0
prefuzz,enron_048565,text,0,2,0,6,0,0,0
prefuzz,enron_048570,text,0,1,0,6,0,0,0
prefuzz,enron_048576,text,0,2,0,6,0,0,0
prefuzz,enron_048623,text,0,2,0,6,0,0,0
prefuzz,enron_048664,text,0,1,0,6,0,0,0
prefuzz,enron_048707,text,0,120,10,6,6,60,10
prefuzz,enron_048715,text,0,63,3,6,6,18,3
prefuzz,enron_048779,text,0,2,0,6,0,0,0
prefuzz,enron_048806,text,0,1,0,6,0,0,0
prefuzz,enron_048863,text,0,2,0,6,0,0,0
prefuzz,enron_048888,text,0,2,0,6,0,0,0
prefuzz,enron_048962,text,0,2,0,6,0,0,0
prefuzz,enron_049057,text,0,2,0,6,0,0,0
prefuzz,enron_049092,text,0,1,0,6,0,0,0
prefuzz,enron_049164,text,0,2,0,6,0,0,0
prefuzz,enron_049177,text,0,2,0,6,0,0,0
prefuzz,enron_049232,text,0,2,0,6,0,0,0
prefuzz,enron_049405,text,0,2,0,6,0,0,0
prefuzz,enron_049417,text,0,47,1,6,6,6,1
prefuzz,enron_049467,text,0,2,0,6,0,0,0
prefuzz,enron_049568,text,0,2,0,6,0,0,0
prefuzz,enron_049581,text,0,2,0,6,0,0,0
prefuzz,enron_049607,text,0,2,0,6,0,0,0
prefuzz,enron_049622,text,0,2,0,6,0,0,0
prefuzz,enron_049758,text,0,2,0,6,0,0,0
prefuzz,enron_049818,text,0,67,1,6,6,6,1
prefuzz,enron_049842,text,0,95,7,6,6,42,7
prefuzz,enron_049851,text,0,2,0,6,0,0,0
prefuzz,enron_049953,text,0,2,0,6,0,0,0
prefuzz,enron_050002,text,0,256,22,6,6,127,31
prefuzz,enron_050061,text,0,2,0,6,0,0,0
prefuzz,enron_050129,text,0,2,0,6,0,0,0
prefuzz,enron_050223,text,0,2,0,6,0,0,0
prefuzz,enron_050299,text,0,2,0,6,0,0,0
prefuzz,enron_050431,text,0,2,0,6,0,0,0
prefuzz,enron_050432,text,0,2,0,6,0,0,0
prefuzz,enron_050552,text,0,2,0,6,0,0,0
prefuzz,enron_050626,text,0,2,0,6,0,0,0
prefuzz,enron_050640,text,0,2,0,6,0,0,0
prefuzz,enron_050694,text,0,2,0,6,0,0,0
prefuzz,enron_050763,text,0,2,0,6,0,0,0
prefuzz,enron_050813,text,0,60,1,6,6,7,2
prefuzz,enron_050821,text,0,2,0,6,0,0,0
prefuzz,enron_050872,text,0,2,0,6,0,0,0
prefuzz,enron_050899,text,0,2,0,6,0,0,0
prefuzz,enron_050925,text,0,2,0,6,0,0,0
prefuzz,enron_050927,text,0,2,0,6,0,0,0
prefuzz,enron_050971,text,0,2,0,6,0,0,0
prefuzz,enron_051000,text,0,2,0,6,0,0,0
prefuzz,enron_051034,text,0,2,0,6,0,0,0
prefuzz,enron_051161,text,0,2,0,6,0,0,0
prefuzz,enron_051188,text,0,2,0,6,0,0,0
prefuzz,enron_051225,text,0,2,0,6,0,0,0
prefuzz,enron_051292,text,0,55,1,6,6,6,1
prefuzz,enron_051339,text,0,55,1,6,6,6,1
prefuzz,enron_051404,text,0,62,1,6,6,6,1
prefuzz,enron_051425,text,0,2,0,6,0,0,0
prefuzz,enron_051663,text,0,2,0,6,0,0,0
prefuzz,enron_051715,text,0,2,0,6,0,0,0
prefuzz,enron_000036,text,1,2,0,6,0,0,0
prefuzz,enron_000068,text,1,8,0,6,1,0,0
prefuzz,enron_000075,text,1,1,0,6,0,0,0
prefuzz,enron_000102,text,1,2,0,6,0,0,0
prefuzz,enron_000166,text,1,2,0,6,0,0,0
prefuzz,enron_000263,text,1,1,0,6,0,0,0
prefuzz,enron_000283,text,1,55,1,6,6,6,1
prefuzz,enron_000406,text,1,43,1,6,6,6,1
prefuzz,enron_000570,text,1,2,0,6,0,0,0
prefuzz,enron_000671,text,1,2,0,6,0,0,0
prefuzz,enron_000704,text,1,1,0,6,0,0,0
prefuzz,enron_000721,text,1,1,0,6,0,0,0
prefuzz,enron_000778,text,1,2,0,6,0,0,0
prefuzz,enron_000864,text,1,1,0,6,0,0,0
prefuzz,enron_000867,text,1,1,0,6,0,0,0
prefuzz,enron_000927,text,1,2,0,6,0,0,0
prefuzz,enron_000963,text,1,49,1,6,6,6,1
prefuzz,enron_000976,text,1,2,0,6,0,0,0
prefuzz,enron_000979,text,1,2,0,6,0,0,0
prefuzz,enron_001066,text,1,45,1,6,6,6,1
prefuzz,enron_001200,text,1,58,3,6,6,18,3
prefuzz,enron_001228,text,1,2,0,6,0,0,0
prefuzz,enron_001275,text,1,2,0,6,0,0,0
prefuzz,enron_001276,text,1,2,0,6,0,0,0
prefuzz,enron_001325,text,1,82,7,6,6,42,7
prefuzz,enron_001331,text,1,1,0,6,0,0,0
prefuzz,enron_001423,text,1,1,0,6,0,0,0
prefuzz,enron_001431,text,1,2,0,6,0,0,0
prefuzz,enron_001443,text,1,1,0,6,0,0,0
prefuzz,enron_001446,text,1,1,0,6,0,0,0
prefuzz,enron_001495,text,1,1,0,6,0,0,0
prefuzz,enron_001504,text,1,1,0,6,0,0,0
prefuzz,enron_001513,text,1,1,0,6,0,0,0
prefuzz,enron_001603,text,1,1,0,6,0,0,0
prefuzz,enron_001617,text,1,1,0,6,0,0,0
prefuzz,enron_001731,text,1,1,0,6,0,0,0
prefuzz,enron_001808,text,1,58,2,6,6,13,3
prefuzz,enron_001864,text,1,1,0,6,0,0,0
prefuzz,enron_001963,text,1,41,1,6,6,6,1
prefuzz,enron_001993,text,1,51,2,6,6,12,2
prefuzz,enron_002051,text,1,44,1,6,6,6,1
prefuzz,enron_002091,text,1,41,1,6,6,6,1
prefuzz,enron_002186,text,1,2,0,6,0,0,0
prefuzz,enron_002207,text,1,2,0,6,0,0,0
prefuzz,enron_002248,text,1,1,0,6,0,0,0
prefuzz,enron_002448,text,1,1,0,6,0,0,0
prefuzz,enron_002463,text,1,2,0,6,0,0,0
prefuzz,enron_002474,text,1,2,0,6,0,0,0
prefuzz,enron_002551,text,1,2,0,6,0,0,0
prefuzz,enron_002553,text,1,1,0,6,0,0,0
prefuzz,enron_002598,text,1,2,0,6,0,0,0
prefuzz,enron_002619,text,1,2,0,6,0,0,0
prefuzz,enron_002631,text,1,2,0,6,0,0,0
prefuzz,enron_002660,text,1,1,0,6,0,0,0
prefuzz,enron_002663,text,1,2,0,6,0,0,0
prefuzz,enron_002701,text,1,44,1,6,6,6,1
prefuzz,enron_002793,text,1,1,0,6,0,0,0
prefuzz,enron_002910,text,1,44,1,6,6,6,1
prefuzz,enron_002915,text,1,1,0,6,0,0,0
prefuzz,enron_002938,text,1,1,0,6,0,0,0
prefuzz,enron_002944,text,1,1,0,6,0,0,0
prefuzz,enron_003055,text,1,2,0,6,0,0,0
prefuzz,enron_003099,text,1,1,0,6,0,0,0
prefuzz,enron_003206,text,1,41,1,6,6,6,1
prefuzz,enron_003214,text,1,51,2,6,6,12,2
prefuzz,enron_003224,text,1,60,3,6,6,18,3
prefuzz,enron_003314,text,1,2,0,6,0,0,0
prefuzz,enron_003334,text,1,1,0,6,0,0,0
prefuzz,enron_003336,text,1,115,11,6,6,66,11
prefuzz,enron_003385,text,1,1,0,6,0,0,0
prefuzz,enron_003490,text,1,1,0,6,0,0,0
prefuzz,enron_003616,text,1,71,5,6,6,30,5
prefuzz,enron_003722,text,1,76,6,6,6,36,6
prefuzz,enron_003793,text,1,1,0,6,0,0,0
prefuzz,enron_003853,text,1,2,0,6,0,0,0
prefuzz,enron_003931,text,1,2,0,6,0,0,0
prefuzz,enron_003936,text,1,1,0,6,0,0,0
prefuzz,enron_003979,text,1,1,0,6,0,0,0
prefuzz,enron_004033,text,1,44,1,6,6,6,1
prefuzz,enron_004082,text,1,2,0,6,0,0,0
prefuzz,enron_004266,text,1,1,0,6,0,0,0
prefuzz,enron_004285,text,1,1,0,6,0,0,0
prefuzz,enron_004319,text,1,2,0,6,0,0,0
prefuzz,enron_004399,text,1,2,0,6,0,0,0
prefuzz,enron_004409,text,1,41,1,6,6,6,1
prefuzz,enron_004416,text,1,2,0,6,0,0,0
prefuzz,enron_004501,text,1,1,0,6,0,0,0
prefuzz,enron_004503,text,1,1,0,6,0,0,0
prefuzz,enron_004558,text,1,45,1,6,6,6,1
prefuzz,enron_004626,text,1,2,0,6,0,0,0
prefuzz,enron_004629,text,1,1,0,6,0,0,0
prefuzz,enron_004768,text,1,1,0,6,0,0,0
prefuzz,enron_004820,text,1,2,0,6,0,0,0
prefuzz,enron_004915,text,1,2,0,6,0,0,0
prefuzz,enron_005066,text,1,1,0,6,0,0,0
prefuzz,enron_005104,text,1,2,0,6,0,0,0
prefuzz,enron_005207,text,1,2,0,6,0,0,0
prefuzz,enron_005284,text,1,1,0,6,0,0,0
prefuzz,enron_005318,text,1,2,0,6,0,0,0
prefuzz,enron_005350,text,1,1,0,6,0,0,0
prefuzz,enron_005393,text,1,2,0,6,0,0,0
prefuzz,enron_005395,text,1,1,0,6,0,0,0
prefuzz,enron_005402,text,1,1,0,6,0,0,0
prefuzz,enron_005420,text,1,2,0,6,0,0,0
prefuzz,enron_005452,text,1,1,0,6,0,0,0
prefuzz,enron_005457,text,1,1,0,6,0,0,0
prefuzz,enron_005530,text,1,1,0,6,0,0,0
prefuzz,enron_005539,text,1,1,0,6,0,0,0
prefuzz,enron_005563,text,1,1,0,6,0,0,0
prefuzz,enron_005587,text,1,41,1,6,6,6,1
prefuzz,enron_005632,text,1,1,0,6,0,0,0
prefuzz,enron_005636,text,1,2,0,6,0,0,0
prefuzz,enron_005743,text,1,2,0,6,0,0,0
prefuzz,enron_005787,text,1,1,0,6,0,0,0
prefuzz,enron_005880,text,1,2,0,6,0,0,0
prefuzz,enron_005922,text,1,1,0,6,0,0,0
prefuzz,enron_005965,text,1,1,0,6,0,0,0
prefuzz,enron_006008,text,1,41,1,6,6,6,1
prefuzz,enron_006107,text,1,45,1,6,6,6,1
prefuzz,enron_006321,text,1,1,0,6,0,0,0
prefuzz,enron_006348,text,1,1,0,6,0,0,0
prefuzz,enron_006350,text,1,1,0,6,0,0,0
prefuzz,enron_006351,text,1,46,1,6,6,6,1
prefuzz,enron_006389,text,1,43,1,6,6,6,1
prefuzz,enron_006400,text,1,2,0,6,0,0,0
prefuzz,enron_006470,text,1,43,1,6,6,6,1
prefuzz,enron_006498,text,1,1,0,6,0,0,0
prefuzz,enron_006520,text,1,2,0,6,0,0,0
prefuzz,enron_006540,text,1,1,0,6,0,0,0
prefuzz,enron_006545,text,1,1,0,6,0,0,0
prefuzz,enron_006581,text,1,1,0,6,0,0,0
prefuzz,enron_006667,text,1,2,0,6,0,0,0
prefuzz,enron_006745,text,1,1,0,6,0,0,0
prefuzz,enron_006816,text,1,52,2,6,6,12,2
prefuzz,enron_006851,text,1,1,0,6,0,0,0
prefuzz,enron_006911,text,1,2,0,6,0,0,0
prefuzz,enron_006918,text,1,1,0,6,0,0,0
prefuzz,enron_006937,text,1,1,0,6,0,0,0
prefuzz,enron_006938,text,1,1,0,6,0,0,0
prefuzz,enron_006982,text,1,41,1,6,6,6,1
prefuzz,enron_006994,text,1,2,0,6,0,0,0
prefuzz,enron_007044,text,1,2,0,6,0,0,0
prefuzz,enron_007172,text,1,45,1,6,6,6,1
prefuzz,enron_007173,text,1,2,0,6,0,0,0
prefuzz,enron_007254,text,1,1,0,6,0,0,0
prefuzz,enron_007298,text,1,2,0,6,0,0,0
prefuzz,enron_007312,text,1,44,1,6,6,6,1
prefuzz,enron_007359,text,1,1,0,6,0,0,0
prefuzz,enron_007435,text,1,2,0,6,0,0,0
prefuzz,enron_007458,text,1,1,0,6,0,0,0
prefuzz,enron_007496,text,1,52,1,6,6,6,1
prefuzz,enron_007575,text,1,2,0,6,0,0,0
prefuzz,enron_007703,text,1,2,0,6,0,0,0
prefuzz,enron_007749,text,1,8,0,6,1,0,0
prefuzz,enron_007927,text,1,1,0,6,0,0,0
prefuzz,enron_007960,text,1,1,0,6,0,0,0
prefuzz,enron_008050,text,1,1,0,6,0,0,0
prefuzz,enron_008113,text,1,43,1,6,6,6,1
prefuzz,enron_008207,text,1,1,0,6,0,0,0
prefuzz,enron_008219,text,1,1,0,6,0,0,0
prefuzz,enron_008245,text,1,1,0,6,0,0,0
prefuzz,enron_008283,text,1,1,0,6,0,0,0
prefuzz,enron_008325,text,1,2,0,6,0,0,0
prefuzz,enron_008333,text,1,1,0,6,0,0,0
prefuzz,enron_008360,text,1,2,0,6,0,0,0
prefuzz,enron_008425,text,1,2,0,6,0,0,0
prefuzz,enron_008641,text,1,1,0,6,0,0,0
prefuzz,enron_008669,text,1,1,0,6,0,0,0
prefuzz,enron_008692,text,1,1,0,6,0,0,0
prefuzz,enron_008703,text,1,85,7,6,6,42,7
prefuzz,enron_008727,text,1,43,1,6,6,6,1
prefuzz,enron_008884,text,1,1,0,6,0,0,0
prefuzz,enron_008887,text,1,2,0,6,0,0,0
prefuzz,enron_008888,text,1,61,1,6,6,6,1
prefuzz,enron_008916,text,1,2,0,6,0,0,0
prefuzz,enron_009024,text,1,2,0,6,0,0,0
prefuzz,enron_009039,text,1,2,0,6,0,0,0
prefuzz,enron_009106,text,1,2,0,6,0,0,0
prefuzz,enron_009185,text,1,2,0,6,0,0,0
prefuzz,enron_009214,text,1,2,0,6,0,0,0
prefuzz,enron_009262,text,1,80,6,6,6,36,6
prefuzz,enron_009306,text,1,1,0,6,0,0,0
prefuzz,enron_009358,text,1,56,3,6,6,18,3
prefuzz,enron_009503,text,1,1,0,6,0,0,0
prefuzz,enron_009557,text,1,1,0,6,0,0,0
prefuzz,enron_009562,text,1,47,1,6,6,6,1
prefuzz,enron_009564,text,1,2,0,6,0,0,0
prefuzz,enron_009649,text,1,2,0,6,0,0,0
prefuzz,enron_009655,text,1,2,0,6,0,0,0
prefuzz,enron_009676,text,1,1,0,6,0,0,0
prefuzz,enron_009709,text,1,74,5,6,6,30,5
prefuzz,enron_009788,text,1,54,2,6,6,12,2
prefuzz,enron_009936,text,1,1,0,6,0,0,0
prefuzz,enron_009948,text,1,1,0,6,0,0,0
prefuzz,enron_009983,text,1,2,0,6,0,0,0
prefuzz,enron_010027,text,1,1,0,6,0,0,0
prefuzz,enron_010045,text,1,2,0,6,0,0,0
prefuzz,enron_010181,text,1,2,0,6,0,0,0
prefuzz,enron_010278,text,1,2,0,6,0,0,0
prefuzz,enron_010288,text,1,1,0,6,0,0,0
prefuzz,enron_010339,text,1,44,1,6,6,6,1
prefuzz,enron_010348,text,1,1,0,6,0,0,0
prefuzz,enron_010437,text,1,1,0,6,0,0,0
prefuzz,enron_010461,text,1,2,0,6,0,0,0
prefuzz,enron_010478,text,1,1,0,6,0,0,0
prefuzz,enron_010594,text,1,1,0,6,0,0,0
prefuzz,enron_010596,text,1,2,0,6,0,0,0
prefuzz,enron_010629,text,1,47,1,6,6,6,1
prefuzz,enron_010630,text,1,2,0,6,0,0,0
prefuzz,enron_010697,text,1,2,0,6,0,0,0
prefuzz,enron_010731,text,1,2,0,6,0,0,0
prefuzz,enron_010734,text,1,1,0,6,0,0,0
prefuzz,enron_010781,text,1,2,0,6,0,0,0
prefuzz,enron_010865,text,1,45,1,6,6,6,1
prefuzz,enron_010908,text,1,1,0,6,0,0,0
prefuzz,enron_010937,text,1,2,0,6,0,0,0
prefuzz,enron_010955,text,1,1,0,6,0,0,0
prefuzz,enron_010978,text,1,1,0,6,0,0,0
prefuzz,enron_011001,text,1,42,1,6,6,6,1
prefuzz,enron_011058,text,1,45,1,6,6,6,1
prefuzz,enron_011122,text,1,2,0,6,0,0,0
prefuzz,enron_011224,text,1,1,0,6,0,0,0
prefuzz,enron_011359,text,1,19,0,6,2,2,1
prefuzz,enron_011369,text,1,2,0,6,0,0,0
prefuzz,enron_011426,text,1,2,0,6,0,0,0
prefuzz,enron_011476,text,1,1,0,6,0,0,0
prefuzz,enron_011536,text,1,8,0,6,0,0,0
prefuzz,enron_011550,text,1,1,0,6,0,0,0
prefuzz,enron_011717,text,1,2,0,6,0,0,0
prefuzz,enron_011727,text,1,8,0,6,1,0,0
prefuzz,enron_011750,text,1,45,1,6,6,6,1
prefuzz,enron_011829,text,1,2,0,6,0,0,0
prefuzz,enron_011904,text,1,1,0,6,0,0,0
prefuzz,enron_011973,text,1,1,0,6,0,0,0
prefuzz,enron_011987,text,1,1,0,6,0,0,0
prefuzz,enron_012017,text,1,1,0,6,0,0,0
prefuzz,enron_012087,text,1,1,0,6,0,0,0
prefuzz,enron_012117,text,1,2,0,6,0,0,0
prefuzz,enron_012215,text,1,2,0,6,0,0,0
prefuzz,enron_012293,text,1,2,0,6,0,0,0
prefuzz,enron_012344,text,1,44,1,6,6,6,1
prefuzz,enron_012360,text,1,1,0,6,0,0,0
prefuzz,enron_012395,text,1,2,0,6,0,0,0
prefuzz,enron_012501,text,1,2,0,6,0,0,0
prefuzz,enron_012547,text,1,2,0,6,0,0,0
prefuzz,enron_012591,text,1,2,0,6,0,0,0
prefuzz,enron_012596,text,1,2,0,6,0,0,0
prefuzz,enron_012745,text,1,47,1,6,6,6,1
prefuzz,enron_012803,text,1,20,0,6,2,2,1
prefuzz,enron_012825,text,1,1,0,6,0,0,0
prefuzz,enron_012835,text,1,2,0,6,0,0,0
prefuzz,enron_012838,text,1,2,0,6,0,0,0
prefuzz,enron_012909,text,1,2,0,6,0,0,0
prefuzz,enron_012940,text,1,46,1,6,6,6,1
prefuzz,enron_012953,text,1,2,0,6,0,0,0
prefuzz,enron_013069,text,1,2,0,6,0,0,0
prefuzz,enron_013097,text,1,2,0,6,0,0,0
prefuzz,enron_013264,text,1,1,0,6,0,0,0
prefuzz,enron_013308,text,1,2,0,6,0,0,0
prefuzz,enron_013380,text,1,2,0,6,0,0,0
prefuzz,enron_013515,text,1,2,0,6,0,0,0
prefuzz,enron_013580,text,1,2,0,6,0,0,0
prefuzz,enron_013613,text,1,1,0,6,0,0,0
prefuzz,enron_013653,text,1,1,0,6,0,0,0
prefuzz,enron_013720,text,1,118,11,6,6,66,11
prefuzz,enron_013751,text,1,2,0,6,0,0,0
prefuzz,enron_013764,text,1,2,0,6,0,0,0
prefuzz,enron_013766,text,1,14,0,6,1,1,1
prefuzz,enron_013832,text,1,2,0,6,0,0,0
prefuzz,enron_013842,text,1,2,0,6,0,0,0
prefuzz,enron_013862,text,1,1,0,6,0,0,0
prefuzz,enron_013876,text,1,2,0,6,0,0,0
prefuzz,enron_014019,text,1,2,0,6,0,0,0
prefuzz,enron_014136,text,1,52,2,6,6,12,2
prefuzz,enron_014167,text,1,2,0,6,0,0,0
prefuzz,enron_014180,text,1,45,1,6,6,6,1
prefuzz,enron_014263,text,1,2,0,6,0,0,0
prefuzz,enron_014352,text,1,1,0,6,0,0,0
prefuzz,enron_014354,text,1,41,1,6,6,6,1
prefuzz,enron_014402,text,1,2,0,6,0,0,0
prefuzz,enron_014464,text,1,45,1,6,6,6,1
prefuzz,enron_014554,text,1,55,2,6,6,12,2
prefuzz,enron_014579,text,1,2,0,6,0,0,0
prefuzz,enron_014614,text,1,47,1,6,6,6,1
prefuzz,enron_014696,text,1,2,0,6,0,0,0
prefuzz,enron_014718,text,1,53,2,6,6,12,2
prefuzz,enron_014726,text,1,2,0,6,0,0,0
prefuzz,enron_014766,text,1,2,0,6,0,0,0
prefuzz,enron_014807,text,1,1,0,6,0,0,0
prefuzz,enron_014918,text,1,1,0,6,0,0,0
prefuzz,enron_014956,text,1,2,0,6,0,0,0
prefuzz,enron_015012,text,1,1,0,6,0,0,0
prefuzz,enron_015021,text,1,2,0,6,0,0,0
prefuzz,enron_015103,text,1,2,0,6,0,0,0
prefuzz,enron_015141,text,1,2,0,6,0,0,0
prefuzz,enron_015234,text,1,2,0,6,0,0,0
prefuzz,enron_015264,text,1,1,0,6,0,0,0
prefuzz,enron_015338,text,1,1,0,6,0,0,0
prefuzz,enron_015364,text,1,2,0,6,0,0,0
prefuzz,enron_015443,text,1,2,0,6,0,0,0
prefuzz,enron_015660,text,1,2,0,6,0,0,0
prefuzz,enron_015709,text,1,2,0,6,0,0,0
prefuzz,enron_015773,text,1,2,0,6,0,0,0
prefuzz,enron_015882,text,1,2,0,6,0,0,0
prefuzz,enron_015940,text,1,2,0,6,0,0,0
prefuzz,enron_016063,text,1,3,0,6,0,0,0
prefuzz,enron_016065,text,1,2,0,6,0,0,0
prefuzz,enron_016122,text,1,2,0,6,0,0,0
prefuzz,enron_016159,text,1,2,0,6,0,0,0
prefuzz,enron_016168,text,1,2,0,6,0,0,0
prefuzz,enron_016193,text,1,2,0,6,0,0,0
prefuzz,enron_016272,text,1,3,0,6,0,0,0
prefuzz,enron_016301,text,1,3,0,6,0,0,0
prefuzz,enron_016416,text,1,19,0,6,0,0,0
prefuzz,enron_016491,text,1,2,0,6,0,0,0
prefuzz,enron_016527,text,1,78,3,6,6,18,3
prefuzz,enron_016643,text,1,2,0,6,0,0,0
prefuzz,enron_016781,text,1,2,0,6,0,0,0
prefuzz,enron_016964,text,1,2,0,6,0,0,0
prefuzz,enron_017021,text,1,2,0,6,0,0,0
prefuzz,enron_017046,text,1,2,0,6,0,0,0
prefuzz,enron_017061,text,1,2,0,6,0,0,0
prefuzz,enron_017063,text,1,2,0,6,0,0,0
prefuzz,enron_017256,text,1,54,1,6,6,6,1
prefuzz,enron_017321,text,1,2,0,6,0,0,0
prefuzz,enron_017400,text,1,2,0,6,0,0,0
prefuzz,enron_017473,text,1,2,0,6,0,0,0
prefuzz,enron_017611,text,1,54,1,6,6,6,1
prefuzz,enron_017634,text,1,2,0,6,0,0,0
prefuzz,enron_017644,text,1,2,0,6,0,0,0
prefuzz,enron_017742,text,1,2,0,6,0,0,0
prefuzz,enron_017806,text,1,2,0,6,0,0,0
prefuzz,enron_017812,text,1,2,0,6,0,0,0
prefuzz,enron_017813,text,1,2,0,6,0,0,0
prefuzz,enron_017894,text,1,2,0,6,0,0,0
prefuzz,enron_017954,text,1,2,0,6,0,0,0
prefuzz,enron_017956,text,1,2,0,6,0,0,0
prefuzz,enron_017981,text,1,53,1,6,6,6,1
prefuzz,enron_018025,text,1,2,0,6,0,0,0
prefuzz,enron_018027,text,1,2,0,6,0,0,0
prefuzz,enron_018081,text,1,55,1,6,6,6,1
prefuzz,enron_018173,text,1,113,9,6,6,54,9
prefuzz,enron_018242,text,1,2,0,6,0,0,0
prefuzz,enron_018244,text,1,50,1,6,6,6,1
prefuzz,enron_018320,text,1,2,0,6,0,0,0
prefuzz,enron_018400,text,1,2,0,6,0,0,0
prefuzz,enron_018434,text,1,2,0,6,0,0,0
prefuzz,enron_018455,text,1,1,0,6,0,0,0
prefuzz,enron_018513,text,1,2,0,6,0,0,0
prefuzz,enron_018515,text,1,2,0,6,0,0,0
prefuzz,enron_018689,text,1,2,0,6,0,0,0
prefuzz,enron_018741,text,1,2,0,6,0,0,0
prefuzz,enron_018779,text,1,2,0,6,0,0,0
prefuzz,enron_018803,text,1,55,1,6,6,6,1
prefuzz,enron_018821,text,1,2,0,6,0,0,0
prefuzz,enron_018839,text,1,2,0,6,0,0,0
prefuzz,enron_018924,text,1,2,0,6,0,0,0
prefuzz,enron_019020,text,1,2,0,6,0,0,0
prefuzz,enron_019187,text,1,2,0,6,0,0,0
prefuzz,enron_019215,text,1,2,0,6,0,0,0
prefuzz,enron_019326,text,1,2,0,6,0,0,0
prefuzz,enron_019333,text,1,2,0,6,0,0,0
prefuzz,enron_019365,text,1,2,0,6,0,0,0
prefuzz,enron_019421,text,1,55,1,6,6,6,1
prefuzz,enron_019462,text,1,2,0,6,0,0,0
prefuzz,enron_019479,text,1,2,0,6,0,0,0
prefuzz,enron_019520,text,1,2,0,6,0,0,0
prefuzz,enron_019585,text,1,2,0,6,0,0,0
prefuzz,enron_019590,text,1,2,0,6,0,0,0
prefuzz,enron_019661,text,1,2,0,6,0,0,0
prefuzz,enron_019662,text,1,2,0,6,0,0,0
prefuzz,enron_019697,text,1,2,0,6,0,0,0
prefuzz,enron_019786,text,1,2,0,6,0,0,0
prefuzz,enron_019806,text,1,2,0,6,0,0,0
prefuzz,enron_019810,text,1,2,0,6,0,0,0
prefuzz,enron_019840,text,1,2,0,6,0,0,0
prefuzz,enron_019843,text,1,53,1,6,6,6,1
prefuzz,enron_020213,text,1,2,0,6,0,0,0
prefuzz,enron_020257,text,1,2,0,6,0,0,0
prefuzz,enron_020286,text,1,2,0,6,0,0,0
prefuzz,enron_020305,text,1,2,0,6,0,0,0
prefuzz,enron_020319,text,1,1,0,6,0,0,0
prefuzz,enron_020535,text,1,2,0,6,0,0,0
prefuzz,enron_020543,text,1,2,0,6,0,0,0
prefuzz,enron_020676,text,1,2,0,6,0,0,0
prefuzz,enron_020767,text,1,2,0,6,0,0,0
prefuzz,enron_020829,text,1,2,0,6,0,0,0
prefuzz,enron_020842,text,1,2,0,6,0,0,0
prefuzz,enron_020885,text,1,2,0,6,0,0,0
prefuzz,enron_020981,text,1,53,1,6,6,6,1
prefuzz,enron_020989,text,1,17,0,6,1,1,1
prefuzz,enron_021156,text,1,2,0,6,0,0,0
prefuzz,enron_021165,text,1,2,0,6,0,0,0
prefuzz,enron_021199,text,1,2,0,6,0,0,0
prefuzz,enron_021267,text,1,54,1,6,6,6,1
prefuzz,enron_021311,text,1,2,0,6,0,0,0
prefuzz,enron_021322,text,1,2,0,6,0,0,0
prefuzz,enron_021334,text,1,61,2,6,6,12,2
prefuzz,enron_021394,text,1,2,0,6,0,0,0
prefuzz,enron_021400,text,1,2,0,6,0,0,0
prefuzz,enron_021407,text,1,62,1,6,6,6,1
prefuzz,enron_021442,text,1,3,0,6,0,0,0
prefuzz,enron_021555,text,1,2,0,6,0,0,0
prefuzz,enron_021761,text,1,2,0,6,0,0,0
prefuzz,enron_021856,text,1,2,0,6,0,0,0
prefuzz,enron_021884,text,1,2,0,6,0,0,0
prefuzz,enron_021953,text,1,2,0,6,0,0,0
prefuzz,enron_022020,text,1,61,2,6,6,12,2
prefuzz,enron_022105,text,1,53,1,6,6,6,1
prefuzz,enron_022106,text,1,51,1,6,6,6,1
prefuzz,enron_022168,text,1,2,0,6,0,0,0
prefuzz,enron_022462,text,1,55,1,6,6,6,1
prefuzz,enron_022484,text,1,2,0,6,0,0,0
prefuzz,enron_022580,text,1,2,0,6,0,0,0
prefuzz,enron_022588,text,1,2,0,6,0,0,0
prefuzz,enron_022591,text,1,56,1,6,6,6,1
prefuzz,enron_022613,text,1,2,0,6,0,0,0
prefuzz,enron_022620,text,1,2,0,6,0,0,0
prefuzz,enron_022630,text,1,2,0,6,0,0,0
prefuzz,enron_022642,text,1,2,0,6,0,0,0
prefuzz,enron_022690,text,1,55,1,6,6,6,1
prefuzz,enron_022713,text,1,2,0,6,0,0,0
prefuzz,enron_022778,text,1,2,0,6,0,0,0
prefuzz,enron_022852,text,1,2,0,6,0,0,0
prefuzz,enron_022923,text,1,56,1,6,6,6,1
prefuzz,enron_022924,text,1,2,0,6,0,0,0
prefuzz,enron_022968,text,1,2,0,6,0,0,0
prefuzz,enron_023031,text,1,2,0,6,0,0,0
prefuzz,enron_023050,text,1,2,0,6,0,0,0
prefuzz,enron_023063,text,1,2,0,6,0,0,0
prefuzz,enron_023181,text,1,56,1,6,6,6,1
prefuzz,enron_023204,text,1,2,0,6,0,0,0
prefuzz,enron_023215,text,1,2,0,6,0,0,0
prefuzz,enron_023269,text,1,68,3,6,6,18,3
prefuzz,enron_023278,text,1,62,2,6,6,12,2
prefuzz,enron_023298,text,1,15,0,6,1,1,1
prefuzz,enron_023304,text,1,2,0,6,0,0,0
prefuzz,enron_023406,text,1,54,1,6,6,6,1
prefuzz,enron_023465,text,1,2,0,6,0,0,0
prefuzz,enron_023534,text,1,2,0,6,0,0,0
prefuzz,enron_023601,text,1,53,1,6,6,6,1
prefuzz,enron_023697,text,1,55,1,6,6,6,1
prefuzz,enron_023730,text,1,2,0,6,0,0,0
prefuzz,enron_023735,text,1,2,0,6,0,0,0
prefuzz,enron_023788,text,1,53,1,6,6,6,1
prefuzz,enron_023789,text,1,2,0,6,0,0,0
prefuzz,enron_023815,text,1,2,0,6,0,0,0
prefuzz,enron_023867,text,1,2,0,6,0,0,0
prefuzz,enron_023873,text,1,2,0,6,0,0,0
prefuzz,enron_023874,text,1,2,0,6,0,0,0
prefuzz,enron_024017,text,1,2,0,6,0,0,0
prefuzz,enron_024025,text,1,2,0,6,0,0,0
prefuzz,enron_024063,text,1,2,0,6,0,0,0
prefuzz,enron_024075,text,1,2,0,6,0,0,0
prefuzz,enron_024340,text,1,2,0,6,0,0,0
prefuzz,enron_024388,text,1,59,1,6,6,6,1
prefuzz,enron_024415,text,1,53,1,6,6,6,1
prefuzz,enron_024427,text,1,51,1,6,6,6,1
prefuzz,enron_024541,text,1,56,1,6,6,6,1
prefuzz,enron_024633,text,1,2,0,6,0,0,0
prefuzz,enron_024696,text,1,2,0,6,0,0,0
prefuzz,enron_024697,text,1,53,1,6,6,6,1
prefuzz,enron_024799,text,1,2,0,6,0,0,0
prefuzz,enron_024814,text,1,2,0,6,0,0,0
prefuzz,enron_024854,text,1,2,0,6,0,0,0
prefuzz,enron_024902,text,1,2,0,6,0,0,0
prefuzz,enron_024904,text,1,3,0,6,0,0,0
prefuzz,enron_024948,text,1,2,0,6,0,0,0
prefuzz,enron_024993,text,1,2,0,6,0,0,0
prefuzz,enron_025081,text,1,53,1,6,6,6,1
prefuzz,enron_025130,text,1,3,0,6,0,0,0
prefuzz,enron_025188,text,1,53,1,6,6,6,1
prefuzz,enron_025390,text,1,2,0,6,0,0,0
prefuzz,enron_025428,text,1,2,0,6,0,0,0
prefuzz,enron_025465,text,1,2,0,6,0,0,0
prefuzz,enron_025488,text,1,2,0,6,0,0,0
prefuzz,enron_025552,text,1,2,0,6,0,0,0
prefuzz,enron_025556,text,1,101,7,6,6,42,7
prefuzz,enron_025601,text,1,2,0,6,0,0,0
prefuzz,enron_025625,text,1,2,0,6,0,0,0
prefuzz,enron_025647,text,1,2,0,6,0,0,0
prefuzz,enron_025689,text,1,2,0,6,0,0,0
prefuzz,enron_025721,text,1,2,0,6,0,0,0
prefuzz,enron_025732,text,1,2,0,6,0,0,0
prefuzz,enron_025913,text,1,2,0,6,0,0,0
prefuzz,enron_025919,text,1,2,0,6,0,0,0
prefuzz,enron_025921,text,1,2,0,6,0,0,0
prefuzz,enron_025978,text,1,2,0,6,0,0,0
prefuzz,enron_025998,text,1,2,0,6,0,0,0
prefuzz,enron_026110,text,1,2,0,6,0,0,0
prefuzz,enron_026255,text,1,422,0,6,3,89,58
prefuzz,enron_026318,text,1,63,1,6,6,6,1
prefuzz,enron_026432,text,1,2,0,6,0,0,0
prefuzz,enron_026530,text,1,2,0,6,0,0,0
prefuzz,enron_026546,text,1,2,0,6,0,0,0
prefuzz,enron_026600,text,1,3,0,6,0,0,0
prefuzz,enron_026611,text,1,2,0,6,0,0,0
prefuzz,enron_026616,text,1,2,0,6,0,0,0
prefuzz,enron_026661,text,1,2,0,6,0,0,0
prefuzz,enron_026706,text,1,2,0,6,0,0,0
prefuzz,enron_026744,text,1,2,0,6,0,0,0
prefuzz,enron_026828,text,1,2,0,6,0,0,0
prefuzz,enron_026831,text,1,2,0,6,0,0,0
prefuzz,enron_026839,text,1,2,0,6,0,0,0
prefuzz,enron_026886,text,1,37,0,6,2,3,3
prefuzz,enron_026921,text,1,54,0,6,3,7,7
prefuzz,enron_026928,text,1,14,0,6,1,1,1
prefuzz,enron_026995,text,1,2,0,6,0,0,0
prefuzz,enron_027064,text,1,56,1,6,6,6,1
prefuzz,enron_027110,text,1,2,0,6,0,0,0
prefuzz,enron_027189,text,1,2,0,6,0,0,0
prefuzz,enron_027239,text,1,2,0,6,0,0,0
prefuzz,enron_027320,text,1,2,0,6,0,0,0
prefuzz,enron_027461,text,1,2,0,6,0,0,0
prefuzz,enron_027472,text,1,2,0,6,0,0,0
prefuzz,enron_027503,text,1,2,0,6,0,0,0
prefuzz,enron_027532,text,1,2,0,6,0,0,0
prefuzz,enron_027621,text,1,2,0,6,0,0,0
prefuzz,enron_027685,text,1,2,0,6,0,0,0
prefuzz,enron_027795,text,1,53,1,6,6,6,1
prefuzz,enron_027801,text,1,56,1,6,6,6,1
prefuzz,enron_027813,text,1,2,0,6,0,0,0
prefuzz,enron_027853,text,1,2,0,6,0,0,0
prefuzz,enron_027855,text,1,2,0,6,0,0,0
prefuzz,enron_027894,text,1,2,0,6,0,0,0
prefuzz,enron_027921,text,1,2,0,6,0,0,0
prefuzz,enron_028021,text,1,2,0,6,0,0,0
prefuzz,enron_028065,text,1,400,37,6,4,170,67
prefuzz,enron_028073,text,1,2,0,6,0,0,0
prefuzz,enron_028149,text,1,66,2,6,6,12,2
prefuzz,enron_028189,text,1,2,0,6,0,0,0
prefuzz,enron_028259,text,1,77,2,6,6,14,4
prefuzz,enron_028314,text,1,2,0,6,0,0,0
prefuzz,enron_028332,text,1,2,0,6,0,0,0
prefuzz,enron_028418,text,1,2,0,6,0,0,0
prefuzz,enron_028452,text,1,2,0,6,0,0,0
prefuzz,enron_028501,text,1,2,0,6,0,0,0
prefuzz,enron_028544,text,1,2,0,6,0,0,0
prefuzz,enron_028551,text,1,63,1,6,6,6,1
prefuzz,enron_028592,text,1,60,2,6,6,12,2
prefuzz,enron_028599,text,1,2,0,6,0,0,0
prefuzz,enron_028684,text,1,2,0,6,0,0,0
prefuzz,enron_028712,text,1,2,0,6,0,0,0
prefuzz,enron_028790,text,1,2,0,6,0,0,0
prefuzz,enron_028933,text,1,2,0,6,0,0,0
prefuzz,enron_028949,text,1,2,0,6,0,0,0
prefuzz,enron_029140,text,1,2,0,6,0,0,0
prefuzz,enron_029284,text,1,2,0,6,0,0,0
prefuzz,enron_029292,text,1,2,0,6,0,0,0
prefuzz,enron_029303,text,1,18,0,6,1,2,2
prefuzz,enron_029326,text,1,2,0,6,0,0,0
prefuzz,enron_029343,text,1,2,0,6,0,0,0
prefuzz,enron_029358,text,1,260,0,6,2,82,50
prefuzz,enron_029435,text,1,44,0,6,3,4,4
prefuzz,enron_029440,text,1,2,0,6,0,0,0
prefuzz,enron_029582,text,1,2,0,6,0,0,0
prefuzz,enron_029587,text,1,2,0,6,0,0,0
prefuzz,enron_029601,text,1,2,0,6,0,0,0
prefuzz,enron_029626,text,1,2,0,6,0,0,0
prefuzz,enron_029714,text,1,2,0,6,0,0,0
prefuzz,enron_029744,text,1,2,0,6,0,0,0
prefuzz,enron_029756,text,1,2,0,6,0,0,0
prefuzz,enron_029957,text,1,2,0,6,0,0,0
prefuzz,enron_029977,text,1,2,0,6,0,0,0
prefuzz,enron_030015,text,1,2,0,6,0,0,0
prefuzz,enron_030021,text,1,2,0,6,0,0,0
prefuzz,enron_030053,text,1,57,1,6,6,6,1
prefuzz,enron_030071,text,1,2,0,6,0,0,0
prefuzz,enron_030106,text,1,2,0,6,0,0,0
prefuzz,enron_030167,text,1,3,0,6,0,0,0
prefuzz,enron_030195,text,1,2,0,6,0,0,0
prefuzz,enron_030353,text,1,2,0,6,0,0,0
prefuzz,enron_030406,text,1,2,0,6,0,0,0
prefuzz,enron_030469,text,1,2,0,6,0,0,0
prefuzz,enron_030509,text,1,2,0,6,0,0,0
prefuzz,enron_030574,text,1,54,1,6,6,6,1
prefuzz,enron_030621,text,1,2,0,6,0,0,0
prefuzz,enron_030675,text,1,2,0,6,0,0,0
prefuzz,enron_030703,text,1,2,0,6,0,0,0
prefuzz,enron_030708,text,1,2,0,6,0,0,0
prefuzz,enron_030749,text,1,57,1,6,6,6,1
prefuzz,enron_030755,text,1,53,1,6,6,6,1
prefuzz,enron_030796,text,1,2,0,6,0,0,0
prefuzz,enron_030799,text,1,52,1,6,6,6,1
prefuzz,enron_030904,text,1,53,1,6,6,6,1
prefuzz,enron_030954,text,1,18,0,6,1,1,1
prefuzz,enron_030969,text,1,2,0,6,0,0,0
prefuzz,enron_031002,text,1,2,0,6,0,0,0
prefuzz,enron_031003,text,1,2,0,6,0,0,0
prefuzz,enron_031069,text,1,2,0,6,0,0,0
prefuzz,enron_031072,text,1,2,0,6,0,0,0
prefuzz,enron_031227,text,1,51,1,6,6,6,1
prefuzz,enron_031316,text,1,2,0,6,0,0,0
prefuzz,enron_031341,text,1,53,1,6,6,6,1
prefuzz,enron_031495,text,1,2,0,6,0,0,0
prefuzz,enron_031502,text,1,69,2,6,6,12,2
prefuzz,enron_031545,text,1,2,0,6,0,0,0
prefuzz,enron_031740,text,1,2,0,6,0,0,0
prefuzz,enron_031836,text,1,2,0,6,0,0,0
prefuzz,enron_031851,text,1,52,1,6,6,6,1
prefuzz,enron_031896,text,1,2,0,6,0,0,0
prefuzz,enron_031972,text,1,2,0,6,0,0,0
prefuzz,enron_031985,text,1,2,0,6,0,0,0
prefuzz,enron_032000,text,1,54,1,6,6,6,1
prefuzz,enron_032025,text,1,2,0,6,0,0,0
prefuzz,enron_032156,text,1,2,0,6,0,0,0
prefuzz,enron_032177,text,1,2,0,6,0,0,0
prefuzz,enron_032254,text,1,2,0,6,0,0,0
prefuzz,enron_032256,text,1,51,1,6,6,6,1
prefuzz,enron_032283,text,1,2,0,6,0,0,0
prefuzz,enron_032301,text,1,56,1,6,6,6,1
prefuzz,enron_032323,text,1,2,0,6,0,0,0
prefuzz,enron_032328,text,1,2,0,6,0,0,0
prefuzz,enron_032361,text,1,2,0,6,0,0,0
prefuzz,enron_032475,text,1,20,0,6,1,2,2
prefuzz,enron_032513,text,1,2,0,6,0,0,0
prefuzz,enron_032520,text,1,93,6,6,6,36,6
prefuzz,enron_032561,text,1,2,0,6,0,0,0
prefuzz,enron_032572,text,1,2,0,6,0,0,0
prefuzz,enron_032655,text,1,51,1,6,6,6,1
prefuzz,enron_032664,text,1,2,0,6,0,0,0
prefuzz,enron_032718,text,1,2,0,6,0,0,0
prefuzz,enron_032757,text,1,2,0,6,0,0,0
prefuzz,enron_032837,text,1,53,1,6,6,6,1
prefuzz,enron_032876,text,1,2,0,6,0,0,0
prefuzz,enron_032885,text,1,2,0,6,0,0,0
prefuzz,enron_032918,text,1,2,0,6,0,0,0
prefuzz,enron_033017,text,1,2,0,6,0,0,0
prefuzz,enron_033023,text,1,3,0,6,0,0,0
prefuzz,enron_033047,text,1,2,0,6,0,0,0
prefuzz,enron_033067,text,1,2,0,6,0,0,0
prefuzz,enron_033111,text,1,2,0,6,0,0,0
prefuzz,enron_033131,text,1,2,0,6,0,0,0
prefuzz,enron_033149,text,1,2,0,6,0,0,0
prefuzz,enron_033246,text,1,2,0,6,0,0,0
prefuzz,enron_033341,text,1,1,0,6,0,0,0
prefuzz,enron_033436,text,1,2,0,6,0,0,0
prefuzz,enron_033496,text,1,2,0,6,0,0,0
prefuzz,enron_033536,text,1,54,1,6,6,6,1
prefuzz,enron_033597,text,1,2,0,6,0,0,0
prefuzz,enron_033599,text,1,52,1,6,6,6,1
prefuzz,enron_033696,text,1,2,0,6,0,0,0
prefuzz,enron_033761,text,1,2,0,6,0,0,0
prefuzz,enron_033762,text,1,2,0,6,0,0,0
prefuzz,enron_033833,text,1,2,0,6,0,0,0
prefuzz,enron_033889,text,1,2,0,6,0,0,0
prefuzz,enron_033950,text,1,2,0,6,0,0,0
prefuzz,enron_033967,text,1,170,16,6,6,96,16
prefuzz,enron_033992,text,1,2,0,6,0,0,0
prefuzz,enron_034195,text,1,2,0,6,0,0,0
prefuzz,enron_034281,text,1,2,0,6,0,0,0
prefuzz,enron_034325,text,1,2,0,6,0,0,0
prefuzz,enron_034395,text,1,2,0,6,0,0,0
prefuzz,enron_034444,text,1,2,0,6,0,0,0
prefuzz,enron_034473,text,1,55,1,6,6,6,1
prefuzz,enron_034494,text,1,2,0,6,0,0,0
prefuzz,enron_034629,text,1,59,1,6,6,6,1
prefuzz,enron_034671,text,1,2,0,6,0,0,0
prefuzz,enron_034682,text,1,61,2,6,6,12,2
prefuzz,enron_034729,text,1,2,0,6,0,0,0
prefuzz,enron_034733,text,1,2,0,6,0,0,0
prefuzz,enron_034755,text,1,2,0,6,0,0,0
prefuzz,enron_034814,text,1,2,0,6,0,0,0
prefuzz,enron_034945,text,1,2,0,6,0,0,0
prefuzz,enron_034959,text,1,2,0,6,0,0,0
prefuzz,enron_034995,text,1,64,2,6,6,12,2
prefuzz,enron_035012,text,1,9,0,6,1,0,0
prefuzz,enron_035035,text,1,2,0,6,0,0,0
prefuzz,enron_035042,text,1,2,0,6,0,0,0
prefuzz,enron_035178,text,1,2,0,6,0,0,0
prefuzz,enron_035204,text,1,2,0,6,0,0,0
prefuzz,enron_035234,text,1,2,0,6,0,0,0
prefuzz,enron_035285,text,1,2,0,6,0,0,0
prefuzz,enron_035319,text,1,2,0,6,0,0,0
prefuzz,enron_035330,text,1,2,0,6,0,0,0
prefuzz,enron_035396,text,1,2,0,6,0,0,0
prefuzz,enron_035409,text,1,53,1,6,6,6,1
prefuzz,enron_035423,text,1,2,0,6,0,0,0
prefuzz,enron_035491,text,1,56,1,6,6,6,1
prefuzz,enron_035509,text,1,2,0,6,0,0,0
prefuzz,enron_035517,text,1,2,0,6,0,0,0
prefuzz,enron_035624,text,1,2,0,6,0,0,0
prefuzz,enron_035707,text,1,2,0,6,0,0,0
prefuzz,enron_035733,text,1,2,0,6,0,0,0
prefuzz,enron_035769,text,1,2,0,6,0,0,0
prefuzz,enron_035796,text,1,110,8,6,6,48,8
prefuzz,enron_035815,text,1,2,0,6,0,0,0
prefuzz,enron_035867,text,1,2,0,6,0,0,0
prefuzz,enron_035931,text,1,2,0,6,0,0,0
prefuzz,enron_035982,text,1,2,0,6,0,0,0
prefuzz,enron_036008,text,1,2,0,6,0,0,0
prefuzz,enron_036076,text,1,2,0,6,0,0,0
prefuzz,enron_036193,text,1,2,0,6,0,0,0
prefuzz,enron_036195,text,1,2,0,6,0,0,0
prefuzz,enron_036209,text,1,53,1,6,6,6,1
prefuzz,enron_036280,text,1,2,0,6,0,0,0
prefuzz,enron_036298,text,1,2,0,6,0,0,0
prefuzz,enron_036325,text,1,2,0,6,0,0,0
prefuzz,enron_036389,text,1,2,0,6,0,0,0
prefuzz,enron_036475,text,1,55,1,6,6,6,1
prefuzz,enron_036504,text,1,2,0,6,0,0,0
prefuzz,enron_036537,text,1,2,0,6,0,0,0
prefuzz,enron_036562,text,1,2,0,6,0,0,0
prefuzz,enron_036567,text,1,2,0,6,0,0,0
prefuzz,enron_036666,text,1,2,0,6,0,0,0
prefuzz,enron_036672,text,1,2,0,6,0,0,0
prefuzz,enron_036686,text,1,2,0,6,0,0,0
prefuzz,enron_036700,text,1,2,0,6,0,0,0
prefuzz,enron_036723,text,1,2,0,6,0,0,0
prefuzz,enron_036737,text,1,2,0,6,0,0,0
prefuzz,enron_036758,text,1,2,0,6,0,0,0
prefuzz,enron_036788,text,1,3,0,6,0,0,0
prefuzz,enron_036793,text,1,2,0,6,0,0,0
prefuzz,enron_036870,text,1,2,0,6,0,0,0
prefuzz,enron_036880,text,1,2,0,6,0,0,0
prefuzz,enron_036957,text,1,2,0,6,0,0,0
prefuzz,enron_036982,text,1,2,0,6,0,0,0
prefuzz,enron_037012,text,1,2,0,6,0,0,0
prefuzz,enron_037028,text,1,2,0,6,0,0,0
prefuzz,enron_037035,text,1,2,0,6,0,0,0
prefuzz,enron_037106,text,1,1,0,6,0,0,0
prefuzz,enron_037135,text,1,2,0,6,0,0,0
prefuzz,enron_037159,text,1,2,0,6,0,0,0
prefuzz,enron_037213,text,1,2,0,6,0,0,0
prefuzz,enron_037268,text,1,2,0,6,0,0,0
prefuzz,enron_037317,text,1,2,0,6,0,0,0
prefuzz,enron_037475,text,1,2,0,6,0,0,0
prefuzz,enron_037622,text,1,55,1,6,6,6,1
prefuzz,enron_037638,text,1,2,0,6,0,0,0
prefuzz,enron_037686,text,1,2,0,6,0,0,0
prefuzz,enron_037729,text,1,2,0,6,0,0,0
prefuzz,enron_037856,text,1,2,0,6,0,0,0
prefuzz,enron_037873,text,1,2,0,6,0,0,0
prefuzz,enron_037899,text,1,52,1,6,6,6,1
prefuzz,enron_038080,text,1,2,0,6,0,0,0
prefuzz,enron_038087,text,1,2,0,6,0,0,0
prefuzz,enron_038088,text,1,2,0,6,0,0,0
prefuzz,enron_038091,text,1,2,0,6,0,0,0
prefuzz,enron_038100,text,1,2,0,6,0,0,0
prefuzz,enron_038176,text,1,2,0,6,0,0,0
prefuzz,enron_038248,text,1,55,1,6,6,6,1
prefuzz,enron_038336,text,1,62,2,6,6,12,2
prefuzz,enron_038346,text,1,114,7,6,6,42,7
prefuzz,enron_038351,text,1,60,3,6,6,18,3
prefuzz,enron_038405,text,1,2,0,6,0,0,0
prefuzz,enron_038428,text,1,2,0,6,0,0,0
prefuzz,enron_038655,text,1,2,0,6,0,0,0
prefuzz,enron_038660,text,1,1,0,6,0,0,0
prefuzz,enron_038727,text,1,1,0,6,0,0,0
prefuzz,enron_038738,text,1,1,0,6,0,0,0
prefuzz,enron_038847,text,1,2,0,6,0,0,0
prefuzz,enron_038854,text,1,2,0,6,0,0,0
prefuzz,enron_038888,text,1,2,0,6,0,0,0
prefuzz,enron_038981,text,1,46,1,6,6,6,1
prefuzz,enron_039020,text,1,2,0,6,0,0,0
prefuzz,enron_039031,text,1,1,0,6,0,0,0
prefuzz,enron_039054,text,1,1,0,6,0,0,0
prefuzz,enron_039164,text,1,1,0,6,0,0,0
prefuzz,enron_039187,text,1,8,0,6,1,0,0
prefuzz,enron_039206,text,1,2,0,6,0,0,0
prefuzz,enron_039229,text,1,42,1,6,6,6,1
prefuzz,enron_039305,text,1,2,0,6,0,0,0
prefuzz,enron_039347,text,1,2,0,6,0,0,0
prefuzz,enron_039355,text,1,1,0,6,0,0,0
prefuzz,enron_039682,text,1,2,0,6,0,0,0
prefuzz,enron_039777,text,1,2,0,6,0,0,0
prefuzz,enron_039819,text,1,2,0,6,0,0,0
prefuzz,enron_039960,text,1,1,0,6,0,0,0
prefuzz,enron_040147,text,1,1,0,6,0,0,0
prefuzz,enron_040174,text,1,1,0,6,0,0,0
prefuzz,enron_040273,text,1,41,1,6,6,6,1
prefuzz,enron_040559,text,1,1,0,6,0,0,0
prefuzz,enron_040572,text,1,1,0,6,0,0,0
prefuzz,enron_040828,text,1,1,0,6,0,0,0
prefuzz,enron_040838,text,1,2,0,6,0,0,0
prefuzz,enron_040874,text,1,52,3,6,6,18,3
prefuzz,enron_040876,text,1,1,0,6,0,0,0
prefuzz,enron_040905,text,1,50,2,6,6,12,2
prefuzz,enron_040934,text,1,1,0,6,0,0,0
prefuzz,enron_040949,text,1,2,0,6,0,0,0
prefuzz,enron_040963,text,1,2,0,6,0,0,0
prefuzz,enron_041006,text,1,44,1,6,6,6,1
prefuzz,enron_041010,text,1,1,0,6,0,0,0
prefuzz,enron_041072,text,1,2,0,6,0,0,0
prefuzz,enron_041106,text,1,2,0,6,0,0,0
prefuzz,enron_041133,text,1,2,0,6,0,0,0
prefuzz,enron_041153,text,1,1,0,6,0,0,0
prefuzz,enron_041186,text,1,1,0,6,0,0,0
prefuzz,enron_041354,text,1,43,1,6,6,6,1
prefuzz,enron_041483,text,1,2,0,6,0,0,0
prefuzz,enron_041524,text,1,1,0,6,0,0,0
prefuzz,enron_041603,text,1,1,0,6,0,0,0
prefuzz,enron_041616,text,1,1,0,6,0,0,0
prefuzz,enron_041737,text,1,32,1,6,6,6,1
prefuzz,enron_041739,text,1,2,0,6,0,0,0
prefuzz,enron_041742,text,1,43,1,6,6,6,1
prefuzz,enron_041764,text,1,2,0,6,0,0,0
prefuzz,enron_041816,text,1,1,0,6,0,0,0
prefuzz,enron_041818,text,1,2,0,6,0,0,0
prefuzz,enron_041825,text,1,1,0,6,0,0,0
prefuzz,enron_041843,text,1,1,0,6,0,0,0
prefuzz,enron_041931,text,1,2,0,6,0,0,0
prefuzz,enron_041952,text,1,1,0,6,0,0,0
prefuzz,enron_041966,text,1,1,0,6,0,0,0
prefuzz,enron_042029,text,1,2,0,6,0,0,0
prefuzz,enron_042035,text,1,1,0,6,0,0,0
prefuzz,enron_042051,text,1,1,0,6,0,0,0
prefuzz,enron_042055,text,1,1,0,6,0,0,0
prefuzz,enron_042068,text,1,2,0,6,0,0,0
prefuzz,enron_042083,text,1,1,0,6,0,0,0
prefuzz,enron_042145,text,1,2,0,6,0,0,0
prefuzz,enron_042162,text,1,1,0,6,0,0,0
prefuzz,enron_042255,text,1,1,0,6,0,0,0
prefuzz,enron_042297,text,1,2,0,6,0,0,0
prefuzz,enron_042334,text,1,1,0,6,0,0,0
prefuzz,enron_042399,text,1,1,0,6,0,0,0
prefuzz,enron_042429,text,1,1,0,6,0,0,0
prefuzz,enron_042431,text,1,1,0,6,0,0,0
prefuzz,enron_042495,text,1,2,0,6,0,0,0
prefuzz,enron_042524,text,1,2,0,6,0,0,0
prefuzz,enron_042534,text,1,50,2,6,6,12,2
prefuzz,enron_042545,text,1,44,1,6,6,6,1
prefuzz,enron_042561,text,1,1,0,6,0,0,0
prefuzz,enron_042686,text,1,1,0,6,0,0,0
prefuzz,enron_042722,text,1,415,38,6,5,170,69
prefuzz,enron_042734,text,1,2,0,6,0,0,0
prefuzz,enron_042795,text,1,2,0,6,0,0,0
prefuzz,enron_042830,text,1,1,0,6,0,0,0
prefuzz,enron_042986,text,1,46,1,6,6,6,1
prefuzz,enron_043088,text,1,2,0,6,0,0,0
prefuzz,enron_043106,text,1,1,0,6,0,0,0
prefuzz,enron_043141,text,1,2,0,6,0,0,0
prefuzz,enron_043148,text,1,1,0,6,0,0,0
prefuzz,enron_043208,text,1,1,0,6,0,0,0
prefuzz,enron_043256,text,1,2,0,6,0,0,0
prefuzz,enron_043356,text,1,2,0,6,0,0,0
prefuzz,enron_043361,text,1,1,0,6,0,0,0
prefuzz,enron_043417,text,1,1,0,6,0,0,0
prefuzz,enron_043435,text,1,1,0,6,0,0,0
prefuzz,enron_043489,text,1,2,0,6,0,0,0
prefuzz,enron_043506,text,1,1,0,6,0,0,0
prefuzz,enron_043699,text,1,1,0,6,0,0,0
prefuzz,enron_043735,text,1,2,0,6,0,0,0
prefuzz,enron_043806,text,1,2,0,6,0,0,0
prefuzz,enron_043808,text,1,1,0,6,0,0,0
prefuzz,enron_043864,text,1,1,0,6,0,0,0
prefuzz,enron_043945,text,1,1,0,6,0,0,0
prefuzz,enron_044106,text,1,2,0,6,0,0,0
prefuzz,enron_044121,text,1,1,0,6,0,0,0
prefuzz,enron_044166,text,1,1,0,6,0,0,0
prefuzz,enron_044240,text,1,1,0,6,0,0,0
prefuzz,enron_044265,text,1,1,0,6,0,0,0
prefuzz,enron_044398,text,1,2,0,6,0,0,0
prefuzz,enron_044503,text,1,1,0,6,0,0,0
prefuzz,enron_044508,text,1,49,1,6,6,7,2
prefuzz,enron_044520,text,1,1,0,6,0,0,0
prefuzz,enron_044533,text,1,2,0,6,0,0,0
prefuzz,enron_044536,text,1,45,1,6,6,6,1
prefuzz,enron_044557,text,1,2,0,6,0,0,0
prefuzz,enron_044587,text,1,2,0,6,0,0,0
prefuzz,enron_044625,text,1,66,1,6,6,6,1
prefuzz,enron_044706,text,1,46,1,6,6,6,1
prefuzz,enron_044724,text,1,2,0,6,0,0,0
prefuzz,enron_044796,text,1,2,0,6,0,0,0
prefuzz,enron_044802,text,1,2,0,6,0,0,0
prefuzz,enron_044825,text,1,2,0,6,0,0,0
prefuzz,enron_044841,text,1,2,0,6,0,0,0
prefuzz,enron_044903,text,1,1,0,6,0,0,0
prefuzz,enron_044947,text,1,1,0,6,0,0,0
prefuzz,enron_044998,text,1,1,0,6,0,0,0
prefuzz,enron_045032,text,1,1,0,6,0,0,0
prefuzz,enron_045106,text,1,47,1,6,6,6,1
prefuzz,enron_045148,text,1,2,0,6,0,0,0
prefuzz,enron_045150,text,1,48,1,6,6,6,1
prefuzz,enron_045157,text,1,1,0,6,0,0,0
prefuzz,enron_045273,text,1,1,0,6,0,0,0
prefuzz,enron_045316,text,1,2,0,6,0,0,0
prefuzz,enron_045343,text,1,1,0,6,0,0,0
prefuzz,enron_045380,text,1,2,0,6,0,0,0
prefuzz,enron_045588,text,1,1,0,6,0,0,0
prefuzz,enron_045604,text,1,1,0,6,0,0,0
prefuzz,enron_045685,text,1,63,4,6,6,24,4
prefuzz,enron_045688,text,1,2,0,6,0,0,0
prefuzz,enron_045734,text,1,2,0,6,0,0,0
prefuzz,enron_045775,text,1,1,0,6,0,0,0
prefuzz,enron_045845,text,1,1,0,6,0,0,0
prefuzz,enron_045930,text,1,1,0,6,0,0,0
prefuzz,enron_045995,text,1,2,0,6,0,0,0
prefuzz,enron_046002,text,1,2,0,6,0,0,0
prefuzz,enron_046011,text,1,1,0,6,0,0,0
prefuzz,enron_046065,text,1,87,7,6,6,42,7
prefuzz,enron_046108,text,1,1,0,6,0,0,0
prefuzz,enron_046110,text,1,1,0,6,0,0,0
prefuzz,enron_046179,text,1,1,0,6,0,0,0
prefuzz,enron_046189,text,1,2,0,6,0,0,0
prefuzz,enron_046194,text,1,2,0,6,0,0,0
prefuzz,enron_046236,text,1,1,0,6,0,0,0
prefuzz,enron_046249,text,1,2,0,6,0,0,0
prefuzz,enron_046256,text,1,48,1,6,6,6,1
prefuzz,enron_046315,text,1,1,0,6,0,0,0
prefuzz,enron_046350,text,1,1,0,6,0,0,0
prefuzz,enron_046435,text,1,2,0,6,0,0,0
prefuzz,enron_046509,text,1,2,0,6,0,0,0
prefuzz,enron_046512,text,1,2,0,6,0,0,0
prefuzz,enron_046543,text,1,1,0,6,0,0,0
prefuzz,enron_046568,text,1,2,0,6,0,0,0
prefuzz,enron_046581,text,1,2,0,6,0,0,0
prefuzz,enron_046658,text,1,8,0,6,0,0,0
prefuzz,enron_046708,text,1,2,0,6,0,0,0
prefuzz,enron_046713,text,1,2,0,6,0,0,0
prefuzz,enron_046786,text,1,2,0,6,0,0,0
prefuzz,enron_046830,text,1,1,0,6,0,0,0
prefuzz,enron_046852,text,1,46,1,6,6,6,1
prefuzz,enron_046859,text,1,1,0,6,0,0,0
prefuzz,enron_046868,text,1,2,0,6,0,0,0
prefuzz,enron_046920,text,1,46,1,6,6,6,1
prefuzz,enron_047046,text,1,2,0,6,0,0,0
prefuzz,enron_047076,text,1,1,0,6,0,0,0
prefuzz,enron_047089,text,1,46,1,6,6,6,1
prefuzz,enron_047156,text,1,1,0,6,0,0,0
prefuzz,enron_047174,text,1,48,1,6,6,6,1
prefuzz,enron_047209,text,1,2,0,6,0,0,0
prefuzz,enron_047360,text,1,2,0,6,0,0,0
prefuzz,enron_047383,text,1,48,1,6,6,6,1
prefuzz,enron_047431,text,1,2,0,6,0,0,0
prefuzz,enron_047443,text,1,1,0,6,0,0,0
prefuzz,enron_047592,text,1,1,0,6,0,0,0
prefuzz,enron_047594,text,1,2,0,6,0,0,0
prefuzz,enron_047612,text,1,2,0,6,0,0,0
prefuzz,enron_047761,text,1,2,0,6,0,0,0
prefuzz,enron_047776,text,1,1,0,6,0,0,0
prefuzz,enron_047895,text,1,2,0,6,0,0,0
prefuzz,enron_047967,text,1,1,0,6,0,0,0
prefuzz,enron_048077,text,1,1,0,6,0,0,0
prefuzz,enron_048211,text,1,41,1,6,6,6,1
prefuzz,enron_048326,text,1,2,0,6,0,0,0
prefuzz,enron_048389,text,1,46,1,6,6,6,1
prefuzz,enron_048421,text,1,1,0,6,0,0,0
prefuzz,enron_048445,text,1,1,0,6,0,0,0
prefuzz,enron_048499,text,1,1,0,6,0,0,0
prefuzz,enron_048522,text,1,2,0,6,0,0,0
prefuzz,enron_048565,text,1,1,0,6,0,0,0
prefuzz,enron_048570,text,1,1,0,6,0,0,0
prefuzz,enron_048576,text,1,2,0,6,0,0,0
prefuzz,enron_048623,text,1,2,0,6,0,0,0
prefuzz,enron_048664,text,1,2,0,6,0,0,0
prefuzz,enron_048707,text,1,113,10,6,6,60,10
prefuzz,enron_048715,text,1,63,3,6,6,18,3
prefuzz,enron_048779,text,1,2,0,6,0,0,0
prefuzz,enron_048806,text,1,1,0,6,0,0,0
prefuzz,enron_048863,text,1,2,0,6,0,0,0
prefuzz,enron_048888,text,1,2,0,6,0,0,0
prefuzz,enron_048962,text,1,2,0,6,0,0,0
prefuzz,enron_049057,text,1,1,0,6,0,0,0
prefuzz,enron_049092,text,1,1,0,6,0,0,0
prefuzz,enron_049164,text,1,2,0,6,0,0,0
prefuzz,enron_049177,text,1,2,0,6,0,0,0
prefuzz,enron_049232,text,1,2,0,6,0,0,0
prefuzz,enron_049405,text,1,1,0,6,0,0,0
prefuzz,enron_049417,text,1,48,1,6,6,6,1
prefuzz,enron_049467,text,1,2,0,6,0,0,0
prefuzz,enron_049568,text,1,1,0,6,0,0,0
prefuzz,enron_049581,text,1,2,0,6,0,0,0
prefuzz,enron_049607,text,1,2,0,6,0,0,0
prefuzz,enron_049622,text,1,2,0,6,0,0,0
prefuzz,enron_049758,text,1,1,0,6,0,0,0
prefuzz,enron_049818,text,1,47,1,6,6,6,1
prefuzz,enron_049842,text,1,82,7,6,6,42,7
prefuzz,enron_049851,text,1,2,0,6,0,0,0
prefuzz,enron_049953,text,1,2,0,6,0,0,0
prefuzz,enron_050002,text,1,228,22,6,6,127,31
prefuzz,enron_050061,text,1,2,0,6,0,0,0
prefuzz,enron_050129,text,1,2,0,6,0,0,0
prefuzz,enron_050223,text,1,1,0,6,0,0,0
prefuzz,enron_050299,text,1,2,0,6,0,0,0
prefuzz,enron_050431,text,1,1,0,6,0,0,0
prefuzz,enron_050432,text,1,1,0,6,0,0,0
prefuzz,enron_050552,text,1,1,0,6,0,0,0
prefuzz,enron_050626,text,1,2,0,6,0,0,0
prefuzz,enron_050640,text,1,1,0,6,0,0,0
prefuzz,enron_050694,text,1,2,0,6,0,0,0
prefuzz,enron_050763,text,1,1,0,6,0,0,0
prefuzz,enron_050813,text,1,52,1,6,6,7,2
prefuzz,enron_050821,text,1,1,0,6,0,0,0
prefuzz,enron_050872,text,1,1,0,6,0,0,0
prefuzz,enron_050899,text,1,2,0,6,0,0,0
prefuzz,enron_050925,text,1,1,0,6,0,0,0
prefuzz,enron_050927,text,1,1,0,6,0,0,0
prefuzz,enron_050971,text,1,2,0,6,0,0,0
prefuzz,enron_051000,text,1,1,0,6,0,0,0
prefuzz,enron_051034,text,1,2,0,6,0,0,0
prefuzz,enron_051161,text,1,2,0,6,0,0,0
prefuzz,enron_051188,text,1,1,0,6,0,0,0
prefuzz,enron_051225,text,1,1,0,6,0,0,0
prefuzz,enron_051292,text,1,48,1,6,6,6,1
prefuzz,enron_051339,text,1,48,1,6,6,6,1
prefuzz,enron_051404,text,1,47,1,6,6,6,1
prefuzz,enron_051425,text,1,2,0,6,0,0,0
prefuzz,enron_051663,text,1,2,0,6,0,0,0
prefuzz,enron_051715,text,1,2,0,6,0,0,0
prefuzz,enron_000036,text,2,2,0,6,0,0,0
prefuzz,enron_000068,text,2,8,0,6,1,0,0
prefuzz,enron_000075,text,2,2,0,6,0,0,0
prefuzz,enron_000102,text,2,2,0,6,0,0,0
prefuzz,enron_000166,text,2,1,0,6,0,0,0
prefuzz,enron_000263,text,2,1,0,6,0,0,0
prefuzz,enron_000283,text,2,46,1,6,6,6,1
prefuzz,enron_000406,text,2,43,1,6,6,6,1
prefuzz,enron_000570,text,2,2,0,6,0,0,0
prefuzz,enron_000671,text,2,2,0,6,0,0,0
prefuzz,enron_000704,text,2,1,0,6,0,0,0
prefuzz,enron_000721,text,2,2,0,6,0,0,0
prefuzz,enron_000778,text,2,2,0,6,0,0,0
prefuzz,enron_000864,text,2,1,0,6,0,0,0
prefuzz,enron_000867,text,2,1,0,6,0,0,0
prefuzz,enron_000927,text,2,2,0,6,0,0,0
prefuzz,enron_000963,text,2,48,1,6,6,6,1
prefuzz,enron_000976,text,2,2,0,6,0,0,0
prefuzz,enron_000979,text,2,2,0,6,0,0,0
prefuzz,enron_001066,text,2,66,1,6,6,6,1
prefuzz,enron_001200,text,2,67,3,6,6,18,3
prefuzz,enron_001228,text,2,2,0,6,0,0,0
prefuzz,enron_001275,text,2,2,0,6,0,0,0
prefuzz,enron_001276,text,2,2,0,6,0,0,0
prefuzz,enron_001325,text,2,95,7,6,6,42,7
prefuzz,enron_001331,text,2,2,0,6,0,0,0
prefuzz,enron_001423,text,2,2,0,6,0,0,0
prefuzz,enron_001431,text,2,2,0,6,0,0,0
prefuzz,enron_001443,text,2,2,0,6,0,0,0
prefuzz,enron_001446,text,2,2,0,6,0,0,0
prefuzz,enron_001495,text,2,2,0,6,0,0,0
prefuzz,enron_001504,text,2,2,0,6,0,0,0
prefuzz,enron_001513,text,2,2,0,6,0,0,0
prefuzz,enron_001603,text,2,2,0,6,0,0,0
prefuzz,enron_001617,text,2,2,0,6,0,0,0
prefuzz,enron_001731,text,2,2,0,6,0,0,0
prefuzz,enron_001808,text,2,70,2,6,6,13,3
prefuzz,enron_001864,text,2,2,0,6,0,0,0
prefuzz,enron_001963,text,2,50,1,6,6,6,1
prefuzz,enron_001993,text,2,62,2,6,6,12,2
prefuzz,enron_002051,text,2,62,1,6,6,6,1
prefuzz,enron_002091,text,2,60,1,6,6,6,1
prefuzz,enron_002186,text,2,2,0,6,0,0,0
prefuzz,enron_002207,text,2,2,0,6,0,0,0
prefuzz,enron_002248,text,2,2,0,6,0,0,0
prefuzz,enron_002448,text,2,2,0,6,0,0,0
prefuzz,enron_002463,text,2,2,0,6,0,0,0
prefuzz,enron_002474,text,2,2,0,6,0,0,0
prefuzz,enron_002551,text,2,1,0,6,0,0,0
prefuzz,enron_002553,text,2,1,0,6,0,0,0
prefuzz,enron_002598,text,2,2,0,6,0,0,0
prefuzz,enron_002619,text,2,2,0,6,0,0,0
prefuzz,enron_002631,text,2,1,0,6,0,0,0
prefuzz,enron_002660,text,2,1,0,6,0,0,0
prefuzz,enron_002663,text,2,2,0,6,0,0,0
prefuzz,enron_002701,text,2,47,1,6,6,6,1
prefuzz,enron_002793,text,2,1,0,6,0,0,0
prefuzz,enron_002910,text,2,46,1,6,6,6,1
prefuzz,enron_002915,text,2,1,0,6,0,0,0
prefuzz,enron_002938,text,2,2,0,6,0,0,0
prefuzz,enron_002944,text,2,1,0,6,0,0,0
prefuzz,enron_003055,text,2,2,0,6,0,0,0
prefuzz,enron_003099,text,2,2,0,6,0,0,0
prefuzz,enron_003206,text,2,43,1,6,6,6,1
prefuzz,enron_003214,text,2,54,2,6,6,12,2
prefuzz,enron_003224,text,2,64,3,6,6,18,3
prefuzz,enron_003314,text,2,2,0,6,0,0,0
prefuzz,enron_003334,text,2,2,0,6,0,0,0
prefuzz,enron_003336,text,2,114,11,6,6,66,11
prefuzz,enron_003385,text,2,1,0,6,0,0,0
prefuzz,enron_003490,text,2,2,0,6,0,0,0
prefuzz,enron_003616,text,2,75,5,6,6,30,5
prefuzz,enron_003722,text,2,88,6,6,6,36,6
prefuzz,enron_003793,text,2,1,0,6,0,0,0
prefuzz,enron_003853,text,2,1,0,6,0,0,0
prefuzz,enron_003931,text,2,1,0,6,0,0,0
prefuzz,enron_003936,text,2,1,0,6,0,0,0
prefuzz,enron_003979,text,2,1,0,6,0,0,0
prefuzz,enron_004033,text,2,43,1,6,6,6,1
prefuzz,enron_004082,text,2,1,0,6,0,0,0
prefuzz,enron_004266,text,2,2,0,6,0,0,0
prefuzz,enron_004285,text,2,1,0,6,0,0,0
prefuzz,enron_004319,text,2,2,0,6,0,0,0
prefuzz,enron_004399,text,2,2,0,6,0,0,0
prefuzz,enron_004409,text,2,41,1,6,6,6,1
prefuzz,enron_004416,text,2,2,0,6,0,0,0
prefuzz,enron_004501,text,2,2,0,6,0,0,0
prefuzz,enron_004503,text,2,1,0,6,0,0,0
prefuzz,enron_004558,text,2,45,1,6,6,6,1
prefuzz,enron_004626,text,2,1,0,6,0,0,0
prefuzz,enron_004629,text,2,2,0,6,0,0,0
prefuzz,enron_004768,text,2,1,0,6,0,0,0
prefuzz,enron_004820,text,2,1,0,6,0,0,0
prefuzz,enron_004915,text,2,1,0,6,0,0,0
prefuzz,enron_005066,text,2,1,0,6,0,0,0
prefuzz,enron_005104,text,2,1,0,6,0,0,0
prefuzz,enron_005207,text,2,1,0,6,0,0,0
prefuzz,enron_005284,text,2,1,0,6,0,0,0
prefuzz,enron_005318,text,2,2,0,6,0,0,0
prefuzz,enron_005350,text,2,1,0,6,0,0,0
prefuzz,enron_005393,text,2,2,0,6,0,0,0
prefuzz,enron_005395,text,2,1,0,6,0,0,0
prefuzz,enron_005402,text,2,1,0,6,0,0,0
prefuzz,enron_005420,text,2,1,0,6,0,0,0
prefuzz,enron_005452,text,2,1,0,6,0,0,0
prefuzz,enron_005457,text,2,1,0,6,0,0,0
prefuzz,enron_005530,text,2,1,0,6,0,0,0
prefuzz,enron_005539,text,2,1,0,6,0,0,0
prefuzz,enron_005563,text,2,2,0,6,0,0,0
prefuzz,enron_005587,text,2,42,1,6,6,6,1
prefuzz,enron_005632,text,2,1,0,6,0,0,0
prefuzz,enron_005636,text,2,2,0,6,0,0,0
prefuzz,enron_005743,text,2,2,0,6,0,0,0
prefuzz,enron_005787,text,2,9,0,6,0,0,0
prefuzz,enron_005880,text,2,1,0,6,0,0,0
prefuzz,enron_005922,text,2,1,0,6,0,0,0
prefuzz,enron_005965,text,2,2,0,6,0,0,0
prefuzz,enron_006008,text,2,40,1,6,6,6,1
prefuzz,enron_006107,text,2,44,1,6,6,6,1
prefuzz,enron_006321,text,2,1,0,6,0,0,0
prefuzz,enron_006348,text,2,2,0,6,0,0,0
prefuzz,enron_006350,text,2,1,0,6,0,0,0
prefuzz,enron_006351,text,2,45,1,6,6,6,1
prefuzz,enron_006389,text,2,42,1,6,6,6,1
prefuzz,enron_006400,text,2,1,0,6,0,0,0
prefuzz,enron_006470,text,2,42,1,6,6,6,1
prefuzz,enron_006498,text,2,1,0,6,0,0,0
prefuzz,enron_006520,text,2,2,0,6,0,0,0
prefuzz,enron_006540,text,2,2,0,6,0,0,0
prefuzz,enron_006545,text,2,1,0,6,0,0,0
prefuzz,enron_006581,text,2,1,0,6,0,0,0
prefuzz,enron_006667,text,2,2,0,6,0,0,0
prefuzz,enron_006745,text,2,1,0,6,0,0,0
prefuzz,enron_006816,text,2,51,2,6,6,12,2
prefuzz,enron_006851,text,2,2,0,6,0,0,0
prefuzz,enron_006911,text,2,1,0,6,0,0,0
prefuzz,enron_006918,text,2,1,0,6,0,0,0
prefuzz,enron_006937,text,2,1,0,6,0,0,0
prefuzz,enron_006938,text,2,1,0,6,0,0,0
prefuzz,enron_006982,text,2,40,1,6,6,6,1
prefuzz,enron_006994,text,2,1,0,6,0,0,0
prefuzz,enron_007044,text,2,1,0,6,0,0,0
prefuzz,enron_007172,text,2,45,1,6,6,6,1
prefuzz,enron_007173,text,2,1,0,6,0,0,0
prefuzz,enron_007254,text,2,1,0,6,0,0,0
prefuzz,enron_007298,text,2,2,0,6,0,0,0
prefuzz,enron_007312,text,2,44,1,6,6,6,1
prefuzz,enron_007359,text,2,2,0,6,0,0,0
prefuzz,enron_007435,text,2,2,0,6,0,0,0
prefuzz,enron_007458,text,2,1,0,6,0,0,0
prefuzz,enron_007496,text,2,44,1,6,6,6,1
prefuzz,enron_007575,text,2,2,0,6,0,0,0
prefuzz,enron_007703,text,2,1,0,6,0,0,0
prefuzz,enron_007749,text,2,8,0,6,1,0,0
prefuzz,enron_007927,text,2,1,0,6,0,0,0
prefuzz,enron_007960,text,2,1,0,6,0,0,0
prefuzz,enron_008050,text,2,1,0,6,0,0,0
prefuzz,enron_008113,text,2,42,1,6,6,6,1
prefuzz,enron_008207,text,2,1,0,6,0,0,0
prefuzz,enron_008219,text,2,1,0,6,0,0,0
prefuzz,enron_008245,text,2,1,0,6,0,0,0
prefuzz,enron_008283,text,2,1,0,6,0,0,0
prefuzz,enron_008325,text,2,2,0,6,0,0,0
prefuzz,enron_008333,text,2,1,0,6,0,0,0
prefuzz,enron_008360,text,2,2,0,6,0,0,0
prefuzz,enron_008425,text,2,2,0,6,0,0,0
prefuzz,enron_008641,text,2,1,0,6,0,0,0
prefuzz,enron_008669,text,2,2,0,6,0,0,0
prefuzz,enron_008692,text,2,1,0,6,0,0,0
prefuzz,enron_008703,text,2,85,7,6,6,42,7
prefuzz,enron_008727,text,2,42,1,6,6,6,1
prefuzz,enron_008884,text,2,1,0,6,0,0,0
prefuzz,enron_008887,text,2,1,0,6,0,0,0
prefuzz,enron_008888,text,2,42,1,6,6,6,1
prefuzz,enron_008916,text,2,1,0,6,0,0,0
prefuzz,enron_009024,text,2,2,0,6,0,0,0
prefuzz,enron_009039,text,2,1,0,6,0,0,0
prefuzz,enron_009106,text,2,1,0,6,0,0,0
prefuzz,enron_009185,text,2,1,0,6,0,0,0
prefuzz,enron_009214,text,2,1,0,6,0,0,0
prefuzz,enron_009262,text,2,75,6,6,6,36,6
prefuzz,enron_009306,text,2,1,0,6,0,0,0
prefuzz,enron_009358,text,2,52,3,6,6,18,3
prefuzz,enron_009503,text,2,1,0,6,0,0,0
prefuzz,enron_009557,text,2,1,0,6,0,0,0
prefuzz,enron_009562,text,2,44,1,6,6,6,1
prefuzz,enron_009564,text,2,2,0,6,0,0,0
prefuzz,enron_009649,text,2,2,0,6,0,0,0
prefuzz,enron_009655,text,2,2,0,6,0,0,0
prefuzz,enron_009676,text,2,1,0,6,0,0,0
prefuzz,enron_009709,text,2,76,5,6,6,30,5
prefuzz,enron_009788,text,2,51,2,6,6,12,2
prefuzz,enron_009936,text,2,1,0,6,0,0,0
prefuzz,enron_009948,text,2,1,0,6,0,0,0
prefuzz,enron_009983,text,2,1,0,6,0,0,0
prefuzz,enron_010027,text,2,2,0,6,0,0,0
prefuzz,enron_010045,text,2,1,0,6,0,0,0
prefuzz,enron_010181,text,2,1,0,6,0,0,0
prefuzz,enron_010278,text,2,1,0,6,0,0,0
prefuzz,enron_010288,text,2,1,0,6,0,0,0
prefuzz,enron_010339,text,2,41,1,6,6,6,1
prefuzz,enron_010348,text,2,1,0,6,0,0,0
prefuzz,enron_010437,text,2,1,0,6,0,0,0
prefuzz,enron_010461,text,2,1,0,6,0,0,0
prefuzz,enron_010478,text,2,1,0,6,0,0,0
prefuzz,enron_010594,text,2,1,0,6,0,0,0
prefuzz,enron_010596,text,2,2,0,6,0,0,0
prefuzz,enron_010629,text,2,44,1,6,6,6,1
prefuzz,enron_010630,text,2,2,0,6,0,0,0
prefuzz,enron_010697,text,2,1,0,6,0,0,0
prefuzz,enron_010731,text,2,1,0,6,0,0,0
prefuzz,enron_010734,text,2,1,0,6,0,0,0
prefuzz,enron_010781,text,2,1,0,6,0,0,0
prefuzz,enron_010865,text,2,42,1,6,6,6,1
prefuzz,enron_010908,text,2,1,0,6,0,0,0
prefuzz,enron_010937,text,2,1,0,6,0,0,0
prefuzz,enron_010955,text,2,1,0,6,0,0,0
prefuzz,enron_010978,text,2,1,0,6,0,0,0
prefuzz,enron_011001,text,2,39,1,6,6,6,1
prefuzz,enron_011058,text,2,42,1,6,6,6,1
prefuzz,enron_011122,text,2,1,0,6,0,0,0
prefuzz,enron_011224,text,2,1,0,6,0,0,0
prefuzz,enron_011359,text,2,18,0,6,2,2,1
prefuzz,enron_011369,text,2,2,0,6,0,0,0
prefuzz,enron_011426,text,2,1,0,6,0,0,0
prefuzz,enron_011476,text,2,1,0,6,0,0,0
prefuzz,enron_011536,text,2,2,0,6,0,0,0
prefuzz,enron_011550,text,2,1,0,6,0,0,0
prefuzz,enron_011717,text,2,1,0,6,0,0,0
prefuzz,enron_011727,text,2,7,0,6,1,0,0
prefuzz,enron_011750,text,2,42,1,6,6,6,1
prefuzz,enron_011829,text,2,1,0,6,0,0,0
prefuzz,enron_011904,text,2,1,0,6,0,0,0
prefuzz,enron_011973,text,2,1,0,6,0,0,0
prefuzz,enron_011987,text,2,1,0,6,0,0,0
prefuzz,enron_012017,text,2,1,0,6,0,0,0
prefuzz,enron_012087,text,2,2,0,6,0,0,0
prefuzz,enron_012117,text,2,2,0,6,0,0,0
prefuzz,enron_012215,text,2,1,0,6,0,0,0
prefuzz,enron_012293,text,2,1,0,6,0,0,0
prefuzz,enron_012344,text,2,41,1,6,6,6,1
prefuzz,enron_012360,text,2,1,0,6,0,0,0
prefuzz,enron_012395,text,2,2,0,6,0,0,0
prefuzz,enron_012501,text,2,1,0,6,0,0,0
prefuzz,enron_012547,text,2,1,0,6,0,0,0
prefuzz,enron_012591,text,2,1,0,6,0,0,0
prefuzz,enron_012596,text,2,2,0,6,0,0,0
prefuzz,enron_012745,text,2,43,1,6,6,6,1
prefuzz,enron_012803,text,2,20,0,6,2,2,1
prefuzz,enron_012825,text,2,1,0,6,0,0,0
prefuzz,enron_012835,text,2,2,0,6,0,0,0
prefuzz,enron_012838,text,2,18,0,6,0,0,0
prefuzz,enron_012909,text,2,1,0,6,0,0,0
prefuzz,enron_012940,text,2,46,1,6,6,6,1
prefuzz,enron_012953,text,2,2,0,6,0,0,0
prefuzz,enron_013069,text,2,2,0,6,0,0,0
prefuzz,enron_013097,text,2,1,0,6,0,0,0
prefuzz,enron_013264,text,2,1,0,6,0,0,0
prefuzz,enron_013308,text,2,2,0,6,0,0,0
prefuzz,enron_013380,text,2,2,0,6,0,0,0
prefuzz,enron_013515,text,2,2,0,6,0,0,0
prefuzz,enron_013580,text,2,1,0,6,0,0,0
prefuzz,enron_013613,text,2,1,0,6,0,0,0
prefuzz,enron_013653,text,2,2,0,6,0,0,0
prefuzz,enron_013720,text,2,116,11,6,6,66,11
prefuzz,enron_013751,text,2,1,0,6,0,0,0
prefuzz,enron_013764,text,2,2,0,6,0,0,0
prefuzz,enron_013766,text,2,14,0,6,1,1,1
prefuzz,enron_013832,text,2,1,0,6,0,0,0
prefuzz,enron_013842,text,2,2,0,6,0,0,0
prefuzz,enron_013862,text,2,1,0,6,0,0,0
prefuzz,enron_013876,text,2,2,0,6,0,0,0
prefuzz,enron_014019,text,2,1,0,6,0,0,0
prefuzz,enron_014136,text,2,53,2,6,6,12,2
prefuzz,enron_014167,text,2,2,0,6,0,0,0
prefuzz,enron_014180,text,2,45,1,6,6,6,1
prefuzz,enron_014263,text,2,2,0,6,0,0,0
prefuzz,enron_014352,text,2,1,0,6,0,0,0
prefuzz,enron_014354,text,2,47,1,6,6,6,1
prefuzz,enron_014402,text,2,2,0,6,0,0,0
prefuzz,enron_014464,text,2,45,1,6,6,6,1
prefuzz,enron_014554,text,2,54,2,6,6,12,2
prefuzz,enron_014579,text,2,1,0,6,0,0,0
prefuzz,enron_014614,text,2,47,1,6,6,6,1
prefuzz,enron_014696,text,2,2,0,6,0,0,0
prefuzz,enron_014718,text,2,54,2,6,6,12,2
prefuzz,enron_014726,text,2,1,0,6,0,0,0
prefuzz,enron_014766,text,2,2,0,6,0,0,0
prefuzz,enron_014807,text,2,1,0,6,0,0,0
prefuzz,enron_014918,text,2,1,0,6,0,0,0
prefuzz,enron_014956,text,2,1,0,6,0,0,0
prefuzz,enron_015012,text,2,2,0,6,0,0,0
prefuzz,enron_015021,text,2,1,0,6,0,0,0
prefuzz,enron_015103,text,2,1,0,6,0,0,0
prefuzz,enron_015141,text,2,2,0,6,0,0,0
prefuzz,enron_015234,text,2,2,0,6,0,0,0
prefuzz,enron_015264,text,2,2,0,6,0,0,0
prefuzz,enron_015338,text,2,2,0,6,0,0,0
prefuzz,enron_015364,text,2,2,0,6,0,0,0
prefuzz,enron_015443,text,2,2,0,6,0,0,0
prefuzz,enron_015660,text,2,1,0,6,0,0,0
prefuzz,enron_015709,text,2,1,0,6,0,0,0
prefuzz,enron_015773,text,2,1,0,6,0,0,0
prefuzz,enron_015882,text,2,1,0,6,0,0,0
prefuzz,enron_015940,text,2,1,0,6,0,0,0
prefuzz,enron_016063,text,2,2,0,6,0,0,0
prefuzz,enron_016065,text,2,2,0,6,0,0,0
prefuzz,enron_016122,text,2,2,0,6,0,0,0
prefuzz,enron_016159,text,2,1,0,6,0,0,0
prefuzz,enron_016168,text,2,2,0,6,0,0,0
prefuzz,enron_016193,text,2,2,0,6,0,0,0
prefuzz,enron_016272,text,2,2,0,6,0,0,0
prefuzz,enron_016301,text,2,2,0,6,0,0,0
prefuzz,enron_016416,text,2,1,0,6,0,0,0
prefuzz,enron_016491,text,2,1,0,6,0,0,0
prefuzz,enron_016527,text,2,57,3,6,6,18,3
prefuzz,enron_016643,text,2,1,0,6,0,0,0
prefuzz,enron_016781,text,2,1,0,6,0,0,0
prefuzz,enron_016964,text,2,1,0,6,0,0,0
prefuzz,enron_017021,text,2,2,0,6,0,0,0
prefuzz,enron_017046,text,2,1,0,6,0,0,0
prefuzz,enron_017061,text,2,2,0,6,0,0,0
prefuzz,enron_017063,text,2,2,0,6,0,0,0
prefuzz,enron_017256,text,2,46,1,6,6,6,1
prefuzz,enron_017321,text,2,2,0,6,0,0,0
prefuzz,enron_017400,text,2,1,0,6,0,0,0
prefuzz,enron_017473,text,2,2,0,6,0,0,0
prefuzz,enron_017611,text,2,69,1,6,6,6,1
prefuzz,enron_017634,text,2,2,0,6,0,0,0
prefuzz,enron_017644,text,2,1,0,6,0,0,0
prefuzz,enron_017742,text,2,1,0,6,0,0,0
prefuzz,enron_017806,text,2,1,0,6,0,0,0
prefuzz,enron_017812,text,2,2,0,6,0,0,0
prefuzz,enron_017813,text,2,2,0,6,0,0,0
prefuzz,enron_017894,text,2,1,0,6,0,0,0
prefuzz,enron_017954,text,2,1,0,6,0,0,0
prefuzz,enron_017956,text,2,2,0,6,0,0,0
prefuzz,enron_017981,text,2,46,1,6,6,6,1
prefuzz,enron_018025,text,2,1,0,6,0,0,0
prefuzz,enron_018027,text,2,1,0,6,0,0,0
prefuzz,enron_018081,text,2,47,1,6,6,6,1
prefuzz,enron_018173,text,2,98,9,6,6,54,9
prefuzz,enron_018242,text,2,1,0,6,0,0,0
prefuzz,enron_018244,text,2,43,1,6,6,6,1
prefuzz,enron_018320,text,2,2,0,6,0,0,0
prefuzz,enron_018400,text,2,1,0,6,0,0,0
prefuzz,enron_018434,text,2,1,0,6,0,0,0
prefuzz,enron_018455,text,2,1,0,6,0,0,0
prefuzz,enron_018513,text,2,1,0,6,0,0,0
prefuzz,enron_018515,text,2,1,0,6,0,0,0
prefuzz,enron_018689,text,2,1,0,6,0,0,0
prefuzz,enron_018741,text,2,1,0,6,0,0,0
prefuzz,enron_018779,text,2,1,0,6,0,0,0
prefuzz,enron_018803,text,2,47,1,6,6,6,1
prefuzz,enron_018821,text,2,2,0,6,0,0,0
prefuzz,enron_018839,text,2,1,0,6,0,0,0
prefuzz,enron_018924,text,2,1,0,6,0,0,0
prefuzz,enron_019020,text,2,1,0,6,0,0,0
prefuzz,enron_019187,text,2,1,0,6,0,0,0
prefuzz,enron_019215,text,2,2,0,6,0,0,0
prefuzz,enron_019326,text,2,1,0,6,0,0,0
prefuzz,enron_019333,text,2,1,0,6,0,0,0
prefuzz,enron_019365,text,2,1,0,6,0,0,0
prefuzz,enron_019421,text,2,47,1,6,6,6,1
prefuzz,enron_019462,text,2,2,0,6,0,0,0
prefuzz,enron_019479,text,2,2,0,6,0,0,0
prefuzz,enron_019520,text,2,1,0,6,0,0,0
prefuzz,enron_019585,text,2,2,0,6,0,0,0
prefuzz,enron_019590,text,2,1,0,6,0,0,0
prefuzz,enron_019661,text,2,1,0,6,0,0,0
prefuzz,enron_019662,text,2,2,0,6,0,0,0
prefuzz,enron_019697,text,2,1,0,6,0,0,0
prefuzz,enron_019786,text,2,1,0,6,0,0,0
prefuzz,enron_019806,text,2,1,0,6,0,0,0
prefuzz,enron_019810,text,2,1,0,6,0,0,0
prefuzz,enron_019840,text,2,1,0,6,0,0,0
prefuzz,enron_019843,text,2,51,1,6,6,6,1
prefuzz,enron_020213,text,2,1,0,6,0,0,0
prefuzz,enron_020257,text,2,2,0,6,0,0,0
prefuzz,enron_020286,text,2,1,0,6,0,0,0
prefuzz,enron_020305,text,2,2,0,6,0,0,0
prefuzz,enron_020319,text,2,1,0,6,0,0,0
prefuzz,enron_020535,text,2,1,0,6,0,0,0
prefuzz,enron_020543,text,2,2,0,6,0,0,0
prefuzz,enron_020676,text,2,1,0,6,0,0,0
prefuzz,enron_020767,text,2,1,0,6,0,0,0
prefuzz,enron_020829,text,2,2,0,6,0,0,0
prefuzz,enron_020842,text,2,2,0,6,0,0,0
prefuzz,enron_020885,text,2,1,0,6,0,0,0
prefuzz,enron_020981,text,2,45,1,6,6,6,1
prefuzz,enron_020989,text,2,14,0,6,1,1,1
prefuzz,enron_021156,text,2,1,0,6,0,0,0
prefuzz,enron_021165,text,2,1,0,6,0,0,0
prefuzz,enron_021199,text,2,1,0,6,0,0,0
prefuzz,enron_021267,text,2,57,1,6,6,6,1
prefuzz,enron_021311,text,2,1,0,6,0,0,0
prefuzz,enron_021322,text,2,1,0,6,0,0,0
prefuzz,enron_021334,text,2,49,2,6,6,12,2
prefuzz,enron_021394,text,2,1,0,6,0,0,0
prefuzz,enron_021400,text,2,17,0,6,0,0,0
prefuzz,enron_021407,text,2,48,1,6,6,6,1
prefuzz,enron_021442,text,2,2,0,6,0,0,0
prefuzz,enron_021555,text,2,1,0,6,0,0,0
prefuzz,enron_021761,text,2,2,0,6,0,0,0
prefuzz,enron_021856,text,2,1,0,6,0,0,0
prefuzz,enron_021884,text,2,2,0,6,0,0,0
prefuzz,enron_021953,text,2,2,0,6,0,0,0
prefuzz,enron_022020,text,2,52,2,6,6,12,2
prefuzz,enron_022105,text,2,46,1,6,6,6,1
prefuzz,enron_022106,text,2,43,1,6,6,6,1
prefuzz,enron_022168,text,2,2,0,6,0,0,0
prefuzz,enron_022462,text,2,48,1,6,6,6,1
prefuzz,enron_022484,text,2,2,0,6,0,0,0
prefuzz,enron_022580,text,2,2,0,6,0,0,0
prefuzz,enron_022588,text,2,1,0,6,0,0,0
prefuzz,enron_022591,text,2,48,1,6,6,6,1
prefuzz,enron_022613,text,2,1,0,6,0,0,0
prefuzz,enron_022620,text,2,2,0,6,0,0,0
prefuzz,enron_022630,text,2,1,0,6,0,0,0
prefuzz,enron_022642,text,2,1,0,6,0,0,0
prefuzz,enron_022690,text,2,48,1,6,6,6,1
prefuzz,enron_022713,text,2,1,0,6,0,0,0
prefuzz,enron_022778,text,2,1,0,6,0,0,0
prefuzz,enron_022852,text,2,1,0,6,0,0,0
prefuzz,enron_022923,text,2,47,1,6,6,6,1
prefuzz,enron_022924,text,2,2,0,6,0,0,0
prefuzz,enron_022968,text,2,1,0,6,0,0,0
prefuzz,enron_023031,text,2,1,0,6,0,0,0
prefuzz,enron_023050,text,2,2,0,6,0,0,0
prefuzz,enron_023063,text,2,1,0,6,0,0,0
prefuzz,enron_023181,text,2,48,1,6,6,6,1
prefuzz,enron_023204,text,2,2,0,6,0,0,0
prefuzz,enron_023215,text,2,2,0,6,0,0,0
prefuzz,enron_023269,text,2,58,3,6,6,18,3
prefuzz,enron_023278,text,2,53,2,6,6,12,2
prefuzz,enron_023298,text,2,13,0,6,1,1,1
prefuzz,enron_023304,text,2,2,0,6,0,0,0
prefuzz,enron_023406,text,2,47,1,6,6,6,1
prefuzz,enron_023465,text,2,2,0,6,0,0,0
prefuzz,enron_023534,text,2,1,0,6,0,0,0
prefuzz,enron_023601,text,2,73,1,6,6,6,1
prefuzz,enron_023697,text,2,47,1,6,6,6,1
prefuzz,enron_023730,text,2,2,0,6,0,0,0
prefuzz,enron_023735,text,2,1,0,6,0,0,0
prefuzz,enron_023788,text,2,70,1,6,6,6,1
prefuzz,enron_023789,text,2,2,0,6,0,0,0
prefuzz,enron_023815,text,2,2,0,6,0,0,0
prefuzz,enron_023867,text,2,2,0,6,0,0,0
prefuzz,enron_023873,text,2,2,0,6,0,0,0
prefuzz,enron_023874,text,2,2,0,6,0,0,0
prefuzz,enron_024017,text,2,2,0,6,0,0,0
prefuzz,enron_024025,text,2,2,0,6,0,0,0
prefuzz,enron_024063,text,2,2,0,6,0,0,0
prefuzz,enron_024075,text,2,2,0,6,0,0,0
prefuzz,enron_024340,text,2,2,0,6,0,0,0
prefuzz,enron_024388,text,2,52,1,6,6,6,1
prefuzz,enron_024415,text,2,52,1,6,6,6,1
prefuzz,enron_024427,text,2,50,1,6,6,6,1
prefuzz,enron_024541,text,2,63,1,6,6,6,1
prefuzz,enron_024633,text,2,1,0,6,0,0,0
prefuzz,enron_024696,text,2,1,0,6,0,0,0
prefuzz,enron_024697,text,2,45,1,6,6,6,1
prefuzz,enron_024799,text,2,1,0,6,0,0,0
prefuzz,enron_024814,text,2,2,0,6,0,0,0
prefuzz,enron_024854,text,2,1,0,6,0,0,0
prefuzz,enron_024902,text,2,1,0,6,0,0,0
prefuzz,enron_024904,text,2,1,0,6,0,0,0
prefuzz,enron_024948,text,2,1,0,6,0,0,0
prefuzz,enron_024993,text,2,1,0,6,0,0,0
prefuzz,enron_025081,text,2,45,1,6,6,6,1
prefuzz,enron_025130,text,2,1,0,6,0,0,0
prefuzz,enron_025188,text,2,45,1,6,6,6,1
prefuzz,enron_025390,text,2,1,0,6,0,0,0
prefuzz,enron_025428,text,2,2,0,6,0,0,0
prefuzz,enron_025465,text,2,1,0,6,0,0,0
prefuzz,enron_025488,text,2,1,0,6,0,0,0
prefuzz,enron_025552,text,2,2,0,6,0,0,0
prefuzz,enron_025556,text,2,84,7,6,6,42,7
prefuzz,enron_025601,text,2,2,0,6,0,0,0
prefuzz,enron_025625,text,2,1,0,6,0,0,0
prefuzz,enron_025647,text,2,1,0,6,0,0,0
prefuzz,enron_025689,text,2,18,0,6,0,0,0
prefuzz,enron_025721,text,2,2,0,6,0,0,0
prefuzz,enron_025732,text,2,2,0,6,0,0,0
prefuzz,enron_025913,text,2,2,0,6,0,0,0
prefuzz,enron_025919,text,2,2,0,6,0,0,0
prefuzz,enron_025921,text,2,2,0,6,0,0,0
prefuzz,enron_025978,text,2,2,0,6,0,0,0
prefuzz,enron_025998,text,2,2,0,6,0,0,0
prefuzz,enron_026110,text,2,2,0,6,0,0,0
prefuzz,enron_026255,text,2,421,0,6,3,89,58
prefuzz,enron_026318,text,2,55,1,6,6,6,1
prefuzz,enron_026432,text,2,2,0,6,0,0,0
prefuzz,enron_026530,text,2,2,0,6,0,0,0
prefuzz,enron_026546,text,2,2,0,6,0,0,0
prefuzz,enron_026600,text,2,2,0,6,0,0,0
prefuzz,enron_026611,text,2,2,0,6,0,0,0
prefuzz,enron_026616,text,2,2,0,6,0,0,0
prefuzz,enron_026661,text,2,2,0,6,0,0,0
prefuzz,enron_026706,text,2,2,0,6,0,0,0
prefuzz,enron_026744,text,2,2,0,6,0,0,0
prefuzz,enron_026828,text,2,2,0,6,0,0,0
prefuzz,enron_026831,text,2,2,0,6,0,0,0
prefuzz,enron_026839,text,2,2,0,6,0,0,0
prefuzz,enron_026886,text,2,36,0,6,2,3,3
prefuzz,enron_026921,text,2,54,0,6,3,7,7
prefuzz,enron_026928,text,2,14,0,6,1,1,1
prefuzz,enron_026995,text,2,2,0,6,0,0,0
prefuzz,enron_027064,text,2,54,1,6,6,6,1
prefuzz,enron_027110,text,2,2,0,6,0,0,0
prefuzz,enron_027189,text,2,2,0,6,0,0,0
prefuzz,enron_027239,text,2,2,0,6,0,0,0
prefuzz,enron_027320,text,2,2,0,6,0,0,0
prefuzz,enron_027461,text,2,2,0,6,0,0,0
prefuzz,enron_027472,text,2,2,0,6,0,0,0
prefuzz,enron_027503,text,2,2,0,6,0,0,0
prefuzz,enron_027532,text,2,2,0,6,0,0,0
prefuzz,enron_027621,text,2,2,0,6,0,0,0
prefuzz,enron_027685,text,2,2,0,6,0,0,0
prefuzz,enron_027795,text,2,52,1,6,6,6,1
prefuzz,enron_027801,text,2,55,1,6,6,6,1
prefuzz,enron_027813,text,2,2,0,6,0,0,0
prefuzz,enron_027853,text,2,2,0,6,0,0,0
prefuzz,enron_027855,text,2,2,0,6,0,0,0
prefuzz,enron_027894,text,2,2,0,6,0,0,0
prefuzz,enron_027921,text,2,2,0,6,0,0,0
prefuzz,enron_028021,text,2,2,0,6,0,0,0
prefuzz,enron_028065,text,2,397,37,6,4,170,67
prefuzz,enron_028073,text,2,2,0,6,0,0,0
prefuzz,enron_028149,text,2,71,2,6,6,12,2
prefuzz,enron_028189,text,2,2,0,6,0,0,0
prefuzz,enron_028259,text,2,76,2,6,6,14,4
prefuzz,enron_028314,text,2,2,0,6,0,0,0
prefuzz,enron_028332,text,2,2,0,6,0,0,0
prefuzz,enron_028418,text,2,2,0,6,0,0,0
prefuzz,enron_028452,text,2,2,0,6,0,0,0
prefuzz,enron_028501,text,2,2,0,6,0,0,0
prefuzz,enron_028544,text,2,2,0,6,0,0,0
prefuzz,enron_028551,text,2,55,1,6,6,6,1
prefuzz,enron_028592,text,2,58,2,6,6,12,2
prefuzz,enron_028599,text,2,2,0,6,0,0,0
prefuzz,enron_028684,text,2,2,0,6,0,0,0
prefuzz,enron_028712,text,2,2,0,6,0,0,0
prefuzz,enron_028790,text,2,2,0,6,0,0,0
prefuzz,enron_028933,text,2,2,0,6,0,0,0
prefuzz,enron_028949,text,2,2,0,6,0,0,0
prefuzz,enron_029140,text,2,2,0,6,0,0,0
prefuzz,enron_029284,text,2,2,0,6,0,0,0
prefuzz,enron_029292,text,2,1,0,6,0,0,0
prefuzz,enron_029303,text,2,18,0,6,1,2,2
prefuzz,enron_029326,text,2,2,0,6,0,0,0
prefuzz,enron_029343,text,2,2,0,6,0,0,0
prefuzz,enron_029358,text,2,260,0,6,2,82,50
prefuzz,enron_029435,text,2,44,0,6,3,4,4
prefuzz,enron_029440,text,2,2,0,6,0,0,0
prefuzz,enron_029582,text,2,2,0,6,0,0,0
prefuzz,enron_029587,text,2,2,0,6,0,0,0
prefuzz,enron_029601,text,2,2,0,6,0,0,0
prefuzz,enron_029626,text,2,2,0,6,0,0,0
prefuzz,enron_029714,text,2,2,0,6,0,0,0
prefuzz,enron_029744,text,2,2,0,6,0,0,0
prefuzz,enron_029756,text,2,2,0,6,0,0,0
prefuzz,enron_029957,text,2,2,0,6,0,0,0
prefuzz,enron_029977,text,2,2,0,6,0,0,0
prefuzz,enron_030015,text,2,2,0,6,0,0,0
prefuzz,enron_030021,text,2,2,0,6,0,0,0
prefuzz,enron_030053,text,2,56,1,6,6,6,1
prefuzz,enron_030071,text,2,2,0,6,0,0,0
prefuzz,enron_030106,text,2,2,0,6,0,0,0
prefuzz,enron_030167,text,2,3,0,6,0,0,0
prefuzz,enron_030195,text,2,2,0,6,0,0,0
prefuzz,enron_030353,text,2,2,0,6,0,0,0
prefuzz,enron_030406,text,2,2,0,6,0,0,0
prefuzz,enron_030469,text,2,2,0,6,0,0,0
prefuzz,enron_030509,text,2,2,0,6,0,0,0
prefuzz,enron_030574,text,2,54,1,6,6,6,1
prefuzz,enron_030621,text,2,2,0,6,0,0,0
prefuzz,enron_030675,text,2,2,0,6,0,0,0
prefuzz,enron_030703,text,2,2,0,6,0,0,0
prefuzz,enron_030708,text,2,2,0,6,0,0,0
prefuzz,enron_030749,text,2,56,1,6,6,6,1
prefuzz,enron_030755,text,2,54,1,6,6,6,1
prefuzz,enron_030796,text,2,2,0,6,0,0,0
prefuzz,enron_030799,text,2,51,1,6,6,6,1
prefuzz,enron_030904,text,2,52,1,6,6,6,1
prefuzz,enron_030954,text,2,26,0,6,1,1,1
prefuzz,enron_030969,text,2,2,0,6,0,0,0
prefuzz,enron_031002,text,2,2,0,6,0,0,0
prefuzz,enron_031003,text,2,2,0,6,0,0,0
prefuzz,enron_031069,text,2,2,0,6,0,0,0
prefuzz,enron_031072,text,2,2,0,6,0,0,0
prefuzz,enron_031227,text,2,51,1,6,6,6,1
prefuzz,enron_031316,text,2,2,0,6,0,0,0
prefuzz,enron_031341,text,2,53,1,6,6,6,1
prefuzz,enron_031495,text,2,2,0,6,0,0,0
prefuzz,enron_031502,text,2,62,2,6,6,12,2
prefuzz,enron_031545,text,2,2,0,6,0,0,0
prefuzz,enron_031740,text,2,2,0,6,0,0,0
prefuzz,enron_031836,text,2,2,0,6,0,0,0
prefuzz,enron_031851,text,2,51,1,6,6,6,1
prefuzz,enron_031896,text,2,2,0,6,0,0,0
prefuzz,enron_031972,text,2,2,0,6,0,0,0
prefuzz,enron_031985,text,2,2,0,6,0,0,0
prefuzz,enron_032000,text,2,53,1,6,6,6,1
prefuzz,enron_032025,text,2,2,0,6,0,0,0
prefuzz,enron_032156,text,2,2,0,6,0,0,0
prefuzz,enron_032177,text,2,2,0,6,0,0,0
prefuzz,enron_032254,text,2,2,0,6,0,0,0
prefuzz,enron_032256,text,2,51,1,6,6,6,1
prefuzz,enron_032283,text,2,2,0,6,0,0,0
prefuzz,enron_032301,text,2,55,1,6,6,6,1
prefuzz,enron_032323,text,2,2,0,6,0,0,0
prefuzz,enron_032328,text,2,2,0,6,0,0,0
prefuzz,enron_032361,text,2,2,0,6,0,0,0
prefuzz,enron_032475,text,2,20,0,6,1,2,2
prefuzz,enron_032513,text,2,2,0,6,0,0,0
prefuzz,enron_032520,text,2,92,6,6,6,36,6
prefuzz,enron_032561,text,2,2,0,6,0,0,0
prefuzz,enron_032572,text,2,2,0,6,0,0,0
prefuzz,enron_032655,text,2,50,1,6,6,6,1
prefuzz,enron_032664,text,2,2,0,6,0,0,0
prefuzz,enron_032718,text,2,2,0,6,0,0,0
prefuzz,enron_032757,text,2,2,0,6,0,0,0
prefuzz,enron_032837,text,2,53,1,6,6,6,1
prefuzz,enron_032876,text,2,2,0,6,0,0,0
prefuzz,enron_032885,text,2,2,0,6,0,0,0
prefuzz,enron_032918,text,2,2,0,6,0,0,0
prefuzz,enron_033017,text,2,2,0,6,0,0,0
prefuzz,enron_033023,text,2,2,0,6,0,0,0
prefuzz,enron_033047,text,2,2,0,6,0,0,0
prefuzz,enron_033067,text,2,2,0,6,0,0,0
prefuzz,enron_033111,text,2,2,0,6,0,0,0
prefuzz,enron_033131,text,2,2,0,6,0,0,0
prefuzz,enron_033149,text,2,2,0,6,0,0,0
prefuzz,enron_033246,text,2,2,0,6,0,0,0
prefuzz,enron_033341,text,2,1,0,6,0,0,0
prefuzz,enron_033436,text,2,2,0,6,0,0,0
prefuzz,enron_033496,text,2,2,0,6,0,0,0
prefuzz,enron_033536,text,2,53,1,6,6,6,1
prefuzz,enron_033597,text,2,2,0,6,0,0,0
prefuzz,enron_033599,text,2,52,1,6,6,6,1
prefuzz,enron_033696,text,2,3,0,6,0,0,0
prefuzz,enron_033761,text,2,2,0,6,0,0,0
prefuzz,enron_033762,text,2,2,0,6,0,0,0
prefuzz,enron_033833,text,2,2,0,6,0,0,0
prefuzz,enron_033889,text,2,2,0,6,0,0,0
prefuzz,enron_033950,text,2,2,0,6,0,0,0
prefuzz,enron_033967,text,2,181,16,6,6,96,16
prefuzz,enron_033992,text,2,2,0,6,0,0,0
prefuzz,enron_034195,text,2,2,0,6,0,0,0
prefuzz,enron_034281,text,2,2,0,6,0,0,0
prefuzz,enron_034325,text,2,2,0,6,0,0,0
prefuzz,enron_034395,text,2,2,0,6,0,0,0
prefuzz,enron_034444,text,2,2,0,6,0,0,0
prefuzz,enron_034473,text,2,53,1,6,6,6,1
prefuzz,enron_034494,text,2,2,0,6,0,0,0
prefuzz,enron_034629,text,2,53,1,6,6,6,1
prefuzz,enron_034671,text,2,2,0,6,0,0,0
prefuzz,enron_034682,text,2,62,2,6,6,12,2
prefuzz,enron_034729,text,2,2,0,6,0,0,0
prefuzz,enron_034733,text,2,2,0,6,0,0,0
prefuzz,enron_034755,text,2,2,0,6,0,0,0
prefuzz,enron_034814,text,2,2,0,6,0,0,0
prefuzz,enron_034945,text,2,2,0,6,0,0,0
prefuzz,enron_034959,text,2,2,0,6,0,0,0
prefuzz,enron_034995,text,2,63,2,6,6,12,2
prefuzz,enron_035012,text,2,10,0,6,1,0,0
prefuzz,enron_035035,text,2,2,0,6,0,0,0
prefuzz,enron_035042,text,2,2,0,6,0,0,0
prefuzz,enron_035178,text,2,2,0,6,0,0,0
prefuzz,enron_035204,text,2,2,0,6,0,0,0
prefuzz,enron_035234,text,2,2,0,6,0,0,0
prefuzz,enron_035285,text,2,2,0,6,0,0,0
prefuzz,enron_035319,text,2,2,0,6,0,0,0
prefuzz,enron_035330,text,2,2,0,6,0,0,0
prefuzz,enron_035396,text,2,2,0,6,0,0,0
prefuzz,enron_035409,text,2,53,1,6,6,6,1
prefuzz,enron_035423,text,2,2,0,6,0,0,0
prefuzz,enron_035491,text,2,55,1,6,6,6,1
prefuzz,enron_035509,text,2,2,0,6,0,0,0
prefuzz,enron_035517,text,2,2,0,6,0,0,0
prefuzz,enron_035624,text,2,2,0,6,0,0,0
prefuzz,enron_035707,text,2,2,0,6,0,0,0
prefuzz,enron_035733,text,2,2,0,6,0,0,0
prefuzz,enron_035769,text,2,2,0,6,0,0,0
prefuzz,enron_035796,text,2,109,8,6,6,48,8
prefuzz,enron_035815,text,2,2,0,6,0,0,0
prefuzz,enron_035867,text,2,2,0,6,0,0,0
prefuzz,enron_035931,text,2,2,0,6,0,0,0
prefuzz,enron_035982,text,2,2,0,6,0,0,0
prefuzz,enron_036008,text,2,2,0,6,0,0,0
prefuzz,enron_036076,text,2,2,0,6,0,0,0
prefuzz,enron_036193,text,2,2,0,6,0,0,0
prefuzz,enron_036195,text,2,2,0,6,0,0,0
prefuzz,enron_036209,text,2,53,1,6,6,6,1
prefuzz,enron_036280,text,2,2,0,6,0,0,0
prefuzz,enron_036298,text,2,2,0,6,0,0,0
prefuzz,enron_036325,text,2,2,0,6,0,0,0
prefuzz,enron_036389,text,2,2,0,6,0,0,0
prefuzz,enron_036475,text,2,54,1,6,6,6,1
prefuzz,enron_036504,text,2,2,0,6,0,0,0
prefuzz,enron_036537,text,2,2,0,6,0,0,0
prefuzz,enron_036562,text,2,2,0,6,0,0,0
prefuzz,enron_036567,text,2,2,0,6,0,0,0
prefuzz,enron_036666,text,2,2,0,6,0,0,0
prefuzz,enron_036672,text,2,2,0,6,0,0,0
prefuzz,enron_036686,text,2,2,0,6,0,0,0
prefuzz,enron_036700,text,2,2,0,6,0,0,0
prefuzz,enron_036723,text,2,2,0,6,0,0,0
prefuzz,enron_036737,text,2,2,0,6,0,0,0
prefuzz,enron_036758,text,2,2,0,6,0,0,0
prefuzz,enron_036788,text,2,2,0,6,0,0,0
prefuzz,enron_036793,text,2,2,0,6,0,0,0
prefuzz,enron_036870,text,2,2,0,6,0,0,0
prefuzz,enron_036880,text,2,2,0,6,0,0,0
prefuzz,enron_036957,text,2,2,0,6,0,0,0
prefuzz,enron_036982,text,2,2,0,6,0,0,0
prefuzz,enron_037012,text,2,2,0,6,0,0,0
prefuzz,enron_037028,text,2,2,0,6,0,0,0
prefuzz,enron_037035,text,2,2,0,6,0,0,0
prefuzz,enron_037106,text,2,2,0,6,0,0,0
prefuzz,enron_037135,text,2,2,0,6,0,0,0
prefuzz,enron_037159,text,2,2,0,6,0,0,0
prefuzz,enron_037213,text,2,2,0,6,0,0,0
prefuzz,enron_037268,text,2,2,0,6,0,0,0
prefuzz,enron_037317,text,2,2,0,6,0,0,0
prefuzz,enron_037475,text,2,2,0,6,0,0,0
prefuzz,enron_037622,text,2,56,1,6,6,6,1
prefuzz,enron_037638,text,2,2,0,6,0,0,0
prefuzz,enron_037686,text,2,2,0,6,0,0,0
prefuzz,enron_037729,text,2,2,0,6,0,0,0
prefuzz,enron_037856,text,2,2,0,6,0,0,0
prefuzz,enron_037873,text,2,2,0,6,0,0,0
prefuzz,enron_037899,text,2,52,1,6,6,6,1
prefuzz,enron_038080,text,2,2,0,6,0,0,0
prefuzz,enron_038087,text,2,1,0,6,0,0,0
prefuzz,enron_038088,text,2,2,0,6,0,0,0
prefuzz,enron_038091,text,2,2,0,6,0,0,0
prefuzz,enron_038100,text,2,2,0,6,0,0,0
prefuzz,enron_038176,text,2,2,0,6,0,0,0
prefuzz,enron_038248,text,2,62,1,6,6,6,1
prefuzz,enron_038336,text,2,61,2,6,6,12,2
prefuzz,enron_038346,text,2,100,7,6,6,42,7
prefuzz,enron_038351,text,2,69,3,6,6,18,3
prefuzz,enron_038405,text,2,2,0,6,0,0,0
prefuzz,enron_038428,text,2,2,0,6,0,0,0
prefuzz,enron_038655,text,2,2,0,6,0,0,0
prefuzz,enron_038660,text,2,2,0,6,0,0,0
prefuzz,enron_038727,text,2,2,0,6,0,0,0
prefuzz,enron_038738,text,2,2,0,6,0,0,0
prefuzz,enron_038847,text,2,2,0,6,0,0,0
prefuzz,enron_038854,text,2,2,0,6,0,0,0
prefuzz,enron_038888,text,2,2,0,6,0,0,0
prefuzz,enron_038981,text,2,52,1,6,6,6,1
prefuzz,enron_039020,text,2,2,0,6,0,0,0
prefuzz,enron_039031,text,2,2,0,6,0,0,0
prefuzz,enron_039054,text,2,2,0,6,0,0,0
prefuzz,enron_039164,text,2,2,0,6,0,0,0
prefuzz,enron_039187,text,2,9,0,6,1,0,0
prefuzz,enron_039206,text,2,2,0,6,0,0,0
prefuzz,enron_039229,text,2,50,1,6,6,6,1
prefuzz,enron_039305,text,2,2,0,6,0,0,0
prefuzz,enron_039347,text,2,2,0,6,0,0,0
prefuzz,enron_039355,text,2,2,0,6,0,0,0
prefuzz,enron_039682,text,2,2,0,6,0,0,0
prefuzz,enron_039777,text,2,2,0,6,0,0,0
prefuzz,enron_039819,text,2,2,0,6,0,0,0
prefuzz,enron_039960,text,2,2,0,6,0,0,0
prefuzz,enron_040147,text,2,2,0,6,0,0,0
prefuzz,enron_040174,text,2,2,0,6,0,0,0
prefuzz,enron_040273,text,2,51,1,6,6,6,1
prefuzz,enron_040559,text,2,2,0,6,0,0,0
prefuzz,enron_040572,text,2,2,0,6,0,0,0
prefuzz,enron_040828,text,2,2,0,6,0,0,0
prefuzz,enron_040838,text,2,2,0,6,0,0,0
prefuzz,enron_040874,text,2,63,3,6,6,18,3
prefuzz,enron_040876,text,2,2,0,6,0,0,0
prefuzz,enron_040905,text,2,61,2,6,6,12,2
prefuzz,enron_040934,text,2,2,0,6,0,0,0
prefuzz,enron_040949,text,2,2,0,6,0,0,0
prefuzz,enron_040963,text,2,2,0,6,0,0,0
prefuzz,enron_041006,text,2,54,1,6,6,6,1
prefuzz,enron_041010,text,2,2,0,6,0,0,0
prefuzz,enron_041072,text,2,2,0,6,0,0,0
prefuzz,enron_041106,text,2,3,0,6,0,0,0
prefuzz,enron_041133,text,2,2,0,6,0,0,0
prefuzz,enron_041153,text,2,2,0,6,0,0,0
prefuzz,enron_041186,text,2,2,0,6,0,0,0
prefuzz,enron_041354,text,2,52,1,6,6,6,1
prefuzz,enron_041483,text,2,2,0,6,0,0,0
prefuzz,enron_041524,text,2,2,0,6,0,0,0
prefuzz,enron_041603,text,2,2,0,6,0,0,0
prefuzz,enron_041616,text,2,2,0,6,0,0,0
prefuzz,enron_041737,text,2,40,1,6,6,6,1
prefuzz,enron_041739,text,2,2,0,6,0,0,0
prefuzz,enron_041742,text,2,53,1,6,6,6,1
prefuzz,enron_041764,text,2,2,0,6,0,0,0
prefuzz,enron_041816,text,2,2,0,6,0,0,0
prefuzz,enron_041818,text,2,2,0,6,0,0,0
prefuzz,enron_041825,text,2,2,0,6,0,0,0
prefuzz,enron_041843,text,2,2,0,6,0,0,0
prefuzz,enron_041931,text,2,2,0,6,0,0,0
prefuzz,enron_041952,text,2,2,0,6,0,0,0
prefuzz,enron_041966,text,2,2,0,6,0,0,0
prefuzz,enron_042029,text,2,2,0,6,0,0,0
prefuzz,enron_042035,text,2,2,0,6,0,0,0
prefuzz,enron_042051,text,2,2,0,6,0,0,0
prefuzz,enron_042055,text,2,2,0,6,0,0,0
prefuzz,enron_042068,text,2,2,0,6,0,0,0
prefuzz,enron_042083,text,2,2,0,6,0,0,0
prefuzz,enron_042145,text,2,2,0,6,0,0,0
prefuzz,enron_042162,text,2,2,0,6,0,0,0
prefuzz,enron_042255,text,2,2,0,6,0,0,0
prefuzz,enron_042297,text,2,2,0,6,0,0,0
prefuzz,enron_042334,text,2,2,0,6,0,0,0
prefuzz,enron_042399,text,2,2,0,6,0,0,0
prefuzz,enron_042429,text,2,2,0,6,0,0,0
prefuzz,enron_042431,text,2,2,0,6,0,0,0
prefuzz,enron_042495,text,2,2,0,6,0,0,0
prefuzz,enron_042524,text,2,2,0,6,0,0,0
prefuzz,enron_042534,text,2,69,2,6,6,12,2
prefuzz,enron_042545,text,2,55,1,6,6,6,1
prefuzz,enron_042561,text,2,2,0,6,0,0,0
prefuzz,enron_042686,text,2,2,0,6,0,0,0
prefuzz,enron_042722,text,2,482,38,6,5,170,69
prefuzz,enron_042734,text,2,2,0,6,0,0,0
prefuzz,enron_042795,text,2,2,0,6,0,0,0
prefuzz,enron_042830,text,2,1,0,6,0,0,0
prefuzz,enron_042986,text,2,49,1,6,6,6,1
prefuzz,enron_043088,text,2,2,0,6,0,0,0
prefuzz,enron_043106,text,2,1,0,6,0,0,0
prefuzz,enron_043141,text,2,2,0,6,0,0,0
prefuzz,enron_043148,text,2,1,0,6,0,0,0
prefuzz,enron_043208,text,2,1,0,6,0,0,0
prefuzz,enron_043256,text,2,2,0,6,0,0,0
prefuzz,enron_043356,text,2,2,0,6,0,0,0
prefuzz,enron_043361,text,2,2,0,6,0,0,0
prefuzz,enron_043417,text,2,2,0,6,0,0,0
prefuzz,enron_043435,text,2,2,0,6,0,0,0
prefuzz,enron_043489,text,2,2,0,6,0,0,0
prefuzz,enron_043506,text,2,1,0,6,0,0,0
prefuzz,enron_043699,text,2,1,0,6,0,0,0
prefuzz,enron_043735,text,2,1,0,6,0,0,0
prefuzz,enron_043806,text,2,2,0,6,0,0,0
prefuzz,enron_043808,text,2,1,0,6,0,0,0
prefuzz,enron_043864,text,2,2,0,6,0,0,0
prefuzz,enron_043945,text,2,2,0,6,0,0,0
prefuzz,enron_044106,text,2,1,0,6,0,0,0
prefuzz,enron_044121,text,2,2,0,6,0,0,0
prefuzz,enron_044166,text,2,2,0,6,0,0,0
prefuzz,enron_044240,text,2,2,0,6,0,0,0
prefuzz,enron_044265,text,2,2,0,6,0,0,0
prefuzz,enron_044398,text,2,1,0,6,0,0,0
prefuzz,enron_044503,text,2,2,0,6,0,0,0
prefuzz,enron_044508,text,2,52,1,6,6,7,2
prefuzz,enron_044520,text,2,2,0,6,0,0,0
prefuzz,enron_044533,text,2,2,0,6,0,0,0
prefuzz,enron_044536,text,2,48,1,6,6,6,1
prefuzz,enron_044557,text,2,1,0,6,0,0,0
prefuzz,enron_044587,text,2,2,0,6,0,0,0
prefuzz,enron_044625,text,2,49,1,6,6,6,1
prefuzz,enron_044706,text,2,45,1,6,6,6,1
prefuzz,enron_044724,text,2,2,0,6,0,0,0
prefuzz,enron_044796,text,2,2,0,6,0,0,0
prefuzz,enron_044802,text,2,2,0,6,0,0,0
prefuzz,enron_044825,text,2,1,0,6,0,0,0
prefuzz,enron_044841,text,2,2,0,6,0,0,0
prefuzz,enron_044903,text,2,1,0,6,0,0,0
prefuzz,enron_044947,text,2,1,0,6,0,0,0
prefuzz,enron_044998,text,2,2,0,6,0,0,0
prefuzz,enron_045032,text,2,2,0,6,0,0,0
prefuzz,enron_045106,text,2,47,1,6,6,6,1
prefuzz,enron_045148,text,2,8,0,6,0,0,0
prefuzz,enron_045150,text,2,49,1,6,6,6,1
prefuzz,enron_045157,text,2,1,0,6,0,0,0
prefuzz,enron_045273,text,2,1,0,6,0,0,0
prefuzz,enron_045316,text,2,2,0,6,0,0,0
prefuzz,enron_045343,text,2,1,0,6,0,0,0
prefuzz,enron_045380,text,2,1,0,6,0,0,0
prefuzz,enron_045588,text,2,2,0,6,0,0,0
prefuzz,enron_045604,text,2,1,0,6,0,0,0
prefuzz,enron_045685,text,2,63,4,6,6,24,4
prefuzz,enron_045688,text,2,2,0,6,0,0,0
prefuzz,enron_045734,text,2,2,0,6,0,0,0
prefuzz,enron_045775,text,2,1,0,6,0,0,0
prefuzz,enron_045845,text,2,1,0,6,0,0,0
prefuzz,enron_045930,text,2,1,0,6,0,0,0
prefuzz,enron_045995,text,2,1,0,6,0,0,0
prefuzz,enron_046002,text,2,1,0,6,0,0,0
prefuzz,enron_046011,text,2,2,0,6,0,0,0
prefuzz,enron_046065,text,2,87,7,6,6,42,7
prefuzz,enron_046108,text,2,1,0,6,0,0,0
prefuzz,enron_046110,text,2,2,0,6,0,0,0
prefuzz,enron_046179,text,2,1,0,6,0,0,0
prefuzz,enron_046189,text,2,1,0,6,0,0,0
prefuzz,enron_046194,text,2,1,0,6,0,0,0
prefuzz,enron_046236,text,2,1,0,6,0,0,0
prefuzz,enron_046249,text,2,2,0,6,0,0,0
prefuzz,enron_046256,text,2,47,1,6,6,6,1
prefuzz,enron_046315,text,2,2,0,6,0,0,0
prefuzz,enron_046350,text,2,2,0,6,0,0,0
prefuzz,enron_046435,text,2,1,0,6,0,0,0
prefuzz,enron_046509,text,2,2,0,6,0,0,0
prefuzz,enron_046512,text,2,2,0,6,0,0,0
prefuzz,enron_046543,text,2,1,0,6,0,0,0
prefuzz,enron_046568,text,2,2,0,6,0,0,0
prefuzz,enron_046581,text,2,2,0,6,0,0,0
prefuzz,enron_046658,text,2,2,0,6,0,0,0
prefuzz,enron_046708,text,2,2,0,6,0,0,0
prefuzz,enron_046713,text,2,1,0,6,0,0,0
prefuzz,enron_046786,text,2,2,0,6,0,0,0
prefuzz,enron_046830,text,2,1,0,6,0,0,0
prefuzz,enron_046852,text,2,45,1,6,6,6,1
prefuzz,enron_046859,text,2,2,0,6,0,0,0
prefuzz,enron_046868,text,2,2,0,6,0,0,0
prefuzz,enron_046920,text,2,45,1,6,6,6,1
prefuzz,enron_047046,text,2,2,0,6,0,0,0
prefuzz,enron_047076,text,2,2,0,6,0,0,0
prefuzz,enron_047089,text,2,46,1,6,6,6,1
prefuzz,enron_047156,text,2,1,0,6,0,0,0
prefuzz,enron_047174,text,2,47,1,6,6,6,1
prefuzz,enron_047209,text,2,2,0,6,0,0,0
prefuzz,enron_047360,text,2,1,0,6,0,0,0
prefuzz,enron_047383,text,2,48,1,6,6,6,1
prefuzz,enron_047431,text,2,2,0,6,0,0,0
prefuzz,enron_047443,text,2,1,0,6,0,0,0
prefuzz,enron_047592,text,2,1,0,6,0,0,0
prefuzz,enron_047594,text,2,1,0,6,0,0,0
prefuzz,enron_047612,text,2,2,0,6,0,0,0
prefuzz,enron_047761,text,2,2,0,6,0,0,0
prefuzz,enron_047776,text,2,1,0,6,0,0,0
prefuzz,enron_047895,text,2,2,0,6,0,0,0
prefuzz,enron_047967,text,2,1,0,6,0,0,0
prefuzz,enron_048077,text,2,1,0,6,0,0,0
prefuzz,enron_048211,text,2,41,1,6,6,6,1
prefuzz,enron_048326,text,2,1,0,6,0,0,0
prefuzz,enron_048389,text,2,45,1,6,6,6,1
prefuzz,enron_048421,text,2,1,0,6,0,0,0
prefuzz,enron_048445,text,2,2,0,6,0,0,0
prefuzz,enron_048499,text,2,1,0,6,0,0,0
prefuzz,enron_048522,text,2,1,0,6,0,0,0
prefuzz,enron_048565,text,2,1,0,6,0,0,0
prefuzz,enron_048570,text,2,1,0,6,0,0,0
prefuzz,enron_048576,text,2,2,0,6,0,0,0
prefuzz,enron_048623,text,2,2,0,6,0,0,0
prefuzz,enron_048664,text,2,1,0,6,0,0,0
prefuzz,enron_048707,text,2,110,10,6,6,60,10
prefuzz,enron_048715,text,2,62,3,6,6,18,3
prefuzz,enron_048779,text,2,2,0,6,0,0,0
prefuzz,enron_048806,text,2,1,0,6,0,0,0
prefuzz,enron_048863,text,2,1,0,6,0,0,0
prefuzz,enron_048888,text,2,2,0,6,0,0,0
prefuzz,enron_048962,text,2,1,0,6,0,0,0
prefuzz,enron_049057,text,2,1,0,6,0,0,0
prefuzz,enron_049092,text,2,1,0,6,0,0,0
prefuzz,enron_049164,text,2,2,0,6,0,0,0
prefuzz,enron_049177,text,2,2,0,6,0,0,0
prefuzz,enron_049232,text,2,2,0,6,0,0,0
prefuzz,enron_049405,text,2,1,0,6,0,0,0
prefuzz,enron_049417,text,2,47,1,6,6,6,1
prefuzz,enron_049467,text,2,2,0,6,0,0,0
prefuzz,enron_049568,text,2,2,0,6,0,0,0
prefuzz,enron_049581,text,2,2,0,6,0,0,0
prefuzz,enron_049607,text,2,8,0,6,0,0,0
prefuzz,enron_049622,text,2,2,0,6,0,0,0
prefuzz,enron_049758,text,2,1,0,6,0,0,0
prefuzz,enron_049818,text,2,46,1,6,6,6,1
prefuzz,enron_049842,text,2,82,7,6,6,42,7
prefuzz,enron_049851,text,2,1,0,6,0,0,0
prefuzz,enron_049953,text,2,1,0,6,0,0,0
prefuzz,enron_050002,text,2,218,22,6,6,127,31
prefuzz,enron_050061,text,2,1,0,6,0,0,0
prefuzz,enron_050129,text,2,1,0,6,0,0,0
prefuzz,enron_050223,text,2,1,0,6,0,0,0
prefuzz,enron_050299,text,2,1,0,6,0,0,0
prefuzz,enron_050431,text,2,1,0,6,0,0,0
prefuzz,enron_050432,text,2,1,0,6,0,0,0
prefuzz,enron_050552,text,2,1,0,6,0,0,0
prefuzz,enron_050626,text,2,1,0,6,0,0,0
prefuzz,enron_050640,text,2,2,0,6,0,0,0
prefuzz,enron_050694,text,2,1,0,6,0,0,0
prefuzz,enron_050763,text,2,1,0,6,0,0,0
prefuzz,enron_050813,text,2,51,1,6,6,7,2
prefuzz,enron_050821,text,2,1,0,6,0,0,0
prefuzz,enron_050872,text,2,1,0,6,0,0,0
prefuzz,enron_050899,text,2,1,0,6,0,0,0
prefuzz,enron_050925,text,2,1,0,6,0,0,0
prefuzz,enron_050927,text,2,1,0,6,0,0,0
prefuzz,enron_050971,text,2,2,0,6,0,0,0
prefuzz,enron_051000,text,2,1,0,6,0,0,0
prefuzz,enron_051034,text,2,1,0,6,0,0,0
prefuzz,enron_051161,text,2,1,0,6,0,0,0
prefuzz,enron_051188,text,2,1,0,6,0,0,0
prefuzz,enron_051225,text,2,2,0,6,0,0,0
prefuzz,enron_051292,text,2,48,1,6,6,6,1
prefuzz,enron_051339,text,2,47,1,6,6,6,1
prefuzz,enron_051404,text,2,46,1,6,6,6,1
prefuzz,enron_051425,text,2,2,0,6,0,0,0
prefuzz,enron_051663,text,2,1,0,6,0,0,0
prefuzz,enron_051715,text,2,2,0,6,0,0,0
