scheme,threshold,repeat,query_id,group,latency_us,matched,best_distance,records_examined,bits_compared
fuzzydedup,4,0,enron_full_000202,exact_ref,3445.057,1,0,59273,3793664
fuzzydedup,5,0,enron_full_000202,exact_ref,3528.980,1,0,72621,4647936
fuzzydedup,6,0,enron_full_000202,exact_ref,3575.409,1,0,84428,5403584
fuzzydedup,5,0,enron_full_000664,exact_ref,545.141,1,0,5738,367424
fuzzydedup,6,0,enron_full_000664,exact_ref,173.963,1,0,6118,391744
fuzzydedup,4,0,enron_full_000664,exact_ref,167.287,1,0,5179,331648
fuzzydedup,6,0,enron_full_001289,no_exact_ref,2816.202,0,7,75416,4826624
fuzzydedup,4,0,enron_full_001289,no_exact_ref,2441.486,0,5,50202,3212928
fuzzydedup,5,0,enron_full_001289,no_exact_ref,2582.999,0,6,62674,4011136
fuzzydedup,4,0,enron_full_001379,no_exact_ref,5503.584,0,5,128135,8200640
fuzzydedup,5,0,enron_full_001379,no_exact_ref,6222.614,0,6,154598,9894272
fuzzydedup,6,0,enron_full_001379,no_exact_ref,6954.415,0,7,180015,11520960
fuzzydedup,5,0,enron_full_001488,no_exact_ref,5762.240,0,6,147636,9448704
fuzzydedup,6,0,enron_full_001488,no_exact_ref,6840.231,0,7,172289,11026496
fuzzydedup,4,0,enron_full_001488,no_exact_ref,5114.981,0,5,121972,7806208
fuzzydedup,6,0,enron_full_001525,exact_ref,1465.588,1,0,25312,1620160
fuzzydedup,4,0,enron_full_001525,exact_ref,1090.040,1,0,19975,1278592
fuzzydedup,5,0,enron_full_001525,exact_ref,1093.391,1,0,22923,1467264
fuzzydedup,4,0,enron_full_002220,exact_ref,129.736,1,0,1769,113408
fuzzydedup,5,0,enron_full_002220,exact_ref,56.907,1,0,2319,148608
fuzzydedup,6,0,enron_full_002220,exact_ref,82.528,1,0,2918,186944
fuzzydedup,5,0,enron_full_004616,exact_ref,3400.913,1,0,68957,4413440
fuzzydedup,6,0,enron_full_004616,exact_ref,3372.771,1,0,79639,5097088
fuzzydedup,4,0,enron_full_004616,exact_ref,2808.470,1,0,57150,3657792
fuzzydedup,6,0,enron_full_005913,exact_ref,666.267,1,0,10537,674560
fuzzydedup,4,0,enron_full_005913,exact_ref,440.108,1,0,8716,558016
fuzzydedup,5,0,enron_full_005913,exact_ref,446.050,1,0,9831,629376
fuzzydedup,4,0,enron_full_006211,exact_ref,555.732,1,0,12995,831872
fuzzydedup,5,0,enron_full_006211,exact_ref,895.784,1,0,14537,930560
fuzzydedup,6,0,enron_full_006211,exact_ref,766.936,1,0,15652,1001920
fuzzydedup,5,0,enron_full_006276,exact_ref,708.789,1,0,6811,436096
fuzzydedup,6,0,enron_full_006276,exact_ref,764.619,1,0,8764,561088
fuzzydedup,4,0,enron_full_006276,exact_ref,604.178,1,0,5061,324096
fuzzydedup,6,0,enron_full_006379,no_exact_ref,6668.777,0,7,177736,11375104
fuzzydedup,4,0,enron_full_006379,no_exact_ref,5010.116,0,5,127462,8157568
fuzzydedup,5,0,enron_full_006379,no_exact_ref,5630.727,0,6,153267,9809088
fuzzydedup,4,0,enron_full_006771,exact_ref,2255.623,1,0,45515,2913152
fuzzydedup,5,0,enron_full_006771,exact_ref,2338.950,1,0,54073,3460864
fuzzydedup,6,0,enron_full_006771,exact_ref,2523.312,1,0,61503,3936384
fuzzydedup,5,0,enron_full_007411,no_exact_ref,6505.488,0,6,154598,9894272
fuzzydedup,6,0,enron_full_007411,no_exact_ref,6755.696,0,7,180015,11520960
fuzzydedup,4,0,enron_full_007411,no_exact_ref,4977.378,0,5,128135,8200640
fuzzydedup,6,0,enron_full_008064,exact_ref,4292.737,1,0,94275,6033792
fuzzydedup,4,0,enron_full_008064,exact_ref,3544.604,1,0,64384,4120768
fuzzydedup,5,0,enron_full_008064,exact_ref,3544.747,1,0,79892,5113280
fuzzydedup,4,0,enron_full_008136,no_exact_ref,3561.943,0,5,92244,5903808
fuzzydedup,5,0,enron_full_008136,no_exact_ref,4883.269,0,6,113036,7234624
fuzzydedup,6,0,enron_full_008136,no_exact_ref,5374.124,0,7,133357,8535744
fuzzydedup,5,0,enron_full_008648,exact_ref,2362.532,1,0,48312,3092160
fuzzydedup,6,0,enron_full_008648,exact_ref,2339.533,1,0,54534,3490368
fuzzydedup,4,0,enron_full_008648,exact_ref,1891.812,1,0,40882,2616640
fuzzydedup,6,0,enron_full_008924,exact_ref,3339.982,1,0,73907,4730240
fuzzydedup,4,0,enron_full_008924,exact_ref,2529.673,1,0,53639,3433088
fuzzydedup,5,0,enron_full_008924,exact_ref,2582.889,1,0,64321,4116736
fuzzydedup,4,0,enron_full_009142,exact_ref,1832.750,1,0,36451,2333056
fuzzydedup,5,0,enron_full_009142,exact_ref,2107.005,1,0,42673,2731264
fuzzydedup,6,0,enron_full_009142,exact_ref,2252.162,1,0,48321,3092736
fuzzydedup,5,0,enron_full_009200,exact_ref,1445.522,1,0,27566,1764416
fuzzydedup,6,0,enron_full_009200,exact_ref,1483.933,1,0,30514,1953088
fuzzydedup,4,0,enron_full_009200,exact_ref,1291.210,1,0,24083,1541504
fuzzydedup,6,0,enron_full_009568,no_exact_ref,6372.838,0,7,159258,10192512
fuzzydedup,4,0,enron_full_009568,no_exact_ref,4623.053,0,5,113227,7246528
fuzzydedup,5,0,enron_full_009568,no_exact_ref,5291.255,0,6,136629,8744256
fuzzydedup,4,0,enron_full_009735,no_exact_ref,5475.325,0,5,132999,8511936
fuzzydedup,5,0,enron_full_009735,no_exact_ref,6064.986,0,6,159592,10213888
fuzzydedup,6,0,enron_full_009735,no_exact_ref,7296.419,0,7,184939,11836096
fuzzydedup,5,0,enron_full_011924,exact_ref,4604.416,1,0,79922,5115200
fuzzydedup,6,0,enron_full_011924,exact_ref,4673.362,1,0,95894,6137408
fuzzydedup,4,0,enron_full_011924,exact_ref,3482.221,1,0,63515,4065152
fuzzydedup,6,0,enron_full_012156,exact_ref,2569.738,1,0,43148,2761664
fuzzydedup,4,0,enron_full_012156,exact_ref,2099.987,1,0,25457,1629440
fuzzydedup,5,0,enron_full_012156,exact_ref,2166.853,1,0,33703,2157184
fuzzydedup,4,0,enron_full_012651,exact_ref,3639.788,1,0,62086,3973696
fuzzydedup,5,0,enron_full_012651,exact_ref,3617.967,1,0,78305,5011712
fuzzydedup,6,0,enron_full_012651,exact_ref,4448.332,1,0,94712,6061760
fuzzydedup,5,0,enron_full_013576,exact_ref,4017.892,1,0,79384,5080768
fuzzydedup,6,0,enron_full_013576,exact_ref,4895.761,1,0,95791,6130816
fuzzydedup,4,0,enron_full_013576,exact_ref,3719.198,1,0,63165,4042752
fuzzydedup,6,0,enron_full_013941,exact_ref,4830.240,1,0,94614,6055488
fuzzydedup,4,0,enron_full_013941,exact_ref,3700.822,1,0,61988,3967424
fuzzydedup,5,0,enron_full_013941,exact_ref,4029.154,1,0,78207,5005440
fuzzydedup,4,0,enron_full_014539,exact_ref,1108.706,1,0,14438,924224
fuzzydedup,5,0,enron_full_014539,exact_ref,1342.153,1,0,19674,1259328
fuzzydedup,6,0,enron_full_014539,exact_ref,1358.479,1,0,24734,1583168
fuzzydedup,5,0,enron_full_014678,exact_ref,3287.299,1,0,55792,3570880
fuzzydedup,6,0,enron_full_014678,exact_ref,3382.776,1,0,69989,4479488
fuzzydedup,4,0,enron_full_014678,exact_ref,2564.428,1,0,42463,2717824
fuzzydedup,6,0,enron_full_015568,exact_ref,2463.484,1,0,43174,2763328
fuzzydedup,4,0,enron_full_015568,exact_ref,1980.711,1,0,25483,1631104
fuzzydedup,5,0,enron_full_015568,exact_ref,1875.626,1,0,33729,2158848
fuzzydedup,4,0,enron_full_015698,exact_ref,3661.360,1,0,57816,3700416
fuzzydedup,5,0,enron_full_015698,exact_ref,4031.591,1,0,73577,4709120
fuzzydedup,6,0,enron_full_015698,exact_ref,4725.619,1,0,89488,5727424
fuzzydedup,5,0,enron_full_016017,exact_ref,3740.377,1,0,73561,4708096
fuzzydedup,6,0,enron_full_016017,exact_ref,4424.480,1,0,89472,5726400
fuzzydedup,4,0,enron_full_016017,exact_ref,3395.827,1,0,57800,3699392
fuzzydedup,6,0,enron_full_017189,exact_ref,4025.236,1,0,88896,5689536
fuzzydedup,4,0,enron_full_017189,exact_ref,3276.722,1,0,61726,3950656
fuzzydedup,5,0,enron_full_017189,exact_ref,3502.961,1,0,75548,4835264
fuzzydedup,4,0,enron_full_018163,no_exact_ref,707.043,0,5,11730,750720
fuzzydedup,5,0,enron_full_018163,no_exact_ref,784.066,0,6,15488,991232
fuzzydedup,6,0,enron_full_018163,no_exact_ref,947.692,0,7,20240,1295360
fuzzydedup,5,0,enron_full_018755,exact_ref,4075.849,1,0,80616,5159616
fuzzydedup,6,0,enron_full_018755,exact_ref,4350.425,1,0,96124,6152128
fuzzydedup,4,0,enron_full_018755,exact_ref,3308.956,1,0,65083,4165504
fuzzydedup,6,0,enron_full_019153,exact_ref,389.833,1,0,4638,297024
fuzzydedup,4,0,enron_full_019153,exact_ref,126.962,1,0,3982,255040
fuzzydedup,5,0,enron_full_019153,exact_ref,127.723,1,0,4362,279360
fuzzydedup,4,0,enron_full_019201,exact_ref,3236.912,1,0,65743,4207744
fuzzydedup,5,0,enron_full_019201,exact_ref,3473.386,1,0,81504,5216448
fuzzydedup,6,0,enron_full_019201,exact_ref,4190.365,1,0,97415,6234752
fuzzydedup,5,0,enron_full_019604,no_exact_ref,6153.587,0,6,168810,10803840
fuzzydedup,6,0,enron_full_019604,no_exact_ref,7321.049,0,7,194887,12472768
fuzzydedup,4,0,enron_full_019604,no_exact_ref,6033.271,0,5,139973,8958272
fuzzydedup,6,0,enron_full_019949,exact_ref,4283.386,1,0,96128,6152384
fuzzydedup,4,0,enron_full_019949,exact_ref,3253.207,1,0,65087,4165760
fuzzydedup,5,0,enron_full_019949,exact_ref,3989.286,1,0,80620,5159872
fuzzydedup,4,0,enron_full_020401,no_exact_ref,4012.584,0,5,95838,6133632
fuzzydedup,5,0,enron_full_020401,no_exact_ref,4243.377,0,6,116994,7487616
fuzzydedup,6,0,enron_full_020401,no_exact_ref,4606.602,0,7,137129,8776256
fuzzydedup,5,0,enron_full_020951,exact_ref,2835.086,1,0,64696,4140736
fuzzydedup,6,0,enron_full_020951,exact_ref,2972.776,1,0,74282,4754240
fuzzydedup,4,0,enron_full_020951,exact_ref,2228.811,1,0,54014,3457088
fuzzydedup,6,0,enron_full_021195,exact_ref,4251.298,1,0,75422,4827200
fuzzydedup,4,0,enron_full_021195,exact_ref,2596.959,1,0,46513,2977024
fuzzydedup,5,0,enron_full_021195,exact_ref,2700.323,1,0,60710,3885632
fuzzydedup,4,0,enron_full_021224,exact_ref,1678.673,1,4,5252,338752
fuzzydedup,5,0,enron_full_021224,exact_ref,2064.761,1,4,21471,1382912
fuzzydedup,6,0,enron_full_021224,exact_ref,2455.718,1,6,32732,2106048
fuzzydedup,5,0,enron_full_021900,exact_ref,303.617,1,0,1684,107968
fuzzydedup,6,0,enron_full_021900,exact_ref,89.108,1,0,1768,113344
fuzzydedup,4,0,enron_full_021900,exact_ref,78.081,1,0,1534,98368
fuzzydedup,6,0,enron_full_022531,exact_ref,3787.432,1,0,92600,5926592
fuzzydedup,4,0,enron_full_022531,exact_ref,3092.361,1,0,60470,3870272
fuzzydedup,5,0,enron_full_022531,exact_ref,3593.831,1,0,76381,4888576
fuzzydedup,4,0,enron_full_022683,exact_ref,2437.759,1,0,46060,2948032
fuzzydedup,5,0,enron_full_022683,exact_ref,2387.490,1,0,54618,3495744
fuzzydedup,6,0,enron_full_022683,exact_ref,2701.584,1,0,62048,3971264
fuzzydedup,5,0,enron_full_022865,exact_ref,3671.221,1,0,78607,5031040
fuzzydedup,6,0,enron_full_022865,exact_ref,3730.686,1,0,92429,5915648
fuzzydedup,4,0,enron_full_022865,exact_ref,3295.141,1,0,64224,4110528
fuzzydedup,6,0,enron_full_022972,exact_ref,2058.142,1,0,48798,3123264
fuzzydedup,4,0,enron_full_022972,exact_ref,1883.546,1,0,36928,2363584
fuzzydedup,5,0,enron_full_022972,exact_ref,1769.351,1,0,43150,2761792
fuzzydedup,4,0,enron_full_024952,no_exact_ref,86.100,0,5,1057,67648
fuzzydedup,5,0,enron_full_024952,no_exact_ref,50.694,0,6,1290,82560
fuzzydedup,6,0,enron_full_024952,no_exact_ref,46.304,0,7,1550,99200
fuzzydedup,5,0,enron_full_025050,exact_ref,3853.695,1,0,78500,5024192
fuzzydedup,6,0,enron_full_025050,exact_ref,4304.078,1,0,94907,6074240
fuzzydedup,4,0,enron_full_025050,exact_ref,3252.381,1,0,62281,3986176
fuzzydedup,6,0,enron_full_026603,exact_ref,3639.003,1,0,85158,5450304
fuzzydedup,4,0,enron_full_026603,exact_ref,2838.669,1,0,60003,3840384
fuzzydedup,5,0,enron_full_026603,exact_ref,2915.401,1,0,73351,4694656
fuzzydedup,4,0,enron_full_026721,exact_ref,1947.219,1,0,35512,2273024
fuzzydedup,5,0,enron_full_026721,exact_ref,2512.834,1,0,46563,2980288
fuzzydedup,6,0,enron_full_026721,exact_ref,2754.888,1,0,58257,3728704
fuzzydedup,5,0,enron_full_027643,exact_ref,1565.520,1,0,32902,2105920
fuzzydedup,6,0,enron_full_027643,exact_ref,1570.457,1,0,36385,2328832
fuzzydedup,4,0,enron_full_027643,exact_ref,1342.862,1,0,28300,1811392
fuzzydedup,6,0,enron_full_027693,exact_ref,2987.394,1,0,64154,4106048
fuzzydedup,4,0,enron_full_027693,exact_ref,2160.882,1,0,39131,2504576
fuzzydedup,5,0,enron_full_027693,exact_ref,2355.419,1,0,50825,3252992
fuzzydedup,4,0,enron_full_027925,exact_ref,2175.073,1,0,50711,3245696
fuzzydedup,5,0,enron_full_027925,exact_ref,3939.234,1,0,65423,4187264
fuzzydedup,6,0,enron_full_027925,exact_ref,4082.440,1,0,80684,5163968
fuzzydedup,5,0,enron_full_028250,exact_ref,3401.156,1,0,73336,4693696
fuzzydedup,6,0,enron_full_028250,exact_ref,3494.340,1,0,85143,5449344
fuzzydedup,4,0,enron_full_028250,exact_ref,2937.078,1,0,59988,3839424
fuzzydedup,6,0,enron_full_028591,exact_ref,4716.836,1,0,96454,6173248
fuzzydedup,4,0,enron_full_028591,exact_ref,3285.705,1,0,64949,4156928
fuzzydedup,5,0,enron_full_028591,exact_ref,3658.625,1,0,80921,5179136
fuzzydedup,4,0,enron_full_028607,no_exact_ref,5273.545,0,5,139516,8929024
fuzzydedup,5,0,enron_full_028607,no_exact_ref,6002.657,0,6,168125,10760000
fuzzydedup,6,0,enron_full_028607,no_exact_ref,6732.741,0,7,194644,12457216
fuzzydedup,5,0,enron_full_029506,no_exact_ref,6396.330,0,6,164996,10559744
fuzzydedup,6,0,enron_full_029506,no_exact_ref,6867.133,0,7,191555,12259520
fuzzydedup,4,0,enron_full_029506,no_exact_ref,5236.256,0,5,137769,8817216
fuzzydedup,6,0,enron_full_030144,exact_ref,186.388,1,0,3987,255360
fuzzydedup,4,0,enron_full_030144,exact_ref,52.147,1,0,2293,146944
fuzzydedup,5,0,enron_full_030144,exact_ref,61.030,1,0,3055,195712
fuzzydedup,4,0,enron_full_031433,exact_ref,3260.489,1,0,60482,3871040
fuzzydedup,5,0,enron_full_031433,exact_ref,3895.871,1,0,76393,4889344
fuzzydedup,6,0,enron_full_031433,exact_ref,3882.588,1,0,92612,5927360
fuzzydedup,5,0,enron_full_031542,exact_ref,2987.439,1,0,64657,4138240
fuzzydedup,6,0,enron_full_031542,exact_ref,2999.087,1,0,74243,4751744
fuzzydedup,4,0,enron_full_031542,exact_ref,2316.495,1,0,53975,3454592
fuzzydedup,6,0,enron_full_031612,exact_ref,3982.587,1,0,80643,5161344
fuzzydedup,4,0,enron_full_031612,exact_ref,2358.758,1,0,50670,3243072
fuzzydedup,5,0,enron_full_031612,exact_ref,3529.297,1,0,65382,4184640
fuzzydedup,4,0,enron_full_031680,exact_ref,3319.466,1,0,64094,4102208
fuzzydedup,5,0,enron_full_031680,exact_ref,3721.008,1,0,78477,5022720
fuzzydedup,6,0,enron_full_031680,exact_ref,4020.959,1,0,92299,5907328
fuzzydedup,5,0,enron_full_032079,no_exact_ref,2482.444,0,6,63363,4055232
fuzzydedup,6,0,enron_full_032079,no_exact_ref,2977.327,0,7,76712,4909568
fuzzydedup,4,0,enron_full_032079,no_exact_ref,2077.099,0,5,50866,3255424
fuzzydedup,6,0,enron_full_032704,exact_ref,5198.891,1,0,94788,6066624
fuzzydedup,4,0,enron_full_032704,exact_ref,3896.430,1,0,62162,3978560
fuzzydedup,5,0,enron_full_032704,exact_ref,4141.586,1,0,78381,5016576
fuzzydedup,4,0,enron_full_033187,no_exact_ref,5797.221,0,5,121972,7806272
fuzzydedup,5,0,enron_full_033187,no_exact_ref,6384.745,0,6,147636,9448768
fuzzydedup,6,0,enron_full_033187,no_exact_ref,7548.700,0,7,172289,11026560
fuzzydedup,5,0,enron_full_033628,no_exact_ref,3944.725,1,0,75655,4842112
fuzzydedup,6,0,enron_full_033628,no_exact_ref,4339.457,1,0,91416,5850816
fuzzydedup,4,0,enron_full_033628,no_exact_ref,3759.013,1,0,60394,3865408
fuzzydedup,6,0,enron_full_034178,no_exact_ref,8339.868,0,7,194887,12472768
fuzzydedup,4,0,enron_full_034178,no_exact_ref,6405.030,0,5,139973,8958272
fuzzydedup,5,0,enron_full_034178,no_exact_ref,6848.498,0,6,168810,10803840
fuzzydedup,4,0,enron_full_034530,no_exact_ref,1635.714,0,5,28839,1845696
fuzzydedup,5,0,enron_full_034530,no_exact_ref,2195.292,0,6,35649,2281536
fuzzydedup,6,0,enron_full_034530,no_exact_ref,2458.772,0,7,43148,2761472
fuzzydedup,5,0,enron_full_035481,no_exact_ref,5744.351,0,6,136629,8744256
fuzzydedup,6,0,enron_full_035481,no_exact_ref,6282.223,0,7,159258,10192512
fuzzydedup,4,0,enron_full_035481,no_exact_ref,5354.635,0,5,113227,7246528
fuzzydedup,6,0,enron_full_035578,no_exact_ref,3529.413,0,7,75416,4826688
fuzzydedup,4,0,enron_full_035578,no_exact_ref,2499.002,0,5,50202,3212928
fuzzydedup,5,0,enron_full_035578,no_exact_ref,3025.257,0,6,62674,4011200
fuzzydedup,4,0,enron_full_035695,no_exact_ref,3842.136,0,5,84127,5384128
fuzzydedup,5,0,enron_full_035695,no_exact_ref,4554.156,0,6,103384,6616576
fuzzydedup,6,0,enron_full_035695,no_exact_ref,5133.416,0,7,123332,7893248
fuzzydedup,5,0,enron_full_035726,no_exact_ref,4363.932,0,6,116994,7487616
fuzzydedup,6,0,enron_full_035726,no_exact_ref,5689.121,0,7,137129,8776256
fuzzydedup,4,0,enron_full_035726,no_exact_ref,3670.961,0,5,95838,6133632
fuzzydedup,6,0,enron_full_035827,no_exact_ref,5284.380,0,7,159258,10192512
fuzzydedup,4,0,enron_full_035827,no_exact_ref,3941.735,0,5,113227,7246528
fuzzydedup,5,0,enron_full_035827,no_exact_ref,5421.187,0,6,136629,8744256
fuzzydedup,4,0,enron_full_035969,no_exact_ref,4443.929,0,5,127462,8157568
fuzzydedup,5,0,enron_full_035969,no_exact_ref,5422.322,0,6,153267,9809088
fuzzydedup,6,0,enron_full_035969,no_exact_ref,6550.176,0,7,177736,11375104
fuzzydedup,5,0,enron_full_035998,no_exact_ref,4379.896,0,6,116994,7487616
fuzzydedup,6,0,enron_full_035998,no_exact_ref,5204.987,0,7,137129,8776256
fuzzydedup,4,0,enron_full_035998,no_exact_ref,4864.772,0,5,95838,6133632
fuzzydedup,6,0,enron_full_038008,no_exact_ref,6498.528,0,7,133357,8534848
fuzzydedup,4,0,enron_full_038008,no_exact_ref,4303.144,0,5,92244,5903616
fuzzydedup,5,0,enron_full_038008,no_exact_ref,6810.032,0,6,113036,7234304
fuzzydedup,4,0,enron_full_040212,no_exact_ref,6192.070,0,5,137103,8774592
fuzzydedup,5,0,enron_full_040212,no_exact_ref,7229.714,0,6,164671,10538944
fuzzydedup,6,0,enron_full_040212,no_exact_ref,8503.642,0,7,190614,12199296
fuzzydedup,5,0,enron_full_040615,exact_ref,4735.816,1,0,81315,5204352
fuzzydedup,6,0,enron_full_040615,exact_ref,5792.215,1,0,96823,6196864
fuzzydedup,4,0,enron_full_040615,exact_ref,3812.905,1,0,65782,4210240
fuzzydedup,6,0,enron_full_041235,exact_ref,586.993,1,0,6304,403648
fuzzydedup,4,0,enron_full_041235,exact_ref,183.387,1,0,5365,343552
fuzzydedup,5,0,enron_full_041235,exact_ref,198.397,1,0,5924,379328
fuzzydedup,4,0,enron_full_042132,exact_ref,2503.171,1,0,46439,2972288
fuzzydedup,5,0,enron_full_042132,exact_ref,2750.031,1,0,54997,3520000
fuzzydedup,6,0,enron_full_042132,exact_ref,2980.451,1,0,62427,3995520
fuzzydedup,5,0,enron_full_045885,exact_ref,5169.565,1,0,80866,5175616
fuzzydedup,6,0,enron_full_045885,exact_ref,4556.249,1,0,95249,6096128
fuzzydedup,4,0,enron_full_045885,exact_ref,3755.132,1,0,65358,4183104
fuzzydedup,6,0,enron_full_046009,exact_ref,5105.288,1,0,96788,6194624
fuzzydedup,4,0,enron_full_046009,exact_ref,4033.517,1,0,65747,4208000
fuzzydedup,5,0,enron_full_046009,exact_ref,4239.227,1,0,81280,5202112
fuzzydedup,4,0,enron_full_046306,exact_ref,3643.340,1,0,64722,4142400
fuzzydedup,5,0,enron_full_046306,exact_ref,3852.091,1,0,79105,5062912
fuzzydedup,6,0,enron_full_046306,exact_ref,4639.551,1,0,92927,5947520
fuzzydedup,5,0,enron_full_046840,exact_ref,1578.144,1,0,27700,1772992
fuzzydedup,6,0,enron_full_046840,exact_ref,2219.783,1,0,35152,2249920
fuzzydedup,4,0,enron_full_046840,exact_ref,1129.810,1,0,20926,1339456
fuzzydedup,6,0,enron_full_047084,no_exact_ref,7567.870,0,7,190614,12199296
fuzzydedup,4,0,enron_full_047084,no_exact_ref,5147.703,0,5,137103,8774592
fuzzydedup,5,0,enron_full_047084,no_exact_ref,6132.674,0,6,164671,10538944
fuzzydedup,4,0,enron_full_047376,exact_ref,1143.954,1,0,20560,1316032
fuzzydedup,5,0,enron_full_047376,exact_ref,1118.199,1,0,23508,1504704
fuzzydedup,6,0,enron_full_047376,exact_ref,1224.950,1,0,25897,1657600
fuzzydedup,5,0,enron_full_047738,exact_ref,1223.824,1,0,19853,1270784
fuzzydedup,6,0,enron_full_047738,exact_ref,1679.302,1,0,24913,1594624
fuzzydedup,4,0,enron_full_047738,exact_ref,987.880,1,0,14617,935680
fuzzydedup,6,0,enron_full_047772,no_exact_ref,6644.684,0,7,184939,11836096
fuzzydedup,4,0,enron_full_047772,no_exact_ref,4800.251,0,5,132999,8511936
fuzzydedup,5,0,enron_full_047772,no_exact_ref,6322.206,0,6,159592,10213888
fuzzydedup,4,0,enron_full_048185,no_exact_ref,5544.107,0,5,137769,8817216
fuzzydedup,5,0,enron_full_048185,no_exact_ref,6221.794,0,6,164996,10559744
fuzzydedup,6,0,enron_full_048185,no_exact_ref,7532.364,0,7,191555,12259520
fuzzydedup,5,0,enron_full_048713,no_exact_ref,2784.138,0,6,62674,4011136
fuzzydedup,6,0,enron_full_048713,no_exact_ref,3290.045,0,7,75416,4826624
fuzzydedup,4,0,enron_full_048713,no_exact_ref,2311.354,0,5,50202,3212928
fuzzydedup,6,0,enron_full_049016,no_exact_ref,2438.267,0,7,38406,2457984
fuzzydedup,4,0,enron_full_049016,no_exact_ref,1214.028,0,5,25353,1622592
fuzzydedup,5,0,enron_full_049016,no_exact_ref,1460.348,0,6,32008,2048512
fuzzydedup,4,0,enron_full_049875,no_exact_ref,6525.526,0,5,140955,9021120
fuzzydedup,5,0,enron_full_049875,no_exact_ref,7055.034,0,6,169489,10847296
fuzzydedup,6,0,enron_full_049875,no_exact_ref,8660.355,0,7,197034,12610176
fuzzydedup,5,0,enron_full_050163,exact_ref,2789.024,1,0,55175,3531392
fuzzydedup,6,0,enron_full_050163,exact_ref,2980.372,1,0,62605,4006912
fuzzydedup,4,0,enron_full_050163,exact_ref,3096.626,1,0,46617,2983680
fuzzydedup,6,0,enron_full_050258,exact_ref,5159.156,1,0,97001,6208256
fuzzydedup,4,0,enron_full_050258,exact_ref,3821.494,1,0,65960,4221632
fuzzydedup,5,0,enron_full_050258,exact_ref,4427.627,1,0,81493,5215744
fuzzydedup,4,0,enron_full_050705,no_exact_ref,7266.999,0,5,140955,9021120
fuzzydedup,5,0,enron_full_050705,no_exact_ref,7141.514,0,6,169489,10847296
fuzzydedup,6,0,enron_full_050705,no_exact_ref,8452.197,0,7,197034,12610176
fuzzydedup,5,0,enron_full_050719,no_exact_ref,6705.461,0,6,168810,10803840
fuzzydedup,6,0,enron_full_050719,no_exact_ref,16946.178,0,7,194887,12472768
fuzzydedup,4,0,enron_full_050719,no_exact_ref,12461.182,0,5,139973,8958272
fuzzydedup,6,0,enron_full_051118,no_exact_ref,9719.218,0,7,180015,11520960
fuzzydedup,4,0,enron_full_051118,no_exact_ref,6089.882,0,5,128135,8200640
fuzzydedup,5,0,enron_full_051118,no_exact_ref,6179.336,0,6,154598,9894272
fuzzydedup,4,0,enron_full_051633,no_exact_ref,3281.218,0,5,75858,4854912
fuzzydedup,5,0,enron_full_051633,no_exact_ref,4037.468,0,6,94423,6043072
fuzzydedup,6,0,enron_full_051633,no_exact_ref,4091.518,0,7,112816,7220224
fuzzydedup,5,0,enron_full_052109,exact_ref,2255.030,1,2,47877,3064320
fuzzydedup,6,0,enron_full_052109,exact_ref,3450.184,1,2,62589,4005888
fuzzydedup,4,0,enron_full_052109,exact_ref,1958.642,1,2,33680,2155712
fuzzydedup,6,0,enron_full_052243,exact_ref,3882.001,1,0,88703,5677184
fuzzydedup,4,0,enron_full_052243,exact_ref,3545.851,1,0,61533,3938304
fuzzydedup,5,0,enron_full_052243,exact_ref,3500.559,1,0,75355,4822912
fuzzydedup,4,0,enron_full_052699,no_exact_ref,5237.508,0,5,128135,8200640
fuzzydedup,5,0,enron_full_052699,no_exact_ref,6446.189,0,6,154598,9894272
fuzzydedup,6,0,enron_full_052699,no_exact_ref,6585.596,0,7,180015,11520960
fuzzydedup,5,0,enron_full_052941,no_exact_ref,4384.456,0,6,116994,7487616
fuzzydedup,6,0,enron_full_052941,no_exact_ref,4984.786,0,7,137129,8776256
fuzzydedup,4,0,enron_full_052941,no_exact_ref,3772.617,0,5,95838,6133632
fuzzydedup,6,0,enron_full_053517,no_exact_ref,4952.349,0,7,148499,9503936
fuzzydedup,4,0,enron_full_053517,no_exact_ref,3921.005,0,5,105124,6727936
fuzzydedup,5,0,enron_full_053517,no_exact_ref,4520.453,0,6,126879,8120256
fuzzydedup,4,0,enron_full_053522,no_exact_ref,3433.766,0,5,95838,6133632
fuzzydedup,5,0,enron_full_053522,no_exact_ref,3898.783,0,6,116994,7487616
fuzzydedup,6,0,enron_full_053522,no_exact_ref,4514.722,0,7,137129,8776256
fuzzydedup,5,0,enron_full_054174,no_exact_ref,6340.565,0,6,169489,10847296
fuzzydedup,6,0,enron_full_054174,no_exact_ref,6975.766,0,7,197034,12610176
fuzzydedup,4,0,enron_full_054174,no_exact_ref,5651.554,0,5,140955,9021120
fuzzydedup,6,0,enron_full_055270,no_exact_ref,7239.989,0,7,197015,12608960
fuzzydedup,4,0,enron_full_055270,no_exact_ref,8213.702,0,5,141284,9042176
fuzzydedup,5,0,enron_full_055270,no_exact_ref,7237.218,0,6,169864,10871296
fuzzydedup,4,0,enron_full_055462,exact_ref,3353.670,1,0,66017,4225280
fuzzydedup,5,0,enron_full_055462,exact_ref,3712.206,1,0,80400,5145792
fuzzydedup,6,0,enron_full_055462,exact_ref,3913.289,1,0,94222,6030400
fuzzydedup,5,0,enron_full_056138,exact_ref,3890.947,1,0,82658,5291072
fuzzydedup,6,0,enron_full_056138,exact_ref,4700.501,1,0,98191,6285952
fuzzydedup,4,0,enron_full_056138,exact_ref,3398.399,1,0,66686,4268864
fuzzydedup,6,0,enron_full_056670,exact_ref,4025.560,1,0,93995,6019584
fuzzydedup,4,0,enron_full_056670,exact_ref,3436.079,1,0,65790,4211264
fuzzydedup,5,0,enron_full_056670,exact_ref,3681.874,1,0,80173,5133632
fuzzydedup,4,0,enron_full_056953,no_exact_ref,5000.098,0,5,100182,6411648
fuzzydedup,5,0,enron_full_056953,no_exact_ref,5261.363,0,6,122217,7821888
fuzzydedup,6,0,enron_full_056953,no_exact_ref,5673.070,0,7,144058,9219712
fuzzydedup,5,0,enron_full_057268,exact_ref,4088.751,1,0,82510,5280960
fuzzydedup,6,0,enron_full_057268,exact_ref,4446.723,1,0,98043,6275072
fuzzydedup,4,0,enron_full_057268,exact_ref,3549.922,1,0,66538,4258752
fuzzydedup,6,0,enron_full_057321,no_exact_ref,968.142,0,7,15381,984384
fuzzydedup,4,0,enron_full_057321,no_exact_ref,769.856,0,5,10047,643008
fuzzydedup,5,0,enron_full_057321,no_exact_ref,789.090,0,6,12599,806336
fuzzydedup,4,0,enron_full_057826,no_exact_ref,736.800,0,5,11364,727296
fuzzydedup,5,0,enron_full_057826,no_exact_ref,884.294,0,6,14232,910848
fuzzydedup,6,0,enron_full_057826,no_exact_ref,862.398,0,7,17182,1099648
fuzzydedup,5,0,enron_full_058046,exact_ref,3591.822,1,0,75154,4810048
fuzzydedup,6,0,enron_full_058046,exact_ref,4138.915,1,0,91065,5828352
fuzzydedup,4,0,enron_full_058046,exact_ref,3190.260,1,0,59393,3801344
fuzzydedup,6,0,enron_full_058254,exact_ref,2057.004,1,0,43671,2795136
fuzzydedup,4,0,enron_full_058254,exact_ref,1744.345,1,0,33421,2139136
fuzzydedup,5,0,enron_full_058254,exact_ref,1710.739,1,0,39069,2500608
fuzzydedup,4,0,enron_full_058415,no_exact_ref,4193.440,0,5,105124,6727936
fuzzydedup,5,0,enron_full_058415,no_exact_ref,4650.881,0,6,126879,8120256
fuzzydedup,6,0,enron_full_058415,no_exact_ref,5402.581,0,7,148499,9503936
fuzzydedup,5,0,enron_full_059797,exact_ref,3953.446,1,0,70278,4497984
fuzzydedup,6,0,enron_full_059797,exact_ref,4080.871,1,0,86039,5506688
fuzzydedup,4,0,enron_full_059797,exact_ref,3829.081,1,0,55017,3521280
fuzzydedup,6,0,enron_full_060370,exact_ref,2874.105,1,0,56246,3599936
fuzzydedup,4,0,enron_full_060370,exact_ref,2241.933,1,0,42594,2726208
fuzzydedup,5,0,enron_full_060370,exact_ref,2549.724,1,0,50024,3201728
fuzzydedup,4,0,enron_full_060846,exact_ref,3001.017,1,0,59364,3799488
fuzzydedup,5,0,enron_full_060846,exact_ref,3508.555,1,0,71171,4555136
fuzzydedup,6,0,enron_full_060846,exact_ref,3648.304,1,0,81853,5238784
fuzzydedup,5,0,enron_full_062151,exact_ref,2547.337,1,0,55779,3570048
fuzzydedup,6,0,enron_full_062151,exact_ref,2883.406,1,0,63209,4045568
fuzzydedup,4,0,enron_full_062151,exact_ref,2393.879,1,0,47221,3022336
fuzzydedup,6,0,enron_full_062439,exact_ref,2978.061,1,0,63204,4045248
fuzzydedup,4,0,enron_full_062439,exact_ref,2400.269,1,0,47216,3022016
fuzzydedup,5,0,enron_full_062439,exact_ref,2573.459,1,0,55774,3569728
fuzzydedup,4,0,enron_full_063833,exact_ref,4078.836,1,0,59335,3797632
fuzzydedup,5,0,enron_full_063833,exact_ref,4266.630,1,0,75096,4806336
fuzzydedup,6,0,enron_full_063833,exact_ref,5106.412,1,0,91007,5824640
fuzzydedup,5,0,enron_full_063839,exact_ref,4487.874,1,0,77906,4986176
fuzzydedup,6,0,enron_full_063839,exact_ref,4679.001,1,0,94125,6024192
fuzzydedup,4,0,enron_full_063839,exact_ref,3500.741,1,0,61995,3967872
fuzzydedup,6,0,enron_full_064172,exact_ref,3265.533,1,0,63274,4049728
fuzzydedup,4,0,enron_full_064172,exact_ref,2616.931,1,0,47286,3026496
fuzzydedup,5,0,enron_full_064172,exact_ref,2680.953,1,0,55844,3574208
fuzzydedup,4,0,enron_full_064231,exact_ref,1107.630,1,0,17565,1124352
fuzzydedup,5,0,enron_full_064231,exact_ref,1078.114,1,0,19954,1277248
fuzzydedup,6,0,enron_full_064231,exact_ref,1091.772,1,0,21769,1393408
fuzzydedup,5,0,enron_full_064607,exact_ref,4647.900,1,0,81540,5218752
fuzzydedup,6,0,enron_full_064607,exact_ref,4462.399,1,0,97512,6240960
fuzzydedup,4,0,enron_full_064607,exact_ref,3497.949,1,0,65133,4168704
fuzzydedup,6,0,enron_full_065332,exact_ref,3362.109,1,0,70026,4481856
fuzzydedup,4,0,enron_full_065332,exact_ref,2492.742,1,0,51882,3320640
fuzzydedup,5,0,enron_full_065332,exact_ref,2870.355,1,0,61468,3934144
fuzzydedup,4,0,enron_full_065814,exact_ref,1254.385,1,0,25288,1618624
fuzzydedup,5,0,enron_full_065814,exact_ref,1506.734,1,0,28771,1841536
fuzzydedup,6,0,enron_full_065814,exact_ref,1512.083,1,0,31719,2030208
fuzzydedup,5,0,enron_full_066742,no_exact_ref,8452.603,0,6,164996,10559744
fuzzydedup,6,0,enron_full_066742,no_exact_ref,8394.854,0,7,191555,12259520
fuzzydedup,4,0,enron_full_066742,no_exact_ref,6442.718,0,5,137769,8817216
fuzzydedup,6,0,enron_full_067365,exact_ref,2941.363,1,0,55873,3576064
fuzzydedup,4,0,enron_full_067365,exact_ref,2216.330,1,0,42221,2702336
fuzzydedup,5,0,enron_full_067365,exact_ref,2503.710,1,0,49651,3177856
fuzzydedup,4,0,enron_full_067727,exact_ref,1743.473,1,0,33166,2122816
fuzzydedup,5,0,enron_full_067727,exact_ref,1921.743,1,0,38814,2484288
fuzzydedup,6,0,enron_full_067727,exact_ref,1988.099,1,0,43416,2778816
fuzzydedup,5,0,enron_full_067752,exact_ref,4574.438,1,0,81774,5233728
fuzzydedup,6,0,enron_full_067752,exact_ref,4863.066,1,0,96157,6154240
fuzzydedup,4,0,enron_full_067752,exact_ref,3757.187,1,0,66266,4241216
fuzzydedup,6,0,enron_full_068258,no_exact_ref,7692.129,0,7,197034,12610176
fuzzydedup,4,0,enron_full_068258,no_exact_ref,6038.703,0,5,140955,9021120
fuzzydedup,5,0,enron_full_068258,no_exact_ref,6515.508,0,6,169489,10847296
fuzzydedup,4,0,enron_full_068541,no_exact_ref,2965.071,1,1,48900,3129792
fuzzydedup,5,0,enron_full_068541,no_exact_ref,3398.110,1,1,63283,4050304
fuzzydedup,6,0,enron_full_068541,no_exact_ref,3799.938,1,1,77105,4934912
fuzzydedup,5,0,enron_full_068714,no_exact_ref,2387.882,1,0,31097,1990400
fuzzydedup,6,0,enron_full_068714,no_exact_ref,2263.413,1,0,39343,2518144
fuzzydedup,4,0,enron_full_068714,no_exact_ref,1213.867,1,0,23645,1513472
fuzzydedup,6,0,enron_full_068948,no_exact_ref,4525.668,0,7,112816,7220224
fuzzydedup,4,0,enron_full_068948,no_exact_ref,3415.504,0,5,75858,4854912
fuzzydedup,5,0,enron_full_068948,no_exact_ref,3919.769,0,6,94423,6043072
fuzzydedup,4,0,enron_full_069168,exact_ref,3995.802,1,0,66133,4232704
fuzzydedup,5,0,enron_full_069168,exact_ref,4224.092,1,0,82105,5254912
fuzzydedup,6,0,enron_full_069168,exact_ref,4913.316,1,0,97638,6249024
fuzzydedup,5,0,enron_full_069488,no_exact_ref,6647.493,0,6,160514,10272896
fuzzydedup,6,0,enron_full_069488,no_exact_ref,7765.618,0,7,186103,11910720
fuzzydedup,4,0,enron_full_069488,no_exact_ref,6043.731,0,5,133491,8543424
fuzzydedup,6,0,enron_full_070382,no_exact_ref,7164.888,0,7,172289,11026496
fuzzydedup,4,0,enron_full_070382,no_exact_ref,5487.627,0,5,121972,7806208
fuzzydedup,5,0,enron_full_070382,no_exact_ref,6110.846,0,6,147636,9448704
fuzzydedup,4,0,enron_full_071706,exact_ref,3236.736,1,0,61712,3949760
fuzzydedup,5,0,enron_full_071706,exact_ref,3933.523,1,0,77623,4968064
fuzzydedup,6,0,enron_full_071706,exact_ref,4121.479,1,0,93842,6006080
fuzzydedup,5,0,enron_full_071944,exact_ref,3012.141,1,0,65880,4216512
fuzzydedup,6,0,enron_full_071944,exact_ref,3116.940,1,0,75466,4830016
fuzzydedup,4,0,enron_full_071944,exact_ref,2609.353,1,0,55198,3532864
fuzzydedup,6,0,enron_full_072801,exact_ref,531.030,1,0,10948,700864
fuzzydedup,4,0,enron_full_072801,exact_ref,473.688,1,0,9127,584320
fuzzydedup,5,0,enron_full_072801,exact_ref,466.059,1,0,10242,655680
fuzzydedup,4,0,enron_full_073237,exact_ref,3299.015,1,0,63338,4054208
fuzzydedup,5,0,enron_full_073237,exact_ref,3684.755,1,0,77160,4938816
fuzzydedup,6,0,enron_full_073237,exact_ref,3757.013,1,0,90508,5793088
fuzzydedup,5,0,enron_full_075726,exact_ref,2419.431,1,0,49427,3163520
fuzzydedup,6,0,enron_full_075726,exact_ref,2612.328,1,0,55649,3561728
fuzzydedup,4,0,enron_full_075726,exact_ref,1944.645,1,0,41997,2688000
fuzzydedup,6,0,enron_full_076089,exact_ref,3000.764,1,0,62778,4017984
fuzzydedup,4,0,enron_full_076089,exact_ref,2182.567,1,0,46790,2994752
fuzzydedup,5,0,enron_full_076089,exact_ref,2389.011,1,0,55348,3542464
fuzzydedup,4,0,enron_full_078045,no_exact_ref,5393.123,0,5,137103,8774592
fuzzydedup,5,0,enron_full_078045,no_exact_ref,6509.928,0,6,164671,10538944
fuzzydedup,6,0,enron_full_078045,no_exact_ref,6935.282,0,7,190614,12199296
fuzzydedup,5,0,enron_full_078949,exact_ref,2070.217,1,0,43903,2809984
fuzzydedup,6,0,enron_full_078949,exact_ref,2097.056,1,0,49551,3171456
fuzzydedup,4,0,enron_full_078949,exact_ref,1986.707,1,0,37681,2411776
fuzzydedup,6,0,enron_full_080332,no_exact_ref,4625.877,0,7,125079,8005056
fuzzydedup,4,0,enron_full_080332,no_exact_ref,3213.352,0,5,87103,5574592
fuzzydedup,5,0,enron_full_080332,no_exact_ref,3779.683,0,6,106088,6789632
fuzzydedup,4,0,enron_full_080731,exact_ref,3677.521,1,0,65230,4175040
fuzzydedup,5,0,enron_full_080731,exact_ref,3875.499,1,0,79613,5095552
fuzzydedup,6,0,enron_full_080731,exact_ref,4000.381,1,0,93435,5980480
fuzzydedup,5,0,enron_full_081565,exact_ref,4057.451,1,0,70480,4510912
fuzzydedup,6,0,enron_full_081565,exact_ref,4319.649,1,0,86241,5519616
fuzzydedup,4,0,enron_full_081565,exact_ref,3631.793,1,0,55219,3534208
fuzzydedup,6,0,enron_full_081601,exact_ref,3768.308,1,0,75427,4827520
fuzzydedup,4,0,enron_full_081601,exact_ref,2849.524,1,0,55159,3530368
fuzzydedup,5,0,enron_full_081601,exact_ref,2909.089,1,0,65841,4214016
fuzzydedup,4,0,enron_full_081707,exact_ref,917.353,1,0,10555,675712
fuzzydedup,5,0,enron_full_081707,exact_ref,1110.638,1,0,13877,888320
fuzzydedup,6,0,enron_full_081707,exact_ref,1193.171,1,0,17713,1133824
fuzzydedup,5,0,enron_full_082681,no_exact_ref,5919.003,0,6,136629,8744256
fuzzydedup,6,0,enron_full_082681,no_exact_ref,6641.163,0,7,159258,10192512
fuzzydedup,4,0,enron_full_082681,no_exact_ref,4808.945,0,5,113227,7246528
fuzzydedup,6,0,enron_full_085442,exact_ref,5138.513,1,0,94240,6031552
fuzzydedup,4,0,enron_full_085442,exact_ref,3802.474,1,0,62110,3975232
fuzzydedup,5,0,enron_full_085442,exact_ref,4342.805,1,0,78021,4993536
fuzzydedup,4,0,enron_full_085751,exact_ref,3661.306,1,0,65493,4191744
fuzzydedup,5,0,enron_full_085751,exact_ref,4671.425,1,0,81900,5241792
fuzzydedup,6,0,enron_full_085751,exact_ref,4840.846,1,0,97872,6264000
fuzzydedup,5,0,enron_full_086327,no_exact_ref,2551.092,0,6,54223,3470336
fuzzydedup,6,0,enron_full_086327,no_exact_ref,2848.979,0,7,66020,4225344
fuzzydedup,4,0,enron_full_086327,no_exact_ref,1984.083,0,5,43095,2758144
fuzzydedup,6,0,enron_full_087697,no_exact_ref,3145.920,0,7,54205,3469120
fuzzydedup,4,0,enron_full_087697,no_exact_ref,1863.760,0,5,35794,2290816
fuzzydedup,5,0,enron_full_087697,no_exact_ref,1924.934,0,6,44800,2867200
fuzzydedup,4,0,enron_full_088138,exact_ref,3899.969,1,0,59502,3808320
fuzzydedup,5,0,enron_full_088138,exact_ref,3949.568,1,0,75263,4817024
fuzzydedup,6,0,enron_full_088138,exact_ref,4750.758,1,0,91174,5835328
fuzzydedup,5,0,enron_full_088307,exact_ref,1569.257,1,0,28904,1850048
fuzzydedup,6,0,enron_full_088307,exact_ref,1528.472,1,0,31852,2038720
fuzzydedup,4,0,enron_full_088307,exact_ref,1206.887,1,0,25421,1627136
fuzzydedup,6,0,enron_full_088336,exact_ref,3548.553,1,0,71240,4559552
fuzzydedup,4,0,enron_full_088336,exact_ref,2681.757,1,0,43714,2797888
fuzzydedup,5,0,enron_full_088336,exact_ref,3161.344,1,0,57043,3650944
fuzzydedup,4,0,enron_full_089344,exact_ref,4095.058,1,0,67112,4295360
fuzzydedup,5,0,enron_full_089344,exact_ref,4854.343,1,0,82645,5289472
fuzzydedup,6,0,enron_full_089344,exact_ref,4908.191,1,0,98153,6281984
fuzzydedup,5,0,enron_full_089451,exact_ref,2478.705,1,0,44555,2851712
fuzzydedup,6,0,enron_full_089451,exact_ref,2501.689,1,0,50203,3213184
fuzzydedup,4,0,enron_full_089451,exact_ref,2169.942,1,0,38333,2453504
fuzzydedup,6,0,enron_full_090248,exact_ref,5280.263,1,0,98163,6282816
fuzzydedup,4,0,enron_full_090248,exact_ref,3929.179,1,0,67122,4296000
fuzzydedup,5,0,enron_full_090248,exact_ref,4730.194,1,0,82655,5290112
fuzzydedup,4,0,enron_full_091044,exact_ref,4155.174,1,0,66884,4280768
fuzzydedup,5,0,enron_full_091044,exact_ref,4371.601,1,0,82856,5302976
fuzzydedup,6,0,enron_full_091044,exact_ref,5098.429,1,0,98389,6297088
fuzzydedup,5,0,enron_full_091307,exact_ref,3308.631,1,4,50869,3281792
fuzzydedup,6,0,enron_full_091307,exact_ref,3078.032,1,6,37878,2436288
fuzzydedup,4,0,enron_full_091307,exact_ref,2848.231,1,4,34650,2235392
fuzzydedup,6,0,enron_full_092251,no_exact_ref,4807.718,0,7,112519,7201216
fuzzydedup,4,0,enron_full_092251,no_exact_ref,3275.900,0,5,77883,4984512
fuzzydedup,5,0,enron_full_092251,no_exact_ref,3962.148,0,6,95188,6092032
fuzzydedup,4,0,enron_full_092316,no_exact_ref,5011.612,0,5,120641,7721024
fuzzydedup,5,0,enron_full_092316,no_exact_ref,5853.459,0,6,145606,9318784
fuzzydedup,6,0,enron_full_092316,no_exact_ref,6835.106,0,7,169255,10832320
fuzzydedup,5,0,enron_full_092765,no_exact_ref,3730.847,0,6,95188,6092032
fuzzydedup,6,0,enron_full_092765,no_exact_ref,4438.990,0,7,112519,7201216
fuzzydedup,4,0,enron_full_092765,no_exact_ref,2726.952,0,5,77883,4984512
fuzzydedup,6,0,enron_full_093576,no_exact_ref,7325.299,0,7,180015,11520960
fuzzydedup,4,0,enron_full_093576,no_exact_ref,5546.830,0,5,128135,8200640
fuzzydedup,5,0,enron_full_093576,no_exact_ref,6847.120,0,6,154598,9894272
fuzzydedup,4,0,enron_full_094577,exact_ref,714.358,1,0,3790,242752
fuzzydedup,5,0,enron_full_094577,exact_ref,696.959,1,0,4942,316544
fuzzydedup,6,0,enron_full_094577,exact_ref,702.821,1,0,6280,402176
fuzzydedup,5,0,enron_full_094590,no_exact_ref,7001.300,0,6,168125,10760000
fuzzydedup,6,0,enron_full_094590,no_exact_ref,7776.329,0,7,194644,12457280
fuzzydedup,4,0,enron_full_094590,no_exact_ref,5658.273,0,5,139516,8929024
fuzzydedup,6,0,enron_full_094757,no_exact_ref,6765.343,0,7,184939,11836096
fuzzydedup,4,0,enron_full_094757,no_exact_ref,5302.087,0,5,132999,8511936
fuzzydedup,5,0,enron_full_094757,no_exact_ref,5809.891,0,6,159592,10213888
fuzzydedup,4,0,enron_full_095403,exact_ref,3553.589,1,0,64648,4137664
fuzzydedup,5,0,enron_full_095403,exact_ref,3857.790,1,0,80620,5159872
fuzzydedup,6,0,enron_full_095403,exact_ref,4496.277,1,0,96153,6153984
fuzzydedup,5,0,enron_full_096327,exact_ref,1046.342,1,0,12587,805760
fuzzydedup,6,0,enron_full_096327,exact_ref,1034.084,1,0,15909,1018368
fuzzydedup,4,0,enron_full_096327,exact_ref,867.324,1,0,9560,612032
fuzzydedup,6,0,enron_full_096329,exact_ref,3332.428,1,0,54091,3462016
fuzzydedup,4,0,enron_full_096329,exact_ref,2163.480,1,0,32984,2111168
fuzzydedup,5,0,enron_full_096329,exact_ref,2355.127,1,0,43040,2754752
fuzzydedup,4,0,enron_full_098210,exact_ref,1282.390,1,0,20192,1292480
fuzzydedup,5,0,enron_full_098210,exact_ref,1318.824,1,0,23140,1481152
fuzzydedup,6,0,enron_full_098210,exact_ref,1419.603,1,0,25529,1634048
fuzzydedup,5,0,enron_full_098535,exact_ref,4937.581,1,0,79878,5112384
fuzzydedup,6,0,enron_full_098535,exact_ref,5001.870,1,0,95850,6134592
fuzzydedup,4,0,enron_full_098535,exact_ref,3719.725,1,0,63471,4062336
fuzzydedup,6,0,enron_full_098599,exact_ref,5066.261,1,0,94427,6043520
fuzzydedup,4,0,enron_full_098599,exact_ref,3783.383,1,0,61801,3955456
fuzzydedup,5,0,enron_full_098599,exact_ref,3931.063,1,0,78020,4993472
fuzzydedup,4,0,enron_full_098973,exact_ref,3890.655,1,0,61421,3931136
fuzzydedup,5,0,enron_full_098973,exact_ref,3904.111,1,0,75243,4815744
fuzzydedup,6,0,enron_full_098973,exact_ref,3977.278,1,0,88591,5670016
fuzzydedup,5,0,enron_full_099013,exact_ref,4245.281,1,0,78978,5054784
fuzzydedup,6,0,enron_full_099013,exact_ref,4513.153,1,0,92800,5939456
fuzzydedup,4,0,enron_full_099013,exact_ref,3792.636,1,0,64595,4134272
fuzzydedup,6,0,enron_full_099531,exact_ref,4866.475,1,0,94732,6063040
fuzzydedup,4,0,enron_full_099531,exact_ref,3570.521,1,0,62602,4006720
fuzzydedup,5,0,enron_full_099531,exact_ref,4302.536,1,0,78513,5025024
fuzzydedup,4,0,enron_full_100323,exact_ref,4074.845,1,0,67180,4302784
fuzzydedup,5,0,enron_full_100323,exact_ref,4319.899,1,0,82688,5297792
fuzzydedup,6,0,enron_full_100323,exact_ref,4968.798,1,0,97071,6221696
fuzzydedup,5,0,enron_full_100466,exact_ref,4556.560,1,0,83323,5332864
fuzzydedup,6,0,enron_full_100466,exact_ref,5002.080,1,0,98831,6325376
fuzzydedup,4,0,enron_full_100466,exact_ref,3886.699,1,0,67790,4338752
fuzzydedup,6,0,enron_full_101174,exact_ref,5075.858,1,0,97163,6218624
fuzzydedup,4,0,enron_full_101174,exact_ref,3901.358,1,0,64537,4130560
fuzzydedup,5,0,enron_full_101174,exact_ref,4406.770,1,0,80756,5168576
fuzzydedup,4,0,enron_full_101274,exact_ref,2387.986,1,0,36600,2342592
fuzzydedup,5,0,enron_full_101274,exact_ref,3030.719,1,0,47651,3049856
fuzzydedup,6,0,enron_full_101274,exact_ref,3101.735,1,0,59345,3798272
fuzzydedup,5,0,enron_full_102532,exact_ref,4947.018,1,0,83216,5326016
fuzzydedup,6,0,enron_full_102532,exact_ref,5009.054,1,0,98724,6318528
fuzzydedup,4,0,enron_full_102532,exact_ref,3769.229,1,0,67683,4331904
fuzzydedup,6,0,enron_full_102695,exact_ref,5295.933,1,0,98995,6335872
fuzzydedup,4,0,enron_full_102695,exact_ref,4075.929,1,0,67490,4319552
fuzzydedup,5,0,enron_full_102695,exact_ref,4273.693,1,0,83462,5341760
fuzzydedup,4,0,enron_full_102774,exact_ref,2295.607,1,0,26397,1689600
fuzzydedup,5,0,enron_full_102774,exact_ref,2280.679,1,0,34643,2217344
fuzzydedup,6,0,enron_full_102774,exact_ref,2560.921,1,0,44088,2821824
fuzzydedup,5,0,enron_full_103426,exact_ref,4224.947,1,0,83118,5319744
fuzzydedup,6,0,enron_full_103426,exact_ref,4689.199,1,0,97501,6240256
fuzzydedup,4,0,enron_full_103426,exact_ref,3628.459,1,0,67610,4327232
fuzzydedup,6,0,enron_full_103581,exact_ref,2957.790,1,0,64107,4103040
fuzzydedup,4,0,enron_full_103581,exact_ref,2487.075,1,0,48119,3079808
fuzzydedup,5,0,enron_full_103581,exact_ref,2378.532,1,0,56677,3627520
fuzzydedup,4,0,enron_full_104396,no_exact_ref,3774.151,0,5,95838,6133632
fuzzydedup,5,0,enron_full_104396,no_exact_ref,4260.881,0,6,116994,7487616
fuzzydedup,6,0,enron_full_104396,no_exact_ref,4988.605,0,7,137129,8776256
fuzzydedup,5,0,enron_full_104402,exact_ref,3148.714,1,0,72771,4657536
fuzzydedup,6,0,enron_full_104402,exact_ref,3577.668,1,0,84578,5413184
fuzzydedup,4,0,enron_full_104402,exact_ref,2988.570,1,0,59423,3803264
fuzzydedup,6,0,enron_full_104423,no_exact_ref,4080.449,0,7,112519,7201216
fuzzydedup,4,0,enron_full_104423,no_exact_ref,2848.583,0,5,77883,4984512
fuzzydedup,5,0,enron_full_104423,no_exact_ref,3565.297,0,6,95188,6092032
fuzzydedup,4,0,enron_full_104598,exact_ref,2790.242,1,0,59434,3803968
fuzzydedup,5,0,enron_full_104598,exact_ref,3371.609,1,0,72782,4658240
fuzzydedup,6,0,enron_full_104598,exact_ref,3582.741,1,0,84589,5413888
fuzzydedup,5,0,enron_full_105565,exact_ref,2725.503,1,0,67090,4293952
fuzzydedup,6,0,enron_full_105565,exact_ref,3071.504,1,0,76676,4907456
fuzzydedup,4,0,enron_full_105565,exact_ref,2328.686,1,0,56408,3610304
fuzzydedup,6,0,enron_full_105930,exact_ref,3666.935,1,0,91666,5866816
fuzzydedup,4,0,enron_full_105930,exact_ref,3254.963,1,0,64496,4127936
fuzzydedup,5,0,enron_full_105930,exact_ref,3460.985,1,0,78318,5012544
fuzzydedup,4,0,enron_full_106126,exact_ref,2679.422,1,0,56378,3608576
fuzzydedup,5,0,enron_full_106126,exact_ref,2643.529,1,0,67060,4292416
fuzzydedup,6,0,enron_full_106126,exact_ref,3003.766,1,0,76646,4905920
fuzzydedup,5,0,enron_full_106135,exact_ref,2365.934,1,0,56613,3623424
fuzzydedup,6,0,enron_full_106135,exact_ref,2817.788,1,0,64043,4098944
fuzzydedup,4,0,enron_full_106135,exact_ref,2182.200,1,0,48055,3075712
fuzzydedup,6,0,enron_full_108529,exact_ref,3572.608,1,0,71463,4573824
fuzzydedup,4,0,enron_full_108529,exact_ref,2515.294,1,0,43937,2812160
fuzzydedup,5,0,enron_full_108529,exact_ref,2899.434,1,0,57266,3665216
fuzzydedup,4,0,enron_full_108654,exact_ref,3868.254,1,0,64398,4121664
fuzzydedup,5,0,enron_full_108654,exact_ref,3899.630,1,0,80617,5159680
fuzzydedup,6,0,enron_full_108654,exact_ref,4724.491,1,0,97024,6209728
fuzzydedup,5,0,enron_full_108933,exact_ref,4048.208,1,0,78232,5007232
fuzzydedup,6,0,enron_full_108933,exact_ref,4012.124,1,0,91580,5861504
fuzzydedup,4,0,enron_full_108933,exact_ref,3446.866,1,0,64410,4122624
fuzzydedup,6,0,enron_full_108996,exact_ref,1975.284,1,0,44065,2820352
fuzzydedup,4,0,enron_full_108996,exact_ref,1664.941,1,0,33815,2164352
fuzzydedup,5,0,enron_full_108996,exact_ref,1927.754,1,0,39463,2525824
fuzzydedup,4,0,enron_full_109605,exact_ref,3900.243,1,0,66029,4226048
fuzzydedup,5,0,enron_full_109605,exact_ref,4191.037,1,0,82436,5276096
fuzzydedup,6,0,enron_full_109605,exact_ref,4457.397,1,0,98408,6298304
fuzzydedup,5,0,enron_full_110370,exact_ref,3879.370,1,0,71462,4573760
fuzzydedup,6,0,enron_full_110370,exact_ref,4089.716,1,0,87223,5582464
fuzzydedup,4,0,enron_full_110370,exact_ref,3437.863,1,0,56201,3597056
fuzzydedup,6,0,enron_full_111197,no_exact_ref,7490.678,0,7,197034,12610176
fuzzydedup,4,0,enron_full_111197,no_exact_ref,6201.717,0,5,140955,9021120
fuzzydedup,5,0,enron_full_111197,no_exact_ref,6470.197,0,6,169489,10847296
fuzzydedup,4,0,enron_full_111665,exact_ref,3475.214,1,0,59868,3831744
fuzzydedup,5,0,enron_full_111665,exact_ref,3824.000,1,0,75629,4840448
fuzzydedup,6,0,enron_full_111665,exact_ref,4313.097,1,0,91540,5858752
fuzzydedup,5,0,enron_full_111904,exact_ref,4282.420,1,0,83052,5315520
fuzzydedup,6,0,enron_full_111904,exact_ref,4498.731,1,0,98560,6308032
fuzzydedup,4,0,enron_full_111904,exact_ref,3507.383,1,0,67519,4321408
fuzzydedup,6,0,enron_full_112694,exact_ref,3704.585,1,0,83130,5320512
fuzzydedup,4,0,enron_full_112694,exact_ref,2774.246,1,0,60641,3881216
fuzzydedup,5,0,enron_full_112694,exact_ref,3189.167,1,0,72448,4636864
fuzzydedup,4,0,enron_full_113971,exact_ref,830.748,1,0,10995,703872
fuzzydedup,5,0,enron_full_113971,exact_ref,830.629,1,0,12537,802560
fuzzydedup,6,0,enron_full_113971,exact_ref,763.520,1,0,13652,873920
fuzzydedup,5,0,enron_full_114650,exact_ref,2015.194,1,0,45538,2914624
fuzzydedup,6,0,enron_full_114650,exact_ref,1899.956,1,0,50140,3209152
fuzzydedup,4,0,enron_full_114650,exact_ref,1745.037,1,0,39890,2553152
fuzzydedup,6,0,enron_full_115626,no_exact_ref,6818.843,0,7,190614,12199296
fuzzydedup,4,0,enron_full_115626,no_exact_ref,5384.698,0,5,137103,8774592
fuzzydedup,5,0,enron_full_115626,no_exact_ref,6270.499,0,6,164671,10538944
fuzzydedup,4,0,enron_full_116065,exact_ref,1272.638,1,0,25885,1656832
fuzzydedup,5,0,enron_full_116065,exact_ref,1529.046,1,0,29368,1879744
fuzzydedup,6,0,enron_full_116065,exact_ref,1382.179,1,0,32316,2068416
fuzzydedup,5,0,enron_full_116692,exact_ref,1339.225,1,0,29341,1878016
fuzzydedup,6,0,enron_full_116692,exact_ref,1356.706,1,0,32289,2066688
fuzzydedup,4,0,enron_full_116692,exact_ref,1264.898,1,0,25858,1655104
fuzzydedup,6,0,enron_full_117087,exact_ref,3032.590,1,0,64305,4115712
fuzzydedup,4,0,enron_full_117087,exact_ref,2416.558,1,0,48317,3092480
fuzzydedup,5,0,enron_full_117087,exact_ref,2383.441,1,0,56875,3640192
fuzzydedup,4,0,enron_full_117441,exact_ref,3472.009,1,0,64838,4149824
fuzzydedup,5,0,enron_full_117441,exact_ref,3688.125,1,0,78660,5034432
fuzzydedup,6,0,enron_full_117441,exact_ref,3862.814,1,0,92008,5888704
fuzzydedup,5,0,enron_full_117988,exact_ref,2494.131,1,0,56860,3639232
fuzzydedup,6,0,enron_full_117988,exact_ref,2802.270,1,0,64290,4114752
fuzzydedup,4,0,enron_full_117988,exact_ref,2211.911,1,0,48302,3091520
fuzzydedup,6,0,enron_full_118247,exact_ref,920.485,1,0,17995,1151872
fuzzydedup,4,0,enron_full_118247,exact_ref,772.758,1,0,14638,937024
fuzzydedup,5,0,enron_full_118247,exact_ref,773.244,1,0,16453,1053184
fuzzydedup,4,0,enron_full_118573,exact_ref,2202.830,1,0,48333,3093504
fuzzydedup,5,0,enron_full_118573,exact_ref,2285.678,1,0,56891,3641216
fuzzydedup,6,0,enron_full_118573,exact_ref,2715.083,1,0,64321,4116736
fuzzydedup,5,0,enron_full_119068,exact_ref,2116.448,1,0,45152,2889920
fuzzydedup,6,0,enron_full_119068,exact_ref,2171.969,1,0,50800,3251392
fuzzydedup,4,0,enron_full_119068,exact_ref,1837.436,1,0,38930,2491712
fuzzydedup,6,0,enron_full_119674,no_exact_ref,8248.711,0,7,172289,11026496
fuzzydedup,4,0,enron_full_119674,no_exact_ref,6211.542,0,5,121972,7806208
fuzzydedup,5,0,enron_full_119674,no_exact_ref,6806.057,0,6,147636,9448704
fuzzydedup,4,0,enron_full_119896,no_exact_ref,5476.477,0,5,107991,6911552
fuzzydedup,5,0,enron_full_119896,no_exact_ref,6534.989,0,6,131204,8397696
fuzzydedup,6,0,enron_full_119896,no_exact_ref,7011.183,0,7,153889,9850432
fuzzydedup,5,0,enron_full_120534,exact_ref,3821.758,1,0,72606,4646976
fuzzydedup,6,0,enron_full_120534,exact_ref,3969.907,1,0,83288,5330624
fuzzydedup,4,0,enron_full_120534,exact_ref,3066.811,1,0,60799,3891328
fuzzydedup,6,0,enron_full_120641,exact_ref,3588.333,1,0,77360,4951232
fuzzydedup,4,0,enron_full_120641,exact_ref,2660.052,1,0,57092,3654080
fuzzydedup,5,0,enron_full_120641,exact_ref,2876.246,1,0,67774,4337728
fuzzydedup,4,0,enron_full_120822,exact_ref,302.029,1,0,4350,278592
fuzzydedup,5,0,enron_full_120822,exact_ref,166.386,1,0,4730,302912
fuzzydedup,6,0,enron_full_120822,exact_ref,175.842,1,0,5006,320576
fuzzydedup,5,0,enron_full_121175,exact_ref,1852.663,1,0,39876,2552320
fuzzydedup,6,0,enron_full_121175,exact_ref,2081.870,1,0,44478,2846848
fuzzydedup,4,0,enron_full_121175,exact_ref,1792.680,1,0,34228,2190848
fuzzydedup,6,0,enron_full_122290,no_exact_ref,8027.843,0,7,194644,12457280
fuzzydedup,4,0,enron_full_122290,no_exact_ref,6317.993,0,5,139516,8929024
fuzzydedup,5,0,enron_full_122290,no_exact_ref,6847.586,0,6,168125,10760000
fuzzydedup,4,0,enron_full_122402,no_exact_ref,3845.923,0,5,69400,4441600
fuzzydedup,5,0,enron_full_122402,no_exact_ref,4108.569,0,6,85290,5458560
fuzzydedup,6,0,enron_full_122402,no_exact_ref,4340.278,0,7,102455,6557120
fuzzydedup,5,0,enron_full_123831,exact_ref,2047.904,1,0,39990,2559552
fuzzydedup,6,0,enron_full_123831,exact_ref,1990.603,1,0,44592,2854080
fuzzydedup,4,0,enron_full_123831,exact_ref,1680.825,1,0,34342,2198080
fuzzydedup,6,0,enron_full_124264,exact_ref,3430.604,1,0,65660,4202432
fuzzydedup,4,0,enron_full_124264,exact_ref,2450.874,1,0,40637,2600960
fuzzydedup,5,0,enron_full_124264,exact_ref,2570.596,1,0,52331,3349376
fuzzydedup,4,0,enron_full_124451,exact_ref,3651.598,1,0,65202,4173120
fuzzydedup,5,0,enron_full_124451,exact_ref,3897.411,1,0,79024,5057728
fuzzydedup,6,0,enron_full_124451,exact_ref,3894.139,1,0,92372,5912000
fuzzydedup,5,0,enron_full_126518,exact_ref,1866.042,1,0,39940,2556352
fuzzydedup,6,0,enron_full_126518,exact_ref,1974.587,1,0,44542,2850880
fuzzydedup,4,0,enron_full_126518,exact_ref,1599.323,1,0,34292,2194880
fuzzydedup,6,0,enron_full_128013,no_exact_ref,7744.055,0,7,186103,11910592
fuzzydedup,4,0,enron_full_128013,no_exact_ref,6428.357,0,5,133491,8543424
fuzzydedup,5,0,enron_full_128013,no_exact_ref,7211.563,0,6,160514,10272896
fuzzydedup,4,0,enron_full_128290,no_exact_ref,5557.414,0,5,100182,6411648
fuzzydedup,5,0,enron_full_128290,no_exact_ref,5867.174,0,6,122217,7821888
fuzzydedup,6,0,enron_full_128290,no_exact_ref,6530.912,0,7,144058,9219712
fuzzydedup,5,0,enron_full_128461,exact_ref,3179.810,1,0,62581,4005376
fuzzydedup,6,0,enron_full_128461,exact_ref,4536.528,1,0,77293,4946944
fuzzydedup,4,0,enron_full_128461,exact_ref,2710.304,1,0,48384,3096768
fuzzydedup,6,0,enron_full_129750,exact_ref,4880.598,1,0,95622,6120000
fuzzydedup,4,0,enron_full_129750,exact_ref,3764.520,1,0,67417,4314880
fuzzydedup,5,0,enron_full_129750,exact_ref,4381.735,1,0,81800,5235392
fuzzydedup,4,0,enron_full_129922,exact_ref,3487.791,1,0,63129,4040448
fuzzydedup,5,0,enron_full_129922,exact_ref,3455.051,1,0,76477,4894720
fuzzydedup,6,0,enron_full_129922,exact_ref,4094.394,1,0,88284,5650368
fuzzydedup,5,0,enron_full_129965,exact_ref,770.361,1,0,10655,682112
fuzzydedup,6,0,enron_full_129965,exact_ref,316.872,1,0,11361,727296
fuzzydedup,4,0,enron_full_129965,exact_ref,530.306,1,0,9540,610752
fuzzydedup,6,0,enron_full_130406,exact_ref,3641.852,1,0,77504,4960448
fuzzydedup,4,0,enron_full_130406,exact_ref,2736.273,1,0,57236,3663296
fuzzydedup,5,0,enron_full_130406,exact_ref,2884.964,1,0,67918,4346944
fuzzydedup,4,0,enron_full_130557,exact_ref,521.789,1,0,4341,278016
fuzzydedup,5,0,enron_full_130557,exact_ref,696.821,1,0,5679,363648
fuzzydedup,6,0,enron_full_130557,exact_ref,694.996,1,0,7098,454464
fuzzydedup,5,0,enron_full_130818,exact_ref,4282.532,1,0,81862,5239360
fuzzydedup,6,0,enron_full_130818,exact_ref,4529.558,1,0,95684,6123968
fuzzydedup,4,0,enron_full_130818,exact_ref,3873.501,1,0,67479,4318848
fuzzydedup,6,0,enron_full_131990,exact_ref,3691.546,1,0,71789,4594688
fuzzydedup,4,0,enron_full_131990,exact_ref,2711.098,1,0,44263,2833024
fuzzydedup,5,0,enron_full_131990,exact_ref,3079.005,1,0,57592,3686080
fuzzydedup,4,0,enron_full_132971,exact_ref,975.483,1,0,11984,767168
fuzzydedup,5,0,enron_full_132971,exact_ref,1103.858,1,0,15820,1012672
fuzzydedup,6,0,enron_full_132971,exact_ref,1143.258,1,0,20016,1281216
fuzzydedup,5,0,enron_full_133588,exact_ref,4080.987,1,0,78942,5052480
fuzzydedup,6,0,enron_full_133588,exact_ref,3846.487,1,0,92290,5906752
fuzzydedup,4,0,enron_full_133588,exact_ref,3504.782,1,0,65120,4167872
fuzzydedup,6,0,enron_full_133819,exact_ref,2541.173,1,0,49190,3148352
fuzzydedup,4,0,enron_full_133819,exact_ref,2070.481,1,0,29689,1900288
fuzzydedup,5,0,enron_full_133819,exact_ref,2109.625,1,0,39134,2504768
fuzzydedup,4,0,enron_full_134727,no_exact_ref,5521.709,0,5,132999,8511936
fuzzydedup,5,0,enron_full_134727,no_exact_ref,6146.165,0,6,159592,10213888
fuzzydedup,6,0,enron_full_134727,no_exact_ref,6840.856,0,7,184939,11836096
fuzzydedup,5,0,enron_full_136330,exact_ref,715.878,1,0,10715,685952
fuzzydedup,6,0,enron_full_136330,exact_ref,279.012,1,0,11421,731136
fuzzydedup,4,0,enron_full_136330,exact_ref,479.779,1,0,9600,614592
fuzzydedup,6,0,enron_full_137531,exact_ref,2593.169,1,0,57759,3696768
fuzzydedup,4,0,enron_full_137531,exact_ref,1922.547,1,0,44107,2823040
fuzzydedup,5,0,enron_full_137531,exact_ref,2210.348,1,0,51537,3298560
fuzzydedup,4,0,enron_full_137711,exact_ref,3430.787,1,0,67023,4289664
fuzzydedup,5,0,enron_full_137711,exact_ref,4126.181,1,0,83430,5339712
fuzzydedup,6,0,enron_full_137711,exact_ref,4453.198,1,0,99402,6361920
fuzzydedup,5,0,enron_full_139013,no_exact_ref,6450.811,0,6,160514,10272896
fuzzydedup,6,0,enron_full_139013,no_exact_ref,7703.583,0,7,186103,11910592
fuzzydedup,4,0,enron_full_139013,no_exact_ref,5623.825,0,5,133491,8543424
fuzzydedup,6,0,enron_full_139188,exact_ref,1546.304,1,0,30842,1974080
fuzzydedup,4,0,enron_full_139188,exact_ref,1301.993,1,0,24411,1562496
fuzzydedup,5,0,enron_full_139188,exact_ref,1373.668,1,0,27894,1785408
fuzzydedup,4,0,enron_full_139197,exact_ref,1247.508,1,0,19233,1231104
fuzzydedup,5,0,enron_full_139197,exact_ref,1309.471,1,0,25313,1620224
fuzzydedup,6,0,enron_full_139197,exact_ref,1340.340,1,0,32087,2053760
fuzzydedup,5,0,enron_full_139486,exact_ref,3584.171,1,0,73056,4675776
fuzzydedup,6,0,enron_full_139486,exact_ref,3352.933,1,0,83738,5359424
fuzzydedup,4,0,enron_full_139486,exact_ref,2685.984,1,0,61249,3920128
fuzzydedup,6,0,enron_full_140225,no_exact_ref,7717.955,0,7,191555,12259840
fuzzydedup,4,0,enron_full_140225,no_exact_ref,5955.987,0,5,137769,8817216
fuzzydedup,5,0,enron_full_140225,no_exact_ref,6622.409,0,6,164996,10559808
fuzzydedup,4,0,enron_full_140420,exact_ref,1461.615,1,0,24234,1551168
fuzzydedup,5,0,enron_full_140420,exact_ref,1539.601,1,0,27717,1774464
fuzzydedup,6,0,enron_full_140420,exact_ref,1570.584,1,0,30665,1963392
fuzzydedup,5,0,enron_full_140552,exact_ref,1546.273,1,0,29839,1909888
fuzzydedup,6,0,enron_full_140552,exact_ref,1539.192,1,0,32787,2098560
fuzzydedup,4,0,enron_full_140552,exact_ref,1351.882,1,0,26356,1686976
fuzzydedup,6,0,enron_full_140885,exact_ref,5170.672,1,0,92362,5911360
fuzzydedup,4,0,enron_full_140885,exact_ref,3968.639,1,0,60690,3884352
fuzzydedup,5,0,enron_full_140885,exact_ref,4239.302,1,0,76451,4893056
fuzzydedup,4,0,enron_full_141161,no_exact_ref,126.977,0,5,1280,81920
fuzzydedup,5,0,enron_full_141161,no_exact_ref,59.528,0,6,1594,102016
fuzzydedup,6,0,enron_full_141161,no_exact_ref,68.806,0,7,1872,119808
fuzzydedup,5,0,enron_full_141985,exact_ref,3307.643,1,0,63151,4041856
fuzzydedup,6,0,enron_full_141985,exact_ref,3064.919,1,0,71709,4589568
fuzzydedup,4,0,enron_full_141985,exact_ref,2411.777,1,0,53565,3428352
fuzzydedup,6,0,enron_full_142230,exact_ref,1312.268,1,0,27342,1750080
fuzzydedup,4,0,enron_full_142230,exact_ref,1284.024,1,0,22005,1408512
fuzzydedup,5,0,enron_full_142230,exact_ref,1275.309,1,0,24953,1597184
fuzzydedup,4,0,enron_full_142612,exact_ref,4534.409,1,0,68531,4386176
fuzzydedup,5,0,enron_full_142612,exact_ref,4518.280,1,0,84039,5378688
fuzzydedup,6,0,enron_full_142612,exact_ref,5426.869,1,0,98422,6299200
fuzzydedup,5,0,enron_full_143076,exact_ref,3332.782,1,0,63158,4042304
fuzzydedup,6,0,enron_full_143076,exact_ref,3163.424,1,0,71716,4590016
fuzzydedup,4,0,enron_full_143076,exact_ref,2407.479,1,0,53572,3428800
fuzzydedup,6,0,enron_full_144720,no_exact_ref,273.318,0,7,3758,240704
fuzzydedup,4,0,enron_full_144720,no_exact_ref,110.395,0,5,1891,121024
fuzzydedup,5,0,enron_full_144720,no_exact_ref,118.705,0,6,2621,167872
fuzzydedup,4,0,enron_full_144759,no_exact_ref,5568.119,0,5,132999,8511936
fuzzydedup,5,0,enron_full_144759,no_exact_ref,6654.128,0,6,159592,10213888
fuzzydedup,6,0,enron_full_144759,no_exact_ref,7640.459,0,7,184939,11836096
fuzzydedup,5,0,enron_full_145061,exact_ref,3239.913,1,0,48080,3077312
fuzzydedup,6,0,enron_full_145061,exact_ref,3183.595,1,0,59774,3825728
fuzzydedup,4,0,enron_full_145061,exact_ref,2061.439,1,0,37029,2370048
fuzzydedup,6,0,enron_full_146696,exact_ref,2422.980,1,0,44563,2852224
fuzzydedup,4,0,enron_full_146696,exact_ref,1994.952,1,0,26872,1720000
fuzzydedup,5,0,enron_full_146696,exact_ref,2125.697,1,0,35118,2247744
fuzzydedup,4,0,enron_full_148007,exact_ref,2156.247,1,0,39727,2542720
fuzzydedup,5,0,enron_full_148007,exact_ref,2164.575,1,0,45949,2940928
fuzzydedup,6,0,enron_full_148007,exact_ref,2437.473,1,0,51597,3302400
fuzzydedup,5,0,enron_full_148315,exact_ref,2259.420,1,0,35135,2248832
fuzzydedup,6,0,enron_full_148315,exact_ref,2361.691,1,0,44580,2853312
fuzzydedup,4,0,enron_full_148315,exact_ref,1807.511,1,0,26889,1721088
fuzzydedup,6,0,enron_full_148338,exact_ref,4586.885,1,0,95818,6133248
fuzzydedup,4,0,enron_full_148338,exact_ref,3837.192,1,0,63688,4076928
fuzzydedup,5,0,enron_full_148338,exact_ref,4162.171,1,0,79599,5095232
fuzzydedup,4,0,enron_full_149174,exact_ref,2086.484,1,0,37063,2372224
fuzzydedup,5,0,enron_full_149174,exact_ref,2571.390,1,0,48114,3079488
fuzzydedup,6,0,enron_full_149174,exact_ref,2768.946,1,0,59808,3827904
fuzzydedup,5,0,enron_full_149842,exact_ref,3661.072,1,0,77225,4942720
fuzzydedup,6,0,enron_full_149842,exact_ref,3834.565,1,0,89032,5698368
fuzzydedup,4,0,enron_full_149842,exact_ref,3238.006,1,0,63877,4088448
fuzzydedup,6,0,enron_full_150562,exact_ref,3803.119,1,0,92920,5947072
fuzzydedup,4,0,enron_full_150562,exact_ref,3191.161,1,0,65750,4208192
fuzzydedup,5,0,enron_full_150562,exact_ref,3505.446,1,0,79572,5092800
fuzzydedup,4,0,enron_full_151773,no_exact_ref,3938.019,0,5,95838,6133632
fuzzydedup,5,0,enron_full_151773,no_exact_ref,4277.050,0,6,116994,7487616
fuzzydedup,6,0,enron_full_151773,no_exact_ref,4825.015,0,7,137129,8776256
fuzzydedup,5,0,enron_full_152307,exact_ref,4373.589,1,0,84671,5419136
fuzzydedup,6,0,enron_full_152307,exact_ref,4686.319,1,0,100179,6411648
fuzzydedup,4,0,enron_full_152307,exact_ref,3649.347,1,0,69138,4425024
fuzzydedup,6,0,enron_full_152987,exact_ref,687.427,1,0,4565,292352
fuzzydedup,4,0,enron_full_152987,exact_ref,74.038,1,0,2716,174016
fuzzydedup,5,0,enron_full_152987,exact_ref,75.000,1,0,3648,233664
fuzzydedup,4,0,enron_full_153167,exact_ref,2558.934,1,0,49415,3163456
fuzzydedup,5,0,enron_full_153167,exact_ref,2454.855,1,0,57973,3711872
fuzzydedup,6,0,enron_full_153167,exact_ref,2815.926,1,0,65403,4187520
fuzzydedup,5,0,enron_full_154125,no_exact_ref,1912.615,0,6,44800,2867264
fuzzydedup,6,0,enron_full_154125,no_exact_ref,2896.773,0,7,54205,3469248
fuzzydedup,4,0,enron_full_154125,no_exact_ref,1633.397,0,5,35794,2290816
fuzzydedup,6,0,enron_full_154648,no_exact_ref,6523.242,0,7,177736,11375104
fuzzydedup,4,0,enron_full_154648,no_exact_ref,5123.771,0,5,127462,8157568
fuzzydedup,5,0,enron_full_154648,no_exact_ref,6059.543,0,6,153267,9809088
fuzzydedup,4,0,enron_full_155829,exact_ref,3554.292,1,0,67423,4315264
fuzzydedup,5,0,enron_full_155829,exact_ref,4178.551,1,0,83830,5365312
fuzzydedup,6,0,enron_full_155829,exact_ref,4443.535,1,0,99802,6387520
fuzzydedup,5,0,enron_full_156626,exact_ref,3835.347,1,0,79750,5104192
fuzzydedup,6,0,enron_full_156626,exact_ref,3799.451,1,0,93098,5958464
fuzzydedup,4,0,enron_full_156626,exact_ref,3504.260,1,0,65928,4219584
fuzzydedup,6,0,enron_full_156811,exact_ref,3535.081,1,0,72233,4623104
fuzzydedup,4,0,enron_full_156811,exact_ref,2487.053,1,0,44707,2861440
fuzzydedup,5,0,enron_full_156811,exact_ref,2910.795,1,0,58036,3714496
fuzzydedup,4,0,enron_full_158640,exact_ref,605.061,1,0,7744,495808
fuzzydedup,5,0,enron_full_158640,exact_ref,225.302,1,0,8450,540992
fuzzydedup,6,0,enron_full_158640,exact_ref,230.580,1,0,9009,576768
fuzzydedup,5,0,enron_full_159222,exact_ref,4265.140,1,0,84760,5424832
fuzzydedup,6,0,enron_full_159222,exact_ref,4529.510,1,0,100268,6417344
fuzzydedup,4,0,enron_full_159222,exact_ref,3534.293,1,0,69227,4430720
fuzzydedup,6,0,enron_full_159570,exact_ref,4625.755,1,0,98865,6327552
fuzzydedup,4,0,enron_full_159570,exact_ref,3690.562,1,0,68974,4414528
fuzzydedup,5,0,enron_full_159570,exact_ref,3922.673,1,0,84482,5407040
fuzzydedup,4,0,enron_full_159687,exact_ref,3299.027,1,0,65215,4174336
fuzzydedup,5,0,enron_full_159687,exact_ref,3961.125,1,0,79598,5094848
fuzzydedup,6,0,enron_full_159687,exact_ref,4189.051,1,0,93420,5979456
fuzzydedup,5,0,enron_full_161067,exact_ref,716.015,1,0,11989,767488
fuzzydedup,6,0,enron_full_161067,exact_ref,293.941,1,0,12695,812672
fuzzydedup,4,0,enron_full_161067,exact_ref,493.419,1,0,10874,696128
fuzzydedup,6,0,enron_full_161301,exact_ref,1118.084,1,0,22847,1462400
fuzzydedup,4,0,enron_full_161301,exact_ref,940.809,1,0,18643,1193344
fuzzydedup,5,0,enron_full_161301,exact_ref,921.849,1,0,21032,1346240
fuzzydedup,4,0,enron_full_161404,exact_ref,993.335,1,0,14970,958272
fuzzydedup,5,0,enron_full_161404,exact_ref,1205.729,1,0,20206,1293376
fuzzydedup,6,0,enron_full_161404,exact_ref,1308.886,1,0,25266,1617216
fuzzydedup,5,0,enron_full_161839,no_exact_ref,682.856,0,6,6528,417792
fuzzydedup,6,0,enron_full_161839,no_exact_ref,726.374,0,7,8031,513984
fuzzydedup,4,0,enron_full_161839,no_exact_ref,106.194,0,5,5247,335808
fuzzydedup,6,0,enron_full_162338,exact_ref,4457.960,1,0,77884,4984768
fuzzydedup,4,0,enron_full_162338,exact_ref,2649.869,1,0,48975,3134592
fuzzydedup,5,0,enron_full_162338,exact_ref,2887.213,1,0,63172,4043200
fuzzydedup,4,0,enron_full_163700,no_exact_ref,5717.787,0,5,128135,8200640
fuzzydedup,5,0,enron_full_163700,no_exact_ref,6635.331,0,6,154598,9894272
fuzzydedup,6,0,enron_full_163700,no_exact_ref,7381.951,0,7,180015,11520960
fuzzydedup,5,0,enron_full_163994,exact_ref,3854.457,1,0,82967,5310080
fuzzydedup,6,0,enron_full_163994,exact_ref,4360.322,1,0,98878,6328448
fuzzydedup,4,0,enron_full_163994,exact_ref,3379.105,1,0,67206,4301376
fuzzydedup,6,0,enron_full_164128,no_exact_ref,6914.309,0,7,190614,12199360
fuzzydedup,4,0,enron_full_164128,no_exact_ref,5623.455,0,5,137103,8774592
fuzzydedup,5,0,enron_full_164128,no_exact_ref,6480.316,0,6,164671,10538944
fuzzydedup,4,0,enron_full_164251,exact_ref,3427.104,1,0,66536,4258496
fuzzydedup,5,0,enron_full_164251,exact_ref,3855.376,1,0,80358,5143104
fuzzydedup,6,0,enron_full_164251,exact_ref,3905.810,1,0,93706,5997376
fuzzydedup,5,0,enron_full_164751,no_exact_ref,6828.170,0,6,168125,10760000
fuzzydedup,6,0,enron_full_164751,no_exact_ref,7898.462,0,7,194644,12457216
fuzzydedup,4,0,enron_full_164751,no_exact_ref,6188.668,0,5,139516,8929024
fuzzydedup,6,0,enron_full_164805,no_exact_ref,8041.831,0,7,197034,12610176
fuzzydedup,4,0,enron_full_164805,no_exact_ref,6600.347,0,5,140955,9021120
fuzzydedup,5,0,enron_full_164805,no_exact_ref,7767.217,0,6,169489,10847296
fuzzydedup,4,0,enron_full_165550,no_exact_ref,6620.758,0,5,141284,9042176
fuzzydedup,5,0,enron_full_165550,no_exact_ref,7749.012,0,6,169864,10871296
fuzzydedup,6,0,enron_full_165550,no_exact_ref,8360.384,0,7,197015,12608960
fuzzydedup,5,0,enron_full_165951,exact_ref,2533.155,1,0,42333,2709504
fuzzydedup,6,0,enron_full_165951,exact_ref,3219.601,1,0,53384,3416768
fuzzydedup,4,0,enron_full_165951,exact_ref,2047.320,1,0,32277,2065920
fuzzydedup,6,0,enron_full_167260,exact_ref,5016.927,1,0,100237,6421568
fuzzydedup,4,0,enron_full_167260,exact_ref,3763.617,1,0,67858,4345792
fuzzydedup,5,0,enron_full_167260,exact_ref,4550.389,1,0,84265,5397376
fuzzydedup,4,0,enron_full_168469,exact_ref,1504.721,1,0,24480,1566912
fuzzydedup,5,0,enron_full_168469,exact_ref,1620.032,1,0,27963,1789824
fuzzydedup,6,0,enron_full_168469,exact_ref,1565.318,1,0,30911,1978496
fuzzydedup,5,0,enron_full_168971,exact_ref,3147.557,1,0,63807,4083840
fuzzydedup,6,0,enron_full_168971,exact_ref,3007.211,1,0,72365,4631552
fuzzydedup,4,0,enron_full_168971,exact_ref,2368.769,1,0,54221,3470336
fuzzydedup,6,0,enron_full_170176,no_exact_ref,4215.492,0,7,83781,5361984
fuzzydedup,4,0,enron_full_170176,no_exact_ref,3042.492,0,5,56325,3604800
fuzzydedup,5,0,enron_full_170176,no_exact_ref,3264.467,0,6,69703,4460992
fuzzydedup,4,0,enron_full_170711,exact_ref,1104.736,1,0,17857,1143040
fuzzydedup,5,0,enron_full_170711,exact_ref,1085.285,1,0,20246,1295936
fuzzydedup,6,0,enron_full_170711,exact_ref,1067.102,1,0,22061,1412096
fuzzydedup,5,0,enron_full_170765,exact_ref,4514.488,1,0,77993,4991744
fuzzydedup,6,0,enron_full_170765,exact_ref,5146.395,1,0,94400,6041792
fuzzydedup,4,0,enron_full_170765,exact_ref,3828.805,1,0,61774,3953728
fuzzydedup,6,0,enron_full_170860,no_exact_ref,8257.492,0,7,194887,12472768
fuzzydedup,4,0,enron_full_170860,no_exact_ref,6014.849,0,5,139973,8958272
fuzzydedup,5,0,enron_full_170860,no_exact_ref,6909.191,0,6,168810,10803840
fuzzydedup,4,0,enron_full_171509,exact_ref,315.110,1,0,1283,82304
fuzzydedup,5,0,enron_full_171509,exact_ref,86.994,1,0,1367,87680
fuzzydedup,6,0,enron_full_171509,exact_ref,97.426,1,0,1456,93376
fuzzydedup,5,0,enron_full_171797,no_exact_ref,1801.420,0,6,44800,2867200
fuzzydedup,6,0,enron_full_171797,no_exact_ref,2948.898,0,7,54205,3469120
fuzzydedup,4,0,enron_full_171797,no_exact_ref,1588.895,0,5,35794,2290816
fuzzydedup,6,0,enron_full_172609,no_exact_ref,7581.649,0,7,194644,12457216
fuzzydedup,4,0,enron_full_172609,no_exact_ref,5817.698,0,5,139516,8929024
fuzzydedup,5,0,enron_full_172609,no_exact_ref,6313.455,0,6,168125,10760000
fuzzydedup,4,0,enron_full_174436,exact_ref,3445.856,1,0,63328,4053184
fuzzydedup,5,0,enron_full_174436,exact_ref,4048.471,1,0,79735,5103232
fuzzydedup,6,0,enron_full_174436,exact_ref,4339.488,1,0,95707,6125760
fuzzydedup,5,0,enron_full_174861,exact_ref,3424.735,1,0,74228,4750784
fuzzydedup,6,0,enron_full_174861,exact_ref,3527.005,1,0,84910,5434432
fuzzydedup,4,0,enron_full_174861,exact_ref,2821.901,1,0,62421,3995136
fuzzydedup,6,0,enron_full_175011,no_exact_ref,6093.574,0,7,144058,9219712
fuzzydedup,4,0,enron_full_175011,no_exact_ref,4949.151,0,5,100182,6411648
fuzzydedup,5,0,enron_full_175011,no_exact_ref,5327.448,0,6,122217,7821888
fuzzydedup,4,0,enron_full_176124,exact_ref,2162.134,1,0,45221,2894336
fuzzydedup,5,0,enron_full_176124,exact_ref,2467.438,1,0,52651,3369856
fuzzydedup,6,0,enron_full_176124,exact_ref,2414.373,1,0,58873,3768064
fuzzydedup,5,0,enron_full_176753,exact_ref,4380.174,1,0,84542,5410880
fuzzydedup,6,0,enron_full_176753,exact_ref,4557.002,1,0,100514,6433088
fuzzydedup,4,0,enron_full_176753,exact_ref,3303.678,1,0,68135,4360832
fuzzydedup,6,0,enron_full_178212,exact_ref,2304.350,1,0,36063,2308224
fuzzydedup,4,0,enron_full_178212,exact_ref,1205.250,1,0,21837,1397760
fuzzydedup,5,0,enron_full_178212,exact_ref,1190.464,1,0,28611,1831296
fuzzydedup,4,0,enron_full_178550,exact_ref,2557.343,1,0,54495,3487872
fuzzydedup,5,0,enron_full_178550,exact_ref,2760.135,1,0,64081,4101376
fuzzydedup,6,0,enron_full_178550,exact_ref,3007.844,1,0,72639,4649088
fuzzydedup,5,0,enron_full_179413,exact_ref,3225.293,1,0,78560,5028032
fuzzydedup,6,0,enron_full_179413,exact_ref,3529.715,1,0,90367,5783680
fuzzydedup,4,0,enron_full_179413,exact_ref,3006.229,1,0,65212,4173760
fuzzydedup,6,0,enron_full_179791,exact_ref,4272.402,1,0,97925,6267392
fuzzydedup,4,0,enron_full_179791,exact_ref,3422.460,1,0,69720,4462272
fuzzydedup,5,0,enron_full_179791,exact_ref,3736.571,1,0,84103,5382784
fuzzydedup,4,0,enron_full_180640,exact_ref,2943.162,1,0,65237,4175360
fuzzydedup,5,0,enron_full_180640,exact_ref,3146.330,1,0,78585,5029632
fuzzydedup,6,0,enron_full_180640,exact_ref,3570.115,1,0,90392,5785280
fuzzydedup,5,0,enron_full_181037,exact_ref,2891.492,1,0,51055,3267712
fuzzydedup,6,0,enron_full_181037,exact_ref,3025.607,1,0,64384,4120768
fuzzydedup,4,0,enron_full_181037,exact_ref,2351.142,1,0,39361,2519296
fuzzydedup,6,0,enron_full_181456,exact_ref,3305.313,1,0,76234,4879872
fuzzydedup,4,0,enron_full_181456,exact_ref,2473.865,1,0,55966,3582016
fuzzydedup,5,0,enron_full_181456,exact_ref,2594.181,1,0,66648,4265792
fuzzydedup,4,0,enron_full_181872,exact_ref,3821.684,1,0,77729,4974848
fuzzydedup,5,0,enron_full_181872,exact_ref,4157.036,1,0,93701,5997056
fuzzydedup,6,0,enron_full_181872,exact_ref,4555.196,1,0,109234,6991168
fuzzydedup,5,0,enron_full_181885,exact_ref,2947.875,1,0,53296,3411136
fuzzydedup,6,0,enron_full_181885,exact_ref,3012.408,1,0,66625,4264192
fuzzydedup,4,0,enron_full_181885,exact_ref,2389.570,1,0,41602,2662720
fuzzydedup,6,0,enron_full_182915,exact_ref,4367.127,1,0,97855,6262912
fuzzydedup,4,0,enron_full_182915,exact_ref,3431.933,1,0,69650,4457792
fuzzydedup,5,0,enron_full_182915,exact_ref,4199.658,1,0,84033,5378304
fuzzydedup,4,0,enron_full_182942,exact_ref,2007.587,1,0,37718,2414144
fuzzydedup,5,0,enron_full_182942,exact_ref,2561.139,1,0,48769,3121408
fuzzydedup,6,0,enron_full_182942,exact_ref,2659.028,1,0,60463,3869824
fuzzydedup,5,0,enron_full_183169,exact_ref,1148.887,1,0,20654,1322048
fuzzydedup,6,0,enron_full_183169,exact_ref,1293.368,1,0,25714,1645888
fuzzydedup,4,0,enron_full_183169,exact_ref,893.622,1,0,15418,986944
fuzzydedup,6,0,enron_full_183297,exact_ref,4510.964,1,0,96900,6201792
fuzzydedup,4,0,enron_full_183297,exact_ref,3204.635,1,0,64770,4145472
fuzzydedup,5,0,enron_full_183297,exact_ref,3850.530,1,0,80681,5163776
fuzzydedup,4,0,enron_full_183379,exact_ref,3313.363,1,0,67091,4294016
fuzzydedup,5,0,enron_full_183379,exact_ref,3635.795,1,0,83310,5332032
fuzzydedup,6,0,enron_full_183379,exact_ref,4740.602,1,0,99717,6382080
fuzzydedup,5,0,enron_full_183388,exact_ref,1525.693,1,0,30661,1962496
fuzzydedup,6,0,enron_full_183388,exact_ref,1492.689,1,0,33609,2151168
fuzzydedup,4,0,enron_full_183388,exact_ref,1324.178,1,0,27178,1739584
fuzzydedup,6,0,enron_full_183934,exact_ref,1990.163,1,0,46010,2944832
fuzzydedup,4,0,enron_full_183934,exact_ref,1910.082,1,0,35760,2288832
fuzzydedup,5,0,enron_full_183934,exact_ref,1907.789,1,0,41408,2650304
fuzzydedup,4,0,enron_full_184508,exact_ref,4259.772,1,0,70035,4482432
fuzzydedup,5,0,enron_full_184508,exact_ref,4474.213,1,0,86007,5504640
fuzzydedup,6,0,enron_full_184508,exact_ref,5228.213,1,0,101540,6498752
fuzzydedup,5,0,enron_full_185731,no_exact_ref,2136.201,0,6,44800,2867200
fuzzydedup,6,0,enron_full_185731,no_exact_ref,3128.057,0,7,54205,3469120
fuzzydedup,4,0,enron_full_185731,no_exact_ref,1786.358,0,5,35794,2290816
fuzzydedup,6,0,enron_full_186258,exact_ref,5276.097,1,0,99570,6372672
fuzzydedup,4,0,enron_full_186258,exact_ref,4062.098,1,0,66944,4284608
fuzzydedup,5,0,enron_full_186258,exact_ref,4230.518,1,0,83163,5322624
fuzzydedup,4,0,enron_full_186778,exact_ref,2141.349,1,0,30404,1946048
fuzzydedup,5,0,enron_full_186778,exact_ref,2456.397,1,0,39849,2550528
fuzzydedup,6,0,enron_full_186778,exact_ref,2511.717,1,0,49905,3194112
fuzzydedup,5,0,enron_full_187181,exact_ref,4032.745,1,0,78621,5031936
fuzzydedup,6,0,enron_full_187181,exact_ref,4168.032,1,0,90428,5787584
fuzzydedup,4,0,enron_full_187181,exact_ref,3291.017,1,0,65273,4177664
fuzzydedup,6,0,enron_full_187432,exact_ref,4247.756,1,0,94518,6049344
fuzzydedup,4,0,enron_full_187432,exact_ref,3507.844,1,0,67348,4310464
fuzzydedup,5,0,enron_full_187432,exact_ref,3670.687,1,0,81170,5195072
fuzzydedup,4,0,enron_full_187706,exact_ref,3772.184,1,0,58095,3718272
fuzzydedup,5,0,enron_full_187706,exact_ref,3980.824,1,0,73356,4694976
fuzzydedup,6,0,enron_full_187706,exact_ref,4094.268,1,0,89117,5703680
fuzzydedup,5,0,enron_full_188453,exact_ref,3926.322,1,0,80006,5120576
fuzzydedup,6,0,enron_full_188453,exact_ref,4132.615,1,0,96225,6158592
fuzzydedup,4,0,enron_full_188453,exact_ref,3116.395,1,0,64095,4102272
fuzzydedup,6,0,enron_full_189842,exact_ref,1356.914,1,0,27949,1788928
fuzzydedup,4,0,enron_full_189842,exact_ref,1148.632,1,0,22612,1447360
fuzzydedup,5,0,enron_full_189842,exact_ref,1097.663,1,0,25560,1636032
fuzzydedup,4,0,enron_full_189980,exact_ref,3408.630,1,0,66872,4280000
fuzzydedup,5,0,enron_full_189980,exact_ref,3513.212,1,0,80694,5164608
fuzzydedup,6,0,enron_full_189980,exact_ref,3636.429,1,0,94042,6018880
fuzzydedup,5,0,enron_full_191466,exact_ref,3984.318,1,0,85909,5498368
fuzzydedup,6,0,enron_full_191466,exact_ref,4481.110,1,0,101442,6492544
fuzzydedup,4,0,enron_full_191466,exact_ref,3353.592,1,0,69937,4476160
fuzzydedup,6,0,enron_full_191744,no_exact_ref,7266.151,0,7,191555,12259648
fuzzydedup,4,0,enron_full_191744,no_exact_ref,5706.425,0,5,137769,8817216
fuzzydedup,5,0,enron_full_191744,no_exact_ref,6424.556,0,6,164996,10559872
fuzzydedup,4,0,enron_full_191882,exact_ref,76.774,1,0,546,35136
fuzzydedup,5,0,enron_full_191882,exact_ref,28.409,1,0,698,44864
fuzzydedup,6,0,enron_full_191882,exact_ref,30.137,1,0,802,51520
fuzzydedup,5,0,enron_full_193162,exact_ref,112.632,1,0,1952,125120
fuzzydedup,6,0,enron_full_193162,exact_ref,53.863,1,0,2456,157376
fuzzydedup,4,0,enron_full_193162,exact_ref,42.940,1,0,1551,99456
fuzzydedup,6,0,enron_full_195402,exact_ref,4323.802,1,0,100698,6444864
fuzzydedup,4,0,enron_full_195402,exact_ref,3389.638,1,0,68319,4372608
fuzzydedup,5,0,enron_full_195402,exact_ref,3949.579,1,0,84726,5422656
fuzzydedup,4,0,enron_full_195600,exact_ref,3106.020,1,0,68342,4382080
fuzzydedup,5,0,enron_full_195600,exact_ref,3833.826,1,0,84749,5440448
fuzzydedup,6,0,enron_full_195600,exact_ref,4362.667,1,0,100721,6471488
fuzzydedup,5,0,enron_full_195759,exact_ref,2111.105,1,0,46758,2992704
fuzzydedup,6,0,enron_full_195759,exact_ref,2197.978,1,0,52406,3354176
fuzzydedup,4,0,enron_full_195759,exact_ref,1819.433,1,0,40536,2594496
fuzzydedup,6,0,enron_full_196134,exact_ref,1701.666,1,0,45834,2933568
fuzzydedup,4,0,enron_full_196134,exact_ref,1598.870,1,0,35584,2277568
fuzzydedup,5,0,enron_full_196134,exact_ref,1635.217,1,0,41232,2639040
fuzzydedup,4,0,enron_full_197175,exact_ref,3858.539,1,0,69970,4478272
fuzzydedup,5,0,enron_full_197175,exact_ref,3825.998,1,0,85478,5471360
fuzzydedup,6,0,enron_full_197175,exact_ref,4182.982,1,0,99861,6393920
fuzzydedup,5,0,enron_full_197216,exact_ref,3735.521,1,0,83054,5315648
fuzzydedup,6,0,enron_full_197216,exact_ref,4702.482,1,0,99461,6365696
fuzzydedup,4,0,enron_full_197216,exact_ref,3443.008,1,0,66835,4277632
fuzzydedup,6,0,enron_full_197678,exact_ref,2168.630,1,0,52363,3351424
fuzzydedup,4,0,enron_full_197678,exact_ref,1861.244,1,0,40493,2591744
fuzzydedup,5,0,enron_full_197678,exact_ref,1949.815,1,0,46715,2989952
fuzzydedup,4,0,enron_full_198102,exact_ref,3302.462,1,0,66854,4278848
fuzzydedup,5,0,enron_full_198102,exact_ref,3518.837,1,0,80676,5163456
fuzzydedup,6,0,enron_full_198102,exact_ref,3844.971,1,0,94024,6017728
fuzzydedup,5,0,enron_full_198996,exact_ref,3654.389,1,0,77933,4987904
fuzzydedup,6,0,enron_full_198996,exact_ref,4746.491,1,0,93844,6006208
fuzzydedup,4,0,enron_full_198996,exact_ref,3297.858,1,0,62172,3979200
fuzzydedup,6,0,enron_full_200327,exact_ref,4114.326,1,0,94867,6071680
fuzzydedup,4,0,enron_full_200327,exact_ref,3516.330,1,0,67697,4332800
fuzzydedup,5,0,enron_full_200327,exact_ref,3313.659,1,0,81519,5217408
fuzzydedup,4,0,enron_full_200476,exact_ref,260.238,1,0,466,30016
fuzzydedup,5,0,enron_full_200476,exact_ref,72.713,1,0,497,32000
fuzzydedup,6,0,enron_full_200476,exact_ref,72.746,1,0,521,33536
fuzzydedup,5,0,enron_full_201608,exact_ref,2004.993,1,0,47187,3020160
fuzzydedup,6,0,enron_full_201608,exact_ref,2062.451,1,0,52835,3381632
fuzzydedup,4,0,enron_full_201608,exact_ref,1984.385,1,0,40965,2621952
fuzzydedup,6,0,enron_full_202547,exact_ref,4390.321,1,0,100826,6453056
fuzzydedup,4,0,enron_full_202547,exact_ref,3764.816,1,0,70935,4540032
fuzzydedup,5,0,enron_full_202547,exact_ref,3991.244,1,0,86443,5532544
fuzzydedup,4,0,enron_full_202611,no_exact_ref,1925.604,0,5,40217,2573888
fuzzydedup,5,0,enron_full_202611,no_exact_ref,2999.396,0,6,50020,3201280
fuzzydedup,6,0,enron_full_202611,no_exact_ref,3012.892,0,7,60498,3871872
fuzzydedup,5,0,enron_full_203046,exact_ref,4305.307,1,0,78235,5007232
fuzzydedup,6,0,enron_full_203046,exact_ref,5070.835,1,0,94146,6025536
fuzzydedup,4,0,enron_full_203046,exact_ref,3835.355,1,0,62474,3998528
fuzzydedup,6,0,enron_full_204937,exact_ref,3258.382,1,0,55320,3540864
fuzzydedup,4,0,enron_full_204937,exact_ref,2194.776,1,0,34213,2189824
fuzzydedup,5,0,enron_full_204937,exact_ref,2326.846,1,0,44269,2833408
fuzzydedup,4,0,enron_full_205754,exact_ref,3907.637,1,0,67426,4315456
fuzzydedup,5,0,enron_full_205754,exact_ref,4178.013,1,0,81248,5200064
fuzzydedup,6,0,enron_full_205754,exact_ref,4336.627,1,0,94596,6054464
fuzzydedup,5,0,enron_full_205846,exact_ref,4592.892,1,0,86320,5524672
fuzzydedup,6,0,enron_full_205846,exact_ref,5726.786,1,0,101853,6518784
fuzzydedup,4,0,enron_full_205846,exact_ref,4288.356,1,0,70348,4502464
fuzzydedup,6,0,enron_full_206132,exact_ref,5196.148,1,0,78594,5030208
fuzzydedup,4,0,enron_full_206132,exact_ref,3355.576,1,0,49685,3180032
fuzzydedup,5,0,enron_full_206132,exact_ref,3274.268,1,0,63882,4088640
fuzzydedup,4,0,enron_full_206426,exact_ref,4441.413,1,0,70793,4531264
fuzzydedup,5,0,enron_full_206426,exact_ref,4754.862,1,0,86765,5553472
fuzzydedup,6,0,enron_full_206426,exact_ref,6581.937,1,0,102298,6547584
fuzzydedup,5,0,enron_full_206631,no_exact_ref,6810.736,0,6,122217,7821888
fuzzydedup,6,0,enron_full_206631,no_exact_ref,6549.893,0,7,144058,9219712
fuzzydedup,4,0,enron_full_206631,no_exact_ref,5311.353,0,5,100182,6411648
fuzzydedup,6,0,enron_full_206780,exact_ref,3414.193,1,0,73357,4695040
fuzzydedup,4,0,enron_full_206780,exact_ref,2638.708,1,0,45831,2933376
fuzzydedup,5,0,enron_full_206780,exact_ref,3355.436,1,0,59160,3786432
fuzzydedup,4,0,enron_full_207863,exact_ref,1114.125,1,0,9953,637184
fuzzydedup,5,0,enron_full_207863,exact_ref,1086.668,1,0,12980,830912
fuzzydedup,6,0,enron_full_207863,exact_ref,1060.865,1,0,16302,1043520
fuzzydedup,5,0,enron_full_208242,exact_ref,1248.676,1,0,21565,1380352
fuzzydedup,6,0,enron_full_208242,exact_ref,1076.475,1,0,23380,1496512
fuzzydedup,4,0,enron_full_208242,exact_ref,946.479,1,0,19176,1227456
fuzzydedup,6,0,enron_full_208362,exact_ref,5562.501,1,0,101887,6520960
fuzzydedup,4,0,enron_full_208362,exact_ref,4302.081,1,0,70382,4504640
fuzzydedup,5,0,enron_full_208362,exact_ref,4325.648,1,0,86354,5526848
fuzzydedup,4,0,enron_full_209030,exact_ref,1046.520,1,0,12275,785792
fuzzydedup,5,0,enron_full_209030,exact_ref,1046.127,1,0,16111,1031296
fuzzydedup,6,0,enron_full_209030,exact_ref,1116.072,1,0,20307,1299840
fuzzydedup,5,0,enron_full_209358,exact_ref,3260.564,1,0,59133,3784704
fuzzydedup,6,0,enron_full_209358,exact_ref,3408.438,1,0,66563,4260224
fuzzydedup,4,0,enron_full_209358,exact_ref,2597.823,1,0,50575,3236992
fuzzydedup,6,0,enron_full_209479,exact_ref,4985.592,1,0,97722,6254400
fuzzydedup,4,0,enron_full_209479,exact_ref,3724.048,1,0,65592,4198080
fuzzydedup,5,0,enron_full_209479,exact_ref,4487.654,1,0,81503,5216384
fuzzydedup,4,0,enron_full_209859,exact_ref,4160.704,1,0,70484,4512384
fuzzydedup,5,0,enron_full_209859,exact_ref,4147.329,1,0,85992,5504896
fuzzydedup,6,0,enron_full_209859,exact_ref,4921.173,1,0,100375,6425600
fuzzydedup,5,0,enron_full_209958,exact_ref,4502.458,1,0,86672,5547200
fuzzydedup,6,0,enron_full_209958,exact_ref,4729.642,1,0,102180,6539712
fuzzydedup,4,0,enron_full_209958,exact_ref,3522.454,1,0,71139,4553088
fuzzydedup,6,0,enron_full_210032,no_exact_ref,1793.559,1,6,22881,1464576
fuzzydedup,4,0,enron_full_210032,no_exact_ref,2712.556,0,5,50202,3213312
fuzzydedup,5,0,enron_full_210032,no_exact_ref,3035.858,0,6,62674,4011520
fuzzydedup,4,0,enron_full_210772,exact_ref,3359.852,1,0,65571,4196736
fuzzydedup,5,0,enron_full_210772,exact_ref,3523.318,1,0,78919,5051008
fuzzydedup,6,0,enron_full_210772,exact_ref,3738.296,1,0,90726,5806656
fuzzydedup,5,0,enron_full_211094,no_exact_ref,5914.838,0,6,153267,9809088
fuzzydedup,6,0,enron_full_211094,no_exact_ref,6196.966,0,7,177736,11375104
fuzzydedup,4,0,enron_full_211094,no_exact_ref,4681.049,0,5,127462,8157568
fuzzydedup,6,0,enron_full_211389,exact_ref,2416.152,1,3,50113,3207424
fuzzydedup,4,0,enron_full_211389,exact_ref,1722.310,1,3,22943,1468544
fuzzydedup,5,0,enron_full_211389,exact_ref,1755.978,1,3,36765,2353152
fuzzydedup,4,0,enron_full_211892,no_exact_ref,5174.295,0,5,139516,8929024
fuzzydedup,5,0,enron_full_211892,no_exact_ref,6051.507,0,6,168125,10760000
fuzzydedup,6,0,enron_full_211892,no_exact_ref,7103.347,0,7,194644,12457216
fuzzydedup,5,0,enron_full_211966,no_exact_ref,6618.402,0,6,164996,10559744
fuzzydedup,6,0,enron_full_211966,no_exact_ref,7636.091,0,7,191555,12259520
fuzzydedup,4,0,enron_full_211966,no_exact_ref,5598.145,0,5,137769,8817216
fuzzydedup,6,0,enron_full_212202,no_exact_ref,3145.672,0,7,67711,4333504
fuzzydedup,4,0,enron_full_212202,no_exact_ref,2531.634,0,5,44983,2878912
fuzzydedup,5,0,enron_full_212202,no_exact_ref,2576.249,0,6,55915,3578560
fuzzydedup,4,0,enron_full_213178,no_exact_ref,4942.411,0,5,127462,8157568
fuzzydedup,5,0,enron_full_213178,no_exact_ref,5866.433,0,6,153267,9809088
fuzzydedup,6,0,enron_full_213178,no_exact_ref,6545.181,0,7,177736,11375104
fuzzydedup,5,0,enron_full_214684,exact_ref,1174.577,1,0,11588,741824
fuzzydedup,6,0,enron_full_214684,exact_ref,1031.497,1,0,14615,935552
fuzzydedup,4,0,enron_full_214684,exact_ref,606.416,1,0,8902,569920
fuzzydedup,6,0,enron_full_214861,exact_ref,4905.362,1,0,102026,6529856
fuzzydedup,4,0,enron_full_214861,exact_ref,3855.462,1,0,70521,4513536
fuzzydedup,5,0,enron_full_214861,exact_ref,4096.776,1,0,86493,5535744
fuzzydedup,4,0,enron_full_214866,exact_ref,3433.717,1,0,65733,4207104
fuzzydedup,5,0,enron_full_214866,exact_ref,3719.022,1,0,79555,5091712
fuzzydedup,6,0,enron_full_214866,exact_ref,3895.157,1,0,92903,5945984
fuzzydedup,5,0,enron_full_214883,exact_ref,2162.806,1,0,35701,2285056
fuzzydedup,6,0,enron_full_214883,exact_ref,2703.215,1,0,45146,2889536
fuzzydedup,4,0,enron_full_214883,exact_ref,1810.285,1,0,27455,1757312
fuzzydedup,6,0,enron_full_215380,exact_ref,4166.305,1,0,94688,6060224
fuzzydedup,4,0,enron_full_215380,exact_ref,3598.602,1,0,67518,4321344
fuzzydedup,5,0,enron_full_215380,exact_ref,3676.975,1,0,81340,5205952
fuzzydedup,4,0,enron_full_215696,exact_ref,1166.840,1,0,15456,989376
fuzzydedup,5,0,enron_full_215696,exact_ref,1321.612,1,0,20692,1324480
fuzzydedup,6,0,enron_full_215696,exact_ref,1224.246,1,0,25752,1648320
fuzzydedup,5,0,enron_full_216853,exact_ref,2663.955,1,0,59108,3783104
fuzzydedup,6,0,enron_full_216853,exact_ref,2930.752,1,0,66538,4258624
fuzzydedup,4,0,enron_full_216853,exact_ref,2426.275,1,0,50550,3235392
fuzzydedup,6,0,enron_full_218707,exact_ref,4818.651,1,0,94210,6029632
fuzzydedup,4,0,enron_full_218707,exact_ref,3639.973,1,0,62538,4002624
fuzzydedup,5,0,enron_full_218707,exact_ref,3781.495,1,0,78299,5011328
fuzzydedup,4,0,enron_full_219044,exact_ref,2359.229,1,0,55291,3538816
fuzzydedup,5,0,enron_full_219044,exact_ref,2518.721,1,0,64877,4152320
fuzzydedup,6,0,enron_full_219044,exact_ref,2590.301,1,0,73435,4700032
fuzzydedup,5,0,enron_full_219142,exact_ref,2599.503,1,0,70412,4506560
fuzzydedup,6,0,enron_full_219142,exact_ref,3061.835,1,0,79998,5120064
fuzzydedup,4,0,enron_full_219142,exact_ref,2413.351,1,0,59730,3822912
fuzzydedup,6,0,enron_full_219243,exact_ref,2108.248,1,0,40534,2594368
fuzzydedup,4,0,enron_full_219243,exact_ref,1257.891,1,0,24836,1589696
fuzzydedup,5,0,enron_full_219243,exact_ref,1945.708,1,0,32288,2066624
fuzzydedup,4,0,enron_full_219501,no_exact_ref,3338.747,0,5,69400,4441728
fuzzydedup,5,0,enron_full_219501,no_exact_ref,3432.540,0,6,85290,5458816
fuzzydedup,6,0,enron_full_219501,no_exact_ref,4263.110,0,7,102455,6557440
fuzzydedup,5,0,enron_full_219509,no_exact_ref,6522.386,0,6,160514,10273088
fuzzydedup,6,0,enron_full_219509,no_exact_ref,7397.257,0,7,186103,11910784
fuzzydedup,4,0,enron_full_219509,no_exact_ref,5746.894,0,5,133491,8543424
fuzzydedup,6,0,enron_full_219658,no_exact_ref,7130.053,0,7,186103,11910592
fuzzydedup,4,0,enron_full_219658,no_exact_ref,5599.980,0,5,133491,8543424
fuzzydedup,5,0,enron_full_219658,no_exact_ref,6167.609,0,6,160514,10272896
fuzzydedup,4,0,enron_full_220234,exact_ref,3374.749,1,0,67401,4313856
fuzzydedup,5,0,enron_full_220234,exact_ref,3679.004,1,0,83620,5351872
fuzzydedup,6,0,enron_full_220234,exact_ref,4595.862,1,0,100027,6401920
fuzzydedup,5,0,enron_full_220556,exact_ref,1260.664,1,0,20699,1324928
fuzzydedup,6,0,enron_full_220556,exact_ref,1403.473,1,0,25759,1648768
fuzzydedup,4,0,enron_full_220556,exact_ref,916.425,1,0,15463,989824
fuzzydedup,6,0,enron_full_221304,exact_ref,4119.391,1,0,97443,6236544
fuzzydedup,4,0,enron_full_221304,exact_ref,3083.557,1,0,65313,4180224
fuzzydedup,5,0,enron_full_221304,exact_ref,3923.555,1,0,81224,5198528
fuzzydedup,4,0,enron_full_223253,exact_ref,576.934,1,0,4452,285120
fuzzydedup,5,0,enron_full_223253,exact_ref,659.033,1,0,5790,370752
fuzzydedup,6,0,enron_full_223253,exact_ref,621.310,1,0,7209,461568
fuzzydedup,5,0,enron_full_223630,exact_ref,2257.863,1,0,47142,3017280
fuzzydedup,6,0,enron_full_223630,exact_ref,2274.093,1,0,52790,3378752
fuzzydedup,4,0,enron_full_223630,exact_ref,1950.712,1,0,40920,2619072
fuzzydedup,6,0,enron_full_223933,exact_ref,4376.121,1,0,84243,5391744
fuzzydedup,4,0,enron_full_223933,exact_ref,2950.410,1,0,54270,3473472
fuzzydedup,5,0,enron_full_223933,exact_ref,4404.941,1,0,68982,4415040
fuzzydedup,4,0,enron_full_224076,exact_ref,1470.040,1,0,27263,1745024
fuzzydedup,5,0,enron_full_224076,exact_ref,1535.024,1,0,30746,1967936
fuzzydedup,6,0,enron_full_224076,exact_ref,1561.154,1,0,33694,2156608
fuzzydedup,5,0,enron_full_224176,exact_ref,4587.842,1,0,81042,5186880
fuzzydedup,6,0,enron_full_224176,exact_ref,4863.210,1,0,97261,6224896
fuzzydedup,4,0,enron_full_224176,exact_ref,3532.302,1,0,65131,4168576
fuzzydedup,6,0,enron_full_224421,exact_ref,4696.797,1,0,93769,6001408
fuzzydedup,4,0,enron_full_224421,exact_ref,3773.524,1,0,62097,3974400
fuzzydedup,5,0,enron_full_224421,exact_ref,4024.548,1,0,77858,4983104
fuzzydedup,4,0,enron_full_226002,no_exact_ref,5310.030,0,5,107991,6911424
fuzzydedup,5,0,enron_full_226002,no_exact_ref,5838.551,0,6,131204,8397056
fuzzydedup,6,0,enron_full_226002,no_exact_ref,6946.107,0,7,153889,9848896
fuzzydedup,5,0,enron_full_226675,exact_ref,3889.908,1,0,77984,4991168
fuzzydedup,6,0,enron_full_226675,exact_ref,4564.656,1,0,93895,6009472
fuzzydedup,4,0,enron_full_226675,exact_ref,3399.626,1,0,62223,3982464
fuzzydedup,6,0,enron_full_227135,exact_ref,4181.653,1,0,90710,5805632
fuzzydedup,4,0,enron_full_227135,exact_ref,3254.936,1,0,65555,4195712
fuzzydedup,5,0,enron_full_227135,exact_ref,3543.669,1,0,78903,5049984
fuzzydedup,4,0,enron_full_227290,no_exact_ref,5689.444,0,5,140955,9021120
fuzzydedup,5,0,enron_full_227290,no_exact_ref,6384.864,0,6,169489,10847296
fuzzydedup,6,0,enron_full_227290,no_exact_ref,6999.409,0,7,197034,12610176
fuzzydedup,5,0,enron_full_227315,exact_ref,3513.692,1,0,81516,5217216
fuzzydedup,6,0,enron_full_227315,exact_ref,3852.182,1,0,94864,6071488
fuzzydedup,4,0,enron_full_227315,exact_ref,3210.158,1,0,67694,4332608
fuzzydedup,6,0,enron_full_227317,no_exact_ref,4542.684,1,0,100107,6407040
fuzzydedup,4,0,enron_full_227317,no_exact_ref,3469.880,1,0,67481,4318976
fuzzydedup,5,0,enron_full_227317,no_exact_ref,4557.448,1,0,83700,5356992
fuzzydedup,4,0,enron_full_227401,exact_ref,2204.731,1,0,34677,2219520
fuzzydedup,5,0,enron_full_227401,exact_ref,2205.314,1,0,44733,2863104
fuzzydedup,6,0,enron_full_227401,exact_ref,3036.527,1,0,55784,3570368
fuzzydedup,5,0,enron_full_227576,exact_ref,3216.908,1,0,49651,3177856
fuzzydedup,6,0,enron_full_227576,exact_ref,3131.374,1,0,55873,3576064
fuzzydedup,4,0,enron_full_227576,exact_ref,2219.601,1,0,42221,2702336
fuzzydedup,6,0,enron_full_228518,exact_ref,3600.032,1,0,75825,4852992
fuzzydedup,4,0,enron_full_228518,exact_ref,2606.713,1,0,55557,3555840
fuzzydedup,5,0,enron_full_228518,exact_ref,2768.689,1,0,66239,4239488
fuzzydedup,4,0,enron_full_228640,exact_ref,3887.842,1,0,71363,4567424
fuzzydedup,5,0,enron_full_228640,exact_ref,4821.651,1,0,87335,5589632
fuzzydedup,6,0,enron_full_228640,exact_ref,5000.878,1,0,102868,6583744
fuzzydedup,5,0,enron_full_229065,exact_ref,97.361,1,0,877,56320
fuzzydedup,6,0,enron_full_229065,exact_ref,55.733,1,0,1039,66688
fuzzydedup,4,0,enron_full_229065,exact_ref,33.715,1,0,698,44864
fuzzydedup,6,0,enron_full_229125,exact_ref,810.673,1,0,9163,586624
fuzzydedup,4,0,enron_full_229125,exact_ref,610.221,1,0,5460,349632
fuzzydedup,5,0,enron_full_229125,exact_ref,645.380,1,0,7210,461632
fuzzydedup,4,0,enron_full_230449,exact_ref,2738.242,1,0,55360,3543232
fuzzydedup,5,0,enron_full_230449,exact_ref,2707.552,1,0,66042,4226880
fuzzydedup,6,0,enron_full_230449,exact_ref,3292.434,1,0,75628,4840384
fuzzydedup,5,0,enron_full_230615,exact_ref,3364.510,1,0,71050,4547392
fuzzydedup,6,0,enron_full_230615,exact_ref,3339.411,1,0,80636,5160896
fuzzydedup,4,0,enron_full_230615,exact_ref,2563.682,1,0,60368,3863744
fuzzydedup,6,0,enron_full_231206,exact_ref,3298.416,1,0,80971,5182336
fuzzydedup,4,0,enron_full_231206,exact_ref,2694.947,1,0,60703,3885184
fuzzydedup,5,0,enron_full_231206,exact_ref,2933.377,1,0,71385,4568832
fuzzydedup,4,0,enron_full_232509,exact_ref,1042.062,1,0,15995,1023872
fuzzydedup,5,0,enron_full_232509,exact_ref,946.390,1,0,17810,1140032
fuzzydedup,6,0,enron_full_232509,exact_ref,934.896,1,0,19352,1238720
fuzzydedup,5,0,enron_full_232529,exact_ref,4769.815,1,0,80649,5161728
fuzzydedup,6,0,enron_full_232529,exact_ref,4879.523,1,0,96621,6183936
fuzzydedup,4,0,enron_full_232529,exact_ref,4004.412,1,0,64242,4111680
fuzzydedup,6,0,enron_full_232592,exact_ref,4682.440,1,0,94414,6042688
fuzzydedup,4,0,enron_full_232592,exact_ref,3505.314,1,0,62742,4015680
fuzzydedup,5,0,enron_full_232592,exact_ref,4736.099,1,0,78503,5024384
fuzzydedup,4,0,enron_full_232830,exact_ref,3599.232,1,0,51344,3286208
fuzzydedup,5,0,enron_full_232830,exact_ref,2761.272,1,0,59902,3833920
fuzzydedup,6,0,enron_full_232830,exact_ref,2893.093,1,0,67332,4309440
fuzzydedup,5,0,enron_full_232998,exact_ref,4472.871,1,0,81828,5237184
fuzzydedup,6,0,enron_full_232998,exact_ref,4422.582,1,0,98047,6275200
fuzzydedup,4,0,enron_full_232998,exact_ref,3384.554,1,0,65917,4218880
fuzzydedup,6,0,enron_full_233012,exact_ref,3499.957,1,0,86477,5534720
fuzzydedup,4,0,enron_full_233012,exact_ref,2954.714,1,0,63988,4095424
fuzzydedup,5,0,enron_full_233012,exact_ref,3081.946,1,0,75795,4851072
fuzzydedup,4,0,enron_full_233273,exact_ref,3884.610,1,0,68064,4356288
fuzzydedup,5,0,enron_full_233273,exact_ref,4015.792,1,0,84283,5394304
fuzzydedup,6,0,enron_full_233273,exact_ref,4579.603,1,0,100690,6444352
fuzzydedup,5,0,enron_full_233711,exact_ref,4052.021,1,0,81181,5195776
fuzzydedup,6,0,enron_full_233711,exact_ref,4500.747,1,0,97153,6217984
fuzzydedup,4,0,enron_full_233711,exact_ref,3272.596,1,0,64774,4145728
fuzzydedup,6,0,enron_full_233845,exact_ref,3836.728,1,0,91437,5852160
fuzzydedup,4,0,enron_full_233845,exact_ref,3167.168,1,0,66282,4242240
fuzzydedup,5,0,enron_full_233845,exact_ref,3159.088,1,0,79630,5096512
fuzzydedup,4,0,enron_full_234397,exact_ref,3618.052,1,0,69004,4416448
fuzzydedup,5,0,enron_full_234397,exact_ref,4056.149,1,0,84512,5408960
fuzzydedup,6,0,enron_full_234397,exact_ref,4209.669,1,0,98895,6329472
fuzzydedup,5,0,enron_full_235427,exact_ref,774.992,1,0,10281,658176
fuzzydedup,6,0,enron_full_235427,exact_ref,1055.119,1,0,12967,830080
fuzzydedup,4,0,enron_full_235427,exact_ref,627.174,1,0,7930,507712
fuzzydedup,6,0,enron_full_237126,exact_ref,4299.947,1,0,101186,6476096
fuzzydedup,4,0,enron_full_237126,exact_ref,3608.274,1,0,71295,4563072
fuzzydedup,5,0,enron_full_237126,exact_ref,3699.952,1,0,86803,5555584
fuzzydedup,4,0,enron_full_238037,exact_ref,2104.336,1,0,46492,2975680
fuzzydedup,5,0,enron_full_238037,exact_ref,2345.250,1,0,53922,3451200
fuzzydedup,6,0,enron_full_238037,exact_ref,2352.554,1,0,60144,3849408
fuzzydedup,5,0,enron_full_238970,exact_ref,1435.721,1,0,28991,1855616
fuzzydedup,6,0,enron_full_238970,exact_ref,2241.544,1,0,36443,2332544
fuzzydedup,4,0,enron_full_238970,exact_ref,1174.908,1,0,22217,1422080
fuzzydedup,6,0,enron_full_239927,exact_ref,2362.272,1,0,60114,3847488
fuzzydedup,4,0,enron_full_239927,exact_ref,1911.179,1,0,46462,2973760
fuzzydedup,5,0,enron_full_239927,exact_ref,2256.818,1,0,53892,3449280
fuzzydedup,4,0,enron_full_240437,exact_ref,967.093,1,0,19465,1245952
fuzzydedup,5,0,enron_full_240437,exact_ref,969.393,1,0,21854,1398848
fuzzydedup,6,0,enron_full_240437,exact_ref,975.649,1,0,23669,1515008
fuzzydedup,5,0,enron_full_240888,exact_ref,2501.499,1,5,55322,3542592
fuzzydedup,6,0,enron_full_240888,exact_ref,2603.007,1,5,66004,4226688
fuzzydedup,4,0,enron_full_240888,exact_ref,2561.357,1,4,59135,3786624
fuzzydedup,6,0,enron_full_241204,exact_ref,2024.472,1,0,48645,3113472
fuzzydedup,4,0,enron_full_241204,exact_ref,1741.763,1,0,36775,2353792
fuzzydedup,5,0,enron_full_241204,exact_ref,1848.352,1,0,42997,2752000
fuzzydedup,4,0,enron_full_242121,exact_ref,3860.467,1,0,69019,4417408
fuzzydedup,5,0,enron_full_242121,exact_ref,4047.241,1,0,84991,5439616
fuzzydedup,6,0,enron_full_242121,exact_ref,4860.647,1,0,100524,6433728
fuzzydedup,5,0,enron_full_242149,exact_ref,2887.603,1,0,49301,3155456
fuzzydedup,6,0,enron_full_242149,exact_ref,3198.069,1,0,60995,3903872
fuzzydedup,4,0,enron_full_242149,exact_ref,2126.494,1,0,38250,2448192
fuzzydedup,6,0,enron_full_242702,exact_ref,4906.133,1,0,94559,6051968
fuzzydedup,4,0,enron_full_242702,exact_ref,3793.899,1,0,62887,4024960
fuzzydedup,5,0,enron_full_242702,exact_ref,3991.852,1,0,78648,5033664
fuzzydedup,4,0,enron_full_242763,exact_ref,3730.708,1,0,58878,3768384
fuzzydedup,5,0,enron_full_242763,exact_ref,3870.458,1,0,74639,4777088
fuzzydedup,6,0,enron_full_242763,exact_ref,4693.592,1,0,90550,5795392
fuzzydedup,5,0,enron_full_243198,exact_ref,4702.912,1,0,82420,5275072
fuzzydedup,6,0,enron_full_243198,exact_ref,4869.558,1,0,97928,6267584
fuzzydedup,4,0,enron_full_243198,exact_ref,3737.296,1,0,66887,4280960
fuzzydedup,6,0,enron_full_243425,exact_ref,5784.745,1,0,96113,6151424
fuzzydedup,4,0,enron_full_243425,exact_ref,11451.641,1,0,63487,4063360
fuzzydedup,5,0,enron_full_243425,exact_ref,8755.744,1,0,79706,5101376
fuzzydedup,4,0,enron_full_244168,no_exact_ref,2180.581,1,0,19796,1267136
fuzzydedup,5,0,enron_full_244168,no_exact_ref,1853.126,1,0,25876,1656256
fuzzydedup,6,0,enron_full_244168,no_exact_ref,1951.469,1,0,32650,2089792
fuzzydedup,5,0,enron_full_244538,exact_ref,3892.375,1,0,49213,3149824
fuzzydedup,6,0,enron_full_244538,exact_ref,3261.241,1,0,60907,3898240
fuzzydedup,4,0,enron_full_244538,exact_ref,2229.593,1,0,38162,2442560
fuzzydedup,6,0,enron_full_244857,exact_ref,4935.774,1,0,95825,6132992
fuzzydedup,4,0,enron_full_244857,exact_ref,4433.819,1,0,68655,4394112
fuzzydedup,5,0,enron_full_244857,exact_ref,5772.525,1,0,82477,5278720
fuzzydedup,4,0,enron_full_244901,exact_ref,4104.705,1,0,71252,4560320
fuzzydedup,5,0,enron_full_244901,exact_ref,4386.437,1,0,86760,5552832
fuzzydedup,6,0,enron_full_244901,exact_ref,4759.462,1,0,101143,6473344
fuzzydedup,5,0,enron_full_244915,exact_ref,4696.737,1,0,87077,5573120
fuzzydedup,6,0,enron_full_244915,exact_ref,5056.914,1,0,102585,6565632
fuzzydedup,4,0,enron_full_244915,exact_ref,4426.775,1,0,71544,4579008
fuzzydedup,6,0,enron_full_245469,exact_ref,6918.533,1,0,100768,6449344
fuzzydedup,4,0,enron_full_245469,exact_ref,3833.904,1,0,68142,4361280
fuzzydedup,5,0,enron_full_245469,exact_ref,4185.439,1,0,84361,5399296
fuzzydedup,4,0,enron_full_246185,exact_ref,3609.688,1,0,71131,4552576
fuzzydedup,5,0,enron_full_246185,exact_ref,4085.532,1,0,85514,5473088
fuzzydedup,6,0,enron_full_246185,exact_ref,4866.875,1,0,99336,6357696
fuzzydedup,5,0,enron_full_246287,exact_ref,1766.564,1,0,31183,1995904
fuzzydedup,6,0,enron_full_246287,exact_ref,1760.341,1,0,34131,2184576
fuzzydedup,4,0,enron_full_246287,exact_ref,1524.446,1,0,27700,1772992
fuzzydedup,6,0,enron_full_246288,exact_ref,6076.248,1,0,86518,5537344
fuzzydedup,4,0,enron_full_246288,exact_ref,3442.284,1,0,61363,3927424
fuzzydedup,5,0,enron_full_246288,exact_ref,3508.620,1,0,74711,4781696
fuzzydedup,4,0,enron_full_246340,exact_ref,1930.535,1,0,36568,2340544
fuzzydedup,5,0,enron_full_246340,exact_ref,2058.735,1,0,42216,2702016
fuzzydedup,6,0,enron_full_246340,exact_ref,1981.482,1,0,46818,2996544
fuzzydedup,5,0,enron_full_246689,exact_ref,2177.873,1,0,44694,2860608
fuzzydedup,6,0,enron_full_246689,exact_ref,3231.327,1,0,55745,3567872
fuzzydedup,4,0,enron_full_246689,exact_ref,2287.530,1,0,34638,2217024
fuzzydedup,6,0,enron_full_246896,exact_ref,5436.925,1,0,102760,6576832
fuzzydedup,4,0,enron_full_246896,exact_ref,5878.367,1,0,71255,4560512
fuzzydedup,5,0,enron_full_246896,exact_ref,4670.707,1,0,87227,5582720
fuzzydedup,4,0,enron_full_247095,exact_ref,2496.647,1,0,46482,2975040
fuzzydedup,5,0,enron_full_247095,exact_ref,2698.763,1,0,53912,3450560
fuzzydedup,6,0,enron_full_247095,exact_ref,2702.331,1,0,60134,3849152
fuzzydedup,5,0,enron_full_247286,exact_ref,4595.792,1,0,86230,5518912
fuzzydedup,6,0,enron_full_247286,exact_ref,4941.410,1,0,102202,6541120
fuzzydedup,4,0,enron_full_247286,exact_ref,3840.004,1,0,69823,4468864
fuzzydedup,6,0,enron_full_247295,exact_ref,1204.177,1,0,19229,1230848
fuzzydedup,4,0,enron_full_247295,exact_ref,975.550,1,0,15872,1016000
fuzzydedup,5,0,enron_full_247295,exact_ref,1315.342,1,0,17687,1132160
fuzzydedup,4,0,enron_full_247605,exact_ref,5072.724,1,0,66415,4250752
fuzzydedup,5,0,enron_full_247605,exact_ref,3844.504,1,0,79763,5105024
fuzzydedup,6,0,enron_full_247605,exact_ref,3998.402,1,0,91570,5860672
fuzzydedup,5,0,enron_full_247963,exact_ref,2085.753,1,0,42244,2703808
fuzzydedup,6,0,enron_full_247963,exact_ref,2112.406,1,0,46846,2998336
fuzzydedup,4,0,enron_full_247963,exact_ref,1835.227,1,0,36596,2342336
fuzzydedup,6,0,enron_full_248460,exact_ref,4193.546,1,0,95630,6120512
fuzzydedup,4,0,enron_full_248460,exact_ref,3906.474,1,0,68460,4381632
fuzzydedup,5,0,enron_full_248460,exact_ref,4127.552,1,0,82282,5266240
fuzzydedup,4,0,enron_full_248776,no_exact_ref,5372.571,1,0,71648,4585664
fuzzydedup,5,0,enron_full_248776,no_exact_ref,4982.900,1,0,87181,5579776
fuzzydedup,6,0,enron_full_248776,no_exact_ref,4959.496,1,0,102689,6572288
fuzzydedup,5,0,enron_full_249257,no_exact_ref,4198.044,0,6,85290,5458560
fuzzydedup,6,0,enron_full_249257,no_exact_ref,4574.809,0,7,102455,6557120
fuzzydedup,4,0,enron_full_249257,no_exact_ref,3763.380,0,5,69400,4441600
fuzzydedup,6,0,enron_full_250519,exact_ref,5166.562,1,0,94426,6043456
fuzzydedup,4,0,enron_full_250519,exact_ref,4590.751,1,0,62754,4016448
fuzzydedup,5,0,enron_full_250519,exact_ref,5502.851,1,0,78515,5025152
fuzzydedup,4,0,enron_full_250725,exact_ref,1351.452,1,0,17969,1150208
fuzzydedup,5,0,enron_full_250725,exact_ref,1354.876,1,0,23029,1474048
fuzzydedup,6,0,enron_full_250725,exact_ref,1517.412,1,0,29109,1863168
fuzzydedup,5,0,enron_full_252462,no_exact_ref,6019.354,0,6,122217,7821888
fuzzydedup,6,0,enron_full_252462,no_exact_ref,6463.994,0,7,144058,9219712
fuzzydedup,4,0,enron_full_252462,no_exact_ref,5357.895,0,5,100182,6411648
fuzzydedup,6,0,enron_full_253509,no_exact_ref,4608.806,0,7,92448,5916672
fuzzydedup,4,0,enron_full_253509,no_exact_ref,4201.037,0,5,62545,4002880
fuzzydedup,5,0,enron_full_253509,no_exact_ref,3901.865,0,6,77432,4955648
fuzzydedup,4,0,enron_full_253676,exact_ref,2412.855,1,0,50790,3250752
fuzzydedup,5,0,enron_full_253676,exact_ref,2829.697,1,0,60376,3864256
fuzzydedup,6,0,enron_full_253676,exact_ref,2892.061,1,0,68934,4411968
fuzzydedup,5,0,enron_full_253776,exact_ref,2760.067,1,0,65261,4176896
fuzzydedup,6,0,enron_full_253776,exact_ref,3356.324,1,0,74847,4790400
fuzzydedup,4,0,enron_full_253776,exact_ref,2719.532,1,0,54579,3493248
fuzzydedup,6,0,enron_full_253875,exact_ref,5015.587,1,0,103335,6617728
fuzzydedup,4,0,enron_full_253875,exact_ref,4643.512,1,0,72294,4627200
fuzzydedup,5,0,enron_full_253875,exact_ref,5741.641,1,0,87827,5622656
fuzzydedup,4,0,enron_full_254022,exact_ref,3032.196,1,0,50360,3223232
fuzzydedup,5,0,enron_full_254022,exact_ref,4244.623,1,0,65072,4164800
fuzzydedup,6,0,enron_full_254022,exact_ref,4369.114,1,0,80333,5141504
fuzzydedup,5,0,enron_full_254732,exact_ref,1520.336,1,0,27443,1756544
fuzzydedup,6,0,enron_full_254732,exact_ref,2420.582,1,0,34895,2233472
fuzzydedup,4,0,enron_full_254732,exact_ref,1427.847,1,0,20669,1323008
fuzzydedup,6,0,enron_full_254813,exact_ref,5170.205,1,0,102770,6577472
fuzzydedup,4,0,enron_full_254813,exact_ref,4544.334,1,0,70391,4505216
fuzzydedup,5,0,enron_full_254813,exact_ref,5618.536,1,0,86798,5555264
fuzzydedup,4,0,enron_full_254930,no_exact_ref,7033.891,0,5,141284,9042176
fuzzydedup,5,0,enron_full_254930,no_exact_ref,8523.850,0,6,169864,10871296
fuzzydedup,6,0,enron_full_254930,no_exact_ref,9546.991,0,7,197015,12609024
fuzzydedup,5,0,enron_full_256359,no_exact_ref,9039.316,0,6,154598,9894272
fuzzydedup,6,0,enron_full_256359,no_exact_ref,9015.850,0,7,180015,11520960
fuzzydedup,4,0,enron_full_256359,no_exact_ref,5623.396,0,5,128135,8200640
fuzzydedup,6,0,enron_full_256719,no_exact_ref,9379.051,0,7,194887,12472768
fuzzydedup,4,0,enron_full_256719,no_exact_ref,8425.104,0,5,139973,8958272
fuzzydedup,5,0,enron_full_256719,no_exact_ref,7952.780,0,6,168810,10803840
fuzzydedup,4,0,enron_full_257223,no_exact_ref,1446.824,0,5,25353,1622656
fuzzydedup,5,0,enron_full_257223,no_exact_ref,1545.478,0,6,32008,2048576
fuzzydedup,6,0,enron_full_257223,no_exact_ref,1612.080,0,7,38406,2458112
fuzzydedup,5,0,enron_full_257476,no_exact_ref,3653.976,0,6,69703,4460992
fuzzydedup,6,0,enron_full_257476,no_exact_ref,4199.202,0,7,83781,5361984
fuzzydedup,4,0,enron_full_257476,no_exact_ref,3112.591,0,5,56325,3604800
fuzzydedup,6,0,enron_full_257526,no_exact_ref,9093.101,0,7,163334,10453376
fuzzydedup,4,0,enron_full_257526,no_exact_ref,6453.894,0,5,115506,7392384
fuzzydedup,5,0,enron_full_257526,no_exact_ref,6311.334,0,6,139663,8938432
fuzzydedup,4,0,enron_full_258106,no_exact_ref,2606.800,0,5,59159,3786176
fuzzydedup,5,0,enron_full_258106,no_exact_ref,3113.883,0,6,73355,4694720
fuzzydedup,6,0,enron_full_258106,no_exact_ref,3650.412,0,7,88518,5665152
fuzzydedup,5,0,enron_full_258436,no_exact_ref,7529.440,0,6,164671,10538944
fuzzydedup,6,0,enron_full_258436,no_exact_ref,8784.377,0,7,190614,12199296
fuzzydedup,4,0,enron_full_258436,no_exact_ref,6586.270,0,5,137103,8774592
fuzzydedup,6,0,enron_full_259050,exact_ref,5370.091,1,0,103601,6630656
fuzzydedup,4,0,enron_full_259050,exact_ref,4809.714,1,0,72096,4614336
fuzzydedup,5,0,enron_full_259050,exact_ref,5231.515,1,0,88068,5636544
fuzzydedup,4,0,enron_full_259076,no_exact_ref,2807.747,0,5,59159,3786176
fuzzydedup,5,0,enron_full_259076,no_exact_ref,3284.012,0,6,73355,4694720
fuzzydedup,6,0,enron_full_259076,no_exact_ref,4073.730,0,7,88518,5665152
fuzzydedup,5,0,enron_full_259321,exact_ref,3209.005,1,0,69331,4437376
fuzzydedup,6,0,enron_full_259321,exact_ref,3485.674,1,0,77889,4985088
fuzzydedup,4,0,enron_full_259321,exact_ref,2462.878,1,0,59745,3823872
fuzzydedup,6,0,enron_full_260192,exact_ref,3003.500,1,0,53350,3414592
fuzzydedup,4,0,enron_full_260192,exact_ref,2491.387,1,0,32243,2063744
fuzzydedup,5,0,enron_full_260192,exact_ref,2349.830,1,0,42299,2707328
fuzzydedup,4,0,enron_full_261884,no_exact_ref,2773.945,0,5,25353,1622592
fuzzydedup,5,0,enron_full_261884,no_exact_ref,6297.236,0,6,32008,2048512
fuzzydedup,6,0,enron_full_261884,no_exact_ref,5513.656,0,7,38406,2457984
fuzzydedup,5,0,enron_full_262514,exact_ref,4678.582,1,0,48091,3078016
fuzzydedup,6,0,enron_full_262514,exact_ref,4737.140,1,0,54313,3476224
fuzzydedup,4,0,enron_full_262514,exact_ref,2637.710,1,0,40661,2602496
fuzzydedup,6,0,enron_full_262785,no_exact_ref,5026.908,0,7,83781,5361984
fuzzydedup,4,0,enron_full_262785,no_exact_ref,3447.408,0,5,56325,3604800
fuzzydedup,5,0,enron_full_262785,no_exact_ref,3344.501,0,6,69703,4460992
fuzzydedup,4,0,enron_full_263240,exact_ref,4286.178,1,0,42608,2727104
fuzzydedup,5,0,enron_full_263240,exact_ref,3038.787,1,0,54302,3475520
fuzzydedup,6,0,enron_full_263240,exact_ref,3309.231,1,0,67631,4328576
fuzzydedup,5,0,enron_full_264723,no_exact_ref,7592.678,0,6,169864,10871296
fuzzydedup,6,0,enron_full_264723,no_exact_ref,8048.092,0,7,197015,12608960
fuzzydedup,4,0,enron_full_264723,no_exact_ref,6299.399,0,5,141284,9042176
fuzzydedup,6,0,enron_full_265023,exact_ref,1649.496,1,0,16569,1060608
fuzzydedup,4,0,enron_full_265023,exact_ref,1774.969,1,0,10220,654272
fuzzydedup,5,0,enron_full_265023,exact_ref,1392.300,1,0,13247,848000
fuzzydedup,4,0,enron_full_265448,exact_ref,4207.358,1,0,62606,4006976
fuzzydedup,5,0,enron_full_265448,exact_ref,4133.501,1,0,78825,5044992
fuzzydedup,6,0,enron_full_265448,exact_ref,4920.431,1,0,95232,6095040
fuzzydedup,5,0,enron_full_265746,exact_ref,1737.790,1,0,37277,2385920
fuzzydedup,6,0,enron_full_265746,exact_ref,1949.697,1,0,40760,2608832
fuzzydedup,4,0,enron_full_265746,exact_ref,1612.012,1,0,32675,2091392
fuzzydedup,6,0,enron_full_265774,exact_ref,1877.551,1,0,40769,2611520
fuzzydedup,4,0,enron_full_265774,exact_ref,1718.132,1,0,32684,2092864
fuzzydedup,5,0,enron_full_265774,exact_ref,1711.432,1,0,37286,2388544
fuzzydedup,4,0,enron_full_266026,exact_ref,2364.358,1,0,38587,2469760
fuzzydedup,5,0,enron_full_266026,exact_ref,2789.954,1,0,49638,3177024
fuzzydedup,6,0,enron_full_266026,exact_ref,4645.199,1,0,61332,3925440
fuzzydedup,5,0,enron_full_266097,no_exact_ref,6777.490,0,6,139663,8938432
fuzzydedup,6,0,enron_full_266097,no_exact_ref,6819.404,0,7,163334,10453376
fuzzydedup,4,0,enron_full_266097,no_exact_ref,5231.318,0,5,115506,7392384
fuzzydedup,6,0,enron_full_267067,exact_ref,258.365,1,0,4228,270784
fuzzydedup,4,0,enron_full_267067,exact_ref,69.745,1,0,2534,162368
fuzzydedup,5,0,enron_full_267067,exact_ref,80.172,1,0,3296,211136
fuzzydedup,4,0,enron_full_267198,exact_ref,81.542,1,0,1037,66560
fuzzydedup,5,0,enron_full_267198,exact_ref,45.421,1,0,1304,83648
fuzzydedup,6,0,enron_full_267198,exact_ref,65.853,1,0,1642,105280
fuzzydedup,5,0,enron_full_268981,exact_ref,3161.552,1,0,49803,3187584
fuzzydedup,6,0,enron_full_268981,exact_ref,3100.825,1,0,61497,3936000
fuzzydedup,4,0,enron_full_268981,exact_ref,2132.126,1,0,38752,2480320
fuzzydedup,6,0,enron_full_269702,no_exact_ref,4703.653,0,7,88518,5679360
fuzzydedup,4,0,enron_full_269702,no_exact_ref,2870.306,0,5,59159,3788608
fuzzydedup,5,0,enron_full_269702,no_exact_ref,3539.430,0,6,73355,4701440
fuzzydedup,4,0,enron_full_270257,no_exact_ref,2919.704,0,5,68018,4354368
fuzzydedup,5,0,enron_full_270257,no_exact_ref,3415.644,0,6,84314,5400320
fuzzydedup,6,0,enron_full_270257,no_exact_ref,3901.775,0,7,100525,6442240
fuzzydedup,5,0,enron_full_270526,exact_ref,4604.727,1,0,87948,5628864
fuzzydedup,6,0,enron_full_270526,exact_ref,5490.468,1,0,102331,6549376
fuzzydedup,4,0,enron_full_270526,exact_ref,4973.190,1,0,72440,4636352
fuzzydedup,6,0,enron_full_271097,exact_ref,6843.183,1,0,103866,6647616
fuzzydedup,4,0,enron_full_271097,exact_ref,4044.047,1,0,72361,4631296
fuzzydedup,5,0,enron_full_271097,exact_ref,4398.261,1,0,88333,5653504
fuzzydedup,4,0,enron_full_271232,exact_ref,2200.922,1,0,31091,1990016
fuzzydedup,5,0,enron_full_271232,exact_ref,2345.249,1,0,40536,2594496
fuzzydedup,6,0,enron_full_271232,exact_ref,2611.970,1,0,50592,3238080
fuzzydedup,5,0,enron_full_272570,no_exact_ref,3970.582,0,6,95188,6092032
fuzzydedup,6,0,enron_full_272570,no_exact_ref,4740.557,0,7,112519,7201216
fuzzydedup,4,0,enron_full_272570,no_exact_ref,4445.967,0,5,77883,4984512
fuzzydedup,6,0,enron_full_273248,exact_ref,3383.094,1,0,60113,3847424
fuzzydedup,4,0,enron_full_273248,exact_ref,2218.520,1,0,46461,2973696
fuzzydedup,5,0,enron_full_273248,exact_ref,2605.800,1,0,53891,3449216
fuzzydedup,4,0,enron_full_273363,exact_ref,2329.396,1,0,38178,2443584
fuzzydedup,5,0,enron_full_273363,exact_ref,2839.290,1,0,49229,3150848
fuzzydedup,6,0,enron_full_273363,exact_ref,2727.549,1,0,60923,3899264
fuzzydedup,5,0,enron_full_273791,exact_ref,4764.156,1,0,87398,5593664
fuzzydedup,6,0,enron_full_273791,exact_ref,5024.780,1,0,103370,6615872
fuzzydedup,4,0,enron_full_273791,exact_ref,4360.294,1,0,70991,4543616
fuzzydedup,6,0,enron_full_273820,exact_ref,5113.812,1,0,74281,4754176
fuzzydedup,4,0,enron_full_273820,exact_ref,2717.348,1,0,46755,2992512
fuzzydedup,5,0,enron_full_273820,exact_ref,3185.993,1,0,60084,3845568
fuzzydedup,4,0,enron_full_273961,exact_ref,180.374,1,0,2824,180928
fuzzydedup,5,0,enron_full_273961,exact_ref,93.026,1,0,3756,240576
fuzzydedup,6,0,enron_full_273961,exact_ref,813.276,1,0,4673,299264
fuzzydedup,5,0,enron_full_274206,exact_ref,752.147,1,0,5255,336512
fuzzydedup,6,0,enron_full_274206,exact_ref,764.639,1,0,6593,422144
fuzzydedup,4,0,enron_full_274206,exact_ref,637.801,1,0,4103,262784
fuzzydedup,6,0,enron_full_274561,exact_ref,3878.284,1,0,87913,5626624
fuzzydedup,4,0,enron_full_274561,exact_ref,3257.009,1,0,65424,4187328
fuzzydedup,5,0,enron_full_274561,exact_ref,3686.019,1,0,77231,4942976
fuzzydedup,4,0,enron_full_274757,exact_ref,4298.463,1,0,72666,4650816
fuzzydedup,5,0,enron_full_274757,exact_ref,4800.716,1,0,88174,5643328
fuzzydedup,6,0,enron_full_274757,exact_ref,12786.528,1,0,102557,6563840
fuzzydedup,5,0,enron_full_274786,no_exact_ref,7006.418,0,6,95188,6092032
fuzzydedup,6,0,enron_full_274786,no_exact_ref,5560.893,0,7,112519,7201216
fuzzydedup,4,0,enron_full_274786,no_exact_ref,3753.959,0,5,77883,4984512
fuzzydedup,6,0,enron_full_275183,no_exact_ref,7263.909,0,7,190614,12199296
fuzzydedup,4,0,enron_full_275183,no_exact_ref,5414.294,0,5,137103,8774592
fuzzydedup,5,0,enron_full_275183,no_exact_ref,6871.773,0,6,164671,10538944
fuzzydedup,4,0,enron_full_275570,exact_ref,925.740,1,0,16405,1050112
fuzzydedup,5,0,enron_full_275570,exact_ref,862.533,1,0,18220,1166272
fuzzydedup,6,0,enron_full_275570,exact_ref,878.906,1,0,19762,1264960
fuzzydedup,5,0,enron_full_276028,no_exact_ref,7046.403,0,6,164996,10559744
fuzzydedup,6,0,enron_full_276028,no_exact_ref,7819.204,0,7,191555,12259520
fuzzydedup,4,0,enron_full_276028,no_exact_ref,5568.295,0,5,137769,8817216
fuzzydedup,6,0,enron_full_276324,exact_ref,120.439,1,0,1171,75136
fuzzydedup,4,0,enron_full_276324,exact_ref,31.591,1,0,748,48064
fuzzydedup,5,0,enron_full_276324,exact_ref,32.029,1,0,959,61568
fuzzydedup,4,0,enron_full_276342,exact_ref,848.505,1,0,13095,838272
fuzzydedup,5,0,enron_full_276342,exact_ref,841.942,1,0,14637,936960
fuzzydedup,6,0,enron_full_276342,exact_ref,777.349,1,0,15752,1008320
fuzzydedup,5,0,enron_full_277439,no_exact_ref,734.829,0,6,7305,467520
fuzzydedup,6,0,enron_full_277439,no_exact_ref,795.423,0,7,8821,564544
fuzzydedup,4,0,enron_full_277439,no_exact_ref,657.184,0,5,5778,369792
fuzzydedup,6,0,enron_full_277990,exact_ref,2466.331,1,0,54512,3488960
fuzzydedup,4,0,enron_full_277990,exact_ref,1976.664,1,0,42642,2729280
fuzzydedup,5,0,enron_full_277990,exact_ref,1899.865,1,0,48864,3127488
fuzzydedup,4,0,enron_full_278811,exact_ref,702.453,1,0,9056,579776
fuzzydedup,5,0,enron_full_278811,exact_ref,999.666,1,0,11742,751680
fuzzydedup,6,0,enron_full_278811,exact_ref,974.855,1,0,14769,945408
fuzzydedup,5,0,enron_full_279563,no_exact_ref,4224.854,1,0,88134,5640768
fuzzydedup,6,0,enron_full_279563,no_exact_ref,4632.208,1,0,102517,6561280
fuzzydedup,4,0,enron_full_279563,no_exact_ref,3785.381,1,0,72626,4648256
fuzzydedup,6,0,enron_full_279751,exact_ref,4437.322,1,0,95677,6123520
fuzzydedup,4,0,enron_full_279751,exact_ref,4234.290,1,0,64636,4136896
fuzzydedup,5,0,enron_full_279751,exact_ref,4399.470,1,0,80169,5131008
fuzzydedup,4,0,enron_full_280423,no_exact_ref,7056.506,0,5,140955,9021120
fuzzydedup,5,0,enron_full_280423,no_exact_ref,7945.061,0,6,169489,10847296
fuzzydedup,6,0,enron_full_280423,no_exact_ref,8575.625,0,7,197034,12610176
fuzzydedup,5,0,enron_full_280603,no_exact_ref,7596.550,0,6,164996,10559744
fuzzydedup,6,0,enron_full_280603,no_exact_ref,7860.209,0,7,191555,12259520
fuzzydedup,4,0,enron_full_280603,no_exact_ref,5701.581,0,5,137769,8817216
fuzzydedup,6,0,enron_full_281547,no_exact_ref,9156.765,0,7,190614,12199296
fuzzydedup,4,0,enron_full_281547,no_exact_ref,6107.196,0,5,137103,8774592
fuzzydedup,5,0,enron_full_281547,no_exact_ref,7149.825,0,6,164671,10538944
fuzzydedup,4,0,enron_full_282395,exact_ref,2609.863,1,0,35178,2251584
fuzzydedup,5,0,enron_full_282395,exact_ref,2715.377,1,0,45234,2895168
fuzzydedup,6,0,enron_full_282395,exact_ref,9181.252,1,0,56285,3602432
fuzzydedup,5,0,enron_full_283356,exact_ref,7626.931,1,0,68446,4380736
fuzzydedup,6,0,enron_full_283356,exact_ref,6113.012,1,0,78032,4994432
fuzzydedup,4,0,enron_full_283356,exact_ref,3753.628,1,0,57764,3697088
fuzzydedup,6,0,enron_full_283839,exact_ref,2972.122,1,0,51562,3300160
fuzzydedup,4,0,enron_full_283839,exact_ref,2129.225,1,0,39692,2540480
fuzzydedup,5,0,enron_full_283839,exact_ref,2205.616,1,0,45914,2938688
fuzzydedup,4,0,enron_full_283868,exact_ref,1795.611,1,0,34774,2225728
fuzzydedup,5,0,enron_full_283868,exact_ref,1952.066,1,0,40422,2587200
fuzzydedup,6,0,enron_full_283868,exact_ref,2173.141,1,0,45024,2881728
fuzzydedup,5,0,enron_full_284197,exact_ref,962.049,1,0,12510,800832
fuzzydedup,6,0,enron_full_284197,exact_ref,876.177,1,0,13625,872192
fuzzydedup,4,0,enron_full_284197,exact_ref,879.875,1,0,10968,702144
fuzzydedup,6,0,enron_full_284956,exact_ref,4521.136,1,0,97517,6241280
fuzzydedup,4,0,enron_full_284956,exact_ref,5510.367,1,0,70347,4502400
fuzzydedup,5,0,enron_full_284956,exact_ref,5798.371,1,0,84169,5387008
fuzzydedup,4,0,enron_full_285559,exact_ref,2694.949,1,0,53121,3399936
fuzzydedup,5,0,enron_full_285559,exact_ref,2737.114,1,0,61679,3947648
fuzzydedup,6,0,enron_full_285559,exact_ref,3001.870,1,0,69109,4423168
fuzzydedup,5,0,enron_full_286024,exact_ref,4542.142,1,0,81612,5223360
fuzzydedup,6,0,enron_full_286024,exact_ref,4954.491,1,0,95995,6143872
fuzzydedup,4,0,enron_full_286024,exact_ref,4057.034,1,0,66104,4230848
fuzzydedup,6,0,enron_full_286036,exact_ref,3514.403,1,0,61726,3950656
fuzzydedup,4,0,enron_full_286036,exact_ref,3802.440,1,0,48074,3076928
fuzzydedup,5,0,enron_full_286036,exact_ref,3873.515,1,0,55504,3552448
fuzzydedup,4,0,enron_full_286164,exact_ref,2944.889,1,0,52090,3333952
fuzzydedup,5,0,enron_full_286164,exact_ref,4200.877,1,0,66802,4275520
fuzzydedup,6,0,enron_full_286164,exact_ref,4440.062,1,0,82063,5252224
fuzzydedup,5,0,enron_full_286899,exact_ref,4755.072,1,0,78260,5008832
fuzzydedup,6,0,enron_full_286899,exact_ref,4817.239,1,0,94479,6046848
fuzzydedup,4,0,enron_full_286899,exact_ref,4379.491,1,0,62349,3990528
fuzzydedup,6,0,enron_full_287012,no_exact_ref,10674.560,0,7,197034,12610176
fuzzydedup,4,0,enron_full_287012,no_exact_ref,6153.557,0,5,140955,9021120
fuzzydedup,5,0,enron_full_287012,no_exact_ref,7316.795,0,6,169489,10847296
fuzzydedup,4,0,enron_full_287512,exact_ref,3914.697,1,0,63954,4093248
fuzzydedup,5,0,enron_full_287512,exact_ref,4845.924,1,0,79715,5101952
fuzzydedup,6,0,enron_full_287512,exact_ref,7840.703,1,0,95626,6120256
fuzzydedup,5,0,enron_full_287655,exact_ref,4222.005,1,0,75412,4826560
fuzzydedup,6,0,enron_full_287655,exact_ref,4403.066,1,0,91173,5835264
fuzzydedup,4,0,enron_full_287655,exact_ref,3780.199,1,0,60151,3849856
fuzzydedup,6,0,enron_full_287736,exact_ref,5115.957,1,0,98994,6335808
fuzzydedup,4,0,enron_full_287736,exact_ref,5058.422,1,0,67953,4349184
fuzzydedup,5,0,enron_full_287736,exact_ref,6586.276,1,0,83486,5343296
fuzzydedup,4,0,enron_full_287760,exact_ref,3836.756,1,0,60154,3850048
fuzzydedup,5,0,enron_full_287760,exact_ref,6230.231,1,0,75415,4826752
fuzzydedup,6,0,enron_full_287760,exact_ref,4818.564,1,0,91176,5835456
fuzzydedup,5,0,enron_full_287778,exact_ref,3247.821,1,0,66910,4282432
fuzzydedup,6,0,enron_full_287778,exact_ref,3934.616,1,0,76496,4895936
fuzzydedup,4,0,enron_full_287778,exact_ref,4360.509,1,0,56228,3598784
fuzzydedup,6,0,enron_full_288938,exact_ref,4567.845,1,0,60262,3856960
fuzzydedup,4,0,enron_full_288938,exact_ref,3097.886,1,0,37517,2401280
fuzzydedup,5,0,enron_full_288938,exact_ref,2767.311,1,0,48568,3108544
fuzzydedup,4,0,enron_full_289243,no_exact_ref,7212.284,0,5,100182,6411648
fuzzydedup,5,0,enron_full_289243,no_exact_ref,5646.592,0,6,122217,7821888
fuzzydedup,6,0,enron_full_289243,no_exact_ref,7246.378,0,7,144058,9219712
fuzzydedup,5,0,enron_full_291054,no_exact_ref,10110.772,0,6,169864,10871296
fuzzydedup,6,0,enron_full_291054,no_exact_ref,10274.735,0,7,197015,12608960
fuzzydedup,4,0,enron_full_291054,no_exact_ref,6342.668,0,5,141284,9042176
fuzzydedup,6,0,enron_full_291275,no_exact_ref,9980.789,0,7,172289,11026624
fuzzydedup,4,0,enron_full_291275,no_exact_ref,7915.232,0,5,121972,7806208
fuzzydedup,5,0,enron_full_291275,no_exact_ref,8919.989,0,6,147636,9448704
fuzzydedup,4,0,enron_full_291375,no_exact_ref,8983.558,0,5,127462,8157568
fuzzydedup,5,0,enron_full_291375,no_exact_ref,10462.937,0,6,153267,9809088
fuzzydedup,6,0,enron_full_291375,no_exact_ref,11785.860,0,7,177736,11375104
fuzzydedup,5,0,enron_full_291790,exact_ref,7179.288,1,0,87845,5622272
fuzzydedup,6,0,enron_full_291790,exact_ref,7846.535,1,0,103817,6644480
fuzzydedup,4,0,enron_full_291790,exact_ref,5680.256,1,0,71438,4572224
fuzzydedup,6,0,enron_full_292561,exact_ref,5135.182,1,0,61760,3952832
fuzzydedup,4,0,enron_full_292561,exact_ref,6009.435,1,0,39015,2497152
fuzzydedup,5,0,enron_full_292561,exact_ref,6434.455,1,0,50066,3204416
fuzzydedup,4,0,enron_full_292656,exact_ref,2961.080,1,0,24163,1546624
fuzzydedup,5,0,enron_full_292656,exact_ref,2576.869,1,0,27111,1735296
fuzzydedup,6,0,enron_full_292656,exact_ref,3185.991,1,0,29500,1888192
fuzzydedup,5,0,enron_full_293066,exact_ref,3847.162,1,0,49264,3153088
fuzzydedup,6,0,enron_full_293066,exact_ref,3545.662,1,0,54912,3514560
fuzzydedup,4,0,enron_full_293066,exact_ref,3308.628,1,0,43042,2754880
fuzzydedup,6,0,enron_full_293083,exact_ref,6069.907,1,0,103785,6642432
fuzzydedup,4,0,enron_full_293083,exact_ref,3842.086,1,0,71406,4570176
fuzzydedup,5,0,enron_full_293083,exact_ref,5290.613,1,0,87813,5620224
fuzzydedup,4,0,enron_full_293619,exact_ref,2874.267,1,0,42502,2720320
fuzzydedup,5,0,enron_full_293619,exact_ref,3191.235,1,0,54196,3468736
fuzzydedup,6,0,enron_full_293619,exact_ref,3489.675,1,0,67525,4321792
fuzzydedup,5,0,enron_full_293948,no_exact_ref,8202.965,0,6,169489,10847360
fuzzydedup,6,0,enron_full_293948,no_exact_ref,8544.120,0,7,197034,12610240
fuzzydedup,4,0,enron_full_293948,no_exact_ref,6610.311,0,5,140955,9021184
fuzzydedup,6,0,enron_full_293985,exact_ref,1146.296,1,0,19926,1275456
fuzzydedup,4,0,enron_full_293985,exact_ref,906.002,1,0,16569,1060608
fuzzydedup,5,0,enron_full_293985,exact_ref,1567.920,1,0,18384,1176768
fuzzydedup,4,0,enron_full_295023,exact_ref,4954.345,1,0,73093,4678144
fuzzydedup,5,0,enron_full_295023,exact_ref,5655.459,1,0,88601,5670656
fuzzydedup,6,0,enron_full_295023,exact_ref,6768.186,1,0,102984,6591168
fuzzydedup,5,0,enron_full_295246,no_exact_ref,3411.010,0,6,45752,2928320
fuzzydedup,6,0,enron_full_295246,no_exact_ref,2639.198,0,7,56044,3588032
fuzzydedup,4,0,enron_full_295246,no_exact_ref,1826.756,0,5,36079,2309056
fuzzydedup,6,0,enron_full_296957,no_exact_ref,6328.136,0,7,144058,9219840
fuzzydedup,4,0,enron_full_296957,no_exact_ref,5736.660,0,5,100182,6411712
fuzzydedup,5,0,enron_full_296957,no_exact_ref,6065.311,0,6,122217,7821952
fuzzydedup,4,0,enron_full_298392,no_exact_ref,2040.364,0,5,20078,1284992
fuzzydedup,5,0,enron_full_298392,no_exact_ref,1697.166,0,6,25066,1604224
fuzzydedup,6,0,enron_full_298392,no_exact_ref,1737.806,0,7,30403,1945792
fuzzydedup,5,0,enron_full_298764,no_exact_ref,7687.507,0,6,169489,10847296
fuzzydedup,6,0,enron_full_298764,no_exact_ref,8070.888,0,7,197034,12610176
fuzzydedup,4,0,enron_full_298764,no_exact_ref,6812.863,0,5,140955,9021120
fuzzydedup,6,0,enron_full_299033,no_exact_ref,9684.113,0,7,194887,12472768
fuzzydedup,4,0,enron_full_299033,no_exact_ref,7077.867,0,5,139973,8958272
fuzzydedup,5,0,enron_full_299033,no_exact_ref,7326.048,0,6,168810,10803840
fuzzydedup,4,0,enron_full_299289,exact_ref,114.323,1,0,738,47424
fuzzydedup,5,0,enron_full_299289,exact_ref,39.297,1,0,900,57792
fuzzydedup,6,0,enron_full_299289,exact_ref,40.402,1,0,1111,71296
fuzzydedup,5,0,enron_full_299345,exact_ref,3966.208,1,0,75345,4822272
fuzzydedup,6,0,enron_full_299345,exact_ref,4576.577,1,0,88693,5676544
fuzzydedup,4,0,enron_full_299345,exact_ref,3820.167,1,0,61523,3937664
fuzzydedup,6,0,enron_full_299690,exact_ref,6085.068,1,0,104861,6711296
fuzzydedup,4,0,enron_full_299690,exact_ref,4327.233,1,0,73820,4724672
fuzzydedup,5,0,enron_full_299690,exact_ref,4925.031,1,0,89353,5718784
fuzzydedup,4,0,enron_full_300310,exact_ref,1508.428,1,0,25550,1635392
fuzzydedup,5,0,enron_full_300310,exact_ref,2360.587,1,0,33002,2112320
fuzzydedup,6,0,enron_full_300310,exact_ref,2339.904,1,0,41248,2640064
fuzzydedup,5,0,enron_full_300702,exact_ref,4643.304,1,0,87474,5598528
fuzzydedup,6,0,enron_full_300702,exact_ref,5130.083,1,0,101296,6483136
fuzzydedup,4,0,enron_full_300702,exact_ref,4230.683,1,0,73091,4678016
fuzzydedup,6,0,enron_full_301521,exact_ref,3335.791,1,0,55305,3539712
fuzzydedup,4,0,enron_full_301521,exact_ref,2405.708,1,0,43435,2780032
fuzzydedup,5,0,enron_full_301521,exact_ref,2423.967,1,0,49657,3178240
fuzzydedup,4,0,enron_full_301926,exact_ref,2815.517,1,0,58069,3716608
fuzzydedup,5,0,enron_full_301926,exact_ref,2788.827,1,0,67655,4330304
fuzzydedup,6,0,enron_full_301926,exact_ref,2954.084,1,0,76213,4878016
fuzzydedup,5,0,enron_full_302529,exact_ref,929.247,1,0,13283,850304
fuzzydedup,6,0,enron_full_302529,exact_ref,1135.621,1,0,16605,1062912
fuzzydedup,4,0,enron_full_302529,exact_ref,971.565,1,0,10256,656576
fuzzydedup,6,0,enron_full_303527,exact_ref,4889.713,1,0,86109,5511168
fuzzydedup,4,0,enron_full_303527,exact_ref,3112.917,1,0,56136,3592896
fuzzydedup,5,0,enron_full_303527,exact_ref,4437.405,1,0,70848,4534464
fuzzydedup,4,0,enron_full_304134,exact_ref,4328.484,1,0,66214,4237888
fuzzydedup,5,0,enron_full_304134,exact_ref,3847.659,1,0,78021,4993536
fuzzydedup,6,0,enron_full_304134,exact_ref,3954.409,1,0,88703,5677184
fuzzydedup,5,0,enron_full_304324,exact_ref,4374.070,1,0,89408,5722304
fuzzydedup,6,0,enron_full_304324,exact_ref,4837.327,1,0,103791,6642816
fuzzydedup,4,0,enron_full_304324,exact_ref,4240.161,1,0,73900,4729792
fuzzydedup,6,0,enron_full_305112,exact_ref,3557.778,1,0,69462,4445760
fuzzydedup,4,0,enron_full_305112,exact_ref,2666.734,1,0,53474,3422528
fuzzydedup,5,0,enron_full_305112,exact_ref,3499.853,1,0,62032,3970240
fuzzydedup,4,0,enron_full_305491,exact_ref,2976.746,1,0,57982,3711040
fuzzydedup,5,0,enron_full_305491,exact_ref,3054.740,1,0,67568,4324544
fuzzydedup,6,0,enron_full_305491,exact_ref,3278.448,1,0,76126,4872256
fuzzydedup,5,0,enron_full_305595,exact_ref,4335.213,1,0,87307,5587840
fuzzydedup,6,0,enron_full_305595,exact_ref,4556.642,1,0,101129,6472448
fuzzydedup,4,0,enron_full_305595,exact_ref,3812.999,1,0,72924,4667328
fuzzydedup,6,0,enron_full_306022,exact_ref,3608.306,1,0,76434,4891968
fuzzydedup,4,0,enron_full_306022,exact_ref,2601.773,1,0,58290,3730752
fuzzydedup,5,0,enron_full_306022,exact_ref,3001.521,1,0,67876,4344256
fuzzydedup,4,0,enron_full_306282,exact_ref,888.920,1,0,13502,864320
fuzzydedup,5,0,enron_full_306282,exact_ref,1095.147,1,0,15317,980480
fuzzydedup,6,0,enron_full_306282,exact_ref,1264.106,1,0,16859,1079168
fuzzydedup,5,0,enron_full_306838,exact_ref,3308.541,1,0,54751,3504256
fuzzydedup,6,0,enron_full_306838,exact_ref,3635.099,1,0,68080,4357312
fuzzydedup,4,0,enron_full_306838,exact_ref,2681.387,1,0,43057,2755840
fuzzydedup,6,0,enron_full_306879,exact_ref,5304.809,1,0,102856,6582976
fuzzydedup,4,0,enron_full_306879,exact_ref,3915.918,1,0,70230,4494912
fuzzydedup,5,0,enron_full_306879,exact_ref,5728.491,1,0,86449,5532928
fuzzydedup,4,0,enron_full_307066,exact_ref,4399.153,1,0,73227,4686720
fuzzydedup,5,0,enron_full_307066,exact_ref,5605.967,1,0,89199,5708928
fuzzydedup,6,0,enron_full_307066,exact_ref,5422.326,1,0,104732,6703040
fuzzydedup,5,0,enron_full_307536,exact_ref,4691.318,1,0,83919,5371008
fuzzydedup,6,0,enron_full_307536,exact_ref,4846.480,1,0,100138,6409024
fuzzydedup,4,0,enron_full_307536,exact_ref,3579.011,1,0,68008,4352704
fuzzydedup,6,0,enron_full_307959,exact_ref,1004.913,1,0,15971,1022528
fuzzydedup,4,0,enron_full_307959,exact_ref,1055.370,1,0,13314,852288
fuzzydedup,5,0,enron_full_307959,exact_ref,987.956,1,0,14856,950976
fuzzydedup,4,0,enron_full_308283,exact_ref,4239.600,1,0,71756,4592576
fuzzydedup,5,0,enron_full_308283,exact_ref,5422.623,1,0,88163,5642624
fuzzydedup,6,0,enron_full_308283,exact_ref,5745.565,1,0,104135,6664832
fuzzydedup,5,0,enron_full_308504,exact_ref,3127.603,1,0,62350,3990592
fuzzydedup,6,0,enron_full_308504,exact_ref,3152.195,1,0,69780,4466112
fuzzydedup,4,0,enron_full_308504,exact_ref,2590.561,1,0,53792,3442880
fuzzydedup,6,0,enron_full_308666,exact_ref,1444.759,1,0,29662,1898560
fuzzydedup,4,0,enron_full_308666,exact_ref,1256.606,1,0,24325,1556992
fuzzydedup,5,0,enron_full_308666,exact_ref,1275.663,1,0,27273,1745664
fuzzydedup,4,0,enron_full_310049,exact_ref,1001.994,1,0,11486,735296
fuzzydedup,5,0,enron_full_310049,exact_ref,1042.274,1,0,14808,947904
fuzzydedup,6,0,enron_full_310049,exact_ref,1358.111,1,0,18644,1193408
fuzzydedup,5,0,enron_full_310050,exact_ref,1652.959,1,0,32666,2090816
fuzzydedup,6,0,enron_full_310050,exact_ref,1721.442,1,0,35614,2279488
fuzzydedup,4,0,enron_full_310050,exact_ref,1561.026,1,0,29183,1867904
fuzzydedup,6,0,enron_full_310056,exact_ref,3228.854,1,0,69816,4468416
fuzzydedup,4,0,enron_full_310056,exact_ref,2764.574,1,0,53828,3445184
fuzzydedup,5,0,enron_full_310056,exact_ref,3687.155,1,0,62386,3992896
fuzzydedup,4,0,enron_full_310895,exact_ref,1141.517,1,0,14344,918208
fuzzydedup,5,0,enron_full_310895,exact_ref,1250.203,1,0,18540,1186752
fuzzydedup,6,0,enron_full_310895,exact_ref,1519.405,1,0,23776,1521856
fuzzydedup,5,0,enron_full_310913,exact_ref,4964.173,1,0,88583,5669504
fuzzydedup,6,0,enron_full_310913,exact_ref,4944.405,1,0,104555,6691712
fuzzydedup,4,0,enron_full_310913,exact_ref,3673.451,1,0,72176,4619456
fuzzydedup,6,0,enron_full_311017,exact_ref,7619.648,1,0,102979,6590848
fuzzydedup,4,0,enron_full_311017,exact_ref,4901.534,1,0,70353,4502784
fuzzydedup,5,0,enron_full_311017,exact_ref,4801.348,1,0,86572,5540800
fuzzydedup,4,0,enron_full_313090,exact_ref,5471.953,1,0,72883,4664704
fuzzydedup,5,0,enron_full_313090,exact_ref,4493.818,1,0,87266,5585216
fuzzydedup,6,0,enron_full_313090,exact_ref,4641.533,1,0,101088,6469824
fuzzydedup,5,0,enron_full_314206,exact_ref,3266.539,1,0,54932,3515840
fuzzydedup,6,0,enron_full_314206,exact_ref,3514.115,1,0,68261,4368896
fuzzydedup,4,0,enron_full_314206,exact_ref,2679.615,1,0,43238,2767424
fuzzydedup,6,0,enron_full_314362,exact_ref,3405.344,1,0,56505,3616512
fuzzydedup,4,0,enron_full_314362,exact_ref,3086.717,1,0,35398,2265664
fuzzydedup,5,0,enron_full_314362,exact_ref,2728.179,1,0,45454,2909248
fuzzydedup,4,0,enron_full_315231,exact_ref,4428.857,1,0,73569,4708608
fuzzydedup,5,0,enron_full_315231,exact_ref,4436.462,1,0,89541,5730816
fuzzydedup,6,0,enron_full_315231,exact_ref,4992.881,1,0,105074,6724928
fuzzydedup,5,0,enron_full_315279,exact_ref,4521.175,1,0,89282,5714240
fuzzydedup,6,0,enron_full_315279,exact_ref,5442.811,1,0,104815,6708352
fuzzydedup,4,0,enron_full_315279,exact_ref,5055.930,1,0,73310,4692032
fuzzydedup,6,0,enron_full_315623,exact_ref,1955.163,1,0,35408,2266304
fuzzydedup,4,0,enron_full_315623,exact_ref,1655.349,1,0,28977,1854720
fuzzydedup,5,0,enron_full_315623,exact_ref,1831.072,1,0,32460,2077632
fuzzydedup,4,0,enron_full_316006,exact_ref,928.457,1,0,13382,856640
fuzzydedup,5,0,enron_full_316006,exact_ref,955.585,1,0,14924,955328
fuzzydedup,6,0,enron_full_316006,exact_ref,879.928,1,0,16039,1026688
fuzzydedup,5,0,enron_full_317192,exact_ref,2448.699,1,0,40887,2617024
fuzzydedup,6,0,enron_full_317192,exact_ref,2509.280,1,0,50943,3260608
fuzzydedup,4,0,enron_full_317192,exact_ref,2042.743,1,0,31442,2012544
fuzzydedup,6,0,enron_full_317451,exact_ref,746.147,1,0,12604,806848
fuzzydedup,4,0,enron_full_317451,exact_ref,531.248,1,0,10783,690304
fuzzydedup,5,0,enron_full_317451,exact_ref,480.766,1,0,11898,761664
fuzzydedup,4,0,enron_full_318133,exact_ref,2528.734,1,0,56010,3584832
fuzzydedup,5,0,enron_full_318133,exact_ref,4476.745,1,0,70722,4526400
fuzzydedup,6,0,enron_full_318133,exact_ref,4821.067,1,0,85983,5503104
fuzzydedup,5,0,enron_full_318207,exact_ref,598.396,1,0,7135,456832
fuzzydedup,6,0,enron_full_318207,exact_ref,246.943,1,0,7515,481152
fuzzydedup,4,0,enron_full_318207,exact_ref,241.290,1,0,6576,421056
fuzzydedup,6,0,enron_full_318845,exact_ref,6138.288,1,0,96250,6160192
fuzzydedup,4,0,enron_full_318845,exact_ref,4168.618,1,0,64578,4133184
fuzzydedup,5,0,enron_full_318845,exact_ref,4147.012,1,0,80339,5141888
fuzzydedup,4,0,enron_full_318909,exact_ref,3848.077,1,0,73080,4677312
fuzzydedup,5,0,enron_full_318909,exact_ref,4141.098,1,0,87463,5597824
fuzzydedup,6,0,enron_full_318909,exact_ref,4765.572,1,0,101285,6482432
fuzzydedup,5,0,enron_full_319080,exact_ref,1342.904,1,0,22698,1452864
fuzzydedup,6,0,enron_full_319080,exact_ref,1232.743,1,0,24513,1569024
fuzzydedup,4,0,enron_full_319080,exact_ref,1032.178,1,0,20309,1299968
fuzzydedup,6,0,enron_full_319320,exact_ref,6118.848,1,0,104693,6700544
fuzzydedup,4,0,enron_full_319320,exact_ref,4486.103,1,0,73652,4713920
fuzzydedup,5,0,enron_full_319320,exact_ref,4803.800,1,0,89185,5708032
fuzzydedup,4,0,enron_full_319952,exact_ref,3729.289,1,0,67731,4334976
fuzzydedup,5,0,enron_full_319952,exact_ref,4396.331,1,0,83642,5353472
fuzzydedup,6,0,enron_full_319952,exact_ref,4870.415,1,0,99861,6391488
fuzzydedup,5,0,enron_full_320564,exact_ref,3859.314,1,0,78197,5004800
fuzzydedup,6,0,enron_full_320564,exact_ref,3970.013,1,0,88879,5688448
fuzzydedup,4,0,enron_full_320564,exact_ref,4060.644,1,0,66390,4249152
fuzzydedup,6,0,enron_full_320626,exact_ref,5056.865,1,0,91664,5866688
fuzzydedup,4,0,enron_full_320626,exact_ref,3978.945,1,0,60642,3881280
fuzzydedup,5,0,enron_full_320626,exact_ref,4185.617,1,0,75903,4857984
fuzzydedup,4,0,enron_full_321445,exact_ref,2920.616,1,0,62423,3995264
fuzzydedup,5,0,enron_full_321445,exact_ref,2946.533,1,0,73105,4678912
fuzzydedup,6,0,enron_full_321445,exact_ref,3615.994,1,0,82691,5292416
fuzzydedup,5,0,enron_full_321807,exact_ref,1024.958,1,0,18466,1182016
fuzzydedup,6,0,enron_full_321807,exact_ref,1487.669,1,0,23702,1517120
fuzzydedup,4,0,enron_full_321807,exact_ref,1042.548,1,0,14270,913472
fuzzydedup,6,0,enron_full_321918,exact_ref,5613.681,1,0,86169,5515008
fuzzydedup,4,0,enron_full_321918,exact_ref,3289.519,1,0,56196,3596736
fuzzydedup,5,0,enron_full_321918,exact_ref,4474.457,1,0,70908,4538304
fuzzydedup,4,0,enron_full_322149,exact_ref,3919.223,1,0,71722,4590400
fuzzydedup,5,0,enron_full_322149,exact_ref,4599.586,1,0,88129,5640448
fuzzydedup,6,0,enron_full_322149,exact_ref,4514.125,1,0,104101,6662656
fuzzydedup,5,0,enron_full_322706,exact_ref,497.903,1,0,3903,249984
fuzzydedup,6,0,enron_full_322706,exact_ref,169.580,1,0,4178,267584
fuzzydedup,4,0,enron_full_322706,exact_ref,144.648,1,0,3627,232320
fuzzydedup,6,0,enron_full_322737,exact_ref,1552.373,1,0,35509,2272768
fuzzydedup,4,0,enron_full_322737,exact_ref,1558.931,1,0,29078,1861184
fuzzydedup,5,0,enron_full_322737,exact_ref,1670.676,1,0,32561,2084096
fuzzydedup,4,0,enron_full_322757,exact_ref,2863.968,1,0,20224,1294528
fuzzydedup,5,0,enron_full_322757,exact_ref,4338.320,1,0,26304,1683648
fuzzydedup,6,0,enron_full_322757,exact_ref,4373.169,1,0,33078,2117184
fuzzydedup,5,0,enron_full_324000,exact_ref,4141.658,1,0,27713,1773824
fuzzydedup,6,0,enron_full_324000,exact_ref,2920.903,1,0,30661,1962496
fuzzydedup,4,0,enron_full_324000,exact_ref,2297.881,1,0,24230,1550912
fuzzydedup,6,0,enron_full_324353,no_exact_ref,3091.626,0,7,34498,2207936
fuzzydedup,4,0,enron_full_324353,no_exact_ref,2267.424,0,5,22576,1444864
fuzzydedup,5,0,enron_full_324353,no_exact_ref,1726.827,0,6,28110,1799104
fuzzydedup,4,0,enron_full_325002,exact_ref,5092.086,1,0,74606,4774976
fuzzydedup,5,0,enron_full_325002,exact_ref,4899.522,1,0,90114,5767680
fuzzydedup,6,0,enron_full_325002,exact_ref,5922.099,1,0,104497,6688512
fuzzydedup,5,0,enron_full_325131,exact_ref,2208.657,1,0,35077,2245120
fuzzydedup,6,0,enron_full_325131,exact_ref,2328.920,1,0,44522,2849600
fuzzydedup,4,0,enron_full_325131,exact_ref,2397.092,1,0,26831,1717376
fuzzydedup,6,0,enron_full_325547,exact_ref,6039.581,1,0,99023,6337664
fuzzydedup,4,0,enron_full_325547,exact_ref,3530.304,1,0,69132,4424640
fuzzydedup,5,0,enron_full_325547,exact_ref,3692.443,1,0,84640,5417152
fuzzydedup,4,0,enron_full_326276,exact_ref,2923.242,1,0,56555,3619712
fuzzydedup,5,0,enron_full_326276,exact_ref,4200.590,1,0,71267,4561280
fuzzydedup,6,0,enron_full_326276,exact_ref,4781.183,1,0,86528,5537984
fuzzydedup,5,0,enron_full_326406,exact_ref,2603.731,1,0,50047,3203200
fuzzydedup,6,0,enron_full_326406,exact_ref,2590.369,1,0,55695,3564672
fuzzydedup,4,0,enron_full_326406,exact_ref,2483.054,1,0,43825,2804992
fuzzydedup,6,0,enron_full_326699,exact_ref,1361.050,1,0,20832,1333440
fuzzydedup,4,0,enron_full_326699,exact_ref,1067.437,1,0,12800,819392
fuzzydedup,5,0,enron_full_326699,exact_ref,1076.086,1,0,16636,1064896
fuzzydedup,4,0,enron_full_326891,exact_ref,2770.701,1,0,54155,3466112
fuzzydedup,5,0,enron_full_326891,exact_ref,2824.459,1,0,62713,4013824
fuzzydedup,6,0,enron_full_326891,exact_ref,3115.310,1,0,70143,4489344
fuzzydedup,5,0,enron_full_327398,exact_ref,2641.375,1,0,41062,2628160
fuzzydedup,6,0,enron_full_327398,exact_ref,2619.995,1,0,51118,3271744
fuzzydedup,4,0,enron_full_327398,exact_ref,1996.849,1,0,31617,2023680
fuzzydedup,6,0,enron_full_327734,exact_ref,4365.240,1,0,94675,6059392
fuzzydedup,4,0,enron_full_327734,exact_ref,3806.670,1,0,69520,4449472
fuzzydedup,5,0,enron_full_327734,exact_ref,3807.881,1,0,82868,5303744
fuzzydedup,4,0,enron_full_330743,exact_ref,352.933,1,0,1411,90496
fuzzydedup,5,0,enron_full_330743,exact_ref,101.388,1,0,1495,95872
fuzzydedup,6,0,enron_full_330743,exact_ref,104.068,1,0,1584,101568
fuzzydedup,5,0,enron_full_330847,exact_ref,2098.338,1,0,40822,2612800
fuzzydedup,6,0,enron_full_330847,exact_ref,2842.791,1,0,45424,2907328
fuzzydedup,4,0,enron_full_330847,exact_ref,1967.930,1,0,35174,2251328
fuzzydedup,6,0,enron_full_331065,no_exact_ref,6665.978,0,7,123332,7893248
fuzzydedup,4,0,enron_full_331065,no_exact_ref,4162.992,0,5,84127,5384128
fuzzydedup,5,0,enron_full_331065,no_exact_ref,5530.360,0,6,103384,6616576
fuzzydedup,4,0,enron_full_331235,exact_ref,2099.833,1,0,28621,1831936
fuzzydedup,5,0,enron_full_331235,exact_ref,2219.377,1,0,36867,2359680
fuzzydedup,6,0,enron_full_331235,exact_ref,2536.722,1,0,46312,2964160
fuzzydedup,5,0,enron_full_331309,no_exact_ref,2927.856,0,6,55915,3578560
fuzzydedup,6,0,enron_full_331309,no_exact_ref,4877.292,0,7,67711,4333504
fuzzydedup,4,0,enron_full_331309,no_exact_ref,2757.905,0,5,44983,2878912
fuzzydedup,6,0,enron_full_332147,no_exact_ref,1998.443,0,7,43148,2761472
fuzzydedup,4,0,enron_full_332147,no_exact_ref,1582.111,0,5,28839,1845696
fuzzydedup,5,0,enron_full_332147,no_exact_ref,1717.620,0,6,35649,2281536
fuzzydedup,4,0,enron_full_332523,exact_ref,4418.099,1,0,74325,4756992
fuzzydedup,5,0,enron_full_332523,exact_ref,4762.839,1,0,89833,5749504
fuzzydedup,6,0,enron_full_332523,exact_ref,5085.577,1,0,104216,6670016
fuzzydedup,5,0,enron_full_333276,exact_ref,2349.398,1,0,50169,3211008
fuzzydedup,6,0,enron_full_333276,exact_ref,2555.373,1,0,55817,3572480
fuzzydedup,4,0,enron_full_333276,exact_ref,1953.808,1,0,43947,2812800
fuzzydedup,6,0,enron_full_333308,exact_ref,3538.966,1,0,68566,4388416
fuzzydedup,4,0,enron_full_333308,exact_ref,2303.128,1,0,43543,2786944
fuzzydedup,5,0,enron_full_333308,exact_ref,2441.118,1,0,55237,3535360
fuzzydedup,4,0,enron_full_333309,exact_ref,3149.688,1,0,69624,4456128
fuzzydedup,5,0,enron_full_333309,exact_ref,3323.608,1,0,82972,5310400
fuzzydedup,6,0,enron_full_333309,exact_ref,3953.718,1,0,94779,6066048
fuzzydedup,5,0,enron_full_334798,no_exact_ref,995.012,0,6,19815,1268160
fuzzydedup,6,0,enron_full_334798,no_exact_ref,1192.091,0,7,25738,1647232
fuzzydedup,4,0,enron_full_334798,no_exact_ref,744.311,0,5,14937,955968
fuzzydedup,6,0,enron_full_335428,exact_ref,901.089,1,0,20329,1301248
fuzzydedup,4,0,enron_full_335428,exact_ref,760.304,1,0,16972,1086400
fuzzydedup,5,0,enron_full_335428,exact_ref,765.070,1,0,18787,1202560
fuzzydedup,4,0,enron_full_335498,exact_ref,3029.802,1,0,69625,4456192
fuzzydedup,5,0,enron_full_335498,exact_ref,3077.246,1,0,82973,5310464
fuzzydedup,6,0,enron_full_335498,exact_ref,3573.453,1,0,94780,6066112
fuzzydedup,5,0,enron_full_335546,exact_ref,4042.288,1,0,71354,4566848
fuzzydedup,6,0,enron_full_335546,exact_ref,4507.945,1,0,86615,5543552
fuzzydedup,4,0,enron_full_335546,exact_ref,2500.344,1,0,56642,3625280
fuzzydedup,6,0,enron_full_335575,exact_ref,4315.358,1,0,100624,6440128
fuzzydedup,4,0,enron_full_335575,exact_ref,3144.538,1,0,68494,4383808
fuzzydedup,5,0,enron_full_335575,exact_ref,3704.292,1,0,84405,5402112
fuzzydedup,4,0,enron_full_335623,exact_ref,2480.737,1,0,56652,3625920
fuzzydedup,5,0,enron_full_335623,exact_ref,3615.709,1,0,71364,4567488
fuzzydedup,6,0,enron_full_335623,exact_ref,3915.043,1,0,86625,5544192
fuzzydedup,5,0,enron_full_335857,exact_ref,1458.151,1,0,29922,1915200
fuzzydedup,6,0,enron_full_335857,exact_ref,1384.421,1,0,32870,2103872
fuzzydedup,4,0,enron_full_335857,exact_ref,1240.298,1,0,26439,1692288
fuzzydedup,6,0,enron_full_335946,exact_ref,856.861,1,0,18350,1174592
fuzzydedup,4,0,enron_full_335946,exact_ref,731.637,1,0,14993,959744
fuzzydedup,5,0,enron_full_335946,exact_ref,766.044,1,0,16808,1075904
fuzzydedup,4,0,enron_full_336542,exact_ref,3602.985,1,0,68670,4395072
fuzzydedup,5,0,enron_full_336542,exact_ref,3697.801,1,0,84178,5387584
fuzzydedup,6,0,enron_full_336542,exact_ref,4333.599,1,0,98561,6308096
fuzzydedup,5,0,enron_full_337267,exact_ref,611.033,1,0,11716,750016
fuzzydedup,6,0,enron_full_337267,exact_ref,271.480,1,0,12422,795200
fuzzydedup,4,0,enron_full_337267,exact_ref,463.501,1,0,10601,678656
fuzzydedup,6,0,enron_full_337292,exact_ref,4209.240,1,0,96091,6150016
fuzzydedup,4,0,enron_full_337292,exact_ref,3199.555,1,0,63961,4093696
fuzzydedup,5,0,enron_full_337292,exact_ref,3627.534,1,0,79872,5112000
fuzzydedup,4,0,enron_full_337470,exact_ref,3333.093,1,0,67651,4329856
fuzzydedup,5,0,enron_full_337470,exact_ref,3426.157,1,0,83412,5338560
fuzzydedup,6,0,enron_full_337470,exact_ref,4081.406,1,0,99323,6356864
fuzzydedup,5,0,enron_full_339638,no_exact_ref,4935.509,0,6,126879,8130304
fuzzydedup,6,0,enron_full_339638,no_exact_ref,5447.426,0,7,148499,9516736
fuzzydedup,4,0,enron_full_339638,no_exact_ref,3977.821,0,5,105124,6728064
fuzzydedup,6,0,enron_full_340418,exact_ref,2447.469,1,0,46481,2974976
fuzzydedup,4,0,enron_full_340418,exact_ref,1852.933,1,0,28790,1842752
fuzzydedup,5,0,enron_full_340418,exact_ref,1863.265,1,0,37036,2370496
fuzzydedup,4,0,enron_full_340472,exact_ref,2560.864,1,0,54224,3470528
fuzzydedup,5,0,enron_full_340472,exact_ref,2507.060,1,0,64906,4154176
fuzzydedup,6,0,enron_full_340472,exact_ref,2891.924,1,0,74492,4767680
fuzzydedup,5,0,enron_full_340761,exact_ref,2178.517,1,0,59979,3838848
fuzzydedup,6,0,enron_full_340761,exact_ref,2386.540,1,0,66201,4237056
fuzzydedup,4,0,enron_full_340761,exact_ref,2057.035,1,0,52549,3363328
fuzzydedup,6,0,enron_full_341249,exact_ref,1824.700,1,0,49151,3145856
fuzzydedup,4,0,enron_full_341249,exact_ref,1620.760,1,0,38901,2489856
fuzzydedup,5,0,enron_full_341249,exact_ref,1832.199,1,0,44549,2851328
fuzzydedup,4,0,enron_full_341362,exact_ref,1786.129,1,0,37712,2413760
fuzzydedup,5,0,enron_full_341362,exact_ref,1733.534,1,0,43360,2775232
fuzzydedup,6,0,enron_full_341362,exact_ref,1831.173,1,0,47962,3069760
fuzzydedup,5,0,enron_full_342301,exact_ref,1460.232,1,0,30327,1941120
fuzzydedup,6,0,enron_full_342301,exact_ref,2172.974,1,0,37779,2418048
fuzzydedup,4,0,enron_full_342301,exact_ref,1150.647,1,0,23553,1507584
fuzzydedup,6,0,enron_full_342735,exact_ref,2867.398,1,0,62374,3992128
fuzzydedup,4,0,enron_full_342735,exact_ref,1855.124,1,0,39629,2536448
fuzzydedup,5,0,enron_full_342735,exact_ref,2497.272,1,0,50680,3243712
fuzzydedup,4,0,enron_full_344191,exact_ref,2493.236,1,0,57050,3651392
fuzzydedup,5,0,enron_full_344191,exact_ref,3917.738,1,0,71762,4592960
fuzzydedup,6,0,enron_full_344191,exact_ref,4054.851,1,0,87023,5569664
fuzzydedup,5,0,enron_full_344335,exact_ref,4202.560,1,0,90670,5803072
fuzzydedup,6,0,enron_full_344335,exact_ref,4422.717,1,0,106178,6795584
fuzzydedup,4,0,enron_full_344335,exact_ref,3333.661,1,0,75137,4808960
fuzzydedup,6,0,enron_full_344645,no_exact_ref,6891.941,0,7,190614,12199296
fuzzydedup,4,0,enron_full_344645,no_exact_ref,5190.176,0,5,137103,8774592
fuzzydedup,5,0,enron_full_344645,no_exact_ref,5968.953,0,6,164671,10538944
fuzzydedup,4,0,enron_full_345595,exact_ref,1585.258,1,0,34407,2202240
fuzzydedup,5,0,enron_full_345595,exact_ref,1583.912,1,0,39009,2496768
fuzzydedup,6,0,enron_full_345595,exact_ref,1671.130,1,0,42492,2719680
fuzzydedup,5,0,enron_full_345814,exact_ref,4027.756,1,0,89646,5737536
fuzzydedup,6,0,enron_full_345814,exact_ref,4208.730,1,0,105618,6759744
fuzzydedup,4,0,enron_full_345814,exact_ref,3172.365,1,0,73239,4687488
fuzzydedup,6,0,enron_full_348142,exact_ref,4381.130,1,0,106104,6790848
fuzzydedup,4,0,enron_full_348142,exact_ref,3216.886,1,0,75063,4804224
fuzzydedup,5,0,enron_full_348142,exact_ref,3906.917,1,0,90596,5798336
fuzzydedup,4,0,enron_full_348438,no_exact_ref,5353.074,0,5,139516,8929024
fuzzydedup,5,0,enron_full_348438,no_exact_ref,5954.852,0,6,168125,10760128
fuzzydedup,6,0,enron_full_348438,no_exact_ref,7195.923,0,7,194644,12457408
fuzzydedup,5,0,enron_full_349353,no_exact_ref,5523.422,0,6,136629,8744256
fuzzydedup,6,0,enron_full_349353,no_exact_ref,6368.566,0,7,159258,10192512
fuzzydedup,4,0,enron_full_349353,no_exact_ref,4528.562,0,5,113227,7246528
fuzzydedup,6,0,enron_full_349483,no_exact_ref,5013.576,0,7,125079,8005056
fuzzydedup,4,0,enron_full_349483,no_exact_ref,3701.800,0,5,87103,5574592
fuzzydedup,5,0,enron_full_349483,no_exact_ref,4010.299,0,6,106088,6789632
fuzzydedup,4,0,enron_full_352068,no_exact_ref,6299.740,0,5,133491,8543424
fuzzydedup,5,0,enron_full_352068,no_exact_ref,7072.654,0,6,160514,10272896
fuzzydedup,6,0,enron_full_352068,no_exact_ref,8086.682,0,7,186103,11910592
fuzzydedup,5,0,enron_full_352183,exact_ref,105.328,1,0,878,56384
fuzzydedup,6,0,enron_full_352183,exact_ref,42.729,1,0,1034,66368
fuzzydedup,4,0,enron_full_352183,exact_ref,33.710,1,0,725,46592
fuzzydedup,6,0,enron_full_352410,exact_ref,2486.880,1,0,41078,2629184
fuzzydedup,4,0,enron_full_352410,exact_ref,1354.775,1,0,25380,1624512
fuzzydedup,5,0,enron_full_352410,exact_ref,2162.400,1,0,32832,2101440
fuzzydedup,4,0,enron_full_352552,no_exact_ref,6484.347,0,5,139973,8958272
fuzzydedup,5,0,enron_full_352552,no_exact_ref,7023.424,0,6,168810,10803840
fuzzydedup,6,0,enron_full_352552,no_exact_ref,7721.215,0,7,194887,12472768
fuzzydedup,5,0,enron_full_353158,exact_ref,4236.279,1,0,89470,5726272
fuzzydedup,6,0,enron_full_353158,exact_ref,4627.476,1,0,105442,6748480
fuzzydedup,4,0,enron_full_353158,exact_ref,3281.477,1,0,73063,4676224
fuzzydedup,6,0,enron_full_353883,no_exact_ref,6634.923,0,7,190614,12199296
fuzzydedup,4,0,enron_full_353883,no_exact_ref,5275.901,0,5,137103,8774592
fuzzydedup,5,0,enron_full_353883,no_exact_ref,8244.156,0,6,164671,10538944
fuzzydedup,4,0,enron_full_354290,no_exact_ref,3522.464,0,5,68018,4353408
fuzzydedup,5,0,enron_full_354290,no_exact_ref,3107.948,0,6,84314,5396352
fuzzydedup,6,0,enron_full_354290,no_exact_ref,3544.573,0,7,100525,6433920
fuzzydedup,5,0,enron_full_355229,no_exact_ref,2137.942,0,6,63363,4055232
fuzzydedup,6,0,enron_full_355229,no_exact_ref,2626.054,0,7,76712,4909568
fuzzydedup,4,0,enron_full_355229,no_exact_ref,1873.968,0,5,50866,3255424
fuzzydedup,6,0,enron_full_355694,exact_ref,4577.643,1,0,106312,6804160
fuzzydedup,4,0,enron_full_355694,exact_ref,3494.815,1,0,75271,4817536
fuzzydedup,5,0,enron_full_355694,exact_ref,4091.082,1,0,90804,5811648
fuzzydedup,4,0,enron_full_355895,no_exact_ref,5339.147,0,5,128135,8200640
fuzzydedup,5,0,enron_full_355895,no_exact_ref,6225.767,0,6,154598,9894272
fuzzydedup,6,0,enron_full_355895,no_exact_ref,7158.114,0,7,180015,11520960
fuzzydedup,5,0,enron_full_356569,no_exact_ref,2923.234,0,6,69703,4460992
fuzzydedup,6,0,enron_full_356569,no_exact_ref,3542.471,0,7,83781,5361984
fuzzydedup,4,0,enron_full_356569,no_exact_ref,2528.303,0,5,56325,3604800
fuzzydedup,6,0,enron_full_356908,exact_ref,4427.288,1,0,101171,6475136
fuzzydedup,4,0,enron_full_356908,exact_ref,3302.679,1,0,69041,4418816
fuzzydedup,5,0,enron_full_356908,exact_ref,3764.890,1,0,84952,5437120
fuzzydedup,4,0,enron_full_356976,no_exact_ref,3601.534,0,5,92244,5903680
fuzzydedup,5,0,enron_full_356976,no_exact_ref,5090.543,0,6,113036,7234368
fuzzydedup,6,0,enron_full_356976,no_exact_ref,5400.810,0,7,133357,8535232
fuzzydedup,5,0,enron_full_358597,no_exact_ref,3926.482,0,6,103384,6616576
fuzzydedup,6,0,enron_full_358597,no_exact_ref,5118.068,0,7,123332,7893248
fuzzydedup,4,0,enron_full_358597,no_exact_ref,3683.859,0,5,84127,5384128
fuzzydedup,6,0,enron_full_358915,no_exact_ref,4679.832,0,7,125079,8005056
fuzzydedup,4,0,enron_full_358915,no_exact_ref,3379.905,0,5,87103,5574592
fuzzydedup,5,0,enron_full_358915,no_exact_ref,3616.835,0,6,106088,6789632
fuzzydedup,4,0,enron_full_360085,exact_ref,2400.394,1,0,55184,3531968
fuzzydedup,5,0,enron_full_360085,exact_ref,2786.694,1,0,63742,4079680
fuzzydedup,6,0,enron_full_360085,exact_ref,2997.594,1,0,71172,4555200
fuzzydedup,5,0,enron_full_360983,exact_ref,4558.844,1,0,85025,5441792
fuzzydedup,6,0,enron_full_360983,exact_ref,5196.849,1,0,101244,6479808
fuzzydedup,4,0,enron_full_360983,exact_ref,3748.228,1,0,69114,4423488
fuzzydedup,6,0,enron_full_362389,exact_ref,4842.908,1,0,101289,6482688
fuzzydedup,4,0,enron_full_362389,exact_ref,3635.096,1,0,69159,4426368
fuzzydedup,5,0,enron_full_362389,exact_ref,4358.366,1,0,85070,5444672
fuzzydedup,4,0,enron_full_363120,exact_ref,2041.340,1,0,34401,2201856
fuzzydedup,5,0,enron_full_363120,exact_ref,2046.077,1,0,40049,2563328
fuzzydedup,6,0,enron_full_363120,exact_ref,2038.815,1,0,44651,2857856
fuzzydedup,5,0,enron_full_363607,no_exact_ref,5734.260,0,6,131204,8397056
fuzzydedup,6,0,enron_full_363607,no_exact_ref,6741.752,0,7,153889,9848896
fuzzydedup,4,0,enron_full_363607,no_exact_ref,5135.912,0,5,107991,6911424
fuzzydedup,6,0,enron_full_363846,no_exact_ref,8388.160,0,7,197015,12608960
fuzzydedup,4,0,enron_full_363846,no_exact_ref,6456.207,0,5,141284,9042176
fuzzydedup,5,0,enron_full_363846,no_exact_ref,7737.857,0,6,169864,10871296
fuzzydedup,4,0,enron_full_363876,exact_ref,2947.853,1,0,40034,2562368
fuzzydedup,5,0,enron_full_363876,exact_ref,2871.231,1,0,51728,3310784
fuzzydedup,6,0,enron_full_363876,exact_ref,4475.046,1,0,65057,4163840
fuzzydedup,5,0,enron_full_364025,no_exact_ref,5622.732,0,6,131204,8397056
fuzzydedup,6,0,enron_full_364025,no_exact_ref,6535.788,0,7,153889,9848896
fuzzydedup,4,0,enron_full_364025,no_exact_ref,4977.260,0,5,107991,6911424
fuzzydedup,6,0,enron_full_364586,exact_ref,2155.314,1,0,42236,2703296
fuzzydedup,4,0,enron_full_364586,exact_ref,1709.976,1,0,31986,2047296
fuzzydedup,5,0,enron_full_364586,exact_ref,1929.835,1,0,37634,2408768
fuzzydedup,4,0,enron_full_365105,no_exact_ref,2409.310,0,5,59159,3786176
fuzzydedup,5,0,enron_full_365105,no_exact_ref,2710.031,0,6,73355,4694720
fuzzydedup,6,0,enron_full_365105,no_exact_ref,3080.738,0,7,88518,5665152
fuzzydedup,5,0,enron_full_365478,no_exact_ref,6950.373,0,6,154598,9894272
fuzzydedup,6,0,enron_full_365478,no_exact_ref,7289.362,0,7,180015,11520960
fuzzydedup,4,0,enron_full_365478,no_exact_ref,5309.649,0,5,128135,8200640
fuzzydedup,6,0,enron_full_365497,exact_ref,3724.924,1,0,90511,5792896
fuzzydedup,4,0,enron_full_365497,exact_ref,3342.985,1,0,68022,4353600
fuzzydedup,5,0,enron_full_365497,exact_ref,3523.210,1,0,79829,5109248
fuzzydedup,4,0,enron_full_365509,no_exact_ref,2230.872,1,0,44595,2854272
fuzzydedup,5,0,enron_full_365509,no_exact_ref,2214.439,1,0,50817,3252480
fuzzydedup,6,0,enron_full_365509,no_exact_ref,2225.027,1,0,56465,3613952
fuzzydedup,5,0,enron_full_365947,no_exact_ref,6581.549,0,6,159592,10213888
fuzzydedup,6,0,enron_full_365947,no_exact_ref,7583.119,0,7,184939,11836096
fuzzydedup,4,0,enron_full_365947,no_exact_ref,5764.245,0,5,132999,8511936
fuzzydedup,6,0,enron_full_366510,exact_ref,1225.602,1,0,20786,1330496
fuzzydedup,4,0,enron_full_366510,exact_ref,975.831,1,0,17429,1115648
fuzzydedup,5,0,enron_full_366510,exact_ref,927.358,1,0,19244,1231808
fuzzydedup,4,0,enron_full_366895,exact_ref,4177.312,1,0,61851,3958656
fuzzydedup,5,0,enron_full_366895,exact_ref,4219.714,1,0,77112,4935360
fuzzydedup,6,0,enron_full_366895,exact_ref,4605.612,1,0,92873,5944064
fuzzydedup,5,0,enron_full_367052,no_exact_ref,6157.337,0,6,145606,9318784
fuzzydedup,6,0,enron_full_367052,no_exact_ref,7101.622,0,7,169255,10832320
fuzzydedup,4,0,enron_full_367052,no_exact_ref,5208.787,0,5,120641,7721024
fuzzydedup,6,0,enron_full_367129,no_exact_ref,5348.450,0,7,137129,8776256
fuzzydedup,4,0,enron_full_367129,no_exact_ref,3896.572,0,5,95838,6133632
fuzzydedup,5,0,enron_full_367129,no_exact_ref,4189.678,0,6,116994,7487616
fuzzydedup,4,0,enron_full_367319,no_exact_ref,6042.242,0,5,140955,9021120
fuzzydedup,5,0,enron_full_367319,no_exact_ref,6289.970,0,6,169489,10847296
fuzzydedup,6,0,enron_full_367319,no_exact_ref,7272.992,0,7,197034,12610176
fuzzydedup,5,0,enron_full_367765,exact_ref,2400.440,1,0,41487,2655360
fuzzydedup,6,0,enron_full_367765,exact_ref,2257.215,1,0,51543,3298944
fuzzydedup,4,0,enron_full_367765,exact_ref,1801.416,1,0,32042,2050880
fuzzydedup,6,0,enron_full_367912,no_exact_ref,4337.152,0,7,102455,6557120
fuzzydedup,4,0,enron_full_367912,no_exact_ref,3137.226,0,5,69400,4441600
fuzzydedup,5,0,enron_full_367912,no_exact_ref,3613.566,0,6,85290,5458560
fuzzydedup,4,0,enron_full_368156,no_exact_ref,1665.682,0,5,40217,2573888
fuzzydedup,5,0,enron_full_368156,no_exact_ref,2459.108,0,6,50020,3201280
fuzzydedup,6,0,enron_full_368156,no_exact_ref,2519.201,0,7,60498,3871872
fuzzydedup,5,0,enron_full_368318,no_exact_ref,5669.879,0,6,145606,9318784
fuzzydedup,6,0,enron_full_368318,no_exact_ref,6522.250,0,7,169255,10832320
fuzzydedup,4,0,enron_full_368318,no_exact_ref,4580.064,0,5,120641,7721024
fuzzydedup,6,0,enron_full_369168,exact_ref,4473.154,1,0,100629,6440448
fuzzydedup,4,0,enron_full_369168,exact_ref,3708.115,1,0,68957,4413440
fuzzydedup,5,0,enron_full_369168,exact_ref,3861.446,1,0,84718,5422144
fuzzydedup,4,0,enron_full_369419,exact_ref,3322.122,1,0,65588,4197824
fuzzydedup,5,0,enron_full_369419,exact_ref,3627.341,1,0,81807,5235840
fuzzydedup,6,0,enron_full_369419,exact_ref,4334.516,1,0,98214,6285888
fuzzydedup,5,0,enron_full_370439,exact_ref,3494.857,1,0,69137,4424960
fuzzydedup,6,0,enron_full_370439,exact_ref,3430.464,1,0,79819,5108608
fuzzydedup,4,0,enron_full_370439,exact_ref,2621.615,1,0,57330,3669312
fuzzydedup,6,0,enron_full_371121,no_exact_ref,2969.788,0,7,60498,3871872
fuzzydedup,4,0,enron_full_371121,no_exact_ref,1684.585,0,5,40217,2573888
fuzzydedup,5,0,enron_full_371121,no_exact_ref,2573.659,0,6,50020,3201280
fuzzydedup,4,0,enron_full_373728,exact_ref,3616.433,1,0,69523,4449664
fuzzydedup,5,0,enron_full_373728,exact_ref,4126.978,1,0,85434,5467968
fuzzydedup,6,0,enron_full_373728,exact_ref,4257.489,1,0,101653,6505984
fuzzydedup,5,0,enron_full_373978,exact_ref,3806.542,1,0,88100,5638592
fuzzydedup,6,0,enron_full_373978,exact_ref,4800.444,1,0,104507,6688640
fuzzydedup,4,0,enron_full_373978,exact_ref,3510.595,1,0,71881,4600576
fuzzydedup,6,0,enron_full_374719,exact_ref,2816.072,1,0,64143,4105344
fuzzydedup,4,0,enron_full_374719,exact_ref,2198.469,1,0,50491,3231616
fuzzydedup,5,0,enron_full_374719,exact_ref,2453.239,1,0,57921,3707136
fuzzydedup,4,0,enron_full_374736,exact_ref,2674.722,1,0,64570,4132672
fuzzydedup,5,0,enron_full_374736,exact_ref,2867.293,1,0,75252,4816320
fuzzydedup,6,0,enron_full_374736,exact_ref,2944.358,1,0,84838,5429824
fuzzydedup,5,0,enron_full_375606,exact_ref,2540.613,1,0,62079,3973248
fuzzydedup,6,0,enron_full_375606,exact_ref,2514.018,1,0,70637,4520960
fuzzydedup,4,0,enron_full_375606,exact_ref,2207.333,1,0,52493,3359744
fuzzydedup,6,0,enron_full_376013,exact_ref,161.699,1,0,2759,176768
fuzzydedup,4,0,enron_full_376013,exact_ref,45.262,1,0,1778,113984
fuzzydedup,5,0,enron_full_376013,exact_ref,49.432,1,0,2282,146240
fuzzydedup,4,0,enron_full_376710,exact_ref,3352.418,1,0,69573,4452864
fuzzydedup,5,0,enron_full_376710,exact_ref,4325.229,1,0,85484,5471168
fuzzydedup,6,0,enron_full_376710,exact_ref,4749.499,1,0,101703,6509184
fuzzydedup,5,0,enron_full_377221,exact_ref,4046.787,1,0,87259,5584768
fuzzydedup,6,0,enron_full_377221,exact_ref,4042.554,1,0,100607,6439040
fuzzydedup,4,0,enron_full_377221,exact_ref,3692.292,1,0,73437,4700160
fuzzydedup,6,0,enron_full_377377,exact_ref,1549.291,1,0,33601,2150656
fuzzydedup,4,0,enron_full_377377,exact_ref,1129.597,1,0,20747,1328000
fuzzydedup,5,0,enron_full_377377,exact_ref,1191.111,1,0,26827,1717120
fuzzydedup,4,0,enron_full_378712,exact_ref,4056.355,1,0,75452,4829120
fuzzydedup,5,0,enron_full_378712,exact_ref,4071.923,1,0,91424,5851328
fuzzydedup,6,0,enron_full_378712,exact_ref,4795.433,1,0,106957,6845440
fuzzydedup,5,0,enron_full_378826,exact_ref,2565.323,1,0,57788,3698624
fuzzydedup,6,0,enron_full_378826,exact_ref,2661.259,1,0,64010,4096832
fuzzydedup,4,0,enron_full_378826,exact_ref,2144.776,1,0,50358,3223104
fuzzydedup,6,0,enron_full_379382,exact_ref,4734.940,1,0,101705,6509312
fuzzydedup,4,0,enron_full_379382,exact_ref,3660.939,1,0,70664,4522688
fuzzydedup,5,0,enron_full_379382,exact_ref,4105.858,1,0,86197,5516800
fuzzydedup,4,0,enron_full_379515,exact_ref,2639.190,1,0,60018,3841344
fuzzydedup,5,0,enron_full_379515,exact_ref,2826.798,1,0,69604,4454848
fuzzydedup,6,0,enron_full_379515,exact_ref,2667.702,1,0,78162,5002560
fuzzydedup,5,0,enron_full_380183,exact_ref,4062.383,1,0,65464,4189888
fuzzydedup,6,0,enron_full_380183,exact_ref,4075.085,1,0,80725,5166592
fuzzydedup,4,0,enron_full_380183,exact_ref,2390.251,1,0,50752,3248320
fuzzydedup,6,0,enron_full_380419,exact_ref,3975.924,1,0,90835,5813632
fuzzydedup,4,0,enron_full_380419,exact_ref,3280.807,1,0,68346,4374336
fuzzydedup,5,0,enron_full_380419,exact_ref,3602.051,1,0,80153,5129984
fuzzydedup,4,0,enron_full_380667,exact_ref,2493.335,1,0,50330,3221312
fuzzydedup,5,0,enron_full_380667,exact_ref,2891.228,1,0,57760,3696832
fuzzydedup,6,0,enron_full_380667,exact_ref,2750.420,1,0,63982,4095040
fuzzydedup,5,0,enron_full_381275,exact_ref,4503.354,1,0,65388,4185024
fuzzydedup,6,0,enron_full_381275,exact_ref,4813.061,1,0,80649,5161728
fuzzydedup,4,0,enron_full_381275,exact_ref,2939.959,1,0,50676,3243456
fuzzydedup,6,0,enron_full_381430,exact_ref,709.431,1,0,10256,656576
fuzzydedup,4,0,enron_full_381430,exact_ref,270.811,1,0,8991,575616
fuzzydedup,5,0,enron_full_381430,exact_ref,262.053,1,0,9697,620800
fuzzydedup,4,0,enron_full_381540,exact_ref,4179.402,1,0,75559,4835968
fuzzydedup,5,0,enron_full_381540,exact_ref,4492.400,1,0,91067,5828480
fuzzydedup,6,0,enron_full_381540,exact_ref,5366.729,1,0,105450,6748992
fuzzydedup,5,0,enron_full_381912,exact_ref,903.231,1,0,10709,685568
fuzzydedup,6,0,enron_full_381912,exact_ref,1178.693,1,0,13395,857472
fuzzydedup,4,0,enron_full_381912,exact_ref,762.199,1,0,8358,535104
fuzzydedup,6,0,enron_full_382401,no_exact_ref,8007.101,0,7,172289,11026496
fuzzydedup,4,0,enron_full_382401,no_exact_ref,6358.837,0,5,121972,7806208
fuzzydedup,5,0,enron_full_382401,no_exact_ref,6459.439,0,6,147636,9448704
fuzzydedup,4,0,enron_full_382476,exact_ref,3035.842,1,0,60048,3843264
fuzzydedup,5,0,enron_full_382476,exact_ref,3172.011,1,0,69634,4456768
fuzzydedup,6,0,enron_full_382476,exact_ref,3146.555,1,0,78192,5004480
fuzzydedup,5,0,enron_full_382877,exact_ref,4734.444,1,0,83725,5358592
fuzzydedup,6,0,enron_full_382877,exact_ref,5043.003,1,0,99233,6351104
fuzzydedup,4,0,enron_full_382877,exact_ref,3950.855,1,0,68192,4364480
fuzzydedup,6,0,enron_full_384162,no_exact_ref,7085.616,0,7,169255,10832320
fuzzydedup,4,0,enron_full_384162,no_exact_ref,5472.041,0,5,120641,7721024
fuzzydedup,5,0,enron_full_384162,no_exact_ref,5914.669,0,6,145606,9318784
fuzzydedup,4,0,enron_full_384461,exact_ref,1515.724,1,0,23458,1501504
fuzzydedup,5,0,enron_full_384461,exact_ref,1542.090,1,0,30232,1935040
fuzzydedup,6,0,enron_full_384461,exact_ref,2677.990,1,0,37684,2411968
fuzzydedup,5,0,enron_full_384653,exact_ref,3040.455,1,0,51353,3286784
fuzzydedup,6,0,enron_full_384653,exact_ref,2952.559,1,0,63047,4035200
fuzzydedup,4,0,enron_full_384653,exact_ref,2033.130,1,0,40302,2579520
fuzzydedup,6,0,enron_full_384988,exact_ref,2853.141,1,0,64301,4115456
fuzzydedup,4,0,enron_full_384988,exact_ref,2227.849,1,0,50649,3241728
fuzzydedup,5,0,enron_full_384988,exact_ref,2380.523,1,0,58079,3717248
fuzzydedup,4,0,enron_full_385098,exact_ref,662.216,1,0,9033,578304
fuzzydedup,5,0,enron_full_385098,exact_ref,282.400,1,0,9739,623488
fuzzydedup,6,0,enron_full_385098,exact_ref,250.492,1,0,10298,659264
fuzzydedup,5,0,enron_full_385839,exact_ref,2896.615,1,0,51328,3285184
fuzzydedup,6,0,enron_full_385839,exact_ref,3019.409,1,0,63022,4033600
fuzzydedup,4,0,enron_full_385839,exact_ref,1941.274,1,0,40277,2577920
fuzzydedup,6,0,enron_full_386188,no_exact_ref,3877.827,0,7,83781,5361984
fuzzydedup,4,0,enron_full_386188,no_exact_ref,3068.985,0,5,56325,3604800
fuzzydedup,5,0,enron_full_386188,no_exact_ref,3799.456,0,6,69703,4460992
fuzzydedup,4,0,enron_full_386616,no_exact_ref,5136.977,0,5,113227,7246528
fuzzydedup,5,0,enron_full_386616,no_exact_ref,6022.547,0,6,136629,8744320
fuzzydedup,6,0,enron_full_386616,no_exact_ref,6276.216,0,7,159258,10192576
fuzzydedup,5,0,enron_full_386731,no_exact_ref,6445.501,0,6,139663,8938432
fuzzydedup,6,0,enron_full_386731,no_exact_ref,6578.164,0,7,163334,10453376
fuzzydedup,4,0,enron_full_386731,no_exact_ref,4934.025,0,5,115506,7392384
fuzzydedup,6,0,enron_full_387578,exact_ref,5429.225,1,0,106426,6811456
fuzzydedup,4,0,enron_full_387578,exact_ref,3857.447,1,0,74047,4739200
fuzzydedup,5,0,enron_full_387578,exact_ref,4557.960,1,0,90454,5789248
fuzzydedup,4,0,enron_full_387701,no_exact_ref,5804.626,0,5,132999,8511936
fuzzydedup,5,0,enron_full_387701,no_exact_ref,6665.046,0,6,159592,10213888
fuzzydedup,6,0,enron_full_387701,no_exact_ref,7555.494,0,7,184939,11836096
fuzzydedup,5,0,enron_full_387952,no_exact_ref,5868.578,0,6,136629,8744256
fuzzydedup,6,0,enron_full_387952,no_exact_ref,5984.646,0,7,159258,10192512
fuzzydedup,4,0,enron_full_387952,no_exact_ref,5808.752,0,5,113227,7246528
fuzzydedup,6,0,enron_full_388565,exact_ref,4806.020,1,0,82006,5248576
fuzzydedup,4,0,enron_full_388565,exact_ref,2815.389,1,0,53097,3398400
fuzzydedup,5,0,enron_full_388565,exact_ref,2824.984,1,0,67294,4307008
fuzzydedup,4,0,enron_full_388921,exact_ref,2222.209,1,0,45007,2880640
fuzzydedup,5,0,enron_full_388921,exact_ref,2113.965,1,0,51229,3278848
fuzzydedup,6,0,enron_full_388921,exact_ref,2373.455,1,0,56877,3640320
fuzzydedup,5,0,enron_full_390158,exact_ref,4475.960,1,0,93158,5964096
fuzzydedup,6,0,enron_full_390158,exact_ref,4242.807,1,6,103917,6653184
fuzzydedup,4,0,enron_full_390158,exact_ref,11845.468,1,0,78775,5043072
fuzzydedup,6,0,enron_full_391047,exact_ref,10871.968,1,0,97952,6269120
fuzzydedup,4,0,enron_full_391047,exact_ref,5288.245,1,0,65573,4196864
fuzzydedup,5,0,enron_full_391047,exact_ref,5399.101,1,0,81980,5246912
fuzzydedup,4,0,enron_full_391217,no_exact_ref,8239.306,0,5,133491,8543424
fuzzydedup,5,0,enron_full_391217,no_exact_ref,8138.253,0,6,160514,10272896
fuzzydedup,6,0,enron_full_391217,no_exact_ref,9452.350,0,7,186103,11910592
fuzzydedup,5,0,enron_full_391486,no_exact_ref,1457.195,0,6,25187,1611968
fuzzydedup,6,0,enron_full_391486,no_exact_ref,1536.247,0,7,31685,2027840
fuzzydedup,4,0,enron_full_391486,no_exact_ref,1124.216,0,5,19159,1226176
fuzzydedup,6,0,enron_full_391746,no_exact_ref,1605.745,0,7,31685,2027840
fuzzydedup,4,0,enron_full_391746,no_exact_ref,1095.838,0,5,19159,1226176
fuzzydedup,5,0,enron_full_391746,no_exact_ref,1341.726,0,6,25187,1611968
fuzzydedup,4,0,enron_full_392955,exact_ref,993.284,1,0,14188,908224
fuzzydedup,5,0,enron_full_392955,exact_ref,1022.123,1,0,15730,1006912
fuzzydedup,6,0,enron_full_392955,exact_ref,983.341,1,0,16845,1078272
fuzzydedup,5,0,enron_full_393136,no_exact_ref,4583.739,0,6,77432,4955648
fuzzydedup,6,0,enron_full_393136,no_exact_ref,4819.040,0,7,92448,5916672
fuzzydedup,4,0,enron_full_393136,no_exact_ref,3601.585,0,5,62545,4002880
fuzzydedup,6,0,enron_full_393487,exact_ref,6715.184,1,0,106811,6836096
fuzzydedup,4,0,enron_full_393487,exact_ref,4293.495,1,0,74432,4763840
fuzzydedup,5,0,enron_full_393487,exact_ref,5106.987,1,0,90839,5813888
fuzzydedup,4,0,enron_full_394271,exact_ref,4336.412,1,0,71556,4579776
fuzzydedup,5,0,enron_full_394271,exact_ref,4384.292,1,0,84904,5434048
fuzzydedup,6,0,enron_full_394271,exact_ref,4683.805,1,0,96711,6189696
fuzzydedup,5,0,enron_full_394331,exact_ref,3052.458,1,0,51517,3297280
fuzzydedup,6,0,enron_full_394331,exact_ref,3010.590,1,0,57165,3658752
fuzzydedup,4,0,enron_full_394331,exact_ref,2486.022,1,0,45295,2899072
fuzzydedup,6,0,enron_full_394348,exact_ref,5581.837,1,0,98169,6283008
fuzzydedup,4,0,enron_full_394348,exact_ref,4150.898,1,0,66497,4256000
fuzzydedup,5,0,enron_full_394348,exact_ref,5466.724,1,0,82258,5264704
fuzzydedup,4,0,enron_full_394407,no_exact_ref,7295.160,0,5,140955,9021120
fuzzydedup,5,0,enron_full_394407,no_exact_ref,9636.532,0,6,169489,10847296
fuzzydedup,6,0,enron_full_394407,no_exact_ref,8906.569,0,7,197034,12610176
fuzzydedup,5,0,enron_full_395301,exact_ref,4878.389,1,0,72699,4652928
fuzzydedup,6,0,enron_full_395301,exact_ref,5054.810,1,0,87960,5629632
fuzzydedup,4,0,enron_full_395301,exact_ref,3364.313,1,0,57987,3711360
fuzzydedup,6,0,enron_full_395725,no_exact_ref,5431.706,0,7,112519,7201216
fuzzydedup,4,0,enron_full_395725,no_exact_ref,4225.686,0,5,77883,4984512
fuzzydedup,5,0,enron_full_395725,no_exact_ref,4632.662,0,6,95188,6092032
fuzzydedup,4,0,enron_full_396292,exact_ref,3793.100,1,0,71471,4574592
fuzzydedup,5,0,enron_full_396292,exact_ref,4583.796,1,0,84819,5428864
fuzzydedup,6,0,enron_full_396292,exact_ref,4466.258,1,0,96626,6184512
fuzzydedup,5,0,enron_full_396812,exact_ref,1579.872,1,0,29871,1911936
fuzzydedup,6,0,enron_full_396812,exact_ref,1698.065,1,0,32260,2064832
fuzzydedup,4,0,enron_full_396812,exact_ref,1508.757,1,0,26923,1723264
fuzzydedup,6,0,enron_full_397391,exact_ref,1427.791,1,0,21139,1353088
fuzzydedup,4,0,enron_full_397391,exact_ref,1086.682,1,0,13107,839040
fuzzydedup,5,0,enron_full_397391,exact_ref,1237.384,1,0,16943,1084544
fuzzydedup,4,0,enron_full_397879,exact_ref,4222.657,1,0,53256,3408576
fuzzydedup,5,0,enron_full_397879,exact_ref,3679.180,1,0,67453,4317184
fuzzydedup,6,0,enron_full_397879,exact_ref,5314.307,1,0,82165,5258752
fuzzydedup,5,0,enron_full_398718,exact_ref,3511.985,1,0,67481,4318976
fuzzydedup,6,0,enron_full_398718,exact_ref,5031.299,1,0,82193,5260544
fuzzydedup,4,0,enron_full_398718,exact_ref,2841.152,1,0,53284,3410368
fuzzydedup,6,0,enron_full_399591,no_exact_ref,9044.386,0,7,194887,12472832
fuzzydedup,4,0,enron_full_399591,no_exact_ref,7490.658,0,5,139973,8958272
fuzzydedup,5,0,enron_full_399591,no_exact_ref,7466.560,0,6,168810,10803904
fuzzydedup,4,0,enron_full_399779,no_exact_ref,7052.945,0,5,141284,9042176
fuzzydedup,5,0,enron_full_399779,no_exact_ref,8268.835,0,6,169864,10871296
fuzzydedup,6,0,enron_full_399779,no_exact_ref,9270.643,0,7,197015,12608960
fuzzydedup,5,0,enron_full_399917,no_exact_ref,8034.561,0,6,169864,10871296
fuzzydedup,6,0,enron_full_399917,no_exact_ref,8103.367,0,7,197015,12608960
fuzzydedup,4,0,enron_full_399917,no_exact_ref,6715.101,0,5,141284,9042176
fuzzydedup,6,0,enron_full_400523,exact_ref,4872.054,1,0,89587,5733760
fuzzydedup,4,0,enron_full_400523,exact_ref,4237.427,1,0,62417,3994880
fuzzydedup,5,0,enron_full_400523,exact_ref,4454.944,1,0,76239,4879488
fuzzydedup,4,0,enron_full_401763,no_exact_ref,6793.395,0,5,139516,8929024
fuzzydedup,5,0,enron_full_401763,no_exact_ref,6834.183,0,6,168125,10760000
fuzzydedup,6,0,enron_full_401763,no_exact_ref,8002.011,0,7,194644,12457216
fuzzydedup,5,0,enron_full_401798,no_exact_ref,8011.902,0,6,160514,10272896
fuzzydedup,6,0,enron_full_401798,no_exact_ref,9079.612,0,7,186103,11910592
fuzzydedup,4,0,enron_full_401798,no_exact_ref,6391.002,0,5,133491,8543424
fuzzydedup,6,0,enron_full_402233,exact_ref,2263.696,1,0,59386,3800896
fuzzydedup,4,0,enron_full_402233,exact_ref,2409.076,1,0,47516,3041216
fuzzydedup,5,0,enron_full_402233,exact_ref,2973.548,1,0,53738,3439424
fuzzydedup,4,0,enron_full_402310,exact_ref,3668.826,1,0,71697,4588800
fuzzydedup,5,0,enron_full_402310,exact_ref,4296.285,1,0,85045,5443072
fuzzydedup,6,0,enron_full_402310,exact_ref,4121.804,1,0,96852,6198720
fuzzydedup,5,0,enron_full_403001,exact_ref,5899.530,1,0,92265,5905152
fuzzydedup,6,0,enron_full_403001,exact_ref,5548.567,1,0,107773,6897664
fuzzydedup,4,0,enron_full_403001,exact_ref,4155.403,1,0,76732,4911040
fuzzydedup,6,0,enron_full_403036,exact_ref,5719.323,1,0,107191,6860416
fuzzydedup,4,0,enron_full_403036,exact_ref,4343.458,1,0,74812,4788160
fuzzydedup,5,0,enron_full_403036,exact_ref,4924.087,1,0,91219,5838208
fuzzydedup,4,0,enron_full_403180,exact_ref,4046.867,1,0,71896,4601536
fuzzydedup,5,0,enron_full_403180,exact_ref,4697.468,1,0,85244,5455808
fuzzydedup,6,0,enron_full_403180,exact_ref,4609.718,1,0,97051,6211456
fuzzydedup,5,0,enron_full_404066,exact_ref,225.791,1,0,2821,180736
fuzzydedup,6,0,enron_full_404066,exact_ref,98.703,1,0,3457,221440
fuzzydedup,4,0,enron_full_404066,exact_ref,68.741,1,0,2222,142400
fuzzydedup,6,0,enron_full_405218,exact_ref,1707.772,1,0,31152,1993920
fuzzydedup,4,0,enron_full_405218,exact_ref,1464.293,1,0,25815,1652352
fuzzydedup,5,0,enron_full_405218,exact_ref,1484.282,1,0,28763,1841024
fuzzydedup,4,0,enron_full_405288,exact_ref,5292.110,1,0,74158,4746304
fuzzydedup,5,0,enron_full_405288,exact_ref,5660.292,1,0,87980,5630912
fuzzydedup,6,0,enron_full_405288,exact_ref,4560.035,1,0,101328,6485184
fuzzydedup,5,0,enron_full_405421,exact_ref,2924.280,1,0,64823,4148864
fuzzydedup,6,0,enron_full_405421,exact_ref,3679.024,1,0,72253,4624384
fuzzydedup,4,0,enron_full_405421,exact_ref,2648.229,1,0,56265,3601152
fuzzydedup,6,0,enron_full_406531,exact_ref,5223.311,1,0,98289,6290688
fuzzydedup,4,0,enron_full_406531,exact_ref,4465.155,1,0,66617,4263680
fuzzydedup,5,0,enron_full_406531,exact_ref,4802.919,1,0,82378,5272384
fuzzydedup,4,0,enron_full_407210,exact_ref,1326.347,1,0,21528,1377984
fuzzydedup,5,0,enron_full_407210,exact_ref,1290.994,1,0,23917,1530880
fuzzydedup,6,0,enron_full_407210,exact_ref,1278.010,1,0,25732,1647040
fuzzydedup,5,0,enron_full_407416,exact_ref,4060.757,1,0,80943,5180544
fuzzydedup,6,0,enron_full_407416,exact_ref,3982.882,1,0,91625,5864192
fuzzydedup,4,0,enron_full_407416,exact_ref,4272.763,1,0,69136,4424896
fuzzydedup,6,0,enron_full_407459,exact_ref,585.615,1,0,4992,319680
fuzzydedup,4,0,enron_full_407459,exact_ref,186.922,1,0,4336,277696
fuzzydedup,5,0,enron_full_407459,exact_ref,179.907,1,0,4716,302016
fuzzydedup,4,0,enron_full_407590,exact_ref,109.182,1,0,1526,97856
fuzzydedup,5,0,enron_full_407590,exact_ref,102.120,1,0,1610,103232
fuzzydedup,6,0,enron_full_407590,exact_ref,112.504,1,0,1699,108928
fuzzydedup,5,0,enron_full_407747,exact_ref,4761.608,1,0,92244,5903808
fuzzydedup,6,0,enron_full_407747,exact_ref,5471.334,1,0,107752,6896320
fuzzydedup,4,0,enron_full_407747,exact_ref,4447.108,1,0,76711,4909696
fuzzydedup,6,0,enron_full_408988,exact_ref,5337.647,1,0,95942,6140480
fuzzydedup,4,0,enron_full_408988,exact_ref,4106.567,1,0,64901,4153856
fuzzydedup,5,0,enron_full_408988,exact_ref,5885.479,1,0,80434,5147968
fuzzydedup,4,0,enron_full_409260,exact_ref,1556.304,1,0,20943,1340544
fuzzydedup,5,0,enron_full_409260,exact_ref,1688.020,1,0,27023,1729664
fuzzydedup,6,0,enron_full_409260,exact_ref,1645.004,1,0,33797,2163200
fuzzydedup,5,0,enron_full_409276,exact_ref,4562.708,1,0,87986,5631296
fuzzydedup,6,0,enron_full_409276,exact_ref,5292.663,1,0,101334,6485568
fuzzydedup,4,0,enron_full_409276,exact_ref,4297.072,1,0,74164,4746688
fuzzydedup,6,0,enron_full_409720,exact_ref,3679.262,1,0,79004,5056448
fuzzydedup,4,0,enron_full_409720,exact_ref,2825.273,1,0,60860,3895232
fuzzydedup,5,0,enron_full_409720,exact_ref,3544.663,1,0,70446,4508736
fuzzydedup,4,0,enron_full_409761,exact_ref,3802.151,1,0,71807,4595840
fuzzydedup,5,0,enron_full_409761,exact_ref,4178.493,1,0,85155,5450112
fuzzydedup,6,0,enron_full_409761,exact_ref,4496.171,1,0,96962,6205760
fuzzydedup,5,0,enron_full_410980,no_exact_ref,6662.069,0,6,103384,6616576
fuzzydedup,6,0,enron_full_410980,no_exact_ref,7345.872,0,7,123332,7893248
fuzzydedup,4,0,enron_full_410980,no_exact_ref,4808.292,0,5,84127,5384128
fuzzydedup,6,0,enron_full_411073,no_exact_ref,7038.553,0,7,148499,9503936
fuzzydedup,4,0,enron_full_411073,no_exact_ref,4816.110,0,5,105124,6727936
fuzzydedup,5,0,enron_full_411073,no_exact_ref,6248.630,0,6,126879,8120256
fuzzydedup,4,0,enron_full_411853,exact_ref,3887.663,1,0,49138,3145024
fuzzydedup,5,0,enron_full_411853,exact_ref,5367.366,1,0,62467,3998208
fuzzydedup,6,0,enron_full_411853,exact_ref,5866.802,1,0,76664,4906816
fuzzydedup,5,0,enron_full_412435,exact_ref,6683.142,1,0,73301,4691456
fuzzydedup,6,0,enron_full_412435,exact_ref,6742.492,1,0,88562,5668160
fuzzydedup,4,0,enron_full_412435,exact_ref,4840.491,1,0,58589,3749888
fuzzydedup,6,0,enron_full_412836,exact_ref,8133.001,1,0,100211,6413696
fuzzydedup,4,0,enron_full_412836,exact_ref,6738.261,1,0,70320,4500672
fuzzydedup,5,0,enron_full_412836,exact_ref,6955.431,1,0,85828,5493184
fuzzydedup,4,0,enron_full_414414,exact_ref,6667.695,1,0,51542,3298880
fuzzydedup,5,0,enron_full_414414,exact_ref,8545.496,1,0,58972,3774400
fuzzydedup,6,0,enron_full_414414,exact_ref,5938.002,1,0,65194,4172608
fuzzydedup,5,0,enron_full_414620,exact_ref,3322.948,1,0,44043,2818944
fuzzydedup,6,0,enron_full_414620,exact_ref,3666.019,1,0,55094,3526208
fuzzydedup,4,0,enron_full_414620,exact_ref,2506.154,1,0,33987,2175360
fuzzydedup,6,0,enron_full_414624,no_exact_ref,7513.362,0,7,194644,12457216
fuzzydedup,4,0,enron_full_414624,no_exact_ref,6252.078,0,5,139516,8929024
fuzzydedup,5,0,enron_full_414624,no_exact_ref,7944.724,0,6,168125,10760000
fuzzydedup,4,0,enron_full_415032,exact_ref,1696.323,1,0,30991,1983616
fuzzydedup,5,0,enron_full_415032,exact_ref,1776.919,1,0,34474,2206528
fuzzydedup,6,0,enron_full_415032,exact_ref,1675.879,1,0,37422,2395200
fuzzydedup,5,0,enron_full_415416,exact_ref,3357.782,1,0,62427,3995520
fuzzydedup,6,0,enron_full_415416,exact_ref,3466.173,1,0,76624,4904128
fuzzydedup,4,0,enron_full_415416,exact_ref,2554.286,1,0,49098,3142464
fuzzydedup,6,0,enron_full_415425,exact_ref,2936.903,1,0,79541,5090816
fuzzydedup,4,0,enron_full_415425,exact_ref,2373.021,1,0,61397,3929600
fuzzydedup,5,0,enron_full_415425,exact_ref,2775.965,1,0,70983,4543104
fuzzydedup,4,0,enron_full_415589,exact_ref,3390.583,1,0,72330,4629312
fuzzydedup,5,0,enron_full_415589,exact_ref,3785.915,1,0,85678,5483584
fuzzydedup,6,0,enron_full_415589,exact_ref,4212.248,1,0,97485,6239232
fuzzydedup,5,0,enron_full_416173,no_exact_ref,5448.686,0,6,126879,8120256
fuzzydedup,6,0,enron_full_416173,no_exact_ref,6001.496,0,7,148499,9503936
fuzzydedup,4,0,enron_full_416173,no_exact_ref,4572.151,0,5,105124,6727936
fuzzydedup,6,0,enron_full_416275,no_exact_ref,8186.821,0,7,186103,11910592
fuzzydedup,4,0,enron_full_416275,no_exact_ref,6411.451,0,5,133491,8543424
fuzzydedup,5,0,enron_full_416275,no_exact_ref,7564.774,0,6,160514,10272896
fuzzydedup,4,0,enron_full_417397,exact_ref,1064.910,1,0,14433,923904
fuzzydedup,5,0,enron_full_417397,exact_ref,1070.676,1,0,15975,1022592
fuzzydedup,6,0,enron_full_417397,exact_ref,896.224,1,0,17090,1093952
fuzzydedup,5,0,enron_full_418145,exact_ref,1585.430,1,0,34501,2208256
fuzzydedup,6,0,enron_full_418145,exact_ref,1706.084,1,0,37449,2396928
fuzzydedup,4,0,enron_full_418145,exact_ref,1454.833,1,0,31018,1985344
fuzzydedup,6,0,enron_full_418173,exact_ref,3282.923,1,0,79684,5099968
fuzzydedup,4,0,enron_full_418173,exact_ref,2456.589,1,0,61540,3938752
fuzzydedup,5,0,enron_full_418173,exact_ref,2999.411,1,0,71126,4552256
fuzzydedup,4,0,enron_full_418938,exact_ref,3120.516,1,0,40815,2612352
fuzzydedup,5,0,enron_full_418938,exact_ref,3245.462,1,0,51866,3319616
fuzzydedup,6,0,enron_full_418938,exact_ref,3213.097,1,0,63560,4068032
fuzzydedup,5,0,enron_full_419715,exact_ref,3139.831,1,0,42046,2691136
fuzzydedup,6,0,enron_full_419715,exact_ref,2924.252,1,0,52102,3334720
fuzzydedup,4,0,enron_full_419715,exact_ref,2171.349,1,0,32601,2086656
fuzzydedup,6,0,enron_full_419787,exact_ref,2612.100,1,0,65173,4171264
fuzzydedup,4,0,enron_full_419787,exact_ref,2320.283,1,0,51521,3297536
fuzzydedup,5,0,enron_full_419787,exact_ref,2691.486,1,0,58951,3773056
fuzzydedup,4,0,enron_full_419936,exact_ref,2255.645,1,0,36753,2352384
fuzzydedup,5,0,enron_full_419936,exact_ref,2305.791,1,0,46809,2995968
fuzzydedup,6,0,enron_full_419936,exact_ref,3297.966,1,0,57860,3703232
fuzzydedup,5,0,enron_full_419992,exact_ref,4789.264,1,0,81231,5198976
fuzzydedup,6,0,enron_full_419992,exact_ref,4125.143,1,0,91913,5882624
fuzzydedup,4,0,enron_full_419992,exact_ref,4312.753,1,0,69424,4443328
fuzzydedup,6,0,enron_full_420340,exact_ref,5516.292,1,0,96483,6175104
fuzzydedup,4,0,enron_full_420340,exact_ref,3883.877,1,0,64978,4158784
fuzzydedup,5,0,enron_full_420340,exact_ref,4325.964,1,0,80950,5180992
fuzzydedup,4,0,enron_full_420635,exact_ref,3217.796,1,0,72276,4625856
fuzzydedup,5,0,enron_full_420635,exact_ref,3743.039,1,0,85624,5480128
fuzzydedup,6,0,enron_full_420635,exact_ref,4344.239,1,0,97431,6235776
fuzzydedup,5,0,enron_full_421070,no_exact_ref,6934.685,0,6,164671,10538944
fuzzydedup,6,0,enron_full_421070,no_exact_ref,8889.639,0,7,190614,12199296
fuzzydedup,4,0,enron_full_421070,no_exact_ref,6107.736,0,5,137103,8774592
fuzzydedup,6,0,enron_full_421581,no_exact_ref,8671.333,0,7,180015,11520960
fuzzydedup,4,0,enron_full_421581,no_exact_ref,6233.020,0,5,128135,8200640
fuzzydedup,5,0,enron_full_421581,no_exact_ref,7729.415,0,6,154598,9894272
fuzzydedup,4,0,enron_full_421659,no_exact_ref,1092.773,0,5,12834,821376
fuzzydedup,5,0,enron_full_421659,no_exact_ref,1024.604,0,6,15947,1020608
fuzzydedup,6,0,enron_full_421659,no_exact_ref,1303.576,0,7,19269,1233216
fuzzydedup,5,0,enron_full_422214,no_exact_ref,7999.310,0,6,169864,10871296
fuzzydedup,6,0,enron_full_422214,no_exact_ref,11329.127,0,7,197015,12608960
fuzzydedup,4,0,enron_full_422214,no_exact_ref,6684.121,0,5,141284,9042176
fuzzydedup,6,0,enron_full_422408,exact_ref,4375.465,1,0,79199,5068928
fuzzydedup,4,0,enron_full_422408,exact_ref,2913.024,1,0,58931,3771776
fuzzydedup,5,0,enron_full_422408,exact_ref,3145.520,1,0,69613,4455424
fuzzydedup,4,0,enron_full_423045,exact_ref,2163.755,1,0,36707,2349440
fuzzydedup,5,0,enron_full_423045,exact_ref,2481.288,1,0,46763,2993024
fuzzydedup,6,0,enron_full_423045,exact_ref,3157.674,1,0,57814,3700288
fuzzydedup,5,0,enron_full_423694,exact_ref,1987.112,1,0,40062,2564160
fuzzydedup,6,0,enron_full_423694,exact_ref,2877.358,1,0,43545,2787072
fuzzydedup,4,0,enron_full_423694,exact_ref,1802.687,1,0,35460,2269632
fuzzydedup,6,0,enron_full_423789,exact_ref,5474.707,1,0,106733,6831104
fuzzydedup,4,0,enron_full_423789,exact_ref,4379.671,1,0,76842,4918080
fuzzydedup,5,0,enron_full_423789,exact_ref,4682.427,1,0,92350,5910592
fuzzydedup,4,0,enron_full_424183,no_exact_ref,1654.702,1,4,5252,338752
fuzzydedup,5,0,enron_full_424183,no_exact_ref,2187.379,1,4,21471,1382912
fuzzydedup,6,0,enron_full_424183,no_exact_ref,2899.682,1,6,32732,2106048
fuzzydedup,5,0,enron_full_424691,exact_ref,3176.596,1,0,62269,3985408
fuzzydedup,6,0,enron_full_424691,exact_ref,3330.424,1,0,76466,4894016
fuzzydedup,4,0,enron_full_424691,exact_ref,3180.864,1,0,48940,3132352
fuzzydedup,6,0,enron_full_425035,exact_ref,3923.044,1,0,79392,5081280
fuzzydedup,4,0,enron_full_425035,exact_ref,2720.022,1,0,61248,3920064
fuzzydedup,5,0,enron_full_425035,exact_ref,3025.761,1,0,70834,4533568
fuzzydedup,4,0,enron_full_425166,exact_ref,4015.268,1,0,74617,4775680
fuzzydedup,5,0,enron_full_425166,exact_ref,4286.542,1,0,88439,5660288
fuzzydedup,6,0,enron_full_425166,exact_ref,4455.331,1,0,101787,6514560
fuzzydedup,5,0,enron_full_425789,exact_ref,1628.349,1,0,30538,1954624
fuzzydedup,6,0,enron_full_425789,exact_ref,1443.962,1,0,33486,2143296
fuzzydedup,4,0,enron_full_425789,exact_ref,1200.206,1,0,27055,1731712
fuzzydedup,6,0,enron_full_426054,exact_ref,732.596,1,0,8493,543744
fuzzydedup,4,0,enron_full_426054,exact_ref,573.914,1,0,5324,340928
fuzzydedup,5,0,enron_full_426054,exact_ref,659.604,1,0,6743,431744
fuzzydedup,4,0,enron_full_426288,exact_ref,2381.079,1,0,51310,3284032
fuzzydedup,5,0,enron_full_426288,exact_ref,3726.828,1,0,58740,3759552
fuzzydedup,6,0,enron_full_426288,exact_ref,4314.764,1,0,64962,4157760
fuzzydedup,5,0,enron_full_427733,exact_ref,2094.827,1,0,40139,2569088
fuzzydedup,6,0,enron_full_427733,exact_ref,1887.608,1,0,43622,2792000
fuzzydedup,4,0,enron_full_427733,exact_ref,1953.204,1,0,35537,2274560
fuzzydedup,6,0,enron_full_428515,exact_ref,476.338,1,0,3216,206016
fuzzydedup,4,0,enron_full_428515,exact_ref,165.275,1,0,2791,178816
fuzzydedup,5,0,enron_full_428515,exact_ref,133.150,1,0,3066,196416
fuzzydedup,4,0,enron_full_428895,exact_ref,2072.072,1,0,40324,2580928
fuzzydedup,5,0,enron_full_428895,exact_ref,2076.662,1,0,45972,2942400
fuzzydedup,6,0,enron_full_428895,exact_ref,2110.965,1,0,50574,3236928
fuzzydedup,5,0,enron_full_429441,no_exact_ref,7262.416,0,6,160514,10272896
fuzzydedup,6,0,enron_full_429441,no_exact_ref,8287.558,0,7,186103,11910592
fuzzydedup,4,0,enron_full_429441,no_exact_ref,6563.914,0,5,133491,8543424
fuzzydedup,6,0,enron_full_429986,no_exact_ref,6265.053,0,7,112816,7220224
fuzzydedup,4,0,enron_full_429986,no_exact_ref,4603.939,0,5,75858,4854912
fuzzydedup,5,0,enron_full_429986,no_exact_ref,4410.355,0,6,94423,6043072
fuzzydedup,4,0,enron_full_430065,no_exact_ref,6073.461,0,5,137769,8817216
fuzzydedup,5,0,enron_full_430065,no_exact_ref,7592.316,0,6,164996,10559744
fuzzydedup,6,0,enron_full_430065,no_exact_ref,9216.659,0,7,191555,12259520
fuzzydedup,5,0,enron_full_430260,no_exact_ref,2340.159,0,6,44800,2867392
fuzzydedup,6,0,enron_full_430260,no_exact_ref,3080.220,0,7,54205,3469312
fuzzydedup,4,0,enron_full_430260,no_exact_ref,1768.045,0,5,35794,2290816
fuzzydedup,6,0,enron_full_430592,no_exact_ref,7836.364,0,7,197034,12610176
fuzzydedup,4,0,enron_full_430592,no_exact_ref,6447.751,0,5,140955,9021120
fuzzydedup,5,0,enron_full_430592,no_exact_ref,7363.933,0,6,169489,10847296
fuzzydedup,4,0,enron_full_431423,no_exact_ref,6428.862,0,5,115506,7392384
fuzzydedup,5,0,enron_full_431423,no_exact_ref,6678.358,0,6,139663,8938432
fuzzydedup,6,0,enron_full_431423,no_exact_ref,6903.763,0,7,163334,10453376
fuzzydedup,5,0,enron_full_432116,exact_ref,4012.433,1,0,74595,4774272
fuzzydedup,6,0,enron_full_432116,exact_ref,4566.228,1,0,90356,5782976
fuzzydedup,4,0,enron_full_432116,exact_ref,4074.440,1,0,59334,3797568
fuzzydedup,6,0,enron_full_432508,exact_ref,6215.717,1,0,108652,6953920
fuzzydedup,4,0,enron_full_432508,exact_ref,3784.793,1,0,77611,4967296
fuzzydedup,5,0,enron_full_432508,exact_ref,4550.376,1,0,93144,5961408
fuzzydedup,4,0,enron_full_433686,exact_ref,2301.147,1,0,51733,3311104
fuzzydedup,5,0,enron_full_433686,exact_ref,2316.217,1,0,59163,3786624
fuzzydedup,6,0,enron_full_433686,exact_ref,2550.659,1,0,65385,4184832
fuzzydedup,5,0,enron_full_433711,exact_ref,1603.669,1,0,34538,2210624
fuzzydedup,6,0,enron_full_433711,exact_ref,1627.386,1,0,37486,2399296
fuzzydedup,4,0,enron_full_433711,exact_ref,1503.417,1,0,31055,1987712
fuzzydedup,6,0,enron_full_433823,exact_ref,4361.442,1,0,97759,6256768
fuzzydedup,4,0,enron_full_433823,exact_ref,3659.740,1,0,72604,4646848
fuzzydedup,5,0,enron_full_433823,exact_ref,4935.128,1,0,85952,5501120
fuzzydedup,4,0,enron_full_434515,exact_ref,4388.565,1,0,75285,4818432
fuzzydedup,5,0,enron_full_434515,exact_ref,4077.704,1,0,89107,5703040
fuzzydedup,6,0,enron_full_434515,exact_ref,4290.605,1,0,102455,6557312
fuzzydedup,5,0,enron_full_434661,exact_ref,4325.738,1,0,91592,5862080
fuzzydedup,6,0,enron_full_434661,exact_ref,4834.572,1,0,105414,6746688
fuzzydedup,4,0,enron_full_434661,exact_ref,4068.506,1,0,77209,4941568
fuzzydedup,6,0,enron_full_435743,exact_ref,5152.654,1,0,102359,6551168
fuzzydedup,4,0,enron_full_435743,exact_ref,5113.202,1,0,75189,4812288
fuzzydedup,5,0,enron_full_435743,exact_ref,4209.114,1,0,89011,5696896
fuzzydedup,4,0,enron_full_436019,no_exact_ref,6329.207,0,5,140955,9021120
fuzzydedup,5,0,enron_full_436019,no_exact_ref,7266.609,0,6,169489,10847296
fuzzydedup,6,0,enron_full_436019,no_exact_ref,8151.947,0,7,197034,12610176
fuzzydedup,5,0,enron_full_436309,no_exact_ref,6027.650,0,6,116994,7487616
fuzzydedup,6,0,enron_full_436309,no_exact_ref,5653.618,0,7,137129,8776256
fuzzydedup,4,0,enron_full_436309,no_exact_ref,4142.745,0,5,95838,6133632
fuzzydedup,6,0,enron_full_436431,no_exact_ref,7565.261,0,7,194644,12457280
fuzzydedup,4,0,enron_full_436431,no_exact_ref,6330.854,0,5,139516,8929024
fuzzydedup,5,0,enron_full_436431,no_exact_ref,7827.942,0,6,168125,10760064
fuzzydedup,4,0,enron_full_436454,no_exact_ref,6644.214,0,5,139973,8958272
fuzzydedup,5,0,enron_full_436454,no_exact_ref,7091.202,0,6,168810,10803840
fuzzydedup,6,0,enron_full_436454,no_exact_ref,8414.336,0,7,194887,12472768
fuzzydedup,5,0,enron_full_437873,exact_ref,4654.968,1,0,93104,5958848
fuzzydedup,6,0,enron_full_437873,exact_ref,5976.058,1,0,107487,6879360
fuzzydedup,4,0,enron_full_437873,exact_ref,4556.795,1,0,77596,4966336
fuzzydedup,6,0,enron_full_439573,no_exact_ref,8014.562,0,7,186103,11910656
fuzzydedup,4,0,enron_full_439573,no_exact_ref,5753.550,0,5,133491,8543424
fuzzydedup,5,0,enron_full_439573,no_exact_ref,6880.023,0,6,160514,10272896
fuzzydedup,4,0,enron_full_440276,no_exact_ref,3064.071,0,5,56325,3604800
fuzzydedup,5,0,enron_full_440276,no_exact_ref,3990.699,0,6,69703,4460992
fuzzydedup,6,0,enron_full_440276,no_exact_ref,4490.658,0,7,83781,5361984
fuzzydedup,5,0,enron_full_440707,exact_ref,4366.680,1,0,89193,5715392
fuzzydedup,6,0,enron_full_440707,exact_ref,4396.449,1,0,102541,6572544
fuzzydedup,4,0,enron_full_440707,exact_ref,3773.634,1,0,75371,4827904
fuzzydedup,6,0,enron_full_441744,exact_ref,4866.014,1,0,103461,6621696
fuzzydedup,4,0,enron_full_441744,exact_ref,3856.444,1,0,71331,4565376
fuzzydedup,5,0,enron_full_441744,exact_ref,4523.085,1,0,87242,5583680
fuzzydedup,4,0,enron_full_442093,exact_ref,209.984,1,0,2969,190208
fuzzydedup,5,0,enron_full_442093,exact_ref,95.369,1,0,3901,249856
fuzzydedup,6,0,enron_full_442093,exact_ref,710.968,1,0,4818,308544
fuzzydedup,5,0,enron_full_442322,no_exact_ref,6713.486,0,6,113036,7234304
fuzzydedup,6,0,enron_full_442322,no_exact_ref,6085.146,0,7,133357,8534848
fuzzydedup,4,0,enron_full_442322,no_exact_ref,4115.024,0,5,92244,5903616
fuzzydedup,6,0,enron_full_442524,exact_ref,5080.859,1,0,107706,6893376
fuzzydedup,4,0,enron_full_442524,exact_ref,4243.386,1,0,77815,4980352
fuzzydedup,5,0,enron_full_442524,exact_ref,4607.541,1,0,93323,5972864
fuzzydedup,4,0,enron_full_442558,exact_ref,3470.310,1,0,58860,3767232
fuzzydedup,5,0,enron_full_442558,exact_ref,5362.534,1,0,73572,4708800
fuzzydedup,6,0,enron_full_442558,exact_ref,4525.445,1,0,88833,5685504
fuzzydedup,5,0,enron_full_442662,exact_ref,4455.473,1,0,93321,5972736
fuzzydedup,6,0,enron_full_442662,exact_ref,4683.158,1,0,107704,6893248
fuzzydedup,4,0,enron_full_442662,exact_ref,3779.774,1,0,77813,4980224
fuzzydedup,6,0,enron_full_442954,exact_ref,1449.248,1,0,31707,2029440
fuzzydedup,4,0,enron_full_442954,exact_ref,1418.940,1,0,26370,1687872
fuzzydedup,5,0,enron_full_442954,exact_ref,1447.863,1,0,29318,1876544
fuzzydedup,4,0,enron_full_443309,exact_ref,806.039,1,0,8905,570112
fuzzydedup,5,0,enron_full_443309,exact_ref,1107.257,1,0,11591,742016
fuzzydedup,6,0,enron_full_443309,exact_ref,1152.285,1,0,14618,935744
fuzzydedup,5,0,enron_full_443772,exact_ref,3022.239,1,0,65937,4220160
fuzzydedup,6,0,enron_full_443772,exact_ref,4873.968,1,0,73367,4695680
fuzzydedup,4,0,enron_full_443772,exact_ref,2736.683,1,0,57379,3672448
fuzzydedup,6,0,enron_full_444240,exact_ref,5077.369,1,0,103505,6624512
fuzzydedup,4,0,enron_full_444240,exact_ref,3674.199,1,0,71375,4568192
fuzzydedup,5,0,enron_full_444240,exact_ref,4258.811,1,0,87286,5586496
fuzzydedup,4,0,enron_full_445163,no_exact_ref,5066.562,0,5,120641,7721024
fuzzydedup,5,0,enron_full_445163,no_exact_ref,5769.004,0,6,145606,9318784
fuzzydedup,6,0,enron_full_445163,no_exact_ref,8515.197,0,7,169255,10832320
fuzzydedup,5,0,enron_full_445774,exact_ref,4575.591,1,0,79671,5099136
fuzzydedup,6,0,enron_full_445774,exact_ref,4811.170,1,0,95643,6121408
fuzzydedup,4,0,enron_full_445774,exact_ref,3631.434,1,0,63264,4049088
fuzzydedup,6,0,enron_full_445830,no_exact_ref,8215.872,0,7,191555,12259520
fuzzydedup,4,0,enron_full_445830,no_exact_ref,6581.177,0,5,137769,8817216
fuzzydedup,5,0,enron_full_445830,no_exact_ref,8482.686,0,6,164996,10559744
fuzzydedup,4,0,enron_full_446457,no_exact_ref,6174.885,0,5,139516,8929536
fuzzydedup,5,0,enron_full_446457,no_exact_ref,6494.030,0,6,168125,10760512
fuzzydedup,6,0,enron_full_446457,no_exact_ref,7953.641,0,7,194644,12457920
fuzzydedup,5,0,enron_full_447336,exact_ref,5886.783,1,0,93489,5983488
fuzzydedup,6,0,enron_full_447336,exact_ref,5381.224,1,0,108997,6976000
fuzzydedup,4,0,enron_full_447336,exact_ref,4010.516,1,0,77956,4989376
fuzzydedup,6,0,enron_full_447596,no_exact_ref,6085.341,0,7,123332,7893248
fuzzydedup,4,0,enron_full_447596,no_exact_ref,4050.925,0,5,84127,5384128
fuzzydedup,5,0,enron_full_447596,no_exact_ref,4760.971,0,6,103384,6616576
fuzzydedup,4,0,enron_full_448246,exact_ref,2727.142,1,0,54486,3487296
fuzzydedup,5,0,enron_full_448246,exact_ref,2863.141,1,0,63044,4035008
fuzzydedup,6,0,enron_full_448246,exact_ref,3962.028,1,0,70474,4510528
fuzzydedup,5,0,enron_full_448315,no_exact_ref,3058.895,1,0,67627,4328320
fuzzydedup,6,0,enron_full_448315,no_exact_ref,3239.856,1,0,75057,4803840
fuzzydedup,4,0,enron_full_448315,no_exact_ref,2646.696,1,0,59069,3780608
fuzzydedup,6,0,enron_full_448897,exact_ref,1100.061,1,0,20405,1306112
fuzzydedup,4,0,enron_full_448897,exact_ref,927.196,1,0,17048,1091264
fuzzydedup,5,0,enron_full_448897,exact_ref,927.695,1,0,18863,1207424
fuzzydedup,4,0,enron_full_449771,no_exact_ref,4147.490,0,5,92244,5903616
fuzzydedup,5,0,enron_full_449771,no_exact_ref,5919.112,0,6,113036,7234304
fuzzydedup,6,0,enron_full_449771,no_exact_ref,6467.924,0,7,133357,8534848
fuzzydedup,5,0,enron_full_450293,exact_ref,6170.649,1,0,92834,5941568
fuzzydedup,6,0,enron_full_450293,exact_ref,5411.772,1,0,108367,6935680
fuzzydedup,4,0,enron_full_450293,exact_ref,4188.686,1,0,76862,4919360
fuzzydedup,6,0,enron_full_450584,no_exact_ref,4396.288,0,7,92448,5916864
fuzzydedup,4,0,enron_full_450584,no_exact_ref,2983.136,0,5,62545,4002880
fuzzydedup,5,0,enron_full_450584,no_exact_ref,3679.948,0,6,77432,4955712
fuzzydedup,4,0,enron_full_451624,exact_ref,3039.742,1,0,59477,3806720
fuzzydedup,5,0,enron_full_451624,exact_ref,4126.587,1,0,74189,4748288
fuzzydedup,6,0,enron_full_451624,exact_ref,5661.918,1,0,89450,5724992
fuzzydedup,5,0,enron_full_451708,exact_ref,1542.900,1,0,24502,1568320
fuzzydedup,6,0,enron_full_451708,exact_ref,1217.497,1,0,26317,1684480
fuzzydedup,4,0,enron_full_451708,exact_ref,1025.591,1,0,22113,1415424
fuzzydedup,6,0,enron_full_451980,no_exact_ref,7237.183,0,7,190614,12199296
fuzzydedup,4,0,enron_full_451980,no_exact_ref,5679.035,0,5,137103,8774592
fuzzydedup,5,0,enron_full_451980,no_exact_ref,6854.901,0,6,164671,10538944
fuzzydedup,4,0,enron_full_452075,exact_ref,1853.667,1,0,36162,2314560
fuzzydedup,5,0,enron_full_452075,exact_ref,1745.925,1,0,40764,2609088
fuzzydedup,6,0,enron_full_452075,exact_ref,2356.122,1,0,44247,2832000
fuzzydedup,5,0,enron_full_452624,exact_ref,5718.673,1,0,78918,5050944
fuzzydedup,6,0,enron_full_452624,exact_ref,4706.175,1,0,94679,6059648
fuzzydedup,4,0,enron_full_452624,exact_ref,3484.562,1,0,63657,4074240
fuzzydedup,6,0,enron_full_452665,exact_ref,4900.865,1,0,108403,6937984
fuzzydedup,4,0,enron_full_452665,exact_ref,3908.663,1,0,76024,4865728
fuzzydedup,5,0,enron_full_452665,exact_ref,4872.071,1,0,92431,5915776
fuzzydedup,4,0,enron_full_453158,exact_ref,2388.707,1,0,41103,2630784
fuzzydedup,5,0,enron_full_453158,exact_ref,3468.710,1,0,52154,3338048
fuzzydedup,6,0,enron_full_453158,exact_ref,3815.527,1,0,63848,4086464
fuzzydedup,5,0,enron_full_453577,exact_ref,3083.430,1,0,64659,4138368
fuzzydedup,6,0,enron_full_453577,exact_ref,4642.345,1,0,79371,5079936
fuzzydedup,4,0,enron_full_453577,exact_ref,2739.384,1,0,50462,3229760
fuzzydedup,6,0,enron_full_455974,no_exact_ref,2533.191,1,3,51141,3273216
fuzzydedup,4,0,enron_full_455974,no_exact_ref,1663.744,1,3,25986,1663296
fuzzydedup,5,0,enron_full_455974,no_exact_ref,1823.890,1,3,39334,2517568
fuzzydedup,4,0,enron_full_456283,no_exact_ref,126.797,0,5,1920,122880
fuzzydedup,5,0,enron_full_456283,no_exact_ref,77.629,0,6,2411,154304
fuzzydedup,6,0,enron_full_456283,no_exact_ref,65.778,0,7,2934,187776
fuzzydedup,5,0,enron_full_458074,no_exact_ref,6173.554,0,6,153267,9809088
fuzzydedup,6,0,enron_full_458074,no_exact_ref,7524.284,0,7,177736,11375104
fuzzydedup,4,0,enron_full_458074,no_exact_ref,5860.804,0,5,127462,8157568
fuzzydedup,6,0,enron_full_458660,no_exact_ref,277.774,0,7,5369,343616
fuzzydedup,4,0,enron_full_458660,no_exact_ref,90.185,0,5,3649,233536
fuzzydedup,5,0,enron_full_458660,no_exact_ref,104.332,0,6,4502,288128
fuzzydedup,4,0,enron_full_459917,no_exact_ref,5829.482,0,5,128135,8200640
fuzzydedup,5,0,enron_full_459917,no_exact_ref,6729.064,0,6,154598,9894272
fuzzydedup,6,0,enron_full_459917,no_exact_ref,7614.166,0,7,180015,11520960
fuzzydedup,5,0,enron_full_459959,no_exact_ref,1431.090,0,6,28110,1799040
fuzzydedup,6,0,enron_full_459959,no_exact_ref,1786.790,0,7,34498,2207872
fuzzydedup,4,0,enron_full_459959,no_exact_ref,1383.137,0,5,22576,1444864
fuzzydedup,6,0,enron_full_460573,exact_ref,4835.995,1,0,80559,5155968
fuzzydedup,4,0,enron_full_460573,exact_ref,3466.975,1,0,58070,3716672
fuzzydedup,5,0,enron_full_460573,exact_ref,3456.705,1,0,69877,4472320
fuzzydedup,4,0,enron_full_461053,exact_ref,3792.480,1,0,67926,4347456
fuzzydedup,5,0,enron_full_461053,exact_ref,4123.912,1,0,83687,5356160
fuzzydedup,6,0,enron_full_461053,exact_ref,4920.366,1,0,99598,6374464
fuzzydedup,5,0,enron_full_461203,no_exact_ref,7594.747,0,6,169864,10871296
fuzzydedup,6,0,enron_full_461203,no_exact_ref,8559.866,0,7,197015,12608960
fuzzydedup,4,0,enron_full_461203,no_exact_ref,6399.828,0,5,141284,9042176
fuzzydedup,6,0,enron_full_461474,no_exact_ref,3772.016,0,7,88518,5665152
fuzzydedup,4,0,enron_full_461474,no_exact_ref,2595.673,0,5,59159,3786176
fuzzydedup,5,0,enron_full_461474,no_exact_ref,2842.350,0,6,73355,4694720
fuzzydedup,4,0,enron_full_461621,exact_ref,4056.798,1,0,71964,4605888
fuzzydedup,5,0,enron_full_461621,exact_ref,4705.117,1,0,87875,5624192
fuzzydedup,6,0,enron_full_461621,exact_ref,5023.782,1,0,104094,6662208
fuzzydedup,5,0,enron_full_461648,exact_ref,2520.259,1,0,34325,2196992
fuzzydedup,6,0,enron_full_461648,exact_ref,2498.992,1,0,42571,2724736
fuzzydedup,4,0,enron_full_461648,exact_ref,1379.026,1,0,26873,1720064
fuzzydedup,6,0,enron_full_461948,exact_ref,5095.564,1,0,109738,7023424
fuzzydedup,4,0,enron_full_461948,exact_ref,3844.493,1,0,78697,5036800
fuzzydedup,5,0,enron_full_461948,exact_ref,4131.359,1,0,94230,6030912
fuzzydedup,4,0,enron_full_462616,exact_ref,1646.547,1,0,31697,2028800
fuzzydedup,5,0,enron_full_462616,exact_ref,1749.247,1,0,35180,2251712
fuzzydedup,6,0,enron_full_462616,exact_ref,1748.439,1,0,38128,2440384
fuzzydedup,5,0,enron_full_463151,exact_ref,4388.823,1,0,89947,5756800
fuzzydedup,6,0,enron_full_463151,exact_ref,4597.897,1,0,103295,6611072
fuzzydedup,4,0,enron_full_463151,exact_ref,3980.195,1,0,76125,4872192
fuzzydedup,6,0,enron_full_463936,exact_ref,3380.755,1,0,58359,3735168
fuzzydedup,4,0,enron_full_463936,exact_ref,2108.256,1,0,37252,2384320
fuzzydedup,5,0,enron_full_463936,exact_ref,2100.478,1,0,47308,3027904
fuzzydedup,4,0,enron_full_463955,exact_ref,2613.288,1,0,62518,4001344
fuzzydedup,5,0,enron_full_463955,exact_ref,2904.076,1,0,72104,4614848
fuzzydedup,6,0,enron_full_463955,exact_ref,3019.466,1,0,80662,5162560
fuzzydedup,5,0,enron_full_463976,exact_ref,2684.127,1,0,66395,4249472
fuzzydedup,6,0,enron_full_463976,exact_ref,3224.626,1,0,73825,4724992
fuzzydedup,4,0,enron_full_463976,exact_ref,2930.196,1,0,57837,3701760
fuzzydedup,6,0,enron_full_465574,exact_ref,2798.318,1,0,47738,3055424
fuzzydedup,4,0,enron_full_465574,exact_ref,2711.651,1,0,30047,1923200
fuzzydedup,5,0,enron_full_465574,exact_ref,2655.569,1,0,38293,2450944
fuzzydedup,4,0,enron_full_466018,exact_ref,2742.722,1,0,57934,3707968
fuzzydedup,5,0,enron_full_466018,exact_ref,2878.241,1,0,66492,4255680
fuzzydedup,6,0,enron_full_466018,exact_ref,3157.151,1,0,73922,4731200
fuzzydedup,5,0,enron_full_466387,exact_ref,2472.801,1,0,48379,3096448
fuzzydedup,6,0,enron_full_466387,exact_ref,2571.441,1,0,54601,3494656
fuzzydedup,4,0,enron_full_466387,exact_ref,2144.963,1,0,40949,2620928
fuzzydedup,6,0,enron_full_466533,exact_ref,1553.058,1,0,32041,2050816
fuzzydedup,4,0,enron_full_466533,exact_ref,1403.846,1,0,26704,1709248
fuzzydedup,5,0,enron_full_466533,exact_ref,1447.533,1,0,29652,1897920
fuzzydedup,4,0,enron_full_466708,exact_ref,1502.626,1,0,31729,2030848
fuzzydedup,5,0,enron_full_466708,exact_ref,1608.067,1,0,35212,2253760
fuzzydedup,6,0,enron_full_466708,exact_ref,1657.198,1,0,38160,2442432
fuzzydedup,5,0,enron_full_467278,exact_ref,4150.118,1,0,63005,4032512
fuzzydedup,6,0,enron_full_467278,exact_ref,4627.814,1,0,77202,4941120
fuzzydedup,4,0,enron_full_467278,exact_ref,2866.025,1,0,49676,3179456
fuzzydedup,6,0,enron_full_467576,exact_ref,5204.161,1,0,104214,6669888
fuzzydedup,4,0,enron_full_467576,exact_ref,3814.151,1,0,73173,4683264
fuzzydedup,5,0,enron_full_467576,exact_ref,4719.310,1,0,88706,5677376
fuzzydedup,4,0,enron_full_467913,exact_ref,3074.885,1,0,45483,2911104
fuzzydedup,5,0,enron_full_467913,exact_ref,3021.674,1,0,57177,3659520
fuzzydedup,6,0,enron_full_467913,exact_ref,4358.949,1,0,70506,4512576
fuzzydedup,5,0,enron_full_468001,exact_ref,166.351,1,0,1671,107136
fuzzydedup,6,0,enron_full_468001,exact_ref,86.881,1,0,2035,130432
fuzzydedup,4,0,enron_full_468001,exact_ref,44.226,1,0,1309,83968
fuzzydedup,6,0,enron_full_468241,exact_ref,2283.578,1,0,51591,3302016
fuzzydedup,4,0,enron_full_468241,exact_ref,1961.458,1,0,41341,2646016
fuzzydedup,5,0,enron_full_468241,exact_ref,2051.926,1,0,46989,3007488
fuzzydedup,4,0,enron_full_468948,exact_ref,795.565,1,0,9555,611712
fuzzydedup,5,0,enron_full_468948,exact_ref,1098.021,1,0,12241,783616
fuzzydedup,6,0,enron_full_468948,exact_ref,1116.729,1,0,15268,977344
fuzzydedup,5,0,enron_full_469104,exact_ref,2983.400,1,0,63565,4068352
fuzzydedup,6,0,enron_full_469104,exact_ref,2751.006,1,0,72123,4616064
fuzzydedup,4,0,enron_full_469104,exact_ref,2360.333,1,0,53979,3454848
fuzzydedup,6,0,enron_full_469441,exact_ref,2929.254,1,0,58361,3735296
fuzzydedup,4,0,enron_full_469441,exact_ref,2214.060,1,0,37254,2384448
fuzzydedup,5,0,enron_full_469441,exact_ref,2478.586,1,0,47310,3028032
fuzzydedup,4,0,enron_full_470510,exact_ref,781.953,1,0,6680,427712
fuzzydedup,5,0,enron_full_470510,exact_ref,817.760,1,0,8633,552704
fuzzydedup,6,0,enron_full_470510,exact_ref,891.413,1,0,10865,695552
fuzzydedup,5,0,enron_full_471172,exact_ref,3899.391,1,0,72095,4614272
fuzzydedup,6,0,enron_full_471172,exact_ref,3498.061,1,0,80653,5161984
fuzzydedup,4,0,enron_full_471172,exact_ref,2543.403,1,0,62509,4000768
fuzzydedup,6,0,enron_full_472398,exact_ref,2259.641,1,0,38156,2442176
fuzzydedup,4,0,enron_full_472398,exact_ref,1359.332,1,0,23930,1531712
fuzzydedup,5,0,enron_full_472398,exact_ref,1449.115,1,0,30704,1965248
fuzzydedup,4,0,enron_full_473353,exact_ref,3582.909,1,0,74148,4745664
fuzzydedup,5,0,enron_full_473353,exact_ref,3798.912,1,0,87496,5599936
fuzzydedup,6,0,enron_full_473353,exact_ref,4280.372,1,0,99303,6355584
fuzzydedup,5,0,enron_full_473987,no_exact_ref,2957.221,0,6,50020,3201280
fuzzydedup,6,0,enron_full_473987,no_exact_ref,3214.738,0,7,60498,3871872
fuzzydedup,4,0,enron_full_473987,no_exact_ref,1928.049,0,5,40217,2573888
fuzzydedup,6,0,enron_full_474902,exact_ref,6478.067,1,0,108836,6965696
fuzzydedup,4,0,enron_full_474902,exact_ref,4317.512,1,0,78945,5052672
fuzzydedup,5,0,enron_full_474902,exact_ref,4266.266,1,0,94453,6045184
fuzzydedup,4,0,enron_full_476646,exact_ref,3150.320,1,0,71621,4583936
fuzzydedup,5,0,enron_full_476646,exact_ref,3602.791,1,0,83428,5339584
fuzzydedup,6,0,enron_full_476646,exact_ref,3698.912,1,0,94110,6023232
fuzzydedup,5,0,enron_full_476866,exact_ref,4480.047,1,0,83565,5348352
fuzzydedup,6,0,enron_full_476866,exact_ref,4742.710,1,0,97387,6233344
fuzzydedup,4,0,enron_full_476866,exact_ref,4595.630,1,0,69182,4427840
fuzzydedup,6,0,enron_full_476952,exact_ref,1832.456,1,0,32227,2062720
fuzzydedup,4,0,enron_full_476952,exact_ref,1800.820,1,0,26890,1721152
fuzzydedup,5,0,enron_full_476952,exact_ref,1467.486,1,0,29838,1909824
fuzzydedup,4,0,enron_full_478933,no_exact_ref,6852.924,0,5,141284,9042176
fuzzydedup,5,0,enron_full_478933,no_exact_ref,7392.746,0,6,169864,10871296
fuzzydedup,6,0,enron_full_478933,no_exact_ref,11293.793,0,7,197015,12608960
fuzzydedup,5,0,enron_full_479947,no_exact_ref,2153.232,0,6,37900,2425600
fuzzydedup,6,0,enron_full_479947,no_exact_ref,2465.035,0,7,47017,3009088
fuzzydedup,4,0,enron_full_479947,no_exact_ref,1509.589,0,5,29764,1904896
fuzzydedup,6,0,enron_full_480468,no_exact_ref,6442.154,0,7,159258,10192512
fuzzydedup,4,0,enron_full_480468,no_exact_ref,4559.426,0,5,113227,7246528
fuzzydedup,5,0,enron_full_480468,no_exact_ref,5391.950,0,6,136629,8744256
fuzzydedup,4,0,enron_full_480848,exact_ref,3382.828,1,0,71338,4565824
fuzzydedup,5,0,enron_full_480848,exact_ref,3670.612,1,0,83145,5321472
fuzzydedup,6,0,enron_full_480848,exact_ref,4609.106,1,0,93827,6005120
fuzzydedup,5,0,enron_full_481384,exact_ref,4679.413,1,0,87260,5584832
fuzzydedup,6,0,enron_full_481384,exact_ref,4278.366,1,0,99067,6340480
fuzzydedup,4,0,enron_full_481384,exact_ref,3370.758,1,0,73912,4730560
fuzzydedup,6,0,enron_full_481691,exact_ref,4928.249,1,0,108686,6956096
fuzzydedup,4,0,enron_full_481691,exact_ref,3989.134,1,0,78795,5043072
fuzzydedup,5,0,enron_full_481691,exact_ref,4643.321,1,0,94303,6035584
fuzzydedup,4,0,enron_full_481940,exact_ref,3750.096,1,0,72159,4618368
fuzzydedup,5,0,enron_full_481940,exact_ref,5737.498,1,0,88070,5636672
fuzzydedup,6,0,enron_full_481940,exact_ref,5173.485,1,0,104289,6674688
fuzzydedup,5,0,enron_full_482039,exact_ref,2498.068,1,0,53267,3409280
fuzzydedup,6,0,enron_full_482039,exact_ref,2494.141,1,0,58915,3770752
fuzzydedup,4,0,enron_full_482039,exact_ref,2201.675,1,0,47045,3011072
fuzzydedup,6,0,enron_full_482398,no_exact_ref,5940.077,0,7,148499,9503936
fuzzydedup,4,0,enron_full_482398,no_exact_ref,4737.479,0,5,105124,6727936
fuzzydedup,5,0,enron_full_482398,no_exact_ref,5414.882,0,6,126879,8120256
fuzzydedup,4,0,enron_full_482679,no_exact_ref,1400.280,0,5,24248,1551872
fuzzydedup,5,0,enron_full_482679,no_exact_ref,2307.609,0,6,31029,1985856
fuzzydedup,6,0,enron_full_482679,no_exact_ref,2015.484,0,7,38839,2485696
fuzzydedup,5,0,enron_full_482700,exact_ref,4689.738,1,0,92684,5931968
fuzzydedup,6,0,enron_full_482700,exact_ref,4357.802,1,0,106506,6816576
fuzzydedup,4,0,enron_full_482700,exact_ref,3847.547,1,0,78301,5011456
fuzzydedup,6,0,enron_full_482778,exact_ref,3751.799,1,0,85152,5449920
fuzzydedup,4,0,enron_full_482778,exact_ref,2979.878,1,0,62663,4010624
fuzzydedup,5,0,enron_full_482778,exact_ref,3616.656,1,0,74470,4766272
fuzzydedup,4,0,enron_full_482919,exact_ref,2674.389,1,0,58135,3720832
fuzzydedup,5,0,enron_full_482919,exact_ref,2938.918,1,0,66693,4268544
fuzzydedup,6,0,enron_full_482919,exact_ref,4175.071,1,0,74123,4744064
fuzzydedup,5,0,enron_full_483941,exact_ref,4734.522,1,0,92721,5934336
fuzzydedup,6,0,enron_full_483941,exact_ref,4354.297,1,0,106543,6818944
fuzzydedup,4,0,enron_full_483941,exact_ref,4019.693,1,0,78338,5013824
fuzzydedup,6,0,enron_full_484013,exact_ref,3543.253,1,0,85227,5454720
fuzzydedup,4,0,enron_full_484013,exact_ref,2922.469,1,0,62738,4015424
fuzzydedup,5,0,enron_full_484013,exact_ref,3628.962,1,0,74545,4771072
fuzzydedup,4,0,enron_full_485161,exact_ref,4207.665,1,0,78282,5010240
fuzzydedup,5,0,enron_full_485161,exact_ref,5668.382,1,0,94254,6032448
fuzzydedup,6,0,enron_full_485161,exact_ref,5568.270,1,0,109787,7026560
fuzzydedup,5,0,enron_full_485319,exact_ref,1380.878,1,0,24781,1586176
fuzzydedup,6,0,enron_full_485319,exact_ref,1210.900,1,0,26596,1702336
fuzzydedup,4,0,enron_full_485319,exact_ref,1009.618,1,0,22392,1433280
fuzzydedup,6,0,enron_full_485507,no_exact_ref,7391.596,0,7,190614,12199296
fuzzydedup,4,0,enron_full_485507,no_exact_ref,6015.339,0,5,137103,8774592
fuzzydedup,5,0,enron_full_485507,no_exact_ref,7117.953,0,6,164671,10538944
fuzzydedup,4,0,enron_full_485652,no_exact_ref,1531.107,0,5,10047,643008
fuzzydedup,5,0,enron_full_485652,no_exact_ref,1063.017,0,6,12599,806336
fuzzydedup,6,0,enron_full_485652,no_exact_ref,1101.552,0,7,15381,984384
fuzzydedup,5,0,enron_full_485802,no_exact_ref,5107.882,0,6,116994,7487616
fuzzydedup,6,0,enron_full_485802,no_exact_ref,5551.755,0,7,137129,8776256
fuzzydedup,4,0,enron_full_485802,no_exact_ref,4150.135,0,5,95838,6133632
fuzzydedup,6,0,enron_full_486590,exact_ref,126.876,1,0,1316,84416
fuzzydedup,4,0,enron_full_486590,exact_ref,37.543,1,0,856,54976
fuzzydedup,5,0,enron_full_486590,exact_ref,41.520,1,0,1068,68544
fuzzydedup,4,0,enron_full_486718,exact_ref,4276.969,1,0,78707,5037440
fuzzydedup,5,0,enron_full_486718,exact_ref,4820.787,1,0,94679,6059648
fuzzydedup,6,0,enron_full_486718,exact_ref,5525.537,1,0,110212,7053760
fuzzydedup,5,0,enron_full_487009,no_exact_ref,5487.381,0,6,95188,6092032
fuzzydedup,6,0,enron_full_487009,no_exact_ref,4515.488,0,7,112519,7201216
fuzzydedup,4,0,enron_full_487009,no_exact_ref,3107.205,0,5,77883,4984512
fuzzydedup,6,0,enron_full_487095,no_exact_ref,6526.187,0,7,177736,11375104
fuzzydedup,4,0,enron_full_487095,no_exact_ref,5053.489,0,5,127462,8157568
fuzzydedup,5,0,enron_full_487095,no_exact_ref,6544.078,0,6,153267,9809088
fuzzydedup,4,0,enron_full_487221,exact_ref,2530.035,1,0,47336,3029696
fuzzydedup,5,0,enron_full_487221,exact_ref,2268.817,1,0,53558,3427904
fuzzydedup,6,0,enron_full_487221,exact_ref,2243.167,1,0,59206,3789376
fuzzydedup,5,0,enron_full_488455,no_exact_ref,6558.092,0,6,153267,9809088
fuzzydedup,6,0,enron_full_488455,no_exact_ref,7220.414,0,7,177736,11375104
fuzzydedup,4,0,enron_full_488455,no_exact_ref,5977.789,0,5,127462,8157568
fuzzydedup,6,0,enron_full_488704,no_exact_ref,1978.735,1,4,37658,2412928
fuzzydedup,4,0,enron_full_488704,no_exact_ref,1658.596,1,4,29573,1893632
fuzzydedup,5,0,enron_full_488704,no_exact_ref,1637.907,1,4,34175,2189376
fuzzydedup,4,0,enron_full_489126,no_exact_ref,6435.652,0,5,127462,8157568
fuzzydedup,5,0,enron_full_489126,no_exact_ref,7419.596,0,6,153267,9809088
fuzzydedup,6,0,enron_full_489126,no_exact_ref,8730.424,0,7,177736,11375104
fuzzydedup,5,0,enron_full_490171,no_exact_ref,7366.760,0,6,169864,10871296
fuzzydedup,6,0,enron_full_490171,no_exact_ref,7716.740,0,7,197015,12608960
fuzzydedup,4,0,enron_full_490171,no_exact_ref,7304.232,0,5,141284,9042176
fuzzydedup,6,0,enron_full_490913,exact_ref,7108.124,1,0,103834,6645568
fuzzydedup,4,0,enron_full_490913,exact_ref,4377.717,1,0,71208,4557504
fuzzydedup,5,0,enron_full_490913,exact_ref,4370.033,1,0,87427,5595520
fuzzydedup,4,0,enron_full_491597,exact_ref,2892.937,1,0,58583,3749504
fuzzydedup,5,0,enron_full_491597,exact_ref,2805.176,1,0,67141,4297216
fuzzydedup,6,0,enron_full_491597,exact_ref,3084.959,1,0,74571,4772736
fuzzydedup,5,0,enron_full_491993,no_exact_ref,6276.378,0,6,131204,8397056
fuzzydedup,6,0,enron_full_491993,no_exact_ref,8300.415,0,7,153889,9848896
fuzzydedup,4,0,enron_full_491993,no_exact_ref,5715.378,0,5,107991,6911424
fuzzydedup,6,0,enron_full_492310,no_exact_ref,3188.675,0,7,67711,4333568
fuzzydedup,4,0,enron_full_492310,no_exact_ref,2660.242,0,5,44983,2878912
fuzzydedup,5,0,enron_full_492310,no_exact_ref,2802.350,0,6,55915,3578560
fuzzydedup,4,0,enron_full_492624,exact_ref,1898.413,1,0,39688,2540224
fuzzydedup,5,0,enron_full_492624,exact_ref,2219.599,1,0,45910,2938432
fuzzydedup,6,0,enron_full_492624,exact_ref,2337.302,1,0,51558,3299904
fuzzydedup,5,0,enron_full_492762,no_exact_ref,2670.843,0,6,63363,4055232
fuzzydedup,6,0,enron_full_492762,no_exact_ref,3215.555,0,7,76712,4909568
fuzzydedup,4,0,enron_full_492762,no_exact_ref,2376.880,0,5,50866,3255424
fuzzydedup,6,0,enron_full_493081,no_exact_ref,6088.491,0,7,125079,8005056
fuzzydedup,4,0,enron_full_493081,no_exact_ref,3807.017,0,5,87103,5574592
fuzzydedup,5,0,enron_full_493081,no_exact_ref,4056.231,0,6,106088,6789632
fuzzydedup,4,0,enron_full_493173,no_exact_ref,5130.992,0,5,107991,6911424
fuzzydedup,5,0,enron_full_493173,no_exact_ref,5616.398,0,6,131204,8397056
fuzzydedup,6,0,enron_full_493173,no_exact_ref,6943.828,0,7,153889,9848896
fuzzydedup,5,0,enron_full_494836,no_exact_ref,9489.234,0,6,169489,10848128
fuzzydedup,6,0,enron_full_494836,no_exact_ref,7991.197,0,7,197034,12611520
fuzzydedup,4,0,enron_full_494836,no_exact_ref,6404.262,0,5,140955,9021632
fuzzydedup,6,0,enron_full_495207,no_exact_ref,8418.864,0,7,194887,12472768
fuzzydedup,4,0,enron_full_495207,no_exact_ref,7771.213,0,5,139973,8958272
fuzzydedup,5,0,enron_full_495207,no_exact_ref,7737.899,0,6,168810,10803840
fuzzydedup,4,0,enron_full_496303,no_exact_ref,6457.721,0,5,133491,8543424
fuzzydedup,5,0,enron_full_496303,no_exact_ref,7139.256,0,6,160514,10272896
fuzzydedup,6,0,enron_full_496303,no_exact_ref,8531.760,0,7,186103,11910592
fuzzydedup,5,0,enron_full_497180,exact_ref,3909.665,1,0,73068,4676544
fuzzydedup,6,0,enron_full_497180,exact_ref,3256.551,1,0,81626,5224256
fuzzydedup,4,0,enron_full_497180,exact_ref,2256.572,1,0,63482,4063040
fuzzydedup,6,0,enron_full_498346,no_exact_ref,7382.946,0,7,197034,12610176
fuzzydedup,4,0,enron_full_498346,no_exact_ref,6452.986,0,5,140955,9021120
fuzzydedup,5,0,enron_full_498346,no_exact_ref,7435.534,0,6,169489,10847296
fuzzydedup,4,0,enron_full_498425,exact_ref,2182.204,1,0,42038,2690624
fuzzydedup,5,0,enron_full_498425,exact_ref,2977.380,1,0,47686,3052096
fuzzydedup,6,0,enron_full_498425,exact_ref,2426.971,1,0,52288,3346624
fuzzydedup,5,0,enron_full_498832,exact_ref,1183.338,1,0,12328,789184
fuzzydedup,6,0,enron_full_498832,exact_ref,1191.996,1,0,15355,982912
fuzzydedup,4,0,enron_full_498832,exact_ref,744.556,1,0,9642,617280
fuzzydedup,6,0,enron_full_499190,exact_ref,1093.916,1,0,16470,1054272
fuzzydedup,4,0,enron_full_499190,exact_ref,979.249,1,0,10121,647936
fuzzydedup,5,0,enron_full_499190,exact_ref,1053.326,1,0,13148,841664
fuzzydedup,4,0,enron_full_499335,exact_ref,1541.874,1,0,32167,2058880
fuzzydedup,5,0,enron_full_499335,exact_ref,1511.493,1,0,35650,2281792
fuzzydedup,6,0,enron_full_499335,exact_ref,1577.486,1,0,38598,2470464
fuzzydedup,5,0,enron_full_500125,exact_ref,1557.940,1,0,41670,2667072
fuzzydedup,6,0,enron_full_500125,exact_ref,1751.876,1,0,45153,2889984
fuzzydedup,4,0,enron_full_500125,exact_ref,1664.219,1,0,37068,2372544
fuzzydedup,6,0,enron_full_500480,exact_ref,849.186,1,0,12157,778240
fuzzydedup,4,0,enron_full_500480,exact_ref,780.598,1,0,7574,484928
fuzzydedup,5,0,enron_full_500480,exact_ref,868.126,1,0,9806,627776
fuzzydedup,4,0,enron_full_500856,exact_ref,1910.178,1,0,32270,2065472
fuzzydedup,5,0,enron_full_500856,exact_ref,1940.814,1,0,37918,2426944
fuzzydedup,6,0,enron_full_500856,exact_ref,2043.439,1,0,42520,2721472
fuzzydedup,5,0,enron_full_501389,exact_ref,2108.730,1,0,47805,3059712
fuzzydedup,6,0,enron_full_501389,exact_ref,2860.404,1,0,52407,3354240
fuzzydedup,4,0,enron_full_501389,exact_ref,2217.296,1,0,42157,2698240
fuzzydedup,6,0,enron_full_501995,no_exact_ref,1778.228,1,0,38862,2487360
fuzzydedup,4,0,enron_full_501995,no_exact_ref,1520.802,1,0,32431,2075776
fuzzydedup,5,0,enron_full_501995,no_exact_ref,1603.872,1,0,35914,2298688
fuzzydedup,4,0,enron_full_503996,no_exact_ref,4553.503,0,5,105124,6727936
fuzzydedup,5,0,enron_full_503996,no_exact_ref,5152.230,0,6,126879,8120256
fuzzydedup,6,0,enron_full_503996,no_exact_ref,5942.823,0,7,148499,9503936
fuzzydedup,5,0,enron_full_504214,no_exact_ref,3415.536,0,6,69703,4460992
fuzzydedup,6,0,enron_full_504214,no_exact_ref,4276.206,0,7,83781,5361984
fuzzydedup,4,0,enron_full_504214,no_exact_ref,3797.446,0,5,56325,3604800
fuzzydedup,6,0,enron_full_504672,exact_ref,3376.347,1,0,64073,4100864
fuzzydedup,4,0,enron_full_504672,exact_ref,2437.059,1,0,48085,3077632
fuzzydedup,5,0,enron_full_504672,exact_ref,2424.497,1,0,56643,3625344
fuzzydedup,4,0,enron_full_506077,no_exact_ref,2264.415,0,5,50866,3255424
fuzzydedup,5,0,enron_full_506077,no_exact_ref,2653.198,0,6,63363,4055232
fuzzydedup,6,0,enron_full_506077,no_exact_ref,2750.215,0,7,76712,4909568
fuzzydedup,5,0,enron_full_506313,no_exact_ref,6030.339,0,6,122217,7821888
fuzzydedup,6,0,enron_full_506313,no_exact_ref,6492.017,0,7,144058,9219712
fuzzydedup,4,0,enron_full_506313,no_exact_ref,6611.046,0,5,100182,6411648
fuzzydedup,6,0,enron_full_506691,no_exact_ref,7002.959,0,7,169255,10832320
fuzzydedup,4,0,enron_full_506691,no_exact_ref,4990.687,0,5,120641,7721024
fuzzydedup,5,0,enron_full_506691,no_exact_ref,5625.326,0,6,145606,9318784
fuzzydedup,4,0,enron_full_506951,no_exact_ref,5404.795,0,5,132999,8511936
fuzzydedup,5,0,enron_full_506951,no_exact_ref,7520.188,0,6,159592,10213888
fuzzydedup,6,0,enron_full_506951,no_exact_ref,7885.172,0,7,184939,11836096
fuzzydedup,5,0,enron_full_508297,exact_ref,1222.036,1,0,17605,1126912
fuzzydedup,6,0,enron_full_508297,exact_ref,1398.796,1,0,22841,1462016
fuzzydedup,4,0,enron_full_508297,exact_ref,990.644,1,0,13409,858368
fuzzydedup,6,0,enron_full_508633,no_exact_ref,1255.783,1,0,25171,1611136
fuzzydedup,4,0,enron_full_508633,no_exact_ref,1018.045,1,0,20967,1342080
fuzzydedup,5,0,enron_full_508633,no_exact_ref,1084.080,1,0,23356,1494976
fuzzydedup,4,0,enron_full_509309,exact_ref,2919.166,1,0,64987,4159360
fuzzydedup,5,0,enron_full_509309,exact_ref,3038.883,1,0,75669,4843008
fuzzydedup,6,0,enron_full_509309,exact_ref,3526.447,1,0,85255,5456512
fuzzydedup,5,0,enron_full_509898,exact_ref,2822.736,1,0,57854,3702848
fuzzydedup,6,0,enron_full_509898,exact_ref,3500.641,1,0,71183,4555968
fuzzydedup,4,0,enron_full_509898,exact_ref,3476.702,1,0,46160,2954432
fuzzydedup,6,0,enron_full_511005,exact_ref,2141.941,1,0,42212,2701888
fuzzydedup,4,0,enron_full_511005,exact_ref,1766.477,1,0,34127,2184320
fuzzydedup,5,0,enron_full_511005,exact_ref,1767.565,1,0,38729,2478976
fuzzydedup,4,0,enron_full_513543,no_exact_ref,5195.541,0,5,100182,6411648
fuzzydedup,5,0,enron_full_513543,no_exact_ref,5573.945,0,6,122217,7821888
fuzzydedup,6,0,enron_full_513543,no_exact_ref,6396.380,0,7,144058,9219712
fuzzydedup,5,0,enron_full_513857,exact_ref,4684.653,1,0,95447,6108800
fuzzydedup,6,0,enron_full_513857,exact_ref,5945.079,1,0,109830,7029312
fuzzydedup,4,0,enron_full_513857,exact_ref,4533.878,1,0,79939,5116288
fuzzydedup,6,0,enron_full_514823,no_exact_ref,4801.447,0,7,102455,6557120
fuzzydedup,4,0,enron_full_514823,no_exact_ref,3665.580,0,5,69400,4441600
fuzzydedup,5,0,enron_full_514823,no_exact_ref,3568.944,0,6,85290,5458560
fuzzydedup,4,0,enron_full_514984,exact_ref,2014.386,1,0,33360,2135232
fuzzydedup,5,0,enron_full_514984,exact_ref,2400.575,1,0,42805,2739712
fuzzydedup,6,0,enron_full_514984,exact_ref,2371.795,1,0,52861,3383296
fuzzydedup,5,0,enron_full_515092,no_exact_ref,7590.029,0,6,154598,9894272
fuzzydedup,6,0,enron_full_515092,no_exact_ref,8768.467,0,7,180015,11520960
fuzzydedup,4,0,enron_full_515092,no_exact_ref,5935.544,0,5,128135,8200640
fuzzydedup,6,0,enron_full_515627,no_exact_ref,7209.637,0,7,190614,12199296
fuzzydedup,4,0,enron_full_515627,no_exact_ref,6188.815,0,5,137103,8774592
fuzzydedup,5,0,enron_full_515627,no_exact_ref,8100.928,0,6,164671,10538944
fuzzydedup,4,0,enron_full_515714,no_exact_ref,6405.692,0,5,137103,8774592
fuzzydedup,5,0,enron_full_515714,no_exact_ref,6660.893,0,6,164671,10538944
fuzzydedup,6,0,enron_full_515714,no_exact_ref,6800.143,0,7,190614,12199296
fuzzydedup,5,0,enron_full_516032,exact_ref,3112.385,1,0,73585,4709632
fuzzydedup,6,0,enron_full_516032,exact_ref,3155.042,1,0,82143,5257344
fuzzydedup,4,0,enron_full_516032,exact_ref,2519.664,1,0,63999,4096128
fuzzydedup,6,0,enron_full_516843,no_exact_ref,8089.843,0,7,169255,10832320
fuzzydedup,4,0,enron_full_516843,no_exact_ref,5241.733,0,5,120641,7721024
fuzzydedup,5,0,enron_full_516843,no_exact_ref,5808.338,0,6,145606,9318784
fuzzydedup,4,0,enron_full_516871,no_exact_ref,3999.948,0,5,92244,5903616
fuzzydedup,5,0,enron_full_516871,no_exact_ref,5474.460,0,6,113036,7234304
fuzzydedup,6,0,enron_full_516871,no_exact_ref,7083.952,0,7,133357,8534848
fuzzydedup,5,1,enron_full_000202,exact_ref,4515.982,1,0,72621,4647936
fuzzydedup,6,1,enron_full_000202,exact_ref,4134.182,1,0,84428,5403584
fuzzydedup,4,1,enron_full_000202,exact_ref,3338.451,1,0,59273,3793664
fuzzydedup,6,1,enron_full_000664,exact_ref,569.110,1,0,6118,391744
fuzzydedup,4,1,enron_full_000664,exact_ref,205.187,1,0,5179,331648
fuzzydedup,5,1,enron_full_000664,exact_ref,192.001,1,0,5738,367424
fuzzydedup,4,1,enron_full_001289,no_exact_ref,2592.618,0,5,50202,3212928
fuzzydedup,5,1,enron_full_001289,no_exact_ref,3081.187,0,6,62674,4011136
fuzzydedup,6,1,enron_full_001289,no_exact_ref,3380.275,0,7,75416,4826624
fuzzydedup,5,1,enron_full_001379,no_exact_ref,7433.070,0,6,154598,9894272
fuzzydedup,6,1,enron_full_001379,no_exact_ref,9159.953,0,7,180015,11520960
fuzzydedup,4,1,enron_full_001379,no_exact_ref,6071.685,0,5,128135,8200640
fuzzydedup,6,1,enron_full_001488,no_exact_ref,7629.466,0,7,172289,11026496
fuzzydedup,4,1,enron_full_001488,no_exact_ref,5966.828,0,5,121972,7806208
fuzzydedup,5,1,enron_full_001488,no_exact_ref,6855.204,0,6,147636,9448704
fuzzydedup,4,1,enron_full_001525,exact_ref,1498.282,1,0,19975,1278592
fuzzydedup,5,1,enron_full_001525,exact_ref,2001.526,1,0,22923,1467264
fuzzydedup,6,1,enron_full_001525,exact_ref,1661.936,1,0,25312,1620160
fuzzydedup,5,1,enron_full_002220,exact_ref,157.039,1,0,2319,148608
fuzzydedup,6,1,enron_full_002220,exact_ref,99.682,1,0,2918,186944
fuzzydedup,4,1,enron_full_002220,exact_ref,53.616,1,0,1769,113408
fuzzydedup,6,1,enron_full_004616,exact_ref,3833.157,1,0,79639,5097088
fuzzydedup,4,1,enron_full_004616,exact_ref,3085.755,1,0,57150,3657792
fuzzydedup,5,1,enron_full_004616,exact_ref,3423.293,1,0,68957,4413440
fuzzydedup,4,1,enron_full_005913,exact_ref,795.938,1,0,8716,558016
fuzzydedup,5,1,enron_full_005913,exact_ref,557.525,1,0,9831,629376
fuzzydedup,6,1,enron_full_005913,exact_ref,299.859,1,0,10537,674560
fuzzydedup,5,1,enron_full_006211,exact_ref,683.335,1,0,14537,930560
fuzzydedup,6,1,enron_full_006211,exact_ref,861.190,1,0,15652,1001920
fuzzydedup,4,1,enron_full_006211,exact_ref,862.172,1,0,12995,831872
fuzzydedup,6,1,enron_full_006276,exact_ref,823.805,1,0,8764,561088
fuzzydedup,4,1,enron_full_006276,exact_ref,643.297,1,0,5061,324096
fuzzydedup,5,1,enron_full_006276,exact_ref,735.996,1,0,6811,436096
fuzzydedup,4,1,enron_full_006379,no_exact_ref,5473.480,0,5,127462,8157568
fuzzydedup,5,1,enron_full_006379,no_exact_ref,13714.748,0,6,153267,9809088
fuzzydedup,6,1,enron_full_006379,no_exact_ref,13410.264,0,7,177736,11375104
fuzzydedup,5,1,enron_full_006771,exact_ref,4186.422,1,0,54073,3460864
fuzzydedup,6,1,enron_full_006771,exact_ref,3599.300,1,0,61503,3936384
fuzzydedup,4,1,enron_full_006771,exact_ref,2631.562,1,0,45515,2913152
fuzzydedup,6,1,enron_full_007411,no_exact_ref,8371.234,0,7,180015,11520960
fuzzydedup,4,1,enron_full_007411,no_exact_ref,5795.835,0,5,128135,8200640
fuzzydedup,5,1,enron_full_007411,no_exact_ref,6686.319,0,6,154598,9894272
fuzzydedup,4,1,enron_full_008064,exact_ref,3672.173,1,0,64384,4120768
fuzzydedup,5,1,enron_full_008064,exact_ref,3784.179,1,0,79892,5113280
fuzzydedup,6,1,enron_full_008064,exact_ref,4647.788,1,0,94275,6033792
fuzzydedup,5,1,enron_full_008136,no_exact_ref,5352.786,0,6,113036,7234624
fuzzydedup,6,1,enron_full_008136,no_exact_ref,5848.190,0,7,133357,8535744
fuzzydedup,4,1,enron_full_008136,no_exact_ref,3821.804,0,5,92244,5903808
fuzzydedup,6,1,enron_full_008648,exact_ref,2689.790,1,0,54534,3490368
fuzzydedup,4,1,enron_full_008648,exact_ref,2189.180,1,0,40882,2616640
fuzzydedup,5,1,enron_full_008648,exact_ref,2285.641,1,0,48312,3092160
fuzzydedup,4,1,enron_full_008924,exact_ref,2908.590,1,0,53639,3433088
fuzzydedup,5,1,enron_full_008924,exact_ref,2752.746,1,0,64321,4116736
fuzzydedup,6,1,enron_full_008924,exact_ref,2892.120,1,0,73907,4730240
fuzzydedup,5,1,enron_full_009142,exact_ref,1861.380,1,0,42673,2731264
fuzzydedup,6,1,enron_full_009142,exact_ref,2321.070,1,0,48321,3092736
fuzzydedup,4,1,enron_full_009142,exact_ref,2021.640,1,0,36451,2333056
fuzzydedup,6,1,enron_full_009200,exact_ref,1512.987,1,0,30514,1953088
fuzzydedup,4,1,enron_full_009200,exact_ref,1340.532,1,0,24083,1541504
fuzzydedup,5,1,enron_full_009200,exact_ref,1333.655,1,0,27566,1764416
fuzzydedup,4,1,enron_full_009568,no_exact_ref,4444.968,0,5,113227,7246528
fuzzydedup,5,1,enron_full_009568,no_exact_ref,5625.114,0,6,136629,8744256
fuzzydedup,6,1,enron_full_009568,no_exact_ref,6361.084,0,7,159258,10192512
fuzzydedup,5,1,enron_full_009735,no_exact_ref,5852.618,0,6,159592,10213888
fuzzydedup,6,1,enron_full_009735,no_exact_ref,7025.632,0,7,184939,11836096
fuzzydedup,4,1,enron_full_009735,no_exact_ref,5423.184,0,5,132999,8511936
fuzzydedup,6,1,enron_full_011924,exact_ref,4339.783,1,0,95894,6137408
fuzzydedup,4,1,enron_full_011924,exact_ref,3533.581,1,0,63515,4065152
fuzzydedup,5,1,enron_full_011924,exact_ref,4198.151,1,0,79922,5115200
fuzzydedup,4,1,enron_full_012156,exact_ref,2004.399,1,0,25457,1629440
fuzzydedup,5,1,enron_full_012156,exact_ref,2001.065,1,0,33703,2157184
fuzzydedup,6,1,enron_full_012156,exact_ref,2180.787,1,0,43148,2761664
fuzzydedup,5,1,enron_full_012651,exact_ref,3986.992,1,0,78305,5011712
fuzzydedup,6,1,enron_full_012651,exact_ref,4868.492,1,0,94712,6061760
fuzzydedup,4,1,enron_full_012651,exact_ref,3588.478,1,0,62086,3973696
fuzzydedup,6,1,enron_full_013576,exact_ref,4691.880,1,0,95791,6130816
fuzzydedup,4,1,enron_full_013576,exact_ref,3532.716,1,0,63165,4042752
fuzzydedup,5,1,enron_full_013576,exact_ref,4098.002,1,0,79384,5080768
fuzzydedup,4,1,enron_full_013941,exact_ref,3654.794,1,0,61988,3967424
fuzzydedup,5,1,enron_full_013941,exact_ref,3629.633,1,0,78207,5005440
fuzzydedup,6,1,enron_full_013941,exact_ref,4334.266,1,0,94614,6055488
fuzzydedup,5,1,enron_full_014539,exact_ref,1388.316,1,0,19674,1259328
fuzzydedup,6,1,enron_full_014539,exact_ref,1436.282,1,0,24734,1583168
fuzzydedup,4,1,enron_full_014539,exact_ref,992.683,1,0,14438,924224
fuzzydedup,6,1,enron_full_014678,exact_ref,3682.814,1,0,69989,4479488
fuzzydedup,4,1,enron_full_014678,exact_ref,2338.181,1,0,42463,2717824
fuzzydedup,5,1,enron_full_014678,exact_ref,2883.469,1,0,55792,3570880
fuzzydedup,4,1,enron_full_015568,exact_ref,1798.659,1,0,25483,1631104
fuzzydedup,5,1,enron_full_015568,exact_ref,1920.286,1,0,33729,2158848
fuzzydedup,6,1,enron_full_015568,exact_ref,2453.739,1,0,43174,2763328
fuzzydedup,5,1,enron_full_015698,exact_ref,4123.363,1,0,73577,4709120
fuzzydedup,6,1,enron_full_015698,exact_ref,4685.389,1,0,89488,5727424
fuzzydedup,4,1,enron_full_015698,exact_ref,3276.776,1,0,57816,3700416
fuzzydedup,6,1,enron_full_016017,exact_ref,4350.307,1,0,89472,5726400
fuzzydedup,4,1,enron_full_016017,exact_ref,3514.572,1,0,57800,3699392
fuzzydedup,5,1,enron_full_016017,exact_ref,3493.421,1,0,73561,4708096
fuzzydedup,4,1,enron_full_017189,exact_ref,3852.142,1,0,61726,3950656
fuzzydedup,5,1,enron_full_017189,exact_ref,3844.017,1,0,75548,4835264
fuzzydedup,6,1,enron_full_017189,exact_ref,4148.235,1,0,88896,5689536
fuzzydedup,5,1,enron_full_018163,no_exact_ref,944.645,0,6,15488,991232
fuzzydedup,6,1,enron_full_018163,no_exact_ref,1081.453,0,7,20240,1295360
fuzzydedup,4,1,enron_full_018163,no_exact_ref,730.448,0,5,11730,750720
fuzzydedup,6,1,enron_full_018755,exact_ref,4674.124,1,0,96124,6152128
fuzzydedup,4,1,enron_full_018755,exact_ref,3529.582,1,0,65083,4165504
fuzzydedup,5,1,enron_full_018755,exact_ref,4293.435,1,0,80616,5159616
fuzzydedup,4,1,enron_full_019153,exact_ref,500.403,1,0,3982,255040
fuzzydedup,5,1,enron_full_019153,exact_ref,180.564,1,0,4362,279360
fuzzydedup,6,1,enron_full_019153,exact_ref,171.096,1,0,4638,297024
fuzzydedup,5,1,enron_full_019201,exact_ref,3613.412,1,0,81504,5216448
fuzzydedup,6,1,enron_full_019201,exact_ref,4186.714,1,0,97415,6234752
fuzzydedup,4,1,enron_full_019201,exact_ref,3550.197,1,0,65743,4207744
fuzzydedup,6,1,enron_full_019604,no_exact_ref,8529.621,0,7,194887,12472768
fuzzydedup,4,1,enron_full_019604,no_exact_ref,6775.386,0,5,139973,8958272
fuzzydedup,5,1,enron_full_019604,no_exact_ref,7468.396,0,6,168810,10803840
fuzzydedup,4,1,enron_full_019949,exact_ref,4084.543,1,0,65087,4165760
fuzzydedup,5,1,enron_full_019949,exact_ref,4631.494,1,0,80620,5159872
fuzzydedup,6,1,enron_full_019949,exact_ref,4825.024,1,0,96128,6152384
fuzzydedup,5,1,enron_full_020401,no_exact_ref,5926.682,0,6,116994,7487616
fuzzydedup,6,1,enron_full_020401,no_exact_ref,5426.123,0,7,137129,8776256
fuzzydedup,4,1,enron_full_020401,no_exact_ref,4656.783,0,5,95838,6133632
fuzzydedup,6,1,enron_full_020951,exact_ref,3866.334,1,0,74282,4754240
fuzzydedup,4,1,enron_full_020951,exact_ref,2710.369,1,0,54014,3457088
fuzzydedup,5,1,enron_full_020951,exact_ref,2854.689,1,0,64696,4140736
fuzzydedup,4,1,enron_full_021195,exact_ref,2934.901,1,0,46513,2977024
fuzzydedup,5,1,enron_full_021195,exact_ref,3091.060,1,0,60710,3885632
fuzzydedup,6,1,enron_full_021195,exact_ref,4663.638,1,0,75422,4827200
fuzzydedup,5,1,enron_full_021224,exact_ref,2248.436,1,4,21471,1382912
fuzzydedup,6,1,enron_full_021224,exact_ref,2636.752,1,6,32732,2106048
fuzzydedup,4,1,enron_full_021224,exact_ref,1718.651,1,4,5252,338752
fuzzydedup,6,1,enron_full_021900,exact_ref,368.881,1,0,1768,113344
fuzzydedup,4,1,enron_full_021900,exact_ref,102.998,1,0,1534,98368
fuzzydedup,5,1,enron_full_021900,exact_ref,97.194,1,0,1684,107968
fuzzydedup,4,1,enron_full_022531,exact_ref,3144.696,1,0,60470,3870272
fuzzydedup,5,1,enron_full_022531,exact_ref,4178.837,1,0,76381,4888576
fuzzydedup,6,1,enron_full_022531,exact_ref,4409.306,1,0,92600,5926592
fuzzydedup,5,1,enron_full_022683,exact_ref,2528.666,1,0,54618,3495744
fuzzydedup,6,1,enron_full_022683,exact_ref,3246.310,1,0,62048,3971264
fuzzydedup,4,1,enron_full_022683,exact_ref,2407.417,1,0,46060,2948032
fuzzydedup,6,1,enron_full_022865,exact_ref,4697.689,1,0,92429,5915648
fuzzydedup,4,1,enron_full_022865,exact_ref,4257.152,1,0,64224,4110528
fuzzydedup,5,1,enron_full_022865,exact_ref,5503.906,1,0,78607,5031040
fuzzydedup,4,1,enron_full_022972,exact_ref,2334.615,1,0,36928,2363584
fuzzydedup,5,1,enron_full_022972,exact_ref,2273.166,1,0,43150,2761792
fuzzydedup,6,1,enron_full_022972,exact_ref,2378.164,1,0,48798,3123264
fuzzydedup,5,1,enron_full_024952,no_exact_ref,113.994,0,6,1290,82560
fuzzydedup,6,1,enron_full_024952,no_exact_ref,56.597,0,7,1550,99200
fuzzydedup,4,1,enron_full_024952,no_exact_ref,40.855,0,5,1057,67648
fuzzydedup,6,1,enron_full_025050,exact_ref,5315.925,1,0,94907,6074240
fuzzydedup,4,1,enron_full_025050,exact_ref,3917.407,1,0,62281,3986176
fuzzydedup,5,1,enron_full_025050,exact_ref,4035.906,1,0,78500,5024192
fuzzydedup,4,1,enron_full_026603,exact_ref,3604.413,1,0,60003,3840384
fuzzydedup,5,1,enron_full_026603,exact_ref,3446.599,1,0,73351,4694656
fuzzydedup,6,1,enron_full_026603,exact_ref,3564.501,1,0,85158,5450304
fuzzydedup,5,1,enron_full_026721,exact_ref,2940.023,1,0,46563,2980288
fuzzydedup,6,1,enron_full_026721,exact_ref,3347.979,1,0,58257,3728704
fuzzydedup,4,1,enron_full_026721,exact_ref,2185.313,1,0,35512,2273024
fuzzydedup,6,1,enron_full_027643,exact_ref,1958.720,1,0,36385,2328832
fuzzydedup,4,1,enron_full_027643,exact_ref,1635.992,1,0,28300,1811392
fuzzydedup,5,1,enron_full_027643,exact_ref,1618.107,1,0,32902,2105920
fuzzydedup,4,1,enron_full_027693,exact_ref,2606.585,1,0,39131,2504576
fuzzydedup,5,1,enron_full_027693,exact_ref,2724.100,1,0,50825,3252992
fuzzydedup,6,1,enron_full_027693,exact_ref,4237.864,1,0,64154,4106048
fuzzydedup,5,1,enron_full_027925,exact_ref,4558.268,1,0,65423,4187264
fuzzydedup,6,1,enron_full_027925,exact_ref,4486.306,1,0,80684,5163968
fuzzydedup,4,1,enron_full_027925,exact_ref,2728.759,1,0,50711,3245696
fuzzydedup,6,1,enron_full_028250,exact_ref,4241.478,1,0,85143,5449344
fuzzydedup,4,1,enron_full_028250,exact_ref,3470.095,1,0,59988,3839424
fuzzydedup,5,1,enron_full_028250,exact_ref,3627.596,1,0,73336,4693696
fuzzydedup,4,1,enron_full_028591,exact_ref,3988.142,1,0,64949,4156928
fuzzydedup,5,1,enron_full_028591,exact_ref,4203.173,1,0,80921,5179136
fuzzydedup,6,1,enron_full_028591,exact_ref,4849.759,1,0,96454,6173248
fuzzydedup,5,1,enron_full_028607,no_exact_ref,6532.156,0,6,168125,10760000
fuzzydedup,6,1,enron_full_028607,no_exact_ref,7241.965,0,7,194644,12457216
fuzzydedup,4,1,enron_full_028607,no_exact_ref,5930.858,0,5,139516,8929024
fuzzydedup,6,1,enron_full_029506,no_exact_ref,7344.048,0,7,191555,12259520
fuzzydedup,4,1,enron_full_029506,no_exact_ref,5763.173,0,5,137769,8817216
fuzzydedup,5,1,enron_full_029506,no_exact_ref,6612.396,0,6,164996,10559744
fuzzydedup,4,1,enron_full_030144,exact_ref,173.230,1,0,2293,146944
fuzzydedup,5,1,enron_full_030144,exact_ref,84.907,1,0,3055,195712
fuzzydedup,6,1,enron_full_030144,exact_ref,81.737,1,0,3987,255360
fuzzydedup,5,1,enron_full_031433,exact_ref,4038.645,1,0,76393,4889344
fuzzydedup,6,1,enron_full_031433,exact_ref,4213.794,1,0,92612,5927360
fuzzydedup,4,1,enron_full_031433,exact_ref,3213.195,1,0,60482,3871040
fuzzydedup,6,1,enron_full_031542,exact_ref,3367.354,1,0,74243,4751744
fuzzydedup,4,1,enron_full_031542,exact_ref,2584.586,1,0,53975,3454592
fuzzydedup,5,1,enron_full_031542,exact_ref,2725.756,1,0,64657,4138240
fuzzydedup,4,1,enron_full_031612,exact_ref,2518.073,1,0,50670,3243072
fuzzydedup,5,1,enron_full_031612,exact_ref,4248.018,1,0,65382,4184640
fuzzydedup,6,1,enron_full_031612,exact_ref,4479.533,1,0,80643,5161344
fuzzydedup,5,1,enron_full_031680,exact_ref,4094.017,1,0,78477,5022720
fuzzydedup,6,1,enron_full_031680,exact_ref,4215.383,1,0,92299,5907328
fuzzydedup,4,1,enron_full_031680,exact_ref,3487.040,1,0,64094,4102208
fuzzydedup,6,1,enron_full_032079,no_exact_ref,3197.150,0,7,76712,4909568
fuzzydedup,4,1,enron_full_032079,no_exact_ref,2083.681,0,5,50866,3255424
fuzzydedup,5,1,enron_full_032079,no_exact_ref,2335.043,0,6,63363,4055232
fuzzydedup,4,1,enron_full_032704,exact_ref,3740.005,1,0,62162,3978560
fuzzydedup,5,1,enron_full_032704,exact_ref,3759.966,1,0,78381,5016576
fuzzydedup,6,1,enron_full_032704,exact_ref,4676.100,1,0,94788,6066624
fuzzydedup,5,1,enron_full_033187,no_exact_ref,5937.252,0,6,147636,9448768
fuzzydedup,6,1,enron_full_033187,no_exact_ref,7116.766,0,7,172289,11026560
fuzzydedup,4,1,enron_full_033187,no_exact_ref,5409.174,0,5,121972,7806272
fuzzydedup,6,1,enron_full_033628,no_exact_ref,4205.266,1,0,91416,5850816
fuzzydedup,4,1,enron_full_033628,no_exact_ref,3920.369,1,0,60394,3865408
fuzzydedup,5,1,enron_full_033628,no_exact_ref,4550.321,1,0,75655,4842112
fuzzydedup,4,1,enron_full_034178,no_exact_ref,7133.642,0,5,139973,8958272
fuzzydedup,5,1,enron_full_034178,no_exact_ref,7995.182,0,6,168810,10803840
fuzzydedup,6,1,enron_full_034178,no_exact_ref,9179.043,0,7,194887,12472768
fuzzydedup,5,1,enron_full_034530,no_exact_ref,2116.027,0,6,35649,2281536
fuzzydedup,6,1,enron_full_034530,no_exact_ref,2690.794,0,7,43148,2761472
fuzzydedup,4,1,enron_full_034530,no_exact_ref,1653.960,0,5,28839,1845696
fuzzydedup,6,1,enron_full_035481,no_exact_ref,7091.417,0,7,159258,10192512
fuzzydedup,4,1,enron_full_035481,no_exact_ref,5066.602,0,5,113227,7246528
fuzzydedup,5,1,enron_full_035481,no_exact_ref,6033.420,0,6,136629,8744256
fuzzydedup,4,1,enron_full_035578,no_exact_ref,3106.799,0,5,50202,3212928
fuzzydedup,5,1,enron_full_035578,no_exact_ref,3249.282,0,6,62674,4011200
fuzzydedup,6,1,enron_full_035578,no_exact_ref,3348.655,0,7,75416,4826688
fuzzydedup,5,1,enron_full_035695,no_exact_ref,4612.328,0,6,103384,6616576
fuzzydedup,6,1,enron_full_035695,no_exact_ref,6362.318,0,7,123332,7893248
fuzzydedup,4,1,enron_full_035695,no_exact_ref,3930.304,0,5,84127,5384128
fuzzydedup,6,1,enron_full_035726,no_exact_ref,5844.810,0,7,137129,8776256
fuzzydedup,4,1,enron_full_035726,no_exact_ref,4415.248,0,5,95838,6133632
fuzzydedup,5,1,enron_full_035726,no_exact_ref,4708.136,0,6,116994,7487616
fuzzydedup,4,1,enron_full_035827,no_exact_ref,4577.671,0,5,113227,7246528
fuzzydedup,5,1,enron_full_035827,no_exact_ref,5434.589,0,6,136629,8744256
fuzzydedup,6,1,enron_full_035827,no_exact_ref,6289.604,0,7,159258,10192512
fuzzydedup,5,1,enron_full_035969,no_exact_ref,5782.149,0,6,153267,9809088
fuzzydedup,6,1,enron_full_035969,no_exact_ref,6965.272,0,7,177736,11375104
fuzzydedup,4,1,enron_full_035969,no_exact_ref,5410.773,0,5,127462,8157568
fuzzydedup,6,1,enron_full_035998,no_exact_ref,5028.864,0,7,137129,8776256
fuzzydedup,4,1,enron_full_035998,no_exact_ref,3784.992,0,5,95838,6133632
fuzzydedup,5,1,enron_full_035998,no_exact_ref,4443.719,0,6,116994,7487616
fuzzydedup,4,1,enron_full_038008,no_exact_ref,3927.851,0,5,92244,5903616
fuzzydedup,5,1,enron_full_038008,no_exact_ref,5352.612,0,6,113036,7234304
fuzzydedup,6,1,enron_full_038008,no_exact_ref,6080.560,0,7,133357,8534848
fuzzydedup,5,1,enron_full_040212,no_exact_ref,6234.538,0,6,164671,10538944
fuzzydedup,6,1,enron_full_040212,no_exact_ref,6823.548,0,7,190614,12199296
fuzzydedup,4,1,enron_full_040212,no_exact_ref,5582.121,0,5,137103,8774592
fuzzydedup,6,1,enron_full_040615,exact_ref,4247.365,1,0,96823,6196864
fuzzydedup,4,1,enron_full_040615,exact_ref,3240.488,1,0,65782,4210240
fuzzydedup,5,1,enron_full_040615,exact_ref,4020.566,1,0,81315,5204352
fuzzydedup,4,1,enron_full_041235,exact_ref,561.809,1,0,5365,343552
fuzzydedup,5,1,enron_full_041235,exact_ref,207.279,1,0,5924,379328
fuzzydedup,6,1,enron_full_041235,exact_ref,210.102,1,0,6304,403648
fuzzydedup,5,1,enron_full_042132,exact_ref,2610.862,1,0,54997,3520000
fuzzydedup,6,1,enron_full_042132,exact_ref,2814.602,1,0,62427,3995520
fuzzydedup,4,1,enron_full_042132,exact_ref,2199.299,1,0,46439,2972288
fuzzydedup,6,1,enron_full_045885,exact_ref,4280.490,1,0,95249,6096128
fuzzydedup,4,1,enron_full_045885,exact_ref,3764.852,1,0,65358,4183104
fuzzydedup,5,1,enron_full_045885,exact_ref,3907.131,1,0,80866,5175616
fuzzydedup,4,1,enron_full_046009,exact_ref,3331.244,1,0,65747,4208000
fuzzydedup,5,1,enron_full_046009,exact_ref,4232.714,1,0,81280,5202112
fuzzydedup,6,1,enron_full_046009,exact_ref,4327.427,1,0,96788,6194624
fuzzydedup,5,1,enron_full_046306,exact_ref,5507.819,1,0,79105,5062912
fuzzydedup,6,1,enron_full_046306,exact_ref,4070.391,1,0,92927,5947520
fuzzydedup,4,1,enron_full_046306,exact_ref,3383.084,1,0,64722,4142400
fuzzydedup,6,1,enron_full_046840,exact_ref,2329.465,1,0,35152,2249920
fuzzydedup,4,1,enron_full_046840,exact_ref,1366.286,1,0,20926,1339456
fuzzydedup,5,1,enron_full_046840,exact_ref,1365.977,1,0,27700,1772992
fuzzydedup,4,1,enron_full_047084,no_exact_ref,5471.414,0,5,137103,8774592
fuzzydedup,5,1,enron_full_047084,no_exact_ref,6114.939,0,6,164671,10538944
fuzzydedup,6,1,enron_full_047084,no_exact_ref,7179.637,0,7,190614,12199296
fuzzydedup,5,1,enron_full_047376,exact_ref,1343.277,1,0,23508,1504704
fuzzydedup,6,1,enron_full_047376,exact_ref,1198.831,1,0,25897,1657600
fuzzydedup,4,1,enron_full_047376,exact_ref,1015.127,1,0,20560,1316032
fuzzydedup,6,1,enron_full_047738,exact_ref,1383.494,1,0,24913,1594624
fuzzydedup,4,1,enron_full_047738,exact_ref,926.128,1,0,14617,935680
fuzzydedup,5,1,enron_full_047738,exact_ref,1232.100,1,0,19853,1270784
fuzzydedup,4,1,enron_full_047772,no_exact_ref,5604.239,0,5,132999,8511936
fuzzydedup,5,1,enron_full_047772,no_exact_ref,6095.543,0,6,159592,10213888
fuzzydedup,6,1,enron_full_047772,no_exact_ref,7373.729,0,7,184939,11836096
fuzzydedup,5,1,enron_full_048185,no_exact_ref,7501.683,0,6,164996,10559744
fuzzydedup,6,1,enron_full_048185,no_exact_ref,8278.548,0,7,191555,12259520
fuzzydedup,4,1,enron_full_048185,no_exact_ref,6188.796,0,5,137769,8817216
fuzzydedup,6,1,enron_full_048713,no_exact_ref,3532.800,0,7,75416,4826624
fuzzydedup,4,1,enron_full_048713,no_exact_ref,2429.247,0,5,50202,3212928
fuzzydedup,5,1,enron_full_048713,no_exact_ref,2873.583,0,6,62674,4011136
fuzzydedup,4,1,enron_full_049016,no_exact_ref,1200.103,0,5,25353,1622592
fuzzydedup,5,1,enron_full_049016,no_exact_ref,1494.084,0,6,32008,2048512
fuzzydedup,6,1,enron_full_049016,no_exact_ref,1781.043,0,7,38406,2457984
fuzzydedup,5,1,enron_full_049875,no_exact_ref,7369.944,0,6,169489,10847296
fuzzydedup,6,1,enron_full_049875,no_exact_ref,7424.420,0,7,197034,12610176
fuzzydedup,4,1,enron_full_049875,no_exact_ref,6059.282,0,5,140955,9021120
fuzzydedup,6,1,enron_full_050163,exact_ref,2853.219,1,0,62605,4006912
fuzzydedup,4,1,enron_full_050163,exact_ref,2394.443,1,0,46617,2983680
fuzzydedup,5,1,enron_full_050163,exact_ref,2613.053,1,0,55175,3531392
fuzzydedup,4,1,enron_full_050258,exact_ref,3915.733,1,0,65960,4221632
fuzzydedup,5,1,enron_full_050258,exact_ref,4685.413,1,0,81493,5215744
fuzzydedup,6,1,enron_full_050258,exact_ref,4901.968,1,0,97001,6208256
fuzzydedup,5,1,enron_full_050705,no_exact_ref,7604.848,0,6,169489,10847296
fuzzydedup,6,1,enron_full_050705,no_exact_ref,9092.669,0,7,197034,12610176
fuzzydedup,4,1,enron_full_050705,no_exact_ref,6713.372,0,5,140955,9021120
fuzzydedup,6,1,enron_full_050719,no_exact_ref,8652.225,0,7,194887,12472768
fuzzydedup,4,1,enron_full_050719,no_exact_ref,7190.922,0,5,139973,8958272
fuzzydedup,5,1,enron_full_050719,no_exact_ref,9195.912,0,6,168810,10803840
fuzzydedup,4,1,enron_full_051118,no_exact_ref,8008.322,0,5,128135,8200640
fuzzydedup,5,1,enron_full_051118,no_exact_ref,7636.623,0,6,154598,9894272
fuzzydedup,6,1,enron_full_051118,no_exact_ref,10398.954,0,7,180015,11520960
fuzzydedup,5,1,enron_full_051633,no_exact_ref,6117.756,0,6,94423,6043072
fuzzydedup,6,1,enron_full_051633,no_exact_ref,5087.988,0,7,112816,7220224
fuzzydedup,4,1,enron_full_051633,no_exact_ref,3777.026,0,5,75858,4854912
fuzzydedup,6,1,enron_full_052109,exact_ref,4189.182,1,2,62589,4005888
fuzzydedup,4,1,enron_full_052109,exact_ref,2398.001,1,2,33680,2155712
fuzzydedup,5,1,enron_full_052109,exact_ref,2510.941,1,2,47877,3064320
fuzzydedup,4,1,enron_full_052243,exact_ref,4007.504,1,0,61533,3938304
fuzzydedup,5,1,enron_full_052243,exact_ref,4107.543,1,0,75355,4822912
fuzzydedup,6,1,enron_full_052243,exact_ref,4286.618,1,0,88703,5677184
fuzzydedup,5,1,enron_full_052699,no_exact_ref,7310.706,0,6,154598,9894272
fuzzydedup,6,1,enron_full_052699,no_exact_ref,7682.935,0,7,180015,11520960
fuzzydedup,4,1,enron_full_052699,no_exact_ref,5784.507,0,5,128135,8200640
fuzzydedup,6,1,enron_full_052941,no_exact_ref,5805.077,0,7,137129,8776256
fuzzydedup,4,1,enron_full_052941,no_exact_ref,4203.092,0,5,95838,6133632
fuzzydedup,5,1,enron_full_052941,no_exact_ref,4999.931,0,6,116994,7487616
fuzzydedup,4,1,enron_full_053517,no_exact_ref,4650.683,0,5,105124,6727936
fuzzydedup,5,1,enron_full_053517,no_exact_ref,5250.048,0,6,126879,8120256
fuzzydedup,6,1,enron_full_053517,no_exact_ref,5801.235,0,7,148499,9503936
fuzzydedup,5,1,enron_full_053522,no_exact_ref,4483.198,0,6,116994,7487616
fuzzydedup,6,1,enron_full_053522,no_exact_ref,5074.755,0,7,137129,8776256
fuzzydedup,4,1,enron_full_053522,no_exact_ref,3864.722,0,5,95838,6133632
fuzzydedup,6,1,enron_full_054174,no_exact_ref,7586.638,0,7,197034,12610176
fuzzydedup,4,1,enron_full_054174,no_exact_ref,6008.090,0,5,140955,9021120
fuzzydedup,5,1,enron_full_054174,no_exact_ref,7085.596,0,6,169489,10847296
fuzzydedup,4,1,enron_full_055270,no_exact_ref,5866.684,0,5,141284,9042176
fuzzydedup,5,1,enron_full_055270,no_exact_ref,7090.205,0,6,169864,10871296
fuzzydedup,6,1,enron_full_055270,no_exact_ref,7935.577,0,7,197015,12608960
fuzzydedup,5,1,enron_full_055462,exact_ref,4059.906,1,0,80400,5145792
fuzzydedup,6,1,enron_full_055462,exact_ref,4196.849,1,0,94222,6030400
fuzzydedup,4,1,enron_full_055462,exact_ref,3666.329,1,0,66017,4225280
fuzzydedup,6,1,enron_full_056138,exact_ref,4960.232,1,0,98191,6285952
fuzzydedup,4,1,enron_full_056138,exact_ref,3782.484,1,0,66686,4268864
fuzzydedup,5,1,enron_full_056138,exact_ref,4050.204,1,0,82658,5291072
fuzzydedup,4,1,enron_full_056670,exact_ref,3849.790,1,0,65790,4211264
fuzzydedup,5,1,enron_full_056670,exact_ref,4014.788,1,0,80173,5133632
fuzzydedup,6,1,enron_full_056670,exact_ref,4194.498,1,0,93995,6019584
fuzzydedup,5,1,enron_full_056953,no_exact_ref,5604.857,0,6,122217,7821888
fuzzydedup,6,1,enron_full_056953,no_exact_ref,6012.290,0,7,144058,9219712
fuzzydedup,4,1,enron_full_056953,no_exact_ref,5306.835,0,5,100182,6411648
fuzzydedup,6,1,enron_full_057268,exact_ref,5241.080,1,0,98043,6275072
fuzzydedup,4,1,enron_full_057268,exact_ref,4118.697,1,0,66538,4258752
fuzzydedup,5,1,enron_full_057268,exact_ref,4387.578,1,0,82510,5280960
fuzzydedup,4,1,enron_full_057321,no_exact_ref,982.889,0,5,10047,643008
fuzzydedup,5,1,enron_full_057321,no_exact_ref,956.436,0,6,12599,806336
fuzzydedup,6,1,enron_full_057321,no_exact_ref,1003.563,0,7,15381,984384
fuzzydedup,5,1,enron_full_057826,no_exact_ref,915.620,0,6,14232,910848
fuzzydedup,6,1,enron_full_057826,no_exact_ref,877.700,0,7,17182,1099648
fuzzydedup,4,1,enron_full_057826,no_exact_ref,738.318,0,5,11364,727296
fuzzydedup,6,1,enron_full_058046,exact_ref,4713.950,1,0,91065,5828352
fuzzydedup,4,1,enron_full_058046,exact_ref,3769.792,1,0,59393,3801344
fuzzydedup,5,1,enron_full_058046,exact_ref,3578.722,1,0,75154,4810048
fuzzydedup,4,1,enron_full_058254,exact_ref,1903.968,1,0,33421,2139136
fuzzydedup,5,1,enron_full_058254,exact_ref,1833.536,1,0,39069,2500608
fuzzydedup,6,1,enron_full_058254,exact_ref,2048.824,1,0,43671,2795136
fuzzydedup,5,1,enron_full_058415,no_exact_ref,5305.216,0,6,126879,8120256
fuzzydedup,6,1,enron_full_058415,no_exact_ref,5188.145,0,7,148499,9503936
fuzzydedup,4,1,enron_full_058415,no_exact_ref,4043.415,0,5,105124,6727936
fuzzydedup,6,1,enron_full_059797,exact_ref,4508.913,1,0,86039,5506688
fuzzydedup,4,1,enron_full_059797,exact_ref,3488.502,1,0,55017,3521280
fuzzydedup,5,1,enron_full_059797,exact_ref,3591.738,1,0,70278,4497984
fuzzydedup,4,1,enron_full_060370,exact_ref,2106.060,1,0,42594,2726208
fuzzydedup,5,1,enron_full_060370,exact_ref,2268.768,1,0,50024,3201728
fuzzydedup,6,1,enron_full_060370,exact_ref,2337.832,1,0,56246,3599936
fuzzydedup,5,1,enron_full_060846,exact_ref,3327.614,1,0,71171,4555136
fuzzydedup,6,1,enron_full_060846,exact_ref,3373.479,1,0,81853,5238784
fuzzydedup,4,1,enron_full_060846,exact_ref,2841.017,1,0,59364,3799488
fuzzydedup,6,1,enron_full_062151,exact_ref,2739.693,1,0,63209,4045568
fuzzydedup,4,1,enron_full_062151,exact_ref,2315.992,1,0,47221,3022336
fuzzydedup,5,1,enron_full_062151,exact_ref,2313.028,1,0,55779,3570048
fuzzydedup,4,1,enron_full_062439,exact_ref,2376.500,1,0,47216,3022016
fuzzydedup,5,1,enron_full_062439,exact_ref,2331.676,1,0,55774,3569728
fuzzydedup,6,1,enron_full_062439,exact_ref,2614.521,1,0,63204,4045248
fuzzydedup,5,1,enron_full_063833,exact_ref,3780.019,1,0,75096,4806336
fuzzydedup,6,1,enron_full_063833,exact_ref,4424.595,1,0,91007,5824640
fuzzydedup,4,1,enron_full_063833,exact_ref,3765.367,1,0,59335,3797632
fuzzydedup,6,1,enron_full_063839,exact_ref,4516.923,1,0,94125,6024192
fuzzydedup,4,1,enron_full_063839,exact_ref,3396.358,1,0,61995,3967872
fuzzydedup,5,1,enron_full_063839,exact_ref,3969.459,1,0,77906,4986176
fuzzydedup,4,1,enron_full_064172,exact_ref,2678.777,1,0,47286,3026496
fuzzydedup,5,1,enron_full_064172,exact_ref,3084.053,1,0,55844,3574208
fuzzydedup,6,1,enron_full_064172,exact_ref,3599.489,1,0,63274,4049728
fuzzydedup,5,1,enron_full_064231,exact_ref,1214.034,1,0,19954,1277248
fuzzydedup,6,1,enron_full_064231,exact_ref,1124.149,1,0,21769,1393408
fuzzydedup,4,1,enron_full_064231,exact_ref,954.274,1,0,17565,1124352
fuzzydedup,6,1,enron_full_064607,exact_ref,5352.996,1,0,97512,6240960
fuzzydedup,4,1,enron_full_064607,exact_ref,4356.088,1,0,65133,4168704
fuzzydedup,5,1,enron_full_064607,exact_ref,4524.590,1,0,81540,5218752
fuzzydedup,4,1,enron_full_065332,exact_ref,2677.967,1,0,51882,3320640
fuzzydedup,5,1,enron_full_065332,exact_ref,2908.909,1,0,61468,3934144
fuzzydedup,6,1,enron_full_065332,exact_ref,3570.844,1,0,70026,4481856
fuzzydedup,5,1,enron_full_065814,exact_ref,1409.068,1,0,28771,1841536
fuzzydedup,6,1,enron_full_065814,exact_ref,1598.490,1,0,31719,2030208
fuzzydedup,4,1,enron_full_065814,exact_ref,1348.918,1,0,25288,1618624
fuzzydedup,6,1,enron_full_066742,no_exact_ref,8965.643,0,7,191555,12259520
fuzzydedup,4,1,enron_full_066742,no_exact_ref,6619.824,0,5,137769,8817216
fuzzydedup,5,1,enron_full_066742,no_exact_ref,7719.947,0,6,164996,10559744
fuzzydedup,4,1,enron_full_067365,exact_ref,2374.809,1,0,42221,2702336
fuzzydedup,5,1,enron_full_067365,exact_ref,2734.651,1,0,49651,3177856
fuzzydedup,6,1,enron_full_067365,exact_ref,2691.930,1,0,55873,3576064
fuzzydedup,5,1,enron_full_067727,exact_ref,1786.394,1,0,38814,2484288
fuzzydedup,6,1,enron_full_067727,exact_ref,1846.629,1,0,43416,2778816
fuzzydedup,4,1,enron_full_067727,exact_ref,1588.420,1,0,33166,2122816
fuzzydedup,6,1,enron_full_067752,exact_ref,4689.058,1,0,96157,6154240
fuzzydedup,4,1,enron_full_067752,exact_ref,4472.376,1,0,66266,4241216
fuzzydedup,5,1,enron_full_067752,exact_ref,4292.848,1,0,81774,5233728
fuzzydedup,4,1,enron_full_068258,no_exact_ref,5997.743,0,5,140955,9021120
fuzzydedup,5,1,enron_full_068258,no_exact_ref,6804.386,0,6,169489,10847296
fuzzydedup,6,1,enron_full_068258,no_exact_ref,11137.598,0,7,197034,12610176
fuzzydedup,5,1,enron_full_068541,no_exact_ref,3431.756,1,1,63283,4050304
fuzzydedup,6,1,enron_full_068541,no_exact_ref,3887.859,1,1,77105,4934912
fuzzydedup,4,1,enron_full_068541,no_exact_ref,2927.407,1,1,48900,3129792
fuzzydedup,6,1,enron_full_068714,no_exact_ref,2195.202,1,0,39343,2518144
fuzzydedup,4,1,enron_full_068714,no_exact_ref,1177.174,1,0,23645,1513472
fuzzydedup,5,1,enron_full_068714,no_exact_ref,1946.646,1,0,31097,1990400
fuzzydedup,4,1,enron_full_068948,no_exact_ref,3367.598,0,5,75858,4854912
fuzzydedup,5,1,enron_full_068948,no_exact_ref,4183.975,0,6,94423,6043072
fuzzydedup,6,1,enron_full_068948,no_exact_ref,4201.640,0,7,112816,7220224
fuzzydedup,5,1,enron_full_069168,exact_ref,4196.403,1,0,82105,5254912
fuzzydedup,6,1,enron_full_069168,exact_ref,4572.872,1,0,97638,6249024
fuzzydedup,4,1,enron_full_069168,exact_ref,3709.073,1,0,66133,4232704
fuzzydedup,6,1,enron_full_069488,no_exact_ref,7505.174,0,7,186103,11910720
fuzzydedup,4,1,enron_full_069488,no_exact_ref,6255.005,0,5,133491,8543424
fuzzydedup,5,1,enron_full_069488,no_exact_ref,6822.723,0,6,160514,10272896
fuzzydedup,4,1,enron_full_070382,no_exact_ref,6424.055,0,5,121972,7806208
fuzzydedup,5,1,enron_full_070382,no_exact_ref,6049.029,0,6,147636,9448704
fuzzydedup,6,1,enron_full_070382,no_exact_ref,7100.871,0,7,172289,11026496
fuzzydedup,5,1,enron_full_071706,exact_ref,4117.872,1,0,77623,4968064
fuzzydedup,6,1,enron_full_071706,exact_ref,4618.445,1,0,93842,6006080
fuzzydedup,4,1,enron_full_071706,exact_ref,3439.398,1,0,61712,3949760
fuzzydedup,6,1,enron_full_071944,exact_ref,3802.500,1,0,75466,4830016
fuzzydedup,4,1,enron_full_071944,exact_ref,3033.904,1,0,55198,3532864
fuzzydedup,5,1,enron_full_071944,exact_ref,3150.164,1,0,65880,4216512
fuzzydedup,4,1,enron_full_072801,exact_ref,644.330,1,0,9127,584320
fuzzydedup,5,1,enron_full_072801,exact_ref,553.592,1,0,10242,655680
fuzzydedup,6,1,enron_full_072801,exact_ref,298.118,1,0,10948,700864
fuzzydedup,5,1,enron_full_073237,exact_ref,3882.896,1,0,77160,4938816
fuzzydedup,6,1,enron_full_073237,exact_ref,4273.306,1,0,90508,5793088
fuzzydedup,4,1,enron_full_073237,exact_ref,3667.247,1,0,63338,4054208
fuzzydedup,6,1,enron_full_075726,exact_ref,2805.882,1,0,55649,3561728
fuzzydedup,4,1,enron_full_075726,exact_ref,2216.081,1,0,41997,2688000
fuzzydedup,5,1,enron_full_075726,exact_ref,2576.862,1,0,49427,3163520
fuzzydedup,4,1,enron_full_076089,exact_ref,2362.250,1,0,46790,2994752
fuzzydedup,5,1,enron_full_076089,exact_ref,2409.682,1,0,55348,3542464
fuzzydedup,6,1,enron_full_076089,exact_ref,2922.929,1,0,62778,4017984
fuzzydedup,5,1,enron_full_078045,no_exact_ref,7105.550,0,6,164671,10538944
fuzzydedup,6,1,enron_full_078045,no_exact_ref,8448.233,0,7,190614,12199296
fuzzydedup,4,1,enron_full_078045,no_exact_ref,6223.388,0,5,137103,8774592
fuzzydedup,6,1,enron_full_078949,exact_ref,2622.689,1,0,49551,3171456
fuzzydedup,4,1,enron_full_078949,exact_ref,2250.971,1,0,37681,2411776
fuzzydedup,5,1,enron_full_078949,exact_ref,2480.013,1,0,43903,2809984
fuzzydedup,4,1,enron_full_080332,no_exact_ref,3782.199,0,5,87103,5574592
fuzzydedup,5,1,enron_full_080332,no_exact_ref,4174.850,0,6,106088,6789632
fuzzydedup,6,1,enron_full_080332,no_exact_ref,5177.913,0,7,125079,8005056
fuzzydedup,5,1,enron_full_080731,exact_ref,4434.727,1,0,79613,5095552
fuzzydedup,6,1,enron_full_080731,exact_ref,4618.308,1,0,93435,5980480
fuzzydedup,4,1,enron_full_080731,exact_ref,4132.269,1,0,65230,4175040
fuzzydedup,6,1,enron_full_081565,exact_ref,4846.466,1,0,86241,5519616
fuzzydedup,4,1,enron_full_081565,exact_ref,3932.195,1,0,55219,3534208
fuzzydedup,5,1,enron_full_081565,exact_ref,4167.707,1,0,70480,4510912
fuzzydedup,4,1,enron_full_081601,exact_ref,3126.904,1,0,55159,3530368
fuzzydedup,5,1,enron_full_081601,exact_ref,2982.796,1,0,65841,4214016
fuzzydedup,6,1,enron_full_081601,exact_ref,3400.701,1,0,75427,4827520
fuzzydedup,5,1,enron_full_081707,exact_ref,967.157,1,0,13877,888320
fuzzydedup,6,1,enron_full_081707,exact_ref,1234.263,1,0,17713,1133824
fuzzydedup,4,1,enron_full_081707,exact_ref,998.523,1,0,10555,675712
fuzzydedup,6,1,enron_full_082681,no_exact_ref,6254.561,0,7,159258,10192512
fuzzydedup,4,1,enron_full_082681,no_exact_ref,4767.138,0,5,113227,7246528
fuzzydedup,5,1,enron_full_082681,no_exact_ref,5513.076,0,6,136629,8744256
fuzzydedup,4,1,enron_full_085442,exact_ref,3850.381,1,0,62110,3975232
fuzzydedup,5,1,enron_full_085442,exact_ref,3947.386,1,0,78021,4993536
fuzzydedup,6,1,enron_full_085442,exact_ref,4419.111,1,0,94240,6031552
fuzzydedup,5,1,enron_full_085751,exact_ref,4207.114,1,0,81900,5241792
fuzzydedup,6,1,enron_full_085751,exact_ref,4683.782,1,0,97872,6264000
fuzzydedup,4,1,enron_full_085751,exact_ref,3782.441,1,0,65493,4191744
fuzzydedup,6,1,enron_full_086327,no_exact_ref,3028.439,0,7,66020,4225344
fuzzydedup,4,1,enron_full_086327,no_exact_ref,2849.457,0,5,43095,2758144
fuzzydedup,5,1,enron_full_086327,no_exact_ref,2488.696,0,6,54223,3470336
fuzzydedup,4,1,enron_full_087697,no_exact_ref,2119.845,0,5,35794,2290816
fuzzydedup,5,1,enron_full_087697,no_exact_ref,2148.069,0,6,44800,2867200
fuzzydedup,6,1,enron_full_087697,no_exact_ref,2998.912,0,7,54205,3469120
fuzzydedup,5,1,enron_full_088138,exact_ref,4308.063,1,0,75263,4817024
fuzzydedup,6,1,enron_full_088138,exact_ref,5144.882,1,0,91174,5835328
fuzzydedup,4,1,enron_full_088138,exact_ref,3999.042,1,0,59502,3808320
fuzzydedup,6,1,enron_full_088307,exact_ref,1726.296,1,0,31852,2038720
fuzzydedup,4,1,enron_full_088307,exact_ref,1445.377,1,0,25421,1627136
fuzzydedup,5,1,enron_full_088307,exact_ref,1505.193,1,0,28904,1850048
fuzzydedup,4,1,enron_full_088336,exact_ref,2845.486,1,0,43714,2797888
fuzzydedup,5,1,enron_full_088336,exact_ref,3452.303,1,0,57043,3650944
fuzzydedup,6,1,enron_full_088336,exact_ref,3530.128,1,0,71240,4559552
fuzzydedup,5,1,enron_full_089344,exact_ref,4759.955,1,0,82645,5289472
fuzzydedup,6,1,enron_full_089344,exact_ref,4978.226,1,0,98153,6281984
fuzzydedup,4,1,enron_full_089344,exact_ref,3739.423,1,0,67112,4295360
fuzzydedup,6,1,enron_full_089451,exact_ref,2355.112,1,0,50203,3213184
fuzzydedup,4,1,enron_full_089451,exact_ref,2126.002,1,0,38333,2453504
fuzzydedup,5,1,enron_full_089451,exact_ref,1944.870,1,0,44555,2851712
fuzzydedup,4,1,enron_full_090248,exact_ref,3667.738,1,0,67122,4296000
fuzzydedup,5,1,enron_full_090248,exact_ref,4586.308,1,0,82655,5290112
fuzzydedup,6,1,enron_full_090248,exact_ref,4596.134,1,0,98163,6282816
fuzzydedup,5,1,enron_full_091044,exact_ref,3943.729,1,0,82856,5302976
fuzzydedup,6,1,enron_full_091044,exact_ref,4508.961,1,0,98389,6297088
fuzzydedup,4,1,enron_full_091044,exact_ref,3750.058,1,0,66884,4280768
fuzzydedup,6,1,enron_full_091307,exact_ref,2851.120,1,6,37878,2436288
fuzzydedup,4,1,enron_full_091307,exact_ref,2513.947,1,4,34650,2235392
fuzzydedup,5,1,enron_full_091307,exact_ref,3124.469,1,4,50869,3281792
fuzzydedup,4,1,enron_full_092251,no_exact_ref,3309.768,0,5,77883,4984512
fuzzydedup,5,1,enron_full_092251,no_exact_ref,4124.419,0,6,95188,6092032
fuzzydedup,6,1,enron_full_092251,no_exact_ref,4346.292,0,7,112519,7201216
fuzzydedup,5,1,enron_full_092316,no_exact_ref,5276.974,0,6,145606,9318784
fuzzydedup,6,1,enron_full_092316,no_exact_ref,6449.730,0,7,169255,10832320
fuzzydedup,4,1,enron_full_092316,no_exact_ref,4838.262,0,5,120641,7721024
fuzzydedup,6,1,enron_full_092765,no_exact_ref,4029.182,0,7,112519,7201216
fuzzydedup,4,1,enron_full_092765,no_exact_ref,2736.500,0,5,77883,4984512
fuzzydedup,5,1,enron_full_092765,no_exact_ref,3683.901,0,6,95188,6092032
fuzzydedup,4,1,enron_full_093576,no_exact_ref,5488.733,0,5,128135,8200640
fuzzydedup,5,1,enron_full_093576,no_exact_ref,6760.967,0,6,154598,9894272
fuzzydedup,6,1,enron_full_093576,no_exact_ref,7437.157,0,7,180015,11520960
fuzzydedup,5,1,enron_full_094577,exact_ref,723.996,1,0,4942,316544
fuzzydedup,6,1,enron_full_094577,exact_ref,637.124,1,0,6280,402176
fuzzydedup,4,1,enron_full_094577,exact_ref,589.796,1,0,3790,242752
fuzzydedup,6,1,enron_full_094590,no_exact_ref,7659.567,0,7,194644,12457280
fuzzydedup,4,1,enron_full_094590,no_exact_ref,5895.269,0,5,139516,8929024
fuzzydedup,5,1,enron_full_094590,no_exact_ref,6811.001,0,6,168125,10760000
fuzzydedup,4,1,enron_full_094757,no_exact_ref,5715.932,0,5,132999,8511936
fuzzydedup,5,1,enron_full_094757,no_exact_ref,6454.108,0,6,159592,10213888
fuzzydedup,6,1,enron_full_094757,no_exact_ref,6960.610,0,7,184939,11836096
fuzzydedup,5,1,enron_full_095403,exact_ref,4145.328,1,0,80620,5159872
fuzzydedup,6,1,enron_full_095403,exact_ref,4913.377,1,0,96153,6153984
fuzzydedup,4,1,enron_full_095403,exact_ref,3593.445,1,0,64648,4137664
fuzzydedup,6,1,enron_full_096327,exact_ref,1092.283,1,0,15909,1018368
fuzzydedup,4,1,enron_full_096327,exact_ref,931.199,1,0,9560,612032
fuzzydedup,5,1,enron_full_096327,exact_ref,927.766,1,0,12587,805760
fuzzydedup,4,1,enron_full_096329,exact_ref,2203.481,1,0,32984,2111168
fuzzydedup,5,1,enron_full_096329,exact_ref,2251.057,1,0,43040,2754752
fuzzydedup,6,1,enron_full_096329,exact_ref,3041.445,1,0,54091,3462016
fuzzydedup,5,1,enron_full_098210,exact_ref,1160.307,1,0,23140,1481152
fuzzydedup,6,1,enron_full_098210,exact_ref,1176.283,1,0,25529,1634048
fuzzydedup,4,1,enron_full_098210,exact_ref,1014.686,1,0,20192,1292480
fuzzydedup,6,1,enron_full_098535,exact_ref,4417.733,1,0,95850,6134592
fuzzydedup,4,1,enron_full_098535,exact_ref,3394.388,1,0,63471,4062336
fuzzydedup,5,1,enron_full_098535,exact_ref,4181.918,1,0,79878,5112384
fuzzydedup,4,1,enron_full_098599,exact_ref,3634.377,1,0,61801,3955456
fuzzydedup,5,1,enron_full_098599,exact_ref,3679.617,1,0,78020,4993472
fuzzydedup,6,1,enron_full_098599,exact_ref,4660.422,1,0,94427,6043520
fuzzydedup,5,1,enron_full_098973,exact_ref,3888.465,1,0,75243,4815744
fuzzydedup,6,1,enron_full_098973,exact_ref,4146.009,1,0,88591,5670016
fuzzydedup,4,1,enron_full_098973,exact_ref,3205.961,1,0,61421,3931136
fuzzydedup,6,1,enron_full_099013,exact_ref,4114.944,1,0,92800,5939456
fuzzydedup,4,1,enron_full_099013,exact_ref,3613.781,1,0,64595,4134272
fuzzydedup,5,1,enron_full_099013,exact_ref,4019.996,1,0,78978,5054784
fuzzydedup,4,1,enron_full_099531,exact_ref,3265.022,1,0,62602,4006720
fuzzydedup,5,1,enron_full_099531,exact_ref,3965.763,1,0,78513,5025024
fuzzydedup,6,1,enron_full_099531,exact_ref,4410.430,1,0,94732,6063040
fuzzydedup,5,1,enron_full_100323,exact_ref,4285.991,1,0,82688,5297792
fuzzydedup,6,1,enron_full_100323,exact_ref,4588.885,1,0,97071,6221696
fuzzydedup,4,1,enron_full_100323,exact_ref,3556.407,1,0,67180,4302784
fuzzydedup,6,1,enron_full_100466,exact_ref,4529.350,1,0,98831,6325376
fuzzydedup,4,1,enron_full_100466,exact_ref,3596.909,1,0,67790,4338752
fuzzydedup,5,1,enron_full_100466,exact_ref,4207.666,1,0,83323,5332864
fuzzydedup,4,1,enron_full_101174,exact_ref,4572.701,1,0,64537,4130560
fuzzydedup,5,1,enron_full_101174,exact_ref,3726.370,1,0,80756,5168576
fuzzydedup,6,1,enron_full_101174,exact_ref,4851.801,1,0,97163,6218624
fuzzydedup,5,1,enron_full_101274,exact_ref,2866.572,1,0,47651,3049856
fuzzydedup,6,1,enron_full_101274,exact_ref,2822.875,1,0,59345,3798272
fuzzydedup,4,1,enron_full_101274,exact_ref,2042.396,1,0,36600,2342592
fuzzydedup,6,1,enron_full_102532,exact_ref,4686.290,1,0,98724,6318528
fuzzydedup,4,1,enron_full_102532,exact_ref,3674.646,1,0,67683,4331904
fuzzydedup,5,1,enron_full_102532,exact_ref,4135.376,1,0,83216,5326016
fuzzydedup,4,1,enron_full_102695,exact_ref,3746.607,1,0,67490,4319552
fuzzydedup,5,1,enron_full_102695,exact_ref,4028.891,1,0,83462,5341760
fuzzydedup,6,1,enron_full_102695,exact_ref,4629.849,1,0,98995,6335872
fuzzydedup,5,1,enron_full_102774,exact_ref,2774.034,1,0,34643,2217344
fuzzydedup,6,1,enron_full_102774,exact_ref,2726.606,1,0,44088,2821824
fuzzydedup,4,1,enron_full_102774,exact_ref,1952.940,1,0,26397,1689600
fuzzydedup,6,1,enron_full_103426,exact_ref,4974.224,1,0,97501,6240256
fuzzydedup,4,1,enron_full_103426,exact_ref,4932.198,1,0,67610,4327232
fuzzydedup,5,1,enron_full_103426,exact_ref,5015.916,1,0,83118,5319744
fuzzydedup,4,1,enron_full_103581,exact_ref,2816.478,1,0,48119,3079808
fuzzydedup,5,1,enron_full_103581,exact_ref,2860.864,1,0,56677,3627520
fuzzydedup,6,1,enron_full_103581,exact_ref,3884.787,1,0,64107,4103040
fuzzydedup,5,1,enron_full_104396,no_exact_ref,6302.977,0,6,116994,7487616
fuzzydedup,6,1,enron_full_104396,no_exact_ref,5553.037,0,7,137129,8776256
fuzzydedup,4,1,enron_full_104396,no_exact_ref,5540.519,0,5,95838,6133632
fuzzydedup,6,1,enron_full_104402,exact_ref,3689.576,1,0,84578,5413184
fuzzydedup,4,1,enron_full_104402,exact_ref,3286.051,1,0,59423,3803264
fuzzydedup,5,1,enron_full_104402,exact_ref,3392.421,1,0,72771,4657536
fuzzydedup,4,1,enron_full_104423,no_exact_ref,3129.669,0,5,77883,4984512
fuzzydedup,5,1,enron_full_104423,no_exact_ref,3893.342,0,6,95188,6092032
fuzzydedup,6,1,enron_full_104423,no_exact_ref,4067.952,0,7,112519,7201216
fuzzydedup,5,1,enron_full_104598,exact_ref,3301.223,1,0,72782,4658240
fuzzydedup,6,1,enron_full_104598,exact_ref,3585.643,1,0,84589,5413888
fuzzydedup,4,1,enron_full_104598,exact_ref,3085.744,1,0,59434,3803968
fuzzydedup,6,1,enron_full_105565,exact_ref,3255.108,1,0,76676,4907456
fuzzydedup,4,1,enron_full_105565,exact_ref,2467.573,1,0,56408,3610304
fuzzydedup,5,1,enron_full_105565,exact_ref,2722.972,1,0,67090,4293952
fuzzydedup,4,1,enron_full_105930,exact_ref,3189.481,1,0,64496,4127936
fuzzydedup,5,1,enron_full_105930,exact_ref,3741.597,1,0,78318,5012544
fuzzydedup,6,1,enron_full_105930,exact_ref,4152.536,1,0,91666,5866816
fuzzydedup,5,1,enron_full_106126,exact_ref,3179.676,1,0,67060,4292416
fuzzydedup,6,1,enron_full_106126,exact_ref,4842.820,1,0,76646,4905920
fuzzydedup,4,1,enron_full_106126,exact_ref,2731.878,1,0,56378,3608576
fuzzydedup,6,1,enron_full_106135,exact_ref,2905.748,1,0,64043,4098944
fuzzydedup,4,1,enron_full_106135,exact_ref,2535.578,1,0,48055,3075712
fuzzydedup,5,1,enron_full_106135,exact_ref,2495.477,1,0,56613,3623424
fuzzydedup,4,1,enron_full_108529,exact_ref,2920.775,1,0,43937,2812160
fuzzydedup,5,1,enron_full_108529,exact_ref,3113.614,1,0,57266,3665216
fuzzydedup,6,1,enron_full_108529,exact_ref,3239.658,1,0,71463,4573824
fuzzydedup,5,1,enron_full_108654,exact_ref,4336.349,1,0,80617,5159680
fuzzydedup,6,1,enron_full_108654,exact_ref,5093.513,1,0,97024,6209728
fuzzydedup,4,1,enron_full_108654,exact_ref,3726.346,1,0,64398,4121664
fuzzydedup,6,1,enron_full_108933,exact_ref,4293.556,1,0,91580,5861504
fuzzydedup,4,1,enron_full_108933,exact_ref,3891.314,1,0,64410,4122624
fuzzydedup,5,1,enron_full_108933,exact_ref,4036.716,1,0,78232,5007232
fuzzydedup,4,1,enron_full_108996,exact_ref,1969.396,1,0,33815,2164352
fuzzydedup,5,1,enron_full_108996,exact_ref,2010.783,1,0,39463,2525824
fuzzydedup,6,1,enron_full_108996,exact_ref,2001.660,1,0,44065,2820352
fuzzydedup,5,1,enron_full_109605,exact_ref,4753.118,1,0,82436,5276096
fuzzydedup,6,1,enron_full_109605,exact_ref,4986.032,1,0,98408,6298304
fuzzydedup,4,1,enron_full_109605,exact_ref,3687.504,1,0,66029,4226048
fuzzydedup,6,1,enron_full_110370,exact_ref,4465.834,1,0,87223,5582464
fuzzydedup,4,1,enron_full_110370,exact_ref,3821.746,1,0,56201,3597056
fuzzydedup,5,1,enron_full_110370,exact_ref,4137.415,1,0,71462,4573760
fuzzydedup,4,1,enron_full_111197,no_exact_ref,6524.504,0,5,140955,9021120
fuzzydedup,5,1,enron_full_111197,no_exact_ref,7063.651,0,6,169489,10847296
fuzzydedup,6,1,enron_full_111197,no_exact_ref,7737.593,0,7,197034,12610176
fuzzydedup,5,1,enron_full_111665,exact_ref,3822.475,1,0,75629,4840448
fuzzydedup,6,1,enron_full_111665,exact_ref,4694.303,1,0,91540,5858752
fuzzydedup,4,1,enron_full_111665,exact_ref,3587.034,1,0,59868,3831744
fuzzydedup,6,1,enron_full_111904,exact_ref,4474.785,1,0,98560,6308032
fuzzydedup,4,1,enron_full_111904,exact_ref,3343.375,1,0,67519,4321408
fuzzydedup,5,1,enron_full_111904,exact_ref,4274.220,1,0,83052,5315520
fuzzydedup,4,1,enron_full_112694,exact_ref,3256.389,1,0,60641,3881216
fuzzydedup,5,1,enron_full_112694,exact_ref,3618.279,1,0,72448,4636864
fuzzydedup,6,1,enron_full_112694,exact_ref,3604.575,1,0,83130,5320512
fuzzydedup,5,1,enron_full_113971,exact_ref,969.690,1,0,12537,802560
fuzzydedup,6,1,enron_full_113971,exact_ref,843.506,1,0,13652,873920
fuzzydedup,4,1,enron_full_113971,exact_ref,843.707,1,0,10995,703872
fuzzydedup,6,1,enron_full_114650,exact_ref,2218.203,1,0,50140,3209152
fuzzydedup,4,1,enron_full_114650,exact_ref,1944.084,1,0,39890,2553152
fuzzydedup,5,1,enron_full_114650,exact_ref,2038.260,1,0,45538,2914624
fuzzydedup,4,1,enron_full_115626,no_exact_ref,5687.298,0,5,137103,8774592
fuzzydedup,5,1,enron_full_115626,no_exact_ref,6331.882,0,6,164671,10538944
fuzzydedup,6,1,enron_full_115626,no_exact_ref,7246.354,0,7,190614,12199296
fuzzydedup,5,1,enron_full_116065,exact_ref,1470.734,1,0,29368,1879744
fuzzydedup,6,1,enron_full_116065,exact_ref,1396.493,1,0,32316,2068416
fuzzydedup,4,1,enron_full_116065,exact_ref,1213.249,1,0,25885,1656832
fuzzydedup,6,1,enron_full_116692,exact_ref,1513.198,1,0,32289,2066688
fuzzydedup,4,1,enron_full_116692,exact_ref,1169.076,1,0,25858,1655104
fuzzydedup,5,1,enron_full_116692,exact_ref,1245.139,1,0,29341,1878016
fuzzydedup,4,1,enron_full_117087,exact_ref,2422.325,1,0,48317,3092480
fuzzydedup,5,1,enron_full_117087,exact_ref,2597.566,1,0,56875,3640192
fuzzydedup,6,1,enron_full_117087,exact_ref,3047.834,1,0,64305,4115712
fuzzydedup,5,1,enron_full_117441,exact_ref,3807.734,1,0,78660,5034432
fuzzydedup,6,1,enron_full_117441,exact_ref,3862.441,1,0,92008,5888704
fuzzydedup,4,1,enron_full_117441,exact_ref,3628.722,1,0,64838,4149824
fuzzydedup,6,1,enron_full_117988,exact_ref,3062.690,1,0,64290,4114752
fuzzydedup,4,1,enron_full_117988,exact_ref,2267.031,1,0,48302,3091520
fuzzydedup,5,1,enron_full_117988,exact_ref,2532.885,1,0,56860,3639232
fuzzydedup,4,1,enron_full_118247,exact_ref,981.223,1,0,14638,937024
fuzzydedup,5,1,enron_full_118247,exact_ref,912.458,1,0,16453,1053184
fuzzydedup,6,1,enron_full_118247,exact_ref,825.331,1,0,17995,1151872
fuzzydedup,5,1,enron_full_118573,exact_ref,2373.089,1,0,56891,3641216
fuzzydedup,6,1,enron_full_118573,exact_ref,2726.035,1,0,64321,4116736
fuzzydedup,4,1,enron_full_118573,exact_ref,2463.464,1,0,48333,3093504
fuzzydedup,6,1,enron_full_119068,exact_ref,2141.903,1,0,50800,3251392
fuzzydedup,4,1,enron_full_119068,exact_ref,1779.072,1,0,38930,2491712
fuzzydedup,5,1,enron_full_119068,exact_ref,2025.828,1,0,45152,2889920
fuzzydedup,4,1,enron_full_119674,no_exact_ref,5969.055,0,5,121972,7806208
fuzzydedup,5,1,enron_full_119674,no_exact_ref,6523.796,0,6,147636,9448704
fuzzydedup,6,1,enron_full_119674,no_exact_ref,7566.792,0,7,172289,11026496
fuzzydedup,5,1,enron_full_119896,no_exact_ref,5452.851,0,6,131204,8397696
fuzzydedup,6,1,enron_full_119896,no_exact_ref,6400.490,0,7,153889,9850432
fuzzydedup,4,1,enron_full_119896,no_exact_ref,4709.452,0,5,107991,6911552
fuzzydedup,6,1,enron_full_120534,exact_ref,5096.982,1,0,83288,5330624
fuzzydedup,4,1,enron_full_120534,exact_ref,3315.088,1,0,60799,3891328
fuzzydedup,5,1,enron_full_120534,exact_ref,3595.091,1,0,72606,4646976
fuzzydedup,4,1,enron_full_120641,exact_ref,2979.464,1,0,57092,3654080
fuzzydedup,5,1,enron_full_120641,exact_ref,2929.390,1,0,67774,4337728
fuzzydedup,6,1,enron_full_120641,exact_ref,3362.623,1,0,77360,4951232
fuzzydedup,5,1,enron_full_120822,exact_ref,307.015,1,0,4730,302912
fuzzydedup,6,1,enron_full_120822,exact_ref,181.240,1,0,5006,320576
fuzzydedup,4,1,enron_full_120822,exact_ref,164.612,1,0,4350,278592
fuzzydedup,6,1,enron_full_121175,exact_ref,1962.935,1,0,44478,2846848
fuzzydedup,4,1,enron_full_121175,exact_ref,1884.449,1,0,34228,2190848
fuzzydedup,5,1,enron_full_121175,exact_ref,1973.361,1,0,39876,2552320
fuzzydedup,4,1,enron_full_122290,no_exact_ref,6390.987,0,5,139516,8929024
fuzzydedup,5,1,enron_full_122290,no_exact_ref,7141.910,0,6,168125,10760000
fuzzydedup,6,1,enron_full_122290,no_exact_ref,8106.317,0,7,194644,12457280
fuzzydedup,5,1,enron_full_122402,no_exact_ref,4253.022,0,6,85290,5458560
fuzzydedup,6,1,enron_full_122402,no_exact_ref,4829.919,0,7,102455,6557120
fuzzydedup,4,1,enron_full_122402,no_exact_ref,3667.509,0,5,69400,4441600
fuzzydedup,6,1,enron_full_123831,exact_ref,2219.522,1,0,44592,2854080
fuzzydedup,4,1,enron_full_123831,exact_ref,1895.640,1,0,34342,2198080
fuzzydedup,5,1,enron_full_123831,exact_ref,1940.751,1,0,39990,2559552
fuzzydedup,4,1,enron_full_124264,exact_ref,2678.721,1,0,40637,2600960
fuzzydedup,5,1,enron_full_124264,exact_ref,2795.015,1,0,52331,3349376
fuzzydedup,6,1,enron_full_124264,exact_ref,3090.790,1,0,65660,4202432
fuzzydedup,5,1,enron_full_124451,exact_ref,4210.583,1,0,79024,5057728
fuzzydedup,6,1,enron_full_124451,exact_ref,4063.886,1,0,92372,5912000
fuzzydedup,4,1,enron_full_124451,exact_ref,3476.873,1,0,65202,4173120
fuzzydedup,6,1,enron_full_126518,exact_ref,2147.821,1,0,44542,2850880
fuzzydedup,4,1,enron_full_126518,exact_ref,1626.179,1,0,34292,2194880
fuzzydedup,5,1,enron_full_126518,exact_ref,1708.430,1,0,39940,2556352
fuzzydedup,4,1,enron_full_128013,no_exact_ref,7533.841,0,5,133491,8543424
fuzzydedup,5,1,enron_full_128013,no_exact_ref,7169.470,0,6,160514,10272896
fuzzydedup,6,1,enron_full_128013,no_exact_ref,8098.206,0,7,186103,11910592
fuzzydedup,5,1,enron_full_128290,no_exact_ref,5663.046,0,6,122217,7821888
fuzzydedup,6,1,enron_full_128290,no_exact_ref,5801.808,0,7,144058,9219712
fuzzydedup,4,1,enron_full_128290,no_exact_ref,4755.869,0,5,100182,6411648
fuzzydedup,6,1,enron_full_128461,exact_ref,4001.282,1,0,77293,4946944
fuzzydedup,4,1,enron_full_128461,exact_ref,2615.816,1,0,48384,3096768
fuzzydedup,5,1,enron_full_128461,exact_ref,2900.817,1,0,62581,4005376
fuzzydedup,4,1,enron_full_129750,exact_ref,3534.491,1,0,67417,4314880
fuzzydedup,5,1,enron_full_129750,exact_ref,4266.555,1,0,81800,5235392
fuzzydedup,6,1,enron_full_129750,exact_ref,4320.635,1,0,95622,6120000
fuzzydedup,5,1,enron_full_129922,exact_ref,3498.403,1,0,76477,4894720
fuzzydedup,6,1,enron_full_129922,exact_ref,3785.589,1,0,88284,5650368
fuzzydedup,4,1,enron_full_129922,exact_ref,3068.316,1,0,63129,4040448
fuzzydedup,6,1,enron_full_129965,exact_ref,882.053,1,0,11361,727296
fuzzydedup,4,1,enron_full_129965,exact_ref,540.396,1,0,9540,610752
fuzzydedup,5,1,enron_full_129965,exact_ref,594.034,1,0,10655,682112
fuzzydedup,4,1,enron_full_130406,exact_ref,2739.472,1,0,57236,3663296
fuzzydedup,5,1,enron_full_130406,exact_ref,2939.797,1,0,67918,4346944
fuzzydedup,6,1,enron_full_130406,exact_ref,3396.416,1,0,77504,4960448
fuzzydedup,5,1,enron_full_130557,exact_ref,612.590,1,0,5679,363648
fuzzydedup,6,1,enron_full_130557,exact_ref,964.568,1,0,7098,454464
fuzzydedup,4,1,enron_full_130557,exact_ref,707.366,1,0,4341,278016
fuzzydedup,6,1,enron_full_130818,exact_ref,4981.994,1,0,95684,6123968
fuzzydedup,4,1,enron_full_130818,exact_ref,3909.671,1,0,67479,4318848
fuzzydedup,5,1,enron_full_130818,exact_ref,4444.592,1,0,81862,5239360
fuzzydedup,4,1,enron_full_131990,exact_ref,3887.772,1,0,44263,2833024
fuzzydedup,5,1,enron_full_131990,exact_ref,3602.341,1,0,57592,3686080
fuzzydedup,6,1,enron_full_131990,exact_ref,3522.473,1,0,71789,4594688
fuzzydedup,5,1,enron_full_132971,exact_ref,1230.675,1,0,15820,1012672
fuzzydedup,6,1,enron_full_132971,exact_ref,1208.613,1,0,20016,1281216
fuzzydedup,4,1,enron_full_132971,exact_ref,955.142,1,0,11984,767168
fuzzydedup,6,1,enron_full_133588,exact_ref,5548.845,1,0,92290,5906752
fuzzydedup,4,1,enron_full_133588,exact_ref,3930.104,1,0,65120,4167872
fuzzydedup,5,1,enron_full_133588,exact_ref,4049.471,1,0,78942,5052480
fuzzydedup,4,1,enron_full_133819,exact_ref,2932.204,1,0,29689,1900288
fuzzydedup,5,1,enron_full_133819,exact_ref,3479.859,1,0,39134,2504768
fuzzydedup,6,1,enron_full_133819,exact_ref,2967.568,1,0,49190,3148352
fuzzydedup,5,1,enron_full_134727,no_exact_ref,6419.652,0,6,159592,10213888
fuzzydedup,6,1,enron_full_134727,no_exact_ref,7517.170,0,7,184939,11836096
fuzzydedup,4,1,enron_full_134727,no_exact_ref,5770.677,0,5,132999,8511936
fuzzydedup,6,1,enron_full_136330,exact_ref,795.887,1,0,11421,731136
fuzzydedup,4,1,enron_full_136330,exact_ref,536.240,1,0,9600,614592
fuzzydedup,5,1,enron_full_136330,exact_ref,535.997,1,0,10715,685952
fuzzydedup,4,1,enron_full_137531,exact_ref,2003.278,1,0,44107,2823040
fuzzydedup,5,1,enron_full_137531,exact_ref,2633.385,1,0,51537,3298560
fuzzydedup,6,1,enron_full_137531,exact_ref,2699.704,1,0,57759,3696768
fuzzydedup,5,1,enron_full_137711,exact_ref,4777.164,1,0,83430,5339712
fuzzydedup,6,1,enron_full_137711,exact_ref,4463.003,1,0,99402,6361920
fuzzydedup,4,1,enron_full_137711,exact_ref,3255.036,1,0,67023,4289664
fuzzydedup,6,1,enron_full_139013,no_exact_ref,7612.366,0,7,186103,11910592
fuzzydedup,4,1,enron_full_139013,no_exact_ref,5704.808,0,5,133491,8543424
fuzzydedup,5,1,enron_full_139013,no_exact_ref,6325.705,0,6,160514,10272896
fuzzydedup,4,1,enron_full_139188,exact_ref,1308.347,1,0,24411,1562496
fuzzydedup,5,1,enron_full_139188,exact_ref,1370.672,1,0,27894,1785408
fuzzydedup,6,1,enron_full_139188,exact_ref,1859.133,1,0,30842,1974080
fuzzydedup,5,1,enron_full_139197,exact_ref,1620.386,1,0,25313,1620224
fuzzydedup,6,1,enron_full_139197,exact_ref,1598.026,1,0,32087,2053760
fuzzydedup,4,1,enron_full_139197,exact_ref,1200.739,1,0,19233,1231104
fuzzydedup,6,1,enron_full_139486,exact_ref,3550.152,1,0,83738,5359424
fuzzydedup,4,1,enron_full_139486,exact_ref,3179.920,1,0,61249,3920128
fuzzydedup,5,1,enron_full_139486,exact_ref,3305.730,1,0,73056,4675776
fuzzydedup,4,1,enron_full_140225,no_exact_ref,6358.450,0,5,137769,8817216
fuzzydedup,5,1,enron_full_140225,no_exact_ref,7009.729,0,6,164996,10559808
fuzzydedup,6,1,enron_full_140225,no_exact_ref,8043.014,0,7,191555,12259840
fuzzydedup,5,1,enron_full_140420,exact_ref,1487.192,1,0,27717,1774464
fuzzydedup,6,1,enron_full_140420,exact_ref,1563.893,1,0,30665,1963392
fuzzydedup,4,1,enron_full_140420,exact_ref,1304.199,1,0,24234,1551168
fuzzydedup,6,1,enron_full_140552,exact_ref,1389.812,1,0,32787,2098560
fuzzydedup,4,1,enron_full_140552,exact_ref,1216.310,1,0,26356,1686976
fuzzydedup,5,1,enron_full_140552,exact_ref,1464.969,1,0,29839,1909888
fuzzydedup,4,1,enron_full_140885,exact_ref,4027.904,1,0,60690,3884352
fuzzydedup,5,1,enron_full_140885,exact_ref,3901.800,1,0,76451,4893056
fuzzydedup,6,1,enron_full_140885,exact_ref,6250.089,1,0,92362,5911360
fuzzydedup,5,1,enron_full_141161,no_exact_ref,158.500,0,6,1594,102016
fuzzydedup,6,1,enron_full_141161,no_exact_ref,72.961,0,7,1872,119808
fuzzydedup,4,1,enron_full_141161,no_exact_ref,46.071,0,5,1280,81920
fuzzydedup,6,1,enron_full_141985,exact_ref,3416.088,1,0,71709,4589568
fuzzydedup,4,1,enron_full_141985,exact_ref,2556.558,1,0,53565,3428352
fuzzydedup,5,1,enron_full_141985,exact_ref,3140.166,1,0,63151,4041856
fuzzydedup,4,1,enron_full_142230,exact_ref,1561.604,1,0,22005,1408512
fuzzydedup,5,1,enron_full_142230,exact_ref,1873.399,1,0,24953,1597184
fuzzydedup,6,1,enron_full_142230,exact_ref,1657.181,1,0,27342,1750080
fuzzydedup,5,1,enron_full_142612,exact_ref,4762.333,1,0,84039,5378688
fuzzydedup,6,1,enron_full_142612,exact_ref,5746.918,1,0,98422,6299200
fuzzydedup,4,1,enron_full_142612,exact_ref,4775.822,1,0,68531,4386176
fuzzydedup,6,1,enron_full_143076,exact_ref,3476.120,1,0,71716,4590016
fuzzydedup,4,1,enron_full_143076,exact_ref,2539.904,1,0,53572,3428800
fuzzydedup,5,1,enron_full_143076,exact_ref,3693.485,1,0,63158,4042304
fuzzydedup,4,1,enron_full_144720,no_exact_ref,280.620,0,5,1891,121024
fuzzydedup,5,1,enron_full_144720,no_exact_ref,194.248,0,6,2621,167872
fuzzydedup,6,1,enron_full_144720,no_exact_ref,284.441,0,7,3758,240704
fuzzydedup,5,1,enron_full_144759,no_exact_ref,7327.631,0,6,159592,10213888
fuzzydedup,6,1,enron_full_144759,no_exact_ref,9406.156,0,7,184939,11836096
fuzzydedup,4,1,enron_full_144759,no_exact_ref,6692.553,0,5,132999,8511936
fuzzydedup,6,1,enron_full_145061,exact_ref,3415.896,1,0,59774,3825728
fuzzydedup,4,1,enron_full_145061,exact_ref,2097.705,1,0,37029,2370048
fuzzydedup,5,1,enron_full_145061,exact_ref,2884.911,1,0,48080,3077312
fuzzydedup,4,1,enron_full_146696,exact_ref,1974.304,1,0,26872,1720000
fuzzydedup,5,1,enron_full_146696,exact_ref,2173.524,1,0,35118,2247744
fuzzydedup,6,1,enron_full_146696,exact_ref,2452.184,1,0,44563,2852224
fuzzydedup,5,1,enron_full_148007,exact_ref,2442.760,1,0,45949,2940928
fuzzydedup,6,1,enron_full_148007,exact_ref,2474.887,1,0,51597,3302400
fuzzydedup,4,1,enron_full_148007,exact_ref,2130.543,1,0,39727,2542720
fuzzydedup,6,1,enron_full_148315,exact_ref,2619.486,1,0,44580,2853312
fuzzydedup,4,1,enron_full_148315,exact_ref,1866.656,1,0,26889,1721088
fuzzydedup,5,1,enron_full_148315,exact_ref,1932.246,1,0,35135,2248832
fuzzydedup,4,1,enron_full_148338,exact_ref,3596.707,1,0,63688,4076928
fuzzydedup,5,1,enron_full_148338,exact_ref,4177.365,1,0,79599,5095232
fuzzydedup,6,1,enron_full_148338,exact_ref,4701.503,1,0,95818,6133248
fuzzydedup,5,1,enron_full_149174,exact_ref,3010.591,1,0,48114,3079488
fuzzydedup,6,1,enron_full_149174,exact_ref,3096.682,1,0,59808,3827904
fuzzydedup,4,1,enron_full_149174,exact_ref,2091.781,1,0,37063,2372224
fuzzydedup,6,1,enron_full_149842,exact_ref,4144.583,1,0,89032,5698368
fuzzydedup,4,1,enron_full_149842,exact_ref,3539.057,1,0,63877,4088448
fuzzydedup,5,1,enron_full_149842,exact_ref,3447.945,1,0,77225,4942720
fuzzydedup,4,1,enron_full_150562,exact_ref,3299.251,1,0,65750,4208192
fuzzydedup,5,1,enron_full_150562,exact_ref,3608.909,1,0,79572,5092800
fuzzydedup,6,1,enron_full_150562,exact_ref,3945.728,1,0,92920,5947072
fuzzydedup,5,1,enron_full_151773,no_exact_ref,4676.885,0,6,116994,7487616
fuzzydedup,6,1,enron_full_151773,no_exact_ref,5032.394,0,7,137129,8776256
fuzzydedup,4,1,enron_full_151773,no_exact_ref,3741.622,0,5,95838,6133632
fuzzydedup,6,1,enron_full_152307,exact_ref,5014.347,1,0,100179,6411648
fuzzydedup,4,1,enron_full_152307,exact_ref,3766.242,1,0,69138,4425024
fuzzydedup,5,1,enron_full_152307,exact_ref,4182.738,1,0,84671,5419136
fuzzydedup,4,1,enron_full_152987,exact_ref,167.171,1,0,2716,174016
fuzzydedup,5,1,enron_full_152987,exact_ref,78.213,1,0,3648,233664
fuzzydedup,6,1,enron_full_152987,exact_ref,648.105,1,0,4565,292352
fuzzydedup,5,1,enron_full_153167,exact_ref,2832.583,1,0,57973,3711872
fuzzydedup,6,1,enron_full_153167,exact_ref,3206.886,1,0,65403,4187520
fuzzydedup,4,1,enron_full_153167,exact_ref,2584.096,1,0,49415,3163456
fuzzydedup,6,1,enron_full_154125,no_exact_ref,2903.976,0,7,54205,3469248
fuzzydedup,4,1,enron_full_154125,no_exact_ref,1749.227,0,5,35794,2290816
fuzzydedup,5,1,enron_full_154125,no_exact_ref,1621.877,0,6,44800,2867264
fuzzydedup,4,1,enron_full_154648,no_exact_ref,5246.936,0,5,127462,8157568
fuzzydedup,5,1,enron_full_154648,no_exact_ref,6121.716,0,6,153267,9809088
fuzzydedup,6,1,enron_full_154648,no_exact_ref,6322.055,0,7,177736,11375104
fuzzydedup,5,1,enron_full_155829,exact_ref,4481.713,1,0,83830,5365312
fuzzydedup,6,1,enron_full_155829,exact_ref,4888.829,1,0,99802,6387520
fuzzydedup,4,1,enron_full_155829,exact_ref,3708.840,1,0,67423,4315264
fuzzydedup,6,1,enron_full_156626,exact_ref,4392.403,1,0,93098,5958464
fuzzydedup,4,1,enron_full_156626,exact_ref,3692.331,1,0,65928,4219584
fuzzydedup,5,1,enron_full_156626,exact_ref,4031.656,1,0,79750,5104192
fuzzydedup,4,1,enron_full_156811,exact_ref,2797.070,1,0,44707,2861440
fuzzydedup,5,1,enron_full_156811,exact_ref,3027.453,1,0,58036,3714496
fuzzydedup,6,1,enron_full_156811,exact_ref,3166.840,1,0,72233,4623104
fuzzydedup,5,1,enron_full_158640,exact_ref,663.997,1,0,8450,540992
fuzzydedup,6,1,enron_full_158640,exact_ref,273.448,1,0,9009,576768
fuzzydedup,4,1,enron_full_158640,exact_ref,235.160,1,0,7744,495808
fuzzydedup,6,1,enron_full_159222,exact_ref,4847.760,1,0,100268,6417344
fuzzydedup,4,1,enron_full_159222,exact_ref,3933.743,1,0,69227,4430720
fuzzydedup,5,1,enron_full_159222,exact_ref,4684.201,1,0,84760,5424832
fuzzydedup,4,1,enron_full_159570,exact_ref,5166.063,1,0,68974,4414528
fuzzydedup,5,1,enron_full_159570,exact_ref,4291.990,1,0,84482,5407040
fuzzydedup,6,1,enron_full_159570,exact_ref,4821.873,1,0,98865,6327552
fuzzydedup,5,1,enron_full_159687,exact_ref,4107.517,1,0,79598,5094848
fuzzydedup,6,1,enron_full_159687,exact_ref,4237.428,1,0,93420,5979456
fuzzydedup,4,1,enron_full_159687,exact_ref,3632.732,1,0,65215,4174336
fuzzydedup,6,1,enron_full_161067,exact_ref,828.388,1,0,12695,812672
fuzzydedup,4,1,enron_full_161067,exact_ref,557.227,1,0,10874,696128
fuzzydedup,5,1,enron_full_161067,exact_ref,570.067,1,0,11989,767488
fuzzydedup,4,1,enron_full_161301,exact_ref,679.371,1,0,18643,1193344
fuzzydedup,5,1,enron_full_161301,exact_ref,959.887,1,0,21032,1346240
fuzzydedup,6,1,enron_full_161301,exact_ref,970.369,1,0,22847,1462400
fuzzydedup,5,1,enron_full_161404,exact_ref,1314.706,1,0,20206,1293376
fuzzydedup,6,1,enron_full_161404,exact_ref,1260.610,1,0,25266,1617216
fuzzydedup,4,1,enron_full_161404,exact_ref,950.264,1,0,14970,958272
fuzzydedup,6,1,enron_full_161839,no_exact_ref,804.910,0,7,8031,513984
fuzzydedup,4,1,enron_full_161839,no_exact_ref,122.752,0,5,5247,335808
fuzzydedup,5,1,enron_full_161839,no_exact_ref,736.808,0,6,6528,417792
fuzzydedup,4,1,enron_full_162338,exact_ref,2792.064,1,0,48975,3134592
fuzzydedup,5,1,enron_full_162338,exact_ref,3232.686,1,0,63172,4043200
fuzzydedup,6,1,enron_full_162338,exact_ref,4501.178,1,0,77884,4984768
fuzzydedup,5,1,enron_full_163700,no_exact_ref,6969.592,0,6,154598,9894272
fuzzydedup,6,1,enron_full_163700,no_exact_ref,7699.047,0,7,180015,11520960
fuzzydedup,4,1,enron_full_163700,no_exact_ref,5625.045,0,5,128135,8200640
fuzzydedup,6,1,enron_full_163994,exact_ref,4647.400,1,0,98878,6328448
fuzzydedup,4,1,enron_full_163994,exact_ref,3774.147,1,0,67206,4301376
fuzzydedup,5,1,enron_full_163994,exact_ref,3989.602,1,0,82967,5310080
fuzzydedup,4,1,enron_full_164128,no_exact_ref,5818.882,0,5,137103,8774592
fuzzydedup,5,1,enron_full_164128,no_exact_ref,6998.595,0,6,164671,10538944
fuzzydedup,6,1,enron_full_164128,no_exact_ref,7582.168,0,7,190614,12199360
fuzzydedup,5,1,enron_full_164251,exact_ref,4053.988,1,0,80358,5143104
fuzzydedup,6,1,enron_full_164251,exact_ref,4052.952,1,0,93706,5997376
fuzzydedup,4,1,enron_full_164251,exact_ref,3587.827,1,0,66536,4258496
fuzzydedup,6,1,enron_full_164751,no_exact_ref,7608.737,0,7,194644,12457216
fuzzydedup,4,1,enron_full_164751,no_exact_ref,6491.237,0,5,139516,8929024
fuzzydedup,5,1,enron_full_164751,no_exact_ref,8526.213,0,6,168125,10760000
fuzzydedup,4,1,enron_full_164805,no_exact_ref,7445.311,0,5,140955,9021120
fuzzydedup,5,1,enron_full_164805,no_exact_ref,7678.104,0,6,169489,10847296
fuzzydedup,6,1,enron_full_164805,no_exact_ref,9141.563,0,7,197034,12610176
fuzzydedup,5,1,enron_full_165550,no_exact_ref,8505.477,0,6,169864,10871296
fuzzydedup,6,1,enron_full_165550,no_exact_ref,8566.500,0,7,197015,12608960
fuzzydedup,4,1,enron_full_165550,no_exact_ref,6767.196,0,5,141284,9042176
fuzzydedup,6,1,enron_full_165951,exact_ref,3370.185,1,0,53384,3416768
fuzzydedup,4,1,enron_full_165951,exact_ref,2162.693,1,0,32277,2065920
fuzzydedup,5,1,enron_full_165951,exact_ref,2284.364,1,0,42333,2709504
fuzzydedup,4,1,enron_full_167260,exact_ref,3885.909,1,0,67858,4345792
fuzzydedup,5,1,enron_full_167260,exact_ref,4505.190,1,0,84265,5397376
fuzzydedup,6,1,enron_full_167260,exact_ref,4686.182,1,0,100237,6421568
fuzzydedup,5,1,enron_full_168469,exact_ref,1509.345,1,0,27963,1789824
fuzzydedup,6,1,enron_full_168469,exact_ref,1583.923,1,0,30911,1978496
fuzzydedup,4,1,enron_full_168469,exact_ref,1397.396,1,0,24480,1566912
fuzzydedup,6,1,enron_full_168971,exact_ref,3211.234,1,0,72365,4631552
fuzzydedup,4,1,enron_full_168971,exact_ref,2423.380,1,0,54221,3470336
fuzzydedup,5,1,enron_full_168971,exact_ref,2665.632,1,0,63807,4083840
fuzzydedup,4,1,enron_full_170176,no_exact_ref,2859.620,0,5,56325,3604800
fuzzydedup,5,1,enron_full_170176,no_exact_ref,3206.361,0,6,69703,4460992
fuzzydedup,6,1,enron_full_170176,no_exact_ref,4061.880,0,7,83781,5361984
fuzzydedup,5,1,enron_full_170711,exact_ref,1230.560,1,0,20246,1295936
fuzzydedup,6,1,enron_full_170711,exact_ref,1125.607,1,0,22061,1412096
fuzzydedup,4,1,enron_full_170711,exact_ref,910.693,1,0,17857,1143040
fuzzydedup,6,1,enron_full_170765,exact_ref,4971.164,1,0,94400,6041792
fuzzydedup,4,1,enron_full_170765,exact_ref,3631.086,1,0,61774,3953728
fuzzydedup,5,1,enron_full_170765,exact_ref,4019.258,1,0,77993,4991744
fuzzydedup,4,1,enron_full_170860,no_exact_ref,6227.417,0,5,139973,8958272
fuzzydedup,5,1,enron_full_170860,no_exact_ref,6715.356,0,6,168810,10803840
fuzzydedup,6,1,enron_full_170860,no_exact_ref,8363.348,0,7,194887,12472768
fuzzydedup,5,1,enron_full_171509,exact_ref,402.105,1,0,1367,87680
fuzzydedup,6,1,enron_full_171509,exact_ref,111.774,1,0,1456,93376
fuzzydedup,4,1,enron_full_171509,exact_ref,90.687,1,0,1283,82304
fuzzydedup,6,1,enron_full_171797,no_exact_ref,2901.937,0,7,54205,3469120
fuzzydedup,4,1,enron_full_171797,no_exact_ref,1724.656,0,5,35794,2290816
fuzzydedup,5,1,enron_full_171797,no_exact_ref,1793.149,0,6,44800,2867200
fuzzydedup,4,1,enron_full_172609,no_exact_ref,6578.129,0,5,139516,8929024
fuzzydedup,5,1,enron_full_172609,no_exact_ref,7386.955,0,6,168125,10760000
fuzzydedup,6,1,enron_full_172609,no_exact_ref,8089.157,0,7,194644,12457216
fuzzydedup,5,1,enron_full_174436,exact_ref,4617.047,1,0,79735,5103232
fuzzydedup,6,1,enron_full_174436,exact_ref,4368.534,1,0,95707,6125760
fuzzydedup,4,1,enron_full_174436,exact_ref,3297.730,1,0,63328,4053184
fuzzydedup,6,1,enron_full_174861,exact_ref,3979.526,1,0,84910,5434432
fuzzydedup,4,1,enron_full_174861,exact_ref,3310.063,1,0,62421,3995136
fuzzydedup,5,1,enron_full_174861,exact_ref,3390.931,1,0,74228,4750784
fuzzydedup,4,1,enron_full_175011,no_exact_ref,5302.292,0,5,100182,6411648
fuzzydedup,5,1,enron_full_175011,no_exact_ref,5826.968,0,6,122217,7821888
fuzzydedup,6,1,enron_full_175011,no_exact_ref,6243.920,0,7,144058,9219712
fuzzydedup,5,1,enron_full_176124,exact_ref,2930.717,1,0,52651,3369856
fuzzydedup,6,1,enron_full_176124,exact_ref,2783.156,1,0,58873,3768064
fuzzydedup,4,1,enron_full_176124,exact_ref,2272.276,1,0,45221,2894336
fuzzydedup,6,1,enron_full_176753,exact_ref,6369.326,1,0,100514,6433088
fuzzydedup,4,1,enron_full_176753,exact_ref,5226.793,1,0,68135,4360832
fuzzydedup,5,1,enron_full_176753,exact_ref,4730.010,1,0,84542,5410880
fuzzydedup,4,1,enron_full_178212,exact_ref,1516.892,1,0,21837,1397760
fuzzydedup,5,1,enron_full_178212,exact_ref,1530.880,1,0,28611,1831296
fuzzydedup,6,1,enron_full_178212,exact_ref,2458.616,1,0,36063,2308224
fuzzydedup,5,1,enron_full_178550,exact_ref,3284.767,1,0,64081,4101376
fuzzydedup,6,1,enron_full_178550,exact_ref,3112.850,1,0,72639,4649088
fuzzydedup,4,1,enron_full_178550,exact_ref,2395.122,1,0,54495,3487872
fuzzydedup,6,1,enron_full_179413,exact_ref,3873.343,1,0,90367,5783680
fuzzydedup,4,1,enron_full_179413,exact_ref,3473.432,1,0,65212,4173760
fuzzydedup,5,1,enron_full_179413,exact_ref,3460.345,1,0,78560,5028032
fuzzydedup,4,1,enron_full_179791,exact_ref,3934.835,1,0,69720,4462272
fuzzydedup,5,1,enron_full_179791,exact_ref,4500.719,1,0,84103,5382784
fuzzydedup,6,1,enron_full_179791,exact_ref,4696.878,1,0,97925,6267392
fuzzydedup,5,1,enron_full_180640,exact_ref,3728.575,1,0,78585,5029632
fuzzydedup,6,1,enron_full_180640,exact_ref,4197.424,1,0,90392,5785280
fuzzydedup,4,1,enron_full_180640,exact_ref,3624.258,1,0,65237,4175360
fuzzydedup,6,1,enron_full_181037,exact_ref,3759.871,1,0,64384,4120768
fuzzydedup,4,1,enron_full_181037,exact_ref,2673.820,1,0,39361,2519296
fuzzydedup,5,1,enron_full_181037,exact_ref,2773.645,1,0,51055,3267712
fuzzydedup,4,1,enron_full_181456,exact_ref,3121.875,1,0,55966,3582016
fuzzydedup,5,1,enron_full_181456,exact_ref,3085.240,1,0,66648,4265792
fuzzydedup,6,1,enron_full_181456,exact_ref,3415.689,1,0,76234,4879872
fuzzydedup,5,1,enron_full_181872,exact_ref,4578.643,1,0,93701,5997056
fuzzydedup,6,1,enron_full_181872,exact_ref,5252.861,1,0,109234,6991168
fuzzydedup,4,1,enron_full_181872,exact_ref,4109.349,1,0,77729,4974848
fuzzydedup,6,1,enron_full_181885,exact_ref,3743.010,1,0,66625,4264192
fuzzydedup,4,1,enron_full_181885,exact_ref,2682.455,1,0,41602,2662720
fuzzydedup,5,1,enron_full_181885,exact_ref,2683.393,1,0,53296,3411136
fuzzydedup,4,1,enron_full_182915,exact_ref,3795.445,1,0,69650,4457792
fuzzydedup,5,1,enron_full_182915,exact_ref,4395.277,1,0,84033,5378304
fuzzydedup,6,1,enron_full_182915,exact_ref,4617.171,1,0,97855,6262912
fuzzydedup,5,1,enron_full_182942,exact_ref,2991.406,1,0,48769,3121408
fuzzydedup,6,1,enron_full_182942,exact_ref,2901.962,1,0,60463,3869824
fuzzydedup,4,1,enron_full_182942,exact_ref,1889.670,1,0,37718,2414144
fuzzydedup,6,1,enron_full_183169,exact_ref,1410.229,1,0,25714,1645888
fuzzydedup,4,1,enron_full_183169,exact_ref,1027.245,1,0,15418,986944
fuzzydedup,5,1,enron_full_183169,exact_ref,1298.581,1,0,20654,1322048
fuzzydedup,4,1,enron_full_183297,exact_ref,3723.135,1,0,64770,4145472
fuzzydedup,5,1,enron_full_183297,exact_ref,5492.038,1,0,80681,5163776
fuzzydedup,6,1,enron_full_183297,exact_ref,4787.955,1,0,96900,6201792
fuzzydedup,5,1,enron_full_183379,exact_ref,4246.389,1,0,83310,5332032
fuzzydedup,6,1,enron_full_183379,exact_ref,5932.140,1,0,99717,6382080
fuzzydedup,4,1,enron_full_183379,exact_ref,5399.657,1,0,67091,4294016
fuzzydedup,6,1,enron_full_183388,exact_ref,2136.100,1,0,33609,2151168
fuzzydedup,4,1,enron_full_183388,exact_ref,1530.212,1,0,27178,1739584
fuzzydedup,5,1,enron_full_183388,exact_ref,2255.574,1,0,30661,1962496
fuzzydedup,4,1,enron_full_183934,exact_ref,2826.965,1,0,35760,2288832
fuzzydedup,5,1,enron_full_183934,exact_ref,2103.492,1,0,41408,2650304
fuzzydedup,6,1,enron_full_183934,exact_ref,2061.186,1,0,46010,2944832
fuzzydedup,5,1,enron_full_184508,exact_ref,6386.764,1,0,86007,5504640
fuzzydedup,6,1,enron_full_184508,exact_ref,5619.806,1,0,101540,6498752
fuzzydedup,4,1,enron_full_184508,exact_ref,4346.458,1,0,70035,4482432
fuzzydedup,6,1,enron_full_185731,no_exact_ref,3197.483,0,7,54205,3469120
fuzzydedup,4,1,enron_full_185731,no_exact_ref,1875.407,0,5,35794,2290816
fuzzydedup,5,1,enron_full_185731,no_exact_ref,1896.575,0,6,44800,2867200
fuzzydedup,4,1,enron_full_186258,exact_ref,4266.453,1,0,66944,4284608
fuzzydedup,5,1,enron_full_186258,exact_ref,4442.561,1,0,83163,5322624
fuzzydedup,6,1,enron_full_186258,exact_ref,5139.935,1,0,99570,6372672
fuzzydedup,5,1,enron_full_186778,exact_ref,2540.095,1,0,39849,2550528
fuzzydedup,6,1,enron_full_186778,exact_ref,2625.893,1,0,49905,3194112
fuzzydedup,4,1,enron_full_186778,exact_ref,2033.034,1,0,30404,1946048
fuzzydedup,6,1,enron_full_187181,exact_ref,4258.201,1,0,90428,5787584
fuzzydedup,4,1,enron_full_187181,exact_ref,3599.979,1,0,65273,4177664
fuzzydedup,5,1,enron_full_187181,exact_ref,3763.107,1,0,78621,5031936
fuzzydedup,4,1,enron_full_187432,exact_ref,3811.948,1,0,67348,4310464
fuzzydedup,5,1,enron_full_187432,exact_ref,4586.902,1,0,81170,5195072
fuzzydedup,6,1,enron_full_187432,exact_ref,5214.015,1,0,94518,6049344
fuzzydedup,5,1,enron_full_187706,exact_ref,4464.346,1,0,73356,4694976
fuzzydedup,6,1,enron_full_187706,exact_ref,5330.548,1,0,89117,5703680
fuzzydedup,4,1,enron_full_187706,exact_ref,4485.294,1,0,58095,3718272
fuzzydedup,6,1,enron_full_188453,exact_ref,4906.541,1,0,96225,6158592
fuzzydedup,4,1,enron_full_188453,exact_ref,4284.950,1,0,64095,4102272
fuzzydedup,5,1,enron_full_188453,exact_ref,5407.193,1,0,80006,5120576
fuzzydedup,4,1,enron_full_189842,exact_ref,1402.044,1,0,22612,1447360
fuzzydedup,5,1,enron_full_189842,exact_ref,1384.989,1,0,25560,1636032
fuzzydedup,6,1,enron_full_189842,exact_ref,1381.034,1,0,27949,1788928
fuzzydedup,5,1,enron_full_189980,exact_ref,5498.015,1,0,80694,5164608
fuzzydedup,6,1,enron_full_189980,exact_ref,5337.908,1,0,94042,6018880
fuzzydedup,4,1,enron_full_189980,exact_ref,4272.308,1,0,66872,4280000
fuzzydedup,6,1,enron_full_191466,exact_ref,5374.368,1,0,101442,6492544
fuzzydedup,4,1,enron_full_191466,exact_ref,4228.254,1,0,69937,4476160
fuzzydedup,5,1,enron_full_191466,exact_ref,4420.906,1,0,85909,5498368
fuzzydedup,4,1,enron_full_191744,no_exact_ref,6257.585,0,5,137769,8817216
fuzzydedup,5,1,enron_full_191744,no_exact_ref,7248.863,0,6,164996,10559872
fuzzydedup,6,1,enron_full_191744,no_exact_ref,7917.494,0,7,191555,12259648
fuzzydedup,5,1,enron_full_191882,exact_ref,84.755,1,0,698,44864
fuzzydedup,6,1,enron_full_191882,exact_ref,34.445,1,0,802,51520
fuzzydedup,4,1,enron_full_191882,exact_ref,25.742,1,0,546,35136
fuzzydedup,6,1,enron_full_193162,exact_ref,127.458,1,0,2456,157376
fuzzydedup,4,1,enron_full_193162,exact_ref,46.732,1,0,1551,99456
fuzzydedup,5,1,enron_full_193162,exact_ref,48.791,1,0,1952,125120
fuzzydedup,4,1,enron_full_195402,exact_ref,3527.556,1,0,68319,4372608
fuzzydedup,5,1,enron_full_195402,exact_ref,4433.996,1,0,84726,5422656
fuzzydedup,6,1,enron_full_195402,exact_ref,4650.782,1,0,100698,6444864
fuzzydedup,5,1,enron_full_195600,exact_ref,4360.037,1,0,84749,5440448
fuzzydedup,6,1,enron_full_195600,exact_ref,4793.266,1,0,100721,6471488
fuzzydedup,4,1,enron_full_195600,exact_ref,3706.069,1,0,68342,4382080
fuzzydedup,6,1,enron_full_195759,exact_ref,2986.646,1,0,52406,3354176
fuzzydedup,4,1,enron_full_195759,exact_ref,2312.840,1,0,40536,2594496
fuzzydedup,5,1,enron_full_195759,exact_ref,2102.920,1,0,46758,2992704
fuzzydedup,4,1,enron_full_196134,exact_ref,1765.655,1,0,35584,2277568
fuzzydedup,5,1,enron_full_196134,exact_ref,1995.270,1,0,41232,2639040
fuzzydedup,6,1,enron_full_196134,exact_ref,2049.741,1,0,45834,2933568
fuzzydedup,5,1,enron_full_197175,exact_ref,4721.434,1,0,85478,5471360
fuzzydedup,6,1,enron_full_197175,exact_ref,4664.981,1,0,99861,6393920
fuzzydedup,4,1,enron_full_197175,exact_ref,3698.152,1,0,69970,4478272
fuzzydedup,6,1,enron_full_197216,exact_ref,4823.243,1,0,99461,6365696
fuzzydedup,4,1,enron_full_197216,exact_ref,3928.410,1,0,66835,4277632
fuzzydedup,5,1,enron_full_197216,exact_ref,4276.075,1,0,83054,5315648
fuzzydedup,4,1,enron_full_197678,exact_ref,2318.425,1,0,40493,2591744
fuzzydedup,5,1,enron_full_197678,exact_ref,2334.002,1,0,46715,2989952
fuzzydedup,6,1,enron_full_197678,exact_ref,2455.455,1,0,52363,3351424
fuzzydedup,5,1,enron_full_198102,exact_ref,4088.155,1,0,80676,5163456
fuzzydedup,6,1,enron_full_198102,exact_ref,3850.314,1,0,94024,6017728
fuzzydedup,4,1,enron_full_198102,exact_ref,3451.694,1,0,66854,4278848
fuzzydedup,6,1,enron_full_198996,exact_ref,4804.970,1,0,93844,6006208
fuzzydedup,4,1,enron_full_198996,exact_ref,3897.135,1,0,62172,3979200
fuzzydedup,5,1,enron_full_198996,exact_ref,3791.816,1,0,77933,4987904
fuzzydedup,4,1,enron_full_200327,exact_ref,3707.402,1,0,67697,4332800
fuzzydedup,5,1,enron_full_200327,exact_ref,3965.238,1,0,81519,5217408
fuzzydedup,6,1,enron_full_200327,exact_ref,4365.293,1,0,94867,6071680
fuzzydedup,5,1,enron_full_200476,exact_ref,291.247,1,0,497,32000
fuzzydedup,6,1,enron_full_200476,exact_ref,76.651,1,0,521,33536
fuzzydedup,4,1,enron_full_200476,exact_ref,72.421,1,0,466,30016
fuzzydedup,6,1,enron_full_201608,exact_ref,2294.935,1,0,52835,3381632
fuzzydedup,4,1,enron_full_201608,exact_ref,2200.056,1,0,40965,2621952
fuzzydedup,5,1,enron_full_201608,exact_ref,2078.169,1,0,47187,3020160
fuzzydedup,4,1,enron_full_202547,exact_ref,4199.298,1,0,70935,4540032
fuzzydedup,5,1,enron_full_202547,exact_ref,4387.381,1,0,86443,5532544
fuzzydedup,6,1,enron_full_202547,exact_ref,5037.824,1,0,100826,6453056
fuzzydedup,5,1,enron_full_202611,no_exact_ref,2962.490,0,6,50020,3201280
fuzzydedup,6,1,enron_full_202611,no_exact_ref,2870.349,0,7,60498,3871872
fuzzydedup,4,1,enron_full_202611,no_exact_ref,1729.701,0,5,40217,2573888
fuzzydedup,6,1,enron_full_203046,exact_ref,4922.431,1,0,94146,6025536
fuzzydedup,4,1,enron_full_203046,exact_ref,3544.938,1,0,62474,3998528
fuzzydedup,5,1,enron_full_203046,exact_ref,3844.580,1,0,78235,5007232
fuzzydedup,4,1,enron_full_204937,exact_ref,2057.349,1,0,34213,2189824
fuzzydedup,5,1,enron_full_204937,exact_ref,2290.508,1,0,44269,2833408
fuzzydedup,6,1,enron_full_204937,exact_ref,3214.138,1,0,55320,3540864
fuzzydedup,5,1,enron_full_205754,exact_ref,4082.769,1,0,81248,5200064
fuzzydedup,6,1,enron_full_205754,exact_ref,4913.534,1,0,94596,6054464
fuzzydedup,4,1,enron_full_205754,exact_ref,4467.934,1,0,67426,4315456
fuzzydedup,6,1,enron_full_205846,exact_ref,5362.524,1,0,101853,6518784
fuzzydedup,4,1,enron_full_205846,exact_ref,5409.417,1,0,70348,4502464
fuzzydedup,5,1,enron_full_205846,exact_ref,5144.621,1,0,86320,5524672
fuzzydedup,4,1,enron_full_206132,exact_ref,4095.456,1,0,49685,3180032
fuzzydedup,5,1,enron_full_206132,exact_ref,4668.838,1,0,63882,4088640
fuzzydedup,6,1,enron_full_206132,exact_ref,4987.041,1,0,78594,5030208
fuzzydedup,5,1,enron_full_206426,exact_ref,6058.278,1,0,86765,5553472
fuzzydedup,6,1,enron_full_206426,exact_ref,6284.169,1,0,102298,6547584
fuzzydedup,4,1,enron_full_206426,exact_ref,4151.815,1,0,70793,4531264
fuzzydedup,6,1,enron_full_206631,no_exact_ref,6499.829,0,7,144058,9219712
fuzzydedup,4,1,enron_full_206631,no_exact_ref,5428.798,0,5,100182,6411648
fuzzydedup,5,1,enron_full_206631,no_exact_ref,5573.415,0,6,122217,7821888
fuzzydedup,4,1,enron_full_206780,exact_ref,2616.487,1,0,45831,2933376
fuzzydedup,5,1,enron_full_206780,exact_ref,3187.005,1,0,59160,3786432
fuzzydedup,6,1,enron_full_206780,exact_ref,3297.556,1,0,73357,4695040
fuzzydedup,5,1,enron_full_207863,exact_ref,1064.138,1,0,12980,830912
fuzzydedup,6,1,enron_full_207863,exact_ref,1023.506,1,0,16302,1043520
fuzzydedup,4,1,enron_full_207863,exact_ref,955.661,1,0,9953,637184
fuzzydedup,6,1,enron_full_208242,exact_ref,1209.790,1,0,23380,1496512
fuzzydedup,4,1,enron_full_208242,exact_ref,911.475,1,0,19176,1227456
fuzzydedup,5,1,enron_full_208242,exact_ref,986.410,1,0,21565,1380352
fuzzydedup,4,1,enron_full_208362,exact_ref,3995.920,1,0,70382,4504640
fuzzydedup,5,1,enron_full_208362,exact_ref,4444.358,1,0,86354,5526848
fuzzydedup,6,1,enron_full_208362,exact_ref,5149.608,1,0,101887,6520960
fuzzydedup,5,1,enron_full_209030,exact_ref,1245.151,1,0,16111,1031296
fuzzydedup,6,1,enron_full_209030,exact_ref,1262.838,1,0,20307,1299840
fuzzydedup,4,1,enron_full_209030,exact_ref,1209.152,1,0,12275,785792
fuzzydedup,6,1,enron_full_209358,exact_ref,4675.582,1,0,66563,4260224
fuzzydedup,4,1,enron_full_209358,exact_ref,3834.143,1,0,50575,3236992
fuzzydedup,5,1,enron_full_209358,exact_ref,3057.727,1,0,59133,3784704
fuzzydedup,4,1,enron_full_209479,exact_ref,3988.901,1,0,65592,4198080
fuzzydedup,5,1,enron_full_209479,exact_ref,4504.371,1,0,81503,5216384
fuzzydedup,6,1,enron_full_209479,exact_ref,4760.740,1,0,97722,6254400
fuzzydedup,5,1,enron_full_209859,exact_ref,4469.353,1,0,85992,5504896
fuzzydedup,6,1,enron_full_209859,exact_ref,4952.534,1,0,100375,6425600
fuzzydedup,4,1,enron_full_209859,exact_ref,3956.304,1,0,70484,4512384
fuzzydedup,6,1,enron_full_209958,exact_ref,4927.512,1,0,102180,6539712
fuzzydedup,4,1,enron_full_209958,exact_ref,4499.750,1,0,71139,4553088
fuzzydedup,5,1,enron_full_209958,exact_ref,4755.847,1,0,86672,5547200
fuzzydedup,4,1,enron_full_210032,no_exact_ref,2947.182,0,5,50202,3213312
fuzzydedup,5,1,enron_full_210032,no_exact_ref,3265.854,0,6,62674,4011520
fuzzydedup,6,1,enron_full_210032,no_exact_ref,1729.746,1,6,22881,1464576
fuzzydedup,5,1,enron_full_210772,exact_ref,4777.707,1,0,78919,5051008
fuzzydedup,6,1,enron_full_210772,exact_ref,4287.164,1,0,90726,5806656
fuzzydedup,4,1,enron_full_210772,exact_ref,3462.020,1,0,65571,4196736
fuzzydedup,6,1,enron_full_211094,no_exact_ref,7244.892,0,7,177736,11375104
fuzzydedup,4,1,enron_full_211094,no_exact_ref,5298.256,0,5,127462,8157568
fuzzydedup,5,1,enron_full_211094,no_exact_ref,6250.217,0,6,153267,9809088
fuzzydedup,4,1,enron_full_211389,exact_ref,2078.177,1,3,22943,1468544
fuzzydedup,5,1,enron_full_211389,exact_ref,2158.265,1,3,36765,2353152
fuzzydedup,6,1,enron_full_211389,exact_ref,2373.453,1,3,50113,3207424
fuzzydedup,5,1,enron_full_211892,no_exact_ref,6720.874,0,6,168125,10760000
fuzzydedup,6,1,enron_full_211892,no_exact_ref,7974.194,0,7,194644,12457216
fuzzydedup,4,1,enron_full_211892,no_exact_ref,6238.591,0,5,139516,8929024
fuzzydedup,6,1,enron_full_211966,no_exact_ref,7764.067,0,7,191555,12259520
fuzzydedup,4,1,enron_full_211966,no_exact_ref,6094.437,0,5,137769,8817216
fuzzydedup,5,1,enron_full_211966,no_exact_ref,6907.417,0,6,164996,10559744
fuzzydedup,4,1,enron_full_212202,no_exact_ref,2600.697,0,5,44983,2878912
fuzzydedup,5,1,enron_full_212202,no_exact_ref,2592.893,0,6,55915,3578560
fuzzydedup,6,1,enron_full_212202,no_exact_ref,3425.882,0,7,67711,4333504
fuzzydedup,5,1,enron_full_213178,no_exact_ref,6699.773,0,6,153267,9809088
fuzzydedup,6,1,enron_full_213178,no_exact_ref,7288.726,0,7,177736,11375104
fuzzydedup,4,1,enron_full_213178,no_exact_ref,5295.120,0,5,127462,8157568
fuzzydedup,6,1,enron_full_214684,exact_ref,1219.668,1,0,14615,935552
fuzzydedup,4,1,enron_full_214684,exact_ref,742.865,1,0,8902,569920
fuzzydedup,5,1,enron_full_214684,exact_ref,1073.110,1,0,11588,741824
fuzzydedup,4,1,enron_full_214861,exact_ref,4081.641,1,0,70521,4513536
fuzzydedup,5,1,enron_full_214861,exact_ref,4187.426,1,0,86493,5535744
fuzzydedup,6,1,enron_full_214861,exact_ref,4758.188,1,0,102026,6529856
fuzzydedup,5,1,enron_full_214866,exact_ref,3870.046,1,0,79555,5091712
fuzzydedup,6,1,enron_full_214866,exact_ref,4154.347,1,0,92903,5945984
fuzzydedup,4,1,enron_full_214866,exact_ref,3495.558,1,0,65733,4207104
fuzzydedup,6,1,enron_full_214883,exact_ref,2744.107,1,0,45146,2889536
fuzzydedup,4,1,enron_full_214883,exact_ref,1999.219,1,0,27455,1757312
fuzzydedup,5,1,enron_full_214883,exact_ref,2036.212,1,0,35701,2285056
fuzzydedup,4,1,enron_full_215380,exact_ref,3519.861,1,0,67518,4321344
fuzzydedup,5,1,enron_full_215380,exact_ref,3892.238,1,0,81340,5205952
fuzzydedup,6,1,enron_full_215380,exact_ref,4064.851,1,0,94688,6060224
fuzzydedup,5,1,enron_full_215696,exact_ref,1370.936,1,0,20692,1324480
fuzzydedup,6,1,enron_full_215696,exact_ref,1259.234,1,0,25752,1648320
fuzzydedup,4,1,enron_full_215696,exact_ref,1001.017,1,0,15456,989376
fuzzydedup,6,1,enron_full_216853,exact_ref,3023.954,1,0,66538,4258624
fuzzydedup,4,1,enron_full_216853,exact_ref,2619.046,1,0,50550,3235392
fuzzydedup,5,1,enron_full_216853,exact_ref,2688.900,1,0,59108,3783104
fuzzydedup,4,1,enron_full_218707,exact_ref,3878.535,1,0,62538,4002624
fuzzydedup,5,1,enron_full_218707,exact_ref,3797.444,1,0,78299,5011328
fuzzydedup,6,1,enron_full_218707,exact_ref,4339.938,1,0,94210,6029632
fuzzydedup,5,1,enron_full_219044,exact_ref,3040.943,1,0,64877,4152320
fuzzydedup,6,1,enron_full_219044,exact_ref,2980.090,1,0,73435,4700032
fuzzydedup,4,1,enron_full_219044,exact_ref,2236.027,1,0,55291,3538816
fuzzydedup,6,1,enron_full_219142,exact_ref,3232.993,1,0,79998,5120064
fuzzydedup,4,1,enron_full_219142,exact_ref,2577.599,1,0,59730,3822912
fuzzydedup,5,1,enron_full_219142,exact_ref,3790.832,1,0,70412,4506560
fuzzydedup,4,1,enron_full_219243,exact_ref,1334.084,1,0,24836,1589696
fuzzydedup,5,1,enron_full_219243,exact_ref,2425.725,1,0,32288,2066624
fuzzydedup,6,1,enron_full_219243,exact_ref,2338.033,1,0,40534,2594368
fuzzydedup,5,1,enron_full_219501,no_exact_ref,4585.127,0,6,85290,5458816
fuzzydedup,6,1,enron_full_219501,no_exact_ref,5571.233,0,7,102455,6557440
fuzzydedup,4,1,enron_full_219501,no_exact_ref,3601.408,0,5,69400,4441728
fuzzydedup,6,1,enron_full_219509,no_exact_ref,10362.785,0,7,186103,11910784
fuzzydedup,4,1,enron_full_219509,no_exact_ref,6645.522,0,5,133491,8543424
fuzzydedup,5,1,enron_full_219509,no_exact_ref,8291.319,0,6,160514,10273088
fuzzydedup,4,1,enron_full_219658,no_exact_ref,6318.014,0,5,133491,8543424
fuzzydedup,5,1,enron_full_219658,no_exact_ref,6872.278,0,6,160514,10272896
fuzzydedup,6,1,enron_full_219658,no_exact_ref,7739.210,0,7,186103,11910592
fuzzydedup,5,1,enron_full_220234,exact_ref,4144.485,1,0,83620,5351872
fuzzydedup,6,1,enron_full_220234,exact_ref,4511.133,1,0,100027,6401920
fuzzydedup,4,1,enron_full_220234,exact_ref,3429.711,1,0,67401,4313856
fuzzydedup,6,1,enron_full_220556,exact_ref,1376.286,1,0,25759,1648768
fuzzydedup,4,1,enron_full_220556,exact_ref,861.328,1,0,15463,989824
fuzzydedup,5,1,enron_full_220556,exact_ref,1099.007,1,0,20699,1324928
fuzzydedup,4,1,enron_full_221304,exact_ref,3371.071,1,0,65313,4180224
fuzzydedup,5,1,enron_full_221304,exact_ref,4192.764,1,0,81224,5198528
fuzzydedup,6,1,enron_full_221304,exact_ref,4241.465,1,0,97443,6236544
fuzzydedup,5,1,enron_full_223253,exact_ref,661.472,1,0,5790,370752
fuzzydedup,6,1,enron_full_223253,exact_ref,632.439,1,0,7209,461568
fuzzydedup,4,1,enron_full_223253,exact_ref,554.110,1,0,4452,285120
fuzzydedup,6,1,enron_full_223630,exact_ref,2517.017,1,0,52790,3378752
fuzzydedup,4,1,enron_full_223630,exact_ref,2209.006,1,0,40920,2619072
fuzzydedup,5,1,enron_full_223630,exact_ref,2227.054,1,0,47142,3017280
fuzzydedup,4,1,enron_full_223933,exact_ref,2672.863,1,0,54270,3473472
fuzzydedup,5,1,enron_full_223933,exact_ref,4107.191,1,0,68982,4415040
fuzzydedup,6,1,enron_full_223933,exact_ref,4098.341,1,0,84243,5391744
fuzzydedup,5,1,enron_full_224076,exact_ref,1616.410,1,0,30746,1967936
fuzzydedup,6,1,enron_full_224076,exact_ref,1834.338,1,0,33694,2156608
fuzzydedup,4,1,enron_full_224076,exact_ref,2297.214,1,0,27263,1745024
fuzzydedup,6,1,enron_full_224176,exact_ref,5771.578,1,0,97261,6224896
fuzzydedup,4,1,enron_full_224176,exact_ref,3760.203,1,0,65131,4168576
fuzzydedup,5,1,enron_full_224176,exact_ref,5404.856,1,0,81042,5186880
fuzzydedup,4,1,enron_full_224421,exact_ref,4227.240,1,0,62097,3974400
fuzzydedup,5,1,enron_full_224421,exact_ref,4464.014,1,0,77858,4983104
fuzzydedup,6,1,enron_full_224421,exact_ref,5354.627,1,0,93769,6001408
fuzzydedup,5,1,enron_full_226002,no_exact_ref,6834.067,0,6,131204,8397056
fuzzydedup,6,1,enron_full_226002,no_exact_ref,7759.029,0,7,153889,9848896
fuzzydedup,4,1,enron_full_226002,no_exact_ref,7120.675,0,5,107991,6911424
fuzzydedup,6,1,enron_full_226675,exact_ref,4767.443,1,0,93895,6009472
fuzzydedup,4,1,enron_full_226675,exact_ref,3565.112,1,0,62223,3982464
fuzzydedup,5,1,enron_full_226675,exact_ref,4233.024,1,0,77984,4991168
fuzzydedup,4,1,enron_full_227135,exact_ref,3633.529,1,0,65555,4195712
fuzzydedup,5,1,enron_full_227135,exact_ref,3426.296,1,0,78903,5049984
fuzzydedup,6,1,enron_full_227135,exact_ref,4059.228,1,0,90710,5805632
fuzzydedup,5,1,enron_full_227290,no_exact_ref,8547.554,0,6,169489,10847296
fuzzydedup,6,1,enron_full_227290,no_exact_ref,8186.105,0,7,197034,12610176
fuzzydedup,4,1,enron_full_227290,no_exact_ref,7881.624,0,5,140955,9021120
fuzzydedup,6,1,enron_full_227315,exact_ref,4457.082,1,0,94864,6071488
fuzzydedup,4,1,enron_full_227315,exact_ref,3688.426,1,0,67694,4332608
fuzzydedup,5,1,enron_full_227315,exact_ref,4138.271,1,0,81516,5217216
fuzzydedup,4,1,enron_full_227317,no_exact_ref,4253.241,1,0,67481,4318976
fuzzydedup,5,1,enron_full_227317,no_exact_ref,3964.640,1,0,83700,5356992
fuzzydedup,6,1,enron_full_227317,no_exact_ref,4744.882,1,0,100107,6407040
fuzzydedup,5,1,enron_full_227401,exact_ref,2268.039,1,0,44733,2863104
fuzzydedup,6,1,enron_full_227401,exact_ref,4745.738,1,0,55784,3570368
fuzzydedup,4,1,enron_full_227401,exact_ref,2181.939,1,0,34677,2219520
fuzzydedup,6,1,enron_full_227576,exact_ref,2643.749,1,0,55873,3576064
fuzzydedup,4,1,enron_full_227576,exact_ref,1998.103,1,0,42221,2702336
fuzzydedup,5,1,enron_full_227576,exact_ref,2527.900,1,0,49651,3177856
fuzzydedup,4,1,enron_full_228518,exact_ref,2951.482,1,0,55557,3555840
fuzzydedup,5,1,enron_full_228518,exact_ref,2860.644,1,0,66239,4239488
fuzzydedup,6,1,enron_full_228518,exact_ref,3477.421,1,0,75825,4852992
fuzzydedup,5,1,enron_full_228640,exact_ref,4229.924,1,0,87335,5589632
fuzzydedup,6,1,enron_full_228640,exact_ref,5129.069,1,0,102868,6583744
fuzzydedup,4,1,enron_full_228640,exact_ref,4886.543,1,0,71363,4567424
fuzzydedup,6,1,enron_full_229065,exact_ref,137.780,1,0,1039,66688
fuzzydedup,4,1,enron_full_229065,exact_ref,41.001,1,0,698,44864
fuzzydedup,5,1,enron_full_229065,exact_ref,42.645,1,0,877,56320
fuzzydedup,4,1,enron_full_229125,exact_ref,801.082,1,0,5460,349632
fuzzydedup,5,1,enron_full_229125,exact_ref,731.323,1,0,7210,461632
fuzzydedup,6,1,enron_full_229125,exact_ref,671.477,1,0,9163,586624
fuzzydedup,5,1,enron_full_230449,exact_ref,3017.927,1,0,66042,4226880
fuzzydedup,6,1,enron_full_230449,exact_ref,3310.642,1,0,75628,4840384
fuzzydedup,4,1,enron_full_230449,exact_ref,4588.260,1,0,55360,3543232
fuzzydedup,6,1,enron_full_230615,exact_ref,8688.196,1,0,80636,5160896
fuzzydedup,4,1,enron_full_230615,exact_ref,6232.809,1,0,60368,3863744
fuzzydedup,5,1,enron_full_230615,exact_ref,4917.571,1,0,71050,4547392
fuzzydedup,4,1,enron_full_231206,exact_ref,4056.332,1,0,60703,3885184
fuzzydedup,5,1,enron_full_231206,exact_ref,3895.535,1,0,71385,4568832
fuzzydedup,6,1,enron_full_231206,exact_ref,3463.735,1,0,80971,5182336
fuzzydedup,5,1,enron_full_232509,exact_ref,889.613,1,0,17810,1140032
fuzzydedup,6,1,enron_full_232509,exact_ref,995.582,1,0,19352,1238720
fuzzydedup,4,1,enron_full_232509,exact_ref,888.102,1,0,15995,1023872
fuzzydedup,6,1,enron_full_232529,exact_ref,5216.859,1,0,96621,6183936
fuzzydedup,4,1,enron_full_232529,exact_ref,3255.663,1,0,64242,4111680
fuzzydedup,5,1,enron_full_232529,exact_ref,4528.072,1,0,80649,5161728
fuzzydedup,4,1,enron_full_232592,exact_ref,3669.497,1,0,62742,4015680
fuzzydedup,5,1,enron_full_232592,exact_ref,3912.557,1,0,78503,5024384
fuzzydedup,6,1,enron_full_232592,exact_ref,5407.435,1,0,94414,6042688
fuzzydedup,5,1,enron_full_232830,exact_ref,3267.699,1,0,59902,3833920
fuzzydedup,6,1,enron_full_232830,exact_ref,3234.832,1,0,67332,4309440
fuzzydedup,4,1,enron_full_232830,exact_ref,2540.486,1,0,51344,3286208
fuzzydedup,6,1,enron_full_232998,exact_ref,5073.590,1,0,98047,6275200
fuzzydedup,4,1,enron_full_232998,exact_ref,3967.796,1,0,65917,4218880
fuzzydedup,5,1,enron_full_232998,exact_ref,4398.447,1,0,81828,5237184
fuzzydedup,4,1,enron_full_233012,exact_ref,3288.244,1,0,63988,4095424
fuzzydedup,5,1,enron_full_233012,exact_ref,4071.764,1,0,75795,4851072
fuzzydedup,6,1,enron_full_233012,exact_ref,4700.407,1,0,86477,5534720
fuzzydedup,5,1,enron_full_233273,exact_ref,4958.609,1,0,84283,5394304
fuzzydedup,6,1,enron_full_233273,exact_ref,6762.204,1,0,100690,6444352
fuzzydedup,4,1,enron_full_233273,exact_ref,4899.639,1,0,68064,4356288
fuzzydedup,6,1,enron_full_233711,exact_ref,5795.380,1,0,97153,6217984
fuzzydedup,4,1,enron_full_233711,exact_ref,3741.396,1,0,64774,4145728
fuzzydedup,5,1,enron_full_233711,exact_ref,4546.027,1,0,81181,5195776
fuzzydedup,4,1,enron_full_233845,exact_ref,3939.331,1,0,66282,4242240
fuzzydedup,5,1,enron_full_233845,exact_ref,3965.783,1,0,79630,5096512
fuzzydedup,6,1,enron_full_233845,exact_ref,4124.799,1,0,91437,5852160
fuzzydedup,5,1,enron_full_234397,exact_ref,4373.808,1,0,84512,5408960
fuzzydedup,6,1,enron_full_234397,exact_ref,4831.582,1,0,98895,6329472
fuzzydedup,4,1,enron_full_234397,exact_ref,3904.215,1,0,69004,4416448
fuzzydedup,6,1,enron_full_235427,exact_ref,1212.338,1,0,12967,830080
fuzzydedup,4,1,enron_full_235427,exact_ref,748.984,1,0,7930,507712
fuzzydedup,5,1,enron_full_235427,exact_ref,765.182,1,0,10281,658176
fuzzydedup,4,1,enron_full_237126,exact_ref,3796.075,1,0,71295,4563072
fuzzydedup,5,1,enron_full_237126,exact_ref,4143.015,1,0,86803,5555584
fuzzydedup,6,1,enron_full_237126,exact_ref,4746.854,1,0,101186,6476096
fuzzydedup,5,1,enron_full_238037,exact_ref,2608.201,1,0,53922,3451200
fuzzydedup,6,1,enron_full_238037,exact_ref,2816.712,1,0,60144,3849408
fuzzydedup,4,1,enron_full_238037,exact_ref,1942.718,1,0,46492,2975680
fuzzydedup,6,1,enron_full_238970,exact_ref,2365.848,1,0,36443,2332544
fuzzydedup,4,1,enron_full_238970,exact_ref,1140.435,1,0,22217,1422080
fuzzydedup,5,1,enron_full_238970,exact_ref,1214.938,1,0,28991,1855616
fuzzydedup,4,1,enron_full_239927,exact_ref,1942.932,1,0,46462,2973760
fuzzydedup,5,1,enron_full_239927,exact_ref,2230.621,1,0,53892,3449280
fuzzydedup,6,1,enron_full_239927,exact_ref,2337.589,1,0,60114,3847488
fuzzydedup,5,1,enron_full_240437,exact_ref,1188.390,1,0,21854,1398848
fuzzydedup,6,1,enron_full_240437,exact_ref,997.066,1,0,23669,1515008
fuzzydedup,4,1,enron_full_240437,exact_ref,840.858,1,0,19465,1245952
fuzzydedup,6,1,enron_full_240888,exact_ref,2617.383,1,5,66004,4226688
fuzzydedup,4,1,enron_full_240888,exact_ref,2409.916,1,4,59135,3786624
fuzzydedup,5,1,enron_full_240888,exact_ref,2413.659,1,5,55322,3542592
fuzzydedup,4,1,enron_full_241204,exact_ref,1637.393,1,0,36775,2353792
fuzzydedup,5,1,enron_full_241204,exact_ref,1846.393,1,0,42997,2752000
fuzzydedup,6,1,enron_full_241204,exact_ref,2029.453,1,0,48645,3113472
fuzzydedup,5,1,enron_full_242121,exact_ref,4346.743,1,0,84991,5439616
fuzzydedup,6,1,enron_full_242121,exact_ref,4602.164,1,0,100524,6433728
fuzzydedup,4,1,enron_full_242121,exact_ref,3671.887,1,0,69019,4417408
fuzzydedup,6,1,enron_full_242149,exact_ref,2950.170,1,0,60995,3903872
fuzzydedup,4,1,enron_full_242149,exact_ref,1807.778,1,0,38250,2448192
fuzzydedup,5,1,enron_full_242149,exact_ref,2500.827,1,0,49301,3155456
fuzzydedup,4,1,enron_full_242702,exact_ref,3350.172,1,0,62887,4024960
fuzzydedup,5,1,enron_full_242702,exact_ref,3717.546,1,0,78648,5033664
fuzzydedup,6,1,enron_full_242702,exact_ref,4199.241,1,0,94559,6051968
fuzzydedup,5,1,enron_full_242763,exact_ref,3483.343,1,0,74639,4777088
fuzzydedup,6,1,enron_full_242763,exact_ref,4207.078,1,0,90550,5795392
fuzzydedup,4,1,enron_full_242763,exact_ref,3015.746,1,0,58878,3768384
fuzzydedup,6,1,enron_full_243198,exact_ref,4332.160,1,0,97928,6267584
fuzzydedup,4,1,enron_full_243198,exact_ref,3203.412,1,0,66887,4280960
fuzzydedup,5,1,enron_full_243198,exact_ref,4043.701,1,0,82420,5275072
fuzzydedup,4,1,enron_full_243425,exact_ref,3345.734,1,0,63487,4063360
fuzzydedup,5,1,enron_full_243425,exact_ref,3350.999,1,0,79706,5101376
fuzzydedup,6,1,enron_full_243425,exact_ref,4249.353,1,0,96113,6151424
fuzzydedup,5,1,enron_full_244168,no_exact_ref,1327.209,1,0,25876,1656256
fuzzydedup,6,1,enron_full_244168,no_exact_ref,1546.082,1,0,32650,2089792
fuzzydedup,4,1,enron_full_244168,no_exact_ref,1048.685,1,0,19796,1267136
fuzzydedup,6,1,enron_full_244538,exact_ref,2952.498,1,0,60907,3898240
fuzzydedup,4,1,enron_full_244538,exact_ref,1841.788,1,0,38162,2442560
fuzzydedup,5,1,enron_full_244538,exact_ref,2328.221,1,0,49213,3149824
fuzzydedup,4,1,enron_full_244857,exact_ref,3635.591,1,0,68655,4394112
fuzzydedup,5,1,enron_full_244857,exact_ref,3743.488,1,0,82477,5278720
fuzzydedup,6,1,enron_full_244857,exact_ref,3904.470,1,0,95825,6132992
fuzzydedup,5,1,enron_full_244901,exact_ref,3862.753,1,0,86760,5552832
fuzzydedup,6,1,enron_full_244901,exact_ref,4281.825,1,0,101143,6473344
fuzzydedup,4,1,enron_full_244901,exact_ref,3557.905,1,0,71252,4560320
fuzzydedup,6,1,enron_full_244915,exact_ref,4461.455,1,0,102585,6565632
fuzzydedup,4,1,enron_full_244915,exact_ref,3530.261,1,0,71544,4579008
fuzzydedup,5,1,enron_full_244915,exact_ref,4293.923,1,0,87077,5573120
fuzzydedup,4,1,enron_full_245469,exact_ref,3526.094,1,0,68142,4361280
fuzzydedup,5,1,enron_full_245469,exact_ref,3651.702,1,0,84361,5399296
fuzzydedup,6,1,enron_full_245469,exact_ref,4658.143,1,0,100768,6449344
fuzzydedup,5,1,enron_full_246185,exact_ref,3847.892,1,0,85514,5473088
fuzzydedup,6,1,enron_full_246185,exact_ref,4108.688,1,0,99336,6357696
fuzzydedup,4,1,enron_full_246185,exact_ref,3264.665,1,0,71131,4552576
fuzzydedup,6,1,enron_full_246287,exact_ref,1560.682,1,0,34131,2184576
fuzzydedup,4,1,enron_full_246287,exact_ref,1359.064,1,0,27700,1772992
fuzzydedup,5,1,enron_full_246287,exact_ref,1561.071,1,0,31183,1995904
fuzzydedup,4,1,enron_full_246288,exact_ref,2948.824,1,0,61363,3927424
fuzzydedup,5,1,enron_full_246288,exact_ref,3260.659,1,0,74711,4781696
fuzzydedup,6,1,enron_full_246288,exact_ref,3484.095,1,0,86518,5537344
fuzzydedup,5,1,enron_full_246340,exact_ref,1915.033,1,0,42216,2702016
fuzzydedup,6,1,enron_full_246340,exact_ref,1796.653,1,0,46818,2996544
fuzzydedup,4,1,enron_full_246340,exact_ref,1595.763,1,0,36568,2340544
fuzzydedup,6,1,enron_full_246689,exact_ref,3229.033,1,0,55745,3567872
fuzzydedup,4,1,enron_full_246689,exact_ref,2195.913,1,0,34638,2217024
fuzzydedup,5,1,enron_full_246689,exact_ref,2171.119,1,0,44694,2860608
fuzzydedup,4,1,enron_full_246896,exact_ref,3936.118,1,0,71255,4560512
fuzzydedup,5,1,enron_full_246896,exact_ref,3969.709,1,0,87227,5582720
fuzzydedup,6,1,enron_full_246896,exact_ref,4641.184,1,0,102760,6576832
fuzzydedup,5,1,enron_full_247095,exact_ref,2812.324,1,0,53912,3450560
fuzzydedup,6,1,enron_full_247095,exact_ref,2643.640,1,0,60134,3849152
fuzzydedup,4,1,enron_full_247095,exact_ref,2119.021,1,0,46482,2975040
fuzzydedup,6,1,enron_full_247286,exact_ref,4927.997,1,0,102202,6541120
fuzzydedup,4,1,enron_full_247286,exact_ref,3256.575,1,0,69823,4468864
fuzzydedup,5,1,enron_full_247286,exact_ref,3961.176,1,0,86230,5518912
fuzzydedup,4,1,enron_full_247295,exact_ref,906.919,1,0,15872,1016000
fuzzydedup,5,1,enron_full_247295,exact_ref,933.380,1,0,17687,1132160
fuzzydedup,6,1,enron_full_247295,exact_ref,838.255,1,0,19229,1230848
fuzzydedup,5,1,enron_full_247605,exact_ref,3310.935,1,0,79763,5105024
fuzzydedup,6,1,enron_full_247605,exact_ref,4149.029,1,0,91570,5860672
fuzzydedup,4,1,enron_full_247605,exact_ref,3153.748,1,0,66415,4250752
fuzzydedup,6,1,enron_full_247963,exact_ref,1879.546,1,0,46846,2998336
fuzzydedup,4,1,enron_full_247963,exact_ref,1635.544,1,0,36596,2342336
fuzzydedup,5,1,enron_full_247963,exact_ref,1832.062,1,0,42244,2703808
fuzzydedup,4,1,enron_full_248460,exact_ref,3625.045,1,0,68460,4381632
fuzzydedup,5,1,enron_full_248460,exact_ref,4209.860,1,0,82282,5266240
fuzzydedup,6,1,enron_full_248460,exact_ref,3972.307,1,0,95630,6120512
fuzzydedup,5,1,enron_full_248776,no_exact_ref,4641.944,1,0,87181,5579776
fuzzydedup,6,1,enron_full_248776,no_exact_ref,5192.483,1,0,102689,6572288
fuzzydedup,4,1,enron_full_248776,no_exact_ref,3852.271,1,0,71648,4585664
fuzzydedup,6,1,enron_full_249257,no_exact_ref,4882.876,0,7,102455,6557120
fuzzydedup,4,1,enron_full_249257,no_exact_ref,4208.013,0,5,69400,4441600
fuzzydedup,5,1,enron_full_249257,no_exact_ref,3926.630,0,6,85290,5458560
fuzzydedup,4,1,enron_full_250519,exact_ref,3897.071,1,0,62754,4016448
fuzzydedup,5,1,enron_full_250519,exact_ref,3935.240,1,0,78515,5025152
fuzzydedup,6,1,enron_full_250519,exact_ref,5118.600,1,0,94426,6043456
fuzzydedup,5,1,enron_full_250725,exact_ref,1422.109,1,0,23029,1474048
fuzzydedup,6,1,enron_full_250725,exact_ref,1564.184,1,0,29109,1863168
fuzzydedup,4,1,enron_full_250725,exact_ref,1206.384,1,0,17969,1150208
fuzzydedup,6,1,enron_full_252462,no_exact_ref,6288.807,0,7,144058,9219712
fuzzydedup,4,1,enron_full_252462,no_exact_ref,5043.425,0,5,100182,6411648
fuzzydedup,5,1,enron_full_252462,no_exact_ref,5260.418,0,6,122217,7821888
fuzzydedup,4,1,enron_full_253509,no_exact_ref,2946.700,0,5,62545,4002880
fuzzydedup,5,1,enron_full_253509,no_exact_ref,3255.189,0,6,77432,4955648
fuzzydedup,6,1,enron_full_253509,no_exact_ref,3515.520,0,7,92448,5916672
fuzzydedup,5,1,enron_full_253676,exact_ref,2901.506,1,0,60376,3864256
fuzzydedup,6,1,enron_full_253676,exact_ref,2711.999,1,0,68934,4411968
fuzzydedup,4,1,enron_full_253676,exact_ref,2261.382,1,0,50790,3250752
fuzzydedup,6,1,enron_full_253776,exact_ref,3254.430,1,0,74847,4790400
fuzzydedup,4,1,enron_full_253776,exact_ref,2316.097,1,0,54579,3493248
fuzzydedup,5,1,enron_full_253776,exact_ref,2758.647,1,0,65261,4176896
fuzzydedup,4,1,enron_full_253875,exact_ref,3744.138,1,0,72294,4627200
fuzzydedup,5,1,enron_full_253875,exact_ref,4540.750,1,0,87827,5622656
fuzzydedup,6,1,enron_full_253875,exact_ref,4675.340,1,0,103335,6617728
fuzzydedup,5,1,enron_full_254022,exact_ref,3680.311,1,0,65072,4164800
fuzzydedup,6,1,enron_full_254022,exact_ref,3963.721,1,0,80333,5141504
fuzzydedup,4,1,enron_full_254022,exact_ref,2457.178,1,0,50360,3223232
fuzzydedup,6,1,enron_full_254732,exact_ref,2154.157,1,0,34895,2233472
fuzzydedup,4,1,enron_full_254732,exact_ref,1167.642,1,0,20669,1323008
fuzzydedup,5,1,enron_full_254732,exact_ref,1338.739,1,0,27443,1756544
fuzzydedup,4,1,enron_full_254813,exact_ref,3380.521,1,0,70391,4505216
fuzzydedup,5,1,enron_full_254813,exact_ref,4327.810,1,0,86798,5555264
fuzzydedup,6,1,enron_full_254813,exact_ref,4342.515,1,0,102770,6577472
fuzzydedup,5,1,enron_full_254930,no_exact_ref,6837.533,0,6,169864,10871296
fuzzydedup,6,1,enron_full_254930,no_exact_ref,7485.562,0,7,197015,12609024
fuzzydedup,4,1,enron_full_254930,no_exact_ref,5600.488,0,5,141284,9042176
fuzzydedup,6,1,enron_full_256359,no_exact_ref,6775.486,0,7,180015,11520960
fuzzydedup,4,1,enron_full_256359,no_exact_ref,5196.669,0,5,128135,8200640
fuzzydedup,5,1,enron_full_256359,no_exact_ref,6372.376,0,6,154598,9894272
fuzzydedup,4,1,enron_full_256719,no_exact_ref,5869.388,0,5,139973,8958272
fuzzydedup,5,1,enron_full_256719,no_exact_ref,6458.592,0,6,168810,10803840
fuzzydedup,6,1,enron_full_256719,no_exact_ref,7563.221,0,7,194887,12472768
fuzzydedup,5,1,enron_full_257223,no_exact_ref,1814.684,0,6,32008,2048576
fuzzydedup,6,1,enron_full_257223,no_exact_ref,1677.347,0,7,38406,2458112
fuzzydedup,4,1,enron_full_257223,no_exact_ref,1098.737,0,5,25353,1622656
fuzzydedup,6,1,enron_full_257476,no_exact_ref,3647.894,0,7,83781,5361984
fuzzydedup,4,1,enron_full_257476,no_exact_ref,2623.321,0,5,56325,3604800
fuzzydedup,5,1,enron_full_257476,no_exact_ref,2820.302,0,6,69703,4460992
fuzzydedup,4,1,enron_full_257526,no_exact_ref,4824.405,0,5,115506,7392384
fuzzydedup,5,1,enron_full_257526,no_exact_ref,5667.079,0,6,139663,8938432
fuzzydedup,6,1,enron_full_257526,no_exact_ref,6179.537,0,7,163334,10453376
fuzzydedup,5,1,enron_full_258106,no_exact_ref,3081.381,0,6,73355,4694720
fuzzydedup,6,1,enron_full_258106,no_exact_ref,3310.481,0,7,88518,5665152
fuzzydedup,4,1,enron_full_258106,no_exact_ref,2207.464,0,5,59159,3786176
fuzzydedup,6,1,enron_full_258436,no_exact_ref,7280.381,0,7,190614,12199296
fuzzydedup,4,1,enron_full_258436,no_exact_ref,5566.479,0,5,137103,8774592
fuzzydedup,5,1,enron_full_258436,no_exact_ref,7503.508,0,6,164671,10538944
fuzzydedup,4,1,enron_full_259050,exact_ref,5101.915,1,0,72096,4614336
fuzzydedup,5,1,enron_full_259050,exact_ref,4520.288,1,0,88068,5636544
fuzzydedup,6,1,enron_full_259050,exact_ref,5145.628,1,0,103601,6630656
fuzzydedup,5,1,enron_full_259076,no_exact_ref,3361.255,0,6,73355,4694720
fuzzydedup,6,1,enron_full_259076,no_exact_ref,3976.260,0,7,88518,5665152
fuzzydedup,4,1,enron_full_259076,no_exact_ref,2418.298,0,5,59159,3786176
fuzzydedup,6,1,enron_full_259321,exact_ref,2872.125,1,0,77889,4985088
fuzzydedup,4,1,enron_full_259321,exact_ref,2134.273,1,0,59745,3823872
fuzzydedup,5,1,enron_full_259321,exact_ref,2471.391,1,0,69331,4437376
fuzzydedup,4,1,enron_full_260192,exact_ref,2053.561,1,0,32243,2063744
fuzzydedup,5,1,enron_full_260192,exact_ref,2263.404,1,0,42299,2707328
fuzzydedup,6,1,enron_full_260192,exact_ref,3482.018,1,0,53350,3414592
fuzzydedup,5,1,enron_full_261884,no_exact_ref,1605.716,0,6,32008,2048512
fuzzydedup,6,1,enron_full_261884,no_exact_ref,1774.631,0,7,38406,2457984
fuzzydedup,4,1,enron_full_261884,no_exact_ref,1514.827,0,5,25353,1622592
fuzzydedup,6,1,enron_full_262514,exact_ref,2901.728,1,0,54313,3476224
fuzzydedup,4,1,enron_full_262514,exact_ref,2264.216,1,0,40661,2602496
fuzzydedup,5,1,enron_full_262514,exact_ref,2547.642,1,0,48091,3078016
fuzzydedup,4,1,enron_full_262785,no_exact_ref,3117.808,0,5,56325,3604800
fuzzydedup,5,1,enron_full_262785,no_exact_ref,3268.574,0,6,69703,4460992
fuzzydedup,6,1,enron_full_262785,no_exact_ref,4289.635,0,7,83781,5361984
fuzzydedup,5,1,enron_full_263240,exact_ref,2921.820,1,0,54302,3475520
fuzzydedup,6,1,enron_full_263240,exact_ref,3412.477,1,0,67631,4328576
fuzzydedup,4,1,enron_full_263240,exact_ref,3768.011,1,0,42608,2727104
fuzzydedup,6,1,enron_full_264723,no_exact_ref,8220.107,0,7,197015,12608960
fuzzydedup,4,1,enron_full_264723,no_exact_ref,6178.556,0,5,141284,9042176
fuzzydedup,5,1,enron_full_264723,no_exact_ref,6742.594,0,6,169864,10871296
fuzzydedup,4,1,enron_full_265023,exact_ref,1060.464,1,0,10220,654272
fuzzydedup,5,1,enron_full_265023,exact_ref,1006.959,1,0,13247,848000
fuzzydedup,6,1,enron_full_265023,exact_ref,932.324,1,0,16569,1060608
fuzzydedup,5,1,enron_full_265448,exact_ref,3801.990,1,0,78825,5044992
fuzzydedup,6,1,enron_full_265448,exact_ref,4617.983,1,0,95232,6095040
fuzzydedup,4,1,enron_full_265448,exact_ref,3782.364,1,0,62606,4006976
fuzzydedup,6,1,enron_full_265746,exact_ref,2090.880,1,0,40760,2608832
fuzzydedup,4,1,enron_full_265746,exact_ref,1703.182,1,0,32675,2091392
fuzzydedup,5,1,enron_full_265746,exact_ref,1710.661,1,0,37277,2385920
fuzzydedup,4,1,enron_full_265774,exact_ref,1578.685,1,0,32684,2092864
fuzzydedup,5,1,enron_full_265774,exact_ref,1673.308,1,0,37286,2388544
fuzzydedup,6,1,enron_full_265774,exact_ref,1738.766,1,0,40769,2611520
fuzzydedup,5,1,enron_full_266026,exact_ref,3251.095,1,0,49638,3177024
fuzzydedup,6,1,enron_full_266026,exact_ref,3150.542,1,0,61332,3925440
fuzzydedup,4,1,enron_full_266026,exact_ref,2033.499,1,0,38587,2469760
fuzzydedup,6,1,enron_full_266097,no_exact_ref,7108.848,0,7,163334,10453376
fuzzydedup,4,1,enron_full_266097,no_exact_ref,5446.031,0,5,115506,7392384
fuzzydedup,5,1,enron_full_266097,no_exact_ref,6429.948,0,6,139663,8938432
fuzzydedup,4,1,enron_full_267067,exact_ref,175.884,1,0,2534,162368
fuzzydedup,5,1,enron_full_267067,exact_ref,101.081,1,0,3296,211136
fuzzydedup,6,1,enron_full_267067,exact_ref,98.098,1,0,4228,270784
fuzzydedup,5,1,enron_full_267198,exact_ref,85.184,1,0,1304,83648
fuzzydedup,6,1,enron_full_267198,exact_ref,66.135,1,0,1642,105280
fuzzydedup,4,1,enron_full_267198,exact_ref,39.973,1,0,1037,66560
fuzzydedup,6,1,enron_full_268981,exact_ref,3157.690,1,0,61497,3936000
fuzzydedup,4,1,enron_full_268981,exact_ref,2117.601,1,0,38752,2480320
fuzzydedup,5,1,enron_full_268981,exact_ref,2847.153,1,0,49803,3187584
fuzzydedup,4,1,enron_full_269702,no_exact_ref,2619.404,0,5,59159,3788608
fuzzydedup,5,1,enron_full_269702,no_exact_ref,3169.683,0,6,73355,4701440
fuzzydedup,6,1,enron_full_269702,no_exact_ref,3422.929,0,7,88518,5679360
fuzzydedup,5,1,enron_full_270257,no_exact_ref,3396.735,0,6,84314,5400320
fuzzydedup,6,1,enron_full_270257,no_exact_ref,3661.982,0,7,100525,6442240
fuzzydedup,4,1,enron_full_270257,no_exact_ref,2280.270,0,5,68018,4354368
fuzzydedup,6,1,enron_full_270526,exact_ref,4586.866,1,0,102331,6549376
fuzzydedup,4,1,enron_full_270526,exact_ref,4075.242,1,0,72440,4636352
fuzzydedup,5,1,enron_full_270526,exact_ref,4107.863,1,0,87948,5628864
fuzzydedup,4,1,enron_full_271097,exact_ref,3409.596,1,0,72361,4631296
fuzzydedup,5,1,enron_full_271097,exact_ref,3826.003,1,0,88333,5653504
fuzzydedup,6,1,enron_full_271097,exact_ref,4570.235,1,0,103866,6647616
fuzzydedup,5,1,enron_full_271232,exact_ref,2543.040,1,0,40536,2594496
fuzzydedup,6,1,enron_full_271232,exact_ref,2320.550,1,0,50592,3238080
fuzzydedup,4,1,enron_full_271232,exact_ref,1639.258,1,0,31091,1990016
fuzzydedup,6,1,enron_full_272570,no_exact_ref,4509.140,0,7,112519,7201216
fuzzydedup,4,1,enron_full_272570,no_exact_ref,2897.492,0,5,77883,4984512
fuzzydedup,5,1,enron_full_272570,no_exact_ref,3489.424,0,6,95188,6092032
fuzzydedup,4,1,enron_full_273248,exact_ref,2004.811,1,0,46461,2973696
fuzzydedup,5,1,enron_full_273248,exact_ref,2130.228,1,0,53891,3449216
fuzzydedup,6,1,enron_full_273248,exact_ref,2311.316,1,0,60113,3847424
fuzzydedup,5,1,enron_full_273363,exact_ref,2745.563,1,0,49229,3150848
fuzzydedup,6,1,enron_full_273363,exact_ref,2874.969,1,0,60923,3899264
fuzzydedup,4,1,enron_full_273363,exact_ref,1719.296,1,0,38178,2443584
fuzzydedup,6,1,enron_full_273791,exact_ref,4945.174,1,0,103370,6615872
fuzzydedup,4,1,enron_full_273791,exact_ref,3363.444,1,0,70991,4543616
fuzzydedup,5,1,enron_full_273791,exact_ref,3978.294,1,0,87398,5593664
fuzzydedup,4,1,enron_full_273820,exact_ref,2471.578,1,0,46755,2992512
fuzzydedup,5,1,enron_full_273820,exact_ref,3070.478,1,0,60084,3845568
fuzzydedup,6,1,enron_full_273820,exact_ref,3152.520,1,0,74281,4754176
fuzzydedup,5,1,enron_full_273961,exact_ref,201.633,1,0,3756,240576
fuzzydedup,6,1,enron_full_273961,exact_ref,694.348,1,0,4673,299264
fuzzydedup,4,1,enron_full_273961,exact_ref,83.092,1,0,2824,180928
fuzzydedup,6,1,enron_full_274206,exact_ref,649.143,1,0,6593,422144
fuzzydedup,4,1,enron_full_274206,exact_ref,588.410,1,0,4103,262784
fuzzydedup,5,1,enron_full_274206,exact_ref,560.723,1,0,5255,336512
fuzzydedup,4,1,enron_full_274561,exact_ref,2843.175,1,0,65424,4187328
fuzzydedup,5,1,enron_full_274561,exact_ref,3362.785,1,0,77231,4942976
fuzzydedup,6,1,enron_full_274561,exact_ref,3420.251,1,0,87913,5626624
fuzzydedup,5,1,enron_full_274757,exact_ref,4036.236,1,0,88174,5643328
fuzzydedup,6,1,enron_full_274757,exact_ref,4385.065,1,0,102557,6563840
fuzzydedup,4,1,enron_full_274757,exact_ref,3603.004,1,0,72666,4650816
fuzzydedup,6,1,enron_full_274786,no_exact_ref,4173.628,0,7,112519,7201216
fuzzydedup,4,1,enron_full_274786,no_exact_ref,2813.472,0,5,77883,4984512
fuzzydedup,5,1,enron_full_274786,no_exact_ref,3714.685,0,6,95188,6092032
fuzzydedup,4,1,enron_full_275183,no_exact_ref,4983.780,0,5,137103,8774592
fuzzydedup,5,1,enron_full_275183,no_exact_ref,5936.565,0,6,164671,10538944
fuzzydedup,6,1,enron_full_275183,no_exact_ref,6883.599,0,7,190614,12199296
fuzzydedup,5,1,enron_full_275570,exact_ref,937.686,1,0,18220,1166272
fuzzydedup,6,1,enron_full_275570,exact_ref,809.667,1,0,19762,1264960
fuzzydedup,4,1,enron_full_275570,exact_ref,705.222,1,0,16405,1050112
fuzzydedup,6,1,enron_full_276028,no_exact_ref,7419.986,0,7,191555,12259520
fuzzydedup,4,1,enron_full_276028,no_exact_ref,5701.061,0,5,137769,8817216
fuzzydedup,5,1,enron_full_276028,no_exact_ref,6452.094,0,6,164996,10559744
fuzzydedup,4,1,enron_full_276324,exact_ref,107.011,1,0,748,48064
fuzzydedup,5,1,enron_full_276324,exact_ref,59.022,1,0,959,61568
fuzzydedup,6,1,enron_full_276324,exact_ref,88.053,1,0,1171,75136
fuzzydedup,5,1,enron_full_276342,exact_ref,973.840,1,0,14637,936960
fuzzydedup,6,1,enron_full_276342,exact_ref,851.932,1,0,15752,1008320
fuzzydedup,4,1,enron_full_276342,exact_ref,867.056,1,0,13095,838272
fuzzydedup,6,1,enron_full_277439,no_exact_ref,887.831,0,7,8821,564544
fuzzydedup,4,1,enron_full_277439,no_exact_ref,708.773,0,5,5778,369792
fuzzydedup,5,1,enron_full_277439,no_exact_ref,677.199,0,6,7305,467520
fuzzydedup,4,1,enron_full_277990,exact_ref,2086.723,1,0,42642,2729280
fuzzydedup,5,1,enron_full_277990,exact_ref,2271.550,1,0,48864,3127488
fuzzydedup,6,1,enron_full_277990,exact_ref,2040.746,1,0,54512,3488960
fuzzydedup,5,1,enron_full_278811,exact_ref,918.159,1,0,11742,751680
fuzzydedup,6,1,enron_full_278811,exact_ref,1010.851,1,0,14769,945408
fuzzydedup,4,1,enron_full_278811,exact_ref,736.703,1,0,9056,579776
fuzzydedup,6,1,enron_full_279563,no_exact_ref,5094.353,1,0,102517,6561280
fuzzydedup,4,1,enron_full_279563,no_exact_ref,3638.849,1,0,72626,4648256
fuzzydedup,5,1,enron_full_279563,no_exact_ref,4377.264,1,0,88134,5640768
fuzzydedup,4,1,enron_full_279751,exact_ref,3481.925,1,0,64636,4136896
fuzzydedup,5,1,enron_full_279751,exact_ref,4053.338,1,0,80169,5131008
fuzzydedup,6,1,enron_full_279751,exact_ref,4503.154,1,0,95677,6123520
fuzzydedup,5,1,enron_full_280423,no_exact_ref,6693.656,0,6,169489,10847296
fuzzydedup,6,1,enron_full_280423,no_exact_ref,7031.450,0,7,197034,12610176
fuzzydedup,4,1,enron_full_280423,no_exact_ref,6054.575,0,5,140955,9021120
fuzzydedup,6,1,enron_full_280603,no_exact_ref,7490.158,0,7,191555,12259520
fuzzydedup,4,1,enron_full_280603,no_exact_ref,5581.138,0,5,137769,8817216
fuzzydedup,5,1,enron_full_280603,no_exact_ref,6657.612,0,6,164996,10559744
fuzzydedup,4,1,enron_full_281547,no_exact_ref,5554.486,0,5,137103,8774592
fuzzydedup,5,1,enron_full_281547,no_exact_ref,6673.241,0,6,164671,10538944
fuzzydedup,6,1,enron_full_281547,no_exact_ref,7944.955,0,7,190614,12199296
fuzzydedup,5,1,enron_full_282395,exact_ref,2598.019,1,0,45234,2895168
fuzzydedup,6,1,enron_full_282395,exact_ref,3189.393,1,0,56285,3602432
fuzzydedup,4,1,enron_full_282395,exact_ref,2133.014,1,0,35178,2251584
fuzzydedup,6,1,enron_full_283356,exact_ref,3853.504,1,0,78032,4994432
fuzzydedup,4,1,enron_full_283356,exact_ref,3021.114,1,0,57764,3697088
fuzzydedup,5,1,enron_full_283356,exact_ref,2923.457,1,0,68446,4380736
fuzzydedup,4,1,enron_full_283839,exact_ref,1964.329,1,0,39692,2540480
fuzzydedup,5,1,enron_full_283839,exact_ref,2192.762,1,0,45914,2938688
fuzzydedup,6,1,enron_full_283839,exact_ref,2338.170,1,0,51562,3300160
fuzzydedup,5,1,enron_full_283868,exact_ref,2018.891,1,0,40422,2587200
fuzzydedup,6,1,enron_full_283868,exact_ref,2066.584,1,0,45024,2881728
fuzzydedup,4,1,enron_full_283868,exact_ref,1804.613,1,0,34774,2225728
fuzzydedup,6,1,enron_full_284197,exact_ref,868.848,1,0,13625,872192
fuzzydedup,4,1,enron_full_284197,exact_ref,838.085,1,0,10968,702144
fuzzydedup,5,1,enron_full_284197,exact_ref,858.670,1,0,12510,800832
fuzzydedup,4,1,enron_full_284956,exact_ref,3947.710,1,0,70347,4502400
fuzzydedup,5,1,enron_full_284956,exact_ref,4193.780,1,0,84169,5387008
fuzzydedup,6,1,enron_full_284956,exact_ref,4796.418,1,0,97517,6241280
fuzzydedup,5,1,enron_full_285559,exact_ref,2829.670,1,0,61679,3947648
fuzzydedup,6,1,enron_full_285559,exact_ref,3078.966,1,0,69109,4423168
fuzzydedup,4,1,enron_full_285559,exact_ref,2487.778,1,0,53121,3399936
fuzzydedup,6,1,enron_full_286024,exact_ref,4942.796,1,0,95995,6143872
fuzzydedup,4,1,enron_full_286024,exact_ref,4143.863,1,0,66104,4230848
fuzzydedup,5,1,enron_full_286024,exact_ref,4207.817,1,0,81612,5223360
fuzzydedup,4,1,enron_full_286036,exact_ref,2491.876,1,0,48074,3076928
fuzzydedup,5,1,enron_full_286036,exact_ref,2811.712,1,0,55504,3552448
fuzzydedup,6,1,enron_full_286036,exact_ref,2873.195,1,0,61726,3950656
fuzzydedup,5,1,enron_full_286164,exact_ref,4433.791,1,0,66802,4275520
fuzzydedup,6,1,enron_full_286164,exact_ref,4518.824,1,0,82063,5252224
fuzzydedup,4,1,enron_full_286164,exact_ref,2831.386,1,0,52090,3333952
fuzzydedup,6,1,enron_full_286899,exact_ref,4718.789,1,0,94479,6046848
fuzzydedup,4,1,enron_full_286899,exact_ref,3481.258,1,0,62349,3990528
fuzzydedup,5,1,enron_full_286899,exact_ref,4111.861,1,0,78260,5008832
fuzzydedup,4,1,enron_full_287012,no_exact_ref,6302.322,0,5,140955,9021120
fuzzydedup,5,1,enron_full_287012,no_exact_ref,7098.512,0,6,169489,10847296
fuzzydedup,6,1,enron_full_287012,no_exact_ref,7377.873,0,7,197034,12610176
fuzzydedup,5,1,enron_full_287512,exact_ref,3665.885,1,0,79715,5101952
fuzzydedup,6,1,enron_full_287512,exact_ref,4551.295,1,0,95626,6120256
fuzzydedup,4,1,enron_full_287512,exact_ref,3276.026,1,0,63954,4093248
fuzzydedup,6,1,enron_full_287655,exact_ref,4028.345,1,0,91173,5835264
fuzzydedup,4,1,enron_full_287655,exact_ref,3359.508,1,0,60151,3849856
fuzzydedup,5,1,enron_full_287655,exact_ref,4006.931,1,0,75412,4826560
fuzzydedup,4,1,enron_full_287736,exact_ref,3329.343,1,0,67953,4349184
fuzzydedup,5,1,enron_full_287736,exact_ref,4424.220,1,0,83486,5343296
fuzzydedup,6,1,enron_full_287736,exact_ref,4612.278,1,0,98994,6335808
fuzzydedup,5,1,enron_full_287760,exact_ref,4295.555,1,0,75415,4826752
fuzzydedup,6,1,enron_full_287760,exact_ref,5123.138,1,0,91176,5835456
fuzzydedup,4,1,enron_full_287760,exact_ref,3829.457,1,0,60154,3850048
fuzzydedup,6,1,enron_full_287778,exact_ref,3768.099,1,0,76496,4895936
fuzzydedup,4,1,enron_full_287778,exact_ref,2927.740,1,0,56228,3598784
fuzzydedup,5,1,enron_full_287778,exact_ref,2915.301,1,0,66910,4282432
fuzzydedup,4,1,enron_full_288938,exact_ref,2037.754,1,0,37517,2401280
fuzzydedup,5,1,enron_full_288938,exact_ref,2740.590,1,0,48568,3108544
fuzzydedup,6,1,enron_full_288938,exact_ref,2889.166,1,0,60262,3856960
fuzzydedup,5,1,enron_full_289243,no_exact_ref,5625.881,0,6,122217,7821888
fuzzydedup,6,1,enron_full_289243,no_exact_ref,5939.496,0,7,144058,9219712
fuzzydedup,4,1,enron_full_289243,no_exact_ref,4916.672,0,5,100182,6411648
fuzzydedup,6,1,enron_full_291054,no_exact_ref,8869.324,0,7,197015,12608960
fuzzydedup,4,1,enron_full_291054,no_exact_ref,6521.897,0,5,141284,9042176
fuzzydedup,5,1,enron_full_291054,no_exact_ref,7701.602,0,6,169864,10871296
fuzzydedup,4,1,enron_full_291275,no_exact_ref,5913.370,0,5,121972,7806208
fuzzydedup,5,1,enron_full_291275,no_exact_ref,6220.118,0,6,147636,9448704
fuzzydedup,6,1,enron_full_291275,no_exact_ref,7406.656,0,7,172289,11026624
fuzzydedup,5,1,enron_full_291375,no_exact_ref,6684.196,0,6,153267,9809088
fuzzydedup,6,1,enron_full_291375,no_exact_ref,8689.776,0,7,177736,11375104
fuzzydedup,4,1,enron_full_291375,no_exact_ref,5312.681,0,5,127462,8157568
fuzzydedup,6,1,enron_full_291790,exact_ref,4798.002,1,0,103817,6644480
fuzzydedup,4,1,enron_full_291790,exact_ref,3591.557,1,0,71438,4572224
fuzzydedup,5,1,enron_full_291790,exact_ref,4191.187,1,0,87845,5622272
fuzzydedup,4,1,enron_full_292561,exact_ref,2072.796,1,0,39015,2497152
fuzzydedup,5,1,enron_full_292561,exact_ref,2873.827,1,0,50066,3204416
fuzzydedup,6,1,enron_full_292561,exact_ref,2823.965,1,0,61760,3952832
fuzzydedup,5,1,enron_full_292656,exact_ref,1414.722,1,0,27111,1735296
fuzzydedup,6,1,enron_full_292656,exact_ref,1455.141,1,0,29500,1888192
fuzzydedup,4,1,enron_full_292656,exact_ref,1072.789,1,0,24163,1546624
fuzzydedup,6,1,enron_full_293066,exact_ref,2226.515,1,0,54912,3514560
fuzzydedup,4,1,enron_full_293066,exact_ref,1934.480,1,0,43042,2754880
fuzzydedup,5,1,enron_full_293066,exact_ref,1862.186,1,0,49264,3153088
fuzzydedup,4,1,enron_full_293083,exact_ref,3686.570,1,0,71406,4570176
fuzzydedup,5,1,enron_full_293083,exact_ref,4206.714,1,0,87813,5620224
fuzzydedup,6,1,enron_full_293083,exact_ref,4709.565,1,0,103785,6642432
fuzzydedup,5,1,enron_full_293619,exact_ref,2780.484,1,0,54196,3468736
fuzzydedup,6,1,enron_full_293619,exact_ref,2964.151,1,0,67525,4321792
fuzzydedup,4,1,enron_full_293619,exact_ref,2246.637,1,0,42502,2720320
fuzzydedup,6,1,enron_full_293948,no_exact_ref,7468.831,0,7,197034,12610240
fuzzydedup,4,1,enron_full_293948,no_exact_ref,5856.542,0,5,140955,9021184
fuzzydedup,5,1,enron_full_293948,no_exact_ref,6352.638,0,6,169489,10847360
fuzzydedup,4,1,enron_full_293985,exact_ref,963.037,1,0,16569,1060608
fuzzydedup,5,1,enron_full_293985,exact_ref,889.736,1,0,18384,1176768
fuzzydedup,6,1,enron_full_293985,exact_ref,876.054,1,0,19926,1275456
fuzzydedup,5,1,enron_full_295023,exact_ref,4164.878,1,0,88601,5670656
fuzzydedup,6,1,enron_full_295023,exact_ref,4233.312,1,0,102984,6591168
fuzzydedup,4,1,enron_full_295023,exact_ref,3609.080,1,0,73093,4678144
fuzzydedup,6,1,enron_full_295246,no_exact_ref,2271.889,0,7,56044,3588032
fuzzydedup,4,1,enron_full_295246,no_exact_ref,1576.627,0,5,36079,2309056
fuzzydedup,5,1,enron_full_295246,no_exact_ref,1967.814,0,6,45752,2928320
fuzzydedup,4,1,enron_full_296957,no_exact_ref,4954.577,0,5,100182,6411712
fuzzydedup,5,1,enron_full_296957,no_exact_ref,5083.663,0,6,122217,7821952
fuzzydedup,6,1,enron_full_296957,no_exact_ref,5674.265,0,7,144058,9219840
fuzzydedup,5,1,enron_full_298392,no_exact_ref,1439.451,0,6,25066,1604224
fuzzydedup,6,1,enron_full_298392,no_exact_ref,1537.434,0,7,30403,1945792
fuzzydedup,4,1,enron_full_298392,no_exact_ref,1039.472,0,5,20078,1284992
fuzzydedup,6,1,enron_full_298764,no_exact_ref,7235.401,0,7,197034,12610176
fuzzydedup,4,1,enron_full_298764,no_exact_ref,6406.708,0,5,140955,9021120
fuzzydedup,5,1,enron_full_298764,no_exact_ref,6903.042,0,6,169489,10847296
fuzzydedup,4,1,enron_full_299033,no_exact_ref,6803.058,0,5,139973,8958272
fuzzydedup,5,1,enron_full_299033,no_exact_ref,7310.450,0,6,168810,10803840
fuzzydedup,6,1,enron_full_299033,no_exact_ref,8601.104,0,7,194887,12472768
fuzzydedup,5,1,enron_full_299289,exact_ref,114.274,1,0,900,57792
fuzzydedup,6,1,enron_full_299289,exact_ref,42.827,1,0,1111,71296
fuzzydedup,4,1,enron_full_299289,exact_ref,33.614,1,0,738,47424
fuzzydedup,6,1,enron_full_299345,exact_ref,4291.747,1,0,88693,5676544
fuzzydedup,4,1,enron_full_299345,exact_ref,3787.182,1,0,61523,3937664
fuzzydedup,5,1,enron_full_299345,exact_ref,4001.271,1,0,75345,4822272
fuzzydedup,4,1,enron_full_299690,exact_ref,3997.604,1,0,73820,4724672
fuzzydedup,5,1,enron_full_299690,exact_ref,4652.426,1,0,89353,5718784
fuzzydedup,6,1,enron_full_299690,exact_ref,5044.156,1,0,104861,6711296
fuzzydedup,5,1,enron_full_300310,exact_ref,2459.276,1,0,33002,2112320
fuzzydedup,6,1,enron_full_300310,exact_ref,2409.136,1,0,41248,2640064
fuzzydedup,4,1,enron_full_300310,exact_ref,1328.945,1,0,25550,1635392
fuzzydedup,6,1,enron_full_300702,exact_ref,4827.794,1,0,101296,6483136
fuzzydedup,4,1,enron_full_300702,exact_ref,3771.144,1,0,73091,4678016
fuzzydedup,5,1,enron_full_300702,exact_ref,4365.874,1,0,87474,5598528
fuzzydedup,4,1,enron_full_301521,exact_ref,2319.412,1,0,43435,2780032
fuzzydedup,5,1,enron_full_301521,exact_ref,2133.843,1,0,49657,3178240
fuzzydedup,6,1,enron_full_301521,exact_ref,2262.972,1,0,55305,3539712
fuzzydedup,5,1,enron_full_301926,exact_ref,2952.458,1,0,67655,4330304
fuzzydedup,6,1,enron_full_301926,exact_ref,2727.614,1,0,76213,4878016
fuzzydedup,4,1,enron_full_301926,exact_ref,2133.016,1,0,58069,3716608
fuzzydedup,6,1,enron_full_302529,exact_ref,1051.664,1,0,16605,1062912
fuzzydedup,4,1,enron_full_302529,exact_ref,1052.132,1,0,10256,656576
fuzzydedup,5,1,enron_full_302529,exact_ref,1019.329,1,0,13283,850304
fuzzydedup,4,1,enron_full_303527,exact_ref,2919.115,1,0,56136,3592896
fuzzydedup,5,1,enron_full_303527,exact_ref,4179.470,1,0,70848,4534464
fuzzydedup,6,1,enron_full_303527,exact_ref,4449.560,1,0,86109,5511168
fuzzydedup,5,1,enron_full_304134,exact_ref,3469.631,1,0,78021,4993536
fuzzydedup,6,1,enron_full_304134,exact_ref,3988.358,1,0,88703,5677184
fuzzydedup,4,1,enron_full_304134,exact_ref,2964.845,1,0,66214,4237888
fuzzydedup,6,1,enron_full_304324,exact_ref,4513.792,1,0,103791,6642816
fuzzydedup,4,1,enron_full_304324,exact_ref,3766.490,1,0,73900,4729792
fuzzydedup,5,1,enron_full_304324,exact_ref,4036.274,1,0,89408,5722304
fuzzydedup,4,1,enron_full_305112,exact_ref,2416.542,1,0,53474,3422528
fuzzydedup,5,1,enron_full_305112,exact_ref,2440.105,1,0,62032,3970240
fuzzydedup,6,1,enron_full_305112,exact_ref,2976.219,1,0,69462,4445760
fuzzydedup,5,1,enron_full_305491,exact_ref,2670.160,1,0,67568,4324544
fuzzydedup,6,1,enron_full_305491,exact_ref,2791.940,1,0,76126,4872256
fuzzydedup,4,1,enron_full_305491,exact_ref,2187.595,1,0,57982,3711040
fuzzydedup,6,1,enron_full_305595,exact_ref,4045.559,1,0,101129,6472448
fuzzydedup,4,1,enron_full_305595,exact_ref,3710.419,1,0,72924,4667328
fuzzydedup,5,1,enron_full_305595,exact_ref,3989.094,1,0,87307,5587840
fuzzydedup,4,1,enron_full_306022,exact_ref,2543.408,1,0,58290,3730752
fuzzydedup,5,1,enron_full_306022,exact_ref,2633.276,1,0,67876,4344256
fuzzydedup,6,1,enron_full_306022,exact_ref,2530.006,1,0,76434,4891968
fuzzydedup,5,1,enron_full_306282,exact_ref,714.215,1,0,15317,980480
fuzzydedup,6,1,enron_full_306282,exact_ref,836.098,1,0,16859,1079168
fuzzydedup,4,1,enron_full_306282,exact_ref,807.032,1,0,13502,864320
fuzzydedup,6,1,enron_full_306838,exact_ref,3337.686,1,0,68080,4357312
fuzzydedup,4,1,enron_full_306838,exact_ref,2459.548,1,0,43057,2755840
fuzzydedup,5,1,enron_full_306838,exact_ref,2609.724,1,0,54751,3504256
fuzzydedup,4,1,enron_full_306879,exact_ref,3794.149,1,0,70230,4494912
fuzzydedup,5,1,enron_full_306879,exact_ref,3724.804,1,0,86449,5532928
fuzzydedup,6,1,enron_full_306879,exact_ref,5007.244,1,0,102856,6582976
fuzzydedup,5,1,enron_full_307066,exact_ref,4184.033,1,0,89199,5708928
fuzzydedup,6,1,enron_full_307066,exact_ref,4800.848,1,0,104732,6703040
fuzzydedup,4,1,enron_full_307066,exact_ref,3774.816,1,0,73227,4686720
fuzzydedup,6,1,enron_full_307536,exact_ref,4479.807,1,0,100138,6409024
fuzzydedup,4,1,enron_full_307536,exact_ref,3313.812,1,0,68008,4352704
fuzzydedup,5,1,enron_full_307536,exact_ref,3878.515,1,0,83919,5371008
fuzzydedup,4,1,enron_full_307959,exact_ref,923.689,1,0,13314,852288
fuzzydedup,5,1,enron_full_307959,exact_ref,850.157,1,0,14856,950976
fuzzydedup,6,1,enron_full_307959,exact_ref,729.209,1,0,15971,1022528
fuzzydedup,5,1,enron_full_308283,exact_ref,4054.742,1,0,88163,5642624
fuzzydedup,6,1,enron_full_308283,exact_ref,4615.845,1,0,104135,6664832
fuzzydedup,4,1,enron_full_308283,exact_ref,3196.041,1,0,71756,4592576
fuzzydedup,6,1,enron_full_308504,exact_ref,3177.204,1,0,69780,4466112
fuzzydedup,4,1,enron_full_308504,exact_ref,2327.424,1,0,53792,3442880
fuzzydedup,5,1,enron_full_308504,exact_ref,2626.420,1,0,62350,3990592
fuzzydedup,4,1,enron_full_308666,exact_ref,1151.158,1,0,24325,1556992
fuzzydedup,5,1,enron_full_308666,exact_ref,1151.818,1,0,27273,1745664
fuzzydedup,6,1,enron_full_308666,exact_ref,1400.289,1,0,29662,1898560
fuzzydedup,5,1,enron_full_310049,exact_ref,1149.176,1,0,14808,947904
fuzzydedup,6,1,enron_full_310049,exact_ref,1440.295,1,0,18644,1193408
fuzzydedup,4,1,enron_full_310049,exact_ref,1366.135,1,0,11486,735296
fuzzydedup,6,1,enron_full_310050,exact_ref,2300.525,1,0,35614,2279488
fuzzydedup,4,1,enron_full_310050,exact_ref,1379.815,1,0,29183,1867904
fuzzydedup,5,1,enron_full_310050,exact_ref,1307.774,1,0,32666,2090816
fuzzydedup,4,1,enron_full_310056,exact_ref,2648.057,1,0,53828,3445184
fuzzydedup,5,1,enron_full_310056,exact_ref,2933.881,1,0,62386,3992896
fuzzydedup,6,1,enron_full_310056,exact_ref,3004.672,1,0,69816,4468416
fuzzydedup,5,1,enron_full_310895,exact_ref,1067.728,1,0,18540,1186752
fuzzydedup,6,1,enron_full_310895,exact_ref,1380.702,1,0,23776,1521856
fuzzydedup,4,1,enron_full_310895,exact_ref,925.571,1,0,14344,918208
fuzzydedup,6,1,enron_full_310913,exact_ref,4810.955,1,0,104555,6691712
fuzzydedup,4,1,enron_full_310913,exact_ref,3400.205,1,0,72176,4619456
fuzzydedup,5,1,enron_full_310913,exact_ref,4478.079,1,0,88583,5669504
fuzzydedup,4,1,enron_full_311017,exact_ref,3416.105,1,0,70353,4502784
fuzzydedup,5,1,enron_full_311017,exact_ref,3704.754,1,0,86572,5540800
fuzzydedup,6,1,enron_full_311017,exact_ref,4377.241,1,0,102979,6590848
fuzzydedup,5,1,enron_full_313090,exact_ref,4615.442,1,0,87266,5585216
fuzzydedup,6,1,enron_full_313090,exact_ref,4524.819,1,0,101088,6469824
fuzzydedup,4,1,enron_full_313090,exact_ref,3562.991,1,0,72883,4664704
fuzzydedup,6,1,enron_full_314206,exact_ref,3328.020,1,0,68261,4368896
fuzzydedup,4,1,enron_full_314206,exact_ref,2683.708,1,0,43238,2767424
fuzzydedup,5,1,enron_full_314206,exact_ref,2825.887,1,0,54932,3515840
fuzzydedup,4,1,enron_full_314362,exact_ref,1901.975,1,0,35398,2265664
fuzzydedup,5,1,enron_full_314362,exact_ref,2014.799,1,0,45454,2909248
fuzzydedup,6,1,enron_full_314362,exact_ref,2848.443,1,0,56505,3616512
fuzzydedup,5,1,enron_full_315231,exact_ref,4143.171,1,0,89541,5730816
fuzzydedup,6,1,enron_full_315231,exact_ref,5283.128,1,0,105074,6724928
fuzzydedup,4,1,enron_full_315231,exact_ref,3635.124,1,0,73569,4708608
fuzzydedup,6,1,enron_full_315279,exact_ref,4615.790,1,0,104815,6708352
fuzzydedup,4,1,enron_full_315279,exact_ref,3477.048,1,0,73310,4692032
fuzzydedup,5,1,enron_full_315279,exact_ref,4353.034,1,0,89282,5714240
fuzzydedup,4,1,enron_full_315623,exact_ref,1615.337,1,0,28977,1854720
fuzzydedup,5,1,enron_full_315623,exact_ref,1495.312,1,0,32460,2077632
fuzzydedup,6,1,enron_full_315623,exact_ref,1512.670,1,0,35408,2266304
fuzzydedup,5,1,enron_full_316006,exact_ref,787.425,1,0,14924,955328
fuzzydedup,6,1,enron_full_316006,exact_ref,724.548,1,0,16039,1026688
fuzzydedup,4,1,enron_full_316006,exact_ref,746.058,1,0,13382,856640
fuzzydedup,6,1,enron_full_317192,exact_ref,2594.660,1,0,50943,3260608
fuzzydedup,4,1,enron_full_317192,exact_ref,1765.886,1,0,31442,2012544
fuzzydedup,5,1,enron_full_317192,exact_ref,2314.498,1,0,40887,2617024
fuzzydedup,4,1,enron_full_317451,exact_ref,774.977,1,0,10783,690304
fuzzydedup,5,1,enron_full_317451,exact_ref,513.093,1,0,11898,761664
fuzzydedup,6,1,enron_full_317451,exact_ref,266.789,1,0,12604,806848
fuzzydedup,5,1,enron_full_318133,exact_ref,3873.597,1,0,70722,4526400
fuzzydedup,6,1,enron_full_318133,exact_ref,3997.336,1,0,85983,5503104
fuzzydedup,4,1,enron_full_318133,exact_ref,2649.076,1,0,56010,3584832
fuzzydedup,6,1,enron_full_318207,exact_ref,491.146,1,0,7515,481152
fuzzydedup,4,1,enron_full_318207,exact_ref,192.755,1,0,6576,421056
fuzzydedup,5,1,enron_full_318207,exact_ref,180.530,1,0,7135,456832
fuzzydedup,4,1,enron_full_318845,exact_ref,3865.925,1,0,64578,4133184
fuzzydedup,5,1,enron_full_318845,exact_ref,4227.693,1,0,80339,5141888
fuzzydedup,6,1,enron_full_318845,exact_ref,5080.456,1,0,96250,6160192
fuzzydedup,5,1,enron_full_318909,exact_ref,5452.379,1,0,87463,5597824
fuzzydedup,6,1,enron_full_318909,exact_ref,5127.295,1,0,101285,6482432
fuzzydedup,4,1,enron_full_318909,exact_ref,4077.315,1,0,73080,4677312
fuzzydedup,6,1,enron_full_319080,exact_ref,1343.122,1,0,24513,1569024
fuzzydedup,4,1,enron_full_319080,exact_ref,1030.894,1,0,20309,1299968
fuzzydedup,5,1,enron_full_319080,exact_ref,1070.460,1,0,22698,1452864
fuzzydedup,4,1,enron_full_319320,exact_ref,4359.948,1,0,73652,4713920
fuzzydedup,5,1,enron_full_319320,exact_ref,5018.242,1,0,89185,5708032
fuzzydedup,6,1,enron_full_319320,exact_ref,5112.532,1,0,104693,6700544
fuzzydedup,5,1,enron_full_319952,exact_ref,4818.034,1,0,83642,5353472
fuzzydedup,6,1,enron_full_319952,exact_ref,5015.258,1,0,99861,6391488
fuzzydedup,4,1,enron_full_319952,exact_ref,3895.572,1,0,67731,4334976
fuzzydedup,6,1,enron_full_320564,exact_ref,4010.001,1,0,88879,5688448
fuzzydedup,4,1,enron_full_320564,exact_ref,3550.659,1,0,66390,4249152
fuzzydedup,5,1,enron_full_320564,exact_ref,3780.446,1,0,78197,5004800
fuzzydedup,4,1,enron_full_320626,exact_ref,4152.368,1,0,60642,3881280
fuzzydedup,5,1,enron_full_320626,exact_ref,4232.376,1,0,75903,4857984
fuzzydedup,6,1,enron_full_320626,exact_ref,4524.023,1,0,91664,5866688
fuzzydedup,5,1,enron_full_321445,exact_ref,3377.300,1,0,73105,4678912
fuzzydedup,6,1,enron_full_321445,exact_ref,3632.063,1,0,82691,5292416
fuzzydedup,4,1,enron_full_321445,exact_ref,2721.139,1,0,62423,3995264
fuzzydedup,6,1,enron_full_321807,exact_ref,1371.157,1,0,23702,1517120
fuzzydedup,4,1,enron_full_321807,exact_ref,955.153,1,0,14270,913472
fuzzydedup,5,1,enron_full_321807,exact_ref,1038.086,1,0,18466,1182016
fuzzydedup,4,1,enron_full_321918,exact_ref,2963.967,1,0,56196,3596736
fuzzydedup,5,1,enron_full_321918,exact_ref,4240.433,1,0,70908,4538304
fuzzydedup,6,1,enron_full_321918,exact_ref,4593.720,1,0,86169,5515008
fuzzydedup,5,1,enron_full_322149,exact_ref,4283.730,1,0,88129,5640448
fuzzydedup,6,1,enron_full_322149,exact_ref,4570.199,1,0,104101,6662656
fuzzydedup,4,1,enron_full_322149,exact_ref,3685.668,1,0,71722,4590400
fuzzydedup,6,1,enron_full_322706,exact_ref,415.326,1,0,4178,267584
fuzzydedup,4,1,enron_full_322706,exact_ref,126.016,1,0,3627,232320
fuzzydedup,5,1,enron_full_322706,exact_ref,122.833,1,0,3903,249984
fuzzydedup,4,1,enron_full_322737,exact_ref,1282.286,1,0,29078,1861184
fuzzydedup,5,1,enron_full_322737,exact_ref,1616.799,1,0,32561,2084096
fuzzydedup,6,1,enron_full_322737,exact_ref,1426.382,1,0,35509,2272768
fuzzydedup,5,1,enron_full_322757,exact_ref,1398.948,1,0,26304,1683648
fuzzydedup,6,1,enron_full_322757,exact_ref,1384.663,1,0,33078,2117184
fuzzydedup,4,1,enron_full_322757,exact_ref,1165.361,1,0,20224,1294528
fuzzydedup,6,1,enron_full_324000,exact_ref,1463.210,1,0,30661,1962496
fuzzydedup,4,1,enron_full_324000,exact_ref,1097.340,1,0,24230,1550912
fuzzydedup,5,1,enron_full_324000,exact_ref,1240.478,1,0,27713,1773824
fuzzydedup,4,1,enron_full_324353,no_exact_ref,1213.119,0,5,22576,1444864
fuzzydedup,5,1,enron_full_324353,no_exact_ref,1387.234,0,6,28110,1799104
fuzzydedup,6,1,enron_full_324353,no_exact_ref,1654.423,0,7,34498,2207936
fuzzydedup,5,1,enron_full_325002,exact_ref,4223.094,1,0,90114,5767680
fuzzydedup,6,1,enron_full_325002,exact_ref,4528.834,1,0,104497,6688512
fuzzydedup,4,1,enron_full_325002,exact_ref,3650.634,1,0,74606,4774976
fuzzydedup,6,1,enron_full_325131,exact_ref,2384.310,1,0,44522,2849600
fuzzydedup,4,1,enron_full_325131,exact_ref,2066.275,1,0,26831,1717376
fuzzydedup,5,1,enron_full_325131,exact_ref,1900.865,1,0,35077,2245120
fuzzydedup,4,1,enron_full_325547,exact_ref,3644.762,1,0,69132,4424640
fuzzydedup,5,1,enron_full_325547,exact_ref,4495.441,1,0,84640,5417152
fuzzydedup,6,1,enron_full_325547,exact_ref,4859.038,1,0,99023,6337664
fuzzydedup,5,1,enron_full_326276,exact_ref,4160.687,1,0,71267,4561280
fuzzydedup,6,1,enron_full_326276,exact_ref,4149.955,1,0,86528,5537984
fuzzydedup,4,1,enron_full_326276,exact_ref,2801.606,1,0,56555,3619712
fuzzydedup,6,1,enron_full_326406,exact_ref,2420.720,1,0,55695,3564672
fuzzydedup,4,1,enron_full_326406,exact_ref,2152.027,1,0,43825,2804992
fuzzydedup,5,1,enron_full_326406,exact_ref,2242.646,1,0,50047,3203200
fuzzydedup,4,1,enron_full_326699,exact_ref,941.263,1,0,12800,819392
fuzzydedup,5,1,enron_full_326699,exact_ref,1088.685,1,0,16636,1064896
fuzzydedup,6,1,enron_full_326699,exact_ref,1131.580,1,0,20832,1333440
fuzzydedup,5,1,enron_full_326891,exact_ref,2530.160,1,0,62713,4013824
fuzzydedup,6,1,enron_full_326891,exact_ref,3016.987,1,0,70143,4489344
fuzzydedup,4,1,enron_full_326891,exact_ref,2506.675,1,0,54155,3466112
fuzzydedup,6,1,enron_full_327398,exact_ref,2758.137,1,0,51118,3271744
fuzzydedup,4,1,enron_full_327398,exact_ref,2095.497,1,0,31617,2023680
fuzzydedup,5,1,enron_full_327398,exact_ref,2379.416,1,0,41062,2628160
fuzzydedup,4,1,enron_full_327734,exact_ref,3389.703,1,0,69520,4449472
fuzzydedup,5,1,enron_full_327734,exact_ref,3725.477,1,0,82868,5303744
fuzzydedup,6,1,enron_full_327734,exact_ref,3899.271,1,0,94675,6059392
fuzzydedup,5,1,enron_full_330743,exact_ref,302.631,1,0,1495,95872
fuzzydedup,6,1,enron_full_330743,exact_ref,95.750,1,0,1584,101568
fuzzydedup,4,1,enron_full_330743,exact_ref,78.104,1,0,1411,90496
fuzzydedup,6,1,enron_full_330847,exact_ref,1742.340,1,0,45424,2907328
fuzzydedup,4,1,enron_full_330847,exact_ref,1829.415,1,0,35174,2251328
fuzzydedup,5,1,enron_full_330847,exact_ref,1841.951,1,0,40822,2612800
fuzzydedup,4,1,enron_full_331065,no_exact_ref,4042.128,0,5,84127,5384128
fuzzydedup,5,1,enron_full_331065,no_exact_ref,4198.824,0,6,103384,6616576
fuzzydedup,6,1,enron_full_331065,no_exact_ref,6094.569,0,7,123332,7893248
fuzzydedup,5,1,enron_full_331235,exact_ref,2193.854,1,0,36867,2359680
fuzzydedup,6,1,enron_full_331235,exact_ref,2526.470,1,0,46312,2964160
fuzzydedup,4,1,enron_full_331235,exact_ref,2124.824,1,0,28621,1831936
fuzzydedup,6,1,enron_full_331309,no_exact_ref,3671.314,0,7,67711,4333504
fuzzydedup,4,1,enron_full_331309,no_exact_ref,2639.065,0,5,44983,2878912
fuzzydedup,5,1,enron_full_331309,no_exact_ref,2822.190,0,6,55915,3578560
fuzzydedup,4,1,enron_full_332147,no_exact_ref,1589.247,0,5,28839,1845696
fuzzydedup,5,1,enron_full_332147,no_exact_ref,1722.405,0,6,35649,2281536
fuzzydedup,6,1,enron_full_332147,no_exact_ref,2171.886,0,7,43148,2761472
fuzzydedup,5,1,enron_full_332523,exact_ref,5324.315,1,0,89833,5749504
fuzzydedup,6,1,enron_full_332523,exact_ref,5149.423,1,0,104216,6670016
fuzzydedup,4,1,enron_full_332523,exact_ref,4775.325,1,0,74325,4756992
fuzzydedup,6,1,enron_full_333276,exact_ref,3090.136,1,0,55817,3572480
fuzzydedup,4,1,enron_full_333276,exact_ref,2264.103,1,0,43947,2812800
fuzzydedup,5,1,enron_full_333276,exact_ref,2280.967,1,0,50169,3211008
fuzzydedup,4,1,enron_full_333308,exact_ref,2908.169,1,0,43543,2786944
fuzzydedup,5,1,enron_full_333308,exact_ref,3395.341,1,0,55237,3535360
fuzzydedup,6,1,enron_full_333308,exact_ref,3513.974,1,0,68566,4388416
fuzzydedup,5,1,enron_full_333309,exact_ref,3993.097,1,0,82972,5310400
fuzzydedup,6,1,enron_full_333309,exact_ref,4199.504,1,0,94779,6066048
fuzzydedup,4,1,enron_full_333309,exact_ref,3480.745,1,0,69624,4456128
fuzzydedup,6,1,enron_full_334798,no_exact_ref,1339.681,0,7,25738,1647232
fuzzydedup,4,1,enron_full_334798,no_exact_ref,899.342,0,5,14937,955968
fuzzydedup,5,1,enron_full_334798,no_exact_ref,1031.036,0,6,19815,1268160
fuzzydedup,4,1,enron_full_335428,exact_ref,926.485,1,0,16972,1086400
fuzzydedup,5,1,enron_full_335428,exact_ref,887.052,1,0,18787,1202560
fuzzydedup,6,1,enron_full_335428,exact_ref,910.721,1,0,20329,1301248
fuzzydedup,5,1,enron_full_335498,exact_ref,3717.282,1,0,82973,5310464
fuzzydedup,6,1,enron_full_335498,exact_ref,3592.974,1,0,94780,6066112
fuzzydedup,4,1,enron_full_335498,exact_ref,3284.765,1,0,69625,4456192
fuzzydedup,6,1,enron_full_335546,exact_ref,5008.067,1,0,86615,5543552
fuzzydedup,4,1,enron_full_335546,exact_ref,2644.302,1,0,56642,3625280
fuzzydedup,5,1,enron_full_335546,exact_ref,4005.907,1,0,71354,4566848
fuzzydedup,4,1,enron_full_335575,exact_ref,3342.382,1,0,68494,4383808
fuzzydedup,5,1,enron_full_335575,exact_ref,4034.760,1,0,84405,5402112
fuzzydedup,6,1,enron_full_335575,exact_ref,4659.177,1,0,100624,6440128
fuzzydedup,5,1,enron_full_335623,exact_ref,3913.288,1,0,71364,4567488
fuzzydedup,6,1,enron_full_335623,exact_ref,4136.085,1,0,86625,5544192
fuzzydedup,4,1,enron_full_335623,exact_ref,2745.588,1,0,56652,3625920
fuzzydedup,6,1,enron_full_335857,exact_ref,1616.206,1,0,32870,2103872
fuzzydedup,4,1,enron_full_335857,exact_ref,1349.591,1,0,26439,1692288
fuzzydedup,5,1,enron_full_335857,exact_ref,1492.966,1,0,29922,1915200
fuzzydedup,4,1,enron_full_335946,exact_ref,857.876,1,0,14993,959744
fuzzydedup,5,1,enron_full_335946,exact_ref,757.181,1,0,16808,1075904
fuzzydedup,6,1,enron_full_335946,exact_ref,779.561,1,0,18350,1174592
fuzzydedup,5,1,enron_full_336542,exact_ref,4319.832,1,0,84178,5387584
fuzzydedup,6,1,enron_full_336542,exact_ref,5129.325,1,0,98561,6308096
fuzzydedup,4,1,enron_full_336542,exact_ref,4281.472,1,0,68670,4395072
fuzzydedup,6,1,enron_full_337267,exact_ref,819.694,1,0,12422,795200
fuzzydedup,4,1,enron_full_337267,exact_ref,558.526,1,0,10601,678656
fuzzydedup,5,1,enron_full_337267,exact_ref,545.708,1,0,11716,750016
fuzzydedup,4,1,enron_full_337292,exact_ref,3540.126,1,0,63961,4093696
fuzzydedup,5,1,enron_full_337292,exact_ref,4301.626,1,0,79872,5112000
fuzzydedup,6,1,enron_full_337292,exact_ref,4883.352,1,0,96091,6150016
fuzzydedup,5,1,enron_full_337470,exact_ref,4152.954,1,0,83412,5338560
fuzzydedup,6,1,enron_full_337470,exact_ref,4763.060,1,0,99323,6356864
fuzzydedup,4,1,enron_full_337470,exact_ref,3885.845,1,0,67651,4329856
fuzzydedup,6,1,enron_full_339638,no_exact_ref,6266.537,0,7,148499,9516736
fuzzydedup,4,1,enron_full_339638,no_exact_ref,4637.757,0,5,105124,6728064
fuzzydedup,5,1,enron_full_339638,no_exact_ref,5443.931,0,6,126879,8130304
fuzzydedup,4,1,enron_full_340418,exact_ref,2341.439,1,0,28790,1842752
fuzzydedup,5,1,enron_full_340418,exact_ref,2288.507,1,0,37036,2370496
fuzzydedup,6,1,enron_full_340418,exact_ref,2521.671,1,0,46481,2974976
fuzzydedup,5,1,enron_full_340472,exact_ref,3222.767,1,0,64906,4154176
fuzzydedup,6,1,enron_full_340472,exact_ref,3350.607,1,0,74492,4767680
fuzzydedup,4,1,enron_full_340472,exact_ref,2653.532,1,0,54224,3470528
fuzzydedup,6,1,enron_full_340761,exact_ref,2594.382,1,0,66201,4237056
fuzzydedup,4,1,enron_full_340761,exact_ref,2162.499,1,0,52549,3363328
fuzzydedup,5,1,enron_full_340761,exact_ref,2414.359,1,0,59979,3838848
fuzzydedup,4,1,enron_full_341249,exact_ref,1780.831,1,0,38901,2489856
fuzzydedup,5,1,enron_full_341249,exact_ref,1939.841,1,0,44549,2851328
fuzzydedup,6,1,enron_full_341249,exact_ref,1879.348,1,0,49151,3145856
fuzzydedup,5,1,enron_full_341362,exact_ref,1936.477,1,0,43360,2775232
fuzzydedup,6,1,enron_full_341362,exact_ref,2189.939,1,0,47962,3069760
fuzzydedup,4,1,enron_full_341362,exact_ref,1809.520,1,0,37712,2413760
fuzzydedup,6,1,enron_full_342301,exact_ref,2563.166,1,0,37779,2418048
fuzzydedup,4,1,enron_full_342301,exact_ref,1381.047,1,0,23553,1507584
fuzzydedup,5,1,enron_full_342301,exact_ref,1418.112,1,0,30327,1941120
fuzzydedup,4,1,enron_full_342735,exact_ref,2241.724,1,0,39629,2536448
fuzzydedup,5,1,enron_full_342735,exact_ref,2598.480,1,0,50680,3243712
fuzzydedup,6,1,enron_full_342735,exact_ref,2812.048,1,0,62374,3992128
fuzzydedup,5,1,enron_full_344191,exact_ref,4244.581,1,0,71762,4592960
fuzzydedup,6,1,enron_full_344191,exact_ref,4391.440,1,0,87023,5569664
fuzzydedup,4,1,enron_full_344191,exact_ref,2604.621,1,0,57050,3651392
fuzzydedup,6,1,enron_full_344335,exact_ref,4735.170,1,0,106178,6795584
fuzzydedup,4,1,enron_full_344335,exact_ref,3750.740,1,0,75137,4808960
fuzzydedup,5,1,enron_full_344335,exact_ref,4196.091,1,0,90670,5803072
fuzzydedup,4,1,enron_full_344645,no_exact_ref,5352.945,0,5,137103,8774592
fuzzydedup,5,1,enron_full_344645,no_exact_ref,6447.122,0,6,164671,10538944
fuzzydedup,6,1,enron_full_344645,no_exact_ref,7284.741,0,7,190614,12199296
fuzzydedup,5,1,enron_full_345595,exact_ref,1773.632,1,0,39009,2496768
fuzzydedup,6,1,enron_full_345595,exact_ref,1868.750,1,0,42492,2719680
fuzzydedup,4,1,enron_full_345595,exact_ref,1440.506,1,0,34407,2202240
fuzzydedup,6,1,enron_full_345814,exact_ref,4768.881,1,0,105618,6759744
fuzzydedup,4,1,enron_full_345814,exact_ref,3477.106,1,0,73239,4687488
fuzzydedup,5,1,enron_full_345814,exact_ref,3998.754,1,0,89646,5737536
fuzzydedup,4,1,enron_full_348142,exact_ref,3664.850,1,0,75063,4804224
fuzzydedup,5,1,enron_full_348142,exact_ref,4580.154,1,0,90596,5798336
fuzzydedup,6,1,enron_full_348142,exact_ref,4773.617,1,0,106104,6790848
fuzzydedup,5,1,enron_full_348438,no_exact_ref,6476.193,0,6,168125,10760128
fuzzydedup,6,1,enron_full_348438,no_exact_ref,7676.347,0,7,194644,12457408
fuzzydedup,4,1,enron_full_348438,no_exact_ref,5909.189,0,5,139516,8929024
fuzzydedup,6,1,enron_full_349353,no_exact_ref,6236.128,0,7,159258,10192512
fuzzydedup,4,1,enron_full_349353,no_exact_ref,4657.341,0,5,113227,7246528
fuzzydedup,5,1,enron_full_349353,no_exact_ref,5198.030,0,6,136629,8744256
fuzzydedup,4,1,enron_full_349483,no_exact_ref,3533.811,0,5,87103,5574592
fuzzydedup,5,1,enron_full_349483,no_exact_ref,3898.446,0,6,106088,6789632
fuzzydedup,6,1,enron_full_349483,no_exact_ref,4676.178,0,7,125079,8005056
fuzzydedup,5,1,enron_full_352068,no_exact_ref,6727.141,0,6,160514,10272896
fuzzydedup,6,1,enron_full_352068,no_exact_ref,8172.947,0,7,186103,11910592
fuzzydedup,4,1,enron_full_352068,no_exact_ref,6624.667,0,5,133491,8543424
fuzzydedup,6,1,enron_full_352183,exact_ref,119.281,1,0,1034,66368
fuzzydedup,4,1,enron_full_352183,exact_ref,35.667,1,0,725,46592
fuzzydedup,5,1,enron_full_352183,exact_ref,36.534,1,0,878,56384
fuzzydedup,4,1,enron_full_352410,exact_ref,1448.302,1,0,25380,1624512
fuzzydedup,5,1,enron_full_352410,exact_ref,2270.851,1,0,32832,2101440
fuzzydedup,6,1,enron_full_352410,exact_ref,2300.957,1,0,41078,2629184
fuzzydedup,5,1,enron_full_352552,no_exact_ref,7523.224,0,6,168810,10803840
fuzzydedup,6,1,enron_full_352552,no_exact_ref,8113.019,0,7,194887,12472768
fuzzydedup,4,1,enron_full_352552,no_exact_ref,6580.995,0,5,139973,8958272
fuzzydedup,6,1,enron_full_353158,exact_ref,4683.630,1,0,105442,6748480
fuzzydedup,4,1,enron_full_353158,exact_ref,3600.482,1,0,73063,4676224
fuzzydedup,5,1,enron_full_353158,exact_ref,4313.137,1,0,89470,5726272
fuzzydedup,4,1,enron_full_353883,no_exact_ref,6023.572,0,5,137103,8774592
fuzzydedup,5,1,enron_full_353883,no_exact_ref,7000.979,0,6,164671,10538944
fuzzydedup,6,1,enron_full_353883,no_exact_ref,7621.893,0,7,190614,12199296
fuzzydedup,5,1,enron_full_354290,no_exact_ref,3724.127,0,6,84314,5396352
fuzzydedup,6,1,enron_full_354290,no_exact_ref,4127.422,0,7,100525,6433920
fuzzydedup,4,1,enron_full_354290,no_exact_ref,2663.122,0,5,68018,4353408
fuzzydedup,6,1,enron_full_355229,no_exact_ref,3019.583,0,7,76712,4909568
fuzzydedup,4,1,enron_full_355229,no_exact_ref,2138.175,0,5,50866,3255424
fuzzydedup,5,1,enron_full_355229,no_exact_ref,2558.770,0,6,63363,4055232
fuzzydedup,4,1,enron_full_355694,exact_ref,4131.736,1,0,75271,4817536
fuzzydedup,5,1,enron_full_355694,exact_ref,4574.051,1,0,90804,5811648
fuzzydedup,6,1,enron_full_355694,exact_ref,4900.320,1,0,106312,6804160
fuzzydedup,5,1,enron_full_355895,no_exact_ref,7113.771,0,6,154598,9894272
fuzzydedup,6,1,enron_full_355895,no_exact_ref,7746.059,0,7,180015,11520960
fuzzydedup,4,1,enron_full_355895,no_exact_ref,5890.787,0,5,128135,8200640
fuzzydedup,6,1,enron_full_356569,no_exact_ref,4058.057,0,7,83781,5361984
fuzzydedup,4,1,enron_full_356569,no_exact_ref,2924.465,0,5,56325,3604800
fuzzydedup,5,1,enron_full_356569,no_exact_ref,3227.816,0,6,69703,4460992
fuzzydedup,4,1,enron_full_356908,exact_ref,3852.475,1,0,69041,4418816
fuzzydedup,5,1,enron_full_356908,exact_ref,4525.383,1,0,84952,5437120
fuzzydedup,6,1,enron_full_356908,exact_ref,4738.247,1,0,101171,6475136
fuzzydedup,5,1,enron_full_356976,no_exact_ref,5708.126,0,6,113036,7234368
fuzzydedup,6,1,enron_full_356976,no_exact_ref,6365.746,0,7,133357,8535232
fuzzydedup,4,1,enron_full_356976,no_exact_ref,4252.216,0,5,92244,5903680
fuzzydedup,6,1,enron_full_358597,no_exact_ref,6127.213,0,7,123332,7893248
fuzzydedup,4,1,enron_full_358597,no_exact_ref,4171.200,0,5,84127,5384128
fuzzydedup,5,1,enron_full_358597,no_exact_ref,4488.891,0,6,103384,6616576
fuzzydedup,4,1,enron_full_358915,no_exact_ref,3939.975,0,5,87103,5574592
fuzzydedup,5,1,enron_full_358915,no_exact_ref,4245.738,0,6,106088,6789632
fuzzydedup,6,1,enron_full_358915,no_exact_ref,4902.484,0,7,125079,8005056
fuzzydedup,5,1,enron_full_360085,exact_ref,2608.430,1,0,63742,4079680
fuzzydedup,6,1,enron_full_360085,exact_ref,2863.459,1,0,71172,4555200
fuzzydedup,4,1,enron_full_360085,exact_ref,2299.015,1,0,55184,3531968
fuzzydedup,6,1,enron_full_360983,exact_ref,4841.860,1,0,101244,6479808
fuzzydedup,4,1,enron_full_360983,exact_ref,3735.400,1,0,69114,4423488
fuzzydedup,5,1,enron_full_360983,exact_ref,4344.945,1,0,85025,5441792
fuzzydedup,4,1,enron_full_362389,exact_ref,3333.626,1,0,69159,4426368
fuzzydedup,5,1,enron_full_362389,exact_ref,4399.621,1,0,85070,5444672
fuzzydedup,6,1,enron_full_362389,exact_ref,4736.407,1,0,101289,6482688
fuzzydedup,5,1,enron_full_363120,exact_ref,1909.865,1,0,40049,2563328
fuzzydedup,6,1,enron_full_363120,exact_ref,2087.195,1,0,44651,2857856
fuzzydedup,4,1,enron_full_363120,exact_ref,1564.862,1,0,34401,2201856
fuzzydedup,6,1,enron_full_363607,no_exact_ref,6512.257,0,7,153889,9848896
fuzzydedup,4,1,enron_full_363607,no_exact_ref,5281.382,0,5,107991,6911424
fuzzydedup,5,1,enron_full_363607,no_exact_ref,5384.441,0,6,131204,8397056
fuzzydedup,4,1,enron_full_363846,no_exact_ref,6245.807,0,5,141284,9042176
fuzzydedup,5,1,enron_full_363846,no_exact_ref,7135.723,0,6,169864,10871296
fuzzydedup,6,1,enron_full_363846,no_exact_ref,7596.151,0,7,197015,12608960
fuzzydedup,5,1,enron_full_363876,exact_ref,3015.511,1,0,51728,3310784
fuzzydedup,6,1,enron_full_363876,exact_ref,3091.323,1,0,65057,4163840
fuzzydedup,4,1,enron_full_363876,exact_ref,2282.904,1,0,40034,2562368
fuzzydedup,6,1,enron_full_364025,no_exact_ref,6166.864,0,7,153889,9848896
fuzzydedup,4,1,enron_full_364025,no_exact_ref,5268.170,0,5,107991,6911424
fuzzydedup,5,1,enron_full_364025,no_exact_ref,5490.094,0,6,131204,8397056
fuzzydedup,4,1,enron_full_364586,exact_ref,2002.384,1,0,31986,2047296
fuzzydedup,5,1,enron_full_364586,exact_ref,1885.113,1,0,37634,2408768
fuzzydedup,6,1,enron_full_364586,exact_ref,1833.002,1,0,42236,2703296
fuzzydedup,5,1,enron_full_365105,no_exact_ref,3141.935,0,6,73355,4694720
fuzzydedup,6,1,enron_full_365105,no_exact_ref,3448.575,0,7,88518,5665152
fuzzydedup,4,1,enron_full_365105,no_exact_ref,2171.078,0,5,59159,3786176
fuzzydedup,6,1,enron_full_365478,no_exact_ref,7388.130,0,7,180015,11520960
fuzzydedup,4,1,enron_full_365478,no_exact_ref,5898.547,0,5,128135,8200640
fuzzydedup,5,1,enron_full_365478,no_exact_ref,6580.403,0,6,154598,9894272
fuzzydedup,4,1,enron_full_365497,exact_ref,3119.906,1,0,68022,4353600
fuzzydedup,5,1,enron_full_365497,exact_ref,3433.491,1,0,79829,5109248
fuzzydedup,6,1,enron_full_365497,exact_ref,3697.642,1,0,90511,5792896
fuzzydedup,5,1,enron_full_365509,no_exact_ref,2308.741,1,0,50817,3252480
fuzzydedup,6,1,enron_full_365509,no_exact_ref,2249.361,1,0,56465,3613952
fuzzydedup,4,1,enron_full_365509,no_exact_ref,1911.536,1,0,44595,2854272
fuzzydedup,6,1,enron_full_365947,no_exact_ref,7064.139,0,7,184939,11836096
fuzzydedup,4,1,enron_full_365947,no_exact_ref,5530.599,0,5,132999,8511936
fuzzydedup,5,1,enron_full_365947,no_exact_ref,5719.404,0,6,159592,10213888
fuzzydedup,4,1,enron_full_366510,exact_ref,925.030,1,0,17429,1115648
fuzzydedup,5,1,enron_full_366510,exact_ref,816.916,1,0,19244,1231808
fuzzydedup,6,1,enron_full_366510,exact_ref,842.723,1,0,20786,1330496
fuzzydedup,5,1,enron_full_366895,exact_ref,4296.800,1,0,77112,4935360
fuzzydedup,6,1,enron_full_366895,exact_ref,4229.036,1,0,92873,5944064
fuzzydedup,4,1,enron_full_366895,exact_ref,3465.385,1,0,61851,3958656
fuzzydedup,6,1,enron_full_367052,no_exact_ref,6747.970,0,7,169255,10832320
fuzzydedup,4,1,enron_full_367052,no_exact_ref,5180.667,0,5,120641,7721024
fuzzydedup,5,1,enron_full_367052,no_exact_ref,5359.253,0,6,145606,9318784
fuzzydedup,4,1,enron_full_367129,no_exact_ref,3889.227,0,5,95838,6133632
fuzzydedup,5,1,enron_full_367129,no_exact_ref,4476.987,0,6,116994,7487616
fuzzydedup,6,1,enron_full_367129,no_exact_ref,4960.288,0,7,137129,8776256
fuzzydedup,5,1,enron_full_367319,no_exact_ref,6566.696,0,6,169489,10847296
fuzzydedup,6,1,enron_full_367319,no_exact_ref,7827.115,0,7,197034,12610176
fuzzydedup,4,1,enron_full_367319,no_exact_ref,6083.175,0,5,140955,9021120
fuzzydedup,6,1,enron_full_367765,exact_ref,2681.109,1,0,51543,3298944
fuzzydedup,4,1,enron_full_367765,exact_ref,1980.121,1,0,32042,2050880
fuzzydedup,5,1,enron_full_367765,exact_ref,2348.051,1,0,41487,2655360
fuzzydedup,4,1,enron_full_367912,no_exact_ref,3367.535,0,5,69400,4441600
fuzzydedup,5,1,enron_full_367912,no_exact_ref,3410.738,0,6,85290,5458560
fuzzydedup,6,1,enron_full_367912,no_exact_ref,4591.951,0,7,102455,6557120
fuzzydedup,5,1,enron_full_368156,no_exact_ref,2451.399,0,6,50020,3201280
fuzzydedup,6,1,enron_full_368156,no_exact_ref,2878.509,0,7,60498,3871872
fuzzydedup,4,1,enron_full_368156,no_exact_ref,1707.894,0,5,40217,2573888
fuzzydedup,6,1,enron_full_368318,no_exact_ref,6424.535,0,7,169255,10832320
fuzzydedup,4,1,enron_full_368318,no_exact_ref,4998.443,0,5,120641,7721024
fuzzydedup,5,1,enron_full_368318,no_exact_ref,5893.139,0,6,145606,9318784
fuzzydedup,4,1,enron_full_369168,exact_ref,3933.621,1,0,68957,4413440
fuzzydedup,5,1,enron_full_369168,exact_ref,3855.199,1,0,84718,5422144
fuzzydedup,6,1,enron_full_369168,exact_ref,4350.959,1,0,100629,6440448
fuzzydedup,5,1,enron_full_369419,exact_ref,3893.773,1,0,81807,5235840
fuzzydedup,6,1,enron_full_369419,exact_ref,5114.781,1,0,98214,6285888
fuzzydedup,4,1,enron_full_369419,exact_ref,3817.165,1,0,65588,4197824
fuzzydedup,6,1,enron_full_370439,exact_ref,3833.318,1,0,79819,5108608
fuzzydedup,4,1,enron_full_370439,exact_ref,3140.593,1,0,57330,3669312
fuzzydedup,5,1,enron_full_370439,exact_ref,3552.424,1,0,69137,4424960
fuzzydedup,4,1,enron_full_371121,no_exact_ref,2040.507,0,5,40217,2573888
fuzzydedup,5,1,enron_full_371121,no_exact_ref,2967.224,0,6,50020,3201280
fuzzydedup,6,1,enron_full_371121,no_exact_ref,2999.046,0,7,60498,3871872
fuzzydedup,5,1,enron_full_373728,exact_ref,4697.553,1,0,85434,5467968
fuzzydedup,6,1,enron_full_373728,exact_ref,5047.620,1,0,101653,6505984
fuzzydedup,4,1,enron_full_373728,exact_ref,3677.550,1,0,69523,4449664
fuzzydedup,6,1,enron_full_373978,exact_ref,5072.652,1,0,104507,6688640
fuzzydedup,4,1,enron_full_373978,exact_ref,4078.084,1,0,71881,4600576
fuzzydedup,5,1,enron_full_373978,exact_ref,4302.163,1,0,88100,5638592
fuzzydedup,4,1,enron_full_374719,exact_ref,2544.792,1,0,50491,3231616
fuzzydedup,5,1,enron_full_374719,exact_ref,2794.063,1,0,57921,3707136
fuzzydedup,6,1,enron_full_374719,exact_ref,2737.034,1,0,64143,4105344
fuzzydedup,5,1,enron_full_374736,exact_ref,3241.924,1,0,75252,4816320
fuzzydedup,6,1,enron_full_374736,exact_ref,3353.323,1,0,84838,5429824
fuzzydedup,4,1,enron_full_374736,exact_ref,2577.507,1,0,64570,4132672
fuzzydedup,6,1,enron_full_375606,exact_ref,2927.866,1,0,70637,4520960
fuzzydedup,4,1,enron_full_375606,exact_ref,2275.299,1,0,52493,3359744
fuzzydedup,5,1,enron_full_375606,exact_ref,2598.845,1,0,62079,3973248
fuzzydedup,4,1,enron_full_376013,exact_ref,158.812,1,0,1778,113984
fuzzydedup,5,1,enron_full_376013,exact_ref,64.612,1,0,2282,146240
fuzzydedup,6,1,enron_full_376013,exact_ref,81.780,1,0,2759,176768
fuzzydedup,5,1,enron_full_376710,exact_ref,4602.853,1,0,85484,5471168
fuzzydedup,6,1,enron_full_376710,exact_ref,4661.753,1,0,101703,6509184
fuzzydedup,4,1,enron_full_376710,exact_ref,3346.545,1,0,69573,4452864
fuzzydedup,6,1,enron_full_377221,exact_ref,4359.422,1,0,100607,6439040
fuzzydedup,4,1,enron_full_377221,exact_ref,3887.468,1,0,73437,4700160
fuzzydedup,5,1,enron_full_377221,exact_ref,3906.179,1,0,87259,5584768
fuzzydedup,4,1,enron_full_377377,exact_ref,1236.731,1,0,20747,1328000
fuzzydedup,5,1,enron_full_377377,exact_ref,1319.872,1,0,26827,1717120
fuzzydedup,6,1,enron_full_377377,exact_ref,1516.142,1,0,33601,2150656
fuzzydedup,5,1,enron_full_378712,exact_ref,4122.254,1,0,91424,5851328
fuzzydedup,6,1,enron_full_378712,exact_ref,5270.222,1,0,106957,6845440
fuzzydedup,4,1,enron_full_378712,exact_ref,4165.707,1,0,75452,4829120
fuzzydedup,6,1,enron_full_378826,exact_ref,3052.818,1,0,64010,4096832
fuzzydedup,4,1,enron_full_378826,exact_ref,2485.492,1,0,50358,3223104
fuzzydedup,5,1,enron_full_378826,exact_ref,3172.736,1,0,57788,3698624
fuzzydedup,4,1,enron_full_379382,exact_ref,4205.968,1,0,70664,4522688
fuzzydedup,5,1,enron_full_379382,exact_ref,4776.268,1,0,86197,5516800
fuzzydedup,6,1,enron_full_379382,exact_ref,5161.099,1,0,101705,6509312
fuzzydedup,5,1,enron_full_379515,exact_ref,3359.061,1,0,69604,4454848
fuzzydedup,6,1,enron_full_379515,exact_ref,3266.106,1,0,78162,5002560
fuzzydedup,4,1,enron_full_379515,exact_ref,2670.112,1,0,60018,3841344
fuzzydedup,6,1,enron_full_380183,exact_ref,4940.264,1,0,80725,5166592
fuzzydedup,4,1,enron_full_380183,exact_ref,2813.344,1,0,50752,3248320
fuzzydedup,5,1,enron_full_380183,exact_ref,4287.979,1,0,65464,4189888
fuzzydedup,4,1,enron_full_380419,exact_ref,3713.969,1,0,68346,4374336
fuzzydedup,5,1,enron_full_380419,exact_ref,3816.628,1,0,80153,5129984
fuzzydedup,6,1,enron_full_380419,exact_ref,4106.901,1,0,90835,5813632
fuzzydedup,5,1,enron_full_380667,exact_ref,3108.997,1,0,57760,3696832
fuzzydedup,6,1,enron_full_380667,exact_ref,3375.736,1,0,63982,4095040
fuzzydedup,4,1,enron_full_380667,exact_ref,2523.541,1,0,50330,3221312
fuzzydedup,6,1,enron_full_381275,exact_ref,5035.235,1,0,80649,5161728
fuzzydedup,4,1,enron_full_381275,exact_ref,2963.596,1,0,50676,3243456
fuzzydedup,5,1,enron_full_381275,exact_ref,4493.924,1,0,65388,4185024
fuzzydedup,4,1,enron_full_381430,exact_ref,718.731,1,0,8991,575616
fuzzydedup,5,1,enron_full_381430,exact_ref,290.605,1,0,9697,620800
fuzzydedup,6,1,enron_full_381430,exact_ref,276.877,1,0,10256,656576
fuzzydedup,5,1,enron_full_381540,exact_ref,6140.307,1,0,91067,5828480
fuzzydedup,6,1,enron_full_381540,exact_ref,5062.242,1,0,105450,6748992
fuzzydedup,4,1,enron_full_381540,exact_ref,4410.180,1,0,75559,4835968
fuzzydedup,6,1,enron_full_381912,exact_ref,1244.722,1,0,13395,857472
fuzzydedup,4,1,enron_full_381912,exact_ref,757.047,1,0,8358,535104
fuzzydedup,5,1,enron_full_381912,exact_ref,765.351,1,0,10709,685568
fuzzydedup,4,1,enron_full_382401,no_exact_ref,5764.877,0,5,121972,7806208
fuzzydedup,5,1,enron_full_382401,no_exact_ref,6512.377,0,6,147636,9448704
fuzzydedup,6,1,enron_full_382401,no_exact_ref,7727.249,0,7,172289,11026496
fuzzydedup,5,1,enron_full_382476,exact_ref,3306.694,1,0,69634,4456768
fuzzydedup,6,1,enron_full_382476,exact_ref,2834.222,1,0,78192,5004480
fuzzydedup,4,1,enron_full_382476,exact_ref,2438.506,1,0,60048,3843264
fuzzydedup,6,1,enron_full_382877,exact_ref,5004.061,1,0,99233,6351104
fuzzydedup,4,1,enron_full_382877,exact_ref,3517.766,1,0,68192,4364480
fuzzydedup,5,1,enron_full_382877,exact_ref,4150.112,1,0,83725,5358592
fuzzydedup,4,1,enron_full_384162,no_exact_ref,5262.873,0,5,120641,7721024
fuzzydedup,5,1,enron_full_384162,no_exact_ref,5493.097,0,6,145606,9318784
fuzzydedup,6,1,enron_full_384162,no_exact_ref,6336.611,0,7,169255,10832320
fuzzydedup,5,1,enron_full_384461,exact_ref,1503.940,1,0,30232,1935040
fuzzydedup,6,1,enron_full_384461,exact_ref,2562.927,1,0,37684,2411968
fuzzydedup,4,1,enron_full_384461,exact_ref,1308.624,1,0,23458,1501504
fuzzydedup,6,1,enron_full_384653,exact_ref,2901.866,1,0,63047,4035200
fuzzydedup,4,1,enron_full_384653,exact_ref,1961.799,1,0,40302,2579520
fuzzydedup,5,1,enron_full_384653,exact_ref,2540.824,1,0,51353,3286784
fuzzydedup,4,1,enron_full_384988,exact_ref,2386.055,1,0,50649,3241728
fuzzydedup,5,1,enron_full_384988,exact_ref,2406.671,1,0,58079,3717248
fuzzydedup,6,1,enron_full_384988,exact_ref,2797.723,1,0,64301,4115456
fuzzydedup,5,1,enron_full_385098,exact_ref,691.630,1,0,9739,623488
fuzzydedup,6,1,enron_full_385098,exact_ref,285.424,1,0,10298,659264
fuzzydedup,4,1,enron_full_385098,exact_ref,293.999,1,0,9033,578304
fuzzydedup,6,1,enron_full_385839,exact_ref,3137.145,1,0,63022,4033600
fuzzydedup,4,1,enron_full_385839,exact_ref,1866.694,1,0,40277,2577920
fuzzydedup,5,1,enron_full_385839,exact_ref,2581.868,1,0,51328,3285184
fuzzydedup,4,1,enron_full_386188,no_exact_ref,2616.926,0,5,56325,3604800
fuzzydedup,5,1,enron_full_386188,no_exact_ref,3081.819,0,6,69703,4460992
fuzzydedup,6,1,enron_full_386188,no_exact_ref,3846.055,0,7,83781,5361984
fuzzydedup,5,1,enron_full_386616,no_exact_ref,5529.694,0,6,136629,8744320
fuzzydedup,6,1,enron_full_386616,no_exact_ref,5977.165,0,7,159258,10192576
fuzzydedup,4,1,enron_full_386616,no_exact_ref,4704.541,0,5,113227,7246528
fuzzydedup,6,1,enron_full_386731,no_exact_ref,6759.023,0,7,163334,10453376
fuzzydedup,4,1,enron_full_386731,no_exact_ref,5206.223,0,5,115506,7392384
fuzzydedup,5,1,enron_full_386731,no_exact_ref,6474.285,0,6,139663,8938432
fuzzydedup,4,1,enron_full_387578,exact_ref,3573.041,1,0,74047,4739200
fuzzydedup,5,1,enron_full_387578,exact_ref,4641.581,1,0,90454,5789248
fuzzydedup,6,1,enron_full_387578,exact_ref,5038.379,1,0,106426,6811456
fuzzydedup,5,1,enron_full_387701,no_exact_ref,6768.156,0,6,159592,10213888
fuzzydedup,6,1,enron_full_387701,no_exact_ref,7637.080,0,7,184939,11836096
fuzzydedup,4,1,enron_full_387701,no_exact_ref,5856.344,0,5,132999,8511936
fuzzydedup,6,1,enron_full_387952,no_exact_ref,6495.995,0,7,159258,10192512
fuzzydedup,4,1,enron_full_387952,no_exact_ref,5031.590,0,5,113227,7246528
fuzzydedup,5,1,enron_full_387952,no_exact_ref,5814.562,0,6,136629,8744256
fuzzydedup,4,1,enron_full_388565,exact_ref,3146.542,1,0,53097,3398400
fuzzydedup,5,1,enron_full_388565,exact_ref,3188.948,1,0,67294,4307008
fuzzydedup,6,1,enron_full_388565,exact_ref,4716.501,1,0,82006,5248576
fuzzydedup,5,1,enron_full_388921,exact_ref,2498.607,1,0,51229,3278848
fuzzydedup,6,1,enron_full_388921,exact_ref,2512.276,1,0,56877,3640320
fuzzydedup,4,1,enron_full_388921,exact_ref,2144.736,1,0,45007,2880640
fuzzydedup,6,1,enron_full_390158,exact_ref,4863.071,1,6,103917,6653184
fuzzydedup,4,1,enron_full_390158,exact_ref,4018.908,1,0,78775,5043072
fuzzydedup,5,1,enron_full_390158,exact_ref,4461.905,1,0,93158,5964096
fuzzydedup,4,1,enron_full_391047,exact_ref,3732.467,1,0,65573,4196864
fuzzydedup,5,1,enron_full_391047,exact_ref,5102.663,1,0,81980,5246912
fuzzydedup,6,1,enron_full_391047,exact_ref,5142.010,1,0,97952,6269120
fuzzydedup,5,1,enron_full_391217,no_exact_ref,6368.331,0,6,160514,10272896
fuzzydedup,6,1,enron_full_391217,no_exact_ref,7556.868,0,7,186103,11910592
fuzzydedup,4,1,enron_full_391217,no_exact_ref,6156.765,0,5,133491,8543424
fuzzydedup,6,1,enron_full_391486,no_exact_ref,1472.055,0,7,31685,2027840
fuzzydedup,4,1,enron_full_391486,no_exact_ref,949.741,0,5,19159,1226176
fuzzydedup,5,1,enron_full_391486,no_exact_ref,1171.930,0,6,25187,1611968
fuzzydedup,4,1,enron_full_391746,no_exact_ref,938.143,0,5,19159,1226176
fuzzydedup,5,1,enron_full_391746,no_exact_ref,1195.263,0,6,25187,1611968
fuzzydedup,6,1,enron_full_391746,no_exact_ref,1424.288,0,7,31685,2027840
fuzzydedup,5,1,enron_full_392955,exact_ref,890.911,1,0,15730,1006912
fuzzydedup,6,1,enron_full_392955,exact_ref,843.352,1,0,16845,1078272
fuzzydedup,4,1,enron_full_392955,exact_ref,860.522,1,0,14188,908224
fuzzydedup,6,1,enron_full_393136,no_exact_ref,4425.520,0,7,92448,5916672
fuzzydedup,4,1,enron_full_393136,no_exact_ref,2844.273,0,5,62545,4002880
fuzzydedup,5,1,enron_full_393136,no_exact_ref,3530.954,0,6,77432,4955648
fuzzydedup,4,1,enron_full_393487,exact_ref,3984.698,1,0,74432,4763840
fuzzydedup,5,1,enron_full_393487,exact_ref,4356.505,1,0,90839,5813888
fuzzydedup,6,1,enron_full_393487,exact_ref,4659.794,1,0,106811,6836096
fuzzydedup,5,1,enron_full_394271,exact_ref,3658.303,1,0,84904,5434048
fuzzydedup,6,1,enron_full_394271,exact_ref,4029.317,1,0,96711,6189696
fuzzydedup,4,1,enron_full_394271,exact_ref,3247.950,1,0,71556,4579776
fuzzydedup,6,1,enron_full_394331,exact_ref,2561.334,1,0,57165,3658752
fuzzydedup,4,1,enron_full_394331,exact_ref,2256.073,1,0,45295,2899072
fuzzydedup,5,1,enron_full_394331,exact_ref,2120.338,1,0,51517,3297280
fuzzydedup,4,1,enron_full_394348,exact_ref,4060.178,1,0,66497,4256000
fuzzydedup,5,1,enron_full_394348,exact_ref,4146.710,1,0,82258,5264704
fuzzydedup,6,1,enron_full_394348,exact_ref,4979.161,1,0,98169,6283008
fuzzydedup,5,1,enron_full_394407,no_exact_ref,7243.257,0,6,169489,10847296
fuzzydedup,6,1,enron_full_394407,no_exact_ref,7947.633,0,7,197034,12610176
fuzzydedup,4,1,enron_full_394407,no_exact_ref,6332.875,0,5,140955,9021120
fuzzydedup,6,1,enron_full_395301,exact_ref,4553.111,1,0,87960,5629632
fuzzydedup,4,1,enron_full_395301,exact_ref,2699.308,1,0,57987,3711360
fuzzydedup,5,1,enron_full_395301,exact_ref,4273.232,1,0,72699,4652928
fuzzydedup,4,1,enron_full_395725,no_exact_ref,3494.979,0,5,77883,4984512
fuzzydedup,5,1,enron_full_395725,no_exact_ref,4153.725,0,6,95188,6092032
fuzzydedup,6,1,enron_full_395725,no_exact_ref,4298.358,0,7,112519,7201216
fuzzydedup,5,1,enron_full_396292,exact_ref,3676.715,1,0,84819,5428864
fuzzydedup,6,1,enron_full_396292,exact_ref,4047.814,1,0,96626,6184512
fuzzydedup,4,1,enron_full_396292,exact_ref,3303.394,1,0,71471,4574592
fuzzydedup,6,1,enron_full_396812,exact_ref,1492.986,1,0,32260,2064832
fuzzydedup,4,1,enron_full_396812,exact_ref,1191.746,1,0,26923,1723264
fuzzydedup,5,1,enron_full_396812,exact_ref,1222.951,1,0,29871,1911936
fuzzydedup,4,1,enron_full_397391,exact_ref,979.998,1,0,13107,839040
fuzzydedup,5,1,enron_full_397391,exact_ref,1033.379,1,0,16943,1084544
fuzzydedup,6,1,enron_full_397391,exact_ref,1102.351,1,0,21139,1353088
fuzzydedup,5,1,enron_full_397879,exact_ref,3309.611,1,0,67453,4317184
fuzzydedup,6,1,enron_full_397879,exact_ref,4568.883,1,0,82165,5258752
fuzzydedup,4,1,enron_full_397879,exact_ref,2728.810,1,0,53256,3408576
fuzzydedup,6,1,enron_full_398718,exact_ref,4335.381,1,0,82193,5260544
fuzzydedup,4,1,enron_full_398718,exact_ref,2691.358,1,0,53284,3410368
fuzzydedup,5,1,enron_full_398718,exact_ref,2912.935,1,0,67481,4318976
fuzzydedup,4,1,enron_full_399591,no_exact_ref,6335.859,0,5,139973,8958272
fuzzydedup,5,1,enron_full_399591,no_exact_ref,6748.735,0,6,168810,10803904
fuzzydedup,6,1,enron_full_399591,no_exact_ref,7789.398,0,7,194887,12472832
fuzzydedup,5,1,enron_full_399779,no_exact_ref,7024.506,0,6,169864,10871296
fuzzydedup,6,1,enron_full_399779,no_exact_ref,8037.587,0,7,197015,12608960
fuzzydedup,4,1,enron_full_399779,no_exact_ref,6184.134,0,5,141284,9042176
fuzzydedup,6,1,enron_full_399917,no_exact_ref,8144.893,0,7,197015,12608960
fuzzydedup,4,1,enron_full_399917,no_exact_ref,6190.842,0,5,141284,9042176
fuzzydedup,5,1,enron_full_399917,no_exact_ref,6738.255,0,6,169864,10871296
fuzzydedup,4,1,enron_full_400523,exact_ref,3681.596,1,0,62417,3994880
fuzzydedup,5,1,enron_full_400523,exact_ref,3829.507,1,0,76239,4879488
fuzzydedup,6,1,enron_full_400523,exact_ref,3737.824,1,0,89587,5733760
fuzzydedup,5,1,enron_full_401763,no_exact_ref,6402.949,0,6,168125,10760000
fuzzydedup,6,1,enron_full_401763,no_exact_ref,7750.063,0,7,194644,12457216
fuzzydedup,4,1,enron_full_401763,no_exact_ref,6574.738,0,5,139516,8929024
fuzzydedup,6,1,enron_full_401798,no_exact_ref,8708.493,0,7,186103,11910592
fuzzydedup,4,1,enron_full_401798,no_exact_ref,6684.182,0,5,133491,8543424
fuzzydedup,5,1,enron_full_401798,no_exact_ref,7819.323,0,6,160514,10272896
fuzzydedup,4,1,enron_full_402233,exact_ref,2526.467,1,0,47516,3041216
fuzzydedup,5,1,enron_full_402233,exact_ref,2412.620,1,0,53738,3439424
fuzzydedup,6,1,enron_full_402233,exact_ref,2495.222,1,0,59386,3800896
fuzzydedup,5,1,enron_full_402310,exact_ref,3899.624,1,0,85045,5443072
fuzzydedup,6,1,enron_full_402310,exact_ref,4251.746,1,0,96852,6198720
fuzzydedup,4,1,enron_full_402310,exact_ref,3504.333,1,0,71697,4588800
fuzzydedup,6,1,enron_full_403001,exact_ref,5277.118,1,0,107773,6897664
fuzzydedup,4,1,enron_full_403001,exact_ref,4069.264,1,0,76732,4911040
fuzzydedup,5,1,enron_full_403001,exact_ref,4810.046,1,0,92265,5905152
fuzzydedup,4,1,enron_full_403036,exact_ref,3892.387,1,0,74812,4788160
fuzzydedup,5,1,enron_full_403036,exact_ref,4748.272,1,0,91219,5838208
fuzzydedup,6,1,enron_full_403036,exact_ref,4921.014,1,0,107191,6860416
fuzzydedup,5,1,enron_full_403180,exact_ref,4063.995,1,0,85244,5455808
fuzzydedup,6,1,enron_full_403180,exact_ref,4262.128,1,0,97051,6211456
fuzzydedup,4,1,enron_full_403180,exact_ref,3484.340,1,0,71896,4601536
fuzzydedup,6,1,enron_full_404066,exact_ref,201.469,1,0,3457,221440
fuzzydedup,4,1,enron_full_404066,exact_ref,62.045,1,0,2222,142400
fuzzydedup,5,1,enron_full_404066,exact_ref,71.945,1,0,2821,180736
fuzzydedup,4,1,enron_full_405218,exact_ref,1406.083,1,0,25815,1652352
fuzzydedup,5,1,enron_full_405218,exact_ref,1390.346,1,0,28763,1841024
fuzzydedup,6,1,enron_full_405218,exact_ref,1461.023,1,0,31152,1993920
fuzzydedup,5,1,enron_full_405288,exact_ref,3898.357,1,0,87980,5630912
fuzzydedup,6,1,enron_full_405288,exact_ref,4777.830,1,0,101328,6485184
fuzzydedup,4,1,enron_full_405288,exact_ref,4125.081,1,0,74158,4746304
fuzzydedup,6,1,enron_full_405421,exact_ref,3384.552,1,0,72253,4624384
fuzzydedup,4,1,enron_full_405421,exact_ref,2626.878,1,0,56265,3601152
fuzzydedup,5,1,enron_full_405421,exact_ref,2571.733,1,0,64823,4148864
fuzzydedup,4,1,enron_full_406531,exact_ref,3833.712,1,0,66617,4263680
fuzzydedup,5,1,enron_full_406531,exact_ref,3585.019,1,0,82378,5272384
fuzzydedup,6,1,enron_full_406531,exact_ref,4688.213,1,0,98289,6290688
fuzzydedup,5,1,enron_full_407210,exact_ref,1305.903,1,0,23917,1530880
fuzzydedup,6,1,enron_full_407210,exact_ref,1108.037,1,0,25732,1647040
fuzzydedup,4,1,enron_full_407210,exact_ref,854.105,1,0,21528,1377984
fuzzydedup,6,1,enron_full_407416,exact_ref,6449.998,1,0,91625,5864192
fuzzydedup,4,1,enron_full_407416,exact_ref,9152.760,1,0,69136,4424896
fuzzydedup,5,1,enron_full_407416,exact_ref,7719.216,1,0,80943,5180544
fuzzydedup,4,1,enron_full_407459,exact_ref,914.519,1,0,4336,277696
fuzzydedup,5,1,enron_full_407459,exact_ref,300.628,1,0,4716,302016
fuzzydedup,6,1,enron_full_407459,exact_ref,305.143,1,0,4992,319680
fuzzydedup,5,1,enron_full_407590,exact_ref,180.775,1,0,1610,103232
fuzzydedup,6,1,enron_full_407590,exact_ref,178.901,1,0,1699,108928
fuzzydedup,4,1,enron_full_407590,exact_ref,153.350,1,0,1526,97856
fuzzydedup,6,1,enron_full_407747,exact_ref,6130.447,1,0,107752,6896320
fuzzydedup,4,1,enron_full_407747,exact_ref,4624.057,1,0,76711,4909696
fuzzydedup,5,1,enron_full_407747,exact_ref,4554.999,1,0,92244,5903808
fuzzydedup,4,1,enron_full_408988,exact_ref,3999.307,1,0,64901,4153856
fuzzydedup,5,1,enron_full_408988,exact_ref,4631.155,1,0,80434,5147968
fuzzydedup,6,1,enron_full_408988,exact_ref,5533.258,1,0,95942,6140480
fuzzydedup,5,1,enron_full_409260,exact_ref,2114.035,1,0,27023,1729664
fuzzydedup,6,1,enron_full_409260,exact_ref,1730.345,1,0,33797,2163200
fuzzydedup,4,1,enron_full_409260,exact_ref,1295.880,1,0,20943,1340544
fuzzydedup,6,1,enron_full_409276,exact_ref,4573.034,1,0,101334,6485568
fuzzydedup,4,1,enron_full_409276,exact_ref,3528.216,1,0,74164,4746688
fuzzydedup,5,1,enron_full_409276,exact_ref,3513.651,1,0,87986,5631296
fuzzydedup,4,1,enron_full_409720,exact_ref,2508.037,1,0,60860,3895232
fuzzydedup,5,1,enron_full_409720,exact_ref,3046.112,1,0,70446,4508736
fuzzydedup,6,1,enron_full_409720,exact_ref,3126.587,1,0,79004,5056448
fuzzydedup,5,1,enron_full_409761,exact_ref,3613.726,1,0,85155,5450112
fuzzydedup,6,1,enron_full_409761,exact_ref,5115.918,1,0,96962,6205760
fuzzydedup,4,1,enron_full_409761,exact_ref,3660.753,1,0,71807,4595840
fuzzydedup,6,1,enron_full_410980,no_exact_ref,6180.353,0,7,123332,7893248
fuzzydedup,4,1,enron_full_410980,no_exact_ref,3721.111,0,5,84127,5384128
fuzzydedup,5,1,enron_full_410980,no_exact_ref,4200.093,0,6,103384,6616576
fuzzydedup,4,1,enron_full_411073,no_exact_ref,4820.221,0,5,105124,6727936
fuzzydedup,5,1,enron_full_411073,no_exact_ref,5179.588,0,6,126879,8120256
fuzzydedup,6,1,enron_full_411073,no_exact_ref,6903.336,0,7,148499,9503936
fuzzydedup,5,1,enron_full_411853,exact_ref,3390.218,1,0,62467,3998208
fuzzydedup,6,1,enron_full_411853,exact_ref,3504.832,1,0,76664,4906816
fuzzydedup,4,1,enron_full_411853,exact_ref,2679.486,1,0,49138,3145024
fuzzydedup,6,1,enron_full_412435,exact_ref,4474.390,1,0,88562,5668160
fuzzydedup,4,1,enron_full_412435,exact_ref,2772.191,1,0,58589,3749888
fuzzydedup,5,1,enron_full_412435,exact_ref,4342.862,1,0,73301,4691456
fuzzydedup,4,1,enron_full_412836,exact_ref,4292.323,1,0,70320,4500672
fuzzydedup,5,1,enron_full_412836,exact_ref,5203.283,1,0,85828,5493184
fuzzydedup,6,1,enron_full_412836,exact_ref,5433.458,1,0,100211,6413696
fuzzydedup,5,1,enron_full_414414,exact_ref,2824.280,1,0,58972,3774400
fuzzydedup,6,1,enron_full_414414,exact_ref,2791.352,1,0,65194,4172608
fuzzydedup,4,1,enron_full_414414,exact_ref,2270.599,1,0,51542,3298880
fuzzydedup,6,1,enron_full_414620,exact_ref,3196.227,1,0,55094,3526208
fuzzydedup,4,1,enron_full_414620,exact_ref,2178.974,1,0,33987,2175360
fuzzydedup,5,1,enron_full_414620,exact_ref,2360.562,1,0,44043,2818944
fuzzydedup,4,1,enron_full_414624,no_exact_ref,6397.333,0,5,139516,8929024
fuzzydedup,5,1,enron_full_414624,no_exact_ref,7805.335,0,6,168125,10760000
fuzzydedup,6,1,enron_full_414624,no_exact_ref,8056.518,0,7,194644,12457216
fuzzydedup,5,1,enron_full_415032,exact_ref,1723.552,1,0,34474,2206528
fuzzydedup,6,1,enron_full_415032,exact_ref,1672.315,1,0,37422,2395200
fuzzydedup,4,1,enron_full_415032,exact_ref,1394.909,1,0,30991,1983616
fuzzydedup,6,1,enron_full_415416,exact_ref,3194.380,1,0,76624,4904128
fuzzydedup,4,1,enron_full_415416,exact_ref,2743.040,1,0,49098,3142464
fuzzydedup,5,1,enron_full_415416,exact_ref,3348.686,1,0,62427,3995520
fuzzydedup,4,1,enron_full_415425,exact_ref,2824.928,1,0,61397,3929600
fuzzydedup,5,1,enron_full_415425,exact_ref,2891.135,1,0,70983,4543104
fuzzydedup,6,1,enron_full_415425,exact_ref,3831.365,1,0,79541,5090816
fuzzydedup,5,1,enron_full_415589,exact_ref,3957.527,1,0,85678,5483584
fuzzydedup,6,1,enron_full_415589,exact_ref,4230.934,1,0,97485,6239232
fuzzydedup,4,1,enron_full_415589,exact_ref,3481.411,1,0,72330,4629312
fuzzydedup,6,1,enron_full_416173,no_exact_ref,5572.532,0,7,148499,9503936
fuzzydedup,4,1,enron_full_416173,no_exact_ref,4635.502,0,5,105124,6727936
fuzzydedup,5,1,enron_full_416173,no_exact_ref,5377.194,0,6,126879,8120256
fuzzydedup,4,1,enron_full_416275,no_exact_ref,7846.044,0,5,133491,8543424
fuzzydedup,5,1,enron_full_416275,no_exact_ref,7389.725,0,6,160514,10272896
fuzzydedup,6,1,enron_full_416275,no_exact_ref,8075.186,0,7,186103,11910592
fuzzydedup,5,1,enron_full_417397,exact_ref,1043.871,1,0,15975,1022592
fuzzydedup,6,1,enron_full_417397,exact_ref,923.865,1,0,17090,1093952
fuzzydedup,4,1,enron_full_417397,exact_ref,931.305,1,0,14433,923904
fuzzydedup,6,1,enron_full_418145,exact_ref,1757.085,1,0,37449,2396928
fuzzydedup,4,1,enron_full_418145,exact_ref,1523.300,1,0,31018,1985344
fuzzydedup,5,1,enron_full_418145,exact_ref,1613.025,1,0,34501,2208256
fuzzydedup,4,1,enron_full_418173,exact_ref,2791.251,1,0,61540,3938752
fuzzydedup,5,1,enron_full_418173,exact_ref,3043.950,1,0,71126,4552256
fuzzydedup,6,1,enron_full_418173,exact_ref,4185.124,1,0,79684,5099968
fuzzydedup,5,1,enron_full_418938,exact_ref,3182.275,1,0,51866,3319616
fuzzydedup,6,1,enron_full_418938,exact_ref,3132.826,1,0,63560,4068032
fuzzydedup,4,1,enron_full_418938,exact_ref,2077.959,1,0,40815,2612352
fuzzydedup,6,1,enron_full_419715,exact_ref,2432.716,1,0,52102,3334720
fuzzydedup,4,1,enron_full_419715,exact_ref,1996.776,1,0,32601,2086656
fuzzydedup,5,1,enron_full_419715,exact_ref,2304.388,1,0,42046,2691136
fuzzydedup,4,1,enron_full_419787,exact_ref,2637.640,1,0,51521,3297536
fuzzydedup,5,1,enron_full_419787,exact_ref,2864.511,1,0,58951,3773056
fuzzydedup,6,1,enron_full_419787,exact_ref,2863.952,1,0,65173,4171264
fuzzydedup,5,1,enron_full_419936,exact_ref,2442.705,1,0,46809,2995968
fuzzydedup,6,1,enron_full_419936,exact_ref,3166.503,1,0,57860,3703232
fuzzydedup,4,1,enron_full_419936,exact_ref,3200.492,1,0,36753,2352384
fuzzydedup,6,1,enron_full_419992,exact_ref,5221.150,1,0,91913,5882624
fuzzydedup,4,1,enron_full_419992,exact_ref,3271.780,1,0,69424,4443328
fuzzydedup,5,1,enron_full_419992,exact_ref,3390.811,1,0,81231,5198976
fuzzydedup,4,1,enron_full_420340,exact_ref,4032.913,1,0,64978,4158784
fuzzydedup,5,1,enron_full_420340,exact_ref,4392.846,1,0,80950,5180992
fuzzydedup,6,1,enron_full_420340,exact_ref,5213.040,1,0,96483,6175104
fuzzydedup,5,1,enron_full_420635,exact_ref,3709.178,1,0,85624,5480128
fuzzydedup,6,1,enron_full_420635,exact_ref,5172.576,1,0,97431,6235776
fuzzydedup,4,1,enron_full_420635,exact_ref,3795.895,1,0,72276,4625856
fuzzydedup,6,1,enron_full_421070,no_exact_ref,7555.840,0,7,190614,12199296
fuzzydedup,4,1,enron_full_421070,no_exact_ref,5433.640,0,5,137103,8774592
fuzzydedup,5,1,enron_full_421070,no_exact_ref,6848.894,0,6,164671,10538944
fuzzydedup,4,1,enron_full_421581,no_exact_ref,6550.890,0,5,128135,8200640
fuzzydedup,5,1,enron_full_421581,no_exact_ref,7913.751,0,6,154598,9894272
fuzzydedup,6,1,enron_full_421581,no_exact_ref,7320.280,0,7,180015,11520960
fuzzydedup,5,1,enron_full_421659,no_exact_ref,999.699,0,6,15947,1020608
fuzzydedup,6,1,enron_full_421659,no_exact_ref,1357.641,0,7,19269,1233216
fuzzydedup,4,1,enron_full_421659,no_exact_ref,794.575,0,5,12834,821376
fuzzydedup,6,1,enron_full_422214,no_exact_ref,7927.761,0,7,197015,12608960
fuzzydedup,4,1,enron_full_422214,no_exact_ref,6856.568,0,5,141284,9042176
fuzzydedup,5,1,enron_full_422214,no_exact_ref,8003.805,0,6,169864,10871296
fuzzydedup,4,1,enron_full_422408,exact_ref,3108.695,1,0,58931,3771776
fuzzydedup,5,1,enron_full_422408,exact_ref,2934.732,1,0,69613,4455424
fuzzydedup,6,1,enron_full_422408,exact_ref,2951.660,1,0,79199,5068928
fuzzydedup,5,1,enron_full_423045,exact_ref,2127.581,1,0,46763,2993024
fuzzydedup,6,1,enron_full_423045,exact_ref,2965.586,1,0,57814,3700288
fuzzydedup,4,1,enron_full_423045,exact_ref,2274.061,1,0,36707,2349440
fuzzydedup,6,1,enron_full_423694,exact_ref,2044.802,1,0,43545,2787072
fuzzydedup,4,1,enron_full_423694,exact_ref,1783.074,1,0,35460,2269632
fuzzydedup,5,1,enron_full_423694,exact_ref,1704.885,1,0,40062,2564160
fuzzydedup,4,1,enron_full_423789,exact_ref,5691.606,1,0,76842,4918080
fuzzydedup,5,1,enron_full_423789,exact_ref,4720.713,1,0,92350,5910592
fuzzydedup,6,1,enron_full_423789,exact_ref,5081.020,1,0,106733,6831104
fuzzydedup,5,1,enron_full_424183,no_exact_ref,2104.633,1,4,21471,1382912
fuzzydedup,6,1,enron_full_424183,no_exact_ref,2728.257,1,6,32732,2106048
fuzzydedup,4,1,enron_full_424183,no_exact_ref,1641.567,1,4,5252,338752
fuzzydedup,6,1,enron_full_424691,exact_ref,3401.669,1,0,76466,4894016
fuzzydedup,4,1,enron_full_424691,exact_ref,2881.289,1,0,48940,3132352
fuzzydedup,5,1,enron_full_424691,exact_ref,3335.554,1,0,62269,3985408
fuzzydedup,4,1,enron_full_425035,exact_ref,2853.163,1,0,61248,3920064
fuzzydedup,5,1,enron_full_425035,exact_ref,3853.261,1,0,70834,4533568
fuzzydedup,6,1,enron_full_425035,exact_ref,3281.103,1,0,79392,5081280
fuzzydedup,5,1,enron_full_425166,exact_ref,4052.172,1,0,88439,5660288
fuzzydedup,6,1,enron_full_425166,exact_ref,4190.687,1,0,101787,6514560
fuzzydedup,4,1,enron_full_425166,exact_ref,3310.558,1,0,74617,4775680
fuzzydedup,6,1,enron_full_425789,exact_ref,1564.635,1,0,33486,2143296
fuzzydedup,4,1,enron_full_425789,exact_ref,1236.315,1,0,27055,1731712
fuzzydedup,5,1,enron_full_425789,exact_ref,1370.437,1,0,30538,1954624
fuzzydedup,4,1,enron_full_426054,exact_ref,704.785,1,0,5324,340928
fuzzydedup,5,1,enron_full_426054,exact_ref,709.849,1,0,6743,431744
fuzzydedup,6,1,enron_full_426054,exact_ref,752.081,1,0,8493,543744
fuzzydedup,5,1,enron_full_426288,exact_ref,2737.754,1,0,58740,3759552
fuzzydedup,6,1,enron_full_426288,exact_ref,2848.416,1,0,64962,4157760
fuzzydedup,4,1,enron_full_426288,exact_ref,2213.759,1,0,51310,3284032
fuzzydedup,6,1,enron_full_427733,exact_ref,2302.969,1,0,43622,2792000
fuzzydedup,4,1,enron_full_427733,exact_ref,2187.101,1,0,35537,2274560
fuzzydedup,5,1,enron_full_427733,exact_ref,1996.363,1,0,40139,2569088
fuzzydedup,4,1,enron_full_428515,exact_ref,401.995,1,0,2791,178816
fuzzydedup,5,1,enron_full_428515,exact_ref,135.815,1,0,3066,196416
fuzzydedup,6,1,enron_full_428515,exact_ref,128.939,1,0,3216,206016
fuzzydedup,5,1,enron_full_428895,exact_ref,1827.008,1,0,45972,2942400
fuzzydedup,6,1,enron_full_428895,exact_ref,2101.799,1,0,50574,3236928
fuzzydedup,4,1,enron_full_428895,exact_ref,1892.667,1,0,40324,2580928
fuzzydedup,6,1,enron_full_429441,no_exact_ref,8115.742,0,7,186103,11910592
fuzzydedup,4,1,enron_full_429441,no_exact_ref,6188.073,0,5,133491,8543424
fuzzydedup,5,1,enron_full_429441,no_exact_ref,7133.672,0,6,160514,10272896
fuzzydedup,4,1,enron_full_429986,no_exact_ref,3474.713,0,5,75858,4854912
fuzzydedup,5,1,enron_full_429986,no_exact_ref,4077.457,0,6,94423,6043072
fuzzydedup,6,1,enron_full_429986,no_exact_ref,4831.124,0,7,112816,7220224
fuzzydedup,5,1,enron_full_430065,no_exact_ref,7860.186,0,6,164996,10559744
fuzzydedup,6,1,enron_full_430065,no_exact_ref,8968.402,0,7,191555,12259520
fuzzydedup,4,1,enron_full_430065,no_exact_ref,6046.698,0,5,137769,8817216
fuzzydedup,6,1,enron_full_430260,no_exact_ref,3217.707,0,7,54205,3469312
fuzzydedup,4,1,enron_full_430260,no_exact_ref,1884.500,0,5,35794,2290816
fuzzydedup,5,1,enron_full_430260,no_exact_ref,2053.102,0,6,44800,2867392
fuzzydedup,4,1,enron_full_430592,no_exact_ref,6839.305,0,5,140955,9021120
fuzzydedup,5,1,enron_full_430592,no_exact_ref,7801.965,0,6,169489,10847296
fuzzydedup,6,1,enron_full_430592,no_exact_ref,9001.070,0,7,197034,12610176
fuzzydedup,5,1,enron_full_431423,no_exact_ref,6765.630,0,6,139663,8938432
fuzzydedup,6,1,enron_full_431423,no_exact_ref,7770.861,0,7,163334,10453376
fuzzydedup,4,1,enron_full_431423,no_exact_ref,6844.936,0,5,115506,7392384
fuzzydedup,6,1,enron_full_432116,exact_ref,4609.979,1,0,90356,5782976
fuzzydedup,4,1,enron_full_432116,exact_ref,3866.539,1,0,59334,3797568
fuzzydedup,5,1,enron_full_432116,exact_ref,4108.526,1,0,74595,4774272
fuzzydedup,4,1,enron_full_432508,exact_ref,4103.067,1,0,77611,4967296
fuzzydedup,5,1,enron_full_432508,exact_ref,4856.170,1,0,93144,5961408
fuzzydedup,6,1,enron_full_432508,exact_ref,5765.279,1,0,108652,6953920
fuzzydedup,5,1,enron_full_433686,exact_ref,3208.222,1,0,59163,3786624
fuzzydedup,6,1,enron_full_433686,exact_ref,2978.285,1,0,65385,4184832
fuzzydedup,4,1,enron_full_433686,exact_ref,2326.997,1,0,51733,3311104
fuzzydedup,6,1,enron_full_433711,exact_ref,1689.978,1,0,37486,2399296
fuzzydedup,4,1,enron_full_433711,exact_ref,1384.907,1,0,31055,1987712
fuzzydedup,5,1,enron_full_433711,exact_ref,1390.315,1,0,34538,2210624
fuzzydedup,4,1,enron_full_433823,exact_ref,3411.951,1,0,72604,4646848
fuzzydedup,5,1,enron_full_433823,exact_ref,3525.729,1,0,85952,5501120
fuzzydedup,6,1,enron_full_433823,exact_ref,4069.275,1,0,97759,6256768
fuzzydedup,5,1,enron_full_434515,exact_ref,4164.910,1,0,89107,5703040
fuzzydedup,6,1,enron_full_434515,exact_ref,4418.783,1,0,102455,6557312
fuzzydedup,4,1,enron_full_434515,exact_ref,5602.675,1,0,75285,4818432
fuzzydedup,6,1,enron_full_434661,exact_ref,4891.174,1,0,105414,6746688
fuzzydedup,4,1,enron_full_434661,exact_ref,3586.937,1,0,77209,4941568
fuzzydedup,5,1,enron_full_434661,exact_ref,4274.345,1,0,91592,5862080
fuzzydedup,4,1,enron_full_435743,exact_ref,3331.158,1,0,75189,4812288
fuzzydedup,5,1,enron_full_435743,exact_ref,4143.509,1,0,89011,5696896
fuzzydedup,6,1,enron_full_435743,exact_ref,4509.072,1,0,102359,6551168
fuzzydedup,5,1,enron_full_436019,no_exact_ref,8374.842,0,6,169489,10847296
fuzzydedup,6,1,enron_full_436019,no_exact_ref,7745.628,0,7,197034,12610176
fuzzydedup,4,1,enron_full_436019,no_exact_ref,6174.910,0,5,140955,9021120
fuzzydedup,6,1,enron_full_436309,no_exact_ref,5325.291,0,7,137129,8776256
fuzzydedup,4,1,enron_full_436309,no_exact_ref,4154.589,0,5,95838,6133632
fuzzydedup,5,1,enron_full_436309,no_exact_ref,4268.372,0,6,116994,7487616
fuzzydedup,4,1,enron_full_436431,no_exact_ref,7607.468,0,5,139516,8929024
fuzzydedup,5,1,enron_full_436431,no_exact_ref,6804.296,0,6,168125,10760064
fuzzydedup,6,1,enron_full_436431,no_exact_ref,7141.981,0,7,194644,12457280
fuzzydedup,5,1,enron_full_436454,no_exact_ref,7133.603,0,6,168810,10803840
fuzzydedup,6,1,enron_full_436454,no_exact_ref,10030.844,0,7,194887,12472768
fuzzydedup,4,1,enron_full_436454,no_exact_ref,6626.970,0,5,139973,8958272
fuzzydedup,6,1,enron_full_437873,exact_ref,4723.668,1,0,107487,6879360
fuzzydedup,4,1,enron_full_437873,exact_ref,4063.507,1,0,77596,4966336
fuzzydedup,5,1,enron_full_437873,exact_ref,4238.373,1,0,93104,5958848
fuzzydedup,4,1,enron_full_439573,no_exact_ref,6553.778,0,5,133491,8543424
fuzzydedup,5,1,enron_full_439573,no_exact_ref,9056.469,0,6,160514,10272896
fuzzydedup,6,1,enron_full_439573,no_exact_ref,7943.941,0,7,186103,11910656
fuzzydedup,5,1,enron_full_440276,no_exact_ref,3279.710,0,6,69703,4460992
fuzzydedup,6,1,enron_full_440276,no_exact_ref,4167.031,0,7,83781,5361984
fuzzydedup,4,1,enron_full_440276,no_exact_ref,2887.420,0,5,56325,3604800
fuzzydedup,6,1,enron_full_440707,exact_ref,4648.146,1,0,102541,6572544
fuzzydedup,4,1,enron_full_440707,exact_ref,4134.392,1,0,75371,4827904
fuzzydedup,5,1,enron_full_440707,exact_ref,5591.183,1,0,89193,5715392
fuzzydedup,4,1,enron_full_441744,exact_ref,3821.039,1,0,71331,4565376
fuzzydedup,5,1,enron_full_441744,exact_ref,4234.733,1,0,87242,5583680
fuzzydedup,6,1,enron_full_441744,exact_ref,4637.605,1,0,103461,6621696
fuzzydedup,5,1,enron_full_442093,exact_ref,183.330,1,0,3901,249856
fuzzydedup,6,1,enron_full_442093,exact_ref,629.007,1,0,4818,308544
fuzzydedup,4,1,enron_full_442093,exact_ref,69.946,1,0,2969,190208
fuzzydedup,6,1,enron_full_442322,no_exact_ref,5531.806,0,7,133357,8534848
fuzzydedup,4,1,enron_full_442322,no_exact_ref,4183.835,0,5,92244,5903616
fuzzydedup,5,1,enron_full_442322,no_exact_ref,6333.182,0,6,113036,7234304
fuzzydedup,4,1,enron_full_442524,exact_ref,5344.547,1,0,77815,4980352
fuzzydedup,5,1,enron_full_442524,exact_ref,4510.521,1,0,93323,5972864
fuzzydedup,6,1,enron_full_442524,exact_ref,5038.358,1,0,107706,6893376
fuzzydedup,5,1,enron_full_442558,exact_ref,3919.647,1,0,73572,4708800
fuzzydedup,6,1,enron_full_442558,exact_ref,4492.694,1,0,88833,5685504
fuzzydedup,4,1,enron_full_442558,exact_ref,2958.843,1,0,58860,3767232
fuzzydedup,6,1,enron_full_442662,exact_ref,5233.804,1,0,107704,6893248
fuzzydedup,4,1,enron_full_442662,exact_ref,5589.553,1,0,77813,4980224
fuzzydedup,5,1,enron_full_442662,exact_ref,4598.656,1,0,93321,5972736
fuzzydedup,4,1,enron_full_442954,exact_ref,1323.183,1,0,26370,1687872
fuzzydedup,5,1,enron_full_442954,exact_ref,1312.688,1,0,29318,1876544
fuzzydedup,6,1,enron_full_442954,exact_ref,1382.998,1,0,31707,2029440
fuzzydedup,5,1,enron_full_443309,exact_ref,1072.872,1,0,11591,742016
fuzzydedup,6,1,enron_full_443309,exact_ref,1096.595,1,0,14618,935744
fuzzydedup,4,1,enron_full_443309,exact_ref,718.509,1,0,8905,570112
fuzzydedup,6,1,enron_full_443772,exact_ref,2862.499,1,0,73367,4695680
fuzzydedup,4,1,enron_full_443772,exact_ref,2555.378,1,0,57379,3672448
fuzzydedup,5,1,enron_full_443772,exact_ref,2836.102,1,0,65937,4220160
fuzzydedup,4,1,enron_full_444240,exact_ref,4053.445,1,0,71375,4568192
fuzzydedup,5,1,enron_full_444240,exact_ref,5195.711,1,0,87286,5586496
fuzzydedup,6,1,enron_full_444240,exact_ref,6969.306,1,0,103505,6624512
fuzzydedup,5,1,enron_full_445163,no_exact_ref,6022.602,0,6,145606,9318784
fuzzydedup,6,1,enron_full_445163,no_exact_ref,6713.295,0,7,169255,10832320
fuzzydedup,4,1,enron_full_445163,no_exact_ref,5371.686,0,5,120641,7721024
fuzzydedup,6,1,enron_full_445774,exact_ref,5003.415,1,0,95643,6121408
fuzzydedup,4,1,enron_full_445774,exact_ref,4499.385,1,0,63264,4049088
fuzzydedup,5,1,enron_full_445774,exact_ref,5262.497,1,0,79671,5099136
fuzzydedup,4,1,enron_full_445830,no_exact_ref,6349.408,0,5,137769,8817216
fuzzydedup,5,1,enron_full_445830,no_exact_ref,7368.900,0,6,164996,10559744
fuzzydedup,6,1,enron_full_445830,no_exact_ref,8374.450,0,7,191555,12259520
fuzzydedup,5,1,enron_full_446457,no_exact_ref,8174.517,0,6,168125,10760512
fuzzydedup,6,1,enron_full_446457,no_exact_ref,7891.255,0,7,194644,12457920
fuzzydedup,4,1,enron_full_446457,no_exact_ref,6112.971,0,5,139516,8929536
fuzzydedup,6,1,enron_full_447336,exact_ref,4940.946,1,0,108997,6976000
fuzzydedup,4,1,enron_full_447336,exact_ref,4061.547,1,0,77956,4989376
fuzzydedup,5,1,enron_full_447336,exact_ref,4789.284,1,0,93489,5983488
fuzzydedup,4,1,enron_full_447596,no_exact_ref,5817.917,0,5,84127,5384128
fuzzydedup,5,1,enron_full_447596,no_exact_ref,4535.241,0,6,103384,6616576
fuzzydedup,6,1,enron_full_447596,no_exact_ref,5964.269,0,7,123332,7893248
fuzzydedup,5,1,enron_full_448246,exact_ref,2685.369,1,0,63044,4035008
fuzzydedup,6,1,enron_full_448246,exact_ref,2760.246,1,0,70474,4510528
fuzzydedup,4,1,enron_full_448246,exact_ref,2590.511,1,0,54486,3487296
fuzzydedup,6,1,enron_full_448315,no_exact_ref,3227.363,1,0,75057,4803840
fuzzydedup,4,1,enron_full_448315,no_exact_ref,2681.370,1,0,59069,3780608
fuzzydedup,5,1,enron_full_448315,no_exact_ref,2867.801,1,0,67627,4328320
fuzzydedup,4,1,enron_full_448897,exact_ref,1204.644,1,0,17048,1091264
fuzzydedup,5,1,enron_full_448897,exact_ref,1508.667,1,0,18863,1207424
fuzzydedup,6,1,enron_full_448897,exact_ref,1482.784,1,0,20405,1306112
fuzzydedup,5,1,enron_full_449771,no_exact_ref,6333.170,0,6,113036,7234304
fuzzydedup,6,1,enron_full_449771,no_exact_ref,6073.599,0,7,133357,8534848
fuzzydedup,4,1,enron_full_449771,no_exact_ref,3879.605,0,5,92244,5903616
fuzzydedup,6,1,enron_full_450293,exact_ref,5206.542,1,0,108367,6935680
fuzzydedup,4,1,enron_full_450293,exact_ref,4411.166,1,0,76862,4919360
fuzzydedup,5,1,enron_full_450293,exact_ref,5423.115,1,0,92834,5941568
fuzzydedup,4,1,enron_full_450584,no_exact_ref,3735.640,0,5,62545,4002880
fuzzydedup,5,1,enron_full_450584,no_exact_ref,4017.519,0,6,77432,4955712
fuzzydedup,6,1,enron_full_450584,no_exact_ref,4218.362,0,7,92448,5916864
fuzzydedup,5,1,enron_full_451624,exact_ref,4315.748,1,0,74189,4748288
fuzzydedup,6,1,enron_full_451624,exact_ref,4440.143,1,0,89450,5724992
fuzzydedup,4,1,enron_full_451624,exact_ref,2999.448,1,0,59477,3806720
fuzzydedup,6,1,enron_full_451708,exact_ref,1333.160,1,0,26317,1684480
fuzzydedup,4,1,enron_full_451708,exact_ref,1078.338,1,0,22113,1415424
fuzzydedup,5,1,enron_full_451708,exact_ref,1151.422,1,0,24502,1568320
fuzzydedup,4,1,enron_full_451980,no_exact_ref,5999.472,0,5,137103,8774592
fuzzydedup,5,1,enron_full_451980,no_exact_ref,8052.115,0,6,164671,10538944
fuzzydedup,6,1,enron_full_451980,no_exact_ref,11830.853,0,7,190614,12199296
fuzzydedup,5,1,enron_full_452075,exact_ref,3623.381,1,0,40764,2609088
fuzzydedup,6,1,enron_full_452075,exact_ref,3779.092,1,0,44247,2832000
fuzzydedup,4,1,enron_full_452075,exact_ref,3087.800,1,0,36162,2314560
fuzzydedup,6,1,enron_full_452624,exact_ref,8586.788,1,0,94679,6059648
fuzzydedup,4,1,enron_full_452624,exact_ref,6124.537,1,0,63657,4074240
fuzzydedup,5,1,enron_full_452624,exact_ref,4619.872,1,0,78918,5050944
fuzzydedup,4,1,enron_full_452665,exact_ref,3581.209,1,0,76024,4865728
fuzzydedup,5,1,enron_full_452665,exact_ref,4833.954,1,0,92431,5915776
fuzzydedup,6,1,enron_full_452665,exact_ref,5070.036,1,0,108403,6937984
fuzzydedup,5,1,enron_full_453158,exact_ref,3233.014,1,0,52154,3338048
fuzzydedup,6,1,enron_full_453158,exact_ref,3215.670,1,0,63848,4086464
fuzzydedup,4,1,enron_full_453158,exact_ref,2309.441,1,0,41103,2630784
fuzzydedup,6,1,enron_full_453577,exact_ref,4573.194,1,0,79371,5079936
fuzzydedup,4,1,enron_full_453577,exact_ref,2700.881,1,0,50462,3229760
fuzzydedup,5,1,enron_full_453577,exact_ref,3125.549,1,0,64659,4138368
fuzzydedup,4,1,enron_full_455974,no_exact_ref,1739.459,1,3,25986,1663296
fuzzydedup,5,1,enron_full_455974,no_exact_ref,1845.053,1,3,39334,2517568
fuzzydedup,6,1,enron_full_455974,no_exact_ref,2286.512,1,3,51141,3273216
fuzzydedup,5,1,enron_full_456283,no_exact_ref,174.883,0,6,2411,154304
fuzzydedup,6,1,enron_full_456283,no_exact_ref,82.972,0,7,2934,187776
fuzzydedup,4,1,enron_full_456283,no_exact_ref,56.965,0,5,1920,122880
fuzzydedup,6,1,enron_full_458074,no_exact_ref,7001.748,0,7,177736,11375104
fuzzydedup,4,1,enron_full_458074,no_exact_ref,5568.380,0,5,127462,8157568
fuzzydedup,5,1,enron_full_458074,no_exact_ref,6493.727,0,6,153267,9809088
fuzzydedup,4,1,enron_full_458660,no_exact_ref,213.079,0,5,3649,233536
fuzzydedup,5,1,enron_full_458660,no_exact_ref,133.495,0,6,4502,288128
fuzzydedup,6,1,enron_full_458660,no_exact_ref,124.878,0,7,5369,343616
fuzzydedup,5,1,enron_full_459917,no_exact_ref,6801.969,0,6,154598,9894272
fuzzydedup,6,1,enron_full_459917,no_exact_ref,7364.197,0,7,180015,11520960
fuzzydedup,4,1,enron_full_459917,no_exact_ref,6019.719,0,5,128135,8200640
fuzzydedup,6,1,enron_full_459959,no_exact_ref,1937.142,0,7,34498,2207872
fuzzydedup,4,1,enron_full_459959,no_exact_ref,1425.630,0,5,22576,1444864
fuzzydedup,5,1,enron_full_459959,no_exact_ref,1513.376,0,6,28110,1799040
fuzzydedup,4,1,enron_full_460573,exact_ref,3242.731,1,0,58070,3716672
fuzzydedup,5,1,enron_full_460573,exact_ref,3810.060,1,0,69877,4472320
fuzzydedup,6,1,enron_full_460573,exact_ref,3634.642,1,0,80559,5155968
fuzzydedup,5,1,enron_full_461053,exact_ref,4200.692,1,0,83687,5356160
fuzzydedup,6,1,enron_full_461053,exact_ref,4863.950,1,0,99598,6374464
fuzzydedup,4,1,enron_full_461053,exact_ref,3929.075,1,0,67926,4347456
fuzzydedup,6,1,enron_full_461203,no_exact_ref,8448.858,0,7,197015,12608960
fuzzydedup,4,1,enron_full_461203,no_exact_ref,7613.922,0,5,141284,9042176
fuzzydedup,5,1,enron_full_461203,no_exact_ref,7609.708,0,6,169864,10871296
fuzzydedup,4,1,enron_full_461474,no_exact_ref,2682.397,0,5,59159,3786176
fuzzydedup,5,1,enron_full_461474,no_exact_ref,3089.546,0,6,73355,4694720
fuzzydedup,6,1,enron_full_461474,no_exact_ref,3741.035,0,7,88518,5665152
fuzzydedup,5,1,enron_full_461621,exact_ref,8414.860,1,0,87875,5624192
fuzzydedup,6,1,enron_full_461621,exact_ref,7747.252,1,0,104094,6662208
fuzzydedup,4,1,enron_full_461621,exact_ref,3898.053,1,0,71964,4605888
fuzzydedup,6,1,enron_full_461648,exact_ref,2516.381,1,0,42571,2724736
fuzzydedup,4,1,enron_full_461648,exact_ref,1390.123,1,0,26873,1720064
fuzzydedup,5,1,enron_full_461648,exact_ref,2229.180,1,0,34325,2196992
fuzzydedup,4,1,enron_full_461948,exact_ref,4410.033,1,0,78697,5036800
fuzzydedup,5,1,enron_full_461948,exact_ref,6490.292,1,0,94230,6030912
fuzzydedup,6,1,enron_full_461948,exact_ref,8660.185,1,0,109738,7023424
fuzzydedup,5,1,enron_full_462616,exact_ref,2140.908,1,0,35180,2251712
fuzzydedup,6,1,enron_full_462616,exact_ref,1743.850,1,0,38128,2440384
fuzzydedup,4,1,enron_full_462616,exact_ref,1456.029,1,0,31697,2028800
fuzzydedup,6,1,enron_full_463151,exact_ref,4373.523,1,0,103295,6611072
fuzzydedup,4,1,enron_full_463151,exact_ref,3977.881,1,0,76125,4872192
fuzzydedup,5,1,enron_full_463151,exact_ref,4032.160,1,0,89947,5756800
fuzzydedup,4,1,enron_full_463936,exact_ref,2320.030,1,0,37252,2384320
fuzzydedup,5,1,enron_full_463936,exact_ref,3353.345,1,0,47308,3027904
fuzzydedup,6,1,enron_full_463936,exact_ref,5676.759,1,0,58359,3735168
fuzzydedup,5,1,enron_full_463955,exact_ref,4528.974,1,0,72104,4614848
fuzzydedup,6,1,enron_full_463955,exact_ref,3186.585,1,0,80662,5162560
fuzzydedup,4,1,enron_full_463955,exact_ref,2483.914,1,0,62518,4001344
fuzzydedup,6,1,enron_full_463976,exact_ref,2753.870,1,0,73825,4724992
fuzzydedup,4,1,enron_full_463976,exact_ref,2462.329,1,0,57837,3701760
fuzzydedup,5,1,enron_full_463976,exact_ref,2530.402,1,0,66395,4249472
fuzzydedup,4,1,enron_full_465574,exact_ref,1888.684,1,0,30047,1923200
fuzzydedup,5,1,enron_full_465574,exact_ref,2265.389,1,0,38293,2450944
fuzzydedup,6,1,enron_full_465574,exact_ref,2312.548,1,0,47738,3055424
fuzzydedup,5,1,enron_full_466018,exact_ref,4387.852,1,0,66492,4255680
fuzzydedup,6,1,enron_full_466018,exact_ref,5160.179,1,0,73922,4731200
fuzzydedup,4,1,enron_full_466018,exact_ref,3928.577,1,0,57934,3707968
fuzzydedup,6,1,enron_full_466387,exact_ref,2743.432,1,0,54601,3494656
fuzzydedup,4,1,enron_full_466387,exact_ref,2179.766,1,0,40949,2620928
fuzzydedup,5,1,enron_full_466387,exact_ref,2274.177,1,0,48379,3096448
fuzzydedup,4,1,enron_full_466533,exact_ref,1182.599,1,0,26704,1709248
fuzzydedup,5,1,enron_full_466533,exact_ref,1259.890,1,0,29652,1897920
fuzzydedup,6,1,enron_full_466533,exact_ref,1363.152,1,0,32041,2050816
fuzzydedup,5,1,enron_full_466708,exact_ref,1504.855,1,0,35212,2253760
fuzzydedup,6,1,enron_full_466708,exact_ref,1475.608,1,0,38160,2442432
fuzzydedup,4,1,enron_full_466708,exact_ref,1258.035,1,0,31729,2030848
fuzzydedup,6,1,enron_full_467278,exact_ref,3188.460,1,0,77202,4941120
fuzzydedup,4,1,enron_full_467278,exact_ref,2728.241,1,0,49676,3179456
fuzzydedup,5,1,enron_full_467278,exact_ref,6183.557,1,0,63005,4032512
fuzzydedup,4,1,enron_full_467576,exact_ref,6569.869,1,0,73173,4683264
fuzzydedup,5,1,enron_full_467576,exact_ref,4793.632,1,0,88706,5677376
fuzzydedup,6,1,enron_full_467576,exact_ref,5686.098,1,0,104214,6669888
fuzzydedup,5,1,enron_full_467913,exact_ref,2966.326,1,0,57177,3659520
fuzzydedup,6,1,enron_full_467913,exact_ref,3168.916,1,0,70506,4512576
fuzzydedup,4,1,enron_full_467913,exact_ref,2626.093,1,0,45483,2911104
fuzzydedup,6,1,enron_full_468001,exact_ref,143.568,1,0,2035,130432
fuzzydedup,4,1,enron_full_468001,exact_ref,47.446,1,0,1309,83968
fuzzydedup,5,1,enron_full_468001,exact_ref,50.665,1,0,1671,107136
fuzzydedup,4,1,enron_full_468241,exact_ref,3167.890,1,0,41341,2646016
fuzzydedup,5,1,enron_full_468241,exact_ref,3792.645,1,0,46989,3007488
fuzzydedup,6,1,enron_full_468241,exact_ref,3559.535,1,0,51591,3302016
fuzzydedup,5,1,enron_full_468948,exact_ref,1746.860,1,0,12241,783616
fuzzydedup,6,1,enron_full_468948,exact_ref,1488.120,1,0,15268,977344
fuzzydedup,4,1,enron_full_468948,exact_ref,744.169,1,0,9555,611712
fuzzydedup,6,1,enron_full_469104,exact_ref,3300.854,1,0,72123,4616064
fuzzydedup,4,1,enron_full_469104,exact_ref,2145.913,1,0,53979,3454848
fuzzydedup,5,1,enron_full_469104,exact_ref,2551.086,1,0,63565,4068352
fuzzydedup,4,1,enron_full_469441,exact_ref,1981.086,1,0,37254,2384448
fuzzydedup,5,1,enron_full_469441,exact_ref,2103.401,1,0,47310,3028032
fuzzydedup,6,1,enron_full_469441,exact_ref,2711.562,1,0,58361,3735296
fuzzydedup,5,1,enron_full_470510,exact_ref,682.058,1,0,8633,552704
fuzzydedup,6,1,enron_full_470510,exact_ref,767.851,1,0,10865,695552
fuzzydedup,4,1,enron_full_470510,exact_ref,712.392,1,0,6680,427712
fuzzydedup,6,1,enron_full_471172,exact_ref,3630.925,1,0,80653,5161984
fuzzydedup,4,1,enron_full_471172,exact_ref,4927.204,1,0,62509,4000768
fuzzydedup,5,1,enron_full_471172,exact_ref,4844.429,1,0,72095,4614272
fuzzydedup,4,1,enron_full_472398,exact_ref,1841.128,1,0,23930,1531712
fuzzydedup,5,1,enron_full_472398,exact_ref,1545.047,1,0,30704,1965248
fuzzydedup,6,1,enron_full_472398,exact_ref,2479.403,1,0,38156,2442176
fuzzydedup,5,1,enron_full_473353,exact_ref,3759.226,1,0,87496,5599936
fuzzydedup,6,1,enron_full_473353,exact_ref,3896.776,1,0,99303,6355584
fuzzydedup,4,1,enron_full_473353,exact_ref,3134.973,1,0,74148,4745664
fuzzydedup,6,1,enron_full_473987,no_exact_ref,2777.121,0,7,60498,3871872
fuzzydedup,4,1,enron_full_473987,no_exact_ref,1797.166,0,5,40217,2573888
fuzzydedup,5,1,enron_full_473987,no_exact_ref,3148.808,0,6,50020,3201280
fuzzydedup,4,1,enron_full_474902,exact_ref,7294.115,1,0,78945,5052672
fuzzydedup,5,1,enron_full_474902,exact_ref,6375.318,1,0,94453,6045184
fuzzydedup,6,1,enron_full_474902,exact_ref,5050.026,1,0,108836,6965696
fuzzydedup,5,1,enron_full_476646,exact_ref,4030.424,1,0,83428,5339584
fuzzydedup,6,1,enron_full_476646,exact_ref,3452.596,1,0,94110,6023232
fuzzydedup,4,1,enron_full_476646,exact_ref,3095.537,1,0,71621,4583936
fuzzydedup,6,1,enron_full_476866,exact_ref,6178.558,1,0,97387,6233344
fuzzydedup,4,1,enron_full_476866,exact_ref,5951.738,1,0,69182,4427840
fuzzydedup,5,1,enron_full_476866,exact_ref,6218.089,1,0,83565,5348352
fuzzydedup,4,1,enron_full_476952,exact_ref,1517.884,1,0,26890,1721152
fuzzydedup,5,1,enron_full_476952,exact_ref,1402.047,1,0,29838,1909824
fuzzydedup,6,1,enron_full_476952,exact_ref,1360.956,1,0,32227,2062720
fuzzydedup,5,1,enron_full_478933,no_exact_ref,7101.584,0,6,169864,10871296
fuzzydedup,6,1,enron_full_478933,no_exact_ref,8005.061,0,7,197015,12608960
fuzzydedup,4,1,enron_full_478933,no_exact_ref,6414.116,0,5,141284,9042176
fuzzydedup,6,1,enron_full_479947,no_exact_ref,2213.167,0,7,47017,3009088
fuzzydedup,4,1,enron_full_479947,no_exact_ref,1504.270,0,5,29764,1904896
fuzzydedup,5,1,enron_full_479947,no_exact_ref,1725.073,0,6,37900,2425600
fuzzydedup,4,1,enron_full_480468,no_exact_ref,4919.196,0,5,113227,7246528
fuzzydedup,5,1,enron_full_480468,no_exact_ref,5604.758,0,6,136629,8744256
fuzzydedup,6,1,enron_full_480468,no_exact_ref,6264.734,0,7,159258,10192512
fuzzydedup,5,1,enron_full_480848,exact_ref,3800.434,1,0,83145,5321472
fuzzydedup,6,1,enron_full_480848,exact_ref,3959.835,1,0,93827,6005120
fuzzydedup,4,1,enron_full_480848,exact_ref,3349.461,1,0,71338,4565824
fuzzydedup,6,1,enron_full_481384,exact_ref,4132.496,1,0,99067,6340480
fuzzydedup,4,1,enron_full_481384,exact_ref,3508.075,1,0,73912,4730560
fuzzydedup,5,1,enron_full_481384,exact_ref,3741.702,1,0,87260,5584832
fuzzydedup,4,1,enron_full_481691,exact_ref,4211.679,1,0,78795,5043072
fuzzydedup,5,1,enron_full_481691,exact_ref,4401.731,1,0,94303,6035584
fuzzydedup,6,1,enron_full_481691,exact_ref,4993.434,1,0,108686,6956096
fuzzydedup,5,1,enron_full_481940,exact_ref,4566.581,1,0,88070,5636672
fuzzydedup,6,1,enron_full_481940,exact_ref,4684.178,1,0,104289,6674688
fuzzydedup,4,1,enron_full_481940,exact_ref,3569.735,1,0,72159,4618368
fuzzydedup,6,1,enron_full_482039,exact_ref,2594.192,1,0,58915,3770752
fuzzydedup,4,1,enron_full_482039,exact_ref,2260.833,1,0,47045,3011072
fuzzydedup,5,1,enron_full_482039,exact_ref,2315.657,1,0,53267,3409280
fuzzydedup,4,1,enron_full_482398,no_exact_ref,4523.527,0,5,105124,6727936
fuzzydedup,5,1,enron_full_482398,no_exact_ref,5277.867,0,6,126879,8120256
fuzzydedup,6,1,enron_full_482398,no_exact_ref,5860.456,0,7,148499,9503936
fuzzydedup,5,1,enron_full_482679,no_exact_ref,1654.262,0,6,31029,1985856
fuzzydedup,6,1,enron_full_482679,no_exact_ref,1835.148,0,7,38839,2485696
fuzzydedup,4,1,enron_full_482679,no_exact_ref,1241.789,0,5,24248,1551872
fuzzydedup,6,1,enron_full_482700,exact_ref,4697.016,1,0,106506,6816576
fuzzydedup,4,1,enron_full_482700,exact_ref,4013.849,1,0,78301,5011456
fuzzydedup,5,1,enron_full_482700,exact_ref,4562.422,1,0,92684,5931968
fuzzydedup,4,1,enron_full_482778,exact_ref,3241.611,1,0,62663,4010624
fuzzydedup,5,1,enron_full_482778,exact_ref,3603.697,1,0,74470,4766272
fuzzydedup,6,1,enron_full_482778,exact_ref,3667.952,1,0,85152,5449920
fuzzydedup,5,1,enron_full_482919,exact_ref,2804.626,1,0,66693,4268544
fuzzydedup,6,1,enron_full_482919,exact_ref,3233.431,1,0,74123,4744064
fuzzydedup,4,1,enron_full_482919,exact_ref,2694.124,1,0,58135,3720832
fuzzydedup,6,1,enron_full_483941,exact_ref,4597.215,1,0,106543,6818944
fuzzydedup,4,1,enron_full_483941,exact_ref,4065.743,1,0,78338,5013824
fuzzydedup,5,1,enron_full_483941,exact_ref,4579.216,1,0,92721,5934336
fuzzydedup,4,1,enron_full_484013,exact_ref,3175.338,1,0,62738,4015424
fuzzydedup,5,1,enron_full_484013,exact_ref,3302.842,1,0,74545,4771072
fuzzydedup,6,1,enron_full_484013,exact_ref,3434.241,1,0,85227,5454720
fuzzydedup,5,1,enron_full_485161,exact_ref,4542.913,1,0,94254,6032448
fuzzydedup,6,1,enron_full_485161,exact_ref,5296.780,1,0,109787,7026560
fuzzydedup,4,1,enron_full_485161,exact_ref,4075.932,1,0,78282,5010240
fuzzydedup,6,1,enron_full_485319,exact_ref,1245.243,1,0,26596,1702336
fuzzydedup,4,1,enron_full_485319,exact_ref,1124.306,1,0,22392,1433280
fuzzydedup,5,1,enron_full_485319,exact_ref,1252.664,1,0,24781,1586176
fuzzydedup,4,1,enron_full_485507,no_exact_ref,6869.834,0,5,137103,8774592
fuzzydedup,5,1,enron_full_485507,no_exact_ref,6532.712,0,6,164671,10538944
fuzzydedup,6,1,enron_full_485507,no_exact_ref,7357.783,0,7,190614,12199296
fuzzydedup,5,1,enron_full_485652,no_exact_ref,993.615,0,6,12599,806336
fuzzydedup,6,1,enron_full_485652,no_exact_ref,1041.587,0,7,15381,984384
fuzzydedup,4,1,enron_full_485652,no_exact_ref,811.952,0,5,10047,643008
fuzzydedup,6,1,enron_full_485802,no_exact_ref,5245.286,0,7,137129,8776256
fuzzydedup,4,1,enron_full_485802,no_exact_ref,4649.527,0,5,95838,6133632
fuzzydedup,5,1,enron_full_485802,no_exact_ref,5220.008,0,6,116994,7487616
fuzzydedup,4,1,enron_full_486590,exact_ref,106.508,1,0,856,54976
fuzzydedup,5,1,enron_full_486590,exact_ref,64.369,1,0,1068,68544
fuzzydedup,6,1,enron_full_486590,exact_ref,46.063,1,0,1316,84416
fuzzydedup,5,1,enron_full_486718,exact_ref,4601.684,1,0,94679,6059648
fuzzydedup,6,1,enron_full_486718,exact_ref,4893.252,1,0,110212,7053760
fuzzydedup,4,1,enron_full_486718,exact_ref,4052.085,1,0,78707,5037440
fuzzydedup,6,1,enron_full_487009,no_exact_ref,4455.442,0,7,112519,7201216
fuzzydedup,4,1,enron_full_487009,no_exact_ref,3270.547,0,5,77883,4984512
fuzzydedup,5,1,enron_full_487009,no_exact_ref,3774.747,0,6,95188,6092032
fuzzydedup,4,1,enron_full_487095,no_exact_ref,6649.170,0,5,127462,8157568
fuzzydedup,5,1,enron_full_487095,no_exact_ref,6497.763,0,6,153267,9809088
fuzzydedup,6,1,enron_full_487095,no_exact_ref,6781.361,0,7,177736,11375104
fuzzydedup,5,1,enron_full_487221,exact_ref,2333.737,1,0,53558,3427904
fuzzydedup,6,1,enron_full_487221,exact_ref,2226.082,1,0,59206,3789376
fuzzydedup,4,1,enron_full_487221,exact_ref,2120.620,1,0,47336,3029696
fuzzydedup,6,1,enron_full_488455,no_exact_ref,6837.902,0,7,177736,11375104
fuzzydedup,4,1,enron_full_488455,no_exact_ref,6520.272,0,5,127462,8157568
fuzzydedup,5,1,enron_full_488455,no_exact_ref,6489.900,0,6,153267,9809088
fuzzydedup,4,1,enron_full_488704,no_exact_ref,1682.570,1,4,29573,1893632
fuzzydedup,5,1,enron_full_488704,no_exact_ref,1670.727,1,4,34175,2189376
fuzzydedup,6,1,enron_full_488704,no_exact_ref,1788.768,1,4,37658,2412928
fuzzydedup,5,1,enron_full_489126,no_exact_ref,6229.778,0,6,153267,9809088
fuzzydedup,6,1,enron_full_489126,no_exact_ref,7056.010,0,7,177736,11375104
fuzzydedup,4,1,enron_full_489126,no_exact_ref,5980.327,0,5,127462,8157568
fuzzydedup,6,1,enron_full_490171,no_exact_ref,9127.026,0,7,197015,12608960
fuzzydedup,4,1,enron_full_490171,no_exact_ref,6038.527,0,5,141284,9042176
fuzzydedup,5,1,enron_full_490171,no_exact_ref,7081.810,0,6,169864,10871296
fuzzydedup,4,1,enron_full_490913,exact_ref,4163.010,1,0,71208,4557504
fuzzydedup,5,1,enron_full_490913,exact_ref,3978.613,1,0,87427,5595520
fuzzydedup,6,1,enron_full_490913,exact_ref,7198.878,1,0,103834,6645568
fuzzydedup,5,1,enron_full_491597,exact_ref,3095.944,1,0,67141,4297216
fuzzydedup,6,1,enron_full_491597,exact_ref,3028.268,1,0,74571,4772736
fuzzydedup,4,1,enron_full_491597,exact_ref,2550.399,1,0,58583,3749504
fuzzydedup,6,1,enron_full_491993,no_exact_ref,6900.455,0,7,153889,9848896
fuzzydedup,4,1,enron_full_491993,no_exact_ref,5363.622,0,5,107991,6911424
fuzzydedup,5,1,enron_full_491993,no_exact_ref,5367.031,0,6,131204,8397056
fuzzydedup,4,1,enron_full_492310,no_exact_ref,3508.722,0,5,44983,2878912
fuzzydedup,5,1,enron_full_492310,no_exact_ref,3272.907,0,6,55915,3578560
fuzzydedup,6,1,enron_full_492310,no_exact_ref,3357.511,0,7,67711,4333568
fuzzydedup,5,1,enron_full_492624,exact_ref,2318.345,1,0,45910,2938432
fuzzydedup,6,1,enron_full_492624,exact_ref,2355.206,1,0,51558,3299904
fuzzydedup,4,1,enron_full_492624,exact_ref,2087.001,1,0,39688,2540224
fuzzydedup,6,1,enron_full_492762,no_exact_ref,3140.943,0,7,76712,4909568
fuzzydedup,4,1,enron_full_492762,no_exact_ref,2231.308,0,5,50866,3255424
fuzzydedup,5,1,enron_full_492762,no_exact_ref,2761.900,0,6,63363,4055232
fuzzydedup,4,1,enron_full_493081,no_exact_ref,3719.770,0,5,87103,5574592
fuzzydedup,5,1,enron_full_493081,no_exact_ref,4176.937,0,6,106088,6789632
fuzzydedup,6,1,enron_full_493081,no_exact_ref,7113.234,0,7,125079,8005056
fuzzydedup,5,1,enron_full_493173,no_exact_ref,6145.580,0,6,131204,8397056
fuzzydedup,6,1,enron_full_493173,no_exact_ref,6733.251,0,7,153889,9848896
fuzzydedup,4,1,enron_full_493173,no_exact_ref,5539.417,0,5,107991,6911424
fuzzydedup,6,1,enron_full_494836,no_exact_ref,8187.810,0,7,197034,12611520
fuzzydedup,4,1,enron_full_494836,no_exact_ref,8765.172,0,5,140955,9021632
fuzzydedup,5,1,enron_full_494836,no_exact_ref,7287.796,0,6,169489,10848128
fuzzydedup,4,1,enron_full_495207,no_exact_ref,6395.868,0,5,139973,8958272
fuzzydedup,5,1,enron_full_495207,no_exact_ref,7318.923,0,6,168810,10803840
fuzzydedup,6,1,enron_full_495207,no_exact_ref,9637.935,0,7,194887,12472768
fuzzydedup,5,1,enron_full_496303,no_exact_ref,6994.594,0,6,160514,10272896
fuzzydedup,6,1,enron_full_496303,no_exact_ref,7710.188,0,7,186103,11910592
fuzzydedup,4,1,enron_full_496303,no_exact_ref,6124.875,0,5,133491,8543424
fuzzydedup,6,1,enron_full_497180,exact_ref,3274.526,1,0,81626,5224256
fuzzydedup,4,1,enron_full_497180,exact_ref,2342.183,1,0,63482,4063040
fuzzydedup,5,1,enron_full_497180,exact_ref,4013.132,1,0,73068,4676544
fuzzydedup,4,1,enron_full_498346,no_exact_ref,6779.418,0,5,140955,9021120
fuzzydedup,5,1,enron_full_498346,no_exact_ref,6910.370,0,6,169489,10847296
fuzzydedup,6,1,enron_full_498346,no_exact_ref,7750.330,0,7,197034,12610176
fuzzydedup,5,1,enron_full_498425,exact_ref,2278.067,1,0,47686,3052096
fuzzydedup,6,1,enron_full_498425,exact_ref,2227.680,1,0,52288,3346624
fuzzydedup,4,1,enron_full_498425,exact_ref,1831.894,1,0,42038,2690624
fuzzydedup,6,1,enron_full_498832,exact_ref,1094.223,1,0,15355,982912
fuzzydedup,4,1,enron_full_498832,exact_ref,770.962,1,0,9642,617280
fuzzydedup,5,1,enron_full_498832,exact_ref,1452.908,1,0,12328,789184
fuzzydedup,4,1,enron_full_499190,exact_ref,1231.243,1,0,10121,647936
fuzzydedup,5,1,enron_full_499190,exact_ref,1745.909,1,0,13148,841664
fuzzydedup,6,1,enron_full_499190,exact_ref,1457.122,1,0,16470,1054272
fuzzydedup,5,1,enron_full_499335,exact_ref,1773.572,1,0,35650,2281792
fuzzydedup,6,1,enron_full_499335,exact_ref,2132.942,1,0,38598,2470464
fuzzydedup,4,1,enron_full_499335,exact_ref,1460.258,1,0,32167,2058880
fuzzydedup,6,1,enron_full_500125,exact_ref,1823.549,1,0,45153,2889984
fuzzydedup,4,1,enron_full_500125,exact_ref,1589.533,1,0,37068,2372544
fuzzydedup,5,1,enron_full_500125,exact_ref,1589.795,1,0,41670,2667072
fuzzydedup,4,1,enron_full_500480,exact_ref,736.601,1,0,7574,484928
fuzzydedup,5,1,enron_full_500480,exact_ref,804.790,1,0,9806,627776
fuzzydedup,6,1,enron_full_500480,exact_ref,873.989,1,0,12157,778240
fuzzydedup,5,1,enron_full_500856,exact_ref,1850.602,1,0,37918,2426944
fuzzydedup,6,1,enron_full_500856,exact_ref,1725.879,1,0,42520,2721472
fuzzydedup,4,1,enron_full_500856,exact_ref,1634.394,1,0,32270,2065472
fuzzydedup,6,1,enron_full_501389,exact_ref,2114.005,1,0,52407,3354240
fuzzydedup,4,1,enron_full_501389,exact_ref,2033.551,1,0,42157,2698240
fuzzydedup,5,1,enron_full_501389,exact_ref,2086.051,1,0,47805,3059712
fuzzydedup,4,1,enron_full_501995,no_exact_ref,1410.464,1,0,32431,2075776
fuzzydedup,5,1,enron_full_501995,no_exact_ref,1634.102,1,0,35914,2298688
fuzzydedup,6,1,enron_full_501995,no_exact_ref,2369.416,1,0,38862,2487360
fuzzydedup,5,1,enron_full_503996,no_exact_ref,5778.041,0,6,126879,8120256
fuzzydedup,6,1,enron_full_503996,no_exact_ref,5936.940,0,7,148499,9503936
fuzzydedup,4,1,enron_full_503996,no_exact_ref,4471.604,0,5,105124,6727936
fuzzydedup,6,1,enron_full_504214,no_exact_ref,3890.101,0,7,83781,5361984
fuzzydedup,4,1,enron_full_504214,no_exact_ref,2857.579,0,5,56325,3604800
fuzzydedup,5,1,enron_full_504214,no_exact_ref,3227.997,0,6,69703,4460992
fuzzydedup,4,1,enron_full_504672,exact_ref,2501.430,1,0,48085,3077632
fuzzydedup,5,1,enron_full_504672,exact_ref,2502.094,1,0,56643,3625344
fuzzydedup,6,1,enron_full_504672,exact_ref,4307.524,1,0,64073,4100864
fuzzydedup,5,1,enron_full_506077,no_exact_ref,3050.339,0,6,63363,4055232
fuzzydedup,6,1,enron_full_506077,no_exact_ref,3204.519,0,7,76712,4909568
fuzzydedup,4,1,enron_full_506077,no_exact_ref,2236.674,0,5,50866,3255424
fuzzydedup,6,1,enron_full_506313,no_exact_ref,6335.524,0,7,144058,9219712
fuzzydedup,4,1,enron_full_506313,no_exact_ref,5186.216,0,5,100182,6411648
fuzzydedup,5,1,enron_full_506313,no_exact_ref,5889.574,0,6,122217,7821888
fuzzydedup,4,1,enron_full_506691,no_exact_ref,5834.266,0,5,120641,7721024
fuzzydedup,5,1,enron_full_506691,no_exact_ref,7642.963,0,6,145606,9318784
fuzzydedup,6,1,enron_full_506691,no_exact_ref,6632.780,0,7,169255,10832320
fuzzydedup,5,1,enron_full_506951,no_exact_ref,6315.556,0,6,159592,10213888
fuzzydedup,6,1,enron_full_506951,no_exact_ref,7477.107,0,7,184939,11836096
fuzzydedup,4,1,enron_full_506951,no_exact_ref,6862.036,0,5,132999,8511936
fuzzydedup,6,1,enron_full_508297,exact_ref,1924.727,1,0,22841,1462016
fuzzydedup,4,1,enron_full_508297,exact_ref,1351.239,1,0,13409,858368
fuzzydedup,5,1,enron_full_508297,exact_ref,1125.898,1,0,17605,1126912
fuzzydedup,4,1,enron_full_508633,no_exact_ref,1146.657,1,0,20967,1342080
fuzzydedup,5,1,enron_full_508633,no_exact_ref,1118.395,1,0,23356,1494976
fuzzydedup,6,1,enron_full_508633,no_exact_ref,1112.274,1,0,25171,1611136
fuzzydedup,5,1,enron_full_509309,exact_ref,3185.865,1,0,75669,4843008
fuzzydedup,6,1,enron_full_509309,exact_ref,3503.018,1,0,85255,5456512
fuzzydedup,4,1,enron_full_509309,exact_ref,2620.753,1,0,64987,4159360
fuzzydedup,6,1,enron_full_509898,exact_ref,3193.706,1,0,71183,4555968
fuzzydedup,4,1,enron_full_509898,exact_ref,2778.435,1,0,46160,2954432
fuzzydedup,5,1,enron_full_509898,exact_ref,2845.195,1,0,57854,3702848
fuzzydedup,4,1,enron_full_511005,exact_ref,1568.323,1,0,34127,2184320
fuzzydedup,5,1,enron_full_511005,exact_ref,1772.699,1,0,38729,2478976
fuzzydedup,6,1,enron_full_511005,exact_ref,2586.773,1,0,42212,2701888
fuzzydedup,5,1,enron_full_513543,no_exact_ref,7263.594,0,6,122217,7821888
fuzzydedup,6,1,enron_full_513543,no_exact_ref,6336.725,0,7,144058,9219712
fuzzydedup,4,1,enron_full_513543,no_exact_ref,5049.958,0,5,100182,6411648
fuzzydedup,6,1,enron_full_513857,exact_ref,5277.669,1,0,109830,7029312
fuzzydedup,4,1,enron_full_513857,exact_ref,4256.102,1,0,79939,5116288
fuzzydedup,5,1,enron_full_513857,exact_ref,5233.394,1,0,95447,6108800
fuzzydedup,4,1,enron_full_514823,no_exact_ref,5255.661,0,5,69400,4441600
fuzzydedup,5,1,enron_full_514823,no_exact_ref,4126.558,0,6,85290,5458560
fuzzydedup,6,1,enron_full_514823,no_exact_ref,4610.807,0,7,102455,6557120
fuzzydedup,5,1,enron_full_514984,exact_ref,2402.961,1,0,42805,2739712
fuzzydedup,6,1,enron_full_514984,exact_ref,2560.432,1,0,52861,3383296
fuzzydedup,4,1,enron_full_514984,exact_ref,1941.894,1,0,33360,2135232
fuzzydedup,6,1,enron_full_515092,no_exact_ref,8077.773,0,7,180015,11520960
fuzzydedup,4,1,enron_full_515092,no_exact_ref,8292.401,0,5,128135,8200640
fuzzydedup,5,1,enron_full_515092,no_exact_ref,7140.896,0,6,154598,9894272
fuzzydedup,4,1,enron_full_515627,no_exact_ref,5867.520,0,5,137103,8774592
fuzzydedup,5,1,enron_full_515627,no_exact_ref,6934.841,0,6,164671,10538944
fuzzydedup,6,1,enron_full_515627,no_exact_ref,7897.541,0,7,190614,12199296
fuzzydedup,5,1,enron_full_515714,no_exact_ref,8481.019,0,6,164671,10538944
fuzzydedup,6,1,enron_full_515714,no_exact_ref,7531.043,0,7,190614,12199296
fuzzydedup,4,1,enron_full_515714,no_exact_ref,5669.678,0,5,137103,8774592
fuzzydedup,6,1,enron_full_516032,exact_ref,3350.894,1,0,82143,5257344
fuzzydedup,4,1,enron_full_516032,exact_ref,2546.240,1,0,63999,4096128
fuzzydedup,5,1,enron_full_516032,exact_ref,2665.826,1,0,73585,4709632
fuzzydedup,4,1,enron_full_516843,no_exact_ref,5813.592,0,5,120641,7721024
fuzzydedup,5,1,enron_full_516843,no_exact_ref,7628.905,0,6,145606,9318784
fuzzydedup,6,1,enron_full_516843,no_exact_ref,6872.615,0,7,169255,10832320
fuzzydedup,5,1,enron_full_516871,no_exact_ref,5663.565,0,6,113036,7234304
fuzzydedup,6,1,enron_full_516871,no_exact_ref,6343.187,0,7,133357,8534848
fuzzydedup,4,1,enron_full_516871,no_exact_ref,4538.137,0,5,92244,5903616
fuzzydedup,6,2,enron_full_000202,exact_ref,4927.364,1,0,84428,5403584
fuzzydedup,4,2,enron_full_000202,exact_ref,3450.648,1,0,59273,3793664
fuzzydedup,5,2,enron_full_000202,exact_ref,3320.324,1,0,72621,4647936
fuzzydedup,4,2,enron_full_000664,exact_ref,531.097,1,0,5179,331648
fuzzydedup,5,2,enron_full_000664,exact_ref,216.151,1,0,5738,367424
fuzzydedup,6,2,enron_full_000664,exact_ref,199.927,1,0,6118,391744
fuzzydedup,5,2,enron_full_001289,no_exact_ref,2961.626,0,6,62674,4011136
fuzzydedup,6,2,enron_full_001289,no_exact_ref,3410.697,0,7,75416,4826624
fuzzydedup,4,2,enron_full_001289,no_exact_ref,2480.719,0,5,50202,3212928
fuzzydedup,6,2,enron_full_001379,no_exact_ref,7663.040,0,7,180015,11520960
fuzzydedup,4,2,enron_full_001379,no_exact_ref,7207.307,0,5,128135,8200640
fuzzydedup,5,2,enron_full_001379,no_exact_ref,7656.849,0,6,154598,9894272
fuzzydedup,4,2,enron_full_001488,no_exact_ref,5795.196,0,5,121972,7806208
fuzzydedup,5,2,enron_full_001488,no_exact_ref,6443.139,0,6,147636,9448704
fuzzydedup,6,2,enron_full_001488,no_exact_ref,7389.280,0,7,172289,11026496
fuzzydedup,5,2,enron_full_001525,exact_ref,1417.886,1,0,22923,1467264
fuzzydedup,6,2,enron_full_001525,exact_ref,2048.729,1,0,25312,1620160
fuzzydedup,4,2,enron_full_001525,exact_ref,1514.161,1,0,19975,1278592
fuzzydedup,6,2,enron_full_002220,exact_ref,265.140,1,0,2918,186944
fuzzydedup,4,2,enron_full_002220,exact_ref,98.460,1,0,1769,113408
fuzzydedup,5,2,enron_full_002220,exact_ref,108.409,1,0,2319,148608
fuzzydedup,4,2,enron_full_004616,exact_ref,4328.945,1,0,57150,3657792
fuzzydedup,5,2,enron_full_004616,exact_ref,3453.110,1,0,68957,4413440
fuzzydedup,6,2,enron_full_004616,exact_ref,3508.615,1,0,79639,5097088
fuzzydedup,5,2,enron_full_005913,exact_ref,743.601,1,0,9831,629376
fuzzydedup,6,2,enron_full_005913,exact_ref,321.712,1,0,10537,674560
fuzzydedup,4,2,enron_full_005913,exact_ref,499.411,1,0,8716,558016
fuzzydedup,6,2,enron_full_006211,exact_ref,708.960,1,0,15652,1001920
fuzzydedup,4,2,enron_full_006211,exact_ref,877.604,1,0,12995,831872
fuzzydedup,5,2,enron_full_006211,exact_ref,893.594,1,0,14537,930560
fuzzydedup,4,2,enron_full_006276,exact_ref,681.659,1,0,5061,324096
fuzzydedup,5,2,enron_full_006276,exact_ref,709.020,1,0,6811,436096
fuzzydedup,6,2,enron_full_006276,exact_ref,770.648,1,0,8764,561088
fuzzydedup,5,2,enron_full_006379,no_exact_ref,6432.447,0,6,153267,9809088
fuzzydedup,6,2,enron_full_006379,no_exact_ref,7955.100,0,7,177736,11375104
fuzzydedup,4,2,enron_full_006379,no_exact_ref,6475.567,0,5,127462,8157568
fuzzydedup,6,2,enron_full_006771,exact_ref,3125.172,1,0,61503,3936384
fuzzydedup,4,2,enron_full_006771,exact_ref,2484.324,1,0,45515,2913152
fuzzydedup,5,2,enron_full_006771,exact_ref,2564.822,1,0,54073,3460864
fuzzydedup,4,2,enron_full_007411,no_exact_ref,5911.861,0,5,128135,8200640
fuzzydedup,5,2,enron_full_007411,no_exact_ref,6921.357,0,6,154598,9894272
fuzzydedup,6,2,enron_full_007411,no_exact_ref,8722.539,0,7,180015,11520960
fuzzydedup,5,2,enron_full_008064,exact_ref,4503.684,1,0,79892,5113280
fuzzydedup,6,2,enron_full_008064,exact_ref,4759.812,1,0,94275,6033792
fuzzydedup,4,2,enron_full_008064,exact_ref,3967.831,1,0,64384,4120768
fuzzydedup,6,2,enron_full_008136,no_exact_ref,6055.542,0,7,133357,8535744
fuzzydedup,4,2,enron_full_008136,no_exact_ref,4055.967,0,5,92244,5903808
fuzzydedup,5,2,enron_full_008136,no_exact_ref,5825.448,0,6,113036,7234624
fuzzydedup,4,2,enron_full_008648,exact_ref,3268.759,1,0,40882,2616640
fuzzydedup,5,2,enron_full_008648,exact_ref,2823.920,1,0,48312,3092160
fuzzydedup,6,2,enron_full_008648,exact_ref,2721.503,1,0,54534,3490368
fuzzydedup,5,2,enron_full_008924,exact_ref,3097.964,1,0,64321,4116736
fuzzydedup,6,2,enron_full_008924,exact_ref,3251.212,1,0,73907,4730240
fuzzydedup,4,2,enron_full_008924,exact_ref,2628.715,1,0,53639,3433088
fuzzydedup,6,2,enron_full_009142,exact_ref,2005.866,1,0,48321,3092736
fuzzydedup,4,2,enron_full_009142,exact_ref,2013.030,1,0,36451,2333056
fuzzydedup,5,2,enron_full_009142,exact_ref,2153.145,1,0,42673,2731264
fuzzydedup,4,2,enron_full_009200,exact_ref,1361.382,1,0,24083,1541504
fuzzydedup,5,2,enron_full_009200,exact_ref,1529.861,1,0,27566,1764416
fuzzydedup,6,2,enron_full_009200,exact_ref,1540.970,1,0,30514,1953088
fuzzydedup,5,2,enron_full_009568,no_exact_ref,6421.905,0,6,136629,8744256
fuzzydedup,6,2,enron_full_009568,no_exact_ref,6924.320,0,7,159258,10192512
fuzzydedup,4,2,enron_full_009568,no_exact_ref,4465.612,0,5,113227,7246528
fuzzydedup,6,2,enron_full_009735,no_exact_ref,7252.323,0,7,184939,11836096
fuzzydedup,4,2,enron_full_009735,no_exact_ref,5722.566,0,5,132999,8511936
fuzzydedup,5,2,enron_full_009735,no_exact_ref,6633.241,0,6,159592,10213888
fuzzydedup,4,2,enron_full_011924,exact_ref,4823.787,1,0,63515,4065152
fuzzydedup,5,2,enron_full_011924,exact_ref,4816.878,1,0,79922,5115200
fuzzydedup,6,2,enron_full_011924,exact_ref,4788.185,1,0,95894,6137408
fuzzydedup,5,2,enron_full_012156,exact_ref,2360.772,1,0,33703,2157184
fuzzydedup,6,2,enron_full_012156,exact_ref,2520.948,1,0,43148,2761664
fuzzydedup,4,2,enron_full_012156,exact_ref,1999.092,1,0,25457,1629440
fuzzydedup,6,2,enron_full_012651,exact_ref,5360.522,1,0,94712,6061760
fuzzydedup,4,2,enron_full_012651,exact_ref,3925.935,1,0,62086,3973696
fuzzydedup,5,2,enron_full_012651,exact_ref,4835.588,1,0,78305,5011712
fuzzydedup,4,2,enron_full_013576,exact_ref,5028.590,1,0,63165,4042752
fuzzydedup,5,2,enron_full_013576,exact_ref,4323.895,1,0,79384,5080768
fuzzydedup,6,2,enron_full_013576,exact_ref,5002.405,1,0,95791,6130816
fuzzydedup,5,2,enron_full_013941,exact_ref,4127.950,1,0,78207,5005440
fuzzydedup,6,2,enron_full_013941,exact_ref,5058.682,1,0,94614,6055488
fuzzydedup,4,2,enron_full_013941,exact_ref,3815.632,1,0,61988,3967424
fuzzydedup,6,2,enron_full_014539,exact_ref,1439.525,1,0,24734,1583168
fuzzydedup,4,2,enron_full_014539,exact_ref,1067.732,1,0,14438,924224
fuzzydedup,5,2,enron_full_014539,exact_ref,1353.295,1,0,19674,1259328
fuzzydedup,4,2,enron_full_014678,exact_ref,3563.622,1,0,42463,2717824
fuzzydedup,5,2,enron_full_014678,exact_ref,3493.701,1,0,55792,3570880
fuzzydedup,6,2,enron_full_014678,exact_ref,3422.485,1,0,69989,4479488
fuzzydedup,5,2,enron_full_015568,exact_ref,2181.186,1,0,33729,2158848
fuzzydedup,6,2,enron_full_015568,exact_ref,2347.648,1,0,43174,2763328
fuzzydedup,4,2,enron_full_015568,exact_ref,2029.531,1,0,25483,1631104
fuzzydedup,6,2,enron_full_015698,exact_ref,4696.003,1,0,89488,5727424
fuzzydedup,4,2,enron_full_015698,exact_ref,3670.441,1,0,57816,3700416
fuzzydedup,5,2,enron_full_015698,exact_ref,3851.249,1,0,73577,4709120
fuzzydedup,4,2,enron_full_016017,exact_ref,3693.446,1,0,57800,3699392
fuzzydedup,5,2,enron_full_016017,exact_ref,5312.132,1,0,73561,4708096
fuzzydedup,6,2,enron_full_016017,exact_ref,5285.063,1,0,89472,5726400
fuzzydedup,5,2,enron_full_017189,exact_ref,3788.522,1,0,75548,4835264
fuzzydedup,6,2,enron_full_017189,exact_ref,4160.337,1,0,88896,5689536
fuzzydedup,4,2,enron_full_017189,exact_ref,3492.495,1,0,61726,3950656
fuzzydedup,6,2,enron_full_018163,no_exact_ref,1118.302,0,7,20240,1295360
fuzzydedup,4,2,enron_full_018163,no_exact_ref,754.982,0,5,11730,750720
fuzzydedup,5,2,enron_full_018163,no_exact_ref,908.535,0,6,15488,991232
fuzzydedup,4,2,enron_full_018755,exact_ref,3911.248,1,0,65083,4165504
fuzzydedup,5,2,enron_full_018755,exact_ref,4358.446,1,0,80616,5159616
fuzzydedup,6,2,enron_full_018755,exact_ref,6155.601,1,0,96124,6152128
fuzzydedup,5,2,enron_full_019153,exact_ref,607.710,1,0,4362,279360
fuzzydedup,6,2,enron_full_019153,exact_ref,185.719,1,0,4638,297024
fuzzydedup,4,2,enron_full_019153,exact_ref,152.430,1,0,3982,255040
fuzzydedup,6,2,enron_full_019201,exact_ref,4916.990,1,0,97415,6234752
fuzzydedup,4,2,enron_full_019201,exact_ref,3763.032,1,0,65743,4207744
fuzzydedup,5,2,enron_full_019201,exact_ref,4053.545,1,0,81504,5216448
fuzzydedup,4,2,enron_full_019604,no_exact_ref,6435.483,0,5,139973,8958272
fuzzydedup,5,2,enron_full_019604,no_exact_ref,7237.020,0,6,168810,10803840
fuzzydedup,6,2,enron_full_019604,no_exact_ref,9534.229,0,7,194887,12472768
fuzzydedup,5,2,enron_full_019949,exact_ref,4604.273,1,0,80620,5159872
fuzzydedup,6,2,enron_full_019949,exact_ref,4811.860,1,0,96128,6152384
fuzzydedup,4,2,enron_full_019949,exact_ref,3708.254,1,0,65087,4165760
fuzzydedup,6,2,enron_full_020401,no_exact_ref,5703.953,0,7,137129,8776256
fuzzydedup,4,2,enron_full_020401,no_exact_ref,4141.840,0,5,95838,6133632
fuzzydedup,5,2,enron_full_020401,no_exact_ref,5883.284,0,6,116994,7487616
fuzzydedup,4,2,enron_full_020951,exact_ref,3323.761,1,0,54014,3457088
fuzzydedup,5,2,enron_full_020951,exact_ref,2841.222,1,0,64696,4140736
fuzzydedup,6,2,enron_full_020951,exact_ref,2915.487,1,0,74282,4754240
fuzzydedup,5,2,enron_full_021195,exact_ref,3004.192,1,0,60710,3885632
fuzzydedup,6,2,enron_full_021195,exact_ref,4294.993,1,0,75422,4827200
fuzzydedup,4,2,enron_full_021195,exact_ref,2801.571,1,0,46513,2977024
fuzzydedup,6,2,enron_full_021224,exact_ref,3199.730,1,6,32732,2106048
fuzzydedup,4,2,enron_full_021224,exact_ref,1767.172,1,4,5252,338752
fuzzydedup,5,2,enron_full_021224,exact_ref,2170.371,1,4,21471,1382912
fuzzydedup,4,2,enron_full_021900,exact_ref,370.629,1,0,1534,98368
fuzzydedup,5,2,enron_full_021900,exact_ref,119.810,1,0,1684,107968
fuzzydedup,6,2,enron_full_021900,exact_ref,102.060,1,0,1768,113344
fuzzydedup,5,2,enron_full_022531,exact_ref,4968.143,1,0,76381,4888576
fuzzydedup,6,2,enron_full_022531,exact_ref,6048.018,1,0,92600,5926592
fuzzydedup,4,2,enron_full_022531,exact_ref,3501.626,1,0,60470,3870272
fuzzydedup,6,2,enron_full_022683,exact_ref,3081.312,1,0,62048,3971264
fuzzydedup,4,2,enron_full_022683,exact_ref,2434.834,1,0,46060,2948032
fuzzydedup,5,2,enron_full_022683,exact_ref,2363.175,1,0,54618,3495744
fuzzydedup,4,2,enron_full_022865,exact_ref,3927.185,1,0,64224,4110528
fuzzydedup,5,2,enron_full_022865,exact_ref,4218.231,1,0,78607,5031040
fuzzydedup,6,2,enron_full_022865,exact_ref,4474.172,1,0,92429,5915648
fuzzydedup,5,2,enron_full_022972,exact_ref,3173.388,1,0,43150,2761792
fuzzydedup,6,2,enron_full_022972,exact_ref,2680.329,1,0,48798,3123264
fuzzydedup,4,2,enron_full_022972,exact_ref,2150.577,1,0,36928,2363584
fuzzydedup,6,2,enron_full_024952,no_exact_ref,126.254,0,7,1550,99200
fuzzydedup,4,2,enron_full_024952,no_exact_ref,43.287,0,5,1057,67648
fuzzydedup,5,2,enron_full_024952,no_exact_ref,45.906,0,6,1290,82560
fuzzydedup,4,2,enron_full_025050,exact_ref,4091.952,1,0,62281,3986176
fuzzydedup,5,2,enron_full_025050,exact_ref,4149.355,1,0,78500,5024192
fuzzydedup,6,2,enron_full_025050,exact_ref,4669.040,1,0,94907,6074240
fuzzydedup,5,2,enron_full_026603,exact_ref,3825.138,1,0,73351,4694656
fuzzydedup,6,2,enron_full_026603,exact_ref,3851.917,1,0,85158,5450304
fuzzydedup,4,2,enron_full_026603,exact_ref,3286.081,1,0,60003,3840384
fuzzydedup,6,2,enron_full_026721,exact_ref,4068.717,1,0,58257,3728704
fuzzydedup,4,2,enron_full_026721,exact_ref,2300.623,1,0,35512,2273024
fuzzydedup,5,2,enron_full_026721,exact_ref,3044.827,1,0,46563,2980288
fuzzydedup,4,2,enron_full_027643,exact_ref,1664.513,1,0,28300,1811392
fuzzydedup,5,2,enron_full_027643,exact_ref,1678.761,1,0,32902,2105920
fuzzydedup,6,2,enron_full_027643,exact_ref,1752.622,1,0,36385,2328832
fuzzydedup,5,2,enron_full_027693,exact_ref,2886.964,1,0,50825,3252992
fuzzydedup,6,2,enron_full_027693,exact_ref,3244.744,1,0,64154,4106048
fuzzydedup,4,2,enron_full_027693,exact_ref,2360.237,1,0,39131,2504576
fuzzydedup,6,2,enron_full_027925,exact_ref,4582.328,1,0,80684,5163968
fuzzydedup,4,2,enron_full_027925,exact_ref,2577.525,1,0,50711,3245696
fuzzydedup,5,2,enron_full_027925,exact_ref,4225.858,1,0,65423,4187264
fuzzydedup,4,2,enron_full_028250,exact_ref,4616.369,1,0,59988,3839424
fuzzydedup,5,2,enron_full_028250,exact_ref,5024.395,1,0,73336,4693696
fuzzydedup,6,2,enron_full_028250,exact_ref,3684.763,1,0,85143,5449344
fuzzydedup,5,2,enron_full_028591,exact_ref,4423.790,1,0,80921,5179136
fuzzydedup,6,2,enron_full_028591,exact_ref,5022.750,1,0,96454,6173248
fuzzydedup,4,2,enron_full_028591,exact_ref,4199.216,1,0,64949,4156928
fuzzydedup,6,2,enron_full_028607,no_exact_ref,8295.852,0,7,194644,12457216
fuzzydedup,4,2,enron_full_028607,no_exact_ref,7908.648,0,5,139516,8929024
fuzzydedup,5,2,enron_full_028607,no_exact_ref,7051.744,0,6,168125,10760000
fuzzydedup,4,2,enron_full_029506,no_exact_ref,6234.271,0,5,137769,8817216
fuzzydedup,5,2,enron_full_029506,no_exact_ref,7595.521,0,6,164996,10559744
fuzzydedup,6,2,enron_full_029506,no_exact_ref,10475.887,0,7,191555,12259520
fuzzydedup,5,2,enron_full_030144,exact_ref,219.853,1,0,3055,195712
fuzzydedup,6,2,enron_full_030144,exact_ref,97.588,1,0,3987,255360
fuzzydedup,4,2,enron_full_030144,exact_ref,62.996,1,0,2293,146944
fuzzydedup,6,2,enron_full_031433,exact_ref,4779.261,1,0,92612,5927360
fuzzydedup,4,2,enron_full_031433,exact_ref,3491.560,1,0,60482,3871040
fuzzydedup,5,2,enron_full_031433,exact_ref,4225.908,1,0,76393,4889344
fuzzydedup,4,2,enron_full_031542,exact_ref,2923.853,1,0,53975,3454592
fuzzydedup,5,2,enron_full_031542,exact_ref,2920.486,1,0,64657,4138240
fuzzydedup,6,2,enron_full_031542,exact_ref,2971.271,1,0,74243,4751744
fuzzydedup,5,2,enron_full_031612,exact_ref,4587.825,1,0,65382,4184640
fuzzydedup,6,2,enron_full_031612,exact_ref,6987.254,1,0,80643,5161344
fuzzydedup,4,2,enron_full_031612,exact_ref,3216.505,1,0,50670,3243072
fuzzydedup,6,2,enron_full_031680,exact_ref,4409.292,1,0,92299,5907328
fuzzydedup,4,2,enron_full_031680,exact_ref,3601.384,1,0,64094,4102208
fuzzydedup,5,2,enron_full_031680,exact_ref,4002.018,1,0,78477,5022720
fuzzydedup,4,2,enron_full_032079,no_exact_ref,2375.337,0,5,50866,3255424
fuzzydedup,5,2,enron_full_032079,no_exact_ref,2663.767,0,6,63363,4055232
fuzzydedup,6,2,enron_full_032079,no_exact_ref,3022.199,0,7,76712,4909568
fuzzydedup,5,2,enron_full_032704,exact_ref,5185.492,1,0,78381,5016576
fuzzydedup,6,2,enron_full_032704,exact_ref,5429.169,1,0,94788,6066624
fuzzydedup,4,2,enron_full_032704,exact_ref,3685.109,1,0,62162,3978560
fuzzydedup,6,2,enron_full_033187,no_exact_ref,7539.418,0,7,172289,11026560
fuzzydedup,4,2,enron_full_033187,no_exact_ref,5655.347,0,5,121972,7806272
fuzzydedup,5,2,enron_full_033187,no_exact_ref,6304.491,0,6,147636,9448768
fuzzydedup,4,2,enron_full_033628,no_exact_ref,4546.247,1,0,60394,3865408
fuzzydedup,5,2,enron_full_033628,no_exact_ref,5357.131,1,0,75655,4842112
fuzzydedup,6,2,enron_full_033628,no_exact_ref,4559.084,1,0,91416,5850816
fuzzydedup,5,2,enron_full_034178,no_exact_ref,7086.419,0,6,168810,10803840
fuzzydedup,6,2,enron_full_034178,no_exact_ref,8259.528,0,7,194887,12472768
fuzzydedup,4,2,enron_full_034178,no_exact_ref,6600.540,0,5,139973,8958272
fuzzydedup,6,2,enron_full_034530,no_exact_ref,2933.493,0,7,43148,2761472
fuzzydedup,4,2,enron_full_034530,no_exact_ref,2477.370,0,5,28839,1845696
fuzzydedup,5,2,enron_full_034530,no_exact_ref,1886.913,0,6,35649,2281536
fuzzydedup,4,2,enron_full_035481,no_exact_ref,4815.260,0,5,113227,7246528
fuzzydedup,5,2,enron_full_035481,no_exact_ref,5738.021,0,6,136629,8744256
fuzzydedup,6,2,enron_full_035481,no_exact_ref,6288.205,0,7,159258,10192512
fuzzydedup,5,2,enron_full_035578,no_exact_ref,3227.705,0,6,62674,4011200
fuzzydedup,6,2,enron_full_035578,no_exact_ref,3409.906,0,7,75416,4826688
fuzzydedup,4,2,enron_full_035578,no_exact_ref,3234.070,0,5,50202,3212928
fuzzydedup,6,2,enron_full_035695,no_exact_ref,7305.213,0,7,123332,7893248
fuzzydedup,4,2,enron_full_035695,no_exact_ref,4040.707,0,5,84127,5384128
fuzzydedup,5,2,enron_full_035695,no_exact_ref,4393.828,0,6,103384,6616576
fuzzydedup,4,2,enron_full_035726,no_exact_ref,4077.099,0,5,95838,6133632
fuzzydedup,5,2,enron_full_035726,no_exact_ref,4776.829,0,6,116994,7487616
fuzzydedup,6,2,enron_full_035726,no_exact_ref,5491.184,0,7,137129,8776256
fuzzydedup,5,2,enron_full_035827,no_exact_ref,7299.820,0,6,136629,8744256
fuzzydedup,6,2,enron_full_035827,no_exact_ref,6421.472,0,7,159258,10192512
fuzzydedup,4,2,enron_full_035827,no_exact_ref,4709.578,0,5,113227,7246528
fuzzydedup,6,2,enron_full_035969,no_exact_ref,6679.852,0,7,177736,11375104
fuzzydedup,4,2,enron_full_035969,no_exact_ref,5412.038,0,5,127462,8157568
fuzzydedup,5,2,enron_full_035969,no_exact_ref,6974.271,0,6,153267,9809088
fuzzydedup,4,2,enron_full_035998,no_exact_ref,5893.687,0,5,95838,6133632
fuzzydedup,5,2,enron_full_035998,no_exact_ref,4388.786,0,6,116994,7487616
fuzzydedup,6,2,enron_full_035998,no_exact_ref,5388.581,0,7,137129,8776256
fuzzydedup,5,2,enron_full_038008,no_exact_ref,5614.432,0,6,113036,7234304
fuzzydedup,6,2,enron_full_038008,no_exact_ref,5916.753,0,7,133357,8534848
fuzzydedup,4,2,enron_full_038008,no_exact_ref,4230.537,0,5,92244,5903616
fuzzydedup,6,2,enron_full_040212,no_exact_ref,8748.562,0,7,190614,12199296
fuzzydedup,4,2,enron_full_040212,no_exact_ref,5588.702,0,5,137103,8774592
fuzzydedup,5,2,enron_full_040212,no_exact_ref,6372.957,0,6,164671,10538944
fuzzydedup,4,2,enron_full_040615,exact_ref,3766.503,1,0,65782,4210240
fuzzydedup,5,2,enron_full_040615,exact_ref,4128.380,1,0,81315,5204352
fuzzydedup,6,2,enron_full_040615,exact_ref,5057.133,1,0,96823,6196864
fuzzydedup,5,2,enron_full_041235,exact_ref,985.940,1,0,5924,379328
fuzzydedup,6,2,enron_full_041235,exact_ref,258.322,1,0,6304,403648
fuzzydedup,4,2,enron_full_041235,exact_ref,207.342,1,0,5365,343552
fuzzydedup,6,2,enron_full_042132,exact_ref,4429.379,1,0,62427,3995520
fuzzydedup,4,2,enron_full_042132,exact_ref,2624.533,1,0,46439,2972288
fuzzydedup,5,2,enron_full_042132,exact_ref,2616.732,1,0,54997,3520000
fuzzydedup,4,2,enron_full_045885,exact_ref,4205.282,1,0,65358,4183104
fuzzydedup,5,2,enron_full_045885,exact_ref,4348.832,1,0,80866,5175616
fuzzydedup,6,2,enron_full_045885,exact_ref,4941.575,1,0,95249,6096128
fuzzydedup,5,2,enron_full_046009,exact_ref,4629.564,1,0,81280,5202112
fuzzydedup,6,2,enron_full_046009,exact_ref,5740.738,1,0,96788,6194624
fuzzydedup,4,2,enron_full_046009,exact_ref,5144.091,1,0,65747,4208000
fuzzydedup,6,2,enron_full_046306,exact_ref,5008.620,1,0,92927,5947520
fuzzydedup,4,2,enron_full_046306,exact_ref,3815.482,1,0,64722,4142400
fuzzydedup,5,2,enron_full_046306,exact_ref,4290.155,1,0,79105,5062912
fuzzydedup,4,2,enron_full_046840,exact_ref,1432.999,1,0,20926,1339456
fuzzydedup,5,2,enron_full_046840,exact_ref,1488.077,1,0,27700,1772992
fuzzydedup,6,2,enron_full_046840,exact_ref,2539.414,1,0,35152,2249920
fuzzydedup,5,2,enron_full_047084,no_exact_ref,7064.388,0,6,164671,10538944
fuzzydedup,6,2,enron_full_047084,no_exact_ref,8123.987,0,7,190614,12199296
fuzzydedup,4,2,enron_full_047084,no_exact_ref,5939.886,0,5,137103,8774592
fuzzydedup,6,2,enron_full_047376,exact_ref,1480.797,1,0,25897,1657600
fuzzydedup,4,2,enron_full_047376,exact_ref,1252.035,1,0,20560,1316032
fuzzydedup,5,2,enron_full_047376,exact_ref,1280.765,1,0,23508,1504704
fuzzydedup,4,2,enron_full_047738,exact_ref,926.881,1,0,14617,935680
fuzzydedup,5,2,enron_full_047738,exact_ref,1288.660,1,0,19853,1270784
fuzzydedup,6,2,enron_full_047738,exact_ref,1347.564,1,0,24913,1594624
fuzzydedup,5,2,enron_full_047772,no_exact_ref,6625.435,0,6,159592,10213888
fuzzydedup,6,2,enron_full_047772,no_exact_ref,8095.869,0,7,184939,11836096
fuzzydedup,4,2,enron_full_047772,no_exact_ref,6658.392,0,5,132999,8511936
fuzzydedup,6,2,enron_full_048185,no_exact_ref,7970.407,0,7,191555,12259520
fuzzydedup,4,2,enron_full_048185,no_exact_ref,5941.078,0,5,137769,8817216
fuzzydedup,5,2,enron_full_048185,no_exact_ref,7440.796,0,6,164996,10559744
fuzzydedup,4,2,enron_full_048713,no_exact_ref,2891.091,0,5,50202,3212928
fuzzydedup,5,2,enron_full_048713,no_exact_ref,4399.503,0,6,62674,4011136
fuzzydedup,6,2,enron_full_048713,no_exact_ref,4091.040,0,7,75416,4826624
fuzzydedup,5,2,enron_full_049016,no_exact_ref,1698.231,0,6,32008,2048512
fuzzydedup,6,2,enron_full_049016,no_exact_ref,2547.008,0,7,38406,2457984
fuzzydedup,4,2,enron_full_049016,no_exact_ref,1370.981,0,5,25353,1622592
fuzzydedup,6,2,enron_full_049875,no_exact_ref,8010.217,0,7,197034,12610176
fuzzydedup,4,2,enron_full_049875,no_exact_ref,6558.812,0,5,140955,9021120
fuzzydedup,5,2,enron_full_049875,no_exact_ref,7935.986,0,6,169489,10847296
fuzzydedup,4,2,enron_full_050163,exact_ref,3422.754,1,0,46617,2983680
fuzzydedup,5,2,enron_full_050163,exact_ref,2703.949,1,0,55175,3531392
fuzzydedup,6,2,enron_full_050163,exact_ref,2960.508,1,0,62605,4006912
fuzzydedup,5,2,enron_full_050258,exact_ref,4766.573,1,0,81493,5215744
fuzzydedup,6,2,enron_full_050258,exact_ref,4779.287,1,0,97001,6208256
fuzzydedup,4,2,enron_full_050258,exact_ref,3891.555,1,0,65960,4221632
fuzzydedup,6,2,enron_full_050705,no_exact_ref,8242.965,0,7,197034,12610176
fuzzydedup,4,2,enron_full_050705,no_exact_ref,8430.394,0,5,140955,9021120
fuzzydedup,5,2,enron_full_050705,no_exact_ref,7144.918,0,6,169489,10847296
fuzzydedup,4,2,enron_full_050719,no_exact_ref,6406.935,0,5,139973,8958272
fuzzydedup,5,2,enron_full_050719,no_exact_ref,7271.201,0,6,168810,10803840
fuzzydedup,6,2,enron_full_050719,no_exact_ref,10201.433,0,7,194887,12472768
fuzzydedup,5,2,enron_full_051118,no_exact_ref,7142.604,0,6,154598,9894272
fuzzydedup,6,2,enron_full_051118,no_exact_ref,7427.574,0,7,180015,11520960
fuzzydedup,4,2,enron_full_051118,no_exact_ref,5818.102,0,5,128135,8200640
fuzzydedup,6,2,enron_full_051633,no_exact_ref,4775.025,0,7,112816,7220224
fuzzydedup,4,2,enron_full_051633,no_exact_ref,4440.727,0,5,75858,4854912
fuzzydedup,5,2,enron_full_051633,no_exact_ref,5772.841,0,6,94423,6043072
fuzzydedup,4,2,enron_full_052109,exact_ref,2321.359,1,2,33680,2155712
fuzzydedup,5,2,enron_full_052109,exact_ref,2518.360,1,2,47877,3064320
fuzzydedup,6,2,enron_full_052109,exact_ref,3897.264,1,2,62589,4005888
fuzzydedup,5,2,enron_full_052243,exact_ref,3933.448,1,0,75355,4822912
fuzzydedup,6,2,enron_full_052243,exact_ref,4266.760,1,0,88703,5677184
fuzzydedup,4,2,enron_full_052243,exact_ref,3603.358,1,0,61533,3938304
fuzzydedup,6,2,enron_full_052699,no_exact_ref,9165.977,0,7,180015,11520960
fuzzydedup,4,2,enron_full_052699,no_exact_ref,6093.427,0,5,128135,8200640
fuzzydedup,5,2,enron_full_052699,no_exact_ref,6918.876,0,6,154598,9894272
fuzzydedup,4,2,enron_full_052941,no_exact_ref,4162.729,0,5,95838,6133632
fuzzydedup,5,2,enron_full_052941,no_exact_ref,4532.701,0,6,116994,7487616
fuzzydedup,6,2,enron_full_052941,no_exact_ref,5484.753,0,7,137129,8776256
fuzzydedup,5,2,enron_full_053517,no_exact_ref,6988.956,0,6,126879,8120256
fuzzydedup,6,2,enron_full_053517,no_exact_ref,5810.182,0,7,148499,9503936
fuzzydedup,4,2,enron_full_053517,no_exact_ref,4595.823,0,5,105124,6727936
fuzzydedup,6,2,enron_full_053522,no_exact_ref,5188.246,0,7,137129,8776256
fuzzydedup,4,2,enron_full_053522,no_exact_ref,4129.943,0,5,95838,6133632
fuzzydedup,5,2,enron_full_053522,no_exact_ref,4688.543,0,6,116994,7487616
fuzzydedup,4,2,enron_full_054174,no_exact_ref,7929.060,0,5,140955,9021120
fuzzydedup,5,2,enron_full_054174,no_exact_ref,7638.285,0,6,169489,10847296
fuzzydedup,6,2,enron_full_054174,no_exact_ref,8109.786,0,7,197034,12610176
fuzzydedup,5,2,enron_full_055270,no_exact_ref,8835.175,0,6,169864,10871296
fuzzydedup,6,2,enron_full_055270,no_exact_ref,9323.840,0,7,197015,12608960
fuzzydedup,4,2,enron_full_055270,no_exact_ref,6758.146,0,5,141284,9042176
fuzzydedup,6,2,enron_full_055462,exact_ref,4681.373,1,0,94222,6030400
fuzzydedup,4,2,enron_full_055462,exact_ref,3808.904,1,0,66017,4225280
fuzzydedup,5,2,enron_full_055462,exact_ref,5323.859,1,0,80400,5145792
fuzzydedup,4,2,enron_full_056138,exact_ref,5257.234,1,0,66686,4268864
fuzzydedup,5,2,enron_full_056138,exact_ref,4970.396,1,0,82658,5291072
fuzzydedup,6,2,enron_full_056138,exact_ref,5681.184,1,0,98191,6285952
fuzzydedup,5,2,enron_full_056670,exact_ref,5256.859,1,0,80173,5133632
fuzzydedup,6,2,enron_full_056670,exact_ref,4558.144,1,0,93995,6019584
fuzzydedup,4,2,enron_full_056670,exact_ref,3818.699,1,0,65790,4211264
fuzzydedup,6,2,enron_full_056953,no_exact_ref,7446.905,0,7,144058,9219712
fuzzydedup,4,2,enron_full_056953,no_exact_ref,5413.196,0,5,100182,6411648
fuzzydedup,5,2,enron_full_056953,no_exact_ref,6087.994,0,6,122217,7821888
fuzzydedup,4,2,enron_full_057268,exact_ref,4282.774,1,0,66538,4258752
fuzzydedup,5,2,enron_full_057268,exact_ref,4354.602,1,0,82510,5280960
fuzzydedup,6,2,enron_full_057268,exact_ref,5078.817,1,0,98043,6275072
fuzzydedup,5,2,enron_full_057321,no_exact_ref,932.284,0,6,12599,806336
fuzzydedup,6,2,enron_full_057321,no_exact_ref,1903.422,0,7,15381,984384
fuzzydedup,4,2,enron_full_057321,no_exact_ref,854.655,0,5,10047,643008
fuzzydedup,6,2,enron_full_057826,no_exact_ref,942.907,0,7,17182,1099648
fuzzydedup,4,2,enron_full_057826,no_exact_ref,792.554,0,5,11364,727296
fuzzydedup,5,2,enron_full_057826,no_exact_ref,1101.236,0,6,14232,910848
fuzzydedup,4,2,enron_full_058046,exact_ref,4006.767,1,0,59393,3801344
fuzzydedup,5,2,enron_full_058046,exact_ref,4391.967,1,0,75154,4810048
fuzzydedup,6,2,enron_full_058046,exact_ref,4950.917,1,0,91065,5828352
fuzzydedup,5,2,enron_full_058254,exact_ref,1823.260,1,0,39069,2500608
fuzzydedup,6,2,enron_full_058254,exact_ref,2136.737,1,0,43671,2795136
fuzzydedup,4,2,enron_full_058254,exact_ref,1802.391,1,0,33421,2139136
fuzzydedup,6,2,enron_full_058415,no_exact_ref,5617.063,0,7,148499,9503936
fuzzydedup,4,2,enron_full_058415,no_exact_ref,5255.097,0,5,105124,6727936
fuzzydedup,5,2,enron_full_058415,no_exact_ref,5273.929,0,6,126879,8120256
fuzzydedup,4,2,enron_full_059797,exact_ref,4106.226,1,0,55017,3521280
fuzzydedup,5,2,enron_full_059797,exact_ref,5222.840,1,0,70278,4497984
fuzzydedup,6,2,enron_full_059797,exact_ref,4360.162,1,0,86039,5506688
fuzzydedup,5,2,enron_full_060370,exact_ref,2724.508,1,0,50024,3201728
fuzzydedup,6,2,enron_full_060370,exact_ref,2669.080,1,0,56246,3599936
fuzzydedup,4,2,enron_full_060370,exact_ref,1946.744,1,0,42594,2726208
fuzzydedup,6,2,enron_full_060846,exact_ref,3512.094,1,0,81853,5238784
fuzzydedup,4,2,enron_full_060846,exact_ref,3652.973,1,0,59364,3799488
fuzzydedup,5,2,enron_full_060846,exact_ref,3434.651,1,0,71171,4555136
fuzzydedup,4,2,enron_full_062151,exact_ref,2616.013,1,0,47221,3022336
fuzzydedup,5,2,enron_full_062151,exact_ref,2759.858,1,0,55779,3570048
fuzzydedup,6,2,enron_full_062151,exact_ref,3202.183,1,0,63209,4045568
fuzzydedup,5,2,enron_full_062439,exact_ref,2718.473,1,0,55774,3569728
fuzzydedup,6,2,enron_full_062439,exact_ref,2992.910,1,0,63204,4045248
fuzzydedup,4,2,enron_full_062439,exact_ref,2538.925,1,0,47216,3022016
fuzzydedup,6,2,enron_full_063833,exact_ref,4942.133,1,0,91007,5824640
fuzzydedup,4,2,enron_full_063833,exact_ref,3708.164,1,0,59335,3797632
fuzzydedup,5,2,enron_full_063833,exact_ref,4515.346,1,0,75096,4806336
fuzzydedup,4,2,enron_full_063839,exact_ref,3620.823,1,0,61995,3967872
fuzzydedup,5,2,enron_full_063839,exact_ref,4670.639,1,0,77906,4986176
fuzzydedup,6,2,enron_full_063839,exact_ref,5282.726,1,0,94125,6024192
fuzzydedup,5,2,enron_full_064172,exact_ref,2868.016,1,0,55844,3574208
fuzzydedup,6,2,enron_full_064172,exact_ref,3108.944,1,0,63274,4049728
fuzzydedup,4,2,enron_full_064172,exact_ref,2505.215,1,0,47286,3026496
fuzzydedup,6,2,enron_full_064231,exact_ref,1221.938,1,0,21769,1393408
fuzzydedup,4,2,enron_full_064231,exact_ref,973.528,1,0,17565,1124352
fuzzydedup,5,2,enron_full_064231,exact_ref,924.198,1,0,19954,1277248
fuzzydedup,4,2,enron_full_064607,exact_ref,3954.052,1,0,65133,4168704
fuzzydedup,5,2,enron_full_064607,exact_ref,5337.625,1,0,81540,5218752
fuzzydedup,6,2,enron_full_064607,exact_ref,4927.563,1,0,97512,6240960
fuzzydedup,5,2,enron_full_065332,exact_ref,3152.023,1,0,61468,3934144
fuzzydedup,6,2,enron_full_065332,exact_ref,3697.736,1,0,70026,4481856
fuzzydedup,4,2,enron_full_065332,exact_ref,2517.592,1,0,51882,3320640
fuzzydedup,6,2,enron_full_065814,exact_ref,1302.985,1,0,31719,2030208
fuzzydedup,4,2,enron_full_065814,exact_ref,1209.623,1,0,25288,1618624
fuzzydedup,5,2,enron_full_065814,exact_ref,1544.655,1,0,28771,1841536
fuzzydedup,4,2,enron_full_066742,no_exact_ref,6462.320,0,5,137769,8817216
fuzzydedup,5,2,enron_full_066742,no_exact_ref,8247.615,0,6,164996,10559744
fuzzydedup,6,2,enron_full_066742,no_exact_ref,8610.695,0,7,191555,12259520
fuzzydedup,5,2,enron_full_067365,exact_ref,2807.491,1,0,49651,3177856
fuzzydedup,6,2,enron_full_067365,exact_ref,2772.761,1,0,55873,3576064
fuzzydedup,4,2,enron_full_067365,exact_ref,2058.399,1,0,42221,2702336
fuzzydedup,6,2,enron_full_067727,exact_ref,2092.146,1,0,43416,2778816
fuzzydedup,4,2,enron_full_067727,exact_ref,1837.735,1,0,33166,2122816
fuzzydedup,5,2,enron_full_067727,exact_ref,1927.891,1,0,38814,2484288
fuzzydedup,4,2,enron_full_067752,exact_ref,4055.449,1,0,66266,4241216
fuzzydedup,5,2,enron_full_067752,exact_ref,4033.896,1,0,81774,5233728
fuzzydedup,6,2,enron_full_067752,exact_ref,5627.848,1,0,96157,6154240
fuzzydedup,5,2,enron_full_068258,no_exact_ref,7553.842,0,6,169489,10847296
fuzzydedup,6,2,enron_full_068258,no_exact_ref,8284.286,0,7,197034,12610176
fuzzydedup,4,2,enron_full_068258,no_exact_ref,6314.033,0,5,140955,9021120
fuzzydedup,6,2,enron_full_068541,no_exact_ref,3965.962,1,1,77105,4934912
fuzzydedup,4,2,enron_full_068541,no_exact_ref,3779.535,1,1,48900,3129792
fuzzydedup,5,2,enron_full_068541,no_exact_ref,3945.666,1,1,63283,4050304
fuzzydedup,4,2,enron_full_068714,no_exact_ref,1502.874,1,0,23645,1513472
fuzzydedup,5,2,enron_full_068714,no_exact_ref,2373.880,1,0,31097,1990400
fuzzydedup,6,2,enron_full_068714,no_exact_ref,2581.109,1,0,39343,2518144
fuzzydedup,5,2,enron_full_068948,no_exact_ref,5122.564,0,6,94423,6043072
fuzzydedup,6,2,enron_full_068948,no_exact_ref,4920.514,0,7,112816,7220224
fuzzydedup,4,2,enron_full_068948,no_exact_ref,3707.189,0,5,75858,4854912
fuzzydedup,6,2,enron_full_069168,exact_ref,5408.577,1,0,97638,6249024
fuzzydedup,4,2,enron_full_069168,exact_ref,5030.134,1,0,66133,4232704
fuzzydedup,5,2,enron_full_069168,exact_ref,4589.534,1,0,82105,5254912
fuzzydedup,4,2,enron_full_069488,no_exact_ref,6914.471,0,5,133491,8543424
fuzzydedup,5,2,enron_full_069488,no_exact_ref,7385.105,0,6,160514,10272896
fuzzydedup,6,2,enron_full_069488,no_exact_ref,8341.533,0,7,186103,11910720
fuzzydedup,5,2,enron_full_070382,no_exact_ref,9518.858,0,6,147636,9448704
fuzzydedup,6,2,enron_full_070382,no_exact_ref,8683.688,0,7,172289,11026496
fuzzydedup,4,2,enron_full_070382,no_exact_ref,5820.687,0,5,121972,7806208
fuzzydedup,6,2,enron_full_071706,exact_ref,4694.818,1,0,93842,6006080
fuzzydedup,4,2,enron_full_071706,exact_ref,3539.975,1,0,61712,3949760
fuzzydedup,5,2,enron_full_071706,exact_ref,4570.401,1,0,77623,4968064
fuzzydedup,4,2,enron_full_071944,exact_ref,3618.926,1,0,55198,3532864
fuzzydedup,5,2,enron_full_071944,exact_ref,3609.327,1,0,65880,4216512
fuzzydedup,6,2,enron_full_071944,exact_ref,3443.647,1,0,75466,4830016
fuzzydedup,5,2,enron_full_072801,exact_ref,601.597,1,0,10242,655680
fuzzydedup,6,2,enron_full_072801,exact_ref,328.518,1,0,10948,700864
fuzzydedup,4,2,enron_full_072801,exact_ref,742.800,1,0,9127,584320
fuzzydedup,6,2,enron_full_073237,exact_ref,4760.011,1,0,90508,5793088
fuzzydedup,4,2,enron_full_073237,exact_ref,3656.956,1,0,63338,4054208
fuzzydedup,5,2,enron_full_073237,exact_ref,3984.630,1,0,77160,4938816
fuzzydedup,4,2,enron_full_075726,exact_ref,2100.697,1,0,41997,2688000
fuzzydedup,5,2,enron_full_075726,exact_ref,2523.767,1,0,49427,3163520
fuzzydedup,6,2,enron_full_075726,exact_ref,2440.655,1,0,55649,3561728
fuzzydedup,5,2,enron_full_076089,exact_ref,3653.026,1,0,55348,3542464
fuzzydedup,6,2,enron_full_076089,exact_ref,3190.718,1,0,62778,4017984
fuzzydedup,4,2,enron_full_076089,exact_ref,2410.938,1,0,46790,2994752
fuzzydedup,6,2,enron_full_078045,no_exact_ref,8448.230,0,7,190614,12199296
fuzzydedup,4,2,enron_full_078045,no_exact_ref,6083.232,0,5,137103,8774592
fuzzydedup,5,2,enron_full_078045,no_exact_ref,6774.971,0,6,164671,10538944
fuzzydedup,4,2,enron_full_078949,exact_ref,2052.033,1,0,37681,2411776
fuzzydedup,5,2,enron_full_078949,exact_ref,2724.958,1,0,43903,2809984
fuzzydedup,6,2,enron_full_078949,exact_ref,2463.826,1,0,49551,3171456
fuzzydedup,5,2,enron_full_080332,no_exact_ref,4354.236,0,6,106088,6789632
fuzzydedup,6,2,enron_full_080332,no_exact_ref,5638.187,0,7,125079,8005056
fuzzydedup,4,2,enron_full_080332,no_exact_ref,3914.879,0,5,87103,5574592
fuzzydedup,6,2,enron_full_080731,exact_ref,4448.379,1,0,93435,5980480
fuzzydedup,4,2,enron_full_080731,exact_ref,3755.363,1,0,65230,4175040
fuzzydedup,5,2,enron_full_080731,exact_ref,4092.713,1,0,79613,5095552
fuzzydedup,4,2,enron_full_081565,exact_ref,4319.847,1,0,55219,3534208
fuzzydedup,5,2,enron_full_081565,exact_ref,4884.587,1,0,70480,4510912
fuzzydedup,6,2,enron_full_081565,exact_ref,4273.899,1,0,86241,5519616
fuzzydedup,5,2,enron_full_081601,exact_ref,3672.467,1,0,65841,4214016
fuzzydedup,6,2,enron_full_081601,exact_ref,3522.442,1,0,75427,4827520
fuzzydedup,4,2,enron_full_081601,exact_ref,2541.839,1,0,55159,3530368
fuzzydedup,6,2,enron_full_081707,exact_ref,1117.943,1,0,17713,1133824
fuzzydedup,4,2,enron_full_081707,exact_ref,1039.038,1,0,10555,675712
fuzzydedup,5,2,enron_full_081707,exact_ref,1054.972,1,0,13877,888320
fuzzydedup,4,2,enron_full_082681,no_exact_ref,4589.820,0,5,113227,7246528
fuzzydedup,5,2,enron_full_082681,no_exact_ref,5405.867,0,6,136629,8744256
fuzzydedup,6,2,enron_full_082681,no_exact_ref,8005.318,0,7,159258,10192512
fuzzydedup,5,2,enron_full_085442,exact_ref,4428.162,1,0,78021,4993536
fuzzydedup,6,2,enron_full_085442,exact_ref,4821.255,1,0,94240,6031552
fuzzydedup,4,2,enron_full_085442,exact_ref,3571.610,1,0,62110,3975232
fuzzydedup,6,2,enron_full_085751,exact_ref,4910.999,1,0,97872,6264000
fuzzydedup,4,2,enron_full_085751,exact_ref,3273.625,1,0,65493,4191744
fuzzydedup,5,2,enron_full_085751,exact_ref,4116.294,1,0,81900,5241792
fuzzydedup,4,2,enron_full_086327,no_exact_ref,3388.207,0,5,43095,2758144
fuzzydedup,5,2,enron_full_086327,no_exact_ref,2508.977,0,6,54223,3470336
fuzzydedup,6,2,enron_full_086327,no_exact_ref,2679.927,0,7,66020,4225344
fuzzydedup,5,2,enron_full_087697,no_exact_ref,1901.329,0,6,44800,2867200
fuzzydedup,6,2,enron_full_087697,no_exact_ref,2810.805,0,7,54205,3469120
fuzzydedup,4,2,enron_full_087697,no_exact_ref,1516.380,0,5,35794,2290816
fuzzydedup,6,2,enron_full_088138,exact_ref,4705.136,1,0,91174,5835328
fuzzydedup,4,2,enron_full_088138,exact_ref,3688.325,1,0,59502,3808320
fuzzydedup,5,2,enron_full_088138,exact_ref,3879.659,1,0,75263,4817024
fuzzydedup,4,2,enron_full_088307,exact_ref,1275.756,1,0,25421,1627136
fuzzydedup,5,2,enron_full_088307,exact_ref,1352.984,1,0,28904,1850048
fuzzydedup,6,2,enron_full_088307,exact_ref,1350.801,1,0,31852,2038720
fuzzydedup,5,2,enron_full_088336,exact_ref,3078.095,1,0,57043,3650944
fuzzydedup,6,2,enron_full_088336,exact_ref,4447.873,1,0,71240,4559552
fuzzydedup,4,2,enron_full_088336,exact_ref,2654.201,1,0,43714,2797888
fuzzydedup,6,2,enron_full_089344,exact_ref,4802.763,1,0,98153,6281984
fuzzydedup,4,2,enron_full_089344,exact_ref,3579.558,1,0,67112,4295360
fuzzydedup,5,2,enron_full_089344,exact_ref,4627.628,1,0,82645,5289472
fuzzydedup,4,2,enron_full_089451,exact_ref,2269.291,1,0,38333,2453504
fuzzydedup,5,2,enron_full_089451,exact_ref,2301.797,1,0,44555,2851712
fuzzydedup,6,2,enron_full_089451,exact_ref,2340.151,1,0,50203,3213184
fuzzydedup,5,2,enron_full_090248,exact_ref,5179.026,1,0,82655,5290112
fuzzydedup,6,2,enron_full_090248,exact_ref,6488.383,1,0,98163,6282816
fuzzydedup,4,2,enron_full_090248,exact_ref,4162.129,1,0,67122,4296000
fuzzydedup,6,2,enron_full_091044,exact_ref,5361.230,1,0,98389,6297088
fuzzydedup,4,2,enron_full_091044,exact_ref,4090.429,1,0,66884,4280768
fuzzydedup,5,2,enron_full_091044,exact_ref,4361.103,1,0,82856,5302976
fuzzydedup,4,2,enron_full_091307,exact_ref,2735.077,1,4,34650,2235392
fuzzydedup,5,2,enron_full_091307,exact_ref,2650.268,1,4,50869,3281792
fuzzydedup,6,2,enron_full_091307,exact_ref,2397.128,1,6,37878,2436288
fuzzydedup,5,2,enron_full_092251,no_exact_ref,6373.877,0,6,95188,6092032
fuzzydedup,6,2,enron_full_092251,no_exact_ref,4661.162,0,7,112519,7201216
fuzzydedup,4,2,enron_full_092251,no_exact_ref,3244.773,0,5,77883,4984512
fuzzydedup,6,2,enron_full_092316,no_exact_ref,7251.800,0,7,169255,10832320
fuzzydedup,4,2,enron_full_092316,no_exact_ref,5410.624,0,5,120641,7721024
fuzzydedup,5,2,enron_full_092316,no_exact_ref,5912.099,0,6,145606,9318784
fuzzydedup,4,2,enron_full_092765,no_exact_ref,4682.622,0,5,77883,4984512
fuzzydedup,5,2,enron_full_092765,no_exact_ref,4926.906,0,6,95188,6092032
fuzzydedup,6,2,enron_full_092765,no_exact_ref,4209.105,0,7,112519,7201216
fuzzydedup,5,2,enron_full_093576,no_exact_ref,7367.986,0,6,154598,9894272
fuzzydedup,6,2,enron_full_093576,no_exact_ref,8019.511,0,7,180015,11520960
fuzzydedup,4,2,enron_full_093576,no_exact_ref,9062.365,0,5,128135,8200640
fuzzydedup,6,2,enron_full_094577,exact_ref,1435.701,1,0,6280,402176
fuzzydedup,4,2,enron_full_094577,exact_ref,811.746,1,0,3790,242752
fuzzydedup,5,2,enron_full_094577,exact_ref,819.897,1,0,4942,316544
fuzzydedup,4,2,enron_full_094590,no_exact_ref,7062.192,0,5,139516,8929024
fuzzydedup,5,2,enron_full_094590,no_exact_ref,7332.682,0,6,168125,10760000
fuzzydedup,6,2,enron_full_094590,no_exact_ref,7815.315,0,7,194644,12457280
fuzzydedup,5,2,enron_full_094757,no_exact_ref,6854.833,0,6,159592,10213888
fuzzydedup,6,2,enron_full_094757,no_exact_ref,8983.293,0,7,184939,11836096
fuzzydedup,4,2,enron_full_094757,no_exact_ref,5737.753,0,5,132999,8511936
fuzzydedup,6,2,enron_full_095403,exact_ref,5495.149,1,0,96153,6153984
fuzzydedup,4,2,enron_full_095403,exact_ref,4035.954,1,0,64648,4137664
fuzzydedup,5,2,enron_full_095403,exact_ref,4134.877,1,0,80620,5159872
fuzzydedup,4,2,enron_full_096327,exact_ref,1052.665,1,0,9560,612032
fuzzydedup,5,2,enron_full_096327,exact_ref,1112.720,1,0,12587,805760
fuzzydedup,6,2,enron_full_096327,exact_ref,1127.379,1,0,15909,1018368
fuzzydedup,5,2,enron_full_096329,exact_ref,5169.850,1,0,43040,2754752
fuzzydedup,6,2,enron_full_096329,exact_ref,3491.061,1,0,54091,3462016
fuzzydedup,4,2,enron_full_096329,exact_ref,2204.681,1,0,32984,2111168
fuzzydedup,6,2,enron_full_098210,exact_ref,1458.782,1,0,25529,1634048
fuzzydedup,4,2,enron_full_098210,exact_ref,1260.668,1,0,20192,1292480
fuzzydedup,5,2,enron_full_098210,exact_ref,1377.960,1,0,23140,1481152
fuzzydedup,4,2,enron_full_098535,exact_ref,4059.046,1,0,63471,4062336
fuzzydedup,5,2,enron_full_098535,exact_ref,4753.443,1,0,79878,5112384
fuzzydedup,6,2,enron_full_098535,exact_ref,4574.715,1,0,95850,6134592
fuzzydedup,5,2,enron_full_098599,exact_ref,4166.388,1,0,78020,4993472
fuzzydedup,6,2,enron_full_098599,exact_ref,7215.652,1,0,94427,6043520
fuzzydedup,4,2,enron_full_098599,exact_ref,3674.038,1,0,61801,3955456
fuzzydedup,6,2,enron_full_098973,exact_ref,4280.958,1,0,88591,5670016
fuzzydedup,4,2,enron_full_098973,exact_ref,3983.487,1,0,61421,3931136
fuzzydedup,5,2,enron_full_098973,exact_ref,4167.180,1,0,75243,4815744
fuzzydedup,4,2,enron_full_099013,exact_ref,3777.730,1,0,64595,4134272
fuzzydedup,5,2,enron_full_099013,exact_ref,4210.935,1,0,78978,5054784
fuzzydedup,6,2,enron_full_099013,exact_ref,6125.273,1,0,92800,5939456
fuzzydedup,5,2,enron_full_099531,exact_ref,5072.545,1,0,78513,5025024
fuzzydedup,6,2,enron_full_099531,exact_ref,4849.499,1,0,94732,6063040
fuzzydedup,4,2,enron_full_099531,exact_ref,3838.323,1,0,62602,4006720
fuzzydedup,6,2,enron_full_100323,exact_ref,5221.805,1,0,97071,6221696
fuzzydedup,4,2,enron_full_100323,exact_ref,3997.496,1,0,67180,4302784
fuzzydedup,5,2,enron_full_100323,exact_ref,3854.017,1,0,82688,5297792
fuzzydedup,4,2,enron_full_100466,exact_ref,4163.575,1,0,67790,4338752
fuzzydedup,5,2,enron_full_100466,exact_ref,6236.714,1,0,83323,5332864
fuzzydedup,6,2,enron_full_100466,exact_ref,4895.149,1,0,98831,6325376
fuzzydedup,5,2,enron_full_101174,exact_ref,4524.115,1,0,80756,5168576
fuzzydedup,6,2,enron_full_101174,exact_ref,5332.112,1,0,97163,6218624
fuzzydedup,4,2,enron_full_101174,exact_ref,3907.076,1,0,64537,4130560
fuzzydedup,6,2,enron_full_101274,exact_ref,2932.601,1,0,59345,3798272
fuzzydedup,4,2,enron_full_101274,exact_ref,1788.472,1,0,36600,2342592
fuzzydedup,5,2,enron_full_101274,exact_ref,2707.638,1,0,47651,3049856
fuzzydedup,4,2,enron_full_102532,exact_ref,5844.280,1,0,67683,4331904
fuzzydedup,5,2,enron_full_102532,exact_ref,4680.271,1,0,83216,5326016
fuzzydedup,6,2,enron_full_102532,exact_ref,6030.050,1,0,98724,6318528
fuzzydedup,5,2,enron_full_102695,exact_ref,4612.106,1,0,83462,5341760
fuzzydedup,6,2,enron_full_102695,exact_ref,5159.231,1,0,98995,6335872
fuzzydedup,4,2,enron_full_102695,exact_ref,3708.563,1,0,67490,4319552
fuzzydedup,6,2,enron_full_102774,exact_ref,2579.519,1,0,44088,2821824
fuzzydedup,4,2,enron_full_102774,exact_ref,2096.534,1,0,26397,1689600
fuzzydedup,5,2,enron_full_102774,exact_ref,2176.600,1,0,34643,2217344
fuzzydedup,4,2,enron_full_103426,exact_ref,4211.269,1,0,67610,4327232
fuzzydedup,5,2,enron_full_103426,exact_ref,4116.057,1,0,83118,5319744
fuzzydedup,6,2,enron_full_103426,exact_ref,5976.601,1,0,97501,6240256
fuzzydedup,5,2,enron_full_103581,exact_ref,2930.497,1,0,56677,3627520
fuzzydedup,6,2,enron_full_103581,exact_ref,3102.370,1,0,64107,4103040
fuzzydedup,4,2,enron_full_103581,exact_ref,2404.214,1,0,48119,3079808
fuzzydedup,6,2,enron_full_104396,no_exact_ref,5113.422,0,7,137129,8776256
fuzzydedup,4,2,enron_full_104396,no_exact_ref,4039.927,0,5,95838,6133632
fuzzydedup,5,2,enron_full_104396,no_exact_ref,4645.040,0,6,116994,7487616
fuzzydedup,4,2,enron_full_104402,exact_ref,3371.523,1,0,59423,3803264
fuzzydedup,5,2,enron_full_104402,exact_ref,3595.501,1,0,72771,4657536
fuzzydedup,6,2,enron_full_104402,exact_ref,4980.952,1,0,84578,5413184
fuzzydedup,5,2,enron_full_104423,no_exact_ref,4001.836,0,6,95188,6092032
fuzzydedup,6,2,enron_full_104423,no_exact_ref,4197.928,0,7,112519,7201216
fuzzydedup,4,2,enron_full_104423,no_exact_ref,3044.026,0,5,77883,4984512
fuzzydedup,6,2,enron_full_104598,exact_ref,3963.557,1,0,84589,5413888
fuzzydedup,4,2,enron_full_104598,exact_ref,3381.536,1,0,59434,3803968
fuzzydedup,5,2,enron_full_104598,exact_ref,3689.553,1,0,72782,4658240
fuzzydedup,4,2,enron_full_105565,exact_ref,2874.392,1,0,56408,3610304
fuzzydedup,5,2,enron_full_105565,exact_ref,3063.428,1,0,67090,4293952
fuzzydedup,6,2,enron_full_105565,exact_ref,4912.584,1,0,76676,4907456
fuzzydedup,5,2,enron_full_105930,exact_ref,4083.071,1,0,78318,5012544
fuzzydedup,6,2,enron_full_105930,exact_ref,4209.080,1,0,91666,5866816
fuzzydedup,4,2,enron_full_105930,exact_ref,3660.886,1,0,64496,4127936
fuzzydedup,6,2,enron_full_106126,exact_ref,3983.179,1,0,76646,4905920
fuzzydedup,4,2,enron_full_106126,exact_ref,3741.172,1,0,56378,3608576
fuzzydedup,5,2,enron_full_106126,exact_ref,3020.512,1,0,67060,4292416
fuzzydedup,4,2,enron_full_106135,exact_ref,2383.457,1,0,48055,3075712
fuzzydedup,5,2,enron_full_106135,exact_ref,3357.841,1,0,56613,3623424
fuzzydedup,6,2,enron_full_106135,exact_ref,3986.452,1,0,64043,4098944
fuzzydedup,5,2,enron_full_108529,exact_ref,3272.730,1,0,57266,3665216
fuzzydedup,6,2,enron_full_108529,exact_ref,3437.267,1,0,71463,4573824
fuzzydedup,4,2,enron_full_108529,exact_ref,2570.601,1,0,43937,2812160
fuzzydedup,6,2,enron_full_108654,exact_ref,5280.392,1,0,97024,6209728
fuzzydedup,4,2,enron_full_108654,exact_ref,5138.937,1,0,64398,4121664
fuzzydedup,5,2,enron_full_108654,exact_ref,4166.017,1,0,80617,5159680
fuzzydedup,4,2,enron_full_108933,exact_ref,3816.773,1,0,64410,4122624
fuzzydedup,5,2,enron_full_108933,exact_ref,5395.100,1,0,78232,5007232
fuzzydedup,6,2,enron_full_108933,exact_ref,4363.760,1,0,91580,5861504
fuzzydedup,5,2,enron_full_108996,exact_ref,2040.581,1,0,39463,2525824
fuzzydedup,6,2,enron_full_108996,exact_ref,2034.462,1,0,44065,2820352
fuzzydedup,4,2,enron_full_108996,exact_ref,1824.837,1,0,33815,2164352
fuzzydedup,6,2,enron_full_109605,exact_ref,4905.177,1,0,98408,6298304
fuzzydedup,4,2,enron_full_109605,exact_ref,5014.817,1,0,66029,4226048
fuzzydedup,5,2,enron_full_109605,exact_ref,4416.652,1,0,82436,5276096
fuzzydedup,4,2,enron_full_110370,exact_ref,4040.141,1,0,56201,3597056
fuzzydedup,5,2,enron_full_110370,exact_ref,5328.986,1,0,71462,4573760
fuzzydedup,6,2,enron_full_110370,exact_ref,4493.217,1,0,87223,5582464
fuzzydedup,5,2,enron_full_111197,no_exact_ref,7164.945,0,6,169489,10847296
fuzzydedup,6,2,enron_full_111197,no_exact_ref,9505.453,0,7,197034,12610176
fuzzydedup,4,2,enron_full_111197,no_exact_ref,5987.333,0,5,140955,9021120
fuzzydedup,6,2,enron_full_111665,exact_ref,5857.859,1,0,91540,5858752
fuzzydedup,4,2,enron_full_111665,exact_ref,3991.963,1,0,59868,3831744
fuzzydedup,5,2,enron_full_111665,exact_ref,3763.051,1,0,75629,4840448
fuzzydedup,4,2,enron_full_111904,exact_ref,3586.816,1,0,67519,4321408
fuzzydedup,5,2,enron_full_111904,exact_ref,5519.268,1,0,83052,5315520
fuzzydedup,6,2,enron_full_111904,exact_ref,6024.474,1,0,98560,6308032
fuzzydedup,5,2,enron_full_112694,exact_ref,3720.153,1,0,72448,4636864
fuzzydedup,6,2,enron_full_112694,exact_ref,3937.138,1,0,83130,5320512
fuzzydedup,4,2,enron_full_112694,exact_ref,3353.612,1,0,60641,3881216
fuzzydedup,6,2,enron_full_113971,exact_ref,996.270,1,0,13652,873920
fuzzydedup,4,2,enron_full_113971,exact_ref,938.779,1,0,10995,703872
fuzzydedup,5,2,enron_full_113971,exact_ref,902.597,1,0,12537,802560
fuzzydedup,4,2,enron_full_114650,exact_ref,1989.912,1,0,39890,2553152
fuzzydedup,5,2,enron_full_114650,exact_ref,1755.377,1,0,45538,2914624
fuzzydedup,6,2,enron_full_114650,exact_ref,1952.241,1,0,50140,3209152
fuzzydedup,5,2,enron_full_115626,no_exact_ref,6451.571,0,6,164671,10538944
fuzzydedup,6,2,enron_full_115626,no_exact_ref,8695.184,0,7,190614,12199296
fuzzydedup,4,2,enron_full_115626,no_exact_ref,5844.611,0,5,137103,8774592
fuzzydedup,6,2,enron_full_116065,exact_ref,1840.196,1,0,32316,2068416
fuzzydedup,4,2,enron_full_116065,exact_ref,1498.669,1,0,25885,1656832
fuzzydedup,5,2,enron_full_116065,exact_ref,1631.915,1,0,29368,1879744
fuzzydedup,4,2,enron_full_116692,exact_ref,1517.631,1,0,25858,1655104
fuzzydedup,5,2,enron_full_116692,exact_ref,1502.988,1,0,29341,1878016
fuzzydedup,6,2,enron_full_116692,exact_ref,1536.163,1,0,32289,2066688
fuzzydedup,5,2,enron_full_117087,exact_ref,2589.137,1,0,56875,3640192
fuzzydedup,6,2,enron_full_117087,exact_ref,2853.578,1,0,64305,4115712
fuzzydedup,4,2,enron_full_117087,exact_ref,2617.188,1,0,48317,3092480
fuzzydedup,6,2,enron_full_117441,exact_ref,5540.224,1,0,92008,5888704
fuzzydedup,4,2,enron_full_117441,exact_ref,3722.401,1,0,64838,4149824
fuzzydedup,5,2,enron_full_117441,exact_ref,3596.786,1,0,78660,5034432
fuzzydedup,4,2,enron_full_117988,exact_ref,2720.042,1,0,48302,3091520
fuzzydedup,5,2,enron_full_117988,exact_ref,2790.860,1,0,56860,3639232
fuzzydedup,6,2,enron_full_117988,exact_ref,3331.512,1,0,64290,4114752
fuzzydedup,5,2,enron_full_118247,exact_ref,1040.087,1,0,16453,1053184
fuzzydedup,6,2,enron_full_118247,exact_ref,951.588,1,0,17995,1151872
fuzzydedup,4,2,enron_full_118247,exact_ref,838.429,1,0,14638,937024
fuzzydedup,6,2,enron_full_118573,exact_ref,2969.088,1,0,64321,4116736
fuzzydedup,4,2,enron_full_118573,exact_ref,2398.546,1,0,48333,3093504
fuzzydedup,5,2,enron_full_118573,exact_ref,2637.485,1,0,56891,3641216
fuzzydedup,4,2,enron_full_119068,exact_ref,2181.567,1,0,38930,2491712
fuzzydedup,5,2,enron_full_119068,exact_ref,3435.839,1,0,45152,2889920
fuzzydedup,6,2,enron_full_119068,exact_ref,2747.041,1,0,50800,3251392
fuzzydedup,5,2,enron_full_119674,no_exact_ref,6340.357,0,6,147636,9448704
fuzzydedup,6,2,enron_full_119674,no_exact_ref,8928.950,0,7,172289,11026496
fuzzydedup,4,2,enron_full_119674,no_exact_ref,5440.424,0,5,121972,7806208
fuzzydedup,6,2,enron_full_119896,no_exact_ref,6356.061,0,7,153889,9850432
fuzzydedup,4,2,enron_full_119896,no_exact_ref,6686.940,0,5,107991,6911552
fuzzydedup,5,2,enron_full_119896,no_exact_ref,6451.997,0,6,131204,8397696
fuzzydedup,4,2,enron_full_120534,exact_ref,4205.323,1,0,60799,3891328
fuzzydedup,5,2,enron_full_120534,exact_ref,3555.153,1,0,72606,4646976
fuzzydedup,6,2,enron_full_120534,exact_ref,3443.116,1,0,83288,5330624
fuzzydedup,5,2,enron_full_120641,exact_ref,2730.885,1,0,67774,4337728
fuzzydedup,6,2,enron_full_120641,exact_ref,3068.438,1,0,77360,4951232
fuzzydedup,4,2,enron_full_120641,exact_ref,2692.567,1,0,57092,3654080
fuzzydedup,6,2,enron_full_120822,exact_ref,352.083,1,0,5006,320576
fuzzydedup,4,2,enron_full_120822,exact_ref,162.571,1,0,4350,278592
fuzzydedup,5,2,enron_full_120822,exact_ref,144.075,1,0,4730,302912
fuzzydedup,4,2,enron_full_121175,exact_ref,2461.665,1,0,34228,2190848
fuzzydedup,5,2,enron_full_121175,exact_ref,2344.236,1,0,39876,2552320
fuzzydedup,6,2,enron_full_121175,exact_ref,2105.040,1,0,44478,2846848
fuzzydedup,5,2,enron_full_122290,no_exact_ref,8418.395,0,6,168125,10760000
fuzzydedup,6,2,enron_full_122290,no_exact_ref,8445.661,0,7,194644,12457280
fuzzydedup,4,2,enron_full_122290,no_exact_ref,6214.660,0,5,139516,8929024
fuzzydedup,6,2,enron_full_122402,no_exact_ref,5316.304,0,7,102455,6557120
fuzzydedup,4,2,enron_full_122402,no_exact_ref,4472.969,0,5,69400,4441600
fuzzydedup,5,2,enron_full_122402,no_exact_ref,3958.181,0,6,85290,5458560
fuzzydedup,4,2,enron_full_123831,exact_ref,2742.985,1,0,34342,2198080
fuzzydedup,5,2,enron_full_123831,exact_ref,2833.181,1,0,39990,2559552
fuzzydedup,6,2,enron_full_123831,exact_ref,2111.687,1,0,44592,2854080
fuzzydedup,5,2,enron_full_124264,exact_ref,3042.193,1,0,52331,3349376
fuzzydedup,6,2,enron_full_124264,exact_ref,3325.136,1,0,65660,4202432
fuzzydedup,4,2,enron_full_124264,exact_ref,2524.353,1,0,40637,2600960
fuzzydedup,6,2,enron_full_124451,exact_ref,4338.960,1,0,92372,5912000
fuzzydedup,4,2,enron_full_124451,exact_ref,3673.781,1,0,65202,4173120
fuzzydedup,5,2,enron_full_124451,exact_ref,4117.434,1,0,79024,5057728
fuzzydedup,4,2,enron_full_126518,exact_ref,1982.755,1,0,34292,2194880
fuzzydedup,5,2,enron_full_126518,exact_ref,2046.094,1,0,39940,2556352
fuzzydedup,6,2,enron_full_126518,exact_ref,2506.414,1,0,44542,2850880
fuzzydedup,5,2,enron_full_128013,no_exact_ref,7240.734,0,6,160514,10272896
fuzzydedup,6,2,enron_full_128013,no_exact_ref,8038.797,0,7,186103,11910592
fuzzydedup,4,2,enron_full_128013,no_exact_ref,6402.942,0,5,133491,8543424
fuzzydedup,6,2,enron_full_128290,no_exact_ref,7502.029,0,7,144058,9219712
fuzzydedup,4,2,enron_full_128290,no_exact_ref,5796.135,0,5,100182,6411648
fuzzydedup,5,2,enron_full_128290,no_exact_ref,6064.659,0,6,122217,7821888
fuzzydedup,4,2,enron_full_128461,exact_ref,3352.954,1,0,48384,3096768
fuzzydedup,5,2,enron_full_128461,exact_ref,4430.472,1,0,62581,4005376
fuzzydedup,6,2,enron_full_128461,exact_ref,4972.507,1,0,77293,4946944
fuzzydedup,5,2,enron_full_129750,exact_ref,5291.124,1,0,81800,5235392
fuzzydedup,6,2,enron_full_129750,exact_ref,4450.082,1,0,95622,6120000
fuzzydedup,4,2,enron_full_129750,exact_ref,3606.722,1,0,67417,4314880
fuzzydedup,6,2,enron_full_129922,exact_ref,4287.920,1,0,88284,5650368
fuzzydedup,4,2,enron_full_129922,exact_ref,3505.017,1,0,63129,4040448
fuzzydedup,5,2,enron_full_129922,exact_ref,3953.018,1,0,76477,4894720
fuzzydedup,4,2,enron_full_129965,exact_ref,1092.535,1,0,9540,610752
fuzzydedup,5,2,enron_full_129965,exact_ref,631.123,1,0,10655,682112
fuzzydedup,6,2,enron_full_129965,exact_ref,460.928,1,0,11361,727296
fuzzydedup,5,2,enron_full_130406,exact_ref,3872.911,1,0,67918,4346944
fuzzydedup,6,2,enron_full_130406,exact_ref,3394.377,1,0,77504,4960448
fuzzydedup,4,2,enron_full_130406,exact_ref,2700.248,1,0,57236,3663296
fuzzydedup,6,2,enron_full_130557,exact_ref,569.698,1,0,7098,454464
fuzzydedup,4,2,enron_full_130557,exact_ref,635.462,1,0,4341,278016
fuzzydedup,5,2,enron_full_130557,exact_ref,681.883,1,0,5679,363648
fuzzydedup,4,2,enron_full_130818,exact_ref,3647.110,1,0,67479,4318848
fuzzydedup,5,2,enron_full_130818,exact_ref,3747.446,1,0,81862,5239360
fuzzydedup,6,2,enron_full_130818,exact_ref,4456.936,1,0,95684,6123968
fuzzydedup,5,2,enron_full_131990,exact_ref,3363.108,1,0,57592,3686080
fuzzydedup,6,2,enron_full_131990,exact_ref,3547.017,1,0,71789,4594688
fuzzydedup,4,2,enron_full_131990,exact_ref,3796.737,1,0,44263,2833024
fuzzydedup,6,2,enron_full_132971,exact_ref,1592.037,1,0,20016,1281216
fuzzydedup,4,2,enron_full_132971,exact_ref,1025.402,1,0,11984,767168
fuzzydedup,5,2,enron_full_132971,exact_ref,1097.978,1,0,15820,1012672
fuzzydedup,4,2,enron_full_133588,exact_ref,3846.287,1,0,65120,4167872
fuzzydedup,5,2,enron_full_133588,exact_ref,4005.045,1,0,78942,5052480
fuzzydedup,6,2,enron_full_133588,exact_ref,4047.460,1,0,92290,5906752
fuzzydedup,5,2,enron_full_133819,exact_ref,2409.024,1,0,39134,2504768
fuzzydedup,6,2,enron_full_133819,exact_ref,2708.202,1,0,49190,3148352
fuzzydedup,4,2,enron_full_133819,exact_ref,2247.331,1,0,29689,1900288
fuzzydedup,6,2,enron_full_134727,no_exact_ref,8225.492,0,7,184939,11836096
fuzzydedup,4,2,enron_full_134727,no_exact_ref,6891.790,0,5,132999,8511936
fuzzydedup,5,2,enron_full_134727,no_exact_ref,6431.756,0,6,159592,10213888
fuzzydedup,4,2,enron_full_136330,exact_ref,858.900,1,0,9600,614592
fuzzydedup,5,2,enron_full_136330,exact_ref,511.645,1,0,10715,685952
fuzzydedup,6,2,enron_full_136330,exact_ref,322.176,1,0,11421,731136
fuzzydedup,5,2,enron_full_137531,exact_ref,2799.958,1,0,51537,3298560
fuzzydedup,6,2,enron_full_137531,exact_ref,2513.845,1,0,57759,3696768
fuzzydedup,4,2,enron_full_137531,exact_ref,2246.765,1,0,44107,2823040
fuzzydedup,6,2,enron_full_137711,exact_ref,5326.087,1,0,99402,6361920
fuzzydedup,4,2,enron_full_137711,exact_ref,3958.411,1,0,67023,4289664
fuzzydedup,5,2,enron_full_137711,exact_ref,6089.145,1,0,83430,5339712
fuzzydedup,4,2,enron_full_139013,no_exact_ref,6505.695,0,5,133491,8543424
fuzzydedup,5,2,enron_full_139013,no_exact_ref,6449.552,0,6,160514,10272896
fuzzydedup,6,2,enron_full_139013,no_exact_ref,7765.412,0,7,186103,11910592
fuzzydedup,5,2,enron_full_139188,exact_ref,1674.175,1,0,27894,1785408
fuzzydedup,6,2,enron_full_139188,exact_ref,1612.020,1,0,30842,1974080
fuzzydedup,4,2,enron_full_139188,exact_ref,1443.009,1,0,24411,1562496
fuzzydedup,6,2,enron_full_139197,exact_ref,1651.345,1,0,32087,2053760
fuzzydedup,4,2,enron_full_139197,exact_ref,1711.442,1,0,19233,1231104
fuzzydedup,5,2,enron_full_139197,exact_ref,2212.581,1,0,25313,1620224
fuzzydedup,4,2,enron_full_139486,exact_ref,3927.143,1,0,61249,3920128
fuzzydedup,5,2,enron_full_139486,exact_ref,3524.971,1,0,73056,4675776
fuzzydedup,6,2,enron_full_139486,exact_ref,3519.175,1,0,83738,5359424
fuzzydedup,5,2,enron_full_140225,no_exact_ref,6693.339,0,6,164996,10559808
fuzzydedup,6,2,enron_full_140225,no_exact_ref,8089.039,0,7,191555,12259840
fuzzydedup,4,2,enron_full_140225,no_exact_ref,6769.514,0,5,137769,8817216
fuzzydedup,6,2,enron_full_140420,exact_ref,2585.098,1,0,30665,1963392
fuzzydedup,4,2,enron_full_140420,exact_ref,1617.295,1,0,24234,1551168
fuzzydedup,5,2,enron_full_140420,exact_ref,2050.774,1,0,27717,1774464
fuzzydedup,4,2,enron_full_140552,exact_ref,1873.683,1,0,26356,1686976
fuzzydedup,5,2,enron_full_140552,exact_ref,1883.684,1,0,29839,1909888
fuzzydedup,6,2,enron_full_140552,exact_ref,1336.559,1,0,32787,2098560
fuzzydedup,5,2,enron_full_140885,exact_ref,3754.123,1,0,76451,4893056
fuzzydedup,6,2,enron_full_140885,exact_ref,4218.802,1,0,92362,5911360
fuzzydedup,4,2,enron_full_140885,exact_ref,3799.396,1,0,60690,3884352
fuzzydedup,6,2,enron_full_141161,no_exact_ref,147.984,0,7,1872,119808
fuzzydedup,4,2,enron_full_141161,no_exact_ref,48.980,0,5,1280,81920
fuzzydedup,5,2,enron_full_141161,no_exact_ref,51.594,0,6,1594,102016
fuzzydedup,4,2,enron_full_141985,exact_ref,2587.744,1,0,53565,3428352
fuzzydedup,5,2,enron_full_141985,exact_ref,2518.097,1,0,63151,4041856
fuzzydedup,6,2,enron_full_141985,exact_ref,3179.601,1,0,71709,4589568
fuzzydedup,5,2,enron_full_142230,exact_ref,1469.303,1,0,24953,1597184
fuzzydedup,6,2,enron_full_142230,exact_ref,2332.731,1,0,27342,1750080
fuzzydedup,4,2,enron_full_142230,exact_ref,1722.583,1,0,22005,1408512
fuzzydedup,6,2,enron_full_142612,exact_ref,5678.840,1,0,98422,6299200
fuzzydedup,4,2,enron_full_142612,exact_ref,3808.301,1,0,68531,4386176
fuzzydedup,5,2,enron_full_142612,exact_ref,3681.889,1,0,84039,5378688
fuzzydedup,4,2,enron_full_143076,exact_ref,2576.081,1,0,53572,3428800
fuzzydedup,5,2,enron_full_143076,exact_ref,2971.996,1,0,63158,4042304
fuzzydedup,6,2,enron_full_143076,exact_ref,2997.093,1,0,71716,4590016
fuzzydedup,5,2,enron_full_144720,no_exact_ref,210.032,0,6,2621,167872
fuzzydedup,6,2,enron_full_144720,no_exact_ref,182.215,0,7,3758,240704
fuzzydedup,4,2,enron_full_144720,no_exact_ref,106.829,0,5,1891,121024
fuzzydedup,6,2,enron_full_144759,no_exact_ref,7996.477,0,7,184939,11836096
fuzzydedup,4,2,enron_full_144759,no_exact_ref,6586.542,0,5,132999,8511936
fuzzydedup,5,2,enron_full_144759,no_exact_ref,6486.381,0,6,159592,10213888
fuzzydedup,4,2,enron_full_145061,exact_ref,2234.516,1,0,37029,2370048
fuzzydedup,5,2,enron_full_145061,exact_ref,2765.150,1,0,48080,3077312
fuzzydedup,6,2,enron_full_145061,exact_ref,3100.902,1,0,59774,3825728
fuzzydedup,5,2,enron_full_146696,exact_ref,2182.520,1,0,35118,2247744
fuzzydedup,6,2,enron_full_146696,exact_ref,2546.964,1,0,44563,2852224
fuzzydedup,4,2,enron_full_146696,exact_ref,2081.857,1,0,26872,1720000
fuzzydedup,6,2,enron_full_148007,exact_ref,2672.719,1,0,51597,3302400
fuzzydedup,4,2,enron_full_148007,exact_ref,3155.479,1,0,39727,2542720
fuzzydedup,5,2,enron_full_148007,exact_ref,2489.148,1,0,45949,2940928
fuzzydedup,4,2,enron_full_148315,exact_ref,2161.759,1,0,26889,1721088
fuzzydedup,5,2,enron_full_148315,exact_ref,2205.796,1,0,35135,2248832
fuzzydedup,6,2,enron_full_148315,exact_ref,2385.720,1,0,44580,2853312
fuzzydedup,5,2,enron_full_148338,exact_ref,4381.498,1,0,79599,5095232
fuzzydedup,6,2,enron_full_148338,exact_ref,4508.139,1,0,95818,6133248
fuzzydedup,4,2,enron_full_148338,exact_ref,3642.706,1,0,63688,4076928
fuzzydedup,6,2,enron_full_149174,exact_ref,3241.781,1,0,59808,3827904
fuzzydedup,4,2,enron_full_149174,exact_ref,2071.534,1,0,37063,2372224
fuzzydedup,5,2,enron_full_149174,exact_ref,2899.410,1,0,48114,3079488
fuzzydedup,4,2,enron_full_149842,exact_ref,4922.568,1,0,63877,4088448
fuzzydedup,5,2,enron_full_149842,exact_ref,3829.017,1,0,77225,4942720
fuzzydedup,6,2,enron_full_149842,exact_ref,3940.605,1,0,89032,5698368
fuzzydedup,5,2,enron_full_150562,exact_ref,3669.148,1,0,79572,5092800
fuzzydedup,6,2,enron_full_150562,exact_ref,3575.494,1,0,92920,5947072
fuzzydedup,4,2,enron_full_150562,exact_ref,3711.738,1,0,65750,4208192
fuzzydedup,6,2,enron_full_151773,no_exact_ref,5397.696,0,7,137129,8776256
fuzzydedup,4,2,enron_full_151773,no_exact_ref,3791.591,0,5,95838,6133632
fuzzydedup,5,2,enron_full_151773,no_exact_ref,6076.279,0,6,116994,7487616
fuzzydedup,4,2,enron_full_152307,exact_ref,3994.868,1,0,69138,4425024
fuzzydedup,5,2,enron_full_152307,exact_ref,4439.620,1,0,84671,5419136
fuzzydedup,6,2,enron_full_152307,exact_ref,4346.701,1,0,100179,6411648
fuzzydedup,5,2,enron_full_152987,exact_ref,170.134,1,0,3648,233664
fuzzydedup,6,2,enron_full_152987,exact_ref,625.555,1,0,4565,292352
fuzzydedup,4,2,enron_full_152987,exact_ref,71.827,1,0,2716,174016
fuzzydedup,6,2,enron_full_153167,exact_ref,3134.167,1,0,65403,4187520
fuzzydedup,4,2,enron_full_153167,exact_ref,2459.115,1,0,49415,3163456
fuzzydedup,5,2,enron_full_153167,exact_ref,2694.249,1,0,57973,3711872
fuzzydedup,4,2,enron_full_154125,no_exact_ref,1783.312,0,5,35794,2290816
fuzzydedup,5,2,enron_full_154125,no_exact_ref,1899.495,0,6,44800,2867264
fuzzydedup,6,2,enron_full_154125,no_exact_ref,2947.972,0,7,54205,3469248
fuzzydedup,5,2,enron_full_154648,no_exact_ref,7762.017,0,6,153267,9809088
fuzzydedup,6,2,enron_full_154648,no_exact_ref,6906.176,0,7,177736,11375104
fuzzydedup,4,2,enron_full_154648,no_exact_ref,5127.783,0,5,127462,8157568
fuzzydedup,6,2,enron_full_155829,exact_ref,5024.455,1,0,99802,6387520
fuzzydedup,4,2,enron_full_155829,exact_ref,3759.734,1,0,67423,4315264
fuzzydedup,5,2,enron_full_155829,exact_ref,4719.068,1,0,83830,5365312
fuzzydedup,4,2,enron_full_156626,exact_ref,4475.873,1,0,65928,4219584
fuzzydedup,5,2,enron_full_156626,exact_ref,4069.602,1,0,79750,5104192
fuzzydedup,6,2,enron_full_156626,exact_ref,4089.593,1,0,93098,5958464
fuzzydedup,5,2,enron_full_156811,exact_ref,2865.818,1,0,58036,3714496
fuzzydedup,6,2,enron_full_156811,exact_ref,3154.859,1,0,72233,4623104
fuzzydedup,4,2,enron_full_156811,exact_ref,2597.213,1,0,44707,2861440
fuzzydedup,6,2,enron_full_158640,exact_ref,672.472,1,0,9009,576768
fuzzydedup,4,2,enron_full_158640,exact_ref,286.240,1,0,7744,495808
fuzzydedup,5,2,enron_full_158640,exact_ref,285.478,1,0,8450,540992
fuzzydedup,4,2,enron_full_159222,exact_ref,3984.210,1,0,69227,4430720
fuzzydedup,5,2,enron_full_159222,exact_ref,4578.628,1,0,84760,5424832
fuzzydedup,6,2,enron_full_159222,exact_ref,6424.002,1,0,100268,6417344
fuzzydedup,5,2,enron_full_159570,exact_ref,4456.183,1,0,84482,5407040
fuzzydedup,6,2,enron_full_159570,exact_ref,4744.696,1,0,98865,6327552
fuzzydedup,4,2,enron_full_159570,exact_ref,3644.739,1,0,68974,4414528
fuzzydedup,6,2,enron_full_159687,exact_ref,4253.586,1,0,93420,5979456
fuzzydedup,4,2,enron_full_159687,exact_ref,3832.461,1,0,65215,4174336
fuzzydedup,5,2,enron_full_159687,exact_ref,4369.714,1,0,79598,5094848
fuzzydedup,4,2,enron_full_161067,exact_ref,884.297,1,0,10874,696128
fuzzydedup,5,2,enron_full_161067,exact_ref,618.233,1,0,11989,767488
fuzzydedup,6,2,enron_full_161067,exact_ref,344.852,1,0,12695,812672
fuzzydedup,5,2,enron_full_161301,exact_ref,972.544,1,0,21032,1346240
fuzzydedup,6,2,enron_full_161301,exact_ref,1587.577,1,0,22847,1462400
fuzzydedup,4,2,enron_full_161301,exact_ref,1302.040,1,0,18643,1193344
fuzzydedup,6,2,enron_full_161404,exact_ref,2272.300,1,0,25266,1617216
fuzzydedup,4,2,enron_full_161404,exact_ref,1054.066,1,0,14970,958272
fuzzydedup,5,2,enron_full_161404,exact_ref,1311.000,1,0,20206,1293376
fuzzydedup,4,2,enron_full_161839,no_exact_ref,241.898,0,5,5247,335808
fuzzydedup,5,2,enron_full_161839,no_exact_ref,750.096,0,6,6528,417792
fuzzydedup,6,2,enron_full_161839,no_exact_ref,780.982,0,7,8031,513984
fuzzydedup,5,2,enron_full_162338,exact_ref,3258.633,1,0,63172,4043200
fuzzydedup,6,2,enron_full_162338,exact_ref,4353.575,1,0,77884,4984768
fuzzydedup,4,2,enron_full_162338,exact_ref,2714.061,1,0,48975,3134592
fuzzydedup,6,2,enron_full_163700,no_exact_ref,7949.622,0,7,180015,11520960
fuzzydedup,4,2,enron_full_163700,no_exact_ref,5560.752,0,5,128135,8200640
fuzzydedup,5,2,enron_full_163700,no_exact_ref,8172.679,0,6,154598,9894272
fuzzydedup,4,2,enron_full_163994,exact_ref,3880.736,1,0,67206,4301376
fuzzydedup,5,2,enron_full_163994,exact_ref,3962.632,1,0,82967,5310080
fuzzydedup,6,2,enron_full_163994,exact_ref,4371.840,1,0,98878,6328448
fuzzydedup,5,2,enron_full_164128,no_exact_ref,6883.551,0,6,164671,10538944
fuzzydedup,6,2,enron_full_164128,no_exact_ref,9599.137,0,7,190614,12199360
fuzzydedup,4,2,enron_full_164128,no_exact_ref,14521.242,0,5,137103,8774592
fuzzydedup,6,2,enron_full_164251,exact_ref,7148.822,1,0,93706,5997376
fuzzydedup,4,2,enron_full_164251,exact_ref,5391.912,1,0,66536,4258496
fuzzydedup,5,2,enron_full_164251,exact_ref,4369.977,1,0,80358,5143104
fuzzydedup,4,2,enron_full_164751,no_exact_ref,6315.670,0,5,139516,8929024
fuzzydedup,5,2,enron_full_164751,no_exact_ref,7110.536,0,6,168125,10760000
fuzzydedup,6,2,enron_full_164751,no_exact_ref,8269.424,0,7,194644,12457216
fuzzydedup,5,2,enron_full_164805,no_exact_ref,7641.974,0,6,169489,10847296
fuzzydedup,6,2,enron_full_164805,no_exact_ref,8345.744,0,7,197034,12610176
fuzzydedup,4,2,enron_full_164805,no_exact_ref,6812.173,0,5,140955,9021120
fuzzydedup,6,2,enron_full_165550,no_exact_ref,8700.186,0,7,197015,12608960
fuzzydedup,4,2,enron_full_165550,no_exact_ref,6698.814,0,5,141284,9042176
fuzzydedup,5,2,enron_full_165550,no_exact_ref,8049.159,0,6,169864,10871296
fuzzydedup,4,2,enron_full_165951,exact_ref,2449.146,1,0,32277,2065920
fuzzydedup,5,2,enron_full_165951,exact_ref,2404.347,1,0,42333,2709504
fuzzydedup,6,2,enron_full_165951,exact_ref,3157.215,1,0,53384,3416768
fuzzydedup,5,2,enron_full_167260,exact_ref,5051.871,1,0,84265,5397376
fuzzydedup,6,2,enron_full_167260,exact_ref,5328.528,1,0,100237,6421568
fuzzydedup,4,2,enron_full_167260,exact_ref,3704.388,1,0,67858,4345792
fuzzydedup,6,2,enron_full_168469,exact_ref,1690.351,1,0,30911,1978496
fuzzydedup,4,2,enron_full_168469,exact_ref,1450.096,1,0,24480,1566912
fuzzydedup,5,2,enron_full_168469,exact_ref,1533.567,1,0,27963,1789824
fuzzydedup,4,2,enron_full_168971,exact_ref,2918.810,1,0,54221,3470336
fuzzydedup,5,2,enron_full_168971,exact_ref,3071.869,1,0,63807,4083840
fuzzydedup,6,2,enron_full_168971,exact_ref,2920.415,1,0,72365,4631552
fuzzydedup,5,2,enron_full_170176,no_exact_ref,3126.588,0,6,69703,4460992
fuzzydedup,6,2,enron_full_170176,no_exact_ref,4222.580,0,7,83781,5361984
fuzzydedup,4,2,enron_full_170176,no_exact_ref,3230.151,0,5,56325,3604800
fuzzydedup,6,2,enron_full_170711,exact_ref,1292.391,1,0,22061,1412096
fuzzydedup,4,2,enron_full_170711,exact_ref,898.433,1,0,17857,1143040
fuzzydedup,5,2,enron_full_170711,exact_ref,910.760,1,0,20246,1295936
fuzzydedup,4,2,enron_full_170765,exact_ref,3848.760,1,0,61774,3953728
fuzzydedup,5,2,enron_full_170765,exact_ref,3994.508,1,0,77993,4991744
fuzzydedup,6,2,enron_full_170765,exact_ref,4701.422,1,0,94400,6041792
fuzzydedup,5,2,enron_full_170860,no_exact_ref,7311.687,0,6,168810,10803840
fuzzydedup,6,2,enron_full_170860,no_exact_ref,8901.189,0,7,194887,12472768
fuzzydedup,4,2,enron_full_170860,no_exact_ref,6847.500,0,5,139973,8958272
fuzzydedup,6,2,enron_full_171509,exact_ref,408.193,1,0,1456,93376
fuzzydedup,4,2,enron_full_171509,exact_ref,120.605,1,0,1283,82304
fuzzydedup,5,2,enron_full_171509,exact_ref,84.140,1,0,1367,87680
fuzzydedup,4,2,enron_full_171797,no_exact_ref,1589.414,0,5,35794,2290816
fuzzydedup,5,2,enron_full_171797,no_exact_ref,1973.756,0,6,44800,2867200
fuzzydedup,6,2,enron_full_171797,no_exact_ref,2726.734,0,7,54205,3469120
fuzzydedup,5,2,enron_full_172609,no_exact_ref,7205.852,0,6,168125,10760000
fuzzydedup,6,2,enron_full_172609,no_exact_ref,7740.712,0,7,194644,12457216
fuzzydedup,4,2,enron_full_172609,no_exact_ref,6246.892,0,5,139516,8929024
fuzzydedup,6,2,enron_full_174436,exact_ref,4553.695,1,0,95707,6125760
fuzzydedup,4,2,enron_full_174436,exact_ref,3515.606,1,0,63328,4053184
fuzzydedup,5,2,enron_full_174436,exact_ref,4306.277,1,0,79735,5103232
fuzzydedup,4,2,enron_full_174861,exact_ref,3083.488,1,0,62421,3995136
fuzzydedup,5,2,enron_full_174861,exact_ref,3881.500,1,0,74228,4750784
fuzzydedup,6,2,enron_full_174861,exact_ref,3543.814,1,0,84910,5434432
fuzzydedup,5,2,enron_full_175011,no_exact_ref,5977.819,0,6,122217,7821888
fuzzydedup,6,2,enron_full_175011,no_exact_ref,6628.449,0,7,144058,9219712
fuzzydedup,4,2,enron_full_175011,no_exact_ref,5766.419,0,5,100182,6411648
fuzzydedup,6,2,enron_full_176124,exact_ref,2929.244,1,0,58873,3768064
fuzzydedup,4,2,enron_full_176124,exact_ref,2084.699,1,0,45221,2894336
fuzzydedup,5,2,enron_full_176124,exact_ref,2608.979,1,0,52651,3369856
fuzzydedup,4,2,enron_full_176753,exact_ref,4602.760,1,0,68135,4360832
fuzzydedup,5,2,enron_full_176753,exact_ref,5019.028,1,0,84542,5410880
fuzzydedup,6,2,enron_full_176753,exact_ref,5162.917,1,0,100514,6433088
fuzzydedup,5,2,enron_full_178212,exact_ref,1785.473,1,0,28611,1831296
fuzzydedup,6,2,enron_full_178212,exact_ref,2571.856,1,0,36063,2308224
fuzzydedup,4,2,enron_full_178212,exact_ref,1506.217,1,0,21837,1397760
fuzzydedup,6,2,enron_full_178550,exact_ref,3499.479,1,0,72639,4649088
fuzzydedup,4,2,enron_full_178550,exact_ref,2562.743,1,0,54495,3487872
fuzzydedup,5,2,enron_full_178550,exact_ref,2865.340,1,0,64081,4101376
fuzzydedup,4,2,enron_full_179413,exact_ref,3360.866,1,0,65212,4173760
fuzzydedup,5,2,enron_full_179413,exact_ref,3830.869,1,0,78560,5028032
fuzzydedup,6,2,enron_full_179413,exact_ref,4222.851,1,0,90367,5783680
fuzzydedup,5,2,enron_full_179791,exact_ref,4671.638,1,0,84103,5382784
fuzzydedup,6,2,enron_full_179791,exact_ref,4801.774,1,0,97925,6267392
fuzzydedup,4,2,enron_full_179791,exact_ref,3732.802,1,0,69720,4462272
fuzzydedup,6,2,enron_full_180640,exact_ref,4145.787,1,0,90392,5785280
fuzzydedup,4,2,enron_full_180640,exact_ref,3343.253,1,0,65237,4175360
fuzzydedup,5,2,enron_full_180640,exact_ref,3808.968,1,0,78585,5029632
fuzzydedup,4,2,enron_full_181037,exact_ref,2878.046,1,0,39361,2519296
fuzzydedup,5,2,enron_full_181037,exact_ref,2763.347,1,0,51055,3267712
fuzzydedup,6,2,enron_full_181037,exact_ref,3404.646,1,0,64384,4120768
fuzzydedup,5,2,enron_full_181456,exact_ref,3394.676,1,0,66648,4265792
fuzzydedup,6,2,enron_full_181456,exact_ref,3740.836,1,0,76234,4879872
fuzzydedup,4,2,enron_full_181456,exact_ref,3148.388,1,0,55966,3582016
fuzzydedup,6,2,enron_full_181872,exact_ref,5722.485,1,0,109234,6991168
fuzzydedup,4,2,enron_full_181872,exact_ref,4338.931,1,0,77729,4974848
fuzzydedup,5,2,enron_full_181872,exact_ref,4841.728,1,0,93701,5997056
fuzzydedup,4,2,enron_full_181885,exact_ref,3099.636,1,0,41602,2662720
fuzzydedup,5,2,enron_full_181885,exact_ref,2941.169,1,0,53296,3411136
fuzzydedup,6,2,enron_full_181885,exact_ref,3384.977,1,0,66625,4264192
fuzzydedup,5,2,enron_full_182915,exact_ref,4973.630,1,0,84033,5378304
fuzzydedup,6,2,enron_full_182915,exact_ref,4994.831,1,0,97855,6262912
fuzzydedup,4,2,enron_full_182915,exact_ref,3918.283,1,0,69650,4457792
fuzzydedup,6,2,enron_full_182942,exact_ref,3414.313,1,0,60463,3869824
fuzzydedup,4,2,enron_full_182942,exact_ref,2196.129,1,0,37718,2414144
fuzzydedup,5,2,enron_full_182942,exact_ref,3084.929,1,0,48769,3121408
fuzzydedup,4,2,enron_full_183169,exact_ref,1038.568,1,0,15418,986944
fuzzydedup,5,2,enron_full_183169,exact_ref,1401.559,1,0,20654,1322048
fuzzydedup,6,2,enron_full_183169,exact_ref,1372.728,1,0,25714,1645888
fuzzydedup,5,2,enron_full_183297,exact_ref,4696.440,1,0,80681,5163776
fuzzydedup,6,2,enron_full_183297,exact_ref,4735.667,1,0,96900,6201792
fuzzydedup,4,2,enron_full_183297,exact_ref,3608.245,1,0,64770,4145472
fuzzydedup,6,2,enron_full_183379,exact_ref,5166.621,1,0,99717,6382080
fuzzydedup,4,2,enron_full_183379,exact_ref,3922.136,1,0,67091,4294016
fuzzydedup,5,2,enron_full_183379,exact_ref,4131.097,1,0,83310,5332032
fuzzydedup,4,2,enron_full_183388,exact_ref,1678.091,1,0,27178,1739584
fuzzydedup,5,2,enron_full_183388,exact_ref,1634.962,1,0,30661,1962496
fuzzydedup,6,2,enron_full_183388,exact_ref,1626.914,1,0,33609,2151168
fuzzydedup,5,2,enron_full_183934,exact_ref,2023.273,1,0,41408,2650304
fuzzydedup,6,2,enron_full_183934,exact_ref,2063.361,1,0,46010,2944832
fuzzydedup,4,2,enron_full_183934,exact_ref,1818.115,1,0,35760,2288832
fuzzydedup,6,2,enron_full_184508,exact_ref,5550.710,1,0,101540,6498752
fuzzydedup,4,2,enron_full_184508,exact_ref,4267.305,1,0,70035,4482432
fuzzydedup,5,2,enron_full_184508,exact_ref,4539.905,1,0,86007,5504640
fuzzydedup,4,2,enron_full_185731,no_exact_ref,1991.563,0,5,35794,2290816
fuzzydedup,5,2,enron_full_185731,no_exact_ref,2000.143,0,6,44800,2867200
fuzzydedup,6,2,enron_full_185731,no_exact_ref,2999.685,0,7,54205,3469120
fuzzydedup,5,2,enron_full_186258,exact_ref,4323.162,1,0,83163,5322624
fuzzydedup,6,2,enron_full_186258,exact_ref,5269.868,1,0,99570,6372672
fuzzydedup,4,2,enron_full_186258,exact_ref,3913.348,1,0,66944,4284608
fuzzydedup,6,2,enron_full_186778,exact_ref,2744.371,1,0,49905,3194112
fuzzydedup,4,2,enron_full_186778,exact_ref,2153.730,1,0,30404,1946048
fuzzydedup,5,2,enron_full_186778,exact_ref,2466.506,1,0,39849,2550528
fuzzydedup,4,2,enron_full_187181,exact_ref,3740.795,1,0,65273,4177664
fuzzydedup,5,2,enron_full_187181,exact_ref,3799.855,1,0,78621,5031936
fuzzydedup,6,2,enron_full_187181,exact_ref,4109.677,1,0,90428,5787584
fuzzydedup,5,2,enron_full_187432,exact_ref,3935.208,1,0,81170,5195072
fuzzydedup,6,2,enron_full_187432,exact_ref,4098.112,1,0,94518,6049344
fuzzydedup,4,2,enron_full_187432,exact_ref,3522.186,1,0,67348,4310464
fuzzydedup,6,2,enron_full_187706,exact_ref,4440.850,1,0,89117,5703680
fuzzydedup,4,2,enron_full_187706,exact_ref,3615.251,1,0,58095,3718272
fuzzydedup,5,2,enron_full_187706,exact_ref,4024.579,1,0,73356,4694976
fuzzydedup,4,2,enron_full_188453,exact_ref,3565.039,1,0,64095,4102272
fuzzydedup,5,2,enron_full_188453,exact_ref,4209.944,1,0,80006,5120576
fuzzydedup,6,2,enron_full_188453,exact_ref,4597.453,1,0,96225,6158592
fuzzydedup,5,2,enron_full_189842,exact_ref,1436.853,1,0,25560,1636032
fuzzydedup,6,2,enron_full_189842,exact_ref,1444.762,1,0,27949,1788928
fuzzydedup,4,2,enron_full_189842,exact_ref,1197.385,1,0,22612,1447360
fuzzydedup,6,2,enron_full_189980,exact_ref,4363.654,1,0,94042,6018880
fuzzydedup,4,2,enron_full_189980,exact_ref,3832.290,1,0,66872,4280000
fuzzydedup,5,2,enron_full_189980,exact_ref,3866.819,1,0,80694,5164608
fuzzydedup,4,2,enron_full_191466,exact_ref,4463.485,1,0,69937,4476160
fuzzydedup,5,2,enron_full_191466,exact_ref,4692.832,1,0,85909,5498368
fuzzydedup,6,2,enron_full_191466,exact_ref,5457.879,1,0,101442,6492544
fuzzydedup,5,2,enron_full_191744,no_exact_ref,7967.732,0,6,164996,10559872
fuzzydedup,6,2,enron_full_191744,no_exact_ref,8393.664,0,7,191555,12259648
fuzzydedup,4,2,enron_full_191744,no_exact_ref,6548.606,0,5,137769,8817216
fuzzydedup,6,2,enron_full_191882,exact_ref,103.118,1,0,802,51520
fuzzydedup,4,2,enron_full_191882,exact_ref,31.755,1,0,546,35136
fuzzydedup,5,2,enron_full_191882,exact_ref,32.577,1,0,698,44864
fuzzydedup,4,2,enron_full_193162,exact_ref,106.350,1,0,1551,99456
fuzzydedup,5,2,enron_full_193162,exact_ref,89.264,1,0,1952,125120
fuzzydedup,6,2,enron_full_193162,exact_ref,66.616,1,0,2456,157376
fuzzydedup,5,2,enron_full_195402,exact_ref,4593.236,1,0,84726,5422656
fuzzydedup,6,2,enron_full_195402,exact_ref,4541.110,1,0,100698,6444864
fuzzydedup,4,2,enron_full_195402,exact_ref,3937.933,1,0,68319,4372608
fuzzydedup,6,2,enron_full_195600,exact_ref,5060.257,1,0,100721,6471488
fuzzydedup,4,2,enron_full_195600,exact_ref,3724.626,1,0,68342,4382080
fuzzydedup,5,2,enron_full_195600,exact_ref,4555.247,1,0,84749,5440448
fuzzydedup,4,2,enron_full_195759,exact_ref,2423.694,1,0,40536,2594496
fuzzydedup,5,2,enron_full_195759,exact_ref,2443.919,1,0,46758,2992704
fuzzydedup,6,2,enron_full_195759,exact_ref,2466.459,1,0,52406,3354176
fuzzydedup,5,2,enron_full_196134,exact_ref,1968.826,1,0,41232,2639040
fuzzydedup,6,2,enron_full_196134,exact_ref,2038.918,1,0,45834,2933568
fuzzydedup,4,2,enron_full_196134,exact_ref,1843.683,1,0,35584,2277568
fuzzydedup,6,2,enron_full_197175,exact_ref,5171.927,1,0,99861,6393920
fuzzydedup,4,2,enron_full_197175,exact_ref,4337.764,1,0,69970,4478272
fuzzydedup,5,2,enron_full_197175,exact_ref,4714.138,1,0,85478,5471360
fuzzydedup,4,2,enron_full_197216,exact_ref,4082.945,1,0,66835,4277632
fuzzydedup,5,2,enron_full_197216,exact_ref,4149.193,1,0,83054,5315648
fuzzydedup,6,2,enron_full_197216,exact_ref,5099.209,1,0,99461,6365696
fuzzydedup,5,2,enron_full_197678,exact_ref,2497.942,1,0,46715,2989952
fuzzydedup,6,2,enron_full_197678,exact_ref,2189.762,1,0,52363,3351424
fuzzydedup,4,2,enron_full_197678,exact_ref,2228.107,1,0,40493,2591744
fuzzydedup,6,2,enron_full_198102,exact_ref,4397.775,1,0,94024,6017728
fuzzydedup,4,2,enron_full_198102,exact_ref,4077.806,1,0,66854,4278848
fuzzydedup,5,2,enron_full_198102,exact_ref,3996.468,1,0,80676,5163456
fuzzydedup,4,2,enron_full_198996,exact_ref,4047.931,1,0,62172,3979200
fuzzydedup,5,2,enron_full_198996,exact_ref,4000.573,1,0,77933,4987904
fuzzydedup,6,2,enron_full_198996,exact_ref,5340.228,1,0,93844,6006208
fuzzydedup,5,2,enron_full_200327,exact_ref,4324.044,1,0,81519,5217408
fuzzydedup,6,2,enron_full_200327,exact_ref,3992.802,1,0,94867,6071680
fuzzydedup,4,2,enron_full_200327,exact_ref,3927.590,1,0,67697,4332800
fuzzydedup,6,2,enron_full_200476,exact_ref,305.602,1,0,521,33536
fuzzydedup,4,2,enron_full_200476,exact_ref,90.639,1,0,466,30016
fuzzydedup,5,2,enron_full_200476,exact_ref,67.349,1,0,497,32000
fuzzydedup,4,2,enron_full_201608,exact_ref,2364.712,1,0,40965,2621952
fuzzydedup,5,2,enron_full_201608,exact_ref,2105.714,1,0,47187,3020160
fuzzydedup,6,2,enron_full_201608,exact_ref,2550.477,1,0,52835,3381632
fuzzydedup,5,2,enron_full_202547,exact_ref,4748.456,1,0,86443,5532544
fuzzydedup,6,2,enron_full_202547,exact_ref,4837.726,1,0,100826,6453056
fuzzydedup,4,2,enron_full_202547,exact_ref,4083.145,1,0,70935,4540032
fuzzydedup,6,2,enron_full_202611,no_exact_ref,3306.927,0,7,60498,3871872
fuzzydedup,4,2,enron_full_202611,no_exact_ref,1813.591,0,5,40217,2573888
fuzzydedup,5,2,enron_full_202611,no_exact_ref,2793.409,0,6,50020,3201280
fuzzydedup,4,2,enron_full_203046,exact_ref,4243.456,1,0,62474,3998528
fuzzydedup,5,2,enron_full_203046,exact_ref,4195.903,1,0,78235,5007232
fuzzydedup,6,2,enron_full_203046,exact_ref,5039.583,1,0,94146,6025536
fuzzydedup,5,2,enron_full_204937,exact_ref,2396.617,1,0,44269,2833408
fuzzydedup,6,2,enron_full_204937,exact_ref,3154.655,1,0,55320,3540864
fuzzydedup,4,2,enron_full_204937,exact_ref,2231.055,1,0,34213,2189824
fuzzydedup,6,2,enron_full_205754,exact_ref,5659.854,1,0,94596,6054464
fuzzydedup,4,2,enron_full_205754,exact_ref,3915.125,1,0,67426,4315456
fuzzydedup,5,2,enron_full_205754,exact_ref,4021.275,1,0,81248,5200064
fuzzydedup,4,2,enron_full_205846,exact_ref,4586.622,1,0,70348,4502464
fuzzydedup,5,2,enron_full_205846,exact_ref,4680.300,1,0,86320,5524672
fuzzydedup,6,2,enron_full_205846,exact_ref,5671.633,1,0,101853,6518784
fuzzydedup,5,2,enron_full_206132,exact_ref,3180.750,1,0,63882,4088640
fuzzydedup,6,2,enron_full_206132,exact_ref,4900.344,1,0,78594,5030208
fuzzydedup,4,2,enron_full_206132,exact_ref,3055.364,1,0,49685,3180032
fuzzydedup,6,2,enron_full_206426,exact_ref,5719.002,1,0,102298,6547584
fuzzydedup,4,2,enron_full_206426,exact_ref,4400.318,1,0,70793,4531264
fuzzydedup,5,2,enron_full_206426,exact_ref,4827.934,1,0,86765,5553472
fuzzydedup,4,2,enron_full_206631,no_exact_ref,5703.350,0,5,100182,6411648
fuzzydedup,5,2,enron_full_206631,no_exact_ref,6271.903,0,6,122217,7821888
fuzzydedup,6,2,enron_full_206631,no_exact_ref,6915.744,0,7,144058,9219712
fuzzydedup,5,2,enron_full_206780,exact_ref,3347.507,1,0,59160,3786432
fuzzydedup,6,2,enron_full_206780,exact_ref,3570.596,1,0,73357,4695040
fuzzydedup,4,2,enron_full_206780,exact_ref,3316.679,1,0,45831,2933376
fuzzydedup,6,2,enron_full_207863,exact_ref,1242.910,1,0,16302,1043520
fuzzydedup,4,2,enron_full_207863,exact_ref,1046.332,1,0,9953,637184
fuzzydedup,5,2,enron_full_207863,exact_ref,1043.209,1,0,12980,830912
fuzzydedup,4,2,enron_full_208242,exact_ref,1396.646,1,0,19176,1227456
fuzzydedup,5,2,enron_full_208242,exact_ref,1088.268,1,0,21565,1380352
fuzzydedup,6,2,enron_full_208242,exact_ref,1087.914,1,0,23380,1496512
fuzzydedup,5,2,enron_full_208362,exact_ref,4878.740,1,0,86354,5526848
fuzzydedup,6,2,enron_full_208362,exact_ref,5242.286,1,0,101887,6520960
fuzzydedup,4,2,enron_full_208362,exact_ref,4447.189,1,0,70382,4504640
fuzzydedup,6,2,enron_full_209030,exact_ref,1206.268,1,0,20307,1299840
fuzzydedup,4,2,enron_full_209030,exact_ref,835.844,1,0,12275,785792
fuzzydedup,5,2,enron_full_209030,exact_ref,1239.754,1,0,16111,1031296
fuzzydedup,4,2,enron_full_209358,exact_ref,2776.870,1,0,50575,3236992
fuzzydedup,5,2,enron_full_209358,exact_ref,2819.846,1,0,59133,3784704
fuzzydedup,6,2,enron_full_209358,exact_ref,3085.669,1,0,66563,4260224
fuzzydedup,5,2,enron_full_209479,exact_ref,4591.733,1,0,81503,5216384
fuzzydedup,6,2,enron_full_209479,exact_ref,4687.217,1,0,97722,6254400
fuzzydedup,4,2,enron_full_209479,exact_ref,3293.016,1,0,65592,4198080
fuzzydedup,6,2,enron_full_209859,exact_ref,5294.875,1,0,100375,6425600
fuzzydedup,4,2,enron_full_209859,exact_ref,4050.262,1,0,70484,4512384
fuzzydedup,5,2,enron_full_209859,exact_ref,3975.790,1,0,85992,5504896
fuzzydedup,4,2,enron_full_209958,exact_ref,3580.968,1,0,71139,4553088
fuzzydedup,5,2,enron_full_209958,exact_ref,4602.218,1,0,86672,5547200
fuzzydedup,6,2,enron_full_209958,exact_ref,4753.078,1,0,102180,6539712
fuzzydedup,5,2,enron_full_210032,no_exact_ref,3327.791,0,6,62674,4011520
fuzzydedup,6,2,enron_full_210032,no_exact_ref,1629.781,1,6,22881,1464576
fuzzydedup,4,2,enron_full_210032,no_exact_ref,2522.247,0,5,50202,3213312
fuzzydedup,6,2,enron_full_210772,exact_ref,4333.029,1,0,90726,5806656
fuzzydedup,4,2,enron_full_210772,exact_ref,3308.179,1,0,65571,4196736
fuzzydedup,5,2,enron_full_210772,exact_ref,3647.409,1,0,78919,5051008
fuzzydedup,4,2,enron_full_211094,no_exact_ref,5174.289,0,5,127462,8157568
fuzzydedup,5,2,enron_full_211094,no_exact_ref,7119.440,0,6,153267,9809088
fuzzydedup,6,2,enron_full_211094,no_exact_ref,6729.517,0,7,177736,11375104
fuzzydedup,5,2,enron_full_211389,exact_ref,2124.600,1,3,36765,2353152
fuzzydedup,6,2,enron_full_211389,exact_ref,2666.157,1,3,50113,3207424
fuzzydedup,4,2,enron_full_211389,exact_ref,1936.534,1,3,22943,1468544
fuzzydedup,6,2,enron_full_211892,no_exact_ref,7516.323,0,7,194644,12457216
fuzzydedup,4,2,enron_full_211892,no_exact_ref,5930.189,0,5,139516,8929024
fuzzydedup,5,2,enron_full_211892,no_exact_ref,6816.158,0,6,168125,10760000
fuzzydedup,4,2,enron_full_211966,no_exact_ref,6026.531,0,5,137769,8817216
fuzzydedup,5,2,enron_full_211966,no_exact_ref,7311.685,0,6,164996,10559744
fuzzydedup,6,2,enron_full_211966,no_exact_ref,8151.618,0,7,191555,12259520
fuzzydedup,5,2,enron_full_212202,no_exact_ref,3155.144,0,6,55915,3578560
fuzzydedup,6,2,enron_full_212202,no_exact_ref,3380.679,0,7,67711,4333504
fuzzydedup,4,2,enron_full_212202,no_exact_ref,2623.080,0,5,44983,2878912
fuzzydedup,6,2,enron_full_213178,no_exact_ref,7332.391,0,7,177736,11375104
fuzzydedup,4,2,enron_full_213178,no_exact_ref,5543.211,0,5,127462,8157568
fuzzydedup,5,2,enron_full_213178,no_exact_ref,6292.669,0,6,153267,9809088
fuzzydedup,4,2,enron_full_214684,exact_ref,733.213,1,0,8902,569920
fuzzydedup,5,2,enron_full_214684,exact_ref,991.303,1,0,11588,741824
fuzzydedup,6,2,enron_full_214684,exact_ref,1047.668,1,0,14615,935552
fuzzydedup,5,2,enron_full_214861,exact_ref,4245.240,1,0,86493,5535744
fuzzydedup,6,2,enron_full_214861,exact_ref,5207.330,1,0,102026,6529856
fuzzydedup,4,2,enron_full_214861,exact_ref,3933.829,1,0,70521,4513536
fuzzydedup,6,2,enron_full_214866,exact_ref,4084.646,1,0,92903,5945984
fuzzydedup,4,2,enron_full_214866,exact_ref,3409.343,1,0,65733,4207104
fuzzydedup,5,2,enron_full_214866,exact_ref,3742.242,1,0,79555,5091712
fuzzydedup,4,2,enron_full_214883,exact_ref,2205.385,1,0,27455,1757312
fuzzydedup,5,2,enron_full_214883,exact_ref,2080.854,1,0,35701,2285056
fuzzydedup,6,2,enron_full_214883,exact_ref,2393.110,1,0,45146,2889536
fuzzydedup,5,2,enron_full_215380,exact_ref,3859.375,1,0,81340,5205952
fuzzydedup,6,2,enron_full_215380,exact_ref,4011.078,1,0,94688,6060224
fuzzydedup,4,2,enron_full_215380,exact_ref,3755.433,1,0,67518,4321344
fuzzydedup,6,2,enron_full_215696,exact_ref,1373.446,1,0,25752,1648320
fuzzydedup,4,2,enron_full_215696,exact_ref,963.647,1,0,15456,989376
fuzzydedup,5,2,enron_full_215696,exact_ref,1272.328,1,0,20692,1324480
fuzzydedup,4,2,enron_full_216853,exact_ref,2466.316,1,0,50550,3235392
fuzzydedup,5,2,enron_full_216853,exact_ref,2617.119,1,0,59108,3783104
fuzzydedup,6,2,enron_full_216853,exact_ref,2804.094,1,0,66538,4258624
fuzzydedup,5,2,enron_full_218707,exact_ref,4556.012,1,0,78299,5011328
fuzzydedup,6,2,enron_full_218707,exact_ref,4959.488,1,0,94210,6029632
fuzzydedup,4,2,enron_full_218707,exact_ref,3463.504,1,0,62538,4002624
fuzzydedup,6,2,enron_full_219044,exact_ref,3040.525,1,0,73435,4700032
fuzzydedup,4,2,enron_full_219044,exact_ref,2394.375,1,0,55291,3538816
fuzzydedup,5,2,enron_full_219044,exact_ref,2641.840,1,0,64877,4152320
fuzzydedup,4,2,enron_full_219142,exact_ref,2803.850,1,0,59730,3822912
fuzzydedup,5,2,enron_full_219142,exact_ref,2613.604,1,0,70412,4506560
fuzzydedup,6,2,enron_full_219142,exact_ref,3137.583,1,0,79998,5120064
fuzzydedup,5,2,enron_full_219243,exact_ref,2104.107,1,0,32288,2066624
fuzzydedup,6,2,enron_full_219243,exact_ref,2260.767,1,0,40534,2594368
fuzzydedup,4,2,enron_full_219243,exact_ref,1166.389,1,0,24836,1589696
fuzzydedup,6,2,enron_full_219501,no_exact_ref,4670.824,0,7,102455,6557440
fuzzydedup,4,2,enron_full_219501,no_exact_ref,3457.128,0,5,69400,4441728
fuzzydedup,5,2,enron_full_219501,no_exact_ref,3702.762,0,6,85290,5458816
fuzzydedup,4,2,enron_full_219509,no_exact_ref,6502.970,0,5,133491,8543424
fuzzydedup,5,2,enron_full_219509,no_exact_ref,7326.239,0,6,160514,10273088
fuzzydedup,6,2,enron_full_219509,no_exact_ref,8637.885,0,7,186103,11910784
fuzzydedup,5,2,enron_full_219658,no_exact_ref,7920.130,0,6,160514,10272896
fuzzydedup,6,2,enron_full_219658,no_exact_ref,9481.221,0,7,186103,11910592
fuzzydedup,4,2,enron_full_219658,no_exact_ref,7005.385,0,5,133491,8543424
fuzzydedup,6,2,enron_full_220234,exact_ref,5307.052,1,0,100027,6401920
fuzzydedup,4,2,enron_full_220234,exact_ref,4373.755,1,0,67401,4313856
fuzzydedup,5,2,enron_full_220234,exact_ref,4616.531,1,0,83620,5351872
fuzzydedup,4,2,enron_full_220556,exact_ref,1201.870,1,0,15463,989824
fuzzydedup,5,2,enron_full_220556,exact_ref,1435.856,1,0,20699,1324928
fuzzydedup,6,2,enron_full_220556,exact_ref,1421.759,1,0,25759,1648768
fuzzydedup,5,2,enron_full_221304,exact_ref,4651.391,1,0,81224,5198528
fuzzydedup,6,2,enron_full_221304,exact_ref,5263.990,1,0,97443,6236544
fuzzydedup,4,2,enron_full_221304,exact_ref,3681.826,1,0,65313,4180224
fuzzydedup,6,2,enron_full_223253,exact_ref,780.878,1,0,7209,461568
fuzzydedup,4,2,enron_full_223253,exact_ref,657.201,1,0,4452,285120
fuzzydedup,5,2,enron_full_223253,exact_ref,657.951,1,0,5790,370752
fuzzydedup,4,2,enron_full_223630,exact_ref,2324.716,1,0,40920,2619072
fuzzydedup,5,2,enron_full_223630,exact_ref,2315.124,1,0,47142,3017280
fuzzydedup,6,2,enron_full_223630,exact_ref,2403.496,1,0,52790,3378752
fuzzydedup,5,2,enron_full_223933,exact_ref,4600.044,1,0,68982,4415040
fuzzydedup,6,2,enron_full_223933,exact_ref,4709.080,1,0,84243,5391744
fuzzydedup,4,2,enron_full_223933,exact_ref,2881.144,1,0,54270,3473472
fuzzydedup,6,2,enron_full_224076,exact_ref,1633.114,1,0,33694,2156608
fuzzydedup,4,2,enron_full_224076,exact_ref,1906.452,1,0,27263,1745024
fuzzydedup,5,2,enron_full_224076,exact_ref,1531.935,1,0,30746,1967936
fuzzydedup,4,2,enron_full_224176,exact_ref,4152.609,1,0,65131,4168576
fuzzydedup,5,2,enron_full_224176,exact_ref,4517.269,1,0,81042,5186880
fuzzydedup,6,2,enron_full_224176,exact_ref,4553.033,1,0,97261,6224896
fuzzydedup,5,2,enron_full_224421,exact_ref,4161.764,1,0,77858,4983104
fuzzydedup,6,2,enron_full_224421,exact_ref,4700.023,1,0,93769,6001408
fuzzydedup,4,2,enron_full_224421,exact_ref,3493.631,1,0,62097,3974400
fuzzydedup,6,2,enron_full_226002,no_exact_ref,6354.093,0,7,153889,9848896
fuzzydedup,4,2,enron_full_226002,no_exact_ref,5298.312,0,5,107991,6911424
fuzzydedup,5,2,enron_full_226002,no_exact_ref,5930.447,0,6,131204,8397056
fuzzydedup,4,2,enron_full_226675,exact_ref,3468.444,1,0,62223,3982464
fuzzydedup,5,2,enron_full_226675,exact_ref,3875.071,1,0,77984,4991168
fuzzydedup,6,2,enron_full_226675,exact_ref,4859.761,1,0,93895,6009472
fuzzydedup,5,2,enron_full_227135,exact_ref,3638.927,1,0,78903,5049984
fuzzydedup,6,2,enron_full_227135,exact_ref,3873.329,1,0,90710,5805632
fuzzydedup,4,2,enron_full_227135,exact_ref,3386.066,1,0,65555,4195712
fuzzydedup,6,2,enron_full_227290,no_exact_ref,8812.520,0,7,197034,12610176
fuzzydedup,4,2,enron_full_227290,no_exact_ref,6139.891,0,5,140955,9021120
fuzzydedup,5,2,enron_full_227290,no_exact_ref,6910.066,0,6,169489,10847296
fuzzydedup,4,2,enron_full_227315,exact_ref,3562.486,1,0,67694,4332608
fuzzydedup,5,2,enron_full_227315,exact_ref,3743.025,1,0,81516,5217216
fuzzydedup,6,2,enron_full_227315,exact_ref,3738.352,1,0,94864,6071488
fuzzydedup,5,2,enron_full_227317,no_exact_ref,4302.254,1,0,83700,5356992
fuzzydedup,6,2,enron_full_227317,no_exact_ref,4654.985,1,0,100107,6407040
fuzzydedup,4,2,enron_full_227317,no_exact_ref,3777.522,1,0,67481,4318976
fuzzydedup,6,2,enron_full_227401,exact_ref,3386.082,1,0,55784,3570368
fuzzydedup,4,2,enron_full_227401,exact_ref,2221.235,1,0,34677,2219520
fuzzydedup,5,2,enron_full_227401,exact_ref,2401.350,1,0,44733,2863104
fuzzydedup,4,2,enron_full_227576,exact_ref,2705.607,1,0,42221,2702336
fuzzydedup,5,2,enron_full_227576,exact_ref,3244.702,1,0,49651,3177856
fuzzydedup,6,2,enron_full_227576,exact_ref,2707.470,1,0,55873,3576064
fuzzydedup,5,2,enron_full_228518,exact_ref,3431.344,1,0,66239,4239488
fuzzydedup,6,2,enron_full_228518,exact_ref,3624.089,1,0,75825,4852992
fuzzydedup,4,2,enron_full_228518,exact_ref,2869.083,1,0,55557,3555840
fuzzydedup,6,2,enron_full_228640,exact_ref,5649.001,1,0,102868,6583744
fuzzydedup,4,2,enron_full_228640,exact_ref,4253.761,1,0,71363,4567424
fuzzydedup,5,2,enron_full_228640,exact_ref,4727.245,1,0,87335,5589632
fuzzydedup,4,2,enron_full_229065,exact_ref,132.536,1,0,698,44864
fuzzydedup,5,2,enron_full_229065,exact_ref,75.094,1,0,877,56320
fuzzydedup,6,2,enron_full_229065,exact_ref,83.349,1,0,1039,66688
fuzzydedup,5,2,enron_full_229125,exact_ref,1022.086,1,0,7210,461632
fuzzydedup,6,2,enron_full_229125,exact_ref,1003.512,1,0,9163,586624
fuzzydedup,4,2,enron_full_229125,exact_ref,647.186,1,0,5460,349632
fuzzydedup,6,2,enron_full_230449,exact_ref,3858.098,1,0,75628,4840384
fuzzydedup,4,2,enron_full_230449,exact_ref,2805.201,1,0,55360,3543232
fuzzydedup,5,2,enron_full_230449,exact_ref,2924.681,1,0,66042,4226880
fuzzydedup,4,2,enron_full_230615,exact_ref,3061.320,1,0,60368,3863744
fuzzydedup,5,2,enron_full_230615,exact_ref,3227.243,1,0,71050,4547392
fuzzydedup,6,2,enron_full_230615,exact_ref,3565.888,1,0,80636,5160896
fuzzydedup,5,2,enron_full_231206,exact_ref,2872.926,1,0,71385,4568832
fuzzydedup,6,2,enron_full_231206,exact_ref,3285.737,1,0,80971,5182336
fuzzydedup,4,2,enron_full_231206,exact_ref,2732.464,1,0,60703,3885184
fuzzydedup,6,2,enron_full_232509,exact_ref,865.377,1,0,19352,1238720
fuzzydedup,4,2,enron_full_232509,exact_ref,916.037,1,0,15995,1023872
fuzzydedup,5,2,enron_full_232509,exact_ref,902.411,1,0,17810,1140032
fuzzydedup,4,2,enron_full_232529,exact_ref,3738.790,1,0,64242,4111680
fuzzydedup,5,2,enron_full_232529,exact_ref,4472.821,1,0,80649,5161728
fuzzydedup,6,2,enron_full_232529,exact_ref,4676.236,1,0,96621,6183936
fuzzydedup,5,2,enron_full_232592,exact_ref,4942.708,1,0,78503,5024384
fuzzydedup,6,2,enron_full_232592,exact_ref,4686.114,1,0,94414,6042688
fuzzydedup,4,2,enron_full_232592,exact_ref,3493.806,1,0,62742,4015680
fuzzydedup,6,2,enron_full_232830,exact_ref,3035.323,1,0,67332,4309440
fuzzydedup,4,2,enron_full_232830,exact_ref,2607.999,1,0,51344,3286208
fuzzydedup,5,2,enron_full_232830,exact_ref,2537.089,1,0,59902,3833920
fuzzydedup,4,2,enron_full_232998,exact_ref,3627.079,1,0,65917,4218880
fuzzydedup,5,2,enron_full_232998,exact_ref,4082.120,1,0,81828,5237184
fuzzydedup,6,2,enron_full_232998,exact_ref,4396.946,1,0,98047,6275200
fuzzydedup,5,2,enron_full_233012,exact_ref,3528.935,1,0,75795,4851072
fuzzydedup,6,2,enron_full_233012,exact_ref,3468.996,1,0,86477,5534720
fuzzydedup,4,2,enron_full_233012,exact_ref,2869.048,1,0,63988,4095424
fuzzydedup,6,2,enron_full_233273,exact_ref,4806.211,1,0,100690,6444352
fuzzydedup,4,2,enron_full_233273,exact_ref,3883.331,1,0,68064,4356288
fuzzydedup,5,2,enron_full_233273,exact_ref,4047.172,1,0,84283,5394304
fuzzydedup,4,2,enron_full_233711,exact_ref,3439.669,1,0,64774,4145728
fuzzydedup,5,2,enron_full_233711,exact_ref,4245.397,1,0,81181,5195776
fuzzydedup,6,2,enron_full_233711,exact_ref,4629.068,1,0,97153,6217984
fuzzydedup,5,2,enron_full_233845,exact_ref,4461.474,1,0,79630,5096512
fuzzydedup,6,2,enron_full_233845,exact_ref,4320.203,1,0,91437,5852160
fuzzydedup,4,2,enron_full_233845,exact_ref,3500.938,1,0,66282,4242240
fuzzydedup,6,2,enron_full_234397,exact_ref,5191.296,1,0,98895,6329472
fuzzydedup,4,2,enron_full_234397,exact_ref,4202.287,1,0,69004,4416448
fuzzydedup,5,2,enron_full_234397,exact_ref,4309.160,1,0,84512,5408960
fuzzydedup,4,2,enron_full_235427,exact_ref,834.357,1,0,7930,507712
fuzzydedup,5,2,enron_full_235427,exact_ref,807.715,1,0,10281,658176
fuzzydedup,6,2,enron_full_235427,exact_ref,1160.103,1,0,12967,830080
fuzzydedup,5,2,enron_full_237126,exact_ref,4500.029,1,0,86803,5555584
fuzzydedup,6,2,enron_full_237126,exact_ref,5340.076,1,0,101186,6476096
fuzzydedup,4,2,enron_full_237126,exact_ref,4083.220,1,0,71295,4563072
fuzzydedup,6,2,enron_full_238037,exact_ref,2978.813,1,0,60144,3849408
fuzzydedup,4,2,enron_full_238037,exact_ref,2444.905,1,0,46492,2975680
fuzzydedup,5,2,enron_full_238037,exact_ref,2775.402,1,0,53922,3451200
fuzzydedup,4,2,enron_full_238970,exact_ref,1478.190,1,0,22217,1422080
fuzzydedup,5,2,enron_full_238970,exact_ref,1505.246,1,0,28991,1855616
fuzzydedup,6,2,enron_full_238970,exact_ref,2429.648,1,0,36443,2332544
fuzzydedup,5,2,enron_full_239927,exact_ref,2725.198,1,0,53892,3449280
fuzzydedup,6,2,enron_full_239927,exact_ref,2761.215,1,0,60114,3847488
fuzzydedup,4,2,enron_full_239927,exact_ref,2251.529,1,0,46462,2973760
fuzzydedup,6,2,enron_full_240437,exact_ref,1284.320,1,0,23669,1515008
fuzzydedup,4,2,enron_full_240437,exact_ref,1019.203,1,0,19465,1245952
fuzzydedup,5,2,enron_full_240437,exact_ref,1085.274,1,0,21854,1398848
fuzzydedup,4,2,enron_full_240888,exact_ref,3161.240,1,4,59135,3786624
fuzzydedup,5,2,enron_full_240888,exact_ref,2765.648,1,5,55322,3542592
fuzzydedup,6,2,enron_full_240888,exact_ref,2774.757,1,5,66004,4226688
fuzzydedup,5,2,enron_full_241204,exact_ref,1856.270,1,0,42997,2752000
fuzzydedup,6,2,enron_full_241204,exact_ref,2083.765,1,0,48645,3113472
fuzzydedup,4,2,enron_full_241204,exact_ref,2043.265,1,0,36775,2353792
fuzzydedup,6,2,enron_full_242121,exact_ref,5279.992,1,0,100524,6433728
fuzzydedup,4,2,enron_full_242121,exact_ref,3777.670,1,0,69019,4417408
fuzzydedup,5,2,enron_full_242121,exact_ref,3944.704,1,0,84991,5439616
fuzzydedup,4,2,enron_full_242149,exact_ref,2265.936,1,0,38250,2448192
fuzzydedup,5,2,enron_full_242149,exact_ref,2934.996,1,0,49301,3155456
fuzzydedup,6,2,enron_full_242149,exact_ref,2984.166,1,0,60995,3903872
fuzzydedup,5,2,enron_full_242702,exact_ref,3734.678,1,0,78648,5033664
fuzzydedup,6,2,enron_full_242702,exact_ref,4689.805,1,0,94559,6051968
fuzzydedup,4,2,enron_full_242702,exact_ref,3655.434,1,0,62887,4024960
fuzzydedup,6,2,enron_full_242763,exact_ref,4504.656,1,0,90550,5795392
fuzzydedup,4,2,enron_full_242763,exact_ref,3299.864,1,0,58878,3768384
fuzzydedup,5,2,enron_full_242763,exact_ref,3668.891,1,0,74639,4777088
fuzzydedup,4,2,enron_full_243198,exact_ref,3770.899,1,0,66887,4280960
fuzzydedup,5,2,enron_full_243198,exact_ref,4446.095,1,0,82420,5275072
fuzzydedup,6,2,enron_full_243198,exact_ref,4665.823,1,0,97928,6267584
fuzzydedup,5,2,enron_full_243425,exact_ref,4194.810,1,0,79706,5101376
fuzzydedup,6,2,enron_full_243425,exact_ref,5072.099,1,0,96113,6151424
fuzzydedup,4,2,enron_full_243425,exact_ref,3643.124,1,0,63487,4063360
fuzzydedup,6,2,enron_full_244168,no_exact_ref,1754.794,1,0,32650,2089792
fuzzydedup,4,2,enron_full_244168,no_exact_ref,1133.048,1,0,19796,1267136
fuzzydedup,5,2,enron_full_244168,no_exact_ref,1254.128,1,0,25876,1656256
fuzzydedup,4,2,enron_full_244538,exact_ref,2281.115,1,0,38162,2442560
fuzzydedup,5,2,enron_full_244538,exact_ref,2552.863,1,0,49213,3149824
fuzzydedup,6,2,enron_full_244538,exact_ref,2985.888,1,0,60907,3898240
fuzzydedup,5,2,enron_full_244857,exact_ref,4310.501,1,0,82477,5278720
fuzzydedup,6,2,enron_full_244857,exact_ref,3966.826,1,0,95825,6132992
fuzzydedup,4,2,enron_full_244857,exact_ref,3394.016,1,0,68655,4394112
fuzzydedup,6,2,enron_full_244901,exact_ref,4607.090,1,0,101143,6473344
fuzzydedup,4,2,enron_full_244901,exact_ref,4276.600,1,0,71252,4560320
fuzzydedup,5,2,enron_full_244901,exact_ref,4259.134,1,0,86760,5552832
fuzzydedup,4,2,enron_full_244915,exact_ref,3640.596,1,0,71544,4579008
fuzzydedup,5,2,enron_full_244915,exact_ref,4314.213,1,0,87077,5573120
fuzzydedup,6,2,enron_full_244915,exact_ref,4825.638,1,0,102585,6565632
fuzzydedup,5,2,enron_full_245469,exact_ref,4187.711,1,0,84361,5399296
fuzzydedup,6,2,enron_full_245469,exact_ref,4896.507,1,0,100768,6449344
fuzzydedup,4,2,enron_full_245469,exact_ref,3661.666,1,0,68142,4361280
fuzzydedup,6,2,enron_full_246185,exact_ref,4789.109,1,0,99336,6357696
fuzzydedup,4,2,enron_full_246185,exact_ref,3503.926,1,0,71131,4552576
fuzzydedup,5,2,enron_full_246185,exact_ref,4309.564,1,0,85514,5473088
fuzzydedup,4,2,enron_full_246287,exact_ref,1537.303,1,0,27700,1772992
fuzzydedup,5,2,enron_full_246287,exact_ref,1632.883,1,0,31183,1995904
fuzzydedup,6,2,enron_full_246287,exact_ref,1597.095,1,0,34131,2184576
fuzzydedup,5,2,enron_full_246288,exact_ref,4087.795,1,0,74711,4781696
fuzzydedup,6,2,enron_full_246288,exact_ref,4703.498,1,0,86518,5537344
fuzzydedup,4,2,enron_full_246288,exact_ref,3483.525,1,0,61363,3927424
fuzzydedup,6,2,enron_full_246340,exact_ref,2239.490,1,0,46818,2996544
fuzzydedup,4,2,enron_full_246340,exact_ref,2069.973,1,0,36568,2340544
fuzzydedup,5,2,enron_full_246340,exact_ref,2098.924,1,0,42216,2702016
fuzzydedup,4,2,enron_full_246689,exact_ref,2415.159,1,0,34638,2217024
fuzzydedup,5,2,enron_full_246689,exact_ref,2401.482,1,0,44694,2860608
fuzzydedup,6,2,enron_full_246689,exact_ref,3163.772,1,0,55745,3567872
fuzzydedup,5,2,enron_full_246896,exact_ref,4795.788,1,0,87227,5582720
fuzzydedup,6,2,enron_full_246896,exact_ref,5480.573,1,0,102760,6576832
fuzzydedup,4,2,enron_full_246896,exact_ref,4715.378,1,0,71255,4560512
fuzzydedup,6,2,enron_full_247095,exact_ref,3260.845,1,0,60134,3849152
fuzzydedup,4,2,enron_full_247095,exact_ref,2060.954,1,0,46482,2975040
fuzzydedup,5,2,enron_full_247095,exact_ref,2822.898,1,0,53912,3450560
fuzzydedup,4,2,enron_full_247286,exact_ref,4346.868,1,0,69823,4468864
fuzzydedup,5,2,enron_full_247286,exact_ref,4728.586,1,0,86230,5518912
fuzzydedup,6,2,enron_full_247286,exact_ref,4843.716,1,0,102202,6541120
fuzzydedup,5,2,enron_full_247295,exact_ref,1154.590,1,0,17687,1132160
fuzzydedup,6,2,enron_full_247295,exact_ref,1025.070,1,0,19229,1230848
fuzzydedup,4,2,enron_full_247295,exact_ref,882.067,1,0,15872,1016000
fuzzydedup,6,2,enron_full_247605,exact_ref,4327.301,1,0,91570,5860672
fuzzydedup,4,2,enron_full_247605,exact_ref,3506.122,1,0,66415,4250752
fuzzydedup,5,2,enron_full_247605,exact_ref,3624.661,1,0,79763,5105024
fuzzydedup,4,2,enron_full_247963,exact_ref,1895.355,1,0,36596,2342336
fuzzydedup,5,2,enron_full_247963,exact_ref,2198.013,1,0,42244,2703808
fuzzydedup,6,2,enron_full_247963,exact_ref,2149.229,1,0,46846,2998336
fuzzydedup,5,2,enron_full_248460,exact_ref,4152.102,1,0,82282,5266240
fuzzydedup,6,2,enron_full_248460,exact_ref,4264.823,1,0,95630,6120512
fuzzydedup,4,2,enron_full_248460,exact_ref,3734.365,1,0,68460,4381632
fuzzydedup,6,2,enron_full_248776,no_exact_ref,5473.531,1,0,102689,6572288
fuzzydedup,4,2,enron_full_248776,no_exact_ref,3950.249,1,0,71648,4585664
fuzzydedup,5,2,enron_full_248776,no_exact_ref,4532.563,1,0,87181,5579776
fuzzydedup,4,2,enron_full_249257,no_exact_ref,3868.952,0,5,69400,4441600
fuzzydedup,5,2,enron_full_249257,no_exact_ref,4310.797,0,6,85290,5458560
fuzzydedup,6,2,enron_full_249257,no_exact_ref,4542.560,0,7,102455,6557120
fuzzydedup,5,2,enron_full_250519,exact_ref,4125.401,1,0,78515,5025152
fuzzydedup,6,2,enron_full_250519,exact_ref,5209.474,1,0,94426,6043456
fuzzydedup,4,2,enron_full_250519,exact_ref,3920.595,1,0,62754,4016448
fuzzydedup,6,2,enron_full_250725,exact_ref,1683.782,1,0,29109,1863168
fuzzydedup,4,2,enron_full_250725,exact_ref,1272.518,1,0,17969,1150208
fuzzydedup,5,2,enron_full_250725,exact_ref,1322.139,1,0,23029,1474048
fuzzydedup,4,2,enron_full_252462,no_exact_ref,5473.213,0,5,100182,6411648
fuzzydedup,5,2,enron_full_252462,no_exact_ref,6928.930,0,6,122217,7821888
fuzzydedup,6,2,enron_full_252462,no_exact_ref,6545.674,0,7,144058,9219712
fuzzydedup,5,2,enron_full_253509,no_exact_ref,4137.401,0,6,77432,4955648
fuzzydedup,6,2,enron_full_253509,no_exact_ref,4427.560,0,7,92448,5916672
fuzzydedup,4,2,enron_full_253509,no_exact_ref,3011.619,0,5,62545,4002880
fuzzydedup,6,2,enron_full_253676,exact_ref,3354.512,1,0,68934,4411968
fuzzydedup,4,2,enron_full_253676,exact_ref,2594.064,1,0,50790,3250752
fuzzydedup,5,2,enron_full_253676,exact_ref,2804.721,1,0,60376,3864256
fuzzydedup,4,2,enron_full_253776,exact_ref,2848.652,1,0,54579,3493248
fuzzydedup,5,2,enron_full_253776,exact_ref,2916.712,1,0,65261,4176896
fuzzydedup,6,2,enron_full_253776,exact_ref,3308.578,1,0,74847,4790400
fuzzydedup,5,2,enron_full_253875,exact_ref,4767.958,1,0,87827,5622656
fuzzydedup,6,2,enron_full_253875,exact_ref,5118.691,1,0,103335,6617728
fuzzydedup,4,2,enron_full_253875,exact_ref,4336.277,1,0,72294,4627200
fuzzydedup,6,2,enron_full_254022,exact_ref,4525.884,1,0,80333,5141504
fuzzydedup,4,2,enron_full_254022,exact_ref,2794.901,1,0,50360,3223232
fuzzydedup,5,2,enron_full_254022,exact_ref,3961.963,1,0,65072,4164800
fuzzydedup,4,2,enron_full_254732,exact_ref,1472.113,1,0,20669,1323008
fuzzydedup,5,2,enron_full_254732,exact_ref,1371.332,1,0,27443,1756544
fuzzydedup,6,2,enron_full_254732,exact_ref,2350.075,1,0,34895,2233472
fuzzydedup,5,2,enron_full_254813,exact_ref,4697.693,1,0,86798,5555264
fuzzydedup,6,2,enron_full_254813,exact_ref,4532.914,1,0,102770,6577472
fuzzydedup,4,2,enron_full_254813,exact_ref,3540.146,1,0,70391,4505216
fuzzydedup,6,2,enron_full_254930,no_exact_ref,7755.599,0,7,197015,12609024
fuzzydedup,4,2,enron_full_254930,no_exact_ref,5746.049,0,5,141284,9042176
fuzzydedup,5,2,enron_full_254930,no_exact_ref,7811.145,0,6,169864,10871296
fuzzydedup,4,2,enron_full_256359,no_exact_ref,5518.760,0,5,128135,8200640
fuzzydedup,5,2,enron_full_256359,no_exact_ref,6710.176,0,6,154598,9894272
fuzzydedup,6,2,enron_full_256359,no_exact_ref,7124.792,0,7,180015,11520960
fuzzydedup,5,2,enron_full_256719,no_exact_ref,6677.006,0,6,168810,10803840
fuzzydedup,6,2,enron_full_256719,no_exact_ref,8283.828,0,7,194887,12472768
fuzzydedup,4,2,enron_full_256719,no_exact_ref,6023.100,0,5,139973,8958272
fuzzydedup,6,2,enron_full_257223,no_exact_ref,1725.119,0,7,38406,2458112
fuzzydedup,4,2,enron_full_257223,no_exact_ref,1346.539,0,5,25353,1622656
fuzzydedup,5,2,enron_full_257223,no_exact_ref,1663.729,0,6,32008,2048576
fuzzydedup,4,2,enron_full_257476,no_exact_ref,3223.759,0,5,56325,3604800
fuzzydedup,5,2,enron_full_257476,no_exact_ref,2976.208,0,6,69703,4460992
fuzzydedup,6,2,enron_full_257476,no_exact_ref,3737.391,0,7,83781,5361984
fuzzydedup,5,2,enron_full_257526,no_exact_ref,5974.562,0,6,139663,8938432
fuzzydedup,6,2,enron_full_257526,no_exact_ref,6498.968,0,7,163334,10453376
fuzzydedup,4,2,enron_full_257526,no_exact_ref,4721.318,0,5,115506,7392384
fuzzydedup,6,2,enron_full_258106,no_exact_ref,3600.355,0,7,88518,5665152
fuzzydedup,4,2,enron_full_258106,no_exact_ref,2414.938,0,5,59159,3786176
fuzzydedup,5,2,enron_full_258106,no_exact_ref,3053.383,0,6,73355,4694720
fuzzydedup,4,2,enron_full_258436,no_exact_ref,5481.375,0,5,137103,8774592
fuzzydedup,5,2,enron_full_258436,no_exact_ref,6137.247,0,6,164671,10538944
fuzzydedup,6,2,enron_full_258436,no_exact_ref,7428.341,0,7,190614,12199296
fuzzydedup,5,2,enron_full_259050,exact_ref,3891.163,1,0,88068,5636544
fuzzydedup,6,2,enron_full_259050,exact_ref,4564.731,1,0,103601,6630656
fuzzydedup,4,2,enron_full_259050,exact_ref,3730.013,1,0,72096,4614336
fuzzydedup,6,2,enron_full_259076,no_exact_ref,3801.794,0,7,88518,5665152
fuzzydedup,4,2,enron_full_259076,no_exact_ref,2230.033,0,5,59159,3786176
fuzzydedup,5,2,enron_full_259076,no_exact_ref,2846.426,0,6,73355,4694720
fuzzydedup,4,2,enron_full_259321,exact_ref,2202.659,1,0,59745,3823872
fuzzydedup,5,2,enron_full_259321,exact_ref,2607.777,1,0,69331,4437376
fuzzydedup,6,2,enron_full_259321,exact_ref,2592.206,1,0,77889,4985088
fuzzydedup,5,2,enron_full_260192,exact_ref,2391.804,1,0,42299,2707328
fuzzydedup,6,2,enron_full_260192,exact_ref,2758.827,1,0,53350,3414592
fuzzydedup,4,2,enron_full_260192,exact_ref,1977.210,1,0,32243,2063744
fuzzydedup,6,2,enron_full_261884,no_exact_ref,1790.667,0,7,38406,2457984
fuzzydedup,4,2,enron_full_261884,no_exact_ref,1170.397,0,5,25353,1622592
fuzzydedup,5,2,enron_full_261884,no_exact_ref,1467.551,0,6,32008,2048512
fuzzydedup,4,2,enron_full_262514,exact_ref,2114.054,1,0,40661,2602496
fuzzydedup,5,2,enron_full_262514,exact_ref,2345.529,1,0,48091,3078016
fuzzydedup,6,2,enron_full_262514,exact_ref,2682.388,1,0,54313,3476224
fuzzydedup,5,2,enron_full_262785,no_exact_ref,2986.887,0,6,69703,4460992
fuzzydedup,6,2,enron_full_262785,no_exact_ref,3954.300,0,7,83781,5361984
fuzzydedup,4,2,enron_full_262785,no_exact_ref,2732.357,0,5,56325,3604800
fuzzydedup,6,2,enron_full_263240,exact_ref,3072.639,1,0,67631,4328576
fuzzydedup,4,2,enron_full_263240,exact_ref,2516.697,1,0,42608,2727104
fuzzydedup,5,2,enron_full_263240,exact_ref,2547.542,1,0,54302,3475520
fuzzydedup,4,2,enron_full_264723,no_exact_ref,6109.836,0,5,141284,9042176
fuzzydedup,5,2,enron_full_264723,no_exact_ref,7303.900,0,6,169864,10871296
fuzzydedup,6,2,enron_full_264723,no_exact_ref,7674.670,0,7,197015,12608960
fuzzydedup,5,2,enron_full_265023,exact_ref,1198.876,1,0,13247,848000
fuzzydedup,6,2,enron_full_265023,exact_ref,1023.856,1,0,16569,1060608
fuzzydedup,4,2,enron_full_265023,exact_ref,823.959,1,0,10220,654272
fuzzydedup,6,2,enron_full_265448,exact_ref,4703.637,1,0,95232,6095040
fuzzydedup,4,2,enron_full_265448,exact_ref,3724.697,1,0,62606,4006976
fuzzydedup,5,2,enron_full_265448,exact_ref,3911.864,1,0,78825,5044992
fuzzydedup,4,2,enron_full_265746,exact_ref,1747.668,1,0,32675,2091392
fuzzydedup,5,2,enron_full_265746,exact_ref,1548.931,1,0,37277,2385920
fuzzydedup,6,2,enron_full_265746,exact_ref,1601.581,1,0,40760,2608832
fuzzydedup,5,2,enron_full_265774,exact_ref,1558.352,1,0,37286,2388544
fuzzydedup,6,2,enron_full_265774,exact_ref,1580.176,1,0,40769,2611520
fuzzydedup,4,2,enron_full_265774,exact_ref,1410.509,1,0,32684,2092864
fuzzydedup,6,2,enron_full_266026,exact_ref,3245.875,1,0,61332,3925440
fuzzydedup,4,2,enron_full_266026,exact_ref,1822.915,1,0,38587,2469760
fuzzydedup,5,2,enron_full_266026,exact_ref,2582.780,1,0,49638,3177024
fuzzydedup,4,2,enron_full_266097,no_exact_ref,4906.263,0,5,115506,7392384
fuzzydedup,5,2,enron_full_266097,no_exact_ref,5860.056,0,6,139663,8938432
fuzzydedup,6,2,enron_full_266097,no_exact_ref,6334.677,0,7,163334,10453376
fuzzydedup,5,2,enron_full_267067,exact_ref,184.635,1,0,3296,211136
fuzzydedup,6,2,enron_full_267067,exact_ref,105.798,1,0,4228,270784
fuzzydedup,4,2,enron_full_267067,exact_ref,66.421,1,0,2534,162368
fuzzydedup,6,2,enron_full_267198,exact_ref,108.679,1,0,1642,105280
fuzzydedup,4,2,enron_full_267198,exact_ref,40.721,1,0,1037,66560
fuzzydedup,5,2,enron_full_267198,exact_ref,44.787,1,0,1304,83648
fuzzydedup,4,2,enron_full_268981,exact_ref,2334.679,1,0,38752,2480320
fuzzydedup,5,2,enron_full_268981,exact_ref,2856.452,1,0,49803,3187584
fuzzydedup,6,2,enron_full_268981,exact_ref,3032.154,1,0,61497,3936000
fuzzydedup,5,2,enron_full_269702,no_exact_ref,3459.018,0,6,73355,4701440
fuzzydedup,6,2,enron_full_269702,no_exact_ref,3715.929,0,7,88518,5679360
fuzzydedup,4,2,enron_full_269702,no_exact_ref,2693.926,0,5,59159,3788608
fuzzydedup,6,2,enron_full_270257,no_exact_ref,3975.950,0,7,100525,6442240
fuzzydedup,4,2,enron_full_270257,no_exact_ref,2663.637,0,5,68018,4354368
fuzzydedup,5,2,enron_full_270257,no_exact_ref,3551.900,0,6,84314,5400320
fuzzydedup,4,2,enron_full_270526,exact_ref,4540.371,1,0,72440,4636352
fuzzydedup,5,2,enron_full_270526,exact_ref,4280.929,1,0,87948,5628864
fuzzydedup,6,2,enron_full_270526,exact_ref,4965.621,1,0,102331,6549376
fuzzydedup,5,2,enron_full_271097,exact_ref,4599.325,1,0,88333,5653504
fuzzydedup,6,2,enron_full_271097,exact_ref,6473.329,1,0,103866,6647616
fuzzydedup,4,2,enron_full_271097,exact_ref,3837.733,1,0,72361,4631296
fuzzydedup,6,2,enron_full_271232,exact_ref,2849.368,1,0,50592,3238080
fuzzydedup,4,2,enron_full_271232,exact_ref,2286.393,1,0,31091,1990016
fuzzydedup,5,2,enron_full_271232,exact_ref,2263.743,1,0,40536,2594496
fuzzydedup,4,2,enron_full_272570,no_exact_ref,3538.453,0,5,77883,4984512
fuzzydedup,5,2,enron_full_272570,no_exact_ref,3507.957,0,6,95188,6092032
fuzzydedup,6,2,enron_full_272570,no_exact_ref,4178.676,0,7,112519,7201216
fuzzydedup,5,2,enron_full_273248,exact_ref,2446.962,1,0,53891,3449216
fuzzydedup,6,2,enron_full_273248,exact_ref,2451.424,1,0,60113,3847424
fuzzydedup,4,2,enron_full_273248,exact_ref,1906.381,1,0,46461,2973696
fuzzydedup,6,2,enron_full_273363,exact_ref,3118.222,1,0,60923,3899264
fuzzydedup,4,2,enron_full_273363,exact_ref,1796.881,1,0,38178,2443584
fuzzydedup,5,2,enron_full_273363,exact_ref,2619.267,1,0,49229,3150848
fuzzydedup,4,2,enron_full_273791,exact_ref,3706.308,1,0,70991,4543616
fuzzydedup,5,2,enron_full_273791,exact_ref,4096.890,1,0,87398,5593664
fuzzydedup,6,2,enron_full_273791,exact_ref,4360.489,1,0,103370,6615872
fuzzydedup,5,2,enron_full_273820,exact_ref,3161.852,1,0,60084,3845568
fuzzydedup,6,2,enron_full_273820,exact_ref,3295.063,1,0,74281,4754176
fuzzydedup,4,2,enron_full_273820,exact_ref,2632.446,1,0,46755,2992512
fuzzydedup,6,2,enron_full_273961,exact_ref,684.411,1,0,4673,299264
fuzzydedup,4,2,enron_full_273961,exact_ref,77.069,1,0,2824,180928
fuzzydedup,5,2,enron_full_273961,exact_ref,85.364,1,0,3756,240576
fuzzydedup,4,2,enron_full_274206,exact_ref,575.044,1,0,4103,262784
fuzzydedup,5,2,enron_full_274206,exact_ref,614.811,1,0,5255,336512
fuzzydedup,6,2,enron_full_274206,exact_ref,708.536,1,0,6593,422144
fuzzydedup,5,2,enron_full_274561,exact_ref,3691.797,1,0,77231,4942976
fuzzydedup,6,2,enron_full_274561,exact_ref,3981.504,1,0,87913,5626624
fuzzydedup,4,2,enron_full_274561,exact_ref,3351.713,1,0,65424,4187328
fuzzydedup,6,2,enron_full_274757,exact_ref,5381.755,1,0,102557,6563840
fuzzydedup,4,2,enron_full_274757,exact_ref,4363.930,1,0,72666,4650816
fuzzydedup,5,2,enron_full_274757,exact_ref,4450.451,1,0,88174,5643328
fuzzydedup,4,2,enron_full_274786,no_exact_ref,3578.696,0,5,77883,4984512
fuzzydedup,5,2,enron_full_274786,no_exact_ref,4284.129,0,6,95188,6092032
fuzzydedup,6,2,enron_full_274786,no_exact_ref,4488.123,0,7,112519,7201216
fuzzydedup,5,2,enron_full_275183,no_exact_ref,6842.456,0,6,164671,10538944
fuzzydedup,6,2,enron_full_275183,no_exact_ref,8492.632,0,7,190614,12199296
fuzzydedup,4,2,enron_full_275183,no_exact_ref,6099.790,0,5,137103,8774592
fuzzydedup,6,2,enron_full_275570,exact_ref,1218.331,1,0,19762,1264960
fuzzydedup,4,2,enron_full_275570,exact_ref,931.888,1,0,16405,1050112
fuzzydedup,5,2,enron_full_275570,exact_ref,1129.035,1,0,18220,1166272
fuzzydedup,4,2,enron_full_276028,no_exact_ref,6645.933,0,5,137769,8817216
fuzzydedup,5,2,enron_full_276028,no_exact_ref,7503.961,0,6,164996,10559744
fuzzydedup,6,2,enron_full_276028,no_exact_ref,8278.564,0,7,191555,12259520
fuzzydedup,5,2,enron_full_276324,exact_ref,109.259,1,0,959,61568
fuzzydedup,6,2,enron_full_276324,exact_ref,77.964,1,0,1171,75136
fuzzydedup,4,2,enron_full_276324,exact_ref,34.704,1,0,748,48064
fuzzydedup,6,2,enron_full_276342,exact_ref,929.054,1,0,15752,1008320
fuzzydedup,4,2,enron_full_276342,exact_ref,920.364,1,0,13095,838272
fuzzydedup,5,2,enron_full_276342,exact_ref,896.348,1,0,14637,936960
fuzzydedup,4,2,enron_full_277439,no_exact_ref,760.715,0,5,5778,369792
fuzzydedup,5,2,enron_full_277439,no_exact_ref,788.841,0,6,7305,467520
fuzzydedup,6,2,enron_full_277439,no_exact_ref,777.146,0,7,8821,564544
fuzzydedup,5,2,enron_full_277990,exact_ref,2456.651,1,0,48864,3127488
fuzzydedup,6,2,enron_full_277990,exact_ref,2608.738,1,0,54512,3488960
fuzzydedup,4,2,enron_full_277990,exact_ref,2175.177,1,0,42642,2729280
fuzzydedup,6,2,enron_full_278811,exact_ref,1089.685,1,0,14769,945408
fuzzydedup,4,2,enron_full_278811,exact_ref,663.758,1,0,9056,579776
fuzzydedup,5,2,enron_full_278811,exact_ref,945.696,1,0,11742,751680
fuzzydedup,4,2,enron_full_279563,no_exact_ref,4292.759,1,0,72626,4648256
fuzzydedup,5,2,enron_full_279563,no_exact_ref,4208.099,1,0,88134,5640768
fuzzydedup,6,2,enron_full_279563,no_exact_ref,5012.568,1,0,102517,6561280
fuzzydedup,5,2,enron_full_279751,exact_ref,4321.703,1,0,80169,5131008
fuzzydedup,6,2,enron_full_279751,exact_ref,4479.327,1,0,95677,6123520
fuzzydedup,4,2,enron_full_279751,exact_ref,3203.856,1,0,64636,4136896
fuzzydedup,6,2,enron_full_280423,no_exact_ref,7309.729,0,7,197034,12610176
fuzzydedup,4,2,enron_full_280423,no_exact_ref,5644.868,0,5,140955,9021120
fuzzydedup,5,2,enron_full_280423,no_exact_ref,6500.762,0,6,169489,10847296
fuzzydedup,4,2,enron_full_280603,no_exact_ref,5729.939,0,5,137769,8817216
fuzzydedup,5,2,enron_full_280603,no_exact_ref,6568.995,0,6,164996,10559744
fuzzydedup,6,2,enron_full_280603,no_exact_ref,7845.113,0,7,191555,12259520
fuzzydedup,5,2,enron_full_281547,no_exact_ref,6089.701,0,6,164671,10538944
fuzzydedup,6,2,enron_full_281547,no_exact_ref,6798.733,0,7,190614,12199296
fuzzydedup,4,2,enron_full_281547,no_exact_ref,5378.253,0,5,137103,8774592
fuzzydedup,6,2,enron_full_282395,exact_ref,3116.723,1,0,56285,3602432
fuzzydedup,4,2,enron_full_282395,exact_ref,2196.817,1,0,35178,2251584
fuzzydedup,5,2,enron_full_282395,exact_ref,2017.257,1,0,45234,2895168
fuzzydedup,4,2,enron_full_283356,exact_ref,2900.849,1,0,57764,3697088
fuzzydedup,5,2,enron_full_283356,exact_ref,3082.704,1,0,68446,4380736
fuzzydedup,6,2,enron_full_283356,exact_ref,3023.009,1,0,78032,4994432
fuzzydedup,5,2,enron_full_283839,exact_ref,1803.439,1,0,45914,2938688
fuzzydedup,6,2,enron_full_283839,exact_ref,2179.457,1,0,51562,3300160
fuzzydedup,4,2,enron_full_283839,exact_ref,1751.852,1,0,39692,2540480
fuzzydedup,6,2,enron_full_283868,exact_ref,1769.085,1,0,45024,2881728
fuzzydedup,4,2,enron_full_283868,exact_ref,1753.136,1,0,34774,2225728
fuzzydedup,5,2,enron_full_283868,exact_ref,1677.902,1,0,40422,2587200
fuzzydedup,4,2,enron_full_284197,exact_ref,864.772,1,0,10968,702144
fuzzydedup,5,2,enron_full_284197,exact_ref,834.348,1,0,12510,800832
fuzzydedup,6,2,enron_full_284197,exact_ref,729.743,1,0,13625,872192
fuzzydedup,5,2,enron_full_284956,exact_ref,3586.972,1,0,84169,5387008
fuzzydedup,6,2,enron_full_284956,exact_ref,4011.657,1,0,97517,6241280
fuzzydedup,4,2,enron_full_284956,exact_ref,3237.472,1,0,70347,4502400
fuzzydedup,6,2,enron_full_285559,exact_ref,2768.435,1,0,69109,4423168
fuzzydedup,4,2,enron_full_285559,exact_ref,2397.106,1,0,53121,3399936
fuzzydedup,5,2,enron_full_285559,exact_ref,2366.068,1,0,61679,3947648
fuzzydedup,4,2,enron_full_286024,exact_ref,3823.700,1,0,66104,4230848
fuzzydedup,5,2,enron_full_286024,exact_ref,3823.907,1,0,81612,5223360
fuzzydedup,6,2,enron_full_286024,exact_ref,4258.313,1,0,95995,6143872
fuzzydedup,5,2,enron_full_286036,exact_ref,2983.562,1,0,55504,3552448
fuzzydedup,6,2,enron_full_286036,exact_ref,3034.077,1,0,61726,3950656
fuzzydedup,4,2,enron_full_286036,exact_ref,2300.402,1,0,48074,3076928
fuzzydedup,6,2,enron_full_286164,exact_ref,4677.077,1,0,82063,5252224
fuzzydedup,4,2,enron_full_286164,exact_ref,2834.859,1,0,52090,3333952
fuzzydedup,5,2,enron_full_286164,exact_ref,4444.865,1,0,66802,4275520
fuzzydedup,4,2,enron_full_286899,exact_ref,3609.776,1,0,62349,3990528
fuzzydedup,5,2,enron_full_286899,exact_ref,4349.063,1,0,78260,5008832
fuzzydedup,6,2,enron_full_286899,exact_ref,4769.872,1,0,94479,6046848
fuzzydedup,5,2,enron_full_287012,no_exact_ref,7582.191,0,6,169489,10847296
fuzzydedup,6,2,enron_full_287012,no_exact_ref,8395.697,0,7,197034,12610176
fuzzydedup,4,2,enron_full_287012,no_exact_ref,6735.404,0,5,140955,9021120
fuzzydedup,6,2,enron_full_287512,exact_ref,5184.962,1,0,95626,6120256
fuzzydedup,4,2,enron_full_287512,exact_ref,5267.131,1,0,63954,4093248
fuzzydedup,5,2,enron_full_287512,exact_ref,4594.342,1,0,79715,5101952
fuzzydedup,4,2,enron_full_287655,exact_ref,4403.390,1,0,60151,3849856
fuzzydedup,5,2,enron_full_287655,exact_ref,4508.576,1,0,75412,4826560
fuzzydedup,6,2,enron_full_287655,exact_ref,5540.574,1,0,91173,5835264
fuzzydedup,5,2,enron_full_287736,exact_ref,5116.551,1,0,83486,5343296
fuzzydedup,6,2,enron_full_287736,exact_ref,5455.460,1,0,98994,6335808
fuzzydedup,4,2,enron_full_287736,exact_ref,4799.429,1,0,67953,4349184
fuzzydedup,6,2,enron_full_287760,exact_ref,5266.614,1,0,91176,5835456
fuzzydedup,4,2,enron_full_287760,exact_ref,4440.552,1,0,60154,3850048
fuzzydedup,5,2,enron_full_287760,exact_ref,4524.479,1,0,75415,4826752
fuzzydedup,4,2,enron_full_287778,exact_ref,3309.531,1,0,56228,3598784
fuzzydedup,5,2,enron_full_287778,exact_ref,3777.094,1,0,66910,4282432
fuzzydedup,6,2,enron_full_287778,exact_ref,3878.697,1,0,76496,4895936
fuzzydedup,5,2,enron_full_288938,exact_ref,3133.945,1,0,48568,3108544
fuzzydedup,6,2,enron_full_288938,exact_ref,3973.467,1,0,60262,3856960
fuzzydedup,4,2,enron_full_288938,exact_ref,2074.627,1,0,37517,2401280
fuzzydedup,6,2,enron_full_289243,no_exact_ref,5936.408,0,7,144058,9219712
fuzzydedup,4,2,enron_full_289243,no_exact_ref,5097.867,0,5,100182,6411648
fuzzydedup,5,2,enron_full_289243,no_exact_ref,6091.149,0,6,122217,7821888
fuzzydedup,4,2,enron_full_291054,no_exact_ref,6007.559,0,5,141284,9042176
fuzzydedup,5,2,enron_full_291054,no_exact_ref,7310.711,0,6,169864,10871296
fuzzydedup,6,2,enron_full_291054,no_exact_ref,8145.145,0,7,197015,12608960
fuzzydedup,5,2,enron_full_291275,no_exact_ref,6183.468,0,6,147636,9448704
fuzzydedup,6,2,enron_full_291275,no_exact_ref,7802.432,0,7,172289,11026624
fuzzydedup,4,2,enron_full_291275,no_exact_ref,6402.781,0,5,121972,7806208
fuzzydedup,6,2,enron_full_291375,no_exact_ref,7689.428,0,7,177736,11375104
fuzzydedup,4,2,enron_full_291375,no_exact_ref,5511.591,0,5,127462,8157568
fuzzydedup,5,2,enron_full_291375,no_exact_ref,5735.851,0,6,153267,9809088
fuzzydedup,4,2,enron_full_291790,exact_ref,3915.506,1,0,71438,4572224
fuzzydedup,5,2,enron_full_291790,exact_ref,4717.169,1,0,87845,5622272
fuzzydedup,6,2,enron_full_291790,exact_ref,4555.868,1,0,103817,6644480
fuzzydedup,5,2,enron_full_292561,exact_ref,2769.644,1,0,50066,3204416
fuzzydedup,6,2,enron_full_292561,exact_ref,3140.456,1,0,61760,3952832
fuzzydedup,4,2,enron_full_292561,exact_ref,2417.372,1,0,39015,2497152
fuzzydedup,6,2,enron_full_292656,exact_ref,1505.881,1,0,29500,1888192
fuzzydedup,4,2,enron_full_292656,exact_ref,1135.425,1,0,24163,1546624
fuzzydedup,5,2,enron_full_292656,exact_ref,1075.925,1,0,27111,1735296
fuzzydedup,4,2,enron_full_293066,exact_ref,1973.832,1,0,43042,2754880
fuzzydedup,5,2,enron_full_293066,exact_ref,2060.131,1,0,49264,3153088
fuzzydedup,6,2,enron_full_293066,exact_ref,2026.186,1,0,54912,3514560
fuzzydedup,5,2,enron_full_293083,exact_ref,4609.461,1,0,87813,5620224
fuzzydedup,6,2,enron_full_293083,exact_ref,5845.882,1,0,103785,6642432
fuzzydedup,4,2,enron_full_293083,exact_ref,3541.313,1,0,71406,4570176
fuzzydedup,6,2,enron_full_293619,exact_ref,3485.964,1,0,67525,4321792
fuzzydedup,4,2,enron_full_293619,exact_ref,2640.108,1,0,42502,2720320
fuzzydedup,5,2,enron_full_293619,exact_ref,3354.238,1,0,54196,3468736
fuzzydedup,4,2,enron_full_293948,no_exact_ref,6068.244,0,5,140955,9021184
fuzzydedup,5,2,enron_full_293948,no_exact_ref,6689.744,0,6,169489,10847360
fuzzydedup,6,2,enron_full_293948,no_exact_ref,8118.354,0,7,197034,12610240
fuzzydedup,5,2,enron_full_293985,exact_ref,960.310,1,0,18384,1176768
fuzzydedup,6,2,enron_full_293985,exact_ref,974.975,1,0,19926,1275456
fuzzydedup,4,2,enron_full_293985,exact_ref,931.210,1,0,16569,1060608
fuzzydedup,6,2,enron_full_295023,exact_ref,4492.430,1,0,102984,6591168
fuzzydedup,4,2,enron_full_295023,exact_ref,4611.302,1,0,73093,4678144
fuzzydedup,5,2,enron_full_295023,exact_ref,4099.316,1,0,88601,5670656
fuzzydedup,4,2,enron_full_295246,no_exact_ref,1600.585,0,5,36079,2309056
fuzzydedup,5,2,enron_full_295246,no_exact_ref,2020.953,0,6,45752,2928320
fuzzydedup,6,2,enron_full_295246,no_exact_ref,2030.993,0,7,56044,3588032
fuzzydedup,5,2,enron_full_296957,no_exact_ref,5696.032,0,6,122217,7821952
fuzzydedup,6,2,enron_full_296957,no_exact_ref,6545.633,0,7,144058,9219840
fuzzydedup,4,2,enron_full_296957,no_exact_ref,4778.449,0,5,100182,6411712
fuzzydedup,6,2,enron_full_298392,no_exact_ref,1399.636,0,7,30403,1945792
fuzzydedup,4,2,enron_full_298392,no_exact_ref,1172.394,0,5,20078,1284992
fuzzydedup,5,2,enron_full_298392,no_exact_ref,1406.409,0,6,25066,1604224
fuzzydedup,4,2,enron_full_298764,no_exact_ref,6763.317,0,5,140955,9021120
fuzzydedup,5,2,enron_full_298764,no_exact_ref,6568.937,0,6,169489,10847296
fuzzydedup,6,2,enron_full_298764,no_exact_ref,9231.531,0,7,197034,12610176
fuzzydedup,5,2,enron_full_299033,no_exact_ref,7002.972,0,6,168810,10803840
fuzzydedup,6,2,enron_full_299033,no_exact_ref,9604.969,0,7,194887,12472768
fuzzydedup,4,2,enron_full_299033,no_exact_ref,7114.319,0,5,139973,8958272
fuzzydedup,6,2,enron_full_299289,exact_ref,122.022,1,0,1111,71296
fuzzydedup,4,2,enron_full_299289,exact_ref,36.451,1,0,738,47424
fuzzydedup,5,2,enron_full_299289,exact_ref,37.213,1,0,900,57792
fuzzydedup,4,2,enron_full_299345,exact_ref,4048.978,1,0,61523,3937664
fuzzydedup,5,2,enron_full_299345,exact_ref,4598.740,1,0,75345,4822272
fuzzydedup,6,2,enron_full_299345,exact_ref,4229.110,1,0,88693,5676544
fuzzydedup,5,2,enron_full_299690,exact_ref,4990.498,1,0,89353,5718784
fuzzydedup,6,2,enron_full_299690,exact_ref,5563.077,1,0,104861,6711296
fuzzydedup,4,2,enron_full_299690,exact_ref,3985.148,1,0,73820,4724672
fuzzydedup,6,2,enron_full_300310,exact_ref,2786.561,1,0,41248,2640064
fuzzydedup,4,2,enron_full_300310,exact_ref,1487.286,1,0,25550,1635392
fuzzydedup,5,2,enron_full_300310,exact_ref,2291.377,1,0,33002,2112320
fuzzydedup,4,2,enron_full_300702,exact_ref,4082.915,1,0,73091,4678016
fuzzydedup,5,2,enron_full_300702,exact_ref,5029.652,1,0,87474,5598528
fuzzydedup,6,2,enron_full_300702,exact_ref,4815.339,1,0,101296,6483136
fuzzydedup,5,2,enron_full_301521,exact_ref,2498.159,1,0,49657,3178240
fuzzydedup,6,2,enron_full_301521,exact_ref,2548.989,1,0,55305,3539712
fuzzydedup,4,2,enron_full_301521,exact_ref,2462.592,1,0,43435,2780032
fuzzydedup,6,2,enron_full_301926,exact_ref,3195.617,1,0,76213,4878016
fuzzydedup,4,2,enron_full_301926,exact_ref,2238.394,1,0,58069,3716608
fuzzydedup,5,2,enron_full_301926,exact_ref,2871.866,1,0,67655,4330304
fuzzydedup,4,2,enron_full_302529,exact_ref,857.222,1,0,10256,656576
fuzzydedup,5,2,enron_full_302529,exact_ref,1042.330,1,0,13283,850304
fuzzydedup,6,2,enron_full_302529,exact_ref,1126.040,1,0,16605,1062912
fuzzydedup,5,2,enron_full_303527,exact_ref,4631.880,1,0,70848,4534464
fuzzydedup,6,2,enron_full_303527,exact_ref,5556.462,1,0,86109,5511168
fuzzydedup,4,2,enron_full_303527,exact_ref,3000.925,1,0,56136,3592896
fuzzydedup,6,2,enron_full_304134,exact_ref,4060.111,1,0,88703,5677184
fuzzydedup,4,2,enron_full_304134,exact_ref,4067.772,1,0,66214,4237888
fuzzydedup,5,2,enron_full_304134,exact_ref,3406.866,1,0,78021,4993536
fuzzydedup,4,2,enron_full_304324,exact_ref,3880.114,1,0,73900,4729792
fuzzydedup,5,2,enron_full_304324,exact_ref,4120.854,1,0,89408,5722304
fuzzydedup,6,2,enron_full_304324,exact_ref,4707.283,1,0,103791,6642816
fuzzydedup,5,2,enron_full_305112,exact_ref,3020.248,1,0,62032,3970240
fuzzydedup,6,2,enron_full_305112,exact_ref,2861.771,1,0,69462,4445760
fuzzydedup,4,2,enron_full_305112,exact_ref,2277.188,1,0,53474,3422528
fuzzydedup,6,2,enron_full_305491,exact_ref,2821.811,1,0,76126,4872256
fuzzydedup,4,2,enron_full_305491,exact_ref,2137.188,1,0,57982,3711040
fuzzydedup,5,2,enron_full_305491,exact_ref,2514.339,1,0,67568,4324544
fuzzydedup,4,2,enron_full_305595,exact_ref,3977.272,1,0,72924,4667328
fuzzydedup,5,2,enron_full_305595,exact_ref,3916.185,1,0,87307,5587840
fuzzydedup,6,2,enron_full_305595,exact_ref,4130.693,1,0,101129,6472448
fuzzydedup,5,2,enron_full_306022,exact_ref,2769.183,1,0,67876,4344256
fuzzydedup,6,2,enron_full_306022,exact_ref,2655.699,1,0,76434,4891968
fuzzydedup,4,2,enron_full_306022,exact_ref,2508.157,1,0,58290,3730752
fuzzydedup,6,2,enron_full_306282,exact_ref,914.143,1,0,16859,1079168
fuzzydedup,4,2,enron_full_306282,exact_ref,774.737,1,0,13502,864320
fuzzydedup,5,2,enron_full_306282,exact_ref,760.305,1,0,15317,980480
fuzzydedup,4,2,enron_full_306838,exact_ref,2709.454,1,0,43057,2755840
fuzzydedup,5,2,enron_full_306838,exact_ref,2525.232,1,0,54751,3504256
fuzzydedup,6,2,enron_full_306838,exact_ref,3021.091,1,0,68080,4357312
fuzzydedup,5,2,enron_full_306879,exact_ref,4805.888,1,0,86449,5532928
fuzzydedup,6,2,enron_full_306879,exact_ref,4807.352,1,0,102856,6582976
fuzzydedup,4,2,enron_full_306879,exact_ref,3434.867,1,0,70230,4494912
fuzzydedup,6,2,enron_full_307066,exact_ref,4428.880,1,0,104732,6703040
fuzzydedup,4,2,enron_full_307066,exact_ref,3673.442,1,0,73227,4686720
fuzzydedup,5,2,enron_full_307066,exact_ref,4803.763,1,0,89199,5708928
fuzzydedup,4,2,enron_full_307536,exact_ref,3716.766,1,0,68008,4352704
fuzzydedup,5,2,enron_full_307536,exact_ref,3888.604,1,0,83919,5371008
fuzzydedup,6,2,enron_full_307536,exact_ref,4857.573,1,0,100138,6409024
fuzzydedup,5,2,enron_full_307959,exact_ref,1005.655,1,0,14856,950976
fuzzydedup,6,2,enron_full_307959,exact_ref,787.676,1,0,15971,1022528
fuzzydedup,4,2,enron_full_307959,exact_ref,751.380,1,0,13314,852288
fuzzydedup,6,2,enron_full_308283,exact_ref,4393.421,1,0,104135,6664832
fuzzydedup,4,2,enron_full_308283,exact_ref,3270.366,1,0,71756,4592576
fuzzydedup,5,2,enron_full_308283,exact_ref,4210.630,1,0,88163,5642624
fuzzydedup,4,2,enron_full_308504,exact_ref,2746.682,1,0,53792,3442880
fuzzydedup,5,2,enron_full_308504,exact_ref,2966.060,1,0,62350,3990592
fuzzydedup,6,2,enron_full_308504,exact_ref,2771.500,1,0,69780,4466112
fuzzydedup,5,2,enron_full_308666,exact_ref,1188.029,1,0,27273,1745664
fuzzydedup,6,2,enron_full_308666,exact_ref,1249.204,1,0,29662,1898560
fuzzydedup,4,2,enron_full_308666,exact_ref,1146.407,1,0,24325,1556992
fuzzydedup,6,2,enron_full_310049,exact_ref,1175.533,1,0,18644,1193408
fuzzydedup,4,2,enron_full_310049,exact_ref,1070.039,1,0,11486,735296
fuzzydedup,5,2,enron_full_310049,exact_ref,1079.494,1,0,14808,947904
fuzzydedup,4,2,enron_full_310050,exact_ref,1403.193,1,0,29183,1867904
fuzzydedup,5,2,enron_full_310050,exact_ref,1781.864,1,0,32666,2090816
fuzzydedup,6,2,enron_full_310050,exact_ref,1455.469,1,0,35614,2279488
fuzzydedup,5,2,enron_full_310056,exact_ref,2812.101,1,0,62386,3992896
fuzzydedup,6,2,enron_full_310056,exact_ref,2736.452,1,0,69816,4468416
fuzzydedup,4,2,enron_full_310056,exact_ref,2426.210,1,0,53828,3445184
fuzzydedup,6,2,enron_full_310895,exact_ref,1276.886,1,0,23776,1521856
fuzzydedup,4,2,enron_full_310895,exact_ref,861.272,1,0,14344,918208
fuzzydedup,5,2,enron_full_310895,exact_ref,917.545,1,0,18540,1186752
fuzzydedup,4,2,enron_full_310913,exact_ref,3721.925,1,0,72176,4619456
fuzzydedup,5,2,enron_full_310913,exact_ref,4823.718,1,0,88583,5669504
fuzzydedup,6,2,enron_full_310913,exact_ref,4465.262,1,0,104555,6691712
fuzzydedup,5,2,enron_full_311017,exact_ref,3832.628,1,0,86572,5540800
fuzzydedup,6,2,enron_full_311017,exact_ref,5045.228,1,0,102979,6590848
fuzzydedup,4,2,enron_full_311017,exact_ref,3356.178,1,0,70353,4502784
fuzzydedup,6,2,enron_full_313090,exact_ref,4442.530,1,0,101088,6469824
fuzzydedup,4,2,enron_full_313090,exact_ref,3400.966,1,0,72883,4664704
fuzzydedup,5,2,enron_full_313090,exact_ref,4000.414,1,0,87266,5585216
fuzzydedup,4,2,enron_full_314206,exact_ref,3025.074,1,0,43238,2767424
fuzzydedup,5,2,enron_full_314206,exact_ref,2789.433,1,0,54932,3515840
fuzzydedup,6,2,enron_full_314206,exact_ref,2940.225,1,0,68261,4368896
fuzzydedup,5,2,enron_full_314362,exact_ref,2121.296,1,0,45454,2909248
fuzzydedup,6,2,enron_full_314362,exact_ref,2757.341,1,0,56505,3616512
fuzzydedup,4,2,enron_full_314362,exact_ref,2177.119,1,0,35398,2265664
fuzzydedup,6,2,enron_full_315231,exact_ref,5241.258,1,0,105074,6724928
fuzzydedup,4,2,enron_full_315231,exact_ref,3583.555,1,0,73569,4708608
fuzzydedup,5,2,enron_full_315231,exact_ref,3833.196,1,0,89541,5730816
fuzzydedup,4,2,enron_full_315279,exact_ref,3581.400,1,0,73310,4692032
fuzzydedup,5,2,enron_full_315279,exact_ref,4376.115,1,0,89282,5714240
fuzzydedup,6,2,enron_full_315279,exact_ref,5342.026,1,0,104815,6708352
fuzzydedup,5,2,enron_full_315623,exact_ref,1501.911,1,0,32460,2077632
fuzzydedup,6,2,enron_full_315623,exact_ref,1434.629,1,0,35408,2266304
fuzzydedup,4,2,enron_full_315623,exact_ref,1338.790,1,0,28977,1854720
fuzzydedup,6,2,enron_full_316006,exact_ref,1084.609,1,0,16039,1026688
fuzzydedup,4,2,enron_full_316006,exact_ref,789.569,1,0,13382,856640
fuzzydedup,5,2,enron_full_316006,exact_ref,840.289,1,0,14924,955328
fuzzydedup,4,2,enron_full_317192,exact_ref,2486.407,1,0,31442,2012544
fuzzydedup,5,2,enron_full_317192,exact_ref,2111.804,1,0,40887,2617024
fuzzydedup,6,2,enron_full_317192,exact_ref,2294.207,1,0,50943,3260608
fuzzydedup,5,2,enron_full_317451,exact_ref,671.583,1,0,11898,761664
fuzzydedup,6,2,enron_full_317451,exact_ref,285.899,1,0,12604,806848
fuzzydedup,4,2,enron_full_317451,exact_ref,449.011,1,0,10783,690304
fuzzydedup,6,2,enron_full_318133,exact_ref,4569.775,1,0,85983,5503104
fuzzydedup,4,2,enron_full_318133,exact_ref,3021.433,1,0,56010,3584832
fuzzydedup,5,2,enron_full_318133,exact_ref,4454.466,1,0,70722,4526400
fuzzydedup,4,2,enron_full_318207,exact_ref,462.918,1,0,6576,421056
fuzzydedup,5,2,enron_full_318207,exact_ref,192.571,1,0,7135,456832
fuzzydedup,6,2,enron_full_318207,exact_ref,185.834,1,0,7515,481152
fuzzydedup,5,2,enron_full_318845,exact_ref,4201.139,1,0,80339,5141888
fuzzydedup,6,2,enron_full_318845,exact_ref,4849.239,1,0,96250,6160192
fuzzydedup,4,2,enron_full_318845,exact_ref,4148.931,1,0,64578,4133184
fuzzydedup,6,2,enron_full_318909,exact_ref,4954.253,1,0,101285,6482432
fuzzydedup,4,2,enron_full_318909,exact_ref,4018.125,1,0,73080,4677312
fuzzydedup,5,2,enron_full_318909,exact_ref,4535.100,1,0,87463,5597824
fuzzydedup,4,2,enron_full_319080,exact_ref,1166.596,1,0,20309,1299968
fuzzydedup,5,2,enron_full_319080,exact_ref,1277.291,1,0,22698,1452864
fuzzydedup,6,2,enron_full_319080,exact_ref,1357.995,1,0,24513,1569024
fuzzydedup,5,2,enron_full_319320,exact_ref,5570.087,1,0,89185,5708032
fuzzydedup,6,2,enron_full_319320,exact_ref,5208.331,1,0,104693,6700544
fuzzydedup,4,2,enron_full_319320,exact_ref,4139.856,1,0,73652,4713920
fuzzydedup,6,2,enron_full_319952,exact_ref,5869.551,1,0,99861,6391488
fuzzydedup,4,2,enron_full_319952,exact_ref,3898.542,1,0,67731,4334976
fuzzydedup,5,2,enron_full_319952,exact_ref,4517.934,1,0,83642,5353472
fuzzydedup,4,2,enron_full_320564,exact_ref,3873.681,1,0,66390,4249152
fuzzydedup,5,2,enron_full_320564,exact_ref,3907.429,1,0,78197,5004800
fuzzydedup,6,2,enron_full_320564,exact_ref,3905.591,1,0,88879,5688448
fuzzydedup,5,2,enron_full_320626,exact_ref,4529.536,1,0,75903,4857984
fuzzydedup,6,2,enron_full_320626,exact_ref,4881.091,1,0,91664,5866688
fuzzydedup,4,2,enron_full_320626,exact_ref,4036.034,1,0,60642,3881280
fuzzydedup,6,2,enron_full_321445,exact_ref,3864.033,1,0,82691,5292416
fuzzydedup,4,2,enron_full_321445,exact_ref,3065.129,1,0,62423,3995264
fuzzydedup,5,2,enron_full_321445,exact_ref,3144.432,1,0,73105,4678912
fuzzydedup,4,2,enron_full_321807,exact_ref,982.059,1,0,14270,913472
fuzzydedup,5,2,enron_full_321807,exact_ref,1143.012,1,0,18466,1182016
fuzzydedup,6,2,enron_full_321807,exact_ref,1402.947,1,0,23702,1517120
fuzzydedup,5,2,enron_full_321918,exact_ref,4510.249,1,0,70908,4538304
fuzzydedup,6,2,enron_full_321918,exact_ref,4522.367,1,0,86169,5515008
fuzzydedup,4,2,enron_full_321918,exact_ref,2806.733,1,0,56196,3596736
fuzzydedup,6,2,enron_full_322149,exact_ref,5001.656,1,0,104101,6662656
fuzzydedup,4,2,enron_full_322149,exact_ref,3475.953,1,0,71722,4590400
fuzzydedup,5,2,enron_full_322149,exact_ref,4282.716,1,0,88129,5640448
fuzzydedup,4,2,enron_full_322706,exact_ref,433.692,1,0,3627,232320
fuzzydedup,5,2,enron_full_322706,exact_ref,141.143,1,0,3903,249984
fuzzydedup,6,2,enron_full_322706,exact_ref,134.736,1,0,4178,267584
fuzzydedup,5,2,enron_full_322737,exact_ref,1354.978,1,0,32561,2084096
fuzzydedup,6,2,enron_full_322737,exact_ref,1480.797,1,0,35509,2272768
fuzzydedup,4,2,enron_full_322737,exact_ref,1247.148,1,0,29078,1861184
fuzzydedup,6,2,enron_full_322757,exact_ref,1794.588,1,0,33078,2117184
fuzzydedup,4,2,enron_full_322757,exact_ref,1273.669,1,0,20224,1294528
fuzzydedup,5,2,enron_full_322757,exact_ref,1300.700,1,0,26304,1683648
fuzzydedup,4,2,enron_full_324000,exact_ref,1246.232,1,0,24230,1550912
fuzzydedup,5,2,enron_full_324000,exact_ref,1450.950,1,0,27713,1773824
fuzzydedup,6,2,enron_full_324000,exact_ref,1282.439,1,0,30661,1962496
fuzzydedup,5,2,enron_full_324353,no_exact_ref,1285.744,0,6,28110,1799104
fuzzydedup,6,2,enron_full_324353,no_exact_ref,1678.793,0,7,34498,2207936
fuzzydedup,4,2,enron_full_324353,no_exact_ref,1112.969,0,5,22576,1444864
fuzzydedup,6,2,enron_full_325002,exact_ref,4804.861,1,0,104497,6688512
fuzzydedup,4,2,enron_full_325002,exact_ref,4125.159,1,0,74606,4774976
fuzzydedup,5,2,enron_full_325002,exact_ref,3765.265,1,0,90114,5767680
fuzzydedup,4,2,enron_full_325131,exact_ref,2167.102,1,0,26831,1717376
fuzzydedup,5,2,enron_full_325131,exact_ref,1894.159,1,0,35077,2245120
fuzzydedup,6,2,enron_full_325131,exact_ref,2320.541,1,0,44522,2849600
fuzzydedup,5,2,enron_full_325547,exact_ref,4022.884,1,0,84640,5417152
fuzzydedup,6,2,enron_full_325547,exact_ref,4513.657,1,0,99023,6337664
fuzzydedup,4,2,enron_full_325547,exact_ref,3644.536,1,0,69132,4424640
fuzzydedup,6,2,enron_full_326276,exact_ref,4177.302,1,0,86528,5537984
fuzzydedup,4,2,enron_full_326276,exact_ref,2603.331,1,0,56555,3619712
fuzzydedup,5,2,enron_full_326276,exact_ref,3992.743,1,0,71267,4561280
fuzzydedup,4,2,enron_full_326406,exact_ref,2081.383,1,0,43825,2804992
fuzzydedup,5,2,enron_full_326406,exact_ref,2167.841,1,0,50047,3203200
fuzzydedup,6,2,enron_full_326406,exact_ref,2150.303,1,0,55695,3564672
fuzzydedup,5,2,enron_full_326699,exact_ref,1163.001,1,0,16636,1064896
fuzzydedup,6,2,enron_full_326699,exact_ref,1151.630,1,0,20832,1333440
fuzzydedup,4,2,enron_full_326699,exact_ref,779.316,1,0,12800,819392
fuzzydedup,6,2,enron_full_326891,exact_ref,2756.698,1,0,70143,4489344
fuzzydedup,4,2,enron_full_326891,exact_ref,2656.444,1,0,54155,3466112
fuzzydedup,5,2,enron_full_326891,exact_ref,2811.847,1,0,62713,4013824
fuzzydedup,4,2,enron_full_327398,exact_ref,2045.004,1,0,31617,2023680
fuzzydedup,5,2,enron_full_327398,exact_ref,2065.483,1,0,41062,2628160
fuzzydedup,6,2,enron_full_327398,exact_ref,2381.902,1,0,51118,3271744
fuzzydedup,5,2,enron_full_327734,exact_ref,3311.854,1,0,82868,5303744
fuzzydedup,6,2,enron_full_327734,exact_ref,3916.610,1,0,94675,6059392
fuzzydedup,4,2,enron_full_327734,exact_ref,3324.246,1,0,69520,4449472
fuzzydedup,6,2,enron_full_330743,exact_ref,300.157,1,0,1584,101568
fuzzydedup,4,2,enron_full_330743,exact_ref,85.797,1,0,1411,90496
fuzzydedup,5,2,enron_full_330743,exact_ref,78.920,1,0,1495,95872
fuzzydedup,4,2,enron_full_330847,exact_ref,1434.203,1,0,35174,2251328
fuzzydedup,5,2,enron_full_330847,exact_ref,1873.514,1,0,40822,2612800
fuzzydedup,6,2,enron_full_330847,exact_ref,1808.739,1,0,45424,2907328
fuzzydedup,5,2,enron_full_331065,no_exact_ref,4413.876,0,6,103384,6616576
fuzzydedup,6,2,enron_full_331065,no_exact_ref,5835.385,0,7,123332,7893248
fuzzydedup,4,2,enron_full_331065,no_exact_ref,3827.432,0,5,84127,5384128
fuzzydedup,6,2,enron_full_331235,exact_ref,2218.649,1,0,46312,2964160
fuzzydedup,4,2,enron_full_331235,exact_ref,1897.216,1,0,28621,1831936
fuzzydedup,5,2,enron_full_331235,exact_ref,1944.733,1,0,36867,2359680
fuzzydedup,4,2,enron_full_331309,no_exact_ref,2659.140,0,5,44983,2878912
fuzzydedup,5,2,enron_full_331309,no_exact_ref,2821.824,0,6,55915,3578560
fuzzydedup,6,2,enron_full_331309,no_exact_ref,3098.739,0,7,67711,4333504
fuzzydedup,5,2,enron_full_332147,no_exact_ref,1714.075,0,6,35649,2281536
fuzzydedup,6,2,enron_full_332147,no_exact_ref,2102.765,0,7,43148,2761472
fuzzydedup,4,2,enron_full_332147,no_exact_ref,1647.043,0,5,28839,1845696
fuzzydedup,6,2,enron_full_332523,exact_ref,5402.341,1,0,104216,6670016
fuzzydedup,4,2,enron_full_332523,exact_ref,4279.261,1,0,74325,4756992
fuzzydedup,5,2,enron_full_332523,exact_ref,4439.939,1,0,89833,5749504
fuzzydedup,4,2,enron_full_333276,exact_ref,2335.396,1,0,43947,2812800
fuzzydedup,5,2,enron_full_333276,exact_ref,2102.579,1,0,50169,3211008
fuzzydedup,6,2,enron_full_333276,exact_ref,2476.557,1,0,55817,3572480
fuzzydedup,5,2,enron_full_333308,exact_ref,3412.810,1,0,55237,3535360
fuzzydedup,6,2,enron_full_333308,exact_ref,3365.396,1,0,68566,4388416
fuzzydedup,4,2,enron_full_333308,exact_ref,2390.954,1,0,43543,2786944
fuzzydedup,6,2,enron_full_333309,exact_ref,4016.146,1,0,94779,6066048
fuzzydedup,4,2,enron_full_333309,exact_ref,3378.090,1,0,69624,4456128
fuzzydedup,5,2,enron_full_333309,exact_ref,4059.299,1,0,82972,5310400
fuzzydedup,4,2,enron_full_334798,no_exact_ref,901.488,0,5,14937,955968
fuzzydedup,5,2,enron_full_334798,no_exact_ref,948.439,0,6,19815,1268160
fuzzydedup,6,2,enron_full_334798,no_exact_ref,1170.127,0,7,25738,1647232
fuzzydedup,5,2,enron_full_335428,exact_ref,891.921,1,0,18787,1202560
fuzzydedup,6,2,enron_full_335428,exact_ref,922.809,1,0,20329,1301248
fuzzydedup,4,2,enron_full_335428,exact_ref,869.624,1,0,16972,1086400
fuzzydedup,6,2,enron_full_335498,exact_ref,4217.412,1,0,94780,6066112
fuzzydedup,4,2,enron_full_335498,exact_ref,3566.655,1,0,69625,4456192
fuzzydedup,5,2,enron_full_335498,exact_ref,3679.461,1,0,82973,5310464
fuzzydedup,4,2,enron_full_335546,exact_ref,3130.944,1,0,56642,3625280
fuzzydedup,5,2,enron_full_335546,exact_ref,4508.979,1,0,71354,4566848
fuzzydedup,6,2,enron_full_335546,exact_ref,4670.889,1,0,86615,5543552
fuzzydedup,5,2,enron_full_335575,exact_ref,4405.245,1,0,84405,5402112
fuzzydedup,6,2,enron_full_335575,exact_ref,4995.646,1,0,100624,6440128
fuzzydedup,4,2,enron_full_335575,exact_ref,3687.988,1,0,68494,4383808
fuzzydedup,6,2,enron_full_335623,exact_ref,4638.071,1,0,86625,5544192
fuzzydedup,4,2,enron_full_335623,exact_ref,2905.318,1,0,56652,3625920
fuzzydedup,5,2,enron_full_335623,exact_ref,4182.239,1,0,71364,4567488
fuzzydedup,4,2,enron_full_335857,exact_ref,1520.008,1,0,26439,1692288
fuzzydedup,5,2,enron_full_335857,exact_ref,1582.107,1,0,29922,1915200
fuzzydedup,6,2,enron_full_335857,exact_ref,1701.393,1,0,32870,2103872
fuzzydedup,5,2,enron_full_335946,exact_ref,1005.342,1,0,16808,1075904
fuzzydedup,6,2,enron_full_335946,exact_ref,973.032,1,0,18350,1174592
fuzzydedup,4,2,enron_full_335946,exact_ref,848.400,1,0,14993,959744
fuzzydedup,6,2,enron_full_336542,exact_ref,5223.982,1,0,98561,6308096
fuzzydedup,4,2,enron_full_336542,exact_ref,4155.994,1,0,68670,4395072
fuzzydedup,5,2,enron_full_336542,exact_ref,4726.431,1,0,84178,5387584
fuzzydedup,4,2,enron_full_337267,exact_ref,858.599,1,0,10601,678656
fuzzydedup,5,2,enron_full_337267,exact_ref,565.560,1,0,11716,750016
fuzzydedup,6,2,enron_full_337267,exact_ref,590.252,1,0,12422,795200
fuzzydedup,5,2,enron_full_337292,exact_ref,4419.488,1,0,79872,5112000
fuzzydedup,6,2,enron_full_337292,exact_ref,5275.874,1,0,96091,6150016
fuzzydedup,4,2,enron_full_337292,exact_ref,3777.785,1,0,63961,4093696
fuzzydedup,6,2,enron_full_337470,exact_ref,5052.922,1,0,99323,6356864
fuzzydedup,4,2,enron_full_337470,exact_ref,3889.287,1,0,67651,4329856
fuzzydedup,5,2,enron_full_337470,exact_ref,4364.666,1,0,83412,5338560
fuzzydedup,4,2,enron_full_339638,no_exact_ref,4850.899,0,5,105124,6728064
fuzzydedup,5,2,enron_full_339638,no_exact_ref,5465.067,0,6,126879,8130304
fuzzydedup,6,2,enron_full_339638,no_exact_ref,6090.443,0,7,148499,9516736
fuzzydedup,5,2,enron_full_340418,exact_ref,2380.090,1,0,37036,2370496
fuzzydedup,6,2,enron_full_340418,exact_ref,2513.443,1,0,46481,2974976
fuzzydedup,4,2,enron_full_340418,exact_ref,1832.221,1,0,28790,1842752
fuzzydedup,6,2,enron_full_340472,exact_ref,3407.744,1,0,74492,4767680
fuzzydedup,4,2,enron_full_340472,exact_ref,2541.407,1,0,54224,3470528
fuzzydedup,5,2,enron_full_340472,exact_ref,2603.663,1,0,64906,4154176
fuzzydedup,4,2,enron_full_340761,exact_ref,2152.396,1,0,52549,3363328
fuzzydedup,5,2,enron_full_340761,exact_ref,2434.121,1,0,59979,3838848
fuzzydedup,6,2,enron_full_340761,exact_ref,2605.826,1,0,66201,4237056
fuzzydedup,5,2,enron_full_341249,exact_ref,1811.230,1,0,44549,2851328
fuzzydedup,6,2,enron_full_341249,exact_ref,2014.274,1,0,49151,3145856
fuzzydedup,4,2,enron_full_341249,exact_ref,1869.209,1,0,38901,2489856
fuzzydedup,6,2,enron_full_341362,exact_ref,1779.712,1,0,47962,3069760
fuzzydedup,4,2,enron_full_341362,exact_ref,1677.386,1,0,37712,2413760
fuzzydedup,5,2,enron_full_341362,exact_ref,1758.207,1,0,43360,2775232
fuzzydedup,4,2,enron_full_342301,exact_ref,1399.041,1,0,23553,1507584
fuzzydedup,5,2,enron_full_342301,exact_ref,1377.938,1,0,30327,1941120
fuzzydedup,6,2,enron_full_342301,exact_ref,2165.890,1,0,37779,2418048
fuzzydedup,5,2,enron_full_342735,exact_ref,2876.002,1,0,50680,3243712
fuzzydedup,6,2,enron_full_342735,exact_ref,2991.742,1,0,62374,3992128
fuzzydedup,4,2,enron_full_342735,exact_ref,1912.032,1,0,39629,2536448
fuzzydedup,6,2,enron_full_344191,exact_ref,4741.565,1,0,87023,5569664
fuzzydedup,4,2,enron_full_344191,exact_ref,2502.689,1,0,57050,3651392
fuzzydedup,5,2,enron_full_344191,exact_ref,3747.883,1,0,71762,4592960
fuzzydedup,4,2,enron_full_344335,exact_ref,3775.222,1,0,75137,4808960
fuzzydedup,5,2,enron_full_344335,exact_ref,4439.282,1,0,90670,5803072
fuzzydedup,6,2,enron_full_344335,exact_ref,4254.628,1,0,106178,6795584
fuzzydedup,5,2,enron_full_344645,no_exact_ref,6055.935,0,6,164671,10538944
fuzzydedup,6,2,enron_full_344645,no_exact_ref,6859.480,0,7,190614,12199296
fuzzydedup,4,2,enron_full_344645,no_exact_ref,5210.091,0,5,137103,8774592
fuzzydedup,6,2,enron_full_345595,exact_ref,1742.622,1,0,42492,2719680
fuzzydedup,4,2,enron_full_345595,exact_ref,1531.018,1,0,34407,2202240
fuzzydedup,5,2,enron_full_345595,exact_ref,1600.294,1,0,39009,2496768
fuzzydedup,4,2,enron_full_345814,exact_ref,3466.946,1,0,73239,4687488
fuzzydedup,5,2,enron_full_345814,exact_ref,4145.869,1,0,89646,5737536
fuzzydedup,6,2,enron_full_345814,exact_ref,4320.743,1,0,105618,6759744
fuzzydedup,5,2,enron_full_348142,exact_ref,4237.550,1,0,90596,5798336
fuzzydedup,6,2,enron_full_348142,exact_ref,4595.205,1,0,106104,6790848
fuzzydedup,4,2,enron_full_348142,exact_ref,3410.233,1,0,75063,4804224
fuzzydedup,6,2,enron_full_348438,no_exact_ref,7278.213,0,7,194644,12457408
fuzzydedup,4,2,enron_full_348438,no_exact_ref,5771.222,0,5,139516,8929024
fuzzydedup,5,2,enron_full_348438,no_exact_ref,6135.441,0,6,168125,10760128
fuzzydedup,4,2,enron_full_349353,no_exact_ref,4484.728,0,5,113227,7246528
fuzzydedup,5,2,enron_full_349353,no_exact_ref,5239.648,0,6,136629,8744256
fuzzydedup,6,2,enron_full_349353,no_exact_ref,5993.354,0,7,159258,10192512
fuzzydedup,5,2,enron_full_349483,no_exact_ref,3826.526,0,6,106088,6789632
fuzzydedup,6,2,enron_full_349483,no_exact_ref,4362.747,0,7,125079,8005056
fuzzydedup,4,2,enron_full_349483,no_exact_ref,3168.216,0,5,87103,5574592
fuzzydedup,6,2,enron_full_352068,no_exact_ref,7616.431,0,7,186103,11910592
fuzzydedup,4,2,enron_full_352068,no_exact_ref,5894.451,0,5,133491,8543424
fuzzydedup,5,2,enron_full_352068,no_exact_ref,6316.926,0,6,160514,10272896
fuzzydedup,4,2,enron_full_352183,exact_ref,93.039,1,0,725,46592
fuzzydedup,5,2,enron_full_352183,exact_ref,59.366,1,0,878,56384
fuzzydedup,6,2,enron_full_352183,exact_ref,39.975,1,0,1034,66368
fuzzydedup,5,2,enron_full_352410,exact_ref,2228.840,1,0,32832,2101440
fuzzydedup,6,2,enron_full_352410,exact_ref,2001.020,1,0,41078,2629184
fuzzydedup,4,2,enron_full_352410,exact_ref,1133.222,1,0,25380,1624512
fuzzydedup,6,2,enron_full_352552,no_exact_ref,7906.166,0,7,194887,12472768
fuzzydedup,4,2,enron_full_352552,no_exact_ref,5934.593,0,5,139973,8958272
fuzzydedup,5,2,enron_full_352552,no_exact_ref,7069.160,0,6,168810,10803840
fuzzydedup,4,2,enron_full_353158,exact_ref,3509.401,1,0,73063,4676224
fuzzydedup,5,2,enron_full_353158,exact_ref,4206.321,1,0,89470,5726272
fuzzydedup,6,2,enron_full_353158,exact_ref,4348.414,1,0,105442,6748480
fuzzydedup,5,2,enron_full_353883,no_exact_ref,6254.161,0,6,164671,10538944
fuzzydedup,6,2,enron_full_353883,no_exact_ref,6989.006,0,7,190614,12199296
fuzzydedup,4,2,enron_full_353883,no_exact_ref,5221.257,0,5,137103,8774592
fuzzydedup,6,2,enron_full_354290,no_exact_ref,3974.295,0,7,100525,6433920
fuzzydedup,4,2,enron_full_354290,no_exact_ref,2631.334,0,5,68018,4353408
fuzzydedup,5,2,enron_full_354290,no_exact_ref,2949.316,0,6,84314,5396352
fuzzydedup,4,2,enron_full_355229,no_exact_ref,2071.997,0,5,50866,3255424
fuzzydedup,5,2,enron_full_355229,no_exact_ref,2260.408,0,6,63363,4055232
fuzzydedup,6,2,enron_full_355229,no_exact_ref,2782.853,0,7,76712,4909568
fuzzydedup,5,2,enron_full_355694,exact_ref,4580.691,1,0,90804,5811648
fuzzydedup,6,2,enron_full_355694,exact_ref,5402.539,1,0,106312,6804160
fuzzydedup,4,2,enron_full_355694,exact_ref,3563.448,1,0,75271,4817536
fuzzydedup,6,2,enron_full_355895,no_exact_ref,7468.520,0,7,180015,11520960
fuzzydedup,4,2,enron_full_355895,no_exact_ref,5559.235,0,5,128135,8200640
fuzzydedup,5,2,enron_full_355895,no_exact_ref,6374.813,0,6,154598,9894272
fuzzydedup,4,2,enron_full_356569,no_exact_ref,3077.533,0,5,56325,3604800
fuzzydedup,5,2,enron_full_356569,no_exact_ref,2952.867,0,6,69703,4460992
fuzzydedup,6,2,enron_full_356569,no_exact_ref,4336.465,0,7,83781,5361984
fuzzydedup,5,2,enron_full_356908,exact_ref,4602.056,1,0,84952,5437120
fuzzydedup,6,2,enron_full_356908,exact_ref,4840.183,1,0,101171,6475136
fuzzydedup,4,2,enron_full_356908,exact_ref,3904.053,1,0,69041,4418816
fuzzydedup,6,2,enron_full_356976,no_exact_ref,6308.734,0,7,133357,8535232
fuzzydedup,4,2,enron_full_356976,no_exact_ref,4154.993,0,5,92244,5903680
fuzzydedup,5,2,enron_full_356976,no_exact_ref,6053.232,0,6,113036,7234368
fuzzydedup,4,2,enron_full_358597,no_exact_ref,4130.826,0,5,84127,5384128
fuzzydedup,5,2,enron_full_358597,no_exact_ref,4458.844,0,6,103384,6616576
fuzzydedup,6,2,enron_full_358597,no_exact_ref,6434.303,0,7,123332,7893248
fuzzydedup,5,2,enron_full_358915,no_exact_ref,4674.497,0,6,106088,6789632
fuzzydedup,6,2,enron_full_358915,no_exact_ref,4928.139,0,7,125079,8005056
fuzzydedup,4,2,enron_full_358915,no_exact_ref,3672.430,0,5,87103,5574592
fuzzydedup,6,2,enron_full_360085,exact_ref,2941.882,1,0,71172,4555200
fuzzydedup,4,2,enron_full_360085,exact_ref,2635.177,1,0,55184,3531968
fuzzydedup,5,2,enron_full_360085,exact_ref,2506.205,1,0,63742,4079680
fuzzydedup,4,2,enron_full_360983,exact_ref,3911.978,1,0,69114,4423488
fuzzydedup,5,2,enron_full_360983,exact_ref,4424.423,1,0,85025,5441792
fuzzydedup,6,2,enron_full_360983,exact_ref,4646.107,1,0,101244,6479808
fuzzydedup,5,2,enron_full_362389,exact_ref,4101.217,1,0,85070,5444672
fuzzydedup,6,2,enron_full_362389,exact_ref,4452.366,1,0,101289,6482688
fuzzydedup,4,2,enron_full_362389,exact_ref,3473.034,1,0,69159,4426368
fuzzydedup,6,2,enron_full_363120,exact_ref,2079.106,1,0,44651,2857856
fuzzydedup,4,2,enron_full_363120,exact_ref,1854.576,1,0,34401,2201856
fuzzydedup,5,2,enron_full_363120,exact_ref,1715.229,1,0,40049,2563328
fuzzydedup,4,2,enron_full_363607,no_exact_ref,5188.951,0,5,107991,6911424
fuzzydedup,5,2,enron_full_363607,no_exact_ref,5407.138,0,6,131204,8397056
fuzzydedup,6,2,enron_full_363607,no_exact_ref,6616.781,0,7,153889,9848896
fuzzydedup,5,2,enron_full_363846,no_exact_ref,7347.829,0,6,169864,10871296
fuzzydedup,6,2,enron_full_363846,no_exact_ref,8561.954,0,7,197015,12608960
fuzzydedup,4,2,enron_full_363846,no_exact_ref,6496.262,0,5,141284,9042176
fuzzydedup,6,2,enron_full_363876,exact_ref,3678.466,1,0,65057,4163840
fuzzydedup,4,2,enron_full_363876,exact_ref,2742.741,1,0,40034,2562368
fuzzydedup,5,2,enron_full_363876,exact_ref,2972.820,1,0,51728,3310784
fuzzydedup,4,2,enron_full_364025,no_exact_ref,5563.198,0,5,107991,6911424
fuzzydedup,5,2,enron_full_364025,no_exact_ref,6401.422,0,6,131204,8397056
fuzzydedup,6,2,enron_full_364025,no_exact_ref,7491.829,0,7,153889,9848896
fuzzydedup,5,2,enron_full_364586,exact_ref,2131.684,1,0,37634,2408768
fuzzydedup,6,2,enron_full_364586,exact_ref,1986.854,1,0,42236,2703296
fuzzydedup,4,2,enron_full_364586,exact_ref,1730.912,1,0,31986,2047296
fuzzydedup,6,2,enron_full_365105,no_exact_ref,3389.026,0,7,88518,5665152
fuzzydedup,4,2,enron_full_365105,no_exact_ref,2534.513,0,5,59159,3786176
fuzzydedup,5,2,enron_full_365105,no_exact_ref,2901.441,0,6,73355,4694720
fuzzydedup,4,2,enron_full_365478,no_exact_ref,6179.475,0,5,128135,8200640
fuzzydedup,5,2,enron_full_365478,no_exact_ref,7366.913,0,6,154598,9894272
fuzzydedup,6,2,enron_full_365478,no_exact_ref,8009.708,0,7,180015,11520960
fuzzydedup,5,2,enron_full_365497,exact_ref,3829.748,1,0,79829,5109248
fuzzydedup,6,2,enron_full_365497,exact_ref,3943.313,1,0,90511,5792896
fuzzydedup,4,2,enron_full_365497,exact_ref,3267.660,1,0,68022,4353600
fuzzydedup,6,2,enron_full_365509,no_exact_ref,2675.747,1,0,56465,3613952
fuzzydedup,4,2,enron_full_365509,no_exact_ref,2250.854,1,0,44595,2854272
fuzzydedup,5,2,enron_full_365509,no_exact_ref,2263.758,1,0,50817,3252480
fuzzydedup,4,2,enron_full_365947,no_exact_ref,5756.462,0,5,132999,8511936
fuzzydedup,5,2,enron_full_365947,no_exact_ref,6403.672,0,6,159592,10213888
fuzzydedup,6,2,enron_full_365947,no_exact_ref,7038.190,0,7,184939,11836096
fuzzydedup,5,2,enron_full_366510,exact_ref,1093.372,1,0,19244,1231808
fuzzydedup,6,2,enron_full_366510,exact_ref,1006.274,1,0,20786,1330496
fuzzydedup,4,2,enron_full_366510,exact_ref,892.827,1,0,17429,1115648
fuzzydedup,6,2,enron_full_366895,exact_ref,4597.326,1,0,92873,5944064
fuzzydedup,4,2,enron_full_366895,exact_ref,4797.589,1,0,61851,3958656
fuzzydedup,5,2,enron_full_366895,exact_ref,3696.475,1,0,77112,4935360
fuzzydedup,4,2,enron_full_367052,no_exact_ref,5199.012,0,5,120641,7721024
fuzzydedup,5,2,enron_full_367052,no_exact_ref,5998.255,0,6,145606,9318784
fuzzydedup,6,2,enron_full_367052,no_exact_ref,6758.717,0,7,169255,10832320
fuzzydedup,5,2,enron_full_367129,no_exact_ref,4724.580,0,6,116994,7487616
fuzzydedup,6,2,enron_full_367129,no_exact_ref,5018.990,0,7,137129,8776256
fuzzydedup,4,2,enron_full_367129,no_exact_ref,3543.287,0,5,95838,6133632
fuzzydedup,6,2,enron_full_367319,no_exact_ref,7767.943,0,7,197034,12610176
fuzzydedup,4,2,enron_full_367319,no_exact_ref,6198.447,0,5,140955,9021120
fuzzydedup,5,2,enron_full_367319,no_exact_ref,6777.104,0,6,169489,10847296
fuzzydedup,4,2,enron_full_367765,exact_ref,2176.255,1,0,32042,2050880
fuzzydedup,5,2,enron_full_367765,exact_ref,2192.037,1,0,41487,2655360
fuzzydedup,6,2,enron_full_367765,exact_ref,2423.249,1,0,51543,3298944
fuzzydedup,5,2,enron_full_367912,no_exact_ref,3808.289,0,6,85290,5458560
fuzzydedup,6,2,enron_full_367912,no_exact_ref,4586.207,0,7,102455,6557120
fuzzydedup,4,2,enron_full_367912,no_exact_ref,3568.143,0,5,69400,4441600
fuzzydedup,6,2,enron_full_368156,no_exact_ref,3220.381,0,7,60498,3871872
fuzzydedup,4,2,enron_full_368156,no_exact_ref,2246.904,0,5,40217,2573888
fuzzydedup,5,2,enron_full_368156,no_exact_ref,2797.530,0,6,50020,3201280
fuzzydedup,4,2,enron_full_368318,no_exact_ref,5582.271,0,5,120641,7721024
fuzzydedup,5,2,enron_full_368318,no_exact_ref,6614.770,0,6,145606,9318784
fuzzydedup,6,2,enron_full_368318,no_exact_ref,7245.637,0,7,169255,10832320
fuzzydedup,5,2,enron_full_369168,exact_ref,5060.977,1,0,84718,5422144
fuzzydedup,6,2,enron_full_369168,exact_ref,5369.831,1,0,100629,6440448
fuzzydedup,4,2,enron_full_369168,exact_ref,3968.544,1,0,68957,4413440
fuzzydedup,6,2,enron_full_369419,exact_ref,5456.837,1,0,98214,6285888
fuzzydedup,4,2,enron_full_369419,exact_ref,4272.101,1,0,65588,4197824
fuzzydedup,5,2,enron_full_369419,exact_ref,4241.055,1,0,81807,5235840
fuzzydedup,4,2,enron_full_370439,exact_ref,3313.044,1,0,57330,3669312
fuzzydedup,5,2,enron_full_370439,exact_ref,3772.884,1,0,69137,4424960
fuzzydedup,6,2,enron_full_370439,exact_ref,3797.289,1,0,79819,5108608
fuzzydedup,5,2,enron_full_371121,no_exact_ref,3065.188,0,6,50020,3201280
fuzzydedup,6,2,enron_full_371121,no_exact_ref,3061.341,0,7,60498,3871872
fuzzydedup,4,2,enron_full_371121,no_exact_ref,1797.428,0,5,40217,2573888
fuzzydedup,6,2,enron_full_373728,exact_ref,5262.625,1,0,101653,6505984
fuzzydedup,4,2,enron_full_373728,exact_ref,3948.335,1,0,69523,4449664
fuzzydedup,5,2,enron_full_373728,exact_ref,4578.732,1,0,85434,5467968
fuzzydedup,4,2,enron_full_373978,exact_ref,3846.130,1,0,71881,4600576
fuzzydedup,5,2,enron_full_373978,exact_ref,4072.075,1,0,88100,5638592
fuzzydedup,6,2,enron_full_373978,exact_ref,5109.656,1,0,104507,6688640
fuzzydedup,5,2,enron_full_374719,exact_ref,2888.088,1,0,57921,3707136
fuzzydedup,6,2,enron_full_374719,exact_ref,2756.250,1,0,64143,4105344
fuzzydedup,4,2,enron_full_374719,exact_ref,2151.620,1,0,50491,3231616
fuzzydedup,6,2,enron_full_374736,exact_ref,3273.188,1,0,84838,5429824
fuzzydedup,4,2,enron_full_374736,exact_ref,2767.798,1,0,64570,4132672
fuzzydedup,5,2,enron_full_374736,exact_ref,2745.670,1,0,75252,4816320
fuzzydedup,4,2,enron_full_375606,exact_ref,2256.710,1,0,52493,3359744
fuzzydedup,5,2,enron_full_375606,exact_ref,2489.983,1,0,62079,3973248
fuzzydedup,6,2,enron_full_375606,exact_ref,2786.949,1,0,70637,4520960
fuzzydedup,5,2,enron_full_376013,exact_ref,137.627,1,0,2282,146240
fuzzydedup,6,2,enron_full_376013,exact_ref,69.941,1,0,2759,176768
fuzzydedup,4,2,enron_full_376013,exact_ref,42.262,1,0,1778,113984
fuzzydedup,6,2,enron_full_376710,exact_ref,4576.084,1,0,101703,6509184
fuzzydedup,4,2,enron_full_376710,exact_ref,3624.662,1,0,69573,4452864
fuzzydedup,5,2,enron_full_376710,exact_ref,4159.882,1,0,85484,5471168
fuzzydedup,4,2,enron_full_377221,exact_ref,3765.992,1,0,73437,4700160
fuzzydedup,5,2,enron_full_377221,exact_ref,3942.855,1,0,87259,5584768
fuzzydedup,6,2,enron_full_377221,exact_ref,4283.931,1,0,100607,6439040
fuzzydedup,5,2,enron_full_377377,exact_ref,1729.363,1,0,26827,1717120
fuzzydedup,6,2,enron_full_377377,exact_ref,1706.131,1,0,33601,2150656
fuzzydedup,4,2,enron_full_377377,exact_ref,1210.669,1,0,20747,1328000
fuzzydedup,6,2,enron_full_378712,exact_ref,4965.742,1,0,106957,6845440
fuzzydedup,4,2,enron_full_378712,exact_ref,3922.852,1,0,75452,4829120
fuzzydedup,5,2,enron_full_378712,exact_ref,4217.842,1,0,91424,5851328
fuzzydedup,4,2,enron_full_378826,exact_ref,2378.120,1,0,50358,3223104
fuzzydedup,5,2,enron_full_378826,exact_ref,2823.080,1,0,57788,3698624
fuzzydedup,6,2,enron_full_378826,exact_ref,2761.490,1,0,64010,4096832
fuzzydedup,5,2,enron_full_379382,exact_ref,4363.118,1,0,86197,5516800
fuzzydedup,6,2,enron_full_379382,exact_ref,4772.654,1,0,101705,6509312
fuzzydedup,4,2,enron_full_379382,exact_ref,3494.109,1,0,70664,4522688
fuzzydedup,6,2,enron_full_379515,exact_ref,3388.669,1,0,78162,5002560
fuzzydedup,4,2,enron_full_379515,exact_ref,2118.677,1,0,60018,3841344
fuzzydedup,5,2,enron_full_379515,exact_ref,2815.715,1,0,69604,4454848
fuzzydedup,4,2,enron_full_380183,exact_ref,2628.259,1,0,50752,3248320
fuzzydedup,5,2,enron_full_380183,exact_ref,4120.687,1,0,65464,4189888
fuzzydedup,6,2,enron_full_380183,exact_ref,4316.116,1,0,80725,5166592
fuzzydedup,5,2,enron_full_380419,exact_ref,3551.467,1,0,80153,5129984
fuzzydedup,6,2,enron_full_380419,exact_ref,4030.600,1,0,90835,5813632
fuzzydedup,4,2,enron_full_380419,exact_ref,3238.421,1,0,68346,4374336
fuzzydedup,6,2,enron_full_380667,exact_ref,2697.742,1,0,63982,4095040
fuzzydedup,4,2,enron_full_380667,exact_ref,2183.401,1,0,50330,3221312
fuzzydedup,5,2,enron_full_380667,exact_ref,2308.124,1,0,57760,3696832
fuzzydedup,4,2,enron_full_381275,exact_ref,2871.499,1,0,50676,3243456
fuzzydedup,5,2,enron_full_381275,exact_ref,4333.543,1,0,65388,4185024
fuzzydedup,6,2,enron_full_381275,exact_ref,4289.587,1,0,80649,5161728
fuzzydedup,5,2,enron_full_381430,exact_ref,762.746,1,0,9697,620800
fuzzydedup,6,2,enron_full_381430,exact_ref,264.840,1,0,10256,656576
fuzzydedup,4,2,enron_full_381430,exact_ref,225.050,1,0,8991,575616
fuzzydedup,6,2,enron_full_381540,exact_ref,4693.526,1,0,105450,6748992
fuzzydedup,4,2,enron_full_381540,exact_ref,3906.528,1,0,75559,4835968
fuzzydedup,5,2,enron_full_381540,exact_ref,4229.296,1,0,91067,5828480
fuzzydedup,4,2,enron_full_381912,exact_ref,839.024,1,0,8358,535104
fuzzydedup,5,2,enron_full_381912,exact_ref,744.825,1,0,10709,685568
fuzzydedup,6,2,enron_full_381912,exact_ref,983.223,1,0,13395,857472
fuzzydedup,5,2,enron_full_382401,no_exact_ref,6101.466,0,6,147636,9448704
fuzzydedup,6,2,enron_full_382401,no_exact_ref,7541.173,0,7,172289,11026496
fuzzydedup,4,2,enron_full_382401,no_exact_ref,5341.066,0,5,121972,7806208
fuzzydedup,6,2,enron_full_382476,exact_ref,3052.352,1,0,78192,5004480
fuzzydedup,4,2,enron_full_382476,exact_ref,2399.829,1,0,60048,3843264
fuzzydedup,5,2,enron_full_382476,exact_ref,2577.063,1,0,69634,4456768
fuzzydedup,4,2,enron_full_382877,exact_ref,3501.422,1,0,68192,4364480
fuzzydedup,5,2,enron_full_382877,exact_ref,4607.838,1,0,83725,5358592
fuzzydedup,6,2,enron_full_382877,exact_ref,4737.690,1,0,99233,6351104
fuzzydedup,5,2,enron_full_384162,no_exact_ref,5866.959,0,6,145606,9318784
fuzzydedup,6,2,enron_full_384162,no_exact_ref,6362.827,0,7,169255,10832320
fuzzydedup,4,2,enron_full_384162,no_exact_ref,4781.624,0,5,120641,7721024
fuzzydedup,6,2,enron_full_384461,exact_ref,2574.032,1,0,37684,2411968
fuzzydedup,4,2,enron_full_384461,exact_ref,1362.329,1,0,23458,1501504
fuzzydedup,5,2,enron_full_384461,exact_ref,1470.593,1,0,30232,1935040
fuzzydedup,4,2,enron_full_384653,exact_ref,2306.764,1,0,40302,2579520
fuzzydedup,5,2,enron_full_384653,exact_ref,2621.889,1,0,51353,3286784
fuzzydedup,6,2,enron_full_384653,exact_ref,2953.039,1,0,63047,4035200
fuzzydedup,5,2,enron_full_384988,exact_ref,2558.751,1,0,58079,3717248
fuzzydedup,6,2,enron_full_384988,exact_ref,2801.022,1,0,64301,4115456
fuzzydedup,4,2,enron_full_384988,exact_ref,2133.631,1,0,50649,3241728
fuzzydedup,6,2,enron_full_385098,exact_ref,650.980,1,0,10298,659264
fuzzydedup,4,2,enron_full_385098,exact_ref,270.134,1,0,9033,578304
fuzzydedup,5,2,enron_full_385098,exact_ref,262.709,1,0,9739,623488
fuzzydedup,4,2,enron_full_385839,exact_ref,2082.398,1,0,40277,2577920
fuzzydedup,5,2,enron_full_385839,exact_ref,2753.392,1,0,51328,3285184
fuzzydedup,6,2,enron_full_385839,exact_ref,3001.848,1,0,63022,4033600
fuzzydedup,5,2,enron_full_386188,no_exact_ref,3034.540,0,6,69703,4460992
fuzzydedup,6,2,enron_full_386188,no_exact_ref,3938.625,0,7,83781,5361984
fuzzydedup,4,2,enron_full_386188,no_exact_ref,2901.059,0,5,56325,3604800
fuzzydedup,6,2,enron_full_386616,no_exact_ref,6521.059,0,7,159258,10192576
fuzzydedup,4,2,enron_full_386616,no_exact_ref,4610.715,0,5,113227,7246528
fuzzydedup,5,2,enron_full_386616,no_exact_ref,5840.913,0,6,136629,8744320
fuzzydedup,4,2,enron_full_386731,no_exact_ref,5305.488,0,5,115506,7392384
fuzzydedup,5,2,enron_full_386731,no_exact_ref,6125.726,0,6,139663,8938432
fuzzydedup,6,2,enron_full_386731,no_exact_ref,6944.756,0,7,163334,10453376
fuzzydedup,5,2,enron_full_387578,exact_ref,4690.680,1,0,90454,5789248
fuzzydedup,6,2,enron_full_387578,exact_ref,5191.551,1,0,106426,6811456
fuzzydedup,4,2,enron_full_387578,exact_ref,3967.380,1,0,74047,4739200
fuzzydedup,6,2,enron_full_387701,no_exact_ref,7897.141,0,7,184939,11836096
fuzzydedup,4,2,enron_full_387701,no_exact_ref,6042.340,0,5,132999,8511936
fuzzydedup,5,2,enron_full_387701,no_exact_ref,6816.685,0,6,159592,10213888
fuzzydedup,4,2,enron_full_387952,no_exact_ref,7145.373,0,5,113227,7246528
fuzzydedup,5,2,enron_full_387952,no_exact_ref,6058.350,0,6,136629,8744256
fuzzydedup,6,2,enron_full_387952,no_exact_ref,6738.843,0,7,159258,10192512
fuzzydedup,5,2,enron_full_388565,exact_ref,3501.082,1,0,67294,4307008
fuzzydedup,6,2,enron_full_388565,exact_ref,4847.763,1,0,82006,5248576
fuzzydedup,4,2,enron_full_388565,exact_ref,2976.303,1,0,53097,3398400
fuzzydedup,6,2,enron_full_388921,exact_ref,2624.354,1,0,56877,3640320
fuzzydedup,4,2,enron_full_388921,exact_ref,2248.094,1,0,45007,2880640
fuzzydedup,5,2,enron_full_388921,exact_ref,2068.907,1,0,51229,3278848
fuzzydedup,4,2,enron_full_390158,exact_ref,4134.284,1,0,78775,5043072
fuzzydedup,5,2,enron_full_390158,exact_ref,4559.850,1,0,93158,5964096
fuzzydedup,6,2,enron_full_390158,exact_ref,4765.556,1,6,103917,6653184
fuzzydedup,5,2,enron_full_391047,exact_ref,4734.003,1,0,81980,5246912
fuzzydedup,6,2,enron_full_391047,exact_ref,4981.859,1,0,97952,6269120
fuzzydedup,4,2,enron_full_391047,exact_ref,3672.966,1,0,65573,4196864
fuzzydedup,6,2,enron_full_391217,no_exact_ref,8058.261,0,7,186103,11910592
fuzzydedup,4,2,enron_full_391217,no_exact_ref,6422.218,0,5,133491,8543424
fuzzydedup,5,2,enron_full_391217,no_exact_ref,7135.417,0,6,160514,10272896
fuzzydedup,4,2,enron_full_391486,no_exact_ref,1163.958,0,5,19159,1226176
fuzzydedup,5,2,enron_full_391486,no_exact_ref,1236.244,0,6,25187,1611968
fuzzydedup,6,2,enron_full_391486,no_exact_ref,1480.065,0,7,31685,2027840
fuzzydedup,5,2,enron_full_391746,no_exact_ref,1218.022,0,6,25187,1611968
fuzzydedup,6,2,enron_full_391746,no_exact_ref,1447.972,0,7,31685,2027840
fuzzydedup,4,2,enron_full_391746,no_exact_ref,877.982,0,5,19159,1226176
fuzzydedup,6,2,enron_full_392955,exact_ref,862.917,1,0,16845,1078272
fuzzydedup,4,2,enron_full_392955,exact_ref,894.857,1,0,14188,908224
fuzzydedup,5,2,enron_full_392955,exact_ref,916.954,1,0,15730,1006912
fuzzydedup,4,2,enron_full_393136,no_exact_ref,3000.767,0,5,62545,4002880
fuzzydedup,5,2,enron_full_393136,no_exact_ref,3982.118,0,6,77432,4955648
fuzzydedup,6,2,enron_full_393136,no_exact_ref,3980.363,0,7,92448,5916672
fuzzydedup,5,2,enron_full_393487,exact_ref,4919.275,1,0,90839,5813888
fuzzydedup,6,2,enron_full_393487,exact_ref,4888.240,1,0,106811,6836096
fuzzydedup,4,2,enron_full_393487,exact_ref,3428.900,1,0,74432,4763840
fuzzydedup,6,2,enron_full_394271,exact_ref,4210.138,1,0,96711,6189696
fuzzydedup,4,2,enron_full_394271,exact_ref,3566.590,1,0,71556,4579776
fuzzydedup,5,2,enron_full_394271,exact_ref,3364.946,1,0,84904,5434048
fuzzydedup,4,2,enron_full_394331,exact_ref,2165.375,1,0,45295,2899072
fuzzydedup,5,2,enron_full_394331,exact_ref,2042.708,1,0,51517,3297280
fuzzydedup,6,2,enron_full_394331,exact_ref,2246.387,1,0,57165,3658752
fuzzydedup,5,2,enron_full_394348,exact_ref,4072.290,1,0,82258,5264704
fuzzydedup,6,2,enron_full_394348,exact_ref,4711.617,1,0,98169,6283008
fuzzydedup,4,2,enron_full_394348,exact_ref,3390.021,1,0,66497,4256000
fuzzydedup,6,2,enron_full_394407,no_exact_ref,7216.344,0,7,197034,12610176
fuzzydedup,4,2,enron_full_394407,no_exact_ref,6913.316,0,5,140955,9021120
fuzzydedup,5,2,enron_full_394407,no_exact_ref,6643.323,0,6,169489,10847296
fuzzydedup,4,2,enron_full_395301,exact_ref,2877.238,1,0,57987,3711360
fuzzydedup,5,2,enron_full_395301,exact_ref,3996.108,1,0,72699,4652928
fuzzydedup,6,2,enron_full_395301,exact_ref,4223.827,1,0,87960,5629632
fuzzydedup,5,2,enron_full_395725,no_exact_ref,3954.671,0,6,95188,6092032
fuzzydedup,6,2,enron_full_395725,no_exact_ref,3979.416,0,7,112519,7201216
fuzzydedup,4,2,enron_full_395725,no_exact_ref,3011.572,0,5,77883,4984512
fuzzydedup,6,2,enron_full_396292,exact_ref,3862.533,1,0,96626,6184512
fuzzydedup,4,2,enron_full_396292,exact_ref,3073.805,1,0,71471,4574592
fuzzydedup,5,2,enron_full_396292,exact_ref,3244.017,1,0,84819,5428864
fuzzydedup,4,2,enron_full_396812,exact_ref,1287.896,1,0,26923,1723264
fuzzydedup,5,2,enron_full_396812,exact_ref,1217.794,1,0,29871,1911936
fuzzydedup,6,2,enron_full_396812,exact_ref,1301.251,1,0,32260,2064832
fuzzydedup,5,2,enron_full_397391,exact_ref,1215.319,1,0,16943,1084544
fuzzydedup,6,2,enron_full_397391,exact_ref,1189.635,1,0,21139,1353088
fuzzydedup,4,2,enron_full_397391,exact_ref,880.424,1,0,13107,839040
fuzzydedup,6,2,enron_full_397879,exact_ref,4593.852,1,0,82165,5258752
fuzzydedup,4,2,enron_full_397879,exact_ref,2939.485,1,0,53256,3408576
fuzzydedup,5,2,enron_full_397879,exact_ref,2784.383,1,0,67453,4317184
fuzzydedup,4,2,enron_full_398718,exact_ref,2454.403,1,0,53284,3410368
fuzzydedup,5,2,enron_full_398718,exact_ref,3064.132,1,0,67481,4318976
fuzzydedup,6,2,enron_full_398718,exact_ref,4229.314,1,0,82193,5260544
fuzzydedup,5,2,enron_full_399591,no_exact_ref,6644.126,0,6,168810,10803904
fuzzydedup,6,2,enron_full_399591,no_exact_ref,7961.065,0,7,194887,12472832
fuzzydedup,4,2,enron_full_399591,no_exact_ref,6161.091,0,5,139973,8958272
fuzzydedup,6,2,enron_full_399779,no_exact_ref,7296.848,0,7,197015,12608960
fuzzydedup,4,2,enron_full_399779,no_exact_ref,5856.227,0,5,141284,9042176
fuzzydedup,5,2,enron_full_399779,no_exact_ref,6865.297,0,6,169864,10871296
fuzzydedup,4,2,enron_full_399917,no_exact_ref,6130.524,0,5,141284,9042176
fuzzydedup,5,2,enron_full_399917,no_exact_ref,7145.424,0,6,169864,10871296
fuzzydedup,6,2,enron_full_399917,no_exact_ref,8151.009,0,7,197015,12608960
fuzzydedup,5,2,enron_full_400523,exact_ref,4011.968,1,0,76239,4879488
fuzzydedup,6,2,enron_full_400523,exact_ref,3857.805,1,0,89587,5733760
fuzzydedup,4,2,enron_full_400523,exact_ref,3395.603,1,0,62417,3994880
fuzzydedup,6,2,enron_full_401763,no_exact_ref,7284.951,0,7,194644,12457216
fuzzydedup,4,2,enron_full_401763,no_exact_ref,5897.982,0,5,139516,8929024
fuzzydedup,5,2,enron_full_401763,no_exact_ref,6323.852,0,6,168125,10760000
fuzzydedup,4,2,enron_full_401798,no_exact_ref,5921.286,0,5,133491,8543424
fuzzydedup,5,2,enron_full_401798,no_exact_ref,7160.203,0,6,160514,10272896
fuzzydedup,6,2,enron_full_401798,no_exact_ref,8265.223,0,7,186103,11910592
fuzzydedup,5,2,enron_full_402233,exact_ref,2594.729,1,0,53738,3439424
fuzzydedup,6,2,enron_full_402233,exact_ref,2578.873,1,0,59386,3800896
fuzzydedup,4,2,enron_full_402233,exact_ref,2212.142,1,0,47516,3041216
fuzzydedup,6,2,enron_full_402310,exact_ref,4268.746,1,0,96852,6198720
fuzzydedup,4,2,enron_full_402310,exact_ref,3596.881,1,0,71697,4588800
fuzzydedup,5,2,enron_full_402310,exact_ref,3850.286,1,0,85045,5443072
fuzzydedup,4,2,enron_full_403001,exact_ref,4151.206,1,0,76732,4911040
fuzzydedup,5,2,enron_full_403001,exact_ref,4663.037,1,0,92265,5905152
fuzzydedup,6,2,enron_full_403001,exact_ref,5047.037,1,0,107773,6897664
fuzzydedup,5,2,enron_full_403036,exact_ref,4706.395,1,0,91219,5838208
fuzzydedup,6,2,enron_full_403036,exact_ref,4920.297,1,0,107191,6860416
fuzzydedup,4,2,enron_full_403036,exact_ref,3727.947,1,0,74812,4788160
fuzzydedup,6,2,enron_full_403180,exact_ref,4245.603,1,0,97051,6211456
fuzzydedup,4,2,enron_full_403180,exact_ref,3372.060,1,0,71896,4601536
fuzzydedup,5,2,enron_full_403180,exact_ref,3460.650,1,0,85244,5455808
fuzzydedup,4,2,enron_full_404066,exact_ref,134.287,1,0,2222,142400
fuzzydedup,5,2,enron_full_404066,exact_ref,89.114,1,0,2821,180736
fuzzydedup,6,2,enron_full_404066,exact_ref,84.117,1,0,3457,221440
fuzzydedup,5,2,enron_full_405218,exact_ref,1328.330,1,0,28763,1841024
fuzzydedup,6,2,enron_full_405218,exact_ref,1477.126,1,0,31152,1993920
fuzzydedup,4,2,enron_full_405218,exact_ref,1235.817,1,0,25815,1652352
fuzzydedup,6,2,enron_full_405288,exact_ref,4329.112,1,0,101328,6485184
fuzzydedup,4,2,enron_full_405288,exact_ref,3745.551,1,0,74158,4746304
fuzzydedup,5,2,enron_full_405288,exact_ref,3686.245,1,0,87980,5630912
fuzzydedup,4,2,enron_full_405421,exact_ref,2395.495,1,0,56265,3601152
fuzzydedup,5,2,enron_full_405421,exact_ref,2485.371,1,0,64823,4148864
fuzzydedup,6,2,enron_full_405421,exact_ref,2996.091,1,0,72253,4624384
fuzzydedup,5,2,enron_full_406531,exact_ref,4198.438,1,0,82378,5272384
fuzzydedup,6,2,enron_full_406531,exact_ref,4626.671,1,0,98289,6290688
fuzzydedup,4,2,enron_full_406531,exact_ref,3286.906,1,0,66617,4263680
fuzzydedup,6,2,enron_full_407210,exact_ref,1308.180,1,0,25732,1647040
fuzzydedup,4,2,enron_full_407210,exact_ref,1009.319,1,0,21528,1377984
fuzzydedup,5,2,enron_full_407210,exact_ref,989.436,1,0,23917,1530880
fuzzydedup,4,2,enron_full_407416,exact_ref,3105.531,1,0,69136,4424896
fuzzydedup,5,2,enron_full_407416,exact_ref,3311.890,1,0,80943,5180544
fuzzydedup,6,2,enron_full_407416,exact_ref,3437.600,1,0,91625,5864192
fuzzydedup,5,2,enron_full_407459,exact_ref,424.170,1,0,4716,302016
fuzzydedup,6,2,enron_full_407459,exact_ref,160.935,1,0,4992,319680
fuzzydedup,4,2,enron_full_407459,exact_ref,139.288,1,0,4336,277696
fuzzydedup,6,2,enron_full_407590,exact_ref,115.783,1,0,1699,108928
fuzzydedup,4,2,enron_full_407590,exact_ref,91.107,1,0,1526,97856
fuzzydedup,5,2,enron_full_407590,exact_ref,81.841,1,0,1610,103232
fuzzydedup,4,2,enron_full_407747,exact_ref,3551.263,1,0,76711,4909696
fuzzydedup,5,2,enron_full_407747,exact_ref,4224.783,1,0,92244,5903808
fuzzydedup,6,2,enron_full_407747,exact_ref,4567.047,1,0,107752,6896320
fuzzydedup,5,2,enron_full_408988,exact_ref,3971.621,1,0,80434,5147968
fuzzydedup,6,2,enron_full_408988,exact_ref,4182.071,1,0,95942,6140480
fuzzydedup,4,2,enron_full_408988,exact_ref,3528.992,1,0,64901,4153856
fuzzydedup,6,2,enron_full_409260,exact_ref,1592.272,1,0,33797,2163200
fuzzydedup,4,2,enron_full_409260,exact_ref,1144.537,1,0,20943,1340544
fuzzydedup,5,2,enron_full_409260,exact_ref,1289.312,1,0,27023,1729664
fuzzydedup,4,2,enron_full_409276,exact_ref,3588.084,1,0,74164,4746688
fuzzydedup,5,2,enron_full_409276,exact_ref,3697.546,1,0,87986,5631296
fuzzydedup,6,2,enron_full_409276,exact_ref,4016.846,1,0,101334,6485568
fuzzydedup,5,2,enron_full_409720,exact_ref,2950.511,1,0,70446,4508736
fuzzydedup,6,2,enron_full_409720,exact_ref,2794.565,1,0,79004,5056448
fuzzydedup,4,2,enron_full_409720,exact_ref,3041.380,1,0,60860,3895232
fuzzydedup,6,2,enron_full_409761,exact_ref,3785.049,1,0,96962,6205760
fuzzydedup,4,2,enron_full_409761,exact_ref,3272.129,1,0,71807,4595840
fuzzydedup,5,2,enron_full_409761,exact_ref,3536.227,1,0,85155,5450112
fuzzydedup,4,2,enron_full_410980,no_exact_ref,4028.333,0,5,84127,5384128
fuzzydedup,5,2,enron_full_410980,no_exact_ref,4259.820,0,6,103384,6616576
fuzzydedup,6,2,enron_full_410980,no_exact_ref,5898.724,0,7,123332,7893248
fuzzydedup,5,2,enron_full_411073,no_exact_ref,5028.851,0,6,126879,8120256
fuzzydedup,6,2,enron_full_411073,no_exact_ref,5600.319,0,7,148499,9503936
fuzzydedup,4,2,enron_full_411073,no_exact_ref,4178.856,0,5,105124,6727936
fuzzydedup,6,2,enron_full_411853,exact_ref,3568.050,1,0,76664,4906816
fuzzydedup,4,2,enron_full_411853,exact_ref,2517.738,1,0,49138,3145024
fuzzydedup,5,2,enron_full_411853,exact_ref,2825.917,1,0,62467,3998208
fuzzydedup,4,2,enron_full_412435,exact_ref,2598.472,1,0,58589,3749888
fuzzydedup,5,2,enron_full_412435,exact_ref,3816.045,1,0,73301,4691456
fuzzydedup,6,2,enron_full_412435,exact_ref,4406.078,1,0,88562,5668160
fuzzydedup,5,2,enron_full_412836,exact_ref,4287.216,1,0,85828,5493184
fuzzydedup,6,2,enron_full_412836,exact_ref,4943.599,1,0,100211,6413696
fuzzydedup,4,2,enron_full_412836,exact_ref,4013.889,1,0,70320,4500672
fuzzydedup,6,2,enron_full_414414,exact_ref,3042.513,1,0,65194,4172608
fuzzydedup,4,2,enron_full_414414,exact_ref,2552.275,1,0,51542,3298880
fuzzydedup,5,2,enron_full_414414,exact_ref,3063.539,1,0,58972,3774400
fuzzydedup,4,2,enron_full_414620,exact_ref,2414.211,1,0,33987,2175360
fuzzydedup,5,2,enron_full_414620,exact_ref,2437.682,1,0,44043,2818944
fuzzydedup,6,2,enron_full_414620,exact_ref,3152.472,1,0,55094,3526208
fuzzydedup,5,2,enron_full_414624,no_exact_ref,7340.361,0,6,168125,10760000
fuzzydedup,6,2,enron_full_414624,no_exact_ref,8250.706,0,7,194644,12457216
fuzzydedup,4,2,enron_full_414624,no_exact_ref,6600.654,0,5,139516,8929024
fuzzydedup,6,2,enron_full_415032,exact_ref,2116.028,1,0,37422,2395200
fuzzydedup,4,2,enron_full_415032,exact_ref,1674.195,1,0,30991,1983616
fuzzydedup,5,2,enron_full_415032,exact_ref,1878.144,1,0,34474,2206528
fuzzydedup,4,2,enron_full_415416,exact_ref,2996.451,1,0,49098,3142464
fuzzydedup,5,2,enron_full_415416,exact_ref,3382.579,1,0,62427,3995520
fuzzydedup,6,2,enron_full_415416,exact_ref,3666.091,1,0,76624,4904128
fuzzydedup,5,2,enron_full_415425,exact_ref,3769.494,1,0,70983,4543104
fuzzydedup,6,2,enron_full_415425,exact_ref,3293.797,1,0,79541,5090816
fuzzydedup,4,2,enron_full_415425,exact_ref,2536.799,1,0,61397,3929600
fuzzydedup,6,2,enron_full_415589,exact_ref,4087.531,1,0,97485,6239232
fuzzydedup,4,2,enron_full_415589,exact_ref,3554.173,1,0,72330,4629312
fuzzydedup,5,2,enron_full_415589,exact_ref,3762.778,1,0,85678,5483584
fuzzydedup,4,2,enron_full_416173,no_exact_ref,4602.009,0,5,105124,6727936
fuzzydedup,5,2,enron_full_416173,no_exact_ref,5347.615,0,6,126879,8120256
fuzzydedup,6,2,enron_full_416173,no_exact_ref,6246.119,0,7,148499,9503936
fuzzydedup,5,2,enron_full_416275,no_exact_ref,7332.855,0,6,160514,10272896
fuzzydedup,6,2,enron_full_416275,no_exact_ref,8198.502,0,7,186103,11910592
fuzzydedup,4,2,enron_full_416275,no_exact_ref,6210.077,0,5,133491,8543424
fuzzydedup,6,2,enron_full_417397,exact_ref,1007.165,1,0,17090,1093952
fuzzydedup,4,2,enron_full_417397,exact_ref,947.107,1,0,14433,923904
fuzzydedup,5,2,enron_full_417397,exact_ref,1035.364,1,0,15975,1022592
fuzzydedup,4,2,enron_full_418145,exact_ref,1632.308,1,0,31018,1985344
fuzzydedup,5,2,enron_full_418145,exact_ref,1618.152,1,0,34501,2208256
fuzzydedup,6,2,enron_full_418145,exact_ref,1600.513,1,0,37449,2396928
fuzzydedup,5,2,enron_full_418173,exact_ref,3277.302,1,0,71126,4552256
fuzzydedup,6,2,enron_full_418173,exact_ref,3112.587,1,0,79684,5099968
fuzzydedup,4,2,enron_full_418173,exact_ref,2454.059,1,0,61540,3938752
fuzzydedup,6,2,enron_full_418938,exact_ref,3428.615,1,0,63560,4068032
fuzzydedup,4,2,enron_full_418938,exact_ref,2223.445,1,0,40815,2612352
fuzzydedup,5,2,enron_full_418938,exact_ref,2978.306,1,0,51866,3319616
fuzzydedup,4,2,enron_full_419715,exact_ref,1981.763,1,0,32601,2086656
fuzzydedup,5,2,enron_full_419715,exact_ref,2428.887,1,0,42046,2691136
fuzzydedup,6,2,enron_full_419715,exact_ref,2534.374,1,0,52102,3334720
fuzzydedup,5,2,enron_full_419787,exact_ref,3062.250,1,0,58951,3773056
fuzzydedup,6,2,enron_full_419787,exact_ref,2923.684,1,0,65173,4171264
fuzzydedup,4,2,enron_full_419787,exact_ref,2516.107,1,0,51521,3297536
fuzzydedup,6,2,enron_full_419936,exact_ref,3662.853,1,0,57860,3703232
fuzzydedup,4,2,enron_full_419936,exact_ref,2366.768,1,0,36753,2352384
fuzzydedup,5,2,enron_full_419936,exact_ref,2490.645,1,0,46809,2995968
fuzzydedup,4,2,enron_full_419992,exact_ref,3502.714,1,0,69424,4443328
fuzzydedup,5,2,enron_full_419992,exact_ref,3736.695,1,0,81231,5198976
fuzzydedup,6,2,enron_full_419992,exact_ref,3847.403,1,0,91913,5882624
fuzzydedup,5,2,enron_full_420340,exact_ref,4540.081,1,0,80950,5180992
fuzzydedup,6,2,enron_full_420340,exact_ref,5043.556,1,0,96483,6175104
fuzzydedup,4,2,enron_full_420340,exact_ref,3915.470,1,0,64978,4158784
fuzzydedup,6,2,enron_full_420635,exact_ref,4087.878,1,0,97431,6235776
fuzzydedup,4,2,enron_full_420635,exact_ref,3486.189,1,0,72276,4625856
fuzzydedup,5,2,enron_full_420635,exact_ref,3577.220,1,0,85624,5480128
fuzzydedup,4,2,enron_full_421070,no_exact_ref,5702.727,0,5,137103,8774592
fuzzydedup,5,2,enron_full_421070,no_exact_ref,6382.058,0,6,164671,10538944
fuzzydedup,6,2,enron_full_421070,no_exact_ref,7200.568,0,7,190614,12199296
fuzzydedup,5,2,enron_full_421581,no_exact_ref,6784.556,0,6,154598,9894272
fuzzydedup,6,2,enron_full_421581,no_exact_ref,7141.831,0,7,180015,11520960
fuzzydedup,4,2,enron_full_421581,no_exact_ref,5877.971,0,5,128135,8200640
fuzzydedup,6,2,enron_full_421659,no_exact_ref,1485.727,0,7,19269,1233216
fuzzydedup,4,2,enron_full_421659,no_exact_ref,835.873,0,5,12834,821376
fuzzydedup,5,2,enron_full_421659,no_exact_ref,841.122,0,6,15947,1020608
fuzzydedup,4,2,enron_full_422214,no_exact_ref,6131.295,0,5,141284,9042176
fuzzydedup,5,2,enron_full_422214,no_exact_ref,7787.698,0,6,169864,10871296
fuzzydedup,6,2,enron_full_422214,no_exact_ref,7942.298,0,7,197015,12608960
fuzzydedup,5,2,enron_full_422408,exact_ref,3093.312,1,0,69613,4455424
fuzzydedup,6,2,enron_full_422408,exact_ref,3356.443,1,0,79199,5068928
fuzzydedup,4,2,enron_full_422408,exact_ref,2642.183,1,0,58931,3771776
fuzzydedup,6,2,enron_full_423045,exact_ref,2994.255,1,0,57814,3700288
fuzzydedup,4,2,enron_full_423045,exact_ref,1966.378,1,0,36707,2349440
fuzzydedup,5,2,enron_full_423045,exact_ref,2261.691,1,0,46763,2993024
fuzzydedup,4,2,enron_full_423694,exact_ref,1677.817,1,0,35460,2269632
fuzzydedup,5,2,enron_full_423694,exact_ref,1656.652,1,0,40062,2564160
fuzzydedup,6,2,enron_full_423694,exact_ref,1822.766,1,0,43545,2787072
fuzzydedup,5,2,enron_full_423789,exact_ref,4342.770,1,0,92350,5910592
fuzzydedup,6,2,enron_full_423789,exact_ref,5104.463,1,0,106733,6831104
fuzzydedup,4,2,enron_full_423789,exact_ref,4053.232,1,0,76842,4918080
fuzzydedup,6,2,enron_full_424183,no_exact_ref,2740.469,1,6,32732,2106048
fuzzydedup,4,2,enron_full_424183,no_exact_ref,1795.198,1,4,5252,338752
fuzzydedup,5,2,enron_full_424183,no_exact_ref,1952.663,1,4,21471,1382912
fuzzydedup,4,2,enron_full_424691,exact_ref,2668.845,1,0,48940,3132352
fuzzydedup,5,2,enron_full_424691,exact_ref,3101.937,1,0,62269,3985408
fuzzydedup,6,2,enron_full_424691,exact_ref,3353.261,1,0,76466,4894016
fuzzydedup,5,2,enron_full_425035,exact_ref,3308.155,1,0,70834,4533568
fuzzydedup,6,2,enron_full_425035,exact_ref,3163.746,1,0,79392,5081280
fuzzydedup,4,2,enron_full_425035,exact_ref,2244.584,1,0,61248,3920064
fuzzydedup,6,2,enron_full_425166,exact_ref,3948.783,1,0,101787,6514560
fuzzydedup,4,2,enron_full_425166,exact_ref,3415.683,1,0,74617,4775680
fuzzydedup,5,2,enron_full_425166,exact_ref,3556.036,1,0,88439,5660288
fuzzydedup,4,2,enron_full_425789,exact_ref,1412.865,1,0,27055,1731712
fuzzydedup,5,2,enron_full_425789,exact_ref,1558.762,1,0,30538,1954624
fuzzydedup,6,2,enron_full_425789,exact_ref,1414.402,1,0,33486,2143296
fuzzydedup,5,2,enron_full_426054,exact_ref,673.618,1,0,6743,431744
fuzzydedup,6,2,enron_full_426054,exact_ref,711.905,1,0,8493,543744
fuzzydedup,4,2,enron_full_426054,exact_ref,575.509,1,0,5324,340928
fuzzydedup,6,2,enron_full_426288,exact_ref,2644.536,1,0,64962,4157760
fuzzydedup,4,2,enron_full_426288,exact_ref,2188.418,1,0,51310,3284032
fuzzydedup,5,2,enron_full_426288,exact_ref,2479.713,1,0,58740,3759552
fuzzydedup,4,2,enron_full_427733,exact_ref,1475.916,1,0,35537,2274560
fuzzydedup,5,2,enron_full_427733,exact_ref,1576.693,1,0,40139,2569088
fuzzydedup,6,2,enron_full_427733,exact_ref,1856.348,1,0,43622,2792000
fuzzydedup,5,2,enron_full_428515,exact_ref,364.737,1,0,3066,196416
fuzzydedup,6,2,enron_full_428515,exact_ref,122.696,1,0,3216,206016
fuzzydedup,4,2,enron_full_428515,exact_ref,104.585,1,0,2791,178816
fuzzydedup,6,2,enron_full_428895,exact_ref,1648.205,1,0,50574,3236928
fuzzydedup,4,2,enron_full_428895,exact_ref,1708.788,1,0,40324,2580928
fuzzydedup,5,2,enron_full_428895,exact_ref,1859.277,1,0,45972,2942400
fuzzydedup,4,2,enron_full_429441,no_exact_ref,6228.944,0,5,133491,8543424
fuzzydedup,5,2,enron_full_429441,no_exact_ref,6602.822,0,6,160514,10272896
fuzzydedup,6,2,enron_full_429441,no_exact_ref,7868.752,0,7,186103,11910592
fuzzydedup,5,2,enron_full_429986,no_exact_ref,4090.675,0,6,94423,6043072
fuzzydedup,6,2,enron_full_429986,no_exact_ref,4614.896,0,7,112816,7220224
fuzzydedup,4,2,enron_full_429986,no_exact_ref,3274.973,0,5,75858,4854912
fuzzydedup,6,2,enron_full_430065,no_exact_ref,7588.797,0,7,191555,12259520
fuzzydedup,4,2,enron_full_430065,no_exact_ref,5796.516,0,5,137769,8817216
fuzzydedup,5,2,enron_full_430065,no_exact_ref,6885.146,0,6,164996,10559744
fuzzydedup,4,2,enron_full_430260,no_exact_ref,1894.906,0,5,35794,2290816
fuzzydedup,5,2,enron_full_430260,no_exact_ref,1748.878,0,6,44800,2867392
fuzzydedup,6,2,enron_full_430260,no_exact_ref,2760.124,0,7,54205,3469312
fuzzydedup,5,2,enron_full_430592,no_exact_ref,7125.032,0,6,169489,10847296
fuzzydedup,6,2,enron_full_430592,no_exact_ref,8757.729,0,7,197034,12610176
fuzzydedup,4,2,enron_full_430592,no_exact_ref,6309.386,0,5,140955,9021120
fuzzydedup,6,2,enron_full_431423,no_exact_ref,6642.790,0,7,163334,10453376
fuzzydedup,4,2,enron_full_431423,no_exact_ref,5155.428,0,5,115506,7392384
fuzzydedup,5,2,enron_full_431423,no_exact_ref,6051.742,0,6,139663,8938432
fuzzydedup,4,2,enron_full_432116,exact_ref,3506.107,1,0,59334,3797568
fuzzydedup,5,2,enron_full_432116,exact_ref,3698.805,1,0,74595,4774272
fuzzydedup,6,2,enron_full_432116,exact_ref,3890.063,1,0,90356,5782976
fuzzydedup,5,2,enron_full_432508,exact_ref,4558.448,1,0,93144,5961408
fuzzydedup,6,2,enron_full_432508,exact_ref,4881.068,1,0,108652,6953920
fuzzydedup,4,2,enron_full_432508,exact_ref,4148.602,1,0,77611,4967296
fuzzydedup,6,2,enron_full_433686,exact_ref,3098.829,1,0,65385,4184832
fuzzydedup,4,2,enron_full_433686,exact_ref,2422.673,1,0,51733,3311104
fuzzydedup,5,2,enron_full_433686,exact_ref,2666.055,1,0,59163,3786624
fuzzydedup,4,2,enron_full_433711,exact_ref,1555.962,1,0,31055,1987712
fuzzydedup,5,2,enron_full_433711,exact_ref,1650.953,1,0,34538,2210624
fuzzydedup,6,2,enron_full_433711,exact_ref,1648.265,1,0,37486,2399296
fuzzydedup,5,2,enron_full_433823,exact_ref,3903.903,1,0,85952,5501120
fuzzydedup,6,2,enron_full_433823,exact_ref,4155.007,1,0,97759,6256768
fuzzydedup,4,2,enron_full_433823,exact_ref,3661.803,1,0,72604,4646848
fuzzydedup,6,2,enron_full_434515,exact_ref,4660.508,1,0,102455,6557312
fuzzydedup,4,2,enron_full_434515,exact_ref,3808.825,1,0,75285,4818432
fuzzydedup,5,2,enron_full_434515,exact_ref,4060.639,1,0,89107,5703040
fuzzydedup,4,2,enron_full_434661,exact_ref,4130.047,1,0,77209,4941568
fuzzydedup,5,2,enron_full_434661,exact_ref,4653.175,1,0,91592,5862080
fuzzydedup,6,2,enron_full_434661,exact_ref,4647.614,1,0,105414,6746688
fuzzydedup,5,2,enron_full_435743,exact_ref,4038.730,1,0,89011,5696896
fuzzydedup,6,2,enron_full_435743,exact_ref,4312.229,1,0,102359,6551168
fuzzydedup,4,2,enron_full_435743,exact_ref,3770.010,1,0,75189,4812288
fuzzydedup,6,2,enron_full_436019,no_exact_ref,7742.562,0,7,197034,12610176
fuzzydedup,4,2,enron_full_436019,no_exact_ref,6213.681,0,5,140955,9021120
fuzzydedup,5,2,enron_full_436019,no_exact_ref,6678.314,0,6,169489,10847296
fuzzydedup,4,2,enron_full_436309,no_exact_ref,3883.533,0,5,95838,6133632
fuzzydedup,5,2,enron_full_436309,no_exact_ref,4435.158,0,6,116994,7487616
fuzzydedup,6,2,enron_full_436309,no_exact_ref,5033.431,0,7,137129,8776256
fuzzydedup,5,2,enron_full_436431,no_exact_ref,6694.038,0,6,168125,10760064
fuzzydedup,6,2,enron_full_436431,no_exact_ref,7984.158,0,7,194644,12457280
fuzzydedup,4,2,enron_full_436431,no_exact_ref,5640.465,0,5,139516,8929024
fuzzydedup,6,2,enron_full_436454,no_exact_ref,8109.671,0,7,194887,12472768
fuzzydedup,4,2,enron_full_436454,no_exact_ref,6209.613,0,5,139973,8958272
fuzzydedup,5,2,enron_full_436454,no_exact_ref,7326.092,0,6,168810,10803840
fuzzydedup,4,2,enron_full_437873,exact_ref,4190.606,1,0,77596,4966336
fuzzydedup,5,2,enron_full_437873,exact_ref,4585.085,1,0,93104,5958848
fuzzydedup,6,2,enron_full_437873,exact_ref,5263.008,1,0,107487,6879360
fuzzydedup,5,2,enron_full_439573,no_exact_ref,7280.448,0,6,160514,10272896
fuzzydedup,6,2,enron_full_439573,no_exact_ref,8384.187,0,7,186103,11910656
fuzzydedup,4,2,enron_full_439573,no_exact_ref,6358.331,0,5,133491,8543424
fuzzydedup,6,2,enron_full_440276,no_exact_ref,4154.809,0,7,83781,5361984
fuzzydedup,4,2,enron_full_440276,no_exact_ref,2822.949,0,5,56325,3604800
fuzzydedup,5,2,enron_full_440276,no_exact_ref,2976.224,0,6,69703,4460992
fuzzydedup,4,2,enron_full_440707,exact_ref,4118.635,1,0,75371,4827904
fuzzydedup,5,2,enron_full_440707,exact_ref,4328.991,1,0,89193,5715392
fuzzydedup,6,2,enron_full_440707,exact_ref,4421.011,1,0,102541,6572544
fuzzydedup,5,2,enron_full_441744,exact_ref,4750.811,1,0,87242,5583680
fuzzydedup,6,2,enron_full_441744,exact_ref,4881.750,1,0,103461,6621696
fuzzydedup,4,2,enron_full_441744,exact_ref,3686.580,1,0,71331,4565376
fuzzydedup,6,2,enron_full_442093,exact_ref,735.842,1,0,4818,308544
fuzzydedup,4,2,enron_full_442093,exact_ref,96.722,1,0,2969,190208
fuzzydedup,5,2,enron_full_442093,exact_ref,77.727,1,0,3901,249856
fuzzydedup,4,2,enron_full_442322,no_exact_ref,4223.583,0,5,92244,5903616
fuzzydedup,5,2,enron_full_442322,no_exact_ref,5401.318,0,6,113036,7234304
fuzzydedup,6,2,enron_full_442322,no_exact_ref,6726.583,0,7,133357,8534848
fuzzydedup,5,2,enron_full_442524,exact_ref,4516.098,1,0,93323,5972864
fuzzydedup,6,2,enron_full_442524,exact_ref,5150.632,1,0,107706,6893376
fuzzydedup,4,2,enron_full_442524,exact_ref,3877.042,1,0,77815,4980352
fuzzydedup,6,2,enron_full_442558,exact_ref,4337.556,1,0,88833,5685504
fuzzydedup,4,2,enron_full_442558,exact_ref,2678.940,1,0,58860,3767232
fuzzydedup,5,2,enron_full_442558,exact_ref,3883.291,1,0,73572,4708800
fuzzydedup,4,2,enron_full_442662,exact_ref,3838.248,1,0,77813,4980224
fuzzydedup,5,2,enron_full_442662,exact_ref,4006.241,1,0,93321,5972736
fuzzydedup,6,2,enron_full_442662,exact_ref,4583.301,1,0,107704,6893248
fuzzydedup,5,2,enron_full_442954,exact_ref,1385.328,1,0,29318,1876544
fuzzydedup,6,2,enron_full_442954,exact_ref,1510.529,1,0,31707,2029440
fuzzydedup,4,2,enron_full_442954,exact_ref,1202.304,1,0,26370,1687872
fuzzydedup,6,2,enron_full_443309,exact_ref,1196.518,1,0,14618,935744
fuzzydedup,4,2,enron_full_443309,exact_ref,756.809,1,0,8905,570112
fuzzydedup,5,2,enron_full_443309,exact_ref,989.312,1,0,11591,742016
fuzzydedup,4,2,enron_full_443772,exact_ref,2532.492,1,0,57379,3672448
fuzzydedup,5,2,enron_full_443772,exact_ref,2466.507,1,0,65937,4220160
fuzzydedup,6,2,enron_full_443772,exact_ref,2940.310,1,0,73367,4695680
fuzzydedup,5,2,enron_full_444240,exact_ref,4268.382,1,0,87286,5586496
fuzzydedup,6,2,enron_full_444240,exact_ref,4464.599,1,0,103505,6624512
fuzzydedup,4,2,enron_full_444240,exact_ref,3359.340,1,0,71375,4568192
fuzzydedup,6,2,enron_full_445163,no_exact_ref,6528.744,0,7,169255,10832320
fuzzydedup,4,2,enron_full_445163,no_exact_ref,4861.962,0,5,120641,7721024
fuzzydedup,5,2,enron_full_445163,no_exact_ref,5335.644,0,6,145606,9318784
fuzzydedup,4,2,enron_full_445774,exact_ref,3452.001,1,0,63264,4049088
fuzzydedup,5,2,enron_full_445774,exact_ref,3897.054,1,0,79671,5099136
fuzzydedup,6,2,enron_full_445774,exact_ref,4446.150,1,0,95643,6121408
fuzzydedup,5,2,enron_full_445830,no_exact_ref,6788.902,0,6,164996,10559744
fuzzydedup,6,2,enron_full_445830,no_exact_ref,7545.963,0,7,191555,12259520
fuzzydedup,4,2,enron_full_445830,no_exact_ref,5904.891,0,5,137769,8817216
fuzzydedup,6,2,enron_full_446457,no_exact_ref,7402.344,0,7,194644,12457920
fuzzydedup,4,2,enron_full_446457,no_exact_ref,5887.115,0,5,139516,8929536
fuzzydedup,5,2,enron_full_446457,no_exact_ref,7387.931,0,6,168125,10760512
fuzzydedup,4,2,enron_full_447336,exact_ref,3844.884,1,0,77956,4989376
fuzzydedup,5,2,enron_full_447336,exact_ref,4723.990,1,0,93489,5983488
fuzzydedup,6,2,enron_full_447336,exact_ref,5138.517,1,0,108997,6976000
fuzzydedup,5,2,enron_full_447596,no_exact_ref,4759.435,0,6,103384,6616576
fuzzydedup,6,2,enron_full_447596,no_exact_ref,6102.248,0,7,123332,7893248
fuzzydedup,4,2,enron_full_447596,no_exact_ref,4298.193,0,5,84127,5384128
fuzzydedup,6,2,enron_full_448246,exact_ref,3402.487,1,0,70474,4510528
fuzzydedup,4,2,enron_full_448246,exact_ref,2630.148,1,0,54486,3487296
fuzzydedup,5,2,enron_full_448246,exact_ref,2626.305,1,0,63044,4035008
fuzzydedup,4,2,enron_full_448315,no_exact_ref,2685.470,1,0,59069,3780608
fuzzydedup,5,2,enron_full_448315,no_exact_ref,2839.036,1,0,67627,4328320
fuzzydedup,6,2,enron_full_448315,no_exact_ref,3134.466,1,0,75057,4803840
fuzzydedup,5,2,enron_full_448897,exact_ref,1011.110,1,0,18863,1207424
fuzzydedup,6,2,enron_full_448897,exact_ref,859.192,1,0,20405,1306112
fuzzydedup,4,2,enron_full_448897,exact_ref,875.563,1,0,17048,1091264
fuzzydedup,6,2,enron_full_449771,no_exact_ref,6524.721,0,7,133357,8534848
fuzzydedup,4,2,enron_full_449771,no_exact_ref,4187.213,0,5,92244,5903616
fuzzydedup,5,2,enron_full_449771,no_exact_ref,5427.639,0,6,113036,7234304
fuzzydedup,4,2,enron_full_450293,exact_ref,3853.395,1,0,76862,4919360
fuzzydedup,5,2,enron_full_450293,exact_ref,3938.595,1,0,92834,5941568
fuzzydedup,6,2,enron_full_450293,exact_ref,4880.939,1,0,108367,6935680
fuzzydedup,5,2,enron_full_450584,no_exact_ref,4284.780,0,6,77432,4955712
fuzzydedup,6,2,enron_full_450584,no_exact_ref,4209.457,0,7,92448,5916864
fuzzydedup,4,2,enron_full_450584,no_exact_ref,2633.706,0,5,62545,4002880
fuzzydedup,6,2,enron_full_451624,exact_ref,4595.887,1,0,89450,5724992
fuzzydedup,4,2,enron_full_451624,exact_ref,2536.427,1,0,59477,3806720
fuzzydedup,5,2,enron_full_451624,exact_ref,3769.750,1,0,74189,4748288
fuzzydedup,4,2,enron_full_451708,exact_ref,1172.722,1,0,22113,1415424
fuzzydedup,5,2,enron_full_451708,exact_ref,996.451,1,0,24502,1568320
fuzzydedup,6,2,enron_full_451708,exact_ref,971.525,1,0,26317,1684480
fuzzydedup,5,2,enron_full_451980,no_exact_ref,6611.220,0,6,164671,10538944
fuzzydedup,6,2,enron_full_451980,no_exact_ref,6852.070,0,7,190614,12199296
fuzzydedup,4,2,enron_full_451980,no_exact_ref,5131.406,0,5,137103,8774592
fuzzydedup,6,2,enron_full_452075,exact_ref,1800.806,1,0,44247,2832000
fuzzydedup,4,2,enron_full_452075,exact_ref,1557.364,1,0,36162,2314560
fuzzydedup,5,2,enron_full_452075,exact_ref,1708.173,1,0,40764,2609088
fuzzydedup,4,2,enron_full_452624,exact_ref,3572.351,1,0,63657,4074240
fuzzydedup,5,2,enron_full_452624,exact_ref,3763.203,1,0,78918,5050944
fuzzydedup,6,2,enron_full_452624,exact_ref,3924.632,1,0,94679,6059648
fuzzydedup,5,2,enron_full_452665,exact_ref,4341.607,1,0,92431,5915776
fuzzydedup,6,2,enron_full_452665,exact_ref,4463.813,1,0,108403,6937984
fuzzydedup,4,2,enron_full_452665,exact_ref,3855.977,1,0,76024,4865728
fuzzydedup,6,2,enron_full_453158,exact_ref,3354.580,1,0,63848,4086464
fuzzydedup,4,2,enron_full_453158,exact_ref,2137.929,1,0,41103,2630784
fuzzydedup,5,2,enron_full_453158,exact_ref,2883.111,1,0,52154,3338048
fuzzydedup,4,2,enron_full_453577,exact_ref,3111.596,1,0,50462,3229760
fuzzydedup,5,2,enron_full_453577,exact_ref,3353.467,1,0,64659,4138368
fuzzydedup,6,2,enron_full_453577,exact_ref,4701.572,1,0,79371,5079936
fuzzydedup,5,2,enron_full_455974,no_exact_ref,2288.359,1,3,39334,2517568
fuzzydedup,6,2,enron_full_455974,no_exact_ref,2406.899,1,3,51141,3273216
fuzzydedup,4,2,enron_full_455974,no_exact_ref,1686.232,1,3,25986,1663296
fuzzydedup,6,2,enron_full_456283,no_exact_ref,184.679,0,7,2934,187776
fuzzydedup,4,2,enron_full_456283,no_exact_ref,59.944,0,5,1920,122880
fuzzydedup,5,2,enron_full_456283,no_exact_ref,66.495,0,6,2411,154304
fuzzydedup,4,2,enron_full_458074,no_exact_ref,5472.271,0,5,127462,8157568
fuzzydedup,5,2,enron_full_458074,no_exact_ref,6453.899,0,6,153267,9809088
fuzzydedup,6,2,enron_full_458074,no_exact_ref,7383.347,0,7,177736,11375104
fuzzydedup,5,2,enron_full_458660,no_exact_ref,269.217,0,6,4502,288128
fuzzydedup,6,2,enron_full_458660,no_exact_ref,128.226,0,7,5369,343616
fuzzydedup,4,2,enron_full_458660,no_exact_ref,87.854,0,5,3649,233536
fuzzydedup,6,2,enron_full_459917,no_exact_ref,8036.946,0,7,180015,11520960
fuzzydedup,4,2,enron_full_459917,no_exact_ref,6436.534,0,5,128135,8200640
fuzzydedup,5,2,enron_full_459917,no_exact_ref,7210.074,0,6,154598,9894272
fuzzydedup,4,2,enron_full_459959,no_exact_ref,1488.560,0,5,22576,1444864
fuzzydedup,5,2,enron_full_459959,no_exact_ref,1523.703,0,6,28110,1799040
fuzzydedup,6,2,enron_full_459959,no_exact_ref,1827.860,0,7,34498,2207872
fuzzydedup,5,2,enron_full_460573,exact_ref,3690.266,1,0,69877,4472320
fuzzydedup,6,2,enron_full_460573,exact_ref,3716.638,1,0,80559,5155968
fuzzydedup,4,2,enron_full_460573,exact_ref,2983.990,1,0,58070,3716672
fuzzydedup,6,2,enron_full_461053,exact_ref,4913.567,1,0,99598,6374464
fuzzydedup,4,2,enron_full_461053,exact_ref,4105.720,1,0,67926,4347456
fuzzydedup,5,2,enron_full_461053,exact_ref,3745.679,1,0,83687,5356160
fuzzydedup,4,2,enron_full_461203,no_exact_ref,5862.951,0,5,141284,9042176
fuzzydedup,5,2,enron_full_461203,no_exact_ref,6874.307,0,6,169864,10871296
fuzzydedup,6,2,enron_full_461203,no_exact_ref,7428.892,0,7,197015,12608960
fuzzydedup,5,2,enron_full_461474,no_exact_ref,2996.240,0,6,73355,4694720
fuzzydedup,6,2,enron_full_461474,no_exact_ref,3376.984,0,7,88518,5665152
fuzzydedup,4,2,enron_full_461474,no_exact_ref,2520.099,0,5,59159,3786176
fuzzydedup,6,2,enron_full_461621,exact_ref,5152.121,1,0,104094,6662208
fuzzydedup,4,2,enron_full_461621,exact_ref,3447.145,1,0,71964,4605888
fuzzydedup,5,2,enron_full_461621,exact_ref,3960.144,1,0,87875,5624192
fuzzydedup,4,2,enron_full_461648,exact_ref,1415.172,1,0,26873,1720064
fuzzydedup,5,2,enron_full_461648,exact_ref,2203.696,1,0,34325,2196992
fuzzydedup,6,2,enron_full_461648,exact_ref,2217.494,1,0,42571,2724736
fuzzydedup,5,2,enron_full_461948,exact_ref,4442.822,1,0,94230,6030912
fuzzydedup,6,2,enron_full_461948,exact_ref,4577.308,1,0,109738,7023424
fuzzydedup,4,2,enron_full_461948,exact_ref,3551.652,1,0,78697,5036800
fuzzydedup,6,2,enron_full_462616,exact_ref,1667.775,1,0,38128,2440384
fuzzydedup,4,2,enron_full_462616,exact_ref,1484.257,1,0,31697,2028800
fuzzydedup,5,2,enron_full_462616,exact_ref,1373.479,1,0,35180,2251712
fuzzydedup,4,2,enron_full_463151,exact_ref,3481.043,1,0,76125,4872192
fuzzydedup,5,2,enron_full_463151,exact_ref,4124.274,1,0,89947,5756800
fuzzydedup,6,2,enron_full_463151,exact_ref,3905.887,1,0,103295,6611072
fuzzydedup,5,2,enron_full_463936,exact_ref,2455.474,1,0,47308,3027904
fuzzydedup,6,2,enron_full_463936,exact_ref,3146.271,1,0,58359,3735168
fuzzydedup,4,2,enron_full_463936,exact_ref,1934.501,1,0,37252,2384320
fuzzydedup,6,2,enron_full_463955,exact_ref,3088.643,1,0,80662,5162560
fuzzydedup,4,2,enron_full_463955,exact_ref,2186.615,1,0,62518,4001344
fuzzydedup,5,2,enron_full_463955,exact_ref,2521.287,1,0,72104,4614848
fuzzydedup,4,2,enron_full_463976,exact_ref,2170.470,1,0,57837,3701760
fuzzydedup,5,2,enron_full_463976,exact_ref,2710.242,1,0,66395,4249472
fuzzydedup,6,2,enron_full_463976,exact_ref,2689.162,1,0,73825,4724992
fuzzydedup,5,2,enron_full_465574,exact_ref,2035.766,1,0,38293,2450944
fuzzydedup,6,2,enron_full_465574,exact_ref,2349.957,1,0,47738,3055424
fuzzydedup,4,2,enron_full_465574,exact_ref,1854.628,1,0,30047,1923200
fuzzydedup,6,2,enron_full_466018,exact_ref,2932.779,1,0,73922,4731200
fuzzydedup,4,2,enron_full_466018,exact_ref,2765.503,1,0,57934,3707968
fuzzydedup,5,2,enron_full_466018,exact_ref,2820.088,1,0,66492,4255680
fuzzydedup,4,2,enron_full_466387,exact_ref,2111.552,1,0,40949,2620928
fuzzydedup,5,2,enron_full_466387,exact_ref,2507.938,1,0,48379,3096448
fuzzydedup,6,2,enron_full_466387,exact_ref,2595.498,1,0,54601,3494656
fuzzydedup,5,2,enron_full_466533,exact_ref,1495.489,1,0,29652,1897920
fuzzydedup,6,2,enron_full_466533,exact_ref,1538.878,1,0,32041,2050816
fuzzydedup,4,2,enron_full_466533,exact_ref,1292.122,1,0,26704,1709248
fuzzydedup,6,2,enron_full_466708,exact_ref,1625.374,1,0,38160,2442432
fuzzydedup,4,2,enron_full_466708,exact_ref,1444.547,1,0,31729,2030848
fuzzydedup,5,2,enron_full_466708,exact_ref,1572.223,1,0,35212,2253760
fuzzydedup,4,2,enron_full_467278,exact_ref,3110.781,1,0,49676,3179456
fuzzydedup,5,2,enron_full_467278,exact_ref,3449.530,1,0,63005,4032512
fuzzydedup,6,2,enron_full_467278,exact_ref,3625.361,1,0,77202,4941120
fuzzydedup,5,2,enron_full_467576,exact_ref,5011.331,1,0,88706,5677376
fuzzydedup,6,2,enron_full_467576,exact_ref,5322.950,1,0,104214,6669888
fuzzydedup,4,2,enron_full_467576,exact_ref,4064.935,1,0,73173,4683264
fuzzydedup,6,2,enron_full_467913,exact_ref,3724.871,1,0,70506,4512576
fuzzydedup,4,2,enron_full_467913,exact_ref,2724.296,1,0,45483,2911104
fuzzydedup,5,2,enron_full_467913,exact_ref,2857.833,1,0,57177,3659520
fuzzydedup,4,2,enron_full_468001,exact_ref,126.460,1,0,1309,83968
fuzzydedup,5,2,enron_full_468001,exact_ref,54.103,1,0,1671,107136
fuzzydedup,6,2,enron_full_468001,exact_ref,65.072,1,0,2035,130432
fuzzydedup,5,2,enron_full_468241,exact_ref,2238.273,1,0,46989,3007488
fuzzydedup,6,2,enron_full_468241,exact_ref,2194.631,1,0,51591,3302016
fuzzydedup,4,2,enron_full_468241,exact_ref,1963.443,1,0,41341,2646016
fuzzydedup,6,2,enron_full_468948,exact_ref,1227.522,1,0,15268,977344
fuzzydedup,4,2,enron_full_468948,exact_ref,766.536,1,0,9555,611712
fuzzydedup,5,2,enron_full_468948,exact_ref,1075.527,1,0,12241,783616
fuzzydedup,4,2,enron_full_469104,exact_ref,2674.649,1,0,53979,3454848
fuzzydedup,5,2,enron_full_469104,exact_ref,2807.822,1,0,63565,4068352
fuzzydedup,6,2,enron_full_469104,exact_ref,2973.375,1,0,72123,4616064
fuzzydedup,5,2,enron_full_469441,exact_ref,2421.617,1,0,47310,3028032
fuzzydedup,6,2,enron_full_469441,exact_ref,3298.098,1,0,58361,3735296
fuzzydedup,4,2,enron_full_469441,exact_ref,2198.055,1,0,37254,2384448
fuzzydedup,6,2,enron_full_470510,exact_ref,881.522,1,0,10865,695552
fuzzydedup,4,2,enron_full_470510,exact_ref,735.163,1,0,6680,427712
fuzzydedup,5,2,enron_full_470510,exact_ref,754.049,1,0,8633,552704
fuzzydedup,4,2,enron_full_471172,exact_ref,2827.942,1,0,62509,4000768
fuzzydedup,5,2,enron_full_471172,exact_ref,3047.005,1,0,72095,4614272
fuzzydedup,6,2,enron_full_471172,exact_ref,3204.994,1,0,80653,5161984
fuzzydedup,5,2,enron_full_472398,exact_ref,1426.288,1,0,30704,1965248
fuzzydedup,6,2,enron_full_472398,exact_ref,2574.798,1,0,38156,2442176
fuzzydedup,4,2,enron_full_472398,exact_ref,1339.695,1,0,23930,1531712
fuzzydedup,6,2,enron_full_473353,exact_ref,4354.599,1,0,99303,6355584
fuzzydedup,4,2,enron_full_473353,exact_ref,3500.567,1,0,74148,4745664
fuzzydedup,5,2,enron_full_473353,exact_ref,3734.835,1,0,87496,5599936
fuzzydedup,4,2,enron_full_473987,no_exact_ref,1886.062,0,5,40217,2573888
fuzzydedup,5,2,enron_full_473987,no_exact_ref,2944.477,0,6,50020,3201280
fuzzydedup,6,2,enron_full_473987,no_exact_ref,3002.847,0,7,60498,3871872
fuzzydedup,5,2,enron_full_474902,exact_ref,4707.622,1,0,94453,6045184
fuzzydedup,6,2,enron_full_474902,exact_ref,4747.743,1,0,108836,6965696
fuzzydedup,4,2,enron_full_474902,exact_ref,3667.349,1,0,78945,5052672
fuzzydedup,6,2,enron_full_476646,exact_ref,3551.863,1,0,94110,6023232
fuzzydedup,4,2,enron_full_476646,exact_ref,3038.914,1,0,71621,4583936
fuzzydedup,5,2,enron_full_476646,exact_ref,3245.781,1,0,83428,5339584
fuzzydedup,4,2,enron_full_476866,exact_ref,3508.685,1,0,69182,4427840
fuzzydedup,5,2,enron_full_476866,exact_ref,3797.040,1,0,83565,5348352
fuzzydedup,6,2,enron_full_476866,exact_ref,3990.011,1,0,97387,6233344
fuzzydedup,5,2,enron_full_476952,exact_ref,1431.658,1,0,29838,1909824
fuzzydedup,6,2,enron_full_476952,exact_ref,1377.543,1,0,32227,2062720
fuzzydedup,4,2,enron_full_476952,exact_ref,1117.458,1,0,26890,1721152
fuzzydedup,6,2,enron_full_478933,no_exact_ref,7216.092,0,7,197015,12608960
fuzzydedup,4,2,enron_full_478933,no_exact_ref,5630.697,0,5,141284,9042176
fuzzydedup,5,2,enron_full_478933,no_exact_ref,6832.401,0,6,169864,10871296
fuzzydedup,4,2,enron_full_479947,no_exact_ref,1367.262,0,5,29764,1904896
fuzzydedup,5,2,enron_full_479947,no_exact_ref,1572.140,0,6,37900,2425600
fuzzydedup,6,2,enron_full_479947,no_exact_ref,1747.588,0,7,47017,3009088
fuzzydedup,5,2,enron_full_480468,no_exact_ref,5189.888,0,6,136629,8744256
fuzzydedup,6,2,enron_full_480468,no_exact_ref,6251.732,0,7,159258,10192512
fuzzydedup,4,2,enron_full_480468,no_exact_ref,4154.363,0,5,113227,7246528
fuzzydedup,6,2,enron_full_480848,exact_ref,3332.574,1,0,93827,6005120
fuzzydedup,4,2,enron_full_480848,exact_ref,2937.486,1,0,71338,4565824
fuzzydedup,5,2,enron_full_480848,exact_ref,3246.958,1,0,83145,5321472
fuzzydedup,4,2,enron_full_481384,exact_ref,2981.357,1,0,73912,4730560
fuzzydedup,5,2,enron_full_481384,exact_ref,3289.624,1,0,87260,5584832
fuzzydedup,6,2,enron_full_481384,exact_ref,3649.264,1,0,99067,6340480
fuzzydedup,5,2,enron_full_481691,exact_ref,4133.087,1,0,94303,6035584
fuzzydedup,6,2,enron_full_481691,exact_ref,4516.043,1,0,108686,6956096
fuzzydedup,4,2,enron_full_481691,exact_ref,5089.734,1,0,78795,5043072
fuzzydedup,6,2,enron_full_481940,exact_ref,4459.992,1,0,104289,6674688
fuzzydedup,4,2,enron_full_481940,exact_ref,3404.423,1,0,72159,4618368
fuzzydedup,5,2,enron_full_481940,exact_ref,4031.639,1,0,88070,5636672
fuzzydedup,4,2,enron_full_482039,exact_ref,2184.792,1,0,47045,3011072
fuzzydedup,5,2,enron_full_482039,exact_ref,2160.353,1,0,53267,3409280
fuzzydedup,6,2,enron_full_482039,exact_ref,2198.407,1,0,58915,3770752
fuzzydedup,5,2,enron_full_482398,no_exact_ref,4682.578,0,6,126879,8120256
fuzzydedup,6,2,enron_full_482398,no_exact_ref,5408.600,0,7,148499,9503936
fuzzydedup,4,2,enron_full_482398,no_exact_ref,3909.788,0,5,105124,6727936
fuzzydedup,6,2,enron_full_482679,no_exact_ref,1556.651,0,7,38839,2485696
fuzzydedup,4,2,enron_full_482679,no_exact_ref,1004.254,0,5,24248,1551872
fuzzydedup,5,2,enron_full_482679,no_exact_ref,1303.772,0,6,31029,1985856
fuzzydedup,4,2,enron_full_482700,exact_ref,3670.583,1,0,78301,5011456
fuzzydedup,5,2,enron_full_482700,exact_ref,4131.231,1,0,92684,5931968
fuzzydedup,6,2,enron_full_482700,exact_ref,4099.228,1,0,106506,6816576
fuzzydedup,5,2,enron_full_482778,exact_ref,2993.270,1,0,74470,4766272
fuzzydedup,6,2,enron_full_482778,exact_ref,3237.525,1,0,85152,5449920
fuzzydedup,4,2,enron_full_482778,exact_ref,2772.241,1,0,62663,4010624
fuzzydedup,6,2,enron_full_482919,exact_ref,2912.156,1,0,74123,4744064
fuzzydedup,4,2,enron_full_482919,exact_ref,2312.289,1,0,58135,3720832
fuzzydedup,5,2,enron_full_482919,exact_ref,2389.374,1,0,66693,4268544
fuzzydedup,4,2,enron_full_483941,exact_ref,3535.426,1,0,78338,5013824
fuzzydedup,5,2,enron_full_483941,exact_ref,3878.666,1,0,92721,5934336
fuzzydedup,6,2,enron_full_483941,exact_ref,4269.080,1,0,106543,6818944
fuzzydedup,5,2,enron_full_484013,exact_ref,3052.540,1,0,74545,4771072
fuzzydedup,6,2,enron_full_484013,exact_ref,3251.895,1,0,85227,5454720
fuzzydedup,4,2,enron_full_484013,exact_ref,2693.446,1,0,62738,4015424
fuzzydedup,6,2,enron_full_485161,exact_ref,4896.438,1,0,109787,7026560
fuzzydedup,4,2,enron_full_485161,exact_ref,3826.705,1,0,78282,5010240
fuzzydedup,5,2,enron_full_485161,exact_ref,4034.477,1,0,94254,6032448
fuzzydedup,4,2,enron_full_485319,exact_ref,1055.349,1,0,22392,1433280
fuzzydedup,5,2,enron_full_485319,exact_ref,1024.304,1,0,24781,1586176
fuzzydedup,6,2,enron_full_485319,exact_ref,960.889,1,0,26596,1702336
fuzzydedup,5,2,enron_full_485507,no_exact_ref,5991.883,0,6,164671,10538944
fuzzydedup,6,2,enron_full_485507,no_exact_ref,6870.730,0,7,190614,12199296
fuzzydedup,4,2,enron_full_485507,no_exact_ref,5118.061,0,5,137103,8774592
fuzzydedup,6,2,enron_full_485652,no_exact_ref,1007.679,0,7,15381,984384
fuzzydedup,4,2,enron_full_485652,no_exact_ref,773.764,0,5,10047,643008
fuzzydedup,5,2,enron_full_485652,no_exact_ref,799.670,0,6,12599,806336
fuzzydedup,4,2,enron_full_485802,no_exact_ref,3949.732,0,5,95838,6133632
fuzzydedup,5,2,enron_full_485802,no_exact_ref,4631.336,0,6,116994,7487616
fuzzydedup,6,2,enron_full_485802,no_exact_ref,5471.304,0,7,137129,8776256
fuzzydedup,5,2,enron_full_486590,exact_ref,124.857,1,0,1068,68544
fuzzydedup,6,2,enron_full_486590,exact_ref,48.604,1,0,1316,84416
fuzzydedup,4,2,enron_full_486590,exact_ref,35.076,1,0,856,54976
fuzzydedup,6,2,enron_full_486718,exact_ref,5455.598,1,0,110212,7053760
fuzzydedup,4,2,enron_full_486718,exact_ref,4503.706,1,0,78707,5037440
fuzzydedup,5,2,enron_full_486718,exact_ref,4478.915,1,0,94679,6059648
fuzzydedup,4,2,enron_full_487009,no_exact_ref,3526.154,0,5,77883,4984512
fuzzydedup,5,2,enron_full_487009,no_exact_ref,4333.488,0,6,95188,6092032
fuzzydedup,6,2,enron_full_487009,no_exact_ref,4410.221,0,7,112519,7201216
fuzzydedup,5,2,enron_full_487095,no_exact_ref,6170.885,0,6,153267,9809088
fuzzydedup,6,2,enron_full_487095,no_exact_ref,7305.297,0,7,177736,11375104
fuzzydedup,4,2,enron_full_487095,no_exact_ref,5311.749,0,5,127462,8157568
fuzzydedup,6,2,enron_full_487221,exact_ref,2539.593,1,0,59206,3789376
fuzzydedup,4,2,enron_full_487221,exact_ref,2227.674,1,0,47336,3029696
fuzzydedup,5,2,enron_full_487221,exact_ref,2328.980,1,0,53558,3427904
fuzzydedup,4,2,enron_full_488455,no_exact_ref,5177.366,0,5,127462,8157568
fuzzydedup,5,2,enron_full_488455,no_exact_ref,5981.717,0,6,153267,9809088
fuzzydedup,6,2,enron_full_488455,no_exact_ref,6459.601,0,7,177736,11375104
fuzzydedup,5,2,enron_full_488704,no_exact_ref,1570.940,1,4,34175,2189376
fuzzydedup,6,2,enron_full_488704,no_exact_ref,1801.295,1,4,37658,2412928
fuzzydedup,4,2,enron_full_488704,no_exact_ref,1407.022,1,4,29573,1893632
fuzzydedup,6,2,enron_full_489126,no_exact_ref,6610.327,0,7,177736,11375104
fuzzydedup,4,2,enron_full_489126,no_exact_ref,4769.259,0,5,127462,8157568
fuzzydedup,5,2,enron_full_489126,no_exact_ref,5839.045,0,6,153267,9809088
fuzzydedup,4,2,enron_full_490171,no_exact_ref,5803.740,0,5,141284,9042176
fuzzydedup,5,2,enron_full_490171,no_exact_ref,6608.836,0,6,169864,10871296
fuzzydedup,6,2,enron_full_490171,no_exact_ref,7422.430,0,7,197015,12608960
fuzzydedup,5,2,enron_full_490913,exact_ref,3830.547,1,0,87427,5595520
fuzzydedup,6,2,enron_full_490913,exact_ref,4710.438,1,0,103834,6645568
fuzzydedup,4,2,enron_full_490913,exact_ref,3513.849,1,0,71208,4557504
fuzzydedup,6,2,enron_full_491597,exact_ref,3085.462,1,0,74571,4772736
fuzzydedup,4,2,enron_full_491597,exact_ref,2359.048,1,0,58583,3749504
fuzzydedup,5,2,enron_full_491597,exact_ref,2459.020,1,0,67141,4297216
fuzzydedup,4,2,enron_full_491993,no_exact_ref,4812.380,0,5,107991,6911424
fuzzydedup,5,2,enron_full_491993,no_exact_ref,5439.895,0,6,131204,8397056
fuzzydedup,6,2,enron_full_491993,no_exact_ref,6081.530,0,7,153889,9848896
fuzzydedup,5,2,enron_full_492310,no_exact_ref,2623.751,0,6,55915,3578560
fuzzydedup,6,2,enron_full_492310,no_exact_ref,3008.850,0,7,67711,4333568
fuzzydedup,4,2,enron_full_492310,no_exact_ref,2347.874,0,5,44983,2878912
fuzzydedup,6,2,enron_full_492624,exact_ref,2299.807,1,0,51558,3299904
fuzzydedup,4,2,enron_full_492624,exact_ref,1879.139,1,0,39688,2540224
fuzzydedup,5,2,enron_full_492624,exact_ref,2016.139,1,0,45910,2938432
fuzzydedup,4,2,enron_full_492762,no_exact_ref,1916.725,0,5,50866,3255424
fuzzydedup,5,2,enron_full_492762,no_exact_ref,2185.471,0,6,63363,4055232
fuzzydedup,6,2,enron_full_492762,no_exact_ref,2748.445,0,7,76712,4909568
fuzzydedup,5,2,enron_full_493081,no_exact_ref,4040.646,0,6,106088,6789632
fuzzydedup,6,2,enron_full_493081,no_exact_ref,4173.785,0,7,125079,8005056
fuzzydedup,4,2,enron_full_493081,no_exact_ref,3135.323,0,5,87103,5574592
fuzzydedup,6,2,enron_full_493173,no_exact_ref,6540.214,0,7,153889,9848896
fuzzydedup,4,2,enron_full_493173,no_exact_ref,5065.831,0,5,107991,6911424
fuzzydedup,5,2,enron_full_493173,no_exact_ref,5292.031,0,6,131204,8397056
fuzzydedup,4,2,enron_full_494836,no_exact_ref,6069.561,0,5,140955,9021632
fuzzydedup,5,2,enron_full_494836,no_exact_ref,6881.542,0,6,169489,10848128
fuzzydedup,6,2,enron_full_494836,no_exact_ref,7168.763,0,7,197034,12611520
fuzzydedup,5,2,enron_full_495207,no_exact_ref,6967.387,0,6,168810,10803840
fuzzydedup,6,2,enron_full_495207,no_exact_ref,7442.480,0,7,194887,12472768
fuzzydedup,4,2,enron_full_495207,no_exact_ref,6345.611,0,5,139973,8958272
fuzzydedup,6,2,enron_full_496303,no_exact_ref,8156.953,0,7,186103,11910592
fuzzydedup,4,2,enron_full_496303,no_exact_ref,6602.051,0,5,133491,8543424
fuzzydedup,5,2,enron_full_496303,no_exact_ref,7229.145,0,6,160514,10272896
fuzzydedup,4,2,enron_full_497180,exact_ref,2949.967,1,0,63482,4063040
fuzzydedup,5,2,enron_full_497180,exact_ref,3158.867,1,0,73068,4676544
fuzzydedup,6,2,enron_full_497180,exact_ref,3079.055,1,0,81626,5224256
fuzzydedup,5,2,enron_full_498346,no_exact_ref,7129.345,0,6,169489,10847296
fuzzydedup,6,2,enron_full_498346,no_exact_ref,7884.905,0,7,197034,12610176
fuzzydedup,4,2,enron_full_498346,no_exact_ref,6353.063,0,5,140955,9021120
fuzzydedup,6,2,enron_full_498425,exact_ref,2352.430,1,0,52288,3346624
fuzzydedup,4,2,enron_full_498425,exact_ref,2021.340,1,0,42038,2690624
fuzzydedup,5,2,enron_full_498425,exact_ref,2074.914,1,0,47686,3052096
fuzzydedup,4,2,enron_full_498832,exact_ref,836.373,1,0,9642,617280
fuzzydedup,5,2,enron_full_498832,exact_ref,1138.066,1,0,12328,789184
fuzzydedup,6,2,enron_full_498832,exact_ref,1116.573,1,0,15355,982912
fuzzydedup,5,2,enron_full_499190,exact_ref,1025.643,1,0,13148,841664
fuzzydedup,6,2,enron_full_499190,exact_ref,1076.350,1,0,16470,1054272
fuzzydedup,4,2,enron_full_499190,exact_ref,965.956,1,0,10121,647936
fuzzydedup,6,2,enron_full_499335,exact_ref,1649.143,1,0,38598,2470464
fuzzydedup,4,2,enron_full_499335,exact_ref,1458.046,1,0,32167,2058880
fuzzydedup,5,2,enron_full_499335,exact_ref,1576.414,1,0,35650,2281792
fuzzydedup,4,2,enron_full_500125,exact_ref,1695.153,1,0,37068,2372544
fuzzydedup,5,2,enron_full_500125,exact_ref,1761.286,1,0,41670,2667072
fuzzydedup,6,2,enron_full_500125,exact_ref,1846.967,1,0,45153,2889984
fuzzydedup,5,2,enron_full_500480,exact_ref,804.638,1,0,9806,627776
fuzzydedup,6,2,enron_full_500480,exact_ref,810.714,1,0,12157,778240
fuzzydedup,4,2,enron_full_500480,exact_ref,740.841,1,0,7574,484928
fuzzydedup,6,2,enron_full_500856,exact_ref,1975.655,1,0,42520,2721472
fuzzydedup,4,2,enron_full_500856,exact_ref,1774.000,1,0,32270,2065472
fuzzydedup,5,2,enron_full_500856,exact_ref,1876.327,1,0,37918,2426944
fuzzydedup,4,2,enron_full_501389,exact_ref,1881.066,1,0,42157,2698240
fuzzydedup,5,2,enron_full_501389,exact_ref,1987.249,1,0,47805,3059712
fuzzydedup,6,2,enron_full_501389,exact_ref,2122.574,1,0,52407,3354240
fuzzydedup,5,2,enron_full_501995,no_exact_ref,1525.239,1,0,35914,2298688
fuzzydedup,6,2,enron_full_501995,no_exact_ref,1644.544,1,0,38862,2487360
fuzzydedup,4,2,enron_full_501995,no_exact_ref,1394.039,1,0,32431,2075776
fuzzydedup,6,2,enron_full_503996,no_exact_ref,5796.897,0,7,148499,9503936
fuzzydedup,4,2,enron_full_503996,no_exact_ref,4398.685,0,5,105124,6727936
fuzzydedup,5,2,enron_full_503996,no_exact_ref,5034.613,0,6,126879,8120256
fuzzydedup,4,2,enron_full_504214,no_exact_ref,3185.920,0,5,56325,3604800
fuzzydedup,5,2,enron_full_504214,no_exact_ref,3541.976,0,6,69703,4460992
fuzzydedup,6,2,enron_full_504214,no_exact_ref,4222.011,0,7,83781,5361984
fuzzydedup,5,2,enron_full_504672,exact_ref,3824.876,1,0,56643,3625344
fuzzydedup,6,2,enron_full_504672,exact_ref,3039.653,1,0,64073,4100864
fuzzydedup,4,2,enron_full_504672,exact_ref,2610.805,1,0,48085,3077632
fuzzydedup,6,2,enron_full_506077,no_exact_ref,3137.977,0,7,76712,4909568
fuzzydedup,4,2,enron_full_506077,no_exact_ref,2238.387,0,5,50866,3255424
fuzzydedup,5,2,enron_full_506077,no_exact_ref,2521.465,0,6,63363,4055232
fuzzydedup,4,2,enron_full_506313,no_exact_ref,5858.867,0,5,100182,6411648
fuzzydedup,5,2,enron_full_506313,no_exact_ref,6181.359,0,6,122217,7821888
fuzzydedup,6,2,enron_full_506313,no_exact_ref,6558.920,0,7,144058,9219712
fuzzydedup,5,2,enron_full_506691,no_exact_ref,6206.036,0,6,145606,9318784
fuzzydedup,6,2,enron_full_506691,no_exact_ref,6965.787,0,7,169255,10832320
fuzzydedup,4,2,enron_full_506691,no_exact_ref,4977.178,0,5,120641,7721024
fuzzydedup,6,2,enron_full_506951,no_exact_ref,7162.721,0,7,184939,11836096
fuzzydedup,4,2,enron_full_506951,no_exact_ref,5334.096,0,5,132999,8511936
fuzzydedup,5,2,enron_full_506951,no_exact_ref,6178.101,0,6,159592,10213888
fuzzydedup,4,2,enron_full_508297,exact_ref,1143.167,1,0,13409,858368
fuzzydedup,5,2,enron_full_508297,exact_ref,1134.039,1,0,17605,1126912
fuzzydedup,6,2,enron_full_508297,exact_ref,1313.995,1,0,22841,1462016
fuzzydedup,5,2,enron_full_508633,no_exact_ref,1259.763,1,0,23356,1494976
fuzzydedup,6,2,enron_full_508633,no_exact_ref,1146.228,1,0,25171,1611136
fuzzydedup,4,2,enron_full_508633,no_exact_ref,989.391,1,0,20967,1342080
fuzzydedup,6,2,enron_full_509309,exact_ref,4251.567,1,0,85255,5456512
fuzzydedup,4,2,enron_full_509309,exact_ref,2964.729,1,0,64987,4159360
fuzzydedup,5,2,enron_full_509309,exact_ref,3076.405,1,0,75669,4843008
fuzzydedup,4,2,enron_full_509898,exact_ref,2828.096,1,0,46160,2954432
fuzzydedup,5,2,enron_full_509898,exact_ref,2991.026,1,0,57854,3702848
fuzzydedup,6,2,enron_full_509898,exact_ref,3606.034,1,0,71183,4555968
fuzzydedup,5,2,enron_full_511005,exact_ref,1900.906,1,0,38729,2478976
fuzzydedup,6,2,enron_full_511005,exact_ref,1933.196,1,0,42212,2701888
fuzzydedup,4,2,enron_full_511005,exact_ref,1644.313,1,0,34127,2184320
fuzzydedup,6,2,enron_full_513543,no_exact_ref,6708.457,0,7,144058,9219712
fuzzydedup,4,2,enron_full_513543,no_exact_ref,5645.593,0,5,100182,6411648
fuzzydedup,5,2,enron_full_513543,no_exact_ref,6050.139,0,6,122217,7821888
fuzzydedup,4,2,enron_full_513857,exact_ref,4608.677,1,0,79939,5116288
fuzzydedup,5,2,enron_full_513857,exact_ref,4531.767,1,0,95447,6108800
fuzzydedup,6,2,enron_full_513857,exact_ref,5104.909,1,0,109830,7029312
fuzzydedup,5,2,enron_full_514823,no_exact_ref,4285.735,0,6,85290,5458560
fuzzydedup,6,2,enron_full_514823,no_exact_ref,4713.169,0,7,102455,6557120
fuzzydedup,4,2,enron_full_514823,no_exact_ref,3235.300,0,5,69400,4441600
fuzzydedup,6,2,enron_full_514984,exact_ref,2423.327,1,0,52861,3383296
fuzzydedup,4,2,enron_full_514984,exact_ref,1807.312,1,0,33360,2135232
fuzzydedup,5,2,enron_full_514984,exact_ref,2177.127,1,0,42805,2739712
fuzzydedup,4,2,enron_full_515092,no_exact_ref,5907.710,0,5,128135,8200640
fuzzydedup,5,2,enron_full_515092,no_exact_ref,6789.828,0,6,154598,9894272
fuzzydedup,6,2,enron_full_515092,no_exact_ref,6828.189,0,7,180015,11520960
fuzzydedup,5,2,enron_full_515627,no_exact_ref,6448.040,0,6,164671,10538944
fuzzydedup,6,2,enron_full_515627,no_exact_ref,6776.639,0,7,190614,12199296
fuzzydedup,4,2,enron_full_515627,no_exact_ref,5249.829,0,5,137103,8774592
fuzzydedup,6,2,enron_full_515714,no_exact_ref,6830.226,0,7,190614,12199296
fuzzydedup,4,2,enron_full_515714,no_exact_ref,5120.711,0,5,137103,8774592
fuzzydedup,5,2,enron_full_515714,no_exact_ref,6408.125,0,6,164671,10538944
fuzzydedup,4,2,enron_full_516032,exact_ref,2529.453,1,0,63999,4096128
fuzzydedup,5,2,enron_full_516032,exact_ref,2709.958,1,0,73585,4709632
fuzzydedup,6,2,enron_full_516032,exact_ref,2830.783,1,0,82143,5257344
fuzzydedup,5,2,enron_full_516843,no_exact_ref,5111.164,0,6,145606,9318784
fuzzydedup,6,2,enron_full_516843,no_exact_ref,6216.231,0,7,169255,10832320
fuzzydedup,4,2,enron_full_516843,no_exact_ref,4586.019,0,5,120641,7721024
fuzzydedup,6,2,enron_full_516871,no_exact_ref,6424.251,0,7,133357,8534848
fuzzydedup,4,2,enron_full_516871,no_exact_ref,3957.264,0,5,92244,5903616
fuzzydedup,5,2,enron_full_516871,no_exact_ref,5185.586,0,6,113036,7234304
