strategy,query_id,type,repeat,latency_us,candidate_count,filter_queries,inverted_lookups,posting_records_read,full_tag_distance_computations
prefuzz,enron_full_000202,text,0,1407,2,5,5,10,2
prefuzz,enron_full_000664,text,0,709,2,5,5,10,2
prefuzz,enron_full_001289,text,0,3,0,5,0,0,0
prefuzz,enron_full_001379,text,0,2,0,5,0,0,0
prefuzz,enron_full_001488,text,0,2,0,5,0,0,0
prefuzz,enron_full_001525,text,0,383,1,5,5,5,1
prefuzz,enron_full_002220,text,0,688,2,5,5,10,2
prefuzz,enron_full_004616,text,0,1393,3,5,5,15,3
prefuzz,enron_full_005913,text,0,414,3,5,5,15,3
prefuzz,enron_full_006211,text,0,82,1,5,5,5,1
prefuzz,enron_full_006276,text,0,84,2,5,5,10,2
prefuzz,enron_full_006379,text,0,2,0,5,0,0,0
prefuzz,enron_full_006771,text,0,75,2,5,5,10,2
prefuzz,enron_full_007411,text,0,2,0,5,0,0,0
prefuzz,enron_full_008064,text,0,76,1,5,5,5,1
prefuzz,enron_full_008136,text,0,2,0,5,0,0,0
prefuzz,enron_full_008648,text,0,68,1,5,5,5,1
prefuzz,enron_full_008924,text,0,77,2,5,5,10,2
prefuzz,enron_full_009142,text,0,958,24,5,5,120,24
prefuzz,enron_full_009200,text,0,76,1,5,5,5,1
prefuzz,enron_full_009568,text,0,2,0,5,0,0,0
prefuzz,enron_full_009735,text,0,2,0,5,0,0,0
prefuzz,enron_full_011924,text,0,371,30,5,5,150,30
prefuzz,enron_full_012156,text,0,89,3,5,5,15,3
prefuzz,enron_full_012651,text,0,64,1,5,5,5,1
prefuzz,enron_full_013576,text,0,66,1,5,5,5,1
prefuzz,enron_full_013941,text,0,78,2,5,5,10,2
prefuzz,enron_full_014539,text,0,95,3,5,5,15,3
prefuzz,enron_full_014678,text,0,152,10,5,5,50,10
prefuzz,enron_full_015568,text,0,73,2,5,5,10,2
prefuzz,enron_full_015698,text,0,62,1,5,5,5,1
prefuzz,enron_full_016017,text,0,275,24,5,5,120,24
prefuzz,enron_full_017189,text,0,74,2,5,5,10,2
prefuzz,enron_full_018163,text,0,2,0,5,0,0,0
prefuzz,enron_full_018755,text,0,65,1,5,5,5,1
prefuzz,enron_full_019153,text,0,65,1,5,5,5,1
prefuzz,enron_full_019201,text,0,83,2,5,5,10,2
prefuzz,enron_full_019604,text,0,2,0,5,0,0,0
prefuzz,enron_full_019949,text,0,74,2,5,5,10,2
prefuzz,enron_full_020401,text,0,2,0,5,0,0,0
prefuzz,enron_full_020951,text,0,67,1,5,5,5,1
prefuzz,enron_full_021195,text,0,93,4,5,5,20,4
prefuzz,enron_full_021224,text,0,8324,367,5,5,1776,638
prefuzz,enron_full_021900,text,0,77,1,5,5,5,1
prefuzz,enron_full_022531,text,0,75,3,5,5,15,3
prefuzz,enron_full_022683,text,0,81,2,5,5,10,2
prefuzz,enron_full_022865,text,0,68,2,5,5,10,2
prefuzz,enron_full_022972,text,0,58,1,5,5,5,1
prefuzz,enron_full_024952,text,0,2,0,5,0,0,0
prefuzz,enron_full_025050,text,0,66,2,5,5,10,2
prefuzz,enron_full_026603,text,0,65,2,5,5,10,2
prefuzz,enron_full_026721,text,0,73,2,5,5,10,2
prefuzz,enron_full_027643,text,0,84,4,5,5,20,4
prefuzz,enron_full_027693,text,0,66,2,5,5,10,2
prefuzz,enron_full_027925,text,0,56,1,5,5,5,1
prefuzz,enron_full_028250,text,0,55,1,5,5,5,1
prefuzz,enron_full_028591,text,0,64,2,5,5,10,2
prefuzz,enron_full_028607,text,0,2,0,5,0,0,0
prefuzz,enron_full_029506,text,0,2,0,5,0,0,0
prefuzz,enron_full_030144,text,0,62,2,5,5,10,2
prefuzz,enron_full_031433,text,0,64,2,5,5,10,2
prefuzz,enron_full_031542,text,0,64,2,5,5,10,2
prefuzz,enron_full_031612,text,0,61,2,5,5,10,2
prefuzz,enron_full_031680,text,0,51,1,5,5,5,1
prefuzz,enron_full_032079,text,0,2,0,5,0,0,0
prefuzz,enron_full_032704,text,0,305,29,5,5,145,29
prefuzz,enron_full_033187,text,0,2,0,5,0,0,0
prefuzz,enron_full_033628,text,0,62,1,5,5,7,2
prefuzz,enron_full_034178,text,0,2,0,5,0,0,0
prefuzz,enron_full_034530,text,0,2,0,5,0,0,0
prefuzz,enron_full_035481,text,0,2,0,5,0,0,0
prefuzz,enron_full_035578,text,0,2,0,5,0,0,0
prefuzz,enron_full_035695,text,0,2,0,5,0,0,0
prefuzz,enron_full_035726,text,0,2,0,5,0,0,0
prefuzz,enron_full_035827,text,0,2,0,5,0,0,0
prefuzz,enron_full_035969,text,0,2,0,5,0,0,0
prefuzz,enron_full_035998,text,0,2,0,5,0,0,0
prefuzz,enron_full_038008,text,0,2,0,5,0,0,0
prefuzz,enron_full_040212,text,0,2,0,5,0,0,0
prefuzz,enron_full_040615,text,0,71,2,5,5,10,2
prefuzz,enron_full_041235,text,0,58,2,5,5,10,2
prefuzz,enron_full_042132,text,0,52,1,5,5,5,1
prefuzz,enron_full_045885,text,0,58,2,5,5,10,2
prefuzz,enron_full_046009,text,0,54,2,5,5,10,2
prefuzz,enron_full_046306,text,0,57,2,5,5,10,2
prefuzz,enron_full_046840,text,0,63,2,5,5,10,2
prefuzz,enron_full_047084,text,0,2,0,5,0,0,0
prefuzz,enron_full_047376,text,0,64,3,5,5,15,3
prefuzz,enron_full_047738,text,0,53,2,5,5,10,2
prefuzz,enron_full_047772,text,0,2,0,5,0,0,0
prefuzz,enron_full_048185,text,0,1,0,5,0,0,0
prefuzz,enron_full_048713,text,0,2,0,5,0,0,0
prefuzz,enron_full_049016,text,0,2,0,5,0,0,0
prefuzz,enron_full_049875,text,0,2,0,5,0,0,0
prefuzz,enron_full_050163,text,0,50,1,5,5,5,1
prefuzz,enron_full_050258,text,0,50,1,5,5,5,1
prefuzz,enron_full_050705,text,0,2,0,5,0,0,0
prefuzz,enron_full_050719,text,0,2,0,5,0,0,0
prefuzz,enron_full_051118,text,0,2,0,5,0,0,0
prefuzz,enron_full_051633,text,0,2,0,5,0,0,0
prefuzz,enron_full_052109,text,0,88,6,5,5,26,6
prefuzz,enron_full_052243,text,0,125,10,5,5,50,10
prefuzz,enron_full_052699,text,0,1,0,5,0,0,0
prefuzz,enron_full_052941,text,0,2,0,5,0,0,0
prefuzz,enron_full_053517,text,0,1,0,5,0,0,0
prefuzz,enron_full_053522,text,0,1,0,5,0,0,0
prefuzz,enron_full_054174,text,0,2,0,5,0,0,0
prefuzz,enron_full_055270,text,0,2,0,5,0,0,0
prefuzz,enron_full_055462,text,0,51,1,5,5,5,1
prefuzz,enron_full_056138,text,0,98,1,5,5,13,9
prefuzz,enron_full_056670,text,0,47,1,5,5,5,1
prefuzz,enron_full_056953,text,0,2,0,5,0,0,0
prefuzz,enron_full_057268,text,0,52,1,5,5,5,1
prefuzz,enron_full_057321,text,0,2,0,5,0,0,0
prefuzz,enron_full_057826,text,0,2,0,5,0,0,0
prefuzz,enron_full_058046,text,0,52,1,5,5,5,1
prefuzz,enron_full_058254,text,0,48,1,5,5,5,1
prefuzz,enron_full_058415,text,0,2,0,5,0,0,0
prefuzz,enron_full_059797,text,0,482,56,5,5,280,56
prefuzz,enron_full_060370,text,0,79,4,5,5,20,4
prefuzz,enron_full_060846,text,0,50,1,5,5,5,1
prefuzz,enron_full_062151,text,0,65,2,5,5,10,2
prefuzz,enron_full_062439,text,0,69,1,5,5,5,1
prefuzz,enron_full_063833,text,0,57,1,5,5,5,1
prefuzz,enron_full_063839,text,0,53,1,5,5,5,1
prefuzz,enron_full_064172,text,0,56,1,5,5,5,1
prefuzz,enron_full_064231,text,0,51,1,5,5,5,1
prefuzz,enron_full_064607,text,0,55,1,5,5,5,1
prefuzz,enron_full_065332,text,0,54,1,5,5,5,1
prefuzz,enron_full_065814,text,0,53,1,5,5,5,1
prefuzz,enron_full_066742,text,0,2,0,5,0,0,0
prefuzz,enron_full_067365,text,0,83,4,5,5,20,4
prefuzz,enron_full_067727,text,0,57,1,5,5,5,1
prefuzz,enron_full_067752,text,0,51,1,5,5,5,1
prefuzz,enron_full_068258,text,0,2,0,5,0,0,0
prefuzz,enron_full_068541,text,0,52,2,5,4,8,2
prefuzz,enron_full_068714,text,0,62,2,5,5,10,2
prefuzz,enron_full_068948,text,0,2,0,5,0,0,0
prefuzz,enron_full_069168,text,0,59,1,5,5,5,1
prefuzz,enron_full_069488,text,0,17,0,5,1,1,1
prefuzz,enron_full_070382,text,0,2,0,5,0,0,0
prefuzz,enron_full_071706,text,0,55,1,5,5,5,1
prefuzz,enron_full_071944,text,0,86,1,5,5,5,1
prefuzz,enron_full_072801,text,0,53,1,5,5,5,1
prefuzz,enron_full_073237,text,0,65,1,5,5,7,3
prefuzz,enron_full_075726,text,0,54,1,5,5,5,1
prefuzz,enron_full_076089,text,0,61,2,5,5,10,2
prefuzz,enron_full_078045,text,0,2,0,5,0,0,0
prefuzz,enron_full_078949,text,0,56,1,5,5,5,1
prefuzz,enron_full_080332,text,0,2,0,5,0,0,0
prefuzz,enron_full_080731,text,0,63,1,5,5,7,3
prefuzz,enron_full_081565,text,0,53,1,5,5,5,1
prefuzz,enron_full_081601,text,0,52,1,5,5,5,1
prefuzz,enron_full_081707,text,0,53,1,5,5,5,1
prefuzz,enron_full_082681,text,0,2,0,5,0,0,0
prefuzz,enron_full_085442,text,0,76,2,5,5,10,2
prefuzz,enron_full_085751,text,0,78,3,5,5,15,3
prefuzz,enron_full_086327,text,0,2,0,5,0,0,0
prefuzz,enron_full_087697,text,0,2,0,5,0,0,0
prefuzz,enron_full_088138,text,0,62,1,5,5,5,1
prefuzz,enron_full_088307,text,0,61,1,5,5,5,1
prefuzz,enron_full_088336,text,0,67,1,5,5,5,1
prefuzz,enron_full_089344,text,0,72,2,5,5,10,2
prefuzz,enron_full_089451,text,0,67,2,5,5,10,2
prefuzz,enron_full_090248,text,0,75,3,5,5,15,3
prefuzz,enron_full_091044,text,0,71,2,5,5,10,2
prefuzz,enron_full_091307,text,0,3760,167,5,5,688,453
prefuzz,enron_full_092251,text,0,3,0,5,0,0,0
prefuzz,enron_full_092316,text,0,2,0,5,0,0,0
prefuzz,enron_full_092765,text,0,2,0,5,0,0,0
prefuzz,enron_full_093576,text,0,2,0,5,0,0,0
prefuzz,enron_full_094577,text,0,126,6,5,5,30,6
prefuzz,enron_full_094590,text,0,2,0,5,0,0,0
prefuzz,enron_full_094757,text,0,2,0,5,0,0,0
prefuzz,enron_full_095403,text,0,152,12,5,5,60,12
prefuzz,enron_full_096327,text,0,60,1,5,5,5,1
prefuzz,enron_full_096329,text,0,75,2,5,5,10,2
prefuzz,enron_full_098210,text,0,212,22,5,5,110,22
prefuzz,enron_full_098535,text,0,258,22,5,5,110,22
prefuzz,enron_full_098599,text,0,570,63,5,5,315,63
prefuzz,enron_full_098973,text,0,674,75,5,5,375,75
prefuzz,enron_full_099013,text,0,180,16,5,5,80,16
prefuzz,enron_full_099531,text,0,65,2,5,5,10,2
prefuzz,enron_full_100323,text,0,345,2,5,5,47,39
prefuzz,enron_full_100466,text,0,58,1,5,5,5,1
prefuzz,enron_full_101174,text,0,69,2,5,5,10,2
prefuzz,enron_full_101274,text,0,63,2,5,5,10,2
prefuzz,enron_full_102532,text,0,52,1,5,5,5,1
prefuzz,enron_full_102695,text,0,59,2,5,5,10,2
prefuzz,enron_full_102774,text,0,63,2,5,5,10,2
prefuzz,enron_full_103426,text,0,58,1,5,5,5,1
prefuzz,enron_full_103581,text,0,62,2,5,5,10,2
prefuzz,enron_full_104396,text,0,2,0,5,0,0,0
prefuzz,enron_full_104402,text,0,403,49,5,5,245,49
prefuzz,enron_full_104423,text,0,2,0,5,0,0,0
prefuzz,enron_full_104598,text,0,606,70,5,5,350,70
prefuzz,enron_full_105565,text,0,55,1,5,5,5,1
prefuzz,enron_full_105930,text,0,58,1,5,5,5,1
prefuzz,enron_full_106126,text,0,75,3,5,5,15,3
prefuzz,enron_full_106135,text,0,62,2,5,5,10,2
prefuzz,enron_full_108529,text,0,61,2,5,5,10,2
prefuzz,enron_full_108654,text,0,232,27,5,5,135,27
prefuzz,enron_full_108933,text,0,71,2,5,5,10,2
prefuzz,enron_full_108996,text,0,61,2,5,5,10,2
prefuzz,enron_full_109605,text,0,66,2,5,5,10,2
prefuzz,enron_full_110370,text,0,54,1,5,5,5,1
prefuzz,enron_full_111197,text,0,2,0,5,0,0,0
prefuzz,enron_full_111665,text,0,57,2,5,5,10,2
prefuzz,enron_full_111904,text,0,74,3,5,5,15,3
prefuzz,enron_full_112694,text,0,64,1,5,5,5,1
prefuzz,enron_full_113971,text,0,107,8,5,5,40,8
prefuzz,enron_full_114650,text,0,49,1,5,5,5,1
prefuzz,enron_full_115626,text,0,2,0,5,0,0,0
prefuzz,enron_full_116065,text,0,65,3,5,5,15,3
prefuzz,enron_full_116692,text,0,49,1,5,5,5,1
prefuzz,enron_full_117087,text,0,57,2,5,5,10,2
prefuzz,enron_full_117441,text,0,65,3,5,5,15,3
prefuzz,enron_full_117988,text,0,67,3,5,5,15,3
prefuzz,enron_full_118247,text,0,56,2,5,5,10,2
prefuzz,enron_full_118573,text,0,57,1,5,5,5,1
prefuzz,enron_full_119068,text,0,51,2,5,5,10,2
prefuzz,enron_full_119674,text,0,2,0,5,0,0,0
prefuzz,enron_full_119896,text,0,2,0,5,0,0,0
prefuzz,enron_full_120534,text,0,65,3,5,5,15,3
prefuzz,enron_full_120641,text,0,46,1,5,5,5,1
prefuzz,enron_full_120822,text,0,63,3,5,5,15,3
prefuzz,enron_full_121175,text,0,51,1,5,5,5,1
prefuzz,enron_full_122290,text,0,2,0,5,0,0,0
prefuzz,enron_full_122402,text,0,2,0,5,0,0,0
prefuzz,enron_full_123831,text,0,67,3,5,5,15,3
prefuzz,enron_full_124264,text,0,59,2,5,5,10,2
prefuzz,enron_full_124451,text,0,65,3,5,5,15,3
prefuzz,enron_full_126518,text,0,72,4,5,5,20,4
prefuzz,enron_full_128013,text,0,2,0,5,0,0,0
prefuzz,enron_full_128290,text,0,2,0,5,0,0,0
prefuzz,enron_full_128461,text,0,56,2,5,5,10,2
prefuzz,enron_full_129750,text,0,63,3,5,5,15,3
prefuzz,enron_full_129922,text,0,138,12,5,5,60,12
prefuzz,enron_full_129965,text,0,50,1,5,5,5,1
prefuzz,enron_full_130406,text,0,44,1,5,5,5,1
prefuzz,enron_full_130557,text,0,66,2,5,5,10,2
prefuzz,enron_full_130818,text,0,59,2,5,5,10,2
prefuzz,enron_full_131990,text,0,59,2,5,5,10,2
prefuzz,enron_full_132971,text,0,51,1,5,5,5,1
prefuzz,enron_full_133588,text,0,56,2,5,5,10,2
prefuzz,enron_full_133819,text,0,67,3,5,5,15,3
prefuzz,enron_full_134727,text,0,2,0,5,0,0,0
prefuzz,enron_full_136330,text,0,58,2,5,5,10,2
prefuzz,enron_full_137531,text,0,85,3,5,5,15,3
prefuzz,enron_full_137711,text,0,60,2,5,5,10,2
prefuzz,enron_full_139013,text,0,2,0,5,0,0,0
prefuzz,enron_full_139188,text,0,109,8,5,5,40,8
prefuzz,enron_full_139197,text,0,79,5,5,5,25,5
prefuzz,enron_full_139486,text,0,60,2,5,5,10,2
prefuzz,enron_full_140225,text,0,17,0,5,1,1,1
prefuzz,enron_full_140420,text,0,168,15,5,5,75,15
prefuzz,enron_full_140552,text,0,74,2,5,5,10,2
prefuzz,enron_full_140885,text,0,55,1,5,5,5,1
prefuzz,enron_full_141161,text,0,2,0,5,0,0,0
prefuzz,enron_full_141985,text,0,241,23,5,5,115,23
prefuzz,enron_full_142230,text,0,55,1,5,5,5,1
prefuzz,enron_full_142612,text,0,60,2,5,5,10,2
prefuzz,enron_full_143076,text,0,57,2,5,5,10,2
prefuzz,enron_full_144720,text,0,2,0,5,0,0,0
prefuzz,enron_full_144759,text,0,2,0,5,0,0,0
prefuzz,enron_full_145061,text,0,71,3,5,5,15,3
prefuzz,enron_full_146696,text,0,63,2,5,5,10,2
prefuzz,enron_full_148007,text,0,62,2,5,5,10,2
prefuzz,enron_full_148315,text,0,78,4,5,5,20,4
prefuzz,enron_full_148338,text,0,74,4,5,5,20,4
prefuzz,enron_full_149174,text,0,58,1,5,5,5,1
prefuzz,enron_full_149842,text,0,75,2,5,5,12,4
prefuzz,enron_full_150562,text,0,74,2,5,5,10,2
prefuzz,enron_full_151773,text,0,1,0,5,0,0,0
prefuzz,enron_full_152307,text,0,52,1,5,5,5,1
prefuzz,enron_full_152987,text,0,50,1,5,5,5,1
prefuzz,enron_full_153167,text,0,49,1,5,5,5,1
prefuzz,enron_full_154125,text,0,17,0,5,1,1,1
prefuzz,enron_full_154648,text,0,1,0,5,0,0,0
prefuzz,enron_full_155829,text,0,49,1,5,5,5,1
prefuzz,enron_full_156626,text,0,53,1,5,5,5,1
prefuzz,enron_full_156811,text,0,132,8,5,5,40,8
prefuzz,enron_full_158640,text,0,53,1,5,5,5,1
prefuzz,enron_full_159222,text,0,58,2,5,5,10,2
prefuzz,enron_full_159570,text,0,60,2,5,5,10,2
prefuzz,enron_full_159687,text,0,102,4,5,5,20,4
prefuzz,enron_full_161067,text,0,60,1,5,5,5,1
prefuzz,enron_full_161301,text,0,67,2,5,5,10,2
prefuzz,enron_full_161404,text,0,95,4,5,5,20,4
prefuzz,enron_full_161839,text,0,2,0,5,0,0,0
prefuzz,enron_full_162338,text,0,74,2,5,5,10,2
prefuzz,enron_full_163700,text,0,2,0,5,0,0,0
prefuzz,enron_full_163994,text,0,56,1,5,5,5,1
prefuzz,enron_full_164128,text,0,2,0,5,0,0,0
prefuzz,enron_full_164251,text,0,79,3,5,5,15,3
prefuzz,enron_full_164751,text,0,2,0,5,0,0,0
prefuzz,enron_full_164805,text,0,2,0,5,0,0,0
prefuzz,enron_full_165550,text,0,2,0,5,0,0,0
prefuzz,enron_full_165951,text,0,389,35,5,5,175,35
prefuzz,enron_full_167260,text,0,60,2,5,5,10,2
prefuzz,enron_full_168469,text,0,113,8,5,5,40,8
prefuzz,enron_full_168971,text,0,61,2,5,5,10,2
prefuzz,enron_full_170176,text,0,2,0,5,0,0,0
prefuzz,enron_full_170711,text,0,147,9,5,5,45,9
prefuzz,enron_full_170765,text,0,134,11,5,5,55,11
prefuzz,enron_full_170860,text,0,1,0,5,0,0,0
prefuzz,enron_full_171509,text,0,68,3,5,5,15,3
prefuzz,enron_full_171797,text,0,2,0,5,0,0,0
prefuzz,enron_full_172609,text,0,2,0,5,0,0,0
prefuzz,enron_full_174436,text,0,62,2,5,5,10,2
prefuzz,enron_full_174861,text,0,50,1,5,5,5,1
prefuzz,enron_full_175011,text,0,2,0,5,0,0,0
prefuzz,enron_full_176124,text,0,53,1,5,5,5,1
prefuzz,enron_full_176753,text,0,52,1,5,5,5,1
prefuzz,enron_full_178212,text,0,52,1,5,5,5,1
prefuzz,enron_full_178550,text,0,54,1,5,5,5,1
prefuzz,enron_full_179413,text,0,54,1,5,5,5,1
prefuzz,enron_full_179791,text,0,51,1,5,5,5,1
prefuzz,enron_full_180640,text,0,53,1,5,5,5,1
prefuzz,enron_full_181037,text,0,110,9,5,5,45,9
prefuzz,enron_full_181456,text,0,519,52,5,5,236,55
prefuzz,enron_full_181872,text,0,56,1,5,5,5,1
prefuzz,enron_full_181885,text,0,52,1,5,5,5,1
prefuzz,enron_full_182915,text,0,73,1,5,5,5,1
prefuzz,enron_full_182942,text,0,63,1,5,5,5,1
prefuzz,enron_full_183169,text,0,62,1,5,5,5,1
prefuzz,enron_full_183297,text,0,61,1,5,5,5,1
prefuzz,enron_full_183379,text,0,57,1,5,5,5,1
prefuzz,enron_full_183388,text,0,56,1,5,5,5,1
prefuzz,enron_full_183934,text,0,63,1,5,5,5,1
prefuzz,enron_full_184508,text,0,66,1,5,5,5,1
prefuzz,enron_full_185731,text,0,2,0,5,0,0,0
prefuzz,enron_full_186258,text,0,60,1,5,5,5,1
prefuzz,enron_full_186778,text,0,62,1,5,5,5,1
prefuzz,enron_full_187181,text,0,57,1,5,5,5,1
prefuzz,enron_full_187432,text,0,58,1,5,5,5,1
prefuzz,enron_full_187706,text,0,61,1,5,5,5,1
prefuzz,enron_full_188453,text,0,61,1,5,5,5,1
prefuzz,enron_full_189842,text,0,62,1,5,5,5,1
prefuzz,enron_full_189980,text,0,74,2,5,5,10,2
prefuzz,enron_full_191466,text,0,61,1,5,5,5,1
prefuzz,enron_full_191744,text,0,2,0,5,0,0,0
prefuzz,enron_full_191882,text,0,61,1,5,5,5,1
prefuzz,enron_full_193162,text,0,79,3,5,5,15,3
prefuzz,enron_full_195402,text,0,62,1,5,5,5,1
prefuzz,enron_full_195600,text,0,118,1,5,5,12,8
prefuzz,enron_full_195759,text,0,65,1,5,5,5,1
prefuzz,enron_full_196134,text,0,64,1,5,5,5,1
prefuzz,enron_full_197175,text,0,56,1,5,5,5,1
prefuzz,enron_full_197216,text,0,56,1,5,5,5,1
prefuzz,enron_full_197678,text,0,57,1,5,5,5,1
prefuzz,enron_full_198102,text,0,62,1,5,5,5,1
prefuzz,enron_full_198996,text,0,69,2,5,5,10,2
prefuzz,enron_full_200327,text,0,85,3,5,5,15,3
prefuzz,enron_full_200476,text,0,71,2,5,5,10,2
prefuzz,enron_full_201608,text,0,80,3,5,5,15,3
prefuzz,enron_full_202547,text,0,64,2,5,5,10,2
prefuzz,enron_full_202611,text,0,2,0,5,0,0,0
prefuzz,enron_full_203046,text,0,62,1,5,5,5,1
prefuzz,enron_full_204937,text,0,76,3,5,5,15,3
prefuzz,enron_full_205754,text,0,82,3,5,5,15,3
prefuzz,enron_full_205846,text,0,72,2,5,5,10,2
prefuzz,enron_full_206132,text,0,80,2,5,5,10,2
prefuzz,enron_full_206426,text,0,61,1,5,5,5,1
prefuzz,enron_full_206631,text,0,2,0,5,0,0,0
prefuzz,enron_full_206780,text,0,72,2,5,5,10,2
prefuzz,enron_full_207863,text,0,62,1,5,5,5,1
prefuzz,enron_full_208242,text,0,69,2,5,5,10,2
prefuzz,enron_full_208362,text,0,72,2,5,5,10,2
prefuzz,enron_full_209030,text,0,80,3,5,5,15,3
prefuzz,enron_full_209358,text,0,75,3,5,5,15,3
prefuzz,enron_full_209479,text,0,79,3,5,5,15,3
prefuzz,enron_full_209859,text,0,127,2,5,5,16,8
prefuzz,enron_full_209958,text,0,62,1,5,5,5,1
prefuzz,enron_full_210032,text,0,2,0,5,0,0,0
prefuzz,enron_full_210772,text,0,72,2,5,5,10,2
prefuzz,enron_full_211094,text,0,2,0,5,0,0,0
prefuzz,enron_full_211389,text,0,96,4,5,5,17,4
prefuzz,enron_full_211892,text,0,2,0,5,0,0,0
prefuzz,enron_full_211966,text,0,2,0,5,0,0,0
prefuzz,enron_full_212202,text,0,2,0,5,0,0,0
prefuzz,enron_full_213178,text,0,2,0,5,0,0,0
prefuzz,enron_full_214684,text,0,71,2,5,5,10,2
prefuzz,enron_full_214861,text,0,70,2,5,5,10,2
prefuzz,enron_full_214866,text,0,147,10,5,5,50,10
prefuzz,enron_full_214883,text,0,59,1,5,5,5,1
prefuzz,enron_full_215380,text,0,68,2,5,5,10,2
prefuzz,enron_full_215696,text,0,84,3,5,5,15,3
prefuzz,enron_full_216853,text,0,103,4,5,5,20,4
prefuzz,enron_full_218707,text,0,56,1,5,5,5,1
prefuzz,enron_full_219044,text,0,59,2,5,5,10,2
prefuzz,enron_full_219142,text,0,54,1,5,5,5,1
prefuzz,enron_full_219243,text,0,64,2,5,5,10,2
prefuzz,enron_full_219501,text,0,2,0,5,0,0,0
prefuzz,enron_full_219509,text,0,18,0,5,1,1,1
prefuzz,enron_full_219658,text,0,2,0,5,0,0,0
prefuzz,enron_full_220234,text,0,69,3,5,5,15,3
prefuzz,enron_full_220556,text,0,73,2,5,5,10,2
prefuzz,enron_full_221304,text,0,71,3,5,5,15,3
prefuzz,enron_full_223253,text,0,86,5,5,5,25,5
prefuzz,enron_full_223630,text,0,61,2,5,5,10,2
prefuzz,enron_full_223933,text,0,66,3,5,5,15,3
prefuzz,enron_full_224076,text,0,61,2,5,5,10,2
prefuzz,enron_full_224176,text,0,66,3,5,5,15,3
prefuzz,enron_full_224421,text,0,73,4,5,5,20,4
prefuzz,enron_full_226002,text,0,2,0,5,0,0,0
prefuzz,enron_full_226675,text,0,57,2,5,5,10,2
prefuzz,enron_full_227135,text,0,59,2,5,5,10,2
prefuzz,enron_full_227290,text,0,2,0,5,0,0,0
prefuzz,enron_full_227315,text,0,54,1,5,5,5,1
prefuzz,enron_full_227317,text,0,63,2,5,5,10,2
prefuzz,enron_full_227401,text,0,70,3,5,5,15,3
prefuzz,enron_full_227576,text,0,78,4,5,5,20,4
prefuzz,enron_full_228518,text,0,81,4,5,5,20,4
prefuzz,enron_full_228640,text,0,78,4,5,5,20,4
prefuzz,enron_full_229065,text,0,69,3,5,5,15,3
prefuzz,enron_full_229125,text,0,85,3,5,5,15,3
prefuzz,enron_full_230449,text,0,114,7,5,5,35,7
prefuzz,enron_full_230615,text,0,87,4,5,5,20,4
prefuzz,enron_full_231206,text,0,67,2,5,5,10,2
prefuzz,enron_full_232509,text,0,72,2,5,5,10,2
prefuzz,enron_full_232529,text,0,382,33,5,5,165,33
prefuzz,enron_full_232592,text,0,88,5,5,5,25,5
prefuzz,enron_full_232830,text,0,89,5,5,5,25,5
prefuzz,enron_full_232998,text,0,75,4,5,5,20,4
prefuzz,enron_full_233012,text,0,73,5,5,5,25,5
prefuzz,enron_full_233273,text,0,76,4,5,5,20,4
prefuzz,enron_full_233711,text,0,89,5,5,5,25,5
prefuzz,enron_full_233845,text,0,72,3,5,5,15,3
prefuzz,enron_full_234397,text,0,99,7,5,5,35,7
prefuzz,enron_full_235427,text,0,70,3,5,5,15,3
prefuzz,enron_full_237126,text,0,81,4,5,5,20,4
prefuzz,enron_full_238037,text,0,104,7,5,5,35,7
prefuzz,enron_full_238970,text,0,77,4,5,5,20,4
prefuzz,enron_full_239927,text,0,114,5,5,5,25,5
prefuzz,enron_full_240437,text,0,68,2,5,5,10,2
prefuzz,enron_full_240888,text,0,598,8,5,5,116,68
prefuzz,enron_full_241204,text,0,976,119,5,5,595,119
prefuzz,enron_full_242121,text,0,100,7,5,5,35,7
prefuzz,enron_full_242149,text,0,69,4,5,5,20,4
prefuzz,enron_full_242702,text,0,66,3,5,5,15,3
prefuzz,enron_full_242763,text,0,89,5,5,5,25,5
prefuzz,enron_full_243198,text,0,66,3,5,5,15,3
prefuzz,enron_full_243425,text,0,85,5,5,5,25,5
prefuzz,enron_full_244168,text,0,72,4,5,5,20,4
prefuzz,enron_full_244538,text,0,71,4,5,5,20,4
prefuzz,enron_full_244857,text,0,68,3,5,5,15,3
prefuzz,enron_full_244901,text,0,74,4,5,5,20,4
prefuzz,enron_full_244915,text,0,74,5,5,5,25,5
prefuzz,enron_full_245469,text,0,82,5,5,5,25,5
prefuzz,enron_full_246185,text,0,72,4,5,5,20,4
prefuzz,enron_full_246287,text,0,73,4,5,5,20,4
prefuzz,enron_full_246288,text,0,83,7,5,5,35,7
prefuzz,enron_full_246340,text,0,57,2,5,5,10,2
prefuzz,enron_full_246689,text,0,85,5,5,5,25,5
prefuzz,enron_full_246896,text,0,74,4,5,5,20,4
prefuzz,enron_full_247095,text,0,63,3,5,5,15,3
prefuzz,enron_full_247286,text,0,70,3,5,5,15,3
prefuzz,enron_full_247295,text,0,57,2,5,5,10,2
prefuzz,enron_full_247605,text,0,60,2,5,5,10,2
prefuzz,enron_full_247963,text,0,64,3,5,5,15,3
prefuzz,enron_full_248460,text,0,54,2,5,5,10,2
prefuzz,enron_full_248776,text,0,77,5,5,5,25,5
prefuzz,enron_full_249257,text,0,2,0,5,0,0,0
prefuzz,enron_full_250519,text,0,61,3,5,5,15,3
prefuzz,enron_full_250725,text,0,55,2,5,5,10,2
prefuzz,enron_full_252462,text,0,2,0,5,0,0,0
prefuzz,enron_full_253509,text,0,1,0,5,0,0,0
prefuzz,enron_full_253676,text,0,126,10,5,5,50,10
prefuzz,enron_full_253776,text,0,213,22,5,5,110,22
prefuzz,enron_full_253875,text,0,159,12,5,5,63,15
prefuzz,enron_full_254022,text,0,638,78,5,5,393,81
prefuzz,enron_full_254732,text,0,305,31,5,5,155,31
prefuzz,enron_full_254813,text,0,57,1,5,5,5,1
prefuzz,enron_full_254930,text,0,2,0,5,0,0,0
prefuzz,enron_full_256359,text,0,2,0,5,0,0,0
prefuzz,enron_full_256719,text,0,2,0,5,0,0,0
prefuzz,enron_full_257223,text,0,2,0,5,0,0,0
prefuzz,enron_full_257476,text,0,2,0,5,0,0,0
prefuzz,enron_full_257526,text,0,2,0,5,0,0,0
prefuzz,enron_full_258106,text,0,2,0,5,0,0,0
prefuzz,enron_full_258436,text,0,2,0,5,0,0,0
prefuzz,enron_full_259050,text,0,68,2,5,5,10,2
prefuzz,enron_full_259076,text,0,2,0,5,0,0,0
prefuzz,enron_full_259321,text,0,53,1,5,5,5,1
prefuzz,enron_full_260192,text,0,81,4,5,5,20,4
prefuzz,enron_full_261884,text,0,2,0,5,0,0,0
prefuzz,enron_full_262514,text,0,561,63,5,5,315,63
prefuzz,enron_full_262785,text,0,2,0,5,0,0,0
prefuzz,enron_full_263240,text,0,63,2,5,5,10,2
prefuzz,enron_full_264723,text,0,2,0,5,0,0,0
prefuzz,enron_full_265023,text,0,87,5,5,5,25,5
prefuzz,enron_full_265448,text,0,381,38,5,5,190,38
prefuzz,enron_full_265746,text,0,76,4,5,5,20,4
prefuzz,enron_full_265774,text,0,159,8,5,5,48,16
prefuzz,enron_full_266026,text,0,52,1,5,5,5,1
prefuzz,enron_full_266097,text,0,2,0,5,0,0,0
prefuzz,enron_full_267067,text,0,59,2,5,5,10,2
prefuzz,enron_full_267198,text,0,57,2,5,5,10,2
prefuzz,enron_full_268981,text,0,64,2,5,5,10,2
prefuzz,enron_full_269702,text,0,129,0,5,3,18,18
prefuzz,enron_full_270257,text,0,67,0,5,2,9,9
prefuzz,enron_full_270526,text,0,62,2,5,5,10,2
prefuzz,enron_full_271097,text,0,61,2,5,5,10,2
prefuzz,enron_full_271232,text,0,58,2,5,5,10,2
prefuzz,enron_full_272570,text,0,1,0,5,0,0,0
prefuzz,enron_full_273248,text,0,88,6,5,5,30,6
prefuzz,enron_full_273363,text,0,91,7,5,5,35,7
prefuzz,enron_full_273791,text,0,65,2,5,5,10,2
prefuzz,enron_full_273820,text,0,49,1,5,5,5,1
prefuzz,enron_full_273961,text,0,49,1,5,5,5,1
prefuzz,enron_full_274206,text,0,50,1,5,5,5,1
prefuzz,enron_full_274561,text,0,51,1,5,5,5,1
prefuzz,enron_full_274757,text,0,59,2,5,5,10,2
prefuzz,enron_full_274786,text,0,1,0,5,0,0,0
prefuzz,enron_full_275183,text,0,1,0,5,0,0,0
prefuzz,enron_full_275570,text,0,49,1,5,5,5,1
prefuzz,enron_full_276028,text,0,2,0,5,0,0,0
prefuzz,enron_full_276324,text,0,54,1,5,5,5,1
prefuzz,enron_full_276342,text,0,62,3,5,5,15,3
prefuzz,enron_full_277439,text,0,2,0,5,0,0,0
prefuzz,enron_full_277990,text,0,50,1,5,5,5,1
prefuzz,enron_full_278811,text,0,57,2,5,5,10,2
prefuzz,enron_full_279563,text,0,62,3,5,5,15,3
prefuzz,enron_full_279751,text,0,233,21,5,5,105,21
prefuzz,enron_full_280423,text,0,2,0,5,0,0,0
prefuzz,enron_full_280603,text,0,2,0,5,0,0,0
prefuzz,enron_full_281547,text,0,2,0,5,0,0,0
prefuzz,enron_full_282395,text,0,62,2,5,5,10,2
prefuzz,enron_full_283356,text,0,107,7,5,5,35,7
prefuzz,enron_full_283839,text,0,102,7,5,5,35,7
prefuzz,enron_full_283868,text,0,96,7,5,5,35,7
prefuzz,enron_full_284197,text,0,320,29,5,5,145,29
prefuzz,enron_full_284956,text,0,59,1,5,5,5,1
prefuzz,enron_full_285559,text,0,70,2,5,5,10,2
prefuzz,enron_full_286024,text,0,91,4,5,5,20,4
prefuzz,enron_full_286036,text,0,96,5,5,5,25,5
prefuzz,enron_full_286164,text,0,92,4,5,5,20,4
prefuzz,enron_full_286899,text,0,60,1,5,5,5,1
prefuzz,enron_full_287012,text,0,2,0,5,0,0,0
prefuzz,enron_full_287512,text,0,76,2,5,5,10,2
prefuzz,enron_full_287655,text,0,69,2,5,5,10,2
prefuzz,enron_full_287736,text,0,87,4,5,5,20,4
prefuzz,enron_full_287760,text,0,75,2,5,5,10,2
prefuzz,enron_full_287778,text,0,129,8,5,5,40,8
prefuzz,enron_full_288938,text,0,109,6,5,5,30,6
prefuzz,enron_full_289243,text,0,2,0,5,0,0,0
prefuzz,enron_full_291054,text,0,2,0,5,0,0,0
prefuzz,enron_full_291275,text,0,2,0,5,0,0,0
prefuzz,enron_full_291375,text,0,2,0,5,0,0,0
prefuzz,enron_full_291790,text,0,71,2,5,5,10,2
prefuzz,enron_full_292561,text,0,67,2,5,5,10,2
prefuzz,enron_full_292656,text,0,70,2,5,5,10,2
prefuzz,enron_full_293066,text,0,72,2,5,5,10,2
prefuzz,enron_full_293083,text,0,76,3,5,5,15,3
prefuzz,enron_full_293619,text,0,70,2,5,5,10,2
prefuzz,enron_full_293948,text,0,19,0,5,1,1,1
prefuzz,enron_full_293985,text,0,72,2,5,5,10,2
prefuzz,enron_full_295023,text,0,69,2,5,5,10,2
prefuzz,enron_full_295246,text,0,2,0,5,0,0,0
prefuzz,enron_full_296957,text,0,2,0,5,0,0,0
prefuzz,enron_full_298392,text,0,2,0,5,0,0,0
prefuzz,enron_full_298764,text,0,2,0,5,0,0,0
prefuzz,enron_full_299033,text,0,2,0,5,0,0,0
prefuzz,enron_full_299289,text,0,89,4,5,5,20,4
prefuzz,enron_full_299345,text,0,69,1,5,5,5,1
prefuzz,enron_full_299690,text,0,72,2,5,5,10,2
prefuzz,enron_full_300310,text,0,70,2,5,5,10,2
prefuzz,enron_full_300702,text,0,84,3,5,5,15,3
prefuzz,enron_full_301521,text,0,69,2,5,5,10,2
prefuzz,enron_full_301926,text,0,67,2,5,5,10,2
prefuzz,enron_full_302529,text,0,69,2,5,5,10,2
prefuzz,enron_full_303527,text,0,80,3,5,5,15,3
prefuzz,enron_full_304134,text,0,72,2,5,5,10,2
prefuzz,enron_full_304324,text,0,62,1,5,5,5,1
prefuzz,enron_full_305112,text,0,81,3,5,5,15,3
prefuzz,enron_full_305491,text,0,71,2,5,5,10,2
prefuzz,enron_full_305595,text,0,65,2,5,5,10,2
prefuzz,enron_full_306022,text,0,66,1,5,5,5,1
prefuzz,enron_full_306282,text,0,2342,264,5,5,1320,264
prefuzz,enron_full_306838,text,0,75,3,5,5,15,3
prefuzz,enron_full_306879,text,0,60,2,5,5,10,2
prefuzz,enron_full_307066,text,0,60,2,5,5,10,2
prefuzz,enron_full_307536,text,0,80,2,5,5,10,2
prefuzz,enron_full_307959,text,0,54,1,5,5,5,1
prefuzz,enron_full_308283,text,0,66,2,5,5,10,2
prefuzz,enron_full_308504,text,0,64,2,5,5,10,2
prefuzz,enron_full_308666,text,0,74,3,5,5,15,3
prefuzz,enron_full_310049,text,0,64,2,5,5,10,2
prefuzz,enron_full_310050,text,0,69,2,5,5,10,2
prefuzz,enron_full_310056,text,0,60,2,5,5,10,2
prefuzz,enron_full_310895,text,0,57,1,5,5,5,1
prefuzz,enron_full_310913,text,0,53,1,5,5,5,1
prefuzz,enron_full_311017,text,0,53,1,5,5,5,1
prefuzz,enron_full_313090,text,0,67,3,5,5,15,3
prefuzz,enron_full_314206,text,0,52,1,5,5,5,1
prefuzz,enron_full_314362,text,0,71,3,5,5,15,3
prefuzz,enron_full_315231,text,0,85,2,5,5,10,2
prefuzz,enron_full_315279,text,0,74,3,5,5,15,3
prefuzz,enron_full_315623,text,0,85,3,5,5,15,3
prefuzz,enron_full_316006,text,0,76,2,5,5,13,5
prefuzz,enron_full_317192,text,0,46,1,5,5,5,1
prefuzz,enron_full_317451,text,0,53,1,5,5,5,1
prefuzz,enron_full_318133,text,0,68,3,5,5,15,3
prefuzz,enron_full_318207,text,0,80,3,5,5,15,3
prefuzz,enron_full_318845,text,0,50,1,5,5,5,1
prefuzz,enron_full_318909,text,0,52,1,5,5,5,1
prefuzz,enron_full_319080,text,0,60,2,5,5,10,2
prefuzz,enron_full_319320,text,0,66,3,5,5,15,3
prefuzz,enron_full_319952,text,0,64,3,5,5,15,3
prefuzz,enron_full_320564,text,0,49,1,5,5,5,1
prefuzz,enron_full_320626,text,0,53,1,5,5,5,1
prefuzz,enron_full_321445,text,0,59,2,5,5,10,2
prefuzz,enron_full_321807,text,0,66,3,5,5,15,3
prefuzz,enron_full_321918,text,0,57,2,5,5,10,2
prefuzz,enron_full_322149,text,0,61,3,5,5,15,3
prefuzz,enron_full_322706,text,0,59,2,5,5,10,2
prefuzz,enron_full_322737,text,0,60,2,5,5,10,2
prefuzz,enron_full_322757,text,0,69,3,5,5,15,3
prefuzz,enron_full_324000,text,0,322,30,5,5,150,30
prefuzz,enron_full_324353,text,0,1,0,5,0,0,0
prefuzz,enron_full_325002,text,0,55,2,5,5,10,2
prefuzz,enron_full_325131,text,0,101,3,5,5,20,8
prefuzz,enron_full_325547,text,0,49,1,5,5,5,1
prefuzz,enron_full_326276,text,0,60,2,5,5,10,2
prefuzz,enron_full_326406,text,0,51,1,5,5,5,1
prefuzz,enron_full_326699,text,0,56,2,5,5,10,2
prefuzz,enron_full_326891,text,0,64,3,5,5,15,3
prefuzz,enron_full_327398,text,0,53,2,5,5,10,2
prefuzz,enron_full_327734,text,0,51,1,5,5,5,1
prefuzz,enron_full_330743,text,0,60,2,5,5,10,2
prefuzz,enron_full_330847,text,0,74,2,5,5,14,6
prefuzz,enron_full_331065,text,0,2,0,5,0,0,0
prefuzz,enron_full_331235,text,0,82,5,5,5,25,5
prefuzz,enron_full_331309,text,0,2,0,5,0,0,0
prefuzz,enron_full_332147,text,0,2,0,5,0,0,0
prefuzz,enron_full_332523,text,0,64,2,5,5,10,2
prefuzz,enron_full_333276,text,0,52,1,5,5,5,1
prefuzz,enron_full_333308,text,0,59,2,5,5,10,2
prefuzz,enron_full_333309,text,0,52,2,5,5,10,2
prefuzz,enron_full_334798,text,0,2,0,5,0,0,0
prefuzz,enron_full_335428,text,0,63,3,5,5,15,3
prefuzz,enron_full_335498,text,0,56,2,5,5,10,2
prefuzz,enron_full_335546,text,0,53,2,5,5,10,2
prefuzz,enron_full_335575,text,0,53,2,5,5,10,2
prefuzz,enron_full_335623,text,0,45,1,5,5,5,1
prefuzz,enron_full_335857,text,0,99,7,5,5,35,7
prefuzz,enron_full_335946,text,0,95,7,5,5,35,7
prefuzz,enron_full_336542,text,0,84,6,5,5,30,6
prefuzz,enron_full_337267,text,0,78,5,5,5,25,5
prefuzz,enron_full_337292,text,0,168,15,5,5,75,15
prefuzz,enron_full_337470,text,0,57,2,5,5,10,2
prefuzz,enron_full_339638,text,0,1,0,5,0,0,0
prefuzz,enron_full_340418,text,0,63,3,5,5,15,3
prefuzz,enron_full_340472,text,0,768,94,5,5,470,94
prefuzz,enron_full_340761,text,0,53,1,5,5,5,1
prefuzz,enron_full_341249,text,0,90,2,5,5,10,2
prefuzz,enron_full_341362,text,0,93,6,5,5,30,6
prefuzz,enron_full_342301,text,0,57,1,5,5,5,1
prefuzz,enron_full_342735,text,0,68,3,5,5,15,3
prefuzz,enron_full_344191,text,0,54,1,5,5,5,1
prefuzz,enron_full_344335,text,0,52,1,5,5,5,1
prefuzz,enron_full_344645,text,0,2,0,5,0,0,0
prefuzz,enron_full_345595,text,0,57,1,5,5,5,1
prefuzz,enron_full_345814,text,0,56,1,5,5,5,1
prefuzz,enron_full_348142,text,0,53,1,5,5,5,1
prefuzz,enron_full_348438,text,0,2,0,5,0,0,0
prefuzz,enron_full_349353,text,0,2,0,5,0,0,0
prefuzz,enron_full_349483,text,0,2,0,5,0,0,0
prefuzz,enron_full_352068,text,0,2,0,5,0,0,0
prefuzz,enron_full_352183,text,0,53,1,5,5,5,1
prefuzz,enron_full_352410,text,0,95,6,5,5,30,6
prefuzz,enron_full_352552,text,0,2,0,5,0,0,0
prefuzz,enron_full_353158,text,0,59,1,5,5,7,2
prefuzz,enron_full_353883,text,0,2,0,5,0,0,0
prefuzz,enron_full_354290,text,0,17,0,5,1,1,1
prefuzz,enron_full_355229,text,0,2,0,5,0,0,0
prefuzz,enron_full_355694,text,0,52,1,5,5,5,1
prefuzz,enron_full_355895,text,0,2,0,5,0,0,0
prefuzz,enron_full_356569,text,0,2,0,5,0,0,0
prefuzz,enron_full_356908,text,0,52,1,5,5,5,1
prefuzz,enron_full_356976,text,0,19,0,5,1,1,1
prefuzz,enron_full_358597,text,0,2,0,5,0,0,0
prefuzz,enron_full_358915,text,0,2,0,5,0,0,0
prefuzz,enron_full_360085,text,0,55,1,5,5,5,1
prefuzz,enron_full_360983,text,0,64,1,5,5,5,1
prefuzz,enron_full_362389,text,0,54,1,5,5,5,1
prefuzz,enron_full_363120,text,0,116,8,5,5,40,8
prefuzz,enron_full_363607,text,0,2,0,5,0,0,0
prefuzz,enron_full_363846,text,0,2,0,5,0,0,0
prefuzz,enron_full_363876,text,0,89,5,5,5,25,5
prefuzz,enron_full_364025,text,0,2,0,5,0,0,0
prefuzz,enron_full_364586,text,0,369,39,5,5,195,39
prefuzz,enron_full_365105,text,0,2,0,5,0,0,0
prefuzz,enron_full_365478,text,0,1,0,5,0,0,0
prefuzz,enron_full_365497,text,0,61,2,5,5,10,2
prefuzz,enron_full_365509,text,0,61,3,5,5,15,3
prefuzz,enron_full_365947,text,0,1,0,5,0,0,0
prefuzz,enron_full_366510,text,0,52,1,5,5,5,1
prefuzz,enron_full_366895,text,0,49,1,5,5,5,1
prefuzz,enron_full_367052,text,0,2,0,5,0,0,0
prefuzz,enron_full_367129,text,0,2,0,5,0,0,0
prefuzz,enron_full_367319,text,0,2,0,5,0,0,0
prefuzz,enron_full_367765,text,0,56,1,5,5,5,1
prefuzz,enron_full_367912,text,0,2,0,5,0,0,0
prefuzz,enron_full_368156,text,0,1,0,5,0,0,0
prefuzz,enron_full_368318,text,0,1,0,5,0,0,0
prefuzz,enron_full_369168,text,0,51,1,5,5,5,1
prefuzz,enron_full_369419,text,0,92,6,5,5,30,6
prefuzz,enron_full_370439,text,0,350,39,5,5,195,39
prefuzz,enron_full_371121,text,0,2,0,5,0,0,0
prefuzz,enron_full_373728,text,0,52,1,5,5,5,1
prefuzz,enron_full_373978,text,0,61,2,5,5,10,2
prefuzz,enron_full_374719,text,0,51,1,5,5,5,1
prefuzz,enron_full_374736,text,0,65,3,5,5,15,3
prefuzz,enron_full_375606,text,0,108,8,5,5,40,8
prefuzz,enron_full_376013,text,0,68,3,5,5,15,3
prefuzz,enron_full_376710,text,0,64,2,5,5,10,2
prefuzz,enron_full_377221,text,0,54,1,5,5,5,1
prefuzz,enron_full_377377,text,0,48,1,5,5,5,1
prefuzz,enron_full_378712,text,0,59,2,5,5,10,2
prefuzz,enron_full_378826,text,0,60,2,5,5,10,2
prefuzz,enron_full_379382,text,0,73,4,5,5,20,4
prefuzz,enron_full_379515,text,0,59,3,5,5,15,3
prefuzz,enron_full_380183,text,0,374,43,5,5,215,43
prefuzz,enron_full_380419,text,0,58,2,5,5,10,2
prefuzz,enron_full_380667,text,0,76,2,5,5,10,2
prefuzz,enron_full_381275,text,0,122,9,5,5,45,9
prefuzz,enron_full_381430,text,0,54,1,5,5,5,1
prefuzz,enron_full_381540,text,0,66,3,5,5,15,3
prefuzz,enron_full_381912,text,0,54,1,5,5,5,1
prefuzz,enron_full_382401,text,0,2,0,5,0,0,0
prefuzz,enron_full_382476,text,0,59,2,5,5,10,2
prefuzz,enron_full_382877,text,0,87,5,5,5,25,5
prefuzz,enron_full_384162,text,0,11,0,5,1,0,0
prefuzz,enron_full_384461,text,0,55,1,5,5,5,1
prefuzz,enron_full_384653,text,0,53,1,5,5,5,1
prefuzz,enron_full_384988,text,0,54,1,5,5,5,1
prefuzz,enron_full_385098,text,0,53,1,5,5,5,1
prefuzz,enron_full_385839,text,0,53,1,5,5,5,1
prefuzz,enron_full_386188,text,0,2,0,5,0,0,0
prefuzz,enron_full_386616,text,0,2,0,5,0,0,0
prefuzz,enron_full_386731,text,0,2,0,5,0,0,0
prefuzz,enron_full_387578,text,0,57,1,5,5,5,1
prefuzz,enron_full_387701,text,0,2,0,5,0,0,0
prefuzz,enron_full_387952,text,0,1,0,5,0,0,0
prefuzz,enron_full_388565,text,0,60,2,5,5,10,2
prefuzz,enron_full_388921,text,0,51,1,5,5,5,1
prefuzz,enron_full_390158,text,0,177,2,5,5,27,20
prefuzz,enron_full_391047,text,0,84,2,5,5,10,2
prefuzz,enron_full_391217,text,0,2,0,5,0,0,0
prefuzz,enron_full_391486,text,0,2,0,5,0,0,0
prefuzz,enron_full_391746,text,0,2,0,5,0,0,0
prefuzz,enron_full_392955,text,0,58,1,5,5,5,1
prefuzz,enron_full_393136,text,0,2,0,5,0,0,0
prefuzz,enron_full_393487,text,0,59,1,5,5,5,1
prefuzz,enron_full_394271,text,0,58,1,5,5,5,1
prefuzz,enron_full_394331,text,0,67,1,5,5,5,1
prefuzz,enron_full_394348,text,0,50,1,5,5,5,1
prefuzz,enron_full_394407,text,0,2,0,5,0,0,0
prefuzz,enron_full_395301,text,0,78,1,5,5,5,1
prefuzz,enron_full_395725,text,0,2,0,5,0,0,0
prefuzz,enron_full_396292,text,0,79,1,5,5,9,3
prefuzz,enron_full_396812,text,0,60,1,5,5,5,1
prefuzz,enron_full_397391,text,0,61,1,5,5,5,1
prefuzz,enron_full_397879,text,0,67,2,5,5,10,2
prefuzz,enron_full_398718,text,0,53,1,5,5,5,1
prefuzz,enron_full_399591,text,0,2,0,5,0,0,0
prefuzz,enron_full_399779,text,0,2,0,5,0,0,0
prefuzz,enron_full_399917,text,0,2,0,5,0,0,0
prefuzz,enron_full_400523,text,0,60,1,5,5,5,1
prefuzz,enron_full_401763,text,0,2,0,5,0,0,0
prefuzz,enron_full_401798,text,0,2,0,5,0,0,0
prefuzz,enron_full_402233,text,0,61,1,5,5,5,1
prefuzz,enron_full_402310,text,0,121,2,5,5,10,2
prefuzz,enron_full_403001,text,0,60,1,5,5,5,1
prefuzz,enron_full_403036,text,0,60,1,5,5,5,1
prefuzz,enron_full_403180,text,0,61,1,5,5,5,1
prefuzz,enron_full_404066,text,0,69,2,5,5,10,2
prefuzz,enron_full_405218,text,0,69,2,5,5,10,2
prefuzz,enron_full_405288,text,0,64,2,5,5,10,2
prefuzz,enron_full_405421,text,0,73,3,5,5,15,3
prefuzz,enron_full_406531,text,0,75,3,5,5,15,3
prefuzz,enron_full_407210,text,0,63,1,5,5,5,1
prefuzz,enron_full_407416,text,0,70,3,5,5,15,3
prefuzz,enron_full_407459,text,0,86,4,5,5,20,4
prefuzz,enron_full_407590,text,0,72,2,5,5,10,2
prefuzz,enron_full_407747,text,0,61,1,5,5,5,1
prefuzz,enron_full_408988,text,0,288,24,5,5,120,24
prefuzz,enron_full_409260,text,0,78,3,5,5,15,3
prefuzz,enron_full_409276,text,0,68,2,5,5,10,2
prefuzz,enron_full_409720,text,0,61,1,5,5,5,1
prefuzz,enron_full_409761,text,0,60,1,5,5,5,1
prefuzz,enron_full_410980,text,0,2,0,5,0,0,0
prefuzz,enron_full_411073,text,0,2,0,5,0,0,0
prefuzz,enron_full_411853,text,0,62,1,5,5,5,1
prefuzz,enron_full_412435,text,0,58,1,5,5,5,1
prefuzz,enron_full_412836,text,0,61,1,5,5,5,1
prefuzz,enron_full_414414,text,0,57,1,5,5,5,1
prefuzz,enron_full_414620,text,0,82,3,5,5,15,3
prefuzz,enron_full_414624,text,0,2,0,5,0,0,0
prefuzz,enron_full_415032,text,0,58,1,5,5,5,1
prefuzz,enron_full_415416,text,0,60,1,5,5,5,1
prefuzz,enron_full_415425,text,0,68,1,5,5,5,1
prefuzz,enron_full_415589,text,0,61,1,5,5,5,1
prefuzz,enron_full_416173,text,0,2,0,5,0,0,0
prefuzz,enron_full_416275,text,0,2,0,5,0,0,0
prefuzz,enron_full_417397,text,0,61,1,5,5,5,1
prefuzz,enron_full_418145,text,0,58,1,5,5,5,1
prefuzz,enron_full_418173,text,0,67,1,5,5,5,1
prefuzz,enron_full_418938,text,0,52,1,5,5,5,1
prefuzz,enron_full_419715,text,0,65,2,5,5,10,2
prefuzz,enron_full_419787,text,0,51,1,5,5,5,1
prefuzz,enron_full_419936,text,0,52,1,5,5,5,1
prefuzz,enron_full_419992,text,0,55,1,5,5,5,1
prefuzz,enron_full_420340,text,0,415,45,5,5,225,45
prefuzz,enron_full_420635,text,0,82,1,5,5,5,1
prefuzz,enron_full_421070,text,0,2,0,5,0,0,0
prefuzz,enron_full_421581,text,0,2,0,5,0,0,0
prefuzz,enron_full_421659,text,0,2,0,5,0,0,0
prefuzz,enron_full_422214,text,0,2,0,5,0,0,0
prefuzz,enron_full_422408,text,0,66,2,5,5,10,2
prefuzz,enron_full_423045,text,0,56,1,5,5,5,1
prefuzz,enron_full_423694,text,0,58,1,5,5,5,1
prefuzz,enron_full_423789,text,0,58,1,5,5,5,1
prefuzz,enron_full_424183,text,0,4858,367,5,5,1776,638
prefuzz,enron_full_424691,text,0,63,1,5,5,5,1
prefuzz,enron_full_425035,text,0,56,1,5,5,5,1
prefuzz,enron_full_425166,text,0,55,1,5,5,5,1
prefuzz,enron_full_425789,text,0,55,1,5,5,5,1
prefuzz,enron_full_426054,text,0,57,1,5,5,5,1
prefuzz,enron_full_426288,text,0,53,1,5,5,5,1
prefuzz,enron_full_427733,text,0,55,1,5,5,5,1
prefuzz,enron_full_428515,text,0,55,1,5,5,5,1
prefuzz,enron_full_428895,text,0,52,1,5,5,5,1
prefuzz,enron_full_429441,text,0,2,0,5,0,0,0
prefuzz,enron_full_429986,text,0,2,0,5,0,0,0
prefuzz,enron_full_430065,text,0,2,0,5,0,0,0
prefuzz,enron_full_430260,text,0,17,0,5,1,1,1
prefuzz,enron_full_430592,text,0,2,0,5,0,0,0
prefuzz,enron_full_431423,text,0,2,0,5,0,0,0
prefuzz,enron_full_432116,text,0,54,1,5,5,5,1
prefuzz,enron_full_432508,text,0,63,2,5,5,10,2
prefuzz,enron_full_433686,text,0,53,1,5,5,5,1
prefuzz,enron_full_433711,text,0,51,1,5,5,5,1
prefuzz,enron_full_433823,text,0,60,1,5,5,5,1
prefuzz,enron_full_434515,text,0,63,2,5,5,10,2
prefuzz,enron_full_434661,text,0,60,2,5,5,10,2
prefuzz,enron_full_435743,text,0,61,2,5,5,10,2
prefuzz,enron_full_436019,text,0,2,0,5,0,0,0
prefuzz,enron_full_436309,text,0,2,0,5,0,0,0
prefuzz,enron_full_436431,text,0,2,0,5,0,0,0
prefuzz,enron_full_436454,text,0,2,0,5,0,0,0
prefuzz,enron_full_437873,text,0,75,2,5,5,10,2
prefuzz,enron_full_439573,text,0,2,0,5,0,0,0
prefuzz,enron_full_440276,text,0,1,0,5,0,0,0
prefuzz,enron_full_440707,text,0,308,2,5,5,47,39
prefuzz,enron_full_441744,text,0,65,3,5,5,15,3
prefuzz,enron_full_442093,text,0,57,2,5,5,10,2
prefuzz,enron_full_442322,text,0,2,0,5,0,0,0
prefuzz,enron_full_442524,text,0,75,2,5,5,10,2
prefuzz,enron_full_442558,text,0,59,2,5,5,10,2
prefuzz,enron_full_442662,text,0,56,2,5,5,10,2
prefuzz,enron_full_442954,text,0,50,1,5,5,5,1
prefuzz,enron_full_443309,text,0,119,8,5,5,40,8
prefuzz,enron_full_443772,text,0,51,1,5,5,5,1
prefuzz,enron_full_444240,text,0,67,3,5,5,15,3
prefuzz,enron_full_445163,text,0,2,0,5,0,0,0
prefuzz,enron_full_445774,text,0,391,42,5,5,210,42
prefuzz,enron_full_445830,text,0,2,0,5,0,0,0
prefuzz,enron_full_446457,text,0,23,0,5,1,2,2
prefuzz,enron_full_447336,text,0,52,1,5,5,5,1
prefuzz,enron_full_447596,text,0,2,0,5,0,0,0
prefuzz,enron_full_448246,text,0,61,2,5,5,10,2
prefuzz,enron_full_448315,text,0,54,1,5,5,5,1
prefuzz,enron_full_448897,text,0,65,2,5,5,10,2
prefuzz,enron_full_449771,text,0,1,0,5,0,0,0
prefuzz,enron_full_450293,text,0,75,2,5,5,10,2
prefuzz,enron_full_450584,text,0,2,0,5,0,0,0
prefuzz,enron_full_451624,text,0,64,2,5,5,10,2
prefuzz,enron_full_451708,text,0,49,1,5,5,5,1
prefuzz,enron_full_451980,text,0,2,0,5,0,0,0
prefuzz,enron_full_452075,text,0,51,1,5,5,5,1
prefuzz,enron_full_452624,text,0,50,1,5,5,5,1
prefuzz,enron_full_452665,text,0,50,1,5,5,5,1
prefuzz,enron_full_453158,text,0,50,1,5,5,5,1
prefuzz,enron_full_453577,text,0,46,1,5,5,5,1
prefuzz,enron_full_455974,text,0,40,2,5,3,6,2
prefuzz,enron_full_456283,text,0,2,0,5,0,0,0
prefuzz,enron_full_458074,text,0,2,0,5,0,0,0
prefuzz,enron_full_458660,text,0,1,0,5,0,0,0
prefuzz,enron_full_459917,text,0,1,0,5,0,0,0
prefuzz,enron_full_459959,text,0,1,0,5,0,0,0
prefuzz,enron_full_460573,text,0,196,20,5,5,100,20
prefuzz,enron_full_461053,text,0,57,2,5,5,10,2
prefuzz,enron_full_461203,text,0,2,0,5,0,0,0
prefuzz,enron_full_461474,text,0,1,0,5,0,0,0
prefuzz,enron_full_461621,text,0,66,3,5,5,15,3
prefuzz,enron_full_461648,text,0,64,3,5,5,15,3
prefuzz,enron_full_461948,text,0,68,3,5,5,15,3
prefuzz,enron_full_462616,text,0,57,2,5,5,10,2
prefuzz,enron_full_463151,text,0,73,3,5,5,15,3
prefuzz,enron_full_463936,text,0,56,2,5,5,10,2
prefuzz,enron_full_463955,text,0,59,2,5,5,10,2
prefuzz,enron_full_463976,text,0,57,3,5,5,15,3
prefuzz,enron_full_465574,text,0,58,2,5,5,10,2
prefuzz,enron_full_466018,text,0,59,2,5,5,10,2
prefuzz,enron_full_466387,text,0,474,56,5,5,280,56
prefuzz,enron_full_466533,text,0,52,1,5,5,5,1
prefuzz,enron_full_466708,text,0,46,1,5,5,5,1
prefuzz,enron_full_467278,text,0,56,2,5,5,10,2
prefuzz,enron_full_467576,text,0,78,4,5,5,20,4
prefuzz,enron_full_467913,text,0,67,3,5,5,15,3
prefuzz,enron_full_468001,text,0,50,1,5,5,5,1
prefuzz,enron_full_468241,text,0,58,2,5,5,10,2
prefuzz,enron_full_468948,text,0,58,2,5,5,10,2
prefuzz,enron_full_469104,text,0,135,9,5,5,45,9
prefuzz,enron_full_469441,text,0,70,3,5,5,15,3
prefuzz,enron_full_470510,text,0,51,1,5,5,5,1
prefuzz,enron_full_471172,text,0,61,2,5,5,10,2
prefuzz,enron_full_472398,text,0,66,3,5,5,15,3
prefuzz,enron_full_473353,text,0,54,1,5,5,5,1
prefuzz,enron_full_473987,text,0,2,0,5,0,0,0
prefuzz,enron_full_474902,text,0,54,1,5,5,5,1
prefuzz,enron_full_476646,text,0,53,1,5,5,5,1
prefuzz,enron_full_476866,text,0,103,7,5,5,35,7
prefuzz,enron_full_476952,text,0,53,1,5,5,5,1
prefuzz,enron_full_478933,text,0,2,0,5,0,0,0
prefuzz,enron_full_479947,text,0,2,0,5,0,0,0
prefuzz,enron_full_480468,text,0,2,0,5,0,0,0
prefuzz,enron_full_480848,text,0,71,2,5,5,10,2
prefuzz,enron_full_481384,text,0,58,1,5,5,5,1
prefuzz,enron_full_481691,text,0,48,1,5,5,5,1
prefuzz,enron_full_481940,text,0,51,1,5,5,5,1
prefuzz,enron_full_482039,text,0,52,1,5,5,5,1
prefuzz,enron_full_482398,text,0,2,0,5,0,0,0
prefuzz,enron_full_482679,text,0,1,0,5,0,0,0
prefuzz,enron_full_482700,text,0,51,1,5,5,5,1
prefuzz,enron_full_482778,text,0,93,4,5,5,20,4
prefuzz,enron_full_482919,text,0,70,2,5,5,10,2
prefuzz,enron_full_483941,text,0,49,1,5,5,5,1
prefuzz,enron_full_484013,text,0,54,2,5,5,10,2
prefuzz,enron_full_485161,text,0,49,1,5,5,5,1
prefuzz,enron_full_485319,text,0,45,1,5,5,5,1
prefuzz,enron_full_485507,text,0,1,0,5,0,0,0
prefuzz,enron_full_485652,text,0,1,0,5,0,0,0
prefuzz,enron_full_485802,text,0,2,0,5,0,0,0
prefuzz,enron_full_486590,text,0,47,1,5,5,5,1
prefuzz,enron_full_486718,text,0,47,1,5,5,5,1
prefuzz,enron_full_487009,text,0,1,0,5,0,0,0
prefuzz,enron_full_487095,text,0,1,0,5,0,0,0
prefuzz,enron_full_487221,text,0,67,3,5,5,15,3
prefuzz,enron_full_488455,text,0,2,0,5,0,0,0
prefuzz,enron_full_488704,text,0,1543,169,5,5,653,211
prefuzz,enron_full_489126,text,0,2,0,5,0,0,0
prefuzz,enron_full_490171,text,0,2,0,5,0,0,0
prefuzz,enron_full_490913,text,0,72,3,5,5,15,3
prefuzz,enron_full_491597,text,0,75,1,5,5,5,1
prefuzz,enron_full_491993,text,0,2,0,5,0,0,0
prefuzz,enron_full_492310,text,0,19,0,5,1,1,1
prefuzz,enron_full_492624,text,0,111,6,5,5,30,6
prefuzz,enron_full_492762,text,0,2,0,5,0,0,0
prefuzz,enron_full_493081,text,0,2,0,5,0,0,0
prefuzz,enron_full_493173,text,0,2,0,5,0,0,0
prefuzz,enron_full_494836,text,0,39,0,5,1,3,3
prefuzz,enron_full_495207,text,0,2,0,5,0,0,0
prefuzz,enron_full_496303,text,0,2,0,5,0,0,0
prefuzz,enron_full_497180,text,0,69,2,5,5,10,2
prefuzz,enron_full_498346,text,0,2,0,5,0,0,0
prefuzz,enron_full_498425,text,0,74,2,5,5,10,2
prefuzz,enron_full_498832,text,0,62,1,5,5,5,1
prefuzz,enron_full_499190,text,0,133,8,5,5,40,8
prefuzz,enron_full_499335,text,0,101,5,5,5,25,5
prefuzz,enron_full_500125,text,0,97,5,5,5,25,5
prefuzz,enron_full_500480,text,0,67,2,5,5,10,2
prefuzz,enron_full_500856,text,0,209,17,5,5,85,17
prefuzz,enron_full_501389,text,0,70,2,5,5,10,2
prefuzz,enron_full_501995,text,0,60,1,5,5,5,1
prefuzz,enron_full_503996,text,0,2,0,5,0,0,0
prefuzz,enron_full_504214,text,0,2,0,5,0,0,0
prefuzz,enron_full_504672,text,0,87,4,5,5,20,4
prefuzz,enron_full_506077,text,0,2,0,5,0,0,0
prefuzz,enron_full_506313,text,0,2,0,5,0,0,0
prefuzz,enron_full_506691,text,0,2,0,5,0,0,0
prefuzz,enron_full_506951,text,0,2,0,5,0,0,0
prefuzz,enron_full_508297,text,0,60,1,5,5,5,1
prefuzz,enron_full_508633,text,0,72,2,5,5,10,2
prefuzz,enron_full_509309,text,0,68,1,5,5,5,1
prefuzz,enron_full_509898,text,0,60,1,5,5,5,1
prefuzz,enron_full_511005,text,0,69,1,5,5,5,1
prefuzz,enron_full_513543,text,0,2,0,5,0,0,0
prefuzz,enron_full_513857,text,0,51,1,5,5,5,1
prefuzz,enron_full_514823,text,0,2,0,5,0,0,0
prefuzz,enron_full_514984,text,0,50,1,5,5,5,1
prefuzz,enron_full_515092,text,0,2,0,5,0,0,0
prefuzz,enron_full_515627,text,0,2,0,5,0,0,0
prefuzz,enron_full_515714,text,0,2,0,5,0,0,0
prefuzz,enron_full_516032,text,0,59,2,5,5,10,2
prefuzz,enron_full_516843,text,0,2,0,5,0,0,0
prefuzz,enron_full_516871,text,0,2,0,5,0,0,0
prefuzz,enron_full_000202,text,1,62,2,5,5,10,2
prefuzz,enron_full_000664,text,1,84,2,5,5,10,2
prefuzz,enron_full_001289,text,1,2,0,5,0,0,0
prefuzz,enron_full_001379,text,1,2,0,5,0,0,0
prefuzz,enron_full_001488,text,1,2,0,5,0,0,0
prefuzz,enron_full_001525,text,1,62,1,5,5,5,1
prefuzz,enron_full_002220,text,1,67,2,5,5,10,2
prefuzz,enron_full_004616,text,1,79,3,5,5,15,3
prefuzz,enron_full_005913,text,1,80,3,5,5,15,3
prefuzz,enron_full_006211,text,1,60,1,5,5,5,1
prefuzz,enron_full_006276,text,1,69,2,5,5,10,2
prefuzz,enron_full_006379,text,1,2,0,5,0,0,0
prefuzz,enron_full_006771,text,1,69,2,5,5,10,2
prefuzz,enron_full_007411,text,1,2,0,5,0,0,0
prefuzz,enron_full_008064,text,1,60,1,5,5,5,1
prefuzz,enron_full_008136,text,1,2,0,5,0,0,0
prefuzz,enron_full_008648,text,1,59,1,5,5,5,1
prefuzz,enron_full_008924,text,1,68,2,5,5,10,2
prefuzz,enron_full_009142,text,1,285,24,5,5,120,24
prefuzz,enron_full_009200,text,1,60,1,5,5,5,1
prefuzz,enron_full_009568,text,1,2,0,5,0,0,0
prefuzz,enron_full_009735,text,1,2,0,5,0,0,0
prefuzz,enron_full_011924,text,1,333,30,5,5,150,30
prefuzz,enron_full_012156,text,1,81,3,5,5,15,3
prefuzz,enron_full_012651,text,1,65,1,5,5,5,1
prefuzz,enron_full_013576,text,1,60,1,5,5,5,1
prefuzz,enron_full_013941,text,1,72,2,5,5,10,2
prefuzz,enron_full_014539,text,1,80,3,5,5,15,3
prefuzz,enron_full_014678,text,1,145,10,5,5,50,10
prefuzz,enron_full_015568,text,1,70,2,5,5,10,2
prefuzz,enron_full_015698,text,1,59,1,5,5,5,1
prefuzz,enron_full_016017,text,1,266,24,5,5,120,24
prefuzz,enron_full_017189,text,1,70,2,5,5,10,2
prefuzz,enron_full_018163,text,1,2,0,5,0,0,0
prefuzz,enron_full_018755,text,1,62,1,5,5,5,1
prefuzz,enron_full_019153,text,1,67,1,5,5,5,1
prefuzz,enron_full_019201,text,1,77,2,5,5,10,2
prefuzz,enron_full_019604,text,1,2,0,5,0,0,0
prefuzz,enron_full_019949,text,1,70,2,5,5,10,2
prefuzz,enron_full_020401,text,1,2,0,5,0,0,0
prefuzz,enron_full_020951,text,1,59,1,5,5,5,1
prefuzz,enron_full_021195,text,1,102,4,5,5,20,4
prefuzz,enron_full_021224,text,1,4679,367,5,5,1776,638
prefuzz,enron_full_021900,text,1,62,1,5,5,5,1
prefuzz,enron_full_022531,text,1,76,3,5,5,15,3
prefuzz,enron_full_022683,text,1,74,2,5,5,10,2
prefuzz,enron_full_022865,text,1,62,2,5,5,10,2
prefuzz,enron_full_022972,text,1,52,1,5,5,5,1
prefuzz,enron_full_024952,text,1,1,0,5,0,0,0
prefuzz,enron_full_025050,text,1,60,2,5,5,10,2
prefuzz,enron_full_026603,text,1,59,2,5,5,10,2
prefuzz,enron_full_026721,text,1,59,2,5,5,10,2
prefuzz,enron_full_027643,text,1,77,4,5,5,20,4
prefuzz,enron_full_027693,text,1,60,2,5,5,10,2
prefuzz,enron_full_027925,text,1,50,1,5,5,5,1
prefuzz,enron_full_028250,text,1,52,1,5,5,5,1
prefuzz,enron_full_028591,text,1,59,2,5,5,10,2
prefuzz,enron_full_028607,text,1,1,0,5,0,0,0
prefuzz,enron_full_029506,text,1,1,0,5,0,0,0
prefuzz,enron_full_030144,text,1,56,2,5,5,10,2
prefuzz,enron_full_031433,text,1,58,2,5,5,10,2
prefuzz,enron_full_031542,text,1,65,2,5,5,10,2
prefuzz,enron_full_031612,text,1,56,2,5,5,10,2
prefuzz,enron_full_031680,text,1,47,1,5,5,5,1
prefuzz,enron_full_032079,text,1,2,0,5,0,0,0
prefuzz,enron_full_032704,text,1,274,29,5,5,145,29
prefuzz,enron_full_033187,text,1,2,0,5,0,0,0
prefuzz,enron_full_033628,text,1,57,1,5,5,7,2
prefuzz,enron_full_034178,text,1,2,0,5,0,0,0
prefuzz,enron_full_034530,text,1,2,0,5,0,0,0
prefuzz,enron_full_035481,text,1,2,0,5,0,0,0
prefuzz,enron_full_035578,text,1,1,0,5,0,0,0
prefuzz,enron_full_035695,text,1,2,0,5,0,0,0
prefuzz,enron_full_035726,text,1,2,0,5,0,0,0
prefuzz,enron_full_035827,text,1,2,0,5,0,0,0
prefuzz,enron_full_035969,text,1,2,0,5,0,0,0
prefuzz,enron_full_035998,text,1,2,0,5,0,0,0
prefuzz,enron_full_038008,text,1,1,0,5,0,0,0
prefuzz,enron_full_040212,text,1,1,0,5,0,0,0
prefuzz,enron_full_040615,text,1,57,2,5,5,10,2
prefuzz,enron_full_041235,text,1,57,2,5,5,10,2
prefuzz,enron_full_042132,text,1,50,1,5,5,5,1
prefuzz,enron_full_045885,text,1,57,2,5,5,10,2
prefuzz,enron_full_046009,text,1,53,2,5,5,10,2
prefuzz,enron_full_046306,text,1,55,2,5,5,10,2
prefuzz,enron_full_046840,text,1,60,2,5,5,10,2
prefuzz,enron_full_047084,text,1,2,0,5,0,0,0
prefuzz,enron_full_047376,text,1,62,3,5,5,15,3
prefuzz,enron_full_047738,text,1,64,2,5,5,10,2
prefuzz,enron_full_047772,text,1,1,0,5,0,0,0
prefuzz,enron_full_048185,text,1,2,0,5,0,0,0
prefuzz,enron_full_048713,text,1,1,0,5,0,0,0
prefuzz,enron_full_049016,text,1,2,0,5,0,0,0
prefuzz,enron_full_049875,text,1,2,0,5,0,0,0
prefuzz,enron_full_050163,text,1,49,1,5,5,5,1
prefuzz,enron_full_050258,text,1,49,1,5,5,5,1
prefuzz,enron_full_050705,text,1,2,0,5,0,0,0
prefuzz,enron_full_050719,text,1,1,0,5,0,0,0
prefuzz,enron_full_051118,text,1,1,0,5,0,0,0
prefuzz,enron_full_051633,text,1,1,0,5,0,0,0
prefuzz,enron_full_052109,text,1,86,6,5,5,26,6
prefuzz,enron_full_052243,text,1,122,10,5,5,50,10
prefuzz,enron_full_052699,text,1,2,0,5,0,0,0
prefuzz,enron_full_052941,text,1,2,0,5,0,0,0
prefuzz,enron_full_053517,text,1,1,0,5,0,0,0
prefuzz,enron_full_053522,text,1,1,0,5,0,0,0
prefuzz,enron_full_054174,text,1,1,0,5,0,0,0
prefuzz,enron_full_055270,text,1,2,0,5,0,0,0
prefuzz,enron_full_055462,text,1,49,1,5,5,5,1
prefuzz,enron_full_056138,text,1,97,1,5,5,13,9
prefuzz,enron_full_056670,text,1,46,1,5,5,5,1
prefuzz,enron_full_056953,text,1,1,0,5,0,0,0
prefuzz,enron_full_057268,text,1,51,1,5,5,5,1
prefuzz,enron_full_057321,text,1,1,0,5,0,0,0
prefuzz,enron_full_057826,text,1,1,0,5,0,0,0
prefuzz,enron_full_058046,text,1,51,1,5,5,5,1
prefuzz,enron_full_058254,text,1,47,1,5,5,5,1
prefuzz,enron_full_058415,text,1,1,0,5,0,0,0
prefuzz,enron_full_059797,text,1,483,56,5,5,280,56
prefuzz,enron_full_060370,text,1,76,4,5,5,20,4
prefuzz,enron_full_060846,text,1,49,1,5,5,5,1
prefuzz,enron_full_062151,text,1,57,2,5,5,10,2
prefuzz,enron_full_062439,text,1,47,1,5,5,5,1
prefuzz,enron_full_063833,text,1,52,1,5,5,5,1
prefuzz,enron_full_063839,text,1,49,1,5,5,5,1
prefuzz,enron_full_064172,text,1,52,1,5,5,5,1
prefuzz,enron_full_064231,text,1,48,1,5,5,5,1
prefuzz,enron_full_064607,text,1,50,1,5,5,5,1
prefuzz,enron_full_065332,text,1,69,1,5,5,5,1
prefuzz,enron_full_065814,text,1,50,1,5,5,5,1
prefuzz,enron_full_066742,text,1,2,0,5,0,0,0
prefuzz,enron_full_067365,text,1,81,4,5,5,20,4
prefuzz,enron_full_067727,text,1,55,1,5,5,5,1
prefuzz,enron_full_067752,text,1,56,1,5,5,5,1
prefuzz,enron_full_068258,text,1,2,0,5,0,0,0
prefuzz,enron_full_068541,text,1,52,2,5,4,8,2
prefuzz,enron_full_068714,text,1,61,2,5,5,10,2
prefuzz,enron_full_068948,text,1,2,0,5,0,0,0
prefuzz,enron_full_069168,text,1,52,1,5,5,5,1
prefuzz,enron_full_069488,text,1,17,0,5,1,1,1
prefuzz,enron_full_070382,text,1,2,0,5,0,0,0
prefuzz,enron_full_071706,text,1,53,1,5,5,5,1
prefuzz,enron_full_071944,text,1,55,1,5,5,5,1
prefuzz,enron_full_072801,text,1,52,1,5,5,5,1
prefuzz,enron_full_073237,text,1,64,1,5,5,7,3
prefuzz,enron_full_075726,text,1,53,1,5,5,5,1
prefuzz,enron_full_076089,text,1,59,2,5,5,10,2
prefuzz,enron_full_078045,text,1,2,0,5,0,0,0
prefuzz,enron_full_078949,text,1,55,1,5,5,5,1
prefuzz,enron_full_080332,text,1,2,0,5,0,0,0
prefuzz,enron_full_080731,text,1,63,1,5,5,7,3
prefuzz,enron_full_081565,text,1,52,1,5,5,5,1
prefuzz,enron_full_081601,text,1,50,1,5,5,5,1
prefuzz,enron_full_081707,text,1,52,1,5,5,5,1
prefuzz,enron_full_082681,text,1,2,0,5,0,0,0
prefuzz,enron_full_085442,text,1,59,2,5,5,10,2
prefuzz,enron_full_085751,text,1,72,3,5,5,15,3
prefuzz,enron_full_086327,text,1,2,0,5,0,0,0
prefuzz,enron_full_087697,text,1,2,0,5,0,0,0
prefuzz,enron_full_088138,text,1,52,1,5,5,5,1
prefuzz,enron_full_088307,text,1,52,1,5,5,5,1
prefuzz,enron_full_088336,text,1,52,1,5,5,5,1
prefuzz,enron_full_089344,text,1,61,2,5,5,10,2
prefuzz,enron_full_089451,text,1,68,2,5,5,10,2
prefuzz,enron_full_090248,text,1,62,3,5,5,15,3
prefuzz,enron_full_091044,text,1,56,2,5,5,10,2
prefuzz,enron_full_091307,text,1,3490,167,5,5,688,453
prefuzz,enron_full_092251,text,1,3,0,5,0,0,0
prefuzz,enron_full_092316,text,1,2,0,5,0,0,0
prefuzz,enron_full_092765,text,1,2,0,5,0,0,0
prefuzz,enron_full_093576,text,1,2,0,5,0,0,0
prefuzz,enron_full_094577,text,1,132,6,5,5,30,6
prefuzz,enron_full_094590,text,1,2,0,5,0,0,0
prefuzz,enron_full_094757,text,1,2,0,5,0,0,0
prefuzz,enron_full_095403,text,1,167,12,5,5,60,12
prefuzz,enron_full_096327,text,1,67,1,5,5,5,1
prefuzz,enron_full_096329,text,1,72,2,5,5,10,2
prefuzz,enron_full_098210,text,1,254,22,5,5,110,22
prefuzz,enron_full_098535,text,1,257,22,5,5,110,22
prefuzz,enron_full_098599,text,1,650,63,5,5,315,63
prefuzz,enron_full_098973,text,1,774,75,5,5,375,75
prefuzz,enron_full_099013,text,1,192,16,5,5,80,16
prefuzz,enron_full_099531,text,1,65,2,5,5,10,2
prefuzz,enron_full_100323,text,1,334,2,5,5,47,39
prefuzz,enron_full_100466,text,1,55,1,5,5,5,1
prefuzz,enron_full_101174,text,1,64,2,5,5,10,2
prefuzz,enron_full_101274,text,1,59,2,5,5,10,2
prefuzz,enron_full_102532,text,1,49,1,5,5,5,1
prefuzz,enron_full_102695,text,1,56,2,5,5,10,2
prefuzz,enron_full_102774,text,1,59,2,5,5,10,2
prefuzz,enron_full_103426,text,1,52,1,5,5,5,1
prefuzz,enron_full_103581,text,1,58,2,5,5,10,2
prefuzz,enron_full_104396,text,1,2,0,5,0,0,0
prefuzz,enron_full_104402,text,1,416,49,5,5,245,49
prefuzz,enron_full_104423,text,1,2,0,5,0,0,0
prefuzz,enron_full_104598,text,1,638,70,5,5,350,70
prefuzz,enron_full_105565,text,1,64,1,5,5,5,1
prefuzz,enron_full_105930,text,1,66,1,5,5,5,1
prefuzz,enron_full_106126,text,1,96,3,5,5,15,3
prefuzz,enron_full_106135,text,1,62,2,5,5,10,2
prefuzz,enron_full_108529,text,1,61,2,5,5,10,2
prefuzz,enron_full_108654,text,1,236,27,5,5,135,27
prefuzz,enron_full_108933,text,1,64,2,5,5,10,2
prefuzz,enron_full_108996,text,1,60,2,5,5,10,2
prefuzz,enron_full_109605,text,1,66,2,5,5,10,2
prefuzz,enron_full_110370,text,1,54,1,5,5,5,1
prefuzz,enron_full_111197,text,1,2,0,5,0,0,0
prefuzz,enron_full_111665,text,1,57,2,5,5,10,2
prefuzz,enron_full_111904,text,1,73,3,5,5,15,3
prefuzz,enron_full_112694,text,1,52,1,5,5,5,1
prefuzz,enron_full_113971,text,1,113,8,5,5,40,8
prefuzz,enron_full_114650,text,1,52,1,5,5,5,1
prefuzz,enron_full_115626,text,1,2,0,5,0,0,0
prefuzz,enron_full_116065,text,1,69,3,5,5,15,3
prefuzz,enron_full_116692,text,1,52,1,5,5,5,1
prefuzz,enron_full_117087,text,1,61,2,5,5,10,2
prefuzz,enron_full_117441,text,1,68,3,5,5,15,3
prefuzz,enron_full_117988,text,1,70,3,5,5,15,3
prefuzz,enron_full_118247,text,1,65,2,5,5,10,2
prefuzz,enron_full_118573,text,1,54,1,5,5,5,1
prefuzz,enron_full_119068,text,1,53,2,5,5,10,2
prefuzz,enron_full_119674,text,1,1,0,5,0,0,0
prefuzz,enron_full_119896,text,1,2,0,5,0,0,0
prefuzz,enron_full_120534,text,1,68,3,5,5,15,3
prefuzz,enron_full_120641,text,1,48,1,5,5,5,1
prefuzz,enron_full_120822,text,1,67,3,5,5,15,3
prefuzz,enron_full_121175,text,1,53,1,5,5,5,1
prefuzz,enron_full_122290,text,1,2,0,5,0,0,0
prefuzz,enron_full_122402,text,1,2,0,5,0,0,0
prefuzz,enron_full_123831,text,1,70,3,5,5,15,3
prefuzz,enron_full_124264,text,1,62,2,5,5,10,2
prefuzz,enron_full_124451,text,1,68,3,5,5,15,3
prefuzz,enron_full_126518,text,1,78,4,5,5,20,4
prefuzz,enron_full_128013,text,1,1,0,5,0,0,0
prefuzz,enron_full_128290,text,1,2,0,5,0,0,0
prefuzz,enron_full_128461,text,1,60,2,5,5,10,2
prefuzz,enron_full_129750,text,1,66,3,5,5,15,3
prefuzz,enron_full_129922,text,1,147,12,5,5,60,12
prefuzz,enron_full_129965,text,1,59,1,5,5,5,1
prefuzz,enron_full_130406,text,1,47,1,5,5,5,1
prefuzz,enron_full_130557,text,1,58,2,5,5,10,2
prefuzz,enron_full_130818,text,1,61,2,5,5,10,2
prefuzz,enron_full_131990,text,1,63,2,5,5,10,2
prefuzz,enron_full_132971,text,1,53,1,5,5,5,1
prefuzz,enron_full_133588,text,1,60,2,5,5,10,2
prefuzz,enron_full_133819,text,1,71,3,5,5,15,3
prefuzz,enron_full_134727,text,1,2,0,5,0,0,0
prefuzz,enron_full_136330,text,1,73,2,5,5,10,2
prefuzz,enron_full_137531,text,1,65,3,5,5,15,3
prefuzz,enron_full_137711,text,1,57,2,5,5,10,2
prefuzz,enron_full_139013,text,1,2,0,5,0,0,0
prefuzz,enron_full_139188,text,1,104,8,5,5,40,8
prefuzz,enron_full_139197,text,1,76,5,5,5,25,5
prefuzz,enron_full_139486,text,1,57,2,5,5,10,2
prefuzz,enron_full_140225,text,1,16,0,5,1,1,1
prefuzz,enron_full_140420,text,1,164,15,5,5,75,15
prefuzz,enron_full_140552,text,1,58,2,5,5,10,2
prefuzz,enron_full_140885,text,1,51,1,5,5,5,1
prefuzz,enron_full_141161,text,1,2,0,5,0,0,0
prefuzz,enron_full_141985,text,1,222,23,5,5,115,23
prefuzz,enron_full_142230,text,1,51,1,5,5,5,1
prefuzz,enron_full_142612,text,1,56,2,5,5,10,2
prefuzz,enron_full_143076,text,1,54,2,5,5,10,2
prefuzz,enron_full_144720,text,1,1,0,5,0,0,0
prefuzz,enron_full_144759,text,1,1,0,5,0,0,0
prefuzz,enron_full_145061,text,1,66,3,5,5,15,3
prefuzz,enron_full_146696,text,1,58,2,5,5,10,2
prefuzz,enron_full_148007,text,1,57,2,5,5,10,2
prefuzz,enron_full_148315,text,1,73,4,5,5,20,4
prefuzz,enron_full_148338,text,1,68,4,5,5,20,4
prefuzz,enron_full_149174,text,1,54,1,5,5,5,1
prefuzz,enron_full_149842,text,1,73,2,5,5,12,4
prefuzz,enron_full_150562,text,1,58,2,5,5,10,2
prefuzz,enron_full_151773,text,1,1,0,5,0,0,0
prefuzz,enron_full_152307,text,1,52,1,5,5,5,1
prefuzz,enron_full_152987,text,1,49,1,5,5,5,1
prefuzz,enron_full_153167,text,1,49,1,5,5,5,1
prefuzz,enron_full_154125,text,1,17,0,5,1,1,1
prefuzz,enron_full_154648,text,1,1,0,5,0,0,0
prefuzz,enron_full_155829,text,1,49,1,5,5,5,1
prefuzz,enron_full_156626,text,1,53,1,5,5,5,1
prefuzz,enron_full_156811,text,1,109,8,5,5,40,8
prefuzz,enron_full_158640,text,1,49,1,5,5,5,1
prefuzz,enron_full_159222,text,1,54,2,5,5,10,2
prefuzz,enron_full_159570,text,1,57,2,5,5,10,2
prefuzz,enron_full_159687,text,1,77,4,5,5,20,4
prefuzz,enron_full_161067,text,1,49,1,5,5,5,1
prefuzz,enron_full_161301,text,1,56,2,5,5,10,2
prefuzz,enron_full_161404,text,1,74,4,5,5,20,4
prefuzz,enron_full_161839,text,1,2,0,5,0,0,0
prefuzz,enron_full_162338,text,1,60,2,5,5,10,2
prefuzz,enron_full_163700,text,1,2,0,5,0,0,0
prefuzz,enron_full_163994,text,1,55,1,5,5,5,1
prefuzz,enron_full_164128,text,1,1,0,5,0,0,0
prefuzz,enron_full_164251,text,1,65,3,5,5,15,3
prefuzz,enron_full_164751,text,1,1,0,5,0,0,0
prefuzz,enron_full_164805,text,1,1,0,5,0,0,0
prefuzz,enron_full_165550,text,1,1,0,5,0,0,0
prefuzz,enron_full_165951,text,1,316,35,5,5,175,35
prefuzz,enron_full_167260,text,1,55,2,5,5,10,2
prefuzz,enron_full_168469,text,1,130,8,5,5,40,8
prefuzz,enron_full_168971,text,1,61,2,5,5,10,2
prefuzz,enron_full_170176,text,1,2,0,5,0,0,0
prefuzz,enron_full_170711,text,1,118,9,5,5,45,9
prefuzz,enron_full_170765,text,1,133,11,5,5,55,11
prefuzz,enron_full_170860,text,1,2,0,5,0,0,0
prefuzz,enron_full_171509,text,1,76,3,5,5,15,3
prefuzz,enron_full_171797,text,1,2,0,5,0,0,0
prefuzz,enron_full_172609,text,1,2,0,5,0,0,0
prefuzz,enron_full_174436,text,1,62,2,5,5,10,2
prefuzz,enron_full_174861,text,1,51,1,5,5,5,1
prefuzz,enron_full_175011,text,1,2,0,5,0,0,0
prefuzz,enron_full_176124,text,1,53,1,5,5,5,1
prefuzz,enron_full_176753,text,1,52,1,5,5,5,1
prefuzz,enron_full_178212,text,1,53,1,5,5,5,1
prefuzz,enron_full_178550,text,1,54,1,5,5,5,1
prefuzz,enron_full_179413,text,1,54,1,5,5,5,1
prefuzz,enron_full_179791,text,1,52,1,5,5,5,1
prefuzz,enron_full_180640,text,1,54,1,5,5,5,1
prefuzz,enron_full_181037,text,1,110,9,5,5,45,9
prefuzz,enron_full_181456,text,1,493,52,5,5,236,55
prefuzz,enron_full_181872,text,1,55,1,5,5,5,1
prefuzz,enron_full_181885,text,1,52,1,5,5,5,1
prefuzz,enron_full_182915,text,1,52,1,5,5,5,1
prefuzz,enron_full_182942,text,1,54,1,5,5,5,1
prefuzz,enron_full_183169,text,1,53,1,5,5,5,1
prefuzz,enron_full_183297,text,1,53,1,5,5,5,1
prefuzz,enron_full_183379,text,1,50,1,5,5,5,1
prefuzz,enron_full_183388,text,1,49,1,5,5,5,1
prefuzz,enron_full_183934,text,1,65,1,5,5,5,1
prefuzz,enron_full_184508,text,1,48,1,5,5,5,1
prefuzz,enron_full_185731,text,1,2,0,5,0,0,0
prefuzz,enron_full_186258,text,1,48,1,5,5,5,1
prefuzz,enron_full_186778,text,1,50,1,5,5,5,1
prefuzz,enron_full_187181,text,1,46,1,5,5,5,1
prefuzz,enron_full_187432,text,1,47,1,5,5,5,1
prefuzz,enron_full_187706,text,1,49,1,5,5,5,1
prefuzz,enron_full_188453,text,1,48,1,5,5,5,1
prefuzz,enron_full_189842,text,1,55,1,5,5,5,1
prefuzz,enron_full_189980,text,1,60,2,5,5,10,2
prefuzz,enron_full_191466,text,1,48,1,5,5,5,1
prefuzz,enron_full_191744,text,1,2,0,5,0,0,0
prefuzz,enron_full_191882,text,1,48,1,5,5,5,1
prefuzz,enron_full_193162,text,1,64,3,5,5,15,3
prefuzz,enron_full_195402,text,1,50,1,5,5,5,1
prefuzz,enron_full_195600,text,1,95,1,5,5,12,8
prefuzz,enron_full_195759,text,1,52,1,5,5,5,1
prefuzz,enron_full_196134,text,1,48,1,5,5,5,1
prefuzz,enron_full_197175,text,1,46,1,5,5,5,1
prefuzz,enron_full_197216,text,1,45,1,5,5,5,1
prefuzz,enron_full_197678,text,1,45,1,5,5,5,1
prefuzz,enron_full_198102,text,1,50,1,5,5,5,1
prefuzz,enron_full_198996,text,1,56,2,5,5,10,2
prefuzz,enron_full_200327,text,1,68,3,5,5,15,3
prefuzz,enron_full_200476,text,1,57,2,5,5,10,2
prefuzz,enron_full_201608,text,1,64,3,5,5,15,3
prefuzz,enron_full_202547,text,1,58,2,5,5,10,2
prefuzz,enron_full_202611,text,1,2,0,5,0,0,0
prefuzz,enron_full_203046,text,1,50,1,5,5,5,1
prefuzz,enron_full_204937,text,1,61,3,5,5,15,3
prefuzz,enron_full_205754,text,1,85,3,5,5,15,3
prefuzz,enron_full_205846,text,1,62,2,5,5,10,2
prefuzz,enron_full_206132,text,1,61,2,5,5,10,2
prefuzz,enron_full_206426,text,1,52,1,5,5,5,1
prefuzz,enron_full_206631,text,1,2,0,5,0,0,0
prefuzz,enron_full_206780,text,1,60,2,5,5,10,2
prefuzz,enron_full_207863,text,1,54,1,5,5,5,1
prefuzz,enron_full_208242,text,1,58,2,5,5,10,2
prefuzz,enron_full_208362,text,1,62,2,5,5,10,2
prefuzz,enron_full_209030,text,1,68,3,5,5,15,3
prefuzz,enron_full_209358,text,1,64,3,5,5,15,3
prefuzz,enron_full_209479,text,1,68,3,5,5,15,3
prefuzz,enron_full_209859,text,1,133,2,5,5,16,8
prefuzz,enron_full_209958,text,1,67,1,5,5,5,1
prefuzz,enron_full_210032,text,1,2,0,5,0,0,0
prefuzz,enron_full_210772,text,1,71,2,5,5,10,2
prefuzz,enron_full_211094,text,1,2,0,5,0,0,0
prefuzz,enron_full_211389,text,1,88,4,5,5,17,4
prefuzz,enron_full_211892,text,1,2,0,5,0,0,0
prefuzz,enron_full_211966,text,1,2,0,5,0,0,0
prefuzz,enron_full_212202,text,1,2,0,5,0,0,0
prefuzz,enron_full_213178,text,1,2,0,5,0,0,0
prefuzz,enron_full_214684,text,1,69,2,5,5,10,2
prefuzz,enron_full_214861,text,1,69,2,5,5,10,2
prefuzz,enron_full_214866,text,1,144,10,5,5,50,10
prefuzz,enron_full_214883,text,1,58,1,5,5,5,1
prefuzz,enron_full_215380,text,1,67,2,5,5,10,2
prefuzz,enron_full_215696,text,1,83,3,5,5,15,3
prefuzz,enron_full_216853,text,1,90,4,5,5,20,4
prefuzz,enron_full_218707,text,1,62,1,5,5,5,1
prefuzz,enron_full_219044,text,1,67,2,5,5,10,2
prefuzz,enron_full_219142,text,1,62,1,5,5,5,1
prefuzz,enron_full_219243,text,1,71,2,5,5,10,2
prefuzz,enron_full_219501,text,1,2,0,5,0,0,0
prefuzz,enron_full_219509,text,1,20,0,5,1,1,1
prefuzz,enron_full_219658,text,1,2,0,5,0,0,0
prefuzz,enron_full_220234,text,1,78,3,5,5,15,3
prefuzz,enron_full_220556,text,1,75,2,5,5,10,2
prefuzz,enron_full_221304,text,1,81,3,5,5,15,3
prefuzz,enron_full_223253,text,1,99,5,5,5,25,5
prefuzz,enron_full_223630,text,1,70,2,5,5,10,2
prefuzz,enron_full_223933,text,1,76,3,5,5,15,3
prefuzz,enron_full_224076,text,1,70,2,5,5,10,2
prefuzz,enron_full_224176,text,1,74,3,5,5,15,3
prefuzz,enron_full_224421,text,1,84,4,5,5,20,4
prefuzz,enron_full_226002,text,1,2,0,5,0,0,0
prefuzz,enron_full_226675,text,1,66,2,5,5,10,2
prefuzz,enron_full_227135,text,1,67,2,5,5,10,2
prefuzz,enron_full_227290,text,1,2,0,5,0,0,0
prefuzz,enron_full_227315,text,1,70,1,5,5,5,1
prefuzz,enron_full_227317,text,1,71,2,5,5,10,2
prefuzz,enron_full_227401,text,1,79,3,5,5,15,3
prefuzz,enron_full_227576,text,1,88,4,5,5,20,4
prefuzz,enron_full_228518,text,1,87,4,5,5,20,4
prefuzz,enron_full_228640,text,1,87,4,5,5,20,4
prefuzz,enron_full_229065,text,1,78,3,5,5,15,3
prefuzz,enron_full_229125,text,1,76,3,5,5,15,3
prefuzz,enron_full_230449,text,1,121,7,5,5,35,7
prefuzz,enron_full_230615,text,1,77,4,5,5,20,4
prefuzz,enron_full_231206,text,1,59,2,5,5,10,2
prefuzz,enron_full_232509,text,1,64,2,5,5,10,2
prefuzz,enron_full_232529,text,1,336,33,5,5,165,33
prefuzz,enron_full_232592,text,1,82,5,5,5,25,5
prefuzz,enron_full_232830,text,1,91,5,5,5,25,5
prefuzz,enron_full_232998,text,1,76,4,5,5,20,4
prefuzz,enron_full_233012,text,1,74,5,5,5,25,5
prefuzz,enron_full_233273,text,1,75,4,5,5,20,4
prefuzz,enron_full_233711,text,1,89,5,5,5,25,5
prefuzz,enron_full_233845,text,1,72,3,5,5,15,3
prefuzz,enron_full_234397,text,1,98,7,5,5,35,7
prefuzz,enron_full_235427,text,1,75,3,5,5,15,3
prefuzz,enron_full_237126,text,1,81,4,5,5,20,4
prefuzz,enron_full_238037,text,1,105,7,5,5,35,7
prefuzz,enron_full_238970,text,1,77,4,5,5,20,4
prefuzz,enron_full_239927,text,1,85,5,5,5,25,5
prefuzz,enron_full_240437,text,1,59,2,5,5,10,2
prefuzz,enron_full_240888,text,1,512,8,5,5,116,68
prefuzz,enron_full_241204,text,1,1088,119,5,5,595,119
prefuzz,enron_full_242121,text,1,123,7,5,5,35,7
prefuzz,enron_full_242149,text,1,86,4,5,5,20,4
prefuzz,enron_full_242702,text,1,81,3,5,5,15,3
prefuzz,enron_full_242763,text,1,102,5,5,5,25,5
prefuzz,enron_full_243198,text,1,81,3,5,5,15,3
prefuzz,enron_full_243425,text,1,104,5,5,5,25,5
prefuzz,enron_full_244168,text,1,88,4,5,5,20,4
prefuzz,enron_full_244538,text,1,86,4,5,5,20,4
prefuzz,enron_full_244857,text,1,83,3,5,5,15,3
prefuzz,enron_full_244901,text,1,90,4,5,5,20,4
prefuzz,enron_full_244915,text,1,98,5,5,5,25,5
prefuzz,enron_full_245469,text,1,102,5,5,5,25,5
prefuzz,enron_full_246185,text,1,89,4,5,5,20,4
prefuzz,enron_full_246287,text,1,89,4,5,5,20,4
prefuzz,enron_full_246288,text,1,102,7,5,5,35,7
prefuzz,enron_full_246340,text,1,70,2,5,5,10,2
prefuzz,enron_full_246689,text,1,98,5,5,5,25,5
prefuzz,enron_full_246896,text,1,105,4,5,5,20,4
prefuzz,enron_full_247095,text,1,78,3,5,5,15,3
prefuzz,enron_full_247286,text,1,85,3,5,5,15,3
prefuzz,enron_full_247295,text,1,70,2,5,5,10,2
prefuzz,enron_full_247605,text,1,78,2,5,5,10,2
prefuzz,enron_full_247963,text,1,79,3,5,5,15,3
prefuzz,enron_full_248460,text,1,66,2,5,5,10,2
prefuzz,enron_full_248776,text,1,94,5,5,5,25,5
prefuzz,enron_full_249257,text,1,2,0,5,0,0,0
prefuzz,enron_full_250519,text,1,73,3,5,5,15,3
prefuzz,enron_full_250725,text,1,67,2,5,5,10,2
prefuzz,enron_full_252462,text,1,2,0,5,0,0,0
prefuzz,enron_full_253509,text,1,2,0,5,0,0,0
prefuzz,enron_full_253676,text,1,152,10,5,5,50,10
prefuzz,enron_full_253776,text,1,252,22,5,5,110,22
prefuzz,enron_full_253875,text,1,209,12,5,5,63,15
prefuzz,enron_full_254022,text,1,674,78,5,5,393,81
prefuzz,enron_full_254732,text,1,300,31,5,5,155,31
prefuzz,enron_full_254813,text,1,56,1,5,5,5,1
prefuzz,enron_full_254930,text,1,2,0,5,0,0,0
prefuzz,enron_full_256359,text,1,2,0,5,0,0,0
prefuzz,enron_full_256719,text,1,2,0,5,0,0,0
prefuzz,enron_full_257223,text,1,2,0,5,0,0,0
prefuzz,enron_full_257476,text,1,2,0,5,0,0,0
prefuzz,enron_full_257526,text,1,2,0,5,0,0,0
prefuzz,enron_full_258106,text,1,2,0,5,0,0,0
prefuzz,enron_full_258436,text,1,2,0,5,0,0,0
prefuzz,enron_full_259050,text,1,68,2,5,5,10,2
prefuzz,enron_full_259076,text,1,2,0,5,0,0,0
prefuzz,enron_full_259321,text,1,53,1,5,5,5,1
prefuzz,enron_full_260192,text,1,81,4,5,5,20,4
prefuzz,enron_full_261884,text,1,2,0,5,0,0,0
prefuzz,enron_full_262514,text,1,555,63,5,5,315,63
prefuzz,enron_full_262785,text,1,2,0,5,0,0,0
prefuzz,enron_full_263240,text,1,62,2,5,5,10,2
prefuzz,enron_full_264723,text,1,2,0,5,0,0,0
prefuzz,enron_full_265023,text,1,93,5,5,5,25,5
prefuzz,enron_full_265448,text,1,351,38,5,5,190,38
prefuzz,enron_full_265746,text,1,79,4,5,5,20,4
prefuzz,enron_full_265774,text,1,167,8,5,5,48,16
prefuzz,enron_full_266026,text,1,79,1,5,5,5,1
prefuzz,enron_full_266097,text,1,2,0,5,0,0,0
prefuzz,enron_full_267067,text,1,71,2,5,5,10,2
prefuzz,enron_full_267198,text,1,69,2,5,5,10,2
prefuzz,enron_full_268981,text,1,80,2,5,5,10,2
prefuzz,enron_full_269702,text,1,148,0,5,3,18,18
prefuzz,enron_full_270257,text,1,71,0,5,2,9,9
prefuzz,enron_full_270526,text,1,66,2,5,5,10,2
prefuzz,enron_full_271097,text,1,63,2,5,5,10,2
prefuzz,enron_full_271232,text,1,62,2,5,5,10,2
prefuzz,enron_full_272570,text,1,2,0,5,0,0,0
prefuzz,enron_full_273248,text,1,93,6,5,5,30,6
prefuzz,enron_full_273363,text,1,97,7,5,5,35,7
prefuzz,enron_full_273791,text,1,67,2,5,5,10,2
prefuzz,enron_full_273820,text,1,51,1,5,5,5,1
prefuzz,enron_full_273961,text,1,52,1,5,5,5,1
prefuzz,enron_full_274206,text,1,52,1,5,5,5,1
prefuzz,enron_full_274561,text,1,64,1,5,5,5,1
prefuzz,enron_full_274757,text,1,58,2,5,5,10,2
prefuzz,enron_full_274786,text,1,2,0,5,0,0,0
prefuzz,enron_full_275183,text,1,1,0,5,0,0,0
prefuzz,enron_full_275570,text,1,55,1,5,5,5,1
prefuzz,enron_full_276028,text,1,1,0,5,0,0,0
prefuzz,enron_full_276324,text,1,49,1,5,5,5,1
prefuzz,enron_full_276342,text,1,61,3,5,5,15,3
prefuzz,enron_full_277439,text,1,2,0,5,0,0,0
prefuzz,enron_full_277990,text,1,50,1,5,5,5,1
prefuzz,enron_full_278811,text,1,57,2,5,5,10,2
prefuzz,enron_full_279563,text,1,62,3,5,5,15,3
prefuzz,enron_full_279751,text,1,206,21,5,5,105,21
prefuzz,enron_full_280423,text,1,2,0,5,0,0,0
prefuzz,enron_full_280603,text,1,2,0,5,0,0,0
prefuzz,enron_full_281547,text,1,1,0,5,0,0,0
prefuzz,enron_full_282395,text,1,58,2,5,5,10,2
prefuzz,enron_full_283356,text,1,101,7,5,5,35,7
prefuzz,enron_full_283839,text,1,96,7,5,5,35,7
prefuzz,enron_full_283868,text,1,90,7,5,5,35,7
prefuzz,enron_full_284197,text,1,369,29,5,5,145,29
prefuzz,enron_full_284956,text,1,60,1,5,5,5,1
prefuzz,enron_full_285559,text,1,69,2,5,5,10,2
prefuzz,enron_full_286024,text,1,90,4,5,5,20,4
prefuzz,enron_full_286036,text,1,95,5,5,5,25,5
prefuzz,enron_full_286164,text,1,92,4,5,5,20,4
prefuzz,enron_full_286899,text,1,58,1,5,5,5,1
prefuzz,enron_full_287012,text,1,2,0,5,0,0,0
prefuzz,enron_full_287512,text,1,75,2,5,5,10,2
prefuzz,enron_full_287655,text,1,69,2,5,5,10,2
prefuzz,enron_full_287736,text,1,86,4,5,5,20,4
prefuzz,enron_full_287760,text,1,74,2,5,5,10,2
prefuzz,enron_full_287778,text,1,129,8,5,5,40,8
prefuzz,enron_full_288938,text,1,109,6,5,5,30,6
prefuzz,enron_full_289243,text,1,2,0,5,0,0,0
prefuzz,enron_full_291054,text,1,2,0,5,0,0,0
prefuzz,enron_full_291275,text,1,2,0,5,0,0,0
prefuzz,enron_full_291375,text,1,2,0,5,0,0,0
prefuzz,enron_full_291790,text,1,70,2,5,5,10,2
prefuzz,enron_full_292561,text,1,67,2,5,5,10,2
prefuzz,enron_full_292656,text,1,70,2,5,5,10,2
prefuzz,enron_full_293066,text,1,72,2,5,5,10,2
prefuzz,enron_full_293083,text,1,76,3,5,5,15,3
prefuzz,enron_full_293619,text,1,70,2,5,5,10,2
prefuzz,enron_full_293948,text,1,19,0,5,1,1,1
prefuzz,enron_full_293985,text,1,72,2,5,5,10,2
prefuzz,enron_full_295023,text,1,70,2,5,5,10,2
prefuzz,enron_full_295246,text,1,2,0,5,0,0,0
prefuzz,enron_full_296957,text,1,2,0,5,0,0,0
prefuzz,enron_full_298392,text,1,2,0,5,0,0,0
prefuzz,enron_full_298764,text,1,2,0,5,0,0,0
prefuzz,enron_full_299033,text,1,2,0,5,0,0,0
prefuzz,enron_full_299289,text,1,89,4,5,5,20,4
prefuzz,enron_full_299345,text,1,70,1,5,5,5,1
prefuzz,enron_full_299690,text,1,72,2,5,5,10,2
prefuzz,enron_full_300310,text,1,70,2,5,5,10,2
prefuzz,enron_full_300702,text,1,84,3,5,5,15,3
prefuzz,enron_full_301521,text,1,70,2,5,5,10,2
prefuzz,enron_full_301926,text,1,67,2,5,5,10,2
prefuzz,enron_full_302529,text,1,69,2,5,5,10,2
prefuzz,enron_full_303527,text,1,79,3,5,5,15,3
prefuzz,enron_full_304134,text,1,72,2,5,5,10,2
prefuzz,enron_full_304324,text,1,61,1,5,5,5,1
prefuzz,enron_full_305112,text,1,81,3,5,5,15,3
prefuzz,enron_full_305491,text,1,72,2,5,5,10,2
prefuzz,enron_full_305595,text,1,65,2,5,5,10,2
prefuzz,enron_full_306022,text,1,60,1,5,5,5,1
prefuzz,enron_full_306282,text,1,2562,264,5,5,1320,264
prefuzz,enron_full_306838,text,1,93,3,5,5,15,3
prefuzz,enron_full_306879,text,1,76,2,5,5,10,2
prefuzz,enron_full_307066,text,1,75,2,5,5,10,2
prefuzz,enron_full_307536,text,1,76,2,5,5,10,2
prefuzz,enron_full_307959,text,1,63,1,5,5,5,1
prefuzz,enron_full_308283,text,1,84,2,5,5,10,2
prefuzz,enron_full_308504,text,1,74,2,5,5,10,2
prefuzz,enron_full_308666,text,1,87,3,5,5,15,3
prefuzz,enron_full_310049,text,1,75,2,5,5,10,2
prefuzz,enron_full_310050,text,1,74,2,5,5,10,2
prefuzz,enron_full_310056,text,1,70,2,5,5,10,2
prefuzz,enron_full_310895,text,1,66,1,5,5,5,1
prefuzz,enron_full_310913,text,1,63,1,5,5,5,1
prefuzz,enron_full_311017,text,1,63,1,5,5,5,1
prefuzz,enron_full_313090,text,1,79,3,5,5,15,3
prefuzz,enron_full_314206,text,1,61,1,5,5,5,1
prefuzz,enron_full_314362,text,1,83,3,5,5,15,3
prefuzz,enron_full_315231,text,1,68,2,5,5,10,2
prefuzz,enron_full_315279,text,1,80,3,5,5,15,3
prefuzz,enron_full_315623,text,1,78,3,5,5,15,3
prefuzz,enron_full_316006,text,1,87,2,5,5,13,5
prefuzz,enron_full_317192,text,1,55,1,5,5,5,1
prefuzz,enron_full_317451,text,1,62,1,5,5,5,1
prefuzz,enron_full_318133,text,1,79,3,5,5,15,3
prefuzz,enron_full_318207,text,1,79,3,5,5,15,3
prefuzz,enron_full_318845,text,1,58,1,5,5,5,1
prefuzz,enron_full_318909,text,1,61,1,5,5,5,1
prefuzz,enron_full_319080,text,1,70,2,5,5,10,2
prefuzz,enron_full_319320,text,1,77,3,5,5,15,3
prefuzz,enron_full_319952,text,1,77,3,5,5,15,3
prefuzz,enron_full_320564,text,1,58,1,5,5,5,1
prefuzz,enron_full_320626,text,1,63,1,5,5,5,1
prefuzz,enron_full_321445,text,1,76,2,5,5,10,2
prefuzz,enron_full_321807,text,1,78,3,5,5,15,3
prefuzz,enron_full_321918,text,1,66,2,5,5,10,2
prefuzz,enron_full_322149,text,1,72,3,5,5,15,3
prefuzz,enron_full_322706,text,1,68,2,5,5,10,2
prefuzz,enron_full_322737,text,1,70,2,5,5,10,2
prefuzz,enron_full_322757,text,1,80,3,5,5,15,3
prefuzz,enron_full_324000,text,1,359,30,5,5,150,30
prefuzz,enron_full_324353,text,1,2,0,5,0,0,0
prefuzz,enron_full_325002,text,1,68,2,5,5,10,2
prefuzz,enron_full_325131,text,1,132,3,5,5,20,8
prefuzz,enron_full_325547,text,1,61,1,5,5,5,1
prefuzz,enron_full_326276,text,1,73,2,5,5,10,2
prefuzz,enron_full_326406,text,1,64,1,5,5,5,1
prefuzz,enron_full_326699,text,1,71,2,5,5,10,2
prefuzz,enron_full_326891,text,1,79,3,5,5,15,3
prefuzz,enron_full_327398,text,1,64,2,5,5,10,2
prefuzz,enron_full_327734,text,1,63,1,5,5,5,1
prefuzz,enron_full_330743,text,1,74,2,5,5,10,2
prefuzz,enron_full_330847,text,1,93,2,5,5,14,6
prefuzz,enron_full_331065,text,1,2,0,5,0,0,0
prefuzz,enron_full_331235,text,1,103,5,5,5,25,5
prefuzz,enron_full_331309,text,1,2,0,5,0,0,0
prefuzz,enron_full_332147,text,1,2,0,5,0,0,0
prefuzz,enron_full_332523,text,1,70,2,5,5,10,2
prefuzz,enron_full_333276,text,1,64,1,5,5,5,1
prefuzz,enron_full_333308,text,1,72,2,5,5,10,2
prefuzz,enron_full_333309,text,1,72,2,5,5,10,2
prefuzz,enron_full_334798,text,1,2,0,5,0,0,0
prefuzz,enron_full_335428,text,1,77,3,5,5,15,3
prefuzz,enron_full_335498,text,1,70,2,5,5,10,2
prefuzz,enron_full_335546,text,1,66,2,5,5,10,2
prefuzz,enron_full_335575,text,1,67,2,5,5,10,2
prefuzz,enron_full_335623,text,1,55,1,5,5,5,1
prefuzz,enron_full_335857,text,1,122,7,5,5,35,7
prefuzz,enron_full_335946,text,1,118,7,5,5,35,7
prefuzz,enron_full_336542,text,1,106,6,5,5,30,6
prefuzz,enron_full_337267,text,1,97,5,5,5,25,5
prefuzz,enron_full_337292,text,1,209,15,5,5,75,15
prefuzz,enron_full_337470,text,1,71,2,5,5,10,2
prefuzz,enron_full_339638,text,1,2,0,5,0,0,0
prefuzz,enron_full_340418,text,1,77,3,5,5,15,3
prefuzz,enron_full_340472,text,1,958,94,5,5,470,94
prefuzz,enron_full_340761,text,1,66,1,5,5,5,1
prefuzz,enron_full_341249,text,1,75,2,5,5,10,2
prefuzz,enron_full_341362,text,1,108,6,5,5,30,6
prefuzz,enron_full_342301,text,1,67,1,5,5,5,1
prefuzz,enron_full_342735,text,1,78,3,5,5,15,3
prefuzz,enron_full_344191,text,1,62,1,5,5,5,1
prefuzz,enron_full_344335,text,1,60,1,5,5,5,1
prefuzz,enron_full_344645,text,1,2,0,5,0,0,0
prefuzz,enron_full_345595,text,1,67,1,5,5,5,1
prefuzz,enron_full_345814,text,1,65,1,5,5,5,1
prefuzz,enron_full_348142,text,1,60,1,5,5,5,1
prefuzz,enron_full_348438,text,1,2,0,5,0,0,0
prefuzz,enron_full_349353,text,1,2,0,5,0,0,0
prefuzz,enron_full_349483,text,1,2,0,5,0,0,0
prefuzz,enron_full_352068,text,1,2,0,5,0,0,0
prefuzz,enron_full_352183,text,1,62,1,5,5,5,1
prefuzz,enron_full_352410,text,1,120,6,5,5,30,6
prefuzz,enron_full_352552,text,1,2,0,5,0,0,0
prefuzz,enron_full_353158,text,1,69,1,5,5,7,2
prefuzz,enron_full_353883,text,1,2,0,5,0,0,0
prefuzz,enron_full_354290,text,1,20,0,5,1,1,1
prefuzz,enron_full_355229,text,1,2,0,5,0,0,0
prefuzz,enron_full_355694,text,1,60,1,5,5,5,1
prefuzz,enron_full_355895,text,1,2,0,5,0,0,0
prefuzz,enron_full_356569,text,1,2,0,5,0,0,0
prefuzz,enron_full_356908,text,1,60,1,5,5,5,1
prefuzz,enron_full_356976,text,1,22,0,5,1,1,1
prefuzz,enron_full_358597,text,1,2,0,5,0,0,0
prefuzz,enron_full_358915,text,1,2,0,5,0,0,0
prefuzz,enron_full_360085,text,1,64,1,5,5,5,1
prefuzz,enron_full_360983,text,1,58,1,5,5,5,1
prefuzz,enron_full_362389,text,1,62,1,5,5,5,1
prefuzz,enron_full_363120,text,1,133,8,5,5,40,8
prefuzz,enron_full_363607,text,1,2,0,5,0,0,0
prefuzz,enron_full_363846,text,1,2,0,5,0,0,0
prefuzz,enron_full_363876,text,1,102,5,5,5,25,5
prefuzz,enron_full_364025,text,1,2,0,5,0,0,0
prefuzz,enron_full_364586,text,1,428,39,5,5,195,39
prefuzz,enron_full_365105,text,1,2,0,5,0,0,0
prefuzz,enron_full_365478,text,1,2,0,5,0,0,0
prefuzz,enron_full_365497,text,1,75,2,5,5,10,2
prefuzz,enron_full_365509,text,1,74,3,5,5,15,3
prefuzz,enron_full_365947,text,1,2,0,5,0,0,0
prefuzz,enron_full_366510,text,1,64,1,5,5,5,1
prefuzz,enron_full_366895,text,1,59,1,5,5,5,1
prefuzz,enron_full_367052,text,1,2,0,5,0,0,0
prefuzz,enron_full_367129,text,1,2,0,5,0,0,0
prefuzz,enron_full_367319,text,1,2,0,5,0,0,0
prefuzz,enron_full_367765,text,1,60,1,5,5,5,1
prefuzz,enron_full_367912,text,1,2,0,5,0,0,0
prefuzz,enron_full_368156,text,1,2,0,5,0,0,0
prefuzz,enron_full_368318,text,1,2,0,5,0,0,0
prefuzz,enron_full_369168,text,1,62,1,5,5,5,1
prefuzz,enron_full_369419,text,1,111,6,5,5,30,6
prefuzz,enron_full_370439,text,1,429,39,5,5,195,39
prefuzz,enron_full_371121,text,1,2,0,5,0,0,0
prefuzz,enron_full_373728,text,1,64,1,5,5,5,1
prefuzz,enron_full_373978,text,1,73,2,5,5,10,2
prefuzz,enron_full_374719,text,1,62,1,5,5,5,1
prefuzz,enron_full_374736,text,1,79,3,5,5,15,3
prefuzz,enron_full_375606,text,1,131,8,5,5,40,8
prefuzz,enron_full_376013,text,1,83,3,5,5,15,3
prefuzz,enron_full_376710,text,1,70,2,5,5,10,2
prefuzz,enron_full_377221,text,1,65,1,5,5,5,1
prefuzz,enron_full_377377,text,1,58,1,5,5,5,1
prefuzz,enron_full_378712,text,1,70,2,5,5,10,2
prefuzz,enron_full_378826,text,1,86,2,5,5,10,2
prefuzz,enron_full_379382,text,1,89,4,5,5,20,4
prefuzz,enron_full_379515,text,1,73,3,5,5,15,3
prefuzz,enron_full_380183,text,1,459,43,5,5,215,43
prefuzz,enron_full_380419,text,1,71,2,5,5,10,2
prefuzz,enron_full_380667,text,1,72,2,5,5,10,2
prefuzz,enron_full_381275,text,1,134,9,5,5,45,9
prefuzz,enron_full_381430,text,1,70,1,5,5,5,1
prefuzz,enron_full_381540,text,1,77,3,5,5,15,3
prefuzz,enron_full_381912,text,1,63,1,5,5,5,1
prefuzz,enron_full_382401,text,1,2,0,5,0,0,0
prefuzz,enron_full_382476,text,1,68,2,5,5,10,2
prefuzz,enron_full_382877,text,1,101,5,5,5,25,5
prefuzz,enron_full_384162,text,1,13,0,5,1,0,0
prefuzz,enron_full_384461,text,1,63,1,5,5,5,1
prefuzz,enron_full_384653,text,1,62,1,5,5,5,1
prefuzz,enron_full_384988,text,1,62,1,5,5,5,1
prefuzz,enron_full_385098,text,1,62,1,5,5,5,1
prefuzz,enron_full_385839,text,1,62,1,5,5,5,1
prefuzz,enron_full_386188,text,1,2,0,5,0,0,0
prefuzz,enron_full_386616,text,1,2,0,5,0,0,0
prefuzz,enron_full_386731,text,1,2,0,5,0,0,0
prefuzz,enron_full_387578,text,1,66,1,5,5,5,1
prefuzz,enron_full_387701,text,1,2,0,5,0,0,0
prefuzz,enron_full_387952,text,1,2,0,5,0,0,0
prefuzz,enron_full_388565,text,1,70,2,5,5,10,2
prefuzz,enron_full_388921,text,1,58,1,5,5,5,1
prefuzz,enron_full_390158,text,1,209,2,5,5,27,20
prefuzz,enron_full_391047,text,1,70,2,5,5,10,2
prefuzz,enron_full_391217,text,1,2,0,5,0,0,0
prefuzz,enron_full_391486,text,1,2,0,5,0,0,0
prefuzz,enron_full_391746,text,1,2,0,5,0,0,0
prefuzz,enron_full_392955,text,1,59,1,5,5,5,1
prefuzz,enron_full_393136,text,1,2,0,5,0,0,0
prefuzz,enron_full_393487,text,1,60,1,5,5,5,1
prefuzz,enron_full_394271,text,1,59,1,5,5,5,1
prefuzz,enron_full_394331,text,1,61,1,5,5,5,1
prefuzz,enron_full_394348,text,1,59,1,5,5,5,1
prefuzz,enron_full_394407,text,1,2,0,5,0,0,0
prefuzz,enron_full_395301,text,1,66,1,5,5,5,1
prefuzz,enron_full_395725,text,1,2,0,5,0,0,0
prefuzz,enron_full_396292,text,1,81,1,5,5,9,3
prefuzz,enron_full_396812,text,1,61,1,5,5,5,1
prefuzz,enron_full_397391,text,1,63,1,5,5,5,1
prefuzz,enron_full_397879,text,1,70,2,5,5,10,2
prefuzz,enron_full_398718,text,1,54,1,5,5,5,1
prefuzz,enron_full_399591,text,1,2,0,5,0,0,0
prefuzz,enron_full_399779,text,1,2,0,5,0,0,0
prefuzz,enron_full_399917,text,1,2,0,5,0,0,0
prefuzz,enron_full_400523,text,1,71,1,5,5,5,1
prefuzz,enron_full_401763,text,1,2,0,5,0,0,0
prefuzz,enron_full_401798,text,1,2,0,5,0,0,0
prefuzz,enron_full_402233,text,1,64,1,5,5,5,1
prefuzz,enron_full_402310,text,1,72,2,5,5,10,2
prefuzz,enron_full_403001,text,1,63,1,5,5,5,1
prefuzz,enron_full_403036,text,1,62,1,5,5,5,1
prefuzz,enron_full_403180,text,1,63,1,5,5,5,1
prefuzz,enron_full_404066,text,1,71,2,5,5,10,2
prefuzz,enron_full_405218,text,1,71,2,5,5,10,2
prefuzz,enron_full_405288,text,1,67,2,5,5,10,2
prefuzz,enron_full_405421,text,1,75,3,5,5,15,3
prefuzz,enron_full_406531,text,1,77,3,5,5,15,3
prefuzz,enron_full_407210,text,1,66,1,5,5,5,1
prefuzz,enron_full_407416,text,1,72,3,5,5,15,3
prefuzz,enron_full_407459,text,1,88,4,5,5,20,4
prefuzz,enron_full_407590,text,1,81,2,5,5,10,2
prefuzz,enron_full_407747,text,1,63,1,5,5,5,1
prefuzz,enron_full_408988,text,1,290,24,5,5,120,24
prefuzz,enron_full_409260,text,1,80,3,5,5,15,3
prefuzz,enron_full_409276,text,1,69,2,5,5,10,2
prefuzz,enron_full_409720,text,1,63,1,5,5,5,1
prefuzz,enron_full_409761,text,1,62,1,5,5,5,1
prefuzz,enron_full_410980,text,1,2,0,5,0,0,0
prefuzz,enron_full_411073,text,1,2,0,5,0,0,0
prefuzz,enron_full_411853,text,1,64,1,5,5,5,1
prefuzz,enron_full_412435,text,1,61,1,5,5,5,1
prefuzz,enron_full_412836,text,1,64,1,5,5,5,1
prefuzz,enron_full_414414,text,1,60,1,5,5,5,1
prefuzz,enron_full_414620,text,1,95,3,5,5,15,3
prefuzz,enron_full_414624,text,1,2,0,5,0,0,0
prefuzz,enron_full_415032,text,1,60,1,5,5,5,1
prefuzz,enron_full_415416,text,1,62,1,5,5,5,1
prefuzz,enron_full_415425,text,1,65,1,5,5,5,1
prefuzz,enron_full_415589,text,1,62,1,5,5,5,1
prefuzz,enron_full_416173,text,1,2,0,5,0,0,0
prefuzz,enron_full_416275,text,1,2,0,5,0,0,0
prefuzz,enron_full_417397,text,1,64,1,5,5,5,1
prefuzz,enron_full_418145,text,1,60,1,5,5,5,1
prefuzz,enron_full_418173,text,1,63,1,5,5,5,1
prefuzz,enron_full_418938,text,1,61,1,5,5,5,1
prefuzz,enron_full_419715,text,1,77,2,5,5,10,2
prefuzz,enron_full_419787,text,1,59,1,5,5,5,1
prefuzz,enron_full_419936,text,1,61,1,5,5,5,1
prefuzz,enron_full_419992,text,1,63,1,5,5,5,1
prefuzz,enron_full_420340,text,1,487,45,5,5,225,45
prefuzz,enron_full_420635,text,1,58,1,5,5,5,1
prefuzz,enron_full_421070,text,1,2,0,5,0,0,0
prefuzz,enron_full_421581,text,1,2,0,5,0,0,0
prefuzz,enron_full_421659,text,1,2,0,5,0,0,0
prefuzz,enron_full_422214,text,1,2,0,5,0,0,0
prefuzz,enron_full_422408,text,1,66,2,5,5,10,2
prefuzz,enron_full_423045,text,1,57,1,5,5,5,1
prefuzz,enron_full_423694,text,1,60,1,5,5,5,1
prefuzz,enron_full_423789,text,1,59,1,5,5,5,1
prefuzz,enron_full_424183,text,1,6834,367,5,5,1776,638
prefuzz,enron_full_424691,text,1,82,1,5,5,5,1
prefuzz,enron_full_425035,text,1,66,1,5,5,5,1
prefuzz,enron_full_425166,text,1,66,1,5,5,5,1
prefuzz,enron_full_425789,text,1,64,1,5,5,5,1
prefuzz,enron_full_426054,text,1,68,1,5,5,5,1
prefuzz,enron_full_426288,text,1,62,1,5,5,5,1
prefuzz,enron_full_427733,text,1,65,1,5,5,5,1
prefuzz,enron_full_428515,text,1,73,1,5,5,5,1
prefuzz,enron_full_428895,text,1,61,1,5,5,5,1
prefuzz,enron_full_429441,text,1,2,0,5,0,0,0
prefuzz,enron_full_429986,text,1,2,0,5,0,0,0
prefuzz,enron_full_430065,text,1,2,0,5,0,0,0
prefuzz,enron_full_430260,text,1,20,0,5,1,1,1
prefuzz,enron_full_430592,text,1,2,0,5,0,0,0
prefuzz,enron_full_431423,text,1,2,0,5,0,0,0
prefuzz,enron_full_432116,text,1,62,1,5,5,5,1
prefuzz,enron_full_432508,text,1,73,2,5,5,10,2
prefuzz,enron_full_433686,text,1,64,1,5,5,5,1
prefuzz,enron_full_433711,text,1,61,1,5,5,5,1
prefuzz,enron_full_433823,text,1,63,1,5,5,5,1
prefuzz,enron_full_434515,text,1,72,2,5,5,10,2
prefuzz,enron_full_434661,text,1,69,2,5,5,10,2
prefuzz,enron_full_435743,text,1,70,2,5,5,10,2
prefuzz,enron_full_436019,text,1,2,0,5,0,0,0
prefuzz,enron_full_436309,text,1,2,0,5,0,0,0
prefuzz,enron_full_436431,text,1,2,0,5,0,0,0
prefuzz,enron_full_436454,text,1,2,0,5,0,0,0
prefuzz,enron_full_437873,text,1,75,2,5,5,10,2
prefuzz,enron_full_439573,text,1,2,0,5,0,0,0
prefuzz,enron_full_440276,text,1,2,0,5,0,0,0
prefuzz,enron_full_440707,text,1,392,2,5,5,47,39
prefuzz,enron_full_441744,text,1,80,3,5,5,15,3
prefuzz,enron_full_442093,text,1,69,2,5,5,10,2
prefuzz,enron_full_442322,text,1,2,0,5,0,0,0
prefuzz,enron_full_442524,text,1,70,2,5,5,10,2
prefuzz,enron_full_442558,text,1,68,2,5,5,10,2
prefuzz,enron_full_442662,text,1,63,2,5,5,10,2
prefuzz,enron_full_442954,text,1,58,1,5,5,5,1
prefuzz,enron_full_443309,text,1,130,8,5,5,40,8
prefuzz,enron_full_443772,text,1,59,1,5,5,5,1
prefuzz,enron_full_444240,text,1,79,3,5,5,15,3
prefuzz,enron_full_445163,text,1,2,0,5,0,0,0
prefuzz,enron_full_445774,text,1,462,42,5,5,210,42
prefuzz,enron_full_445830,text,1,2,0,5,0,0,0
prefuzz,enron_full_446457,text,1,26,0,5,1,2,2
prefuzz,enron_full_447336,text,1,60,1,5,5,5,1
prefuzz,enron_full_447596,text,1,2,0,5,0,0,0
prefuzz,enron_full_448246,text,1,71,2,5,5,10,2
prefuzz,enron_full_448315,text,1,62,1,5,5,5,1
prefuzz,enron_full_448897,text,1,74,2,5,5,10,2
prefuzz,enron_full_449771,text,1,2,0,5,0,0,0
prefuzz,enron_full_450293,text,1,76,2,5,5,10,2
prefuzz,enron_full_450584,text,1,2,0,5,0,0,0
prefuzz,enron_full_451624,text,1,71,2,5,5,10,2
prefuzz,enron_full_451708,text,1,61,1,5,5,5,1
prefuzz,enron_full_451980,text,1,2,0,5,0,0,0
prefuzz,enron_full_452075,text,1,62,1,5,5,5,1
prefuzz,enron_full_452624,text,1,60,1,5,5,5,1
prefuzz,enron_full_452665,text,1,71,1,5,5,5,1
prefuzz,enron_full_453158,text,1,62,1,5,5,5,1
prefuzz,enron_full_453577,text,1,57,1,5,5,5,1
prefuzz,enron_full_455974,text,1,49,2,5,3,6,2
prefuzz,enron_full_456283,text,1,2,0,5,0,0,0
prefuzz,enron_full_458074,text,1,2,0,5,0,0,0
prefuzz,enron_full_458660,text,1,2,0,5,0,0,0
prefuzz,enron_full_459917,text,1,2,0,5,0,0,0
prefuzz,enron_full_459959,text,1,2,0,5,0,0,0
prefuzz,enron_full_460573,text,1,242,20,5,5,100,20
prefuzz,enron_full_461053,text,1,70,2,5,5,10,2
prefuzz,enron_full_461203,text,1,2,0,5,0,0,0
prefuzz,enron_full_461474,text,1,2,0,5,0,0,0
prefuzz,enron_full_461621,text,1,81,3,5,5,15,3
prefuzz,enron_full_461648,text,1,79,3,5,5,15,3
prefuzz,enron_full_461948,text,1,84,3,5,5,15,3
prefuzz,enron_full_462616,text,1,70,2,5,5,10,2
prefuzz,enron_full_463151,text,1,81,3,5,5,15,3
prefuzz,enron_full_463936,text,1,77,2,5,5,10,2
prefuzz,enron_full_463955,text,1,72,2,5,5,10,2
prefuzz,enron_full_463976,text,1,70,3,5,5,15,3
prefuzz,enron_full_465574,text,1,71,2,5,5,10,2
prefuzz,enron_full_466018,text,1,71,2,5,5,10,2
prefuzz,enron_full_466387,text,1,583,56,5,5,280,56
prefuzz,enron_full_466533,text,1,63,1,5,5,5,1
prefuzz,enron_full_466708,text,1,64,1,5,5,5,1
prefuzz,enron_full_467278,text,1,70,2,5,5,10,2
prefuzz,enron_full_467576,text,1,91,4,5,5,20,4
prefuzz,enron_full_467913,text,1,81,3,5,5,15,3
prefuzz,enron_full_468001,text,1,62,1,5,5,5,1
prefuzz,enron_full_468241,text,1,71,2,5,5,10,2
prefuzz,enron_full_468948,text,1,71,2,5,5,10,2
prefuzz,enron_full_469104,text,1,139,9,5,5,45,9
prefuzz,enron_full_469441,text,1,82,3,5,5,15,3
prefuzz,enron_full_470510,text,1,58,1,5,5,5,1
prefuzz,enron_full_471172,text,1,70,2,5,5,10,2
prefuzz,enron_full_472398,text,1,77,3,5,5,15,3
prefuzz,enron_full_473353,text,1,62,1,5,5,5,1
prefuzz,enron_full_473987,text,1,2,0,5,0,0,0
prefuzz,enron_full_474902,text,1,69,1,5,5,5,1
prefuzz,enron_full_476646,text,1,62,1,5,5,5,1
prefuzz,enron_full_476866,text,1,119,7,5,5,35,7
prefuzz,enron_full_476952,text,1,62,1,5,5,5,1
prefuzz,enron_full_478933,text,1,2,0,5,0,0,0
prefuzz,enron_full_479947,text,1,2,0,5,0,0,0
prefuzz,enron_full_480468,text,1,2,0,5,0,0,0
prefuzz,enron_full_480848,text,1,71,2,5,5,10,2
prefuzz,enron_full_481384,text,1,56,1,5,5,5,1
prefuzz,enron_full_481691,text,1,59,1,5,5,5,1
prefuzz,enron_full_481940,text,1,61,1,5,5,5,1
prefuzz,enron_full_482039,text,1,64,1,5,5,5,1
prefuzz,enron_full_482398,text,1,2,0,5,0,0,0
prefuzz,enron_full_482679,text,1,2,0,5,0,0,0
prefuzz,enron_full_482700,text,1,65,1,5,5,5,1
prefuzz,enron_full_482778,text,1,91,4,5,5,20,4
prefuzz,enron_full_482919,text,1,70,2,5,5,10,2
prefuzz,enron_full_483941,text,1,60,1,5,5,5,1
prefuzz,enron_full_484013,text,1,75,2,5,5,10,2
prefuzz,enron_full_485161,text,1,62,1,5,5,5,1
prefuzz,enron_full_485319,text,1,57,1,5,5,5,1
prefuzz,enron_full_485507,text,1,2,0,5,0,0,0
prefuzz,enron_full_485652,text,1,2,0,5,0,0,0
prefuzz,enron_full_485802,text,1,2,0,5,0,0,0
prefuzz,enron_full_486590,text,1,58,1,5,5,5,1
prefuzz,enron_full_486718,text,1,59,1,5,5,5,1
prefuzz,enron_full_487009,text,1,2,0,5,0,0,0
prefuzz,enron_full_487095,text,1,2,0,5,0,0,0
prefuzz,enron_full_487221,text,1,84,3,5,5,15,3
prefuzz,enron_full_488455,text,1,2,0,5,0,0,0
prefuzz,enron_full_488704,text,1,1818,169,5,5,653,211
prefuzz,enron_full_489126,text,1,2,0,5,0,0,0
prefuzz,enron_full_490171,text,1,2,0,5,0,0,0
prefuzz,enron_full_490913,text,1,86,3,5,5,15,3
prefuzz,enron_full_491597,text,1,62,1,5,5,5,1
prefuzz,enron_full_491993,text,1,2,0,5,0,0,0
prefuzz,enron_full_492310,text,1,20,0,5,1,1,1
prefuzz,enron_full_492624,text,1,114,6,5,5,30,6
prefuzz,enron_full_492762,text,1,2,0,5,0,0,0
prefuzz,enron_full_493081,text,1,2,0,5,0,0,0
prefuzz,enron_full_493173,text,1,2,0,5,0,0,0
prefuzz,enron_full_494836,text,1,40,0,5,1,3,3
prefuzz,enron_full_495207,text,1,2,0,5,0,0,0
prefuzz,enron_full_496303,text,1,2,0,5,0,0,0
prefuzz,enron_full_497180,text,1,71,2,5,5,10,2
prefuzz,enron_full_498346,text,1,2,0,5,0,0,0
prefuzz,enron_full_498425,text,1,77,2,5,5,10,2
prefuzz,enron_full_498832,text,1,64,1,5,5,5,1
prefuzz,enron_full_499190,text,1,126,8,5,5,40,8
prefuzz,enron_full_499335,text,1,111,5,5,5,25,5
prefuzz,enron_full_500125,text,1,99,5,5,5,25,5
prefuzz,enron_full_500480,text,1,68,2,5,5,10,2
prefuzz,enron_full_500856,text,1,213,17,5,5,85,17
prefuzz,enron_full_501389,text,1,71,2,5,5,10,2
prefuzz,enron_full_501995,text,1,61,1,5,5,5,1
prefuzz,enron_full_503996,text,1,2,0,5,0,0,0
prefuzz,enron_full_504214,text,1,2,0,5,0,0,0
prefuzz,enron_full_504672,text,1,89,4,5,5,20,4
prefuzz,enron_full_506077,text,1,2,0,5,0,0,0
prefuzz,enron_full_506313,text,1,2,0,5,0,0,0
prefuzz,enron_full_506691,text,1,2,0,5,0,0,0
prefuzz,enron_full_506951,text,1,2,0,5,0,0,0
prefuzz,enron_full_508297,text,1,62,1,5,5,5,1
prefuzz,enron_full_508633,text,1,73,2,5,5,10,2
prefuzz,enron_full_509309,text,1,58,1,5,5,5,1
prefuzz,enron_full_509898,text,1,53,1,5,5,5,1
prefuzz,enron_full_511005,text,1,52,1,5,5,5,1
prefuzz,enron_full_513543,text,1,2,0,5,0,0,0
prefuzz,enron_full_513857,text,1,59,1,5,5,5,1
prefuzz,enron_full_514823,text,1,2,0,5,0,0,0
prefuzz,enron_full_514984,text,1,51,1,5,5,5,1
prefuzz,enron_full_515092,text,1,2,0,5,0,0,0
prefuzz,enron_full_515627,text,1,1,0,5,0,0,0
prefuzz,enron_full_515714,text,1,2,0,5,0,0,0
prefuzz,enron_full_516032,text,1,60,2,5,5,10,2
prefuzz,enron_full_516843,text,1,2,0,5,0,0,0
prefuzz,enron_full_516871,text,1,2,0,5,0,0,0
prefuzz,enron_full_000202,text,2,65,2,5,5,10,2
prefuzz,enron_full_000664,text,2,62,2,5,5,10,2
prefuzz,enron_full_001289,text,2,2,0,5,0,0,0
prefuzz,enron_full_001379,text,2,2,0,5,0,0,0
prefuzz,enron_full_001488,text,2,1,0,5,0,0,0
prefuzz,enron_full_001525,text,2,55,1,5,5,5,1
prefuzz,enron_full_002220,text,2,83,2,5,5,10,2
prefuzz,enron_full_004616,text,2,79,3,5,5,15,3
prefuzz,enron_full_005913,text,2,82,3,5,5,15,3
prefuzz,enron_full_006211,text,2,60,1,5,5,5,1
prefuzz,enron_full_006276,text,2,70,2,5,5,10,2
prefuzz,enron_full_006379,text,2,2,0,5,0,0,0
prefuzz,enron_full_006771,text,2,63,2,5,5,10,2
prefuzz,enron_full_007411,text,2,2,0,5,0,0,0
prefuzz,enron_full_008064,text,2,59,1,5,5,5,1
prefuzz,enron_full_008136,text,2,2,0,5,0,0,0
prefuzz,enron_full_008648,text,2,60,1,5,5,5,1
prefuzz,enron_full_008924,text,2,68,2,5,5,10,2
prefuzz,enron_full_009142,text,2,296,24,5,5,120,24
prefuzz,enron_full_009200,text,2,62,1,5,5,5,1
prefuzz,enron_full_009568,text,2,2,0,5,0,0,0
prefuzz,enron_full_009735,text,2,2,0,5,0,0,0
prefuzz,enron_full_011924,text,2,339,30,5,5,150,30
prefuzz,enron_full_012156,text,2,82,3,5,5,15,3
prefuzz,enron_full_012651,text,2,59,1,5,5,5,1
prefuzz,enron_full_013576,text,2,61,1,5,5,5,1
prefuzz,enron_full_013941,text,2,73,2,5,5,10,2
prefuzz,enron_full_014539,text,2,89,3,5,5,15,3
prefuzz,enron_full_014678,text,2,146,10,5,5,50,10
prefuzz,enron_full_015568,text,2,71,2,5,5,10,2
prefuzz,enron_full_015698,text,2,60,1,5,5,5,1
prefuzz,enron_full_016017,text,2,268,24,5,5,120,24
prefuzz,enron_full_017189,text,2,70,2,5,5,10,2
prefuzz,enron_full_018163,text,2,2,0,5,0,0,0
prefuzz,enron_full_018755,text,2,63,1,5,5,5,1
prefuzz,enron_full_019153,text,2,63,1,5,5,5,1
prefuzz,enron_full_019201,text,2,78,2,5,5,10,2
prefuzz,enron_full_019604,text,2,2,0,5,0,0,0
prefuzz,enron_full_019949,text,2,71,2,5,5,10,2
prefuzz,enron_full_020401,text,2,2,0,5,0,0,0
prefuzz,enron_full_020951,text,2,66,1,5,5,5,1
prefuzz,enron_full_021195,text,2,92,4,5,5,20,4
prefuzz,enron_full_021224,text,2,5167,367,5,5,1776,638
prefuzz,enron_full_021900,text,2,72,1,5,5,5,1
prefuzz,enron_full_022531,text,2,88,3,5,5,15,3
prefuzz,enron_full_022683,text,2,73,2,5,5,10,2
prefuzz,enron_full_022865,text,2,76,2,5,5,10,2
prefuzz,enron_full_022972,text,2,64,1,5,5,5,1
prefuzz,enron_full_024952,text,2,2,0,5,0,0,0
prefuzz,enron_full_025050,text,2,80,2,5,5,10,2
prefuzz,enron_full_026603,text,2,64,2,5,5,10,2
prefuzz,enron_full_026721,text,2,65,2,5,5,10,2
prefuzz,enron_full_027643,text,2,115,4,5,5,20,4
prefuzz,enron_full_027693,text,2,74,2,5,5,10,2
prefuzz,enron_full_027925,text,2,62,1,5,5,5,1
prefuzz,enron_full_028250,text,2,62,1,5,5,5,1
prefuzz,enron_full_028591,text,2,72,2,5,5,10,2
prefuzz,enron_full_028607,text,2,2,0,5,0,0,0
prefuzz,enron_full_029506,text,2,2,0,5,0,0,0
prefuzz,enron_full_030144,text,2,70,2,5,5,10,2
prefuzz,enron_full_031433,text,2,72,2,5,5,10,2
prefuzz,enron_full_031542,text,2,71,2,5,5,10,2
prefuzz,enron_full_031612,text,2,69,2,5,5,10,2
prefuzz,enron_full_031680,text,2,58,1,5,5,5,1
prefuzz,enron_full_032079,text,2,2,0,5,0,0,0
prefuzz,enron_full_032704,text,2,334,29,5,5,145,29
prefuzz,enron_full_033187,text,2,8,0,5,0,0,0
prefuzz,enron_full_033628,text,2,70,1,5,5,7,2
prefuzz,enron_full_034178,text,2,2,0,5,0,0,0
prefuzz,enron_full_034530,text,2,2,0,5,0,0,0
prefuzz,enron_full_035481,text,2,2,0,5,0,0,0
prefuzz,enron_full_035578,text,2,2,0,5,0,0,0
prefuzz,enron_full_035695,text,2,2,0,5,0,0,0
prefuzz,enron_full_035726,text,2,2,0,5,0,0,0
prefuzz,enron_full_035827,text,2,2,0,5,0,0,0
prefuzz,enron_full_035969,text,2,2,0,5,0,0,0
prefuzz,enron_full_035998,text,2,2,0,5,0,0,0
prefuzz,enron_full_038008,text,2,2,0,5,0,0,0
prefuzz,enron_full_040212,text,2,2,0,5,0,0,0
prefuzz,enron_full_040615,text,2,68,2,5,5,10,2
prefuzz,enron_full_041235,text,2,70,2,5,5,10,2
prefuzz,enron_full_042132,text,2,61,1,5,5,5,1
prefuzz,enron_full_045885,text,2,70,2,5,5,10,2
prefuzz,enron_full_046009,text,2,65,2,5,5,10,2
prefuzz,enron_full_046306,text,2,68,2,5,5,10,2
prefuzz,enron_full_046840,text,2,74,2,5,5,10,2
prefuzz,enron_full_047084,text,2,2,0,5,0,0,0
prefuzz,enron_full_047376,text,2,77,3,5,5,15,3
prefuzz,enron_full_047738,text,2,64,2,5,5,10,2
prefuzz,enron_full_047772,text,2,2,0,5,0,0,0
prefuzz,enron_full_048185,text,2,2,0,5,0,0,0
prefuzz,enron_full_048713,text,2,2,0,5,0,0,0
prefuzz,enron_full_049016,text,2,2,0,5,0,0,0
prefuzz,enron_full_049875,text,2,2,0,5,0,0,0
prefuzz,enron_full_050163,text,2,61,1,5,5,5,1
prefuzz,enron_full_050258,text,2,61,1,5,5,5,1
prefuzz,enron_full_050705,text,2,2,0,5,0,0,0
prefuzz,enron_full_050719,text,2,2,0,5,0,0,0
prefuzz,enron_full_051118,text,2,2,0,5,0,0,0
prefuzz,enron_full_051633,text,2,2,0,5,0,0,0
prefuzz,enron_full_052109,text,2,114,6,5,5,26,6
prefuzz,enron_full_052243,text,2,152,10,5,5,50,10
prefuzz,enron_full_052699,text,2,2,0,5,0,0,0
prefuzz,enron_full_052941,text,2,2,0,5,0,0,0
prefuzz,enron_full_053517,text,2,2,0,5,0,0,0
prefuzz,enron_full_053522,text,2,2,0,5,0,0,0
prefuzz,enron_full_054174,text,2,2,0,5,0,0,0
prefuzz,enron_full_055270,text,2,2,0,5,0,0,0
prefuzz,enron_full_055462,text,2,61,1,5,5,5,1
prefuzz,enron_full_056138,text,2,119,1,5,5,13,9
prefuzz,enron_full_056670,text,2,57,1,5,5,5,1
prefuzz,enron_full_056953,text,2,2,0,5,0,0,0
prefuzz,enron_full_057268,text,2,62,1,5,5,5,1
prefuzz,enron_full_057321,text,2,2,0,5,0,0,0
prefuzz,enron_full_057826,text,2,2,0,5,0,0,0
prefuzz,enron_full_058046,text,2,64,1,5,5,5,1
prefuzz,enron_full_058254,text,2,57,1,5,5,5,1
prefuzz,enron_full_058415,text,2,2,0,5,0,0,0
prefuzz,enron_full_059797,text,2,586,56,5,5,280,56
prefuzz,enron_full_060370,text,2,94,4,5,5,20,4
prefuzz,enron_full_060846,text,2,61,1,5,5,5,1
prefuzz,enron_full_062151,text,2,72,2,5,5,10,2
prefuzz,enron_full_062439,text,2,59,1,5,5,5,1
prefuzz,enron_full_063833,text,2,65,1,5,5,5,1
prefuzz,enron_full_063839,text,2,61,1,5,5,5,1
prefuzz,enron_full_064172,text,2,65,1,5,5,5,1
prefuzz,enron_full_064231,text,2,59,1,5,5,5,1
prefuzz,enron_full_064607,text,2,63,1,5,5,5,1
prefuzz,enron_full_065332,text,2,61,1,5,5,5,1
prefuzz,enron_full_065814,text,2,59,1,5,5,5,1
prefuzz,enron_full_066742,text,2,2,0,5,0,0,0
prefuzz,enron_full_067365,text,2,101,4,5,5,20,4
prefuzz,enron_full_067727,text,2,65,1,5,5,5,1
prefuzz,enron_full_067752,text,2,58,1,5,5,5,1
prefuzz,enron_full_068258,text,2,2,0,5,0,0,0
prefuzz,enron_full_068541,text,2,59,2,5,4,8,2
prefuzz,enron_full_068714,text,2,71,2,5,5,10,2
prefuzz,enron_full_068948,text,2,2,0,5,0,0,0
prefuzz,enron_full_069168,text,2,61,1,5,5,5,1
prefuzz,enron_full_069488,text,2,20,0,5,1,1,1
prefuzz,enron_full_070382,text,2,2,0,5,0,0,0
prefuzz,enron_full_071706,text,2,63,1,5,5,5,1
prefuzz,enron_full_071944,text,2,63,1,5,5,5,1
prefuzz,enron_full_072801,text,2,61,1,5,5,5,1
prefuzz,enron_full_073237,text,2,74,1,5,5,7,3
prefuzz,enron_full_075726,text,2,62,1,5,5,5,1
prefuzz,enron_full_076089,text,2,69,2,5,5,10,2
prefuzz,enron_full_078045,text,2,2,0,5,0,0,0
prefuzz,enron_full_078949,text,2,64,1,5,5,5,1
prefuzz,enron_full_080332,text,2,2,0,5,0,0,0
prefuzz,enron_full_080731,text,2,73,1,5,5,7,3
prefuzz,enron_full_081565,text,2,69,1,5,5,5,1
prefuzz,enron_full_081601,text,2,60,1,5,5,5,1
prefuzz,enron_full_081707,text,2,61,1,5,5,5,1
prefuzz,enron_full_082681,text,2,2,0,5,0,0,0
prefuzz,enron_full_085442,text,2,69,2,5,5,10,2
prefuzz,enron_full_085751,text,2,76,3,5,5,15,3
prefuzz,enron_full_086327,text,2,2,0,5,0,0,0
prefuzz,enron_full_087697,text,2,2,0,5,0,0,0
prefuzz,enron_full_088138,text,2,61,1,5,5,5,1
prefuzz,enron_full_088307,text,2,60,1,5,5,5,1
prefuzz,enron_full_088336,text,2,60,1,5,5,5,1
prefuzz,enron_full_089344,text,2,70,2,5,5,10,2
prefuzz,enron_full_089451,text,2,67,2,5,5,10,2
prefuzz,enron_full_090248,text,2,76,3,5,5,15,3
prefuzz,enron_full_091044,text,2,70,2,5,5,10,2
prefuzz,enron_full_091307,text,2,3705,167,5,5,688,453
prefuzz,enron_full_092251,text,2,3,0,5,0,0,0
prefuzz,enron_full_092316,text,2,2,0,5,0,0,0
prefuzz,enron_full_092765,text,2,2,0,5,0,0,0
prefuzz,enron_full_093576,text,2,2,0,5,0,0,0
prefuzz,enron_full_094577,text,2,124,6,5,5,30,6
prefuzz,enron_full_094590,text,2,2,0,5,0,0,0
prefuzz,enron_full_094757,text,2,2,0,5,0,0,0
prefuzz,enron_full_095403,text,2,167,12,5,5,60,12
prefuzz,enron_full_096327,text,2,66,1,5,5,5,1
prefuzz,enron_full_096329,text,2,79,2,5,5,10,2
prefuzz,enron_full_098210,text,2,228,22,5,5,110,22
prefuzz,enron_full_098535,text,2,224,22,5,5,110,22
prefuzz,enron_full_098599,text,2,553,63,5,5,315,63
prefuzz,enron_full_098973,text,2,670,75,5,5,375,75
prefuzz,enron_full_099013,text,2,178,16,5,5,80,16
prefuzz,enron_full_099531,text,2,65,2,5,5,10,2
prefuzz,enron_full_100323,text,2,381,2,5,5,47,39
prefuzz,enron_full_100466,text,2,66,1,5,5,5,1
prefuzz,enron_full_101174,text,2,72,2,5,5,10,2
prefuzz,enron_full_101274,text,2,72,2,5,5,10,2
prefuzz,enron_full_102532,text,2,60,1,5,5,5,1
prefuzz,enron_full_102695,text,2,68,2,5,5,10,2
prefuzz,enron_full_102774,text,2,72,2,5,5,10,2
prefuzz,enron_full_103426,text,2,65,1,5,5,5,1
prefuzz,enron_full_103581,text,2,72,2,5,5,10,2
prefuzz,enron_full_104396,text,2,2,0,5,0,0,0
prefuzz,enron_full_104402,text,2,485,49,5,5,245,49
prefuzz,enron_full_104423,text,2,2,0,5,0,0,0
prefuzz,enron_full_104598,text,2,716,70,5,5,350,70
prefuzz,enron_full_105565,text,2,63,1,5,5,5,1
prefuzz,enron_full_105930,text,2,68,1,5,5,5,1
prefuzz,enron_full_106126,text,2,85,3,5,5,15,3
prefuzz,enron_full_106135,text,2,72,2,5,5,10,2
prefuzz,enron_full_108529,text,2,70,2,5,5,10,2
prefuzz,enron_full_108654,text,2,267,27,5,5,135,27
prefuzz,enron_full_108933,text,2,74,2,5,5,10,2
prefuzz,enron_full_108996,text,2,70,2,5,5,10,2
prefuzz,enron_full_109605,text,2,76,2,5,5,10,2
prefuzz,enron_full_110370,text,2,63,1,5,5,5,1
prefuzz,enron_full_111197,text,2,2,0,5,0,0,0
prefuzz,enron_full_111665,text,2,78,2,5,5,10,2
prefuzz,enron_full_111904,text,2,83,3,5,5,15,3
prefuzz,enron_full_112694,text,2,71,1,5,5,5,1
prefuzz,enron_full_113971,text,2,114,8,5,5,40,8
prefuzz,enron_full_114650,text,2,52,1,5,5,5,1
prefuzz,enron_full_115626,text,2,2,0,5,0,0,0
prefuzz,enron_full_116065,text,2,70,3,5,5,15,3
prefuzz,enron_full_116692,text,2,52,1,5,5,5,1
prefuzz,enron_full_117087,text,2,61,2,5,5,10,2
prefuzz,enron_full_117441,text,2,69,3,5,5,15,3
prefuzz,enron_full_117988,text,2,70,3,5,5,15,3
prefuzz,enron_full_118247,text,2,59,2,5,5,10,2
prefuzz,enron_full_118573,text,2,54,1,5,5,5,1
prefuzz,enron_full_119068,text,2,54,2,5,5,10,2
prefuzz,enron_full_119674,text,2,1,0,5,0,0,0
prefuzz,enron_full_119896,text,2,2,0,5,0,0,0
prefuzz,enron_full_120534,text,2,69,3,5,5,15,3
prefuzz,enron_full_120641,text,2,49,1,5,5,5,1
prefuzz,enron_full_120822,text,2,73,3,5,5,15,3
prefuzz,enron_full_121175,text,2,53,1,5,5,5,1
prefuzz,enron_full_122290,text,2,2,0,5,0,0,0
prefuzz,enron_full_122402,text,2,2,0,5,0,0,0
prefuzz,enron_full_123831,text,2,70,3,5,5,15,3
prefuzz,enron_full_124264,text,2,63,2,5,5,10,2
prefuzz,enron_full_124451,text,2,68,3,5,5,15,3
prefuzz,enron_full_126518,text,2,77,4,5,5,20,4
prefuzz,enron_full_128013,text,2,2,0,5,0,0,0
prefuzz,enron_full_128290,text,2,2,0,5,0,0,0
prefuzz,enron_full_128461,text,2,60,2,5,5,10,2
prefuzz,enron_full_129750,text,2,67,3,5,5,15,3
prefuzz,enron_full_129922,text,2,147,12,5,5,60,12
prefuzz,enron_full_129965,text,2,55,1,5,5,5,1
prefuzz,enron_full_130406,text,2,47,1,5,5,5,1
prefuzz,enron_full_130557,text,2,59,2,5,5,10,2
prefuzz,enron_full_130818,text,2,61,2,5,5,10,2
prefuzz,enron_full_131990,text,2,62,2,5,5,10,2
prefuzz,enron_full_132971,text,2,60,1,5,5,5,1
prefuzz,enron_full_133588,text,2,79,2,5,5,10,2
prefuzz,enron_full_133819,text,2,93,3,5,5,15,3
prefuzz,enron_full_134727,text,2,2,0,5,0,0,0
prefuzz,enron_full_136330,text,2,71,2,5,5,10,2
prefuzz,enron_full_137531,text,2,80,3,5,5,15,3
prefuzz,enron_full_137711,text,2,69,2,5,5,10,2
prefuzz,enron_full_139013,text,2,2,0,5,0,0,0
prefuzz,enron_full_139188,text,2,125,8,5,5,40,8
prefuzz,enron_full_139197,text,2,92,5,5,5,25,5
prefuzz,enron_full_139486,text,2,69,2,5,5,10,2
prefuzz,enron_full_140225,text,2,20,0,5,1,1,1
prefuzz,enron_full_140420,text,2,193,15,5,5,75,15
prefuzz,enron_full_140552,text,2,77,2,5,5,10,2
prefuzz,enron_full_140885,text,2,62,1,5,5,5,1
prefuzz,enron_full_141161,text,2,2,0,5,0,0,0
prefuzz,enron_full_141985,text,2,272,23,5,5,115,23
prefuzz,enron_full_142230,text,2,61,1,5,5,5,1
prefuzz,enron_full_142612,text,2,67,2,5,5,10,2
prefuzz,enron_full_143076,text,2,66,2,5,5,10,2
prefuzz,enron_full_144720,text,2,2,0,5,0,0,0
prefuzz,enron_full_144759,text,2,2,0,5,0,0,0
prefuzz,enron_full_145061,text,2,80,3,5,5,15,3
prefuzz,enron_full_146696,text,2,71,2,5,5,10,2
prefuzz,enron_full_148007,text,2,70,2,5,5,10,2
prefuzz,enron_full_148315,text,2,88,4,5,5,20,4
prefuzz,enron_full_148338,text,2,83,4,5,5,20,4
prefuzz,enron_full_149174,text,2,72,1,5,5,5,1
prefuzz,enron_full_149842,text,2,80,2,5,5,12,4
prefuzz,enron_full_150562,text,2,71,2,5,5,10,2
prefuzz,enron_full_151773,text,2,2,0,5,0,0,0
prefuzz,enron_full_152307,text,2,64,1,5,5,5,1
prefuzz,enron_full_152987,text,2,60,1,5,5,5,1
prefuzz,enron_full_153167,text,2,59,1,5,5,5,1
prefuzz,enron_full_154125,text,2,21,0,5,1,1,1
prefuzz,enron_full_154648,text,2,2,0,5,0,0,0
prefuzz,enron_full_155829,text,2,59,1,5,5,5,1
prefuzz,enron_full_156626,text,2,65,1,5,5,5,1
prefuzz,enron_full_156811,text,2,134,8,5,5,40,8
prefuzz,enron_full_158640,text,2,60,1,5,5,5,1
prefuzz,enron_full_159222,text,2,66,2,5,5,10,2
prefuzz,enron_full_159570,text,2,68,2,5,5,10,2
prefuzz,enron_full_159687,text,2,93,4,5,5,20,4
prefuzz,enron_full_161067,text,2,70,1,5,5,5,1
prefuzz,enron_full_161301,text,2,68,2,5,5,10,2
prefuzz,enron_full_161404,text,2,90,4,5,5,20,4
prefuzz,enron_full_161839,text,2,2,0,5,0,0,0
prefuzz,enron_full_162338,text,2,75,2,5,5,10,2
prefuzz,enron_full_163700,text,2,2,0,5,0,0,0
prefuzz,enron_full_163994,text,2,57,1,5,5,5,1
prefuzz,enron_full_164128,text,2,2,0,5,0,0,0
prefuzz,enron_full_164251,text,2,80,3,5,5,15,3
prefuzz,enron_full_164751,text,2,2,0,5,0,0,0
prefuzz,enron_full_164805,text,2,2,0,5,0,0,0
prefuzz,enron_full_165550,text,2,2,0,5,0,0,0
prefuzz,enron_full_165951,text,2,342,35,5,5,175,35
prefuzz,enron_full_167260,text,2,59,2,5,5,10,2
prefuzz,enron_full_168469,text,2,122,8,5,5,40,8
prefuzz,enron_full_168971,text,2,62,2,5,5,10,2
prefuzz,enron_full_170176,text,2,2,0,5,0,0,0
prefuzz,enron_full_170711,text,2,121,9,5,5,45,9
prefuzz,enron_full_170765,text,2,134,11,5,5,55,11
prefuzz,enron_full_170860,text,2,2,0,5,0,0,0
prefuzz,enron_full_171509,text,2,69,3,5,5,15,3
prefuzz,enron_full_171797,text,2,2,0,5,0,0,0
prefuzz,enron_full_172609,text,2,1,0,5,0,0,0
prefuzz,enron_full_174436,text,2,62,2,5,5,10,2
prefuzz,enron_full_174861,text,2,51,1,5,5,5,1
prefuzz,enron_full_175011,text,2,2,0,5,0,0,0
prefuzz,enron_full_176124,text,2,53,1,5,5,5,1
prefuzz,enron_full_176753,text,2,82,1,5,5,5,1
prefuzz,enron_full_178212,text,2,54,1,5,5,5,1
prefuzz,enron_full_178550,text,2,54,1,5,5,5,1
prefuzz,enron_full_179413,text,2,54,1,5,5,5,1
prefuzz,enron_full_179791,text,2,52,1,5,5,5,1
prefuzz,enron_full_180640,text,2,54,1,5,5,5,1
prefuzz,enron_full_181037,text,2,118,9,5,5,45,9
prefuzz,enron_full_181456,text,2,536,52,5,5,236,55
prefuzz,enron_full_181872,text,2,64,1,5,5,5,1
prefuzz,enron_full_181885,text,2,61,1,5,5,5,1
prefuzz,enron_full_182915,text,2,59,1,5,5,5,1
prefuzz,enron_full_182942,text,2,64,1,5,5,5,1
prefuzz,enron_full_183169,text,2,62,1,5,5,5,1
prefuzz,enron_full_183297,text,2,62,1,5,5,5,1
prefuzz,enron_full_183379,text,2,65,1,5,5,5,1
prefuzz,enron_full_183388,text,2,56,1,5,5,5,1
prefuzz,enron_full_183934,text,2,64,1,5,5,5,1
prefuzz,enron_full_184508,text,2,60,1,5,5,5,1
prefuzz,enron_full_185731,text,2,2,0,5,0,0,0
prefuzz,enron_full_186258,text,2,59,1,5,5,5,1
prefuzz,enron_full_186778,text,2,62,1,5,5,5,1
prefuzz,enron_full_187181,text,2,56,1,5,5,5,1
prefuzz,enron_full_187432,text,2,58,1,5,5,5,1
prefuzz,enron_full_187706,text,2,61,1,5,5,5,1
prefuzz,enron_full_188453,text,2,60,1,5,5,5,1
prefuzz,enron_full_189842,text,2,61,1,5,5,5,1
prefuzz,enron_full_189980,text,2,74,2,5,5,10,2
prefuzz,enron_full_191466,text,2,60,1,5,5,5,1
prefuzz,enron_full_191744,text,2,2,0,5,0,0,0
prefuzz,enron_full_191882,text,2,60,1,5,5,5,1
prefuzz,enron_full_193162,text,2,80,3,5,5,15,3
prefuzz,enron_full_195402,text,2,70,1,5,5,5,1
prefuzz,enron_full_195600,text,2,118,1,5,5,12,8
prefuzz,enron_full_195759,text,2,64,1,5,5,5,1
prefuzz,enron_full_196134,text,2,67,1,5,5,5,1
prefuzz,enron_full_197175,text,2,50,1,5,5,5,1
prefuzz,enron_full_197216,text,2,49,1,5,5,5,1
prefuzz,enron_full_197678,text,2,49,1,5,5,5,1
prefuzz,enron_full_198102,text,2,55,1,5,5,5,1
prefuzz,enron_full_198996,text,2,59,2,5,5,10,2
prefuzz,enron_full_200327,text,2,74,3,5,5,15,3
prefuzz,enron_full_200476,text,2,62,2,5,5,10,2
prefuzz,enron_full_201608,text,2,69,3,5,5,15,3
prefuzz,enron_full_202547,text,2,56,2,5,5,10,2
prefuzz,enron_full_202611,text,2,2,0,5,0,0,0
prefuzz,enron_full_203046,text,2,54,1,5,5,5,1
prefuzz,enron_full_204937,text,2,67,3,5,5,15,3
prefuzz,enron_full_205754,text,2,78,3,5,5,15,3
prefuzz,enron_full_205846,text,2,64,2,5,5,10,2
prefuzz,enron_full_206132,text,2,63,2,5,5,10,2
prefuzz,enron_full_206426,text,2,52,1,5,5,5,1
prefuzz,enron_full_206631,text,2,2,0,5,0,0,0
prefuzz,enron_full_206780,text,2,61,2,5,5,10,2
prefuzz,enron_full_207863,text,2,54,1,5,5,5,1
prefuzz,enron_full_208242,text,2,59,2,5,5,10,2
prefuzz,enron_full_208362,text,2,63,2,5,5,10,2
prefuzz,enron_full_209030,text,2,69,3,5,5,15,3
prefuzz,enron_full_209358,text,2,64,3,5,5,15,3
prefuzz,enron_full_209479,text,2,68,3,5,5,15,3
prefuzz,enron_full_209859,text,2,109,2,5,5,16,8
prefuzz,enron_full_209958,text,2,54,1,5,5,5,1
prefuzz,enron_full_210032,text,2,2,0,5,0,0,0
prefuzz,enron_full_210772,text,2,62,2,5,5,10,2
prefuzz,enron_full_211094,text,2,1,0,5,0,0,0
prefuzz,enron_full_211389,text,2,78,4,5,5,17,4
prefuzz,enron_full_211892,text,2,2,0,5,0,0,0
prefuzz,enron_full_211966,text,2,2,0,5,0,0,0
prefuzz,enron_full_212202,text,2,1,0,5,0,0,0
prefuzz,enron_full_213178,text,2,2,0,5,0,0,0
prefuzz,enron_full_214684,text,2,69,2,5,5,10,2
prefuzz,enron_full_214861,text,2,62,2,5,5,10,2
prefuzz,enron_full_214866,text,2,127,10,5,5,50,10
prefuzz,enron_full_214883,text,2,71,1,5,5,5,1
prefuzz,enron_full_215380,text,2,66,2,5,5,10,2
prefuzz,enron_full_215696,text,2,82,3,5,5,15,3
prefuzz,enron_full_216853,text,2,91,4,5,5,20,4
prefuzz,enron_full_218707,text,2,61,1,5,5,5,1
prefuzz,enron_full_219044,text,2,80,2,5,5,10,2
prefuzz,enron_full_219142,text,2,54,1,5,5,5,1
prefuzz,enron_full_219243,text,2,63,2,5,5,10,2
prefuzz,enron_full_219501,text,2,2,0,5,0,0,0
prefuzz,enron_full_219509,text,2,17,0,5,1,1,1
prefuzz,enron_full_219658,text,2,2,0,5,0,0,0
prefuzz,enron_full_220234,text,2,67,3,5,5,15,3
prefuzz,enron_full_220556,text,2,66,2,5,5,10,2
prefuzz,enron_full_221304,text,2,78,3,5,5,15,3
prefuzz,enron_full_223253,text,2,85,5,5,5,25,5
prefuzz,enron_full_223630,text,2,61,2,5,5,10,2
prefuzz,enron_full_223933,text,2,65,3,5,5,15,3
prefuzz,enron_full_224076,text,2,61,2,5,5,10,2
prefuzz,enron_full_224176,text,2,65,3,5,5,15,3
prefuzz,enron_full_224421,text,2,101,4,5,5,20,4
prefuzz,enron_full_226002,text,2,2,0,5,0,0,0
prefuzz,enron_full_226675,text,2,58,2,5,5,10,2
prefuzz,enron_full_227135,text,2,59,2,5,5,10,2
prefuzz,enron_full_227290,text,2,2,0,5,0,0,0
prefuzz,enron_full_227315,text,2,54,1,5,5,5,1
prefuzz,enron_full_227317,text,2,62,2,5,5,10,2
prefuzz,enron_full_227401,text,2,69,3,5,5,15,3
prefuzz,enron_full_227576,text,2,105,4,5,5,20,4
prefuzz,enron_full_228518,text,2,76,4,5,5,20,4
prefuzz,enron_full_228640,text,2,84,4,5,5,20,4
prefuzz,enron_full_229065,text,2,68,3,5,5,15,3
prefuzz,enron_full_229125,text,2,65,3,5,5,15,3
prefuzz,enron_full_230449,text,2,100,7,5,5,35,7
prefuzz,enron_full_230615,text,2,76,4,5,5,20,4
prefuzz,enron_full_231206,text,2,80,2,5,5,10,2
prefuzz,enron_full_232509,text,2,72,2,5,5,10,2
prefuzz,enron_full_232529,text,2,374,33,5,5,165,33
prefuzz,enron_full_232592,text,2,105,5,5,5,25,5
prefuzz,enron_full_232830,text,2,101,5,5,5,25,5
prefuzz,enron_full_232998,text,2,86,4,5,5,20,4
prefuzz,enron_full_233012,text,2,84,5,5,5,25,5
prefuzz,enron_full_233273,text,2,97,4,5,5,20,4
prefuzz,enron_full_233711,text,2,88,5,5,5,25,5
prefuzz,enron_full_233845,text,2,72,3,5,5,15,3
prefuzz,enron_full_234397,text,2,98,7,5,5,35,7
prefuzz,enron_full_235427,text,2,70,3,5,5,15,3
prefuzz,enron_full_237126,text,2,81,4,5,5,20,4
prefuzz,enron_full_238037,text,2,103,7,5,5,35,7
prefuzz,enron_full_238970,text,2,76,4,5,5,20,4
prefuzz,enron_full_239927,text,2,91,5,5,5,25,5
prefuzz,enron_full_240437,text,2,59,2,5,5,10,2
prefuzz,enron_full_240888,text,2,500,8,5,5,116,68
prefuzz,enron_full_241204,text,2,940,119,5,5,595,119
prefuzz,enron_full_242121,text,2,100,7,5,5,35,7
prefuzz,enron_full_242149,text,2,70,4,5,5,20,4
prefuzz,enron_full_242702,text,2,66,3,5,5,15,3
prefuzz,enron_full_242763,text,2,85,5,5,5,25,5
prefuzz,enron_full_243198,text,2,67,3,5,5,15,3
prefuzz,enron_full_243425,text,2,91,5,5,5,25,5
prefuzz,enron_full_244168,text,2,73,4,5,5,20,4
prefuzz,enron_full_244538,text,2,71,4,5,5,20,4
prefuzz,enron_full_244857,text,2,68,3,5,5,15,3
prefuzz,enron_full_244901,text,2,74,4,5,5,20,4
prefuzz,enron_full_244915,text,2,74,5,5,5,25,5
prefuzz,enron_full_245469,text,2,83,5,5,5,25,5
prefuzz,enron_full_246185,text,2,73,4,5,5,20,4
prefuzz,enron_full_246287,text,2,72,4,5,5,20,4
prefuzz,enron_full_246288,text,2,84,7,5,5,35,7
prefuzz,enron_full_246340,text,2,57,2,5,5,10,2
prefuzz,enron_full_246689,text,2,79,5,5,5,25,5
prefuzz,enron_full_246896,text,2,74,4,5,5,20,4
prefuzz,enron_full_247095,text,2,69,3,5,5,15,3
prefuzz,enron_full_247286,text,2,70,3,5,5,15,3
prefuzz,enron_full_247295,text,2,57,2,5,5,10,2
prefuzz,enron_full_247605,text,2,59,2,5,5,10,2
prefuzz,enron_full_247963,text,2,66,3,5,5,15,3
prefuzz,enron_full_248460,text,2,55,2,5,5,10,2
prefuzz,enron_full_248776,text,2,99,5,5,5,25,5
prefuzz,enron_full_249257,text,2,2,0,5,0,0,0
prefuzz,enron_full_250519,text,2,64,3,5,5,15,3
prefuzz,enron_full_250725,text,2,58,2,5,5,10,2
prefuzz,enron_full_252462,text,2,2,0,5,0,0,0
prefuzz,enron_full_253509,text,2,2,0,5,0,0,0
prefuzz,enron_full_253676,text,2,168,10,5,5,50,10
prefuzz,enron_full_253776,text,2,219,22,5,5,110,22
prefuzz,enron_full_253875,text,2,213,12,5,5,63,15
prefuzz,enron_full_254022,text,2,727,78,5,5,393,81
prefuzz,enron_full_254732,text,2,304,31,5,5,155,31
prefuzz,enron_full_254813,text,2,56,1,5,5,5,1
prefuzz,enron_full_254930,text,2,2,0,5,0,0,0
prefuzz,enron_full_256359,text,2,2,0,5,0,0,0
prefuzz,enron_full_256719,text,2,1,0,5,0,0,0
prefuzz,enron_full_257223,text,2,2,0,5,0,0,0
prefuzz,enron_full_257476,text,2,2,0,5,0,0,0
prefuzz,enron_full_257526,text,2,2,0,5,0,0,0
prefuzz,enron_full_258106,text,2,2,0,5,0,0,0
prefuzz,enron_full_258436,text,2,2,0,5,0,0,0
prefuzz,enron_full_259050,text,2,78,2,5,5,10,2
prefuzz,enron_full_259076,text,2,2,0,5,0,0,0
prefuzz,enron_full_259321,text,2,50,1,5,5,5,1
prefuzz,enron_full_260192,text,2,77,4,5,5,20,4
prefuzz,enron_full_261884,text,2,1,0,5,0,0,0
prefuzz,enron_full_262514,text,2,577,63,5,5,315,63
prefuzz,enron_full_262785,text,2,2,0,5,0,0,0
prefuzz,enron_full_263240,text,2,85,2,5,5,10,2
prefuzz,enron_full_264723,text,2,2,0,5,0,0,0
prefuzz,enron_full_265023,text,2,99,5,5,5,25,5
prefuzz,enron_full_265448,text,2,404,38,5,5,190,38
prefuzz,enron_full_265746,text,2,92,4,5,5,20,4
prefuzz,enron_full_265774,text,2,202,8,5,5,48,16
prefuzz,enron_full_266026,text,2,65,1,5,5,5,1
prefuzz,enron_full_266097,text,2,2,0,5,0,0,0
prefuzz,enron_full_267067,text,2,71,2,5,5,10,2
prefuzz,enron_full_267198,text,2,70,2,5,5,10,2
prefuzz,enron_full_268981,text,2,72,2,5,5,10,2
prefuzz,enron_full_269702,text,2,158,0,5,3,18,18
prefuzz,enron_full_270257,text,2,81,0,5,2,9,9
prefuzz,enron_full_270526,text,2,81,2,5,5,10,2
prefuzz,enron_full_271097,text,2,63,2,5,5,10,2
prefuzz,enron_full_271232,text,2,83,2,5,5,10,2
prefuzz,enron_full_272570,text,2,2,0,5,0,0,0
prefuzz,enron_full_273248,text,2,107,6,5,5,30,6
prefuzz,enron_full_273363,text,2,112,7,5,5,35,7
prefuzz,enron_full_273791,text,2,85,2,5,5,10,2
prefuzz,enron_full_273820,text,2,60,1,5,5,5,1
prefuzz,enron_full_273961,text,2,60,1,5,5,5,1
prefuzz,enron_full_274206,text,2,60,1,5,5,5,1
prefuzz,enron_full_274561,text,2,62,1,5,5,5,1
prefuzz,enron_full_274757,text,2,71,2,5,5,10,2
prefuzz,enron_full_274786,text,2,2,0,5,0,0,0
prefuzz,enron_full_275183,text,2,2,0,5,0,0,0
prefuzz,enron_full_275570,text,2,60,1,5,5,5,1
prefuzz,enron_full_276028,text,2,2,0,5,0,0,0
prefuzz,enron_full_276324,text,2,59,1,5,5,5,1
prefuzz,enron_full_276342,text,2,76,3,5,5,15,3
prefuzz,enron_full_277439,text,2,2,0,5,0,0,0
prefuzz,enron_full_277990,text,2,61,1,5,5,5,1
prefuzz,enron_full_278811,text,2,70,2,5,5,10,2
prefuzz,enron_full_279563,text,2,76,3,5,5,15,3
prefuzz,enron_full_279751,text,2,259,21,5,5,105,21
prefuzz,enron_full_280423,text,2,2,0,5,0,0,0
prefuzz,enron_full_280603,text,2,2,0,5,0,0,0
prefuzz,enron_full_281547,text,2,2,0,5,0,0,0
prefuzz,enron_full_282395,text,2,71,2,5,5,10,2
prefuzz,enron_full_283356,text,2,122,7,5,5,35,7
prefuzz,enron_full_283839,text,2,118,7,5,5,35,7
prefuzz,enron_full_283868,text,2,109,7,5,5,35,7
prefuzz,enron_full_284197,text,2,329,29,5,5,145,29
prefuzz,enron_full_284956,text,2,59,1,5,5,5,1
prefuzz,enron_full_285559,text,2,69,2,5,5,10,2
prefuzz,enron_full_286024,text,2,97,4,5,5,20,4
prefuzz,enron_full_286036,text,2,105,5,5,5,25,5
prefuzz,enron_full_286164,text,2,80,4,5,5,20,4
prefuzz,enron_full_286899,text,2,51,1,5,5,5,1
prefuzz,enron_full_287012,text,2,2,0,5,0,0,0
prefuzz,enron_full_287512,text,2,65,2,5,5,10,2
prefuzz,enron_full_287655,text,2,60,2,5,5,10,2
prefuzz,enron_full_287736,text,2,75,4,5,5,20,4
prefuzz,enron_full_287760,text,2,70,2,5,5,10,2
prefuzz,enron_full_287778,text,2,106,8,5,5,40,8
prefuzz,enron_full_288938,text,2,90,6,5,5,30,6
prefuzz,enron_full_289243,text,2,2,0,5,0,0,0
prefuzz,enron_full_291054,text,2,1,0,5,0,0,0
prefuzz,enron_full_291275,text,2,1,0,5,0,0,0
prefuzz,enron_full_291375,text,2,2,0,5,0,0,0
prefuzz,enron_full_291790,text,2,58,2,5,5,10,2
prefuzz,enron_full_292561,text,2,55,2,5,5,10,2
prefuzz,enron_full_292656,text,2,57,2,5,5,10,2
prefuzz,enron_full_293066,text,2,65,2,5,5,10,2
prefuzz,enron_full_293083,text,2,63,3,5,5,15,3
prefuzz,enron_full_293619,text,2,57,2,5,5,10,2
prefuzz,enron_full_293948,text,2,16,0,5,1,1,1
prefuzz,enron_full_293985,text,2,59,2,5,5,10,2
prefuzz,enron_full_295023,text,2,57,2,5,5,10,2
prefuzz,enron_full_295246,text,2,1,0,5,0,0,0
prefuzz,enron_full_296957,text,2,2,0,5,0,0,0
prefuzz,enron_full_298392,text,2,2,0,5,0,0,0
prefuzz,enron_full_298764,text,2,2,0,5,0,0,0
prefuzz,enron_full_299033,text,2,1,0,5,0,0,0
prefuzz,enron_full_299289,text,2,72,4,5,5,20,4
prefuzz,enron_full_299345,text,2,51,1,5,5,5,1
prefuzz,enron_full_299690,text,2,58,2,5,5,10,2
prefuzz,enron_full_300310,text,2,57,2,5,5,10,2
prefuzz,enron_full_300702,text,2,68,3,5,5,15,3
prefuzz,enron_full_301521,text,2,57,2,5,5,10,2
prefuzz,enron_full_301926,text,2,55,2,5,5,10,2
prefuzz,enron_full_302529,text,2,57,2,5,5,10,2
prefuzz,enron_full_303527,text,2,64,3,5,5,15,3
prefuzz,enron_full_304134,text,2,59,2,5,5,10,2
prefuzz,enron_full_304324,text,2,50,1,5,5,5,1
prefuzz,enron_full_305112,text,2,93,3,5,5,15,3
prefuzz,enron_full_305491,text,2,62,2,5,5,10,2
prefuzz,enron_full_305595,text,2,56,2,5,5,10,2
prefuzz,enron_full_306022,text,2,75,1,5,5,5,1
prefuzz,enron_full_306282,text,2,2384,264,5,5,1320,264
prefuzz,enron_full_306838,text,2,90,3,5,5,15,3
prefuzz,enron_full_306879,text,2,74,2,5,5,10,2
prefuzz,enron_full_307066,text,2,73,2,5,5,10,2
prefuzz,enron_full_307536,text,2,83,2,5,5,10,2
prefuzz,enron_full_307959,text,2,59,1,5,5,5,1
prefuzz,enron_full_308283,text,2,65,2,5,5,10,2
prefuzz,enron_full_308504,text,2,64,2,5,5,10,2
prefuzz,enron_full_308666,text,2,73,3,5,5,15,3
prefuzz,enron_full_310049,text,2,63,2,5,5,10,2
prefuzz,enron_full_310050,text,2,63,2,5,5,10,2
prefuzz,enron_full_310056,text,2,59,2,5,5,10,2
prefuzz,enron_full_310895,text,2,57,1,5,5,5,1
prefuzz,enron_full_310913,text,2,64,1,5,5,5,1
prefuzz,enron_full_311017,text,2,50,1,5,5,5,1
prefuzz,enron_full_313090,text,2,64,3,5,5,15,3
prefuzz,enron_full_314206,text,2,49,1,5,5,5,1
prefuzz,enron_full_314362,text,2,67,3,5,5,15,3
prefuzz,enron_full_315231,text,2,56,2,5,5,10,2
prefuzz,enron_full_315279,text,2,61,3,5,5,15,3
prefuzz,enron_full_315623,text,2,63,3,5,5,15,3
prefuzz,enron_full_316006,text,2,76,2,5,5,13,5
prefuzz,enron_full_317192,text,2,44,1,5,5,5,1
prefuzz,enron_full_317451,text,2,50,1,5,5,5,1
prefuzz,enron_full_318133,text,2,63,3,5,5,15,3
prefuzz,enron_full_318207,text,2,63,3,5,5,15,3
prefuzz,enron_full_318845,text,2,47,1,5,5,5,1
prefuzz,enron_full_318909,text,2,48,1,5,5,5,1
prefuzz,enron_full_319080,text,2,57,2,5,5,10,2
prefuzz,enron_full_319320,text,2,62,3,5,5,15,3
prefuzz,enron_full_319952,text,2,61,3,5,5,15,3
prefuzz,enron_full_320564,text,2,66,1,5,5,5,1
prefuzz,enron_full_320626,text,2,54,1,5,5,5,1
prefuzz,enron_full_321445,text,2,59,2,5,5,10,2
prefuzz,enron_full_321807,text,2,66,3,5,5,15,3
prefuzz,enron_full_321918,text,2,57,2,5,5,10,2
prefuzz,enron_full_322149,text,2,61,3,5,5,15,3
prefuzz,enron_full_322706,text,2,59,2,5,5,10,2
prefuzz,enron_full_322737,text,2,67,2,5,5,10,2
prefuzz,enron_full_322757,text,2,68,3,5,5,15,3
prefuzz,enron_full_324000,text,2,305,30,5,5,150,30
prefuzz,enron_full_324353,text,2,2,0,5,0,0,0
prefuzz,enron_full_325002,text,2,57,2,5,5,10,2
prefuzz,enron_full_325131,text,2,107,3,5,5,20,8
prefuzz,enron_full_325547,text,2,52,1,5,5,5,1
prefuzz,enron_full_326276,text,2,62,2,5,5,10,2
prefuzz,enron_full_326406,text,2,53,1,5,5,5,1
prefuzz,enron_full_326699,text,2,60,2,5,5,10,2
prefuzz,enron_full_326891,text,2,68,3,5,5,15,3
prefuzz,enron_full_327398,text,2,56,2,5,5,10,2
prefuzz,enron_full_327734,text,2,64,1,5,5,5,1
prefuzz,enron_full_330743,text,2,63,2,5,5,10,2
prefuzz,enron_full_330847,text,2,79,2,5,5,14,6
prefuzz,enron_full_331065,text,2,2,0,5,0,0,0
prefuzz,enron_full_331235,text,2,87,5,5,5,25,5
prefuzz,enron_full_331309,text,2,2,0,5,0,0,0
prefuzz,enron_full_332147,text,2,1,0,5,0,0,0
prefuzz,enron_full_332523,text,2,61,2,5,5,10,2
prefuzz,enron_full_333276,text,2,55,1,5,5,5,1
prefuzz,enron_full_333308,text,2,61,2,5,5,10,2
prefuzz,enron_full_333309,text,2,55,2,5,5,10,2
prefuzz,enron_full_334798,text,2,2,0,5,0,0,0
prefuzz,enron_full_335428,text,2,67,3,5,5,15,3
prefuzz,enron_full_335498,text,2,60,2,5,5,10,2
prefuzz,enron_full_335546,text,2,57,2,5,5,10,2
prefuzz,enron_full_335575,text,2,56,2,5,5,10,2
prefuzz,enron_full_335623,text,2,46,1,5,5,5,1
prefuzz,enron_full_335857,text,2,105,7,5,5,35,7
prefuzz,enron_full_335946,text,2,108,7,5,5,35,7
prefuzz,enron_full_336542,text,2,121,6,5,5,30,6
prefuzz,enron_full_337267,text,2,96,5,5,5,25,5
prefuzz,enron_full_337292,text,2,197,15,5,5,75,15
prefuzz,enron_full_337470,text,2,69,2,5,5,10,2
prefuzz,enron_full_339638,text,2,2,0,5,0,0,0
prefuzz,enron_full_340418,text,2,77,3,5,5,15,3
prefuzz,enron_full_340472,text,2,869,94,5,5,470,94
prefuzz,enron_full_340761,text,2,54,1,5,5,5,1
prefuzz,enron_full_341249,text,2,60,2,5,5,10,2
prefuzz,enron_full_341362,text,2,88,6,5,5,30,6
prefuzz,enron_full_342301,text,2,54,1,5,5,5,1
prefuzz,enron_full_342735,text,2,64,3,5,5,15,3
prefuzz,enron_full_344191,text,2,50,1,5,5,5,1
prefuzz,enron_full_344335,text,2,49,1,5,5,5,1
prefuzz,enron_full_344645,text,2,1,0,5,0,0,0
prefuzz,enron_full_345595,text,2,54,1,5,5,5,1
prefuzz,enron_full_345814,text,2,59,1,5,5,5,1
prefuzz,enron_full_348142,text,2,48,1,5,5,5,1
prefuzz,enron_full_348438,text,2,2,0,5,0,0,0
prefuzz,enron_full_349353,text,2,2,0,5,0,0,0
prefuzz,enron_full_349483,text,2,1,0,5,0,0,0
prefuzz,enron_full_352068,text,2,2,0,5,0,0,0
prefuzz,enron_full_352183,text,2,50,1,5,5,5,1
prefuzz,enron_full_352410,text,2,90,6,5,5,30,6
prefuzz,enron_full_352552,text,2,2,0,5,0,0,0
prefuzz,enron_full_353158,text,2,56,1,5,5,7,2
prefuzz,enron_full_353883,text,2,2,0,5,0,0,0
prefuzz,enron_full_354290,text,2,16,0,5,1,1,1
prefuzz,enron_full_355229,text,2,2,0,5,0,0,0
prefuzz,enron_full_355694,text,2,49,1,5,5,5,1
prefuzz,enron_full_355895,text,2,2,0,5,0,0,0
prefuzz,enron_full_356569,text,2,2,0,5,0,0,0
prefuzz,enron_full_356908,text,2,49,1,5,5,5,1
prefuzz,enron_full_356976,text,2,18,0,5,1,1,1
prefuzz,enron_full_358597,text,2,2,0,5,0,0,0
prefuzz,enron_full_358915,text,2,1,0,5,0,0,0
prefuzz,enron_full_360085,text,2,52,1,5,5,5,1
prefuzz,enron_full_360983,text,2,47,1,5,5,5,1
prefuzz,enron_full_362389,text,2,50,1,5,5,5,1
prefuzz,enron_full_363120,text,2,109,8,5,5,40,8
prefuzz,enron_full_363607,text,2,2,0,5,0,0,0
prefuzz,enron_full_363846,text,2,1,0,5,0,0,0
prefuzz,enron_full_363876,text,2,84,5,5,5,25,5
prefuzz,enron_full_364025,text,2,2,0,5,0,0,0
prefuzz,enron_full_364586,text,2,350,39,5,5,195,39
prefuzz,enron_full_365105,text,2,2,0,5,0,0,0
prefuzz,enron_full_365478,text,2,1,0,5,0,0,0
prefuzz,enron_full_365497,text,2,80,2,5,5,10,2
prefuzz,enron_full_365509,text,2,64,3,5,5,15,3
prefuzz,enron_full_365947,text,2,2,0,5,0,0,0
prefuzz,enron_full_366510,text,2,55,1,5,5,5,1
prefuzz,enron_full_366895,text,2,51,1,5,5,5,1
prefuzz,enron_full_367052,text,2,2,0,5,0,0,0
prefuzz,enron_full_367129,text,2,2,0,5,0,0,0
prefuzz,enron_full_367319,text,2,2,0,5,0,0,0
prefuzz,enron_full_367765,text,2,52,1,5,5,5,1
prefuzz,enron_full_367912,text,2,2,0,5,0,0,0
prefuzz,enron_full_368156,text,2,2,0,5,0,0,0
prefuzz,enron_full_368318,text,2,2,0,5,0,0,0
prefuzz,enron_full_369168,text,2,53,1,5,5,5,1
prefuzz,enron_full_369419,text,2,96,6,5,5,30,6
prefuzz,enron_full_370439,text,2,426,39,5,5,195,39
prefuzz,enron_full_371121,text,2,2,0,5,0,0,0
prefuzz,enron_full_373728,text,2,64,1,5,5,5,1
prefuzz,enron_full_373978,text,2,74,2,5,5,10,2
prefuzz,enron_full_374719,text,2,62,1,5,5,5,1
prefuzz,enron_full_374736,text,2,79,3,5,5,15,3
prefuzz,enron_full_375606,text,2,132,8,5,5,40,8
prefuzz,enron_full_376013,text,2,82,3,5,5,15,3
prefuzz,enron_full_376710,text,2,69,2,5,5,10,2
prefuzz,enron_full_377221,text,2,65,1,5,5,5,1
prefuzz,enron_full_377377,text,2,58,1,5,5,5,1
prefuzz,enron_full_378712,text,2,70,2,5,5,10,2
prefuzz,enron_full_378826,text,2,74,2,5,5,10,2
prefuzz,enron_full_379382,text,2,88,4,5,5,20,4
prefuzz,enron_full_379515,text,2,80,3,5,5,15,3
prefuzz,enron_full_380183,text,2,453,43,5,5,215,43
prefuzz,enron_full_380419,text,2,70,2,5,5,10,2
prefuzz,enron_full_380667,text,2,72,2,5,5,10,2
prefuzz,enron_full_381275,text,2,134,9,5,5,45,9
prefuzz,enron_full_381430,text,2,62,1,5,5,5,1
prefuzz,enron_full_381540,text,2,76,3,5,5,15,3
prefuzz,enron_full_381912,text,2,67,1,5,5,5,1
prefuzz,enron_full_382401,text,2,2,0,5,0,0,0
prefuzz,enron_full_382476,text,2,67,2,5,5,10,2
prefuzz,enron_full_382877,text,2,101,5,5,5,25,5
prefuzz,enron_full_384162,text,2,13,0,5,1,0,0
prefuzz,enron_full_384461,text,2,62,1,5,5,5,1
prefuzz,enron_full_384653,text,2,61,1,5,5,5,1
prefuzz,enron_full_384988,text,2,61,1,5,5,5,1
prefuzz,enron_full_385098,text,2,62,1,5,5,5,1
prefuzz,enron_full_385839,text,2,62,1,5,5,5,1
prefuzz,enron_full_386188,text,2,2,0,5,0,0,0
prefuzz,enron_full_386616,text,2,2,0,5,0,0,0
prefuzz,enron_full_386731,text,2,2,0,5,0,0,0
prefuzz,enron_full_387578,text,2,66,1,5,5,5,1
prefuzz,enron_full_387701,text,2,2,0,5,0,0,0
prefuzz,enron_full_387952,text,2,2,0,5,0,0,0
prefuzz,enron_full_388565,text,2,69,2,5,5,10,2
prefuzz,enron_full_388921,text,2,58,1,5,5,5,1
prefuzz,enron_full_390158,text,2,190,2,5,5,27,20
prefuzz,enron_full_391047,text,2,62,2,5,5,10,2
prefuzz,enron_full_391217,text,2,2,0,5,0,0,0
prefuzz,enron_full_391486,text,2,2,0,5,0,0,0
prefuzz,enron_full_391746,text,2,1,0,5,0,0,0
prefuzz,enron_full_392955,text,2,58,1,5,5,5,1
prefuzz,enron_full_393136,text,2,1,0,5,0,0,0
prefuzz,enron_full_393487,text,2,52,1,5,5,5,1
prefuzz,enron_full_394271,text,2,51,1,5,5,5,1
prefuzz,enron_full_394331,text,2,53,1,5,5,5,1
prefuzz,enron_full_394348,text,2,71,1,5,5,5,1
prefuzz,enron_full_394407,text,2,2,0,5,0,0,0
prefuzz,enron_full_395301,text,2,63,1,5,5,5,1
prefuzz,enron_full_395725,text,2,2,0,5,0,0,0
prefuzz,enron_full_396292,text,2,79,1,5,5,9,3
prefuzz,enron_full_396812,text,2,60,1,5,5,5,1
prefuzz,enron_full_397391,text,2,62,1,5,5,5,1
prefuzz,enron_full_397879,text,2,68,2,5,5,10,2
prefuzz,enron_full_398718,text,2,55,1,5,5,5,1
prefuzz,enron_full_399591,text,2,2,0,5,0,0,0
prefuzz,enron_full_399779,text,2,2,0,5,0,0,0
prefuzz,enron_full_399917,text,2,2,0,5,0,0,0
prefuzz,enron_full_400523,text,2,61,1,5,5,5,1
prefuzz,enron_full_401763,text,2,2,0,5,0,0,0
prefuzz,enron_full_401798,text,2,2,0,5,0,0,0
prefuzz,enron_full_402233,text,2,62,1,5,5,5,1
prefuzz,enron_full_402310,text,2,70,2,5,5,10,2
prefuzz,enron_full_403001,text,2,60,1,5,5,5,1
prefuzz,enron_full_403036,text,2,67,1,5,5,5,1
prefuzz,enron_full_403180,text,2,61,1,5,5,5,1
prefuzz,enron_full_404066,text,2,70,2,5,5,10,2
prefuzz,enron_full_405218,text,2,69,2,5,5,10,2
prefuzz,enron_full_405288,text,2,64,2,5,5,10,2
prefuzz,enron_full_405421,text,2,73,3,5,5,15,3
prefuzz,enron_full_406531,text,2,76,3,5,5,15,3
prefuzz,enron_full_407210,text,2,63,1,5,5,5,1
prefuzz,enron_full_407416,text,2,70,3,5,5,15,3
prefuzz,enron_full_407459,text,2,86,4,5,5,20,4
prefuzz,enron_full_407590,text,2,71,2,5,5,10,2
prefuzz,enron_full_407747,text,2,61,1,5,5,5,1
prefuzz,enron_full_408988,text,2,288,24,5,5,120,24
prefuzz,enron_full_409260,text,2,77,3,5,5,15,3
prefuzz,enron_full_409276,text,2,68,2,5,5,10,2
prefuzz,enron_full_409720,text,2,61,1,5,5,5,1
prefuzz,enron_full_409761,text,2,59,1,5,5,5,1
prefuzz,enron_full_410980,text,2,2,0,5,0,0,0
prefuzz,enron_full_411073,text,2,2,0,5,0,0,0
prefuzz,enron_full_411853,text,2,62,1,5,5,5,1
prefuzz,enron_full_412435,text,2,58,1,5,5,5,1
prefuzz,enron_full_412836,text,2,61,1,5,5,5,1
prefuzz,enron_full_414414,text,2,58,1,5,5,5,1
prefuzz,enron_full_414620,text,2,82,3,5,5,15,3
prefuzz,enron_full_414624,text,2,2,0,5,0,0,0
prefuzz,enron_full_415032,text,2,58,1,5,5,5,1
prefuzz,enron_full_415416,text,2,60,1,5,5,5,1
prefuzz,enron_full_415425,text,2,61,1,5,5,5,1
prefuzz,enron_full_415589,text,2,60,1,5,5,5,1
prefuzz,enron_full_416173,text,2,2,0,5,0,0,0
prefuzz,enron_full_416275,text,2,2,0,5,0,0,0
prefuzz,enron_full_417397,text,2,67,1,5,5,5,1
prefuzz,enron_full_418145,text,2,58,1,5,5,5,1
prefuzz,enron_full_418173,text,2,61,1,5,5,5,1
prefuzz,enron_full_418938,text,2,60,1,5,5,5,1
prefuzz,enron_full_419715,text,2,74,2,5,5,10,2
prefuzz,enron_full_419787,text,2,58,1,5,5,5,1
prefuzz,enron_full_419936,text,2,59,1,5,5,5,1
prefuzz,enron_full_419992,text,2,61,1,5,5,5,1
prefuzz,enron_full_420340,text,2,473,45,5,5,225,45
prefuzz,enron_full_420635,text,2,57,1,5,5,5,1
prefuzz,enron_full_421070,text,2,2,0,5,0,0,0
prefuzz,enron_full_421581,text,2,2,0,5,0,0,0
prefuzz,enron_full_421659,text,2,2,0,5,0,0,0
prefuzz,enron_full_422214,text,2,2,0,5,0,0,0
prefuzz,enron_full_422408,text,2,69,2,5,5,10,2
prefuzz,enron_full_423045,text,2,56,1,5,5,5,1
prefuzz,enron_full_423694,text,2,59,1,5,5,5,1
prefuzz,enron_full_423789,text,2,58,1,5,5,5,1
prefuzz,enron_full_424183,text,2,4866,367,5,5,1776,638
prefuzz,enron_full_424691,text,2,71,1,5,5,5,1
prefuzz,enron_full_425035,text,2,64,1,5,5,5,1
prefuzz,enron_full_425166,text,2,73,1,5,5,5,1
prefuzz,enron_full_425789,text,2,55,1,5,5,5,1
prefuzz,enron_full_426054,text,2,57,1,5,5,5,1
prefuzz,enron_full_426288,text,2,54,1,5,5,5,1
prefuzz,enron_full_427733,text,2,55,1,5,5,5,1
prefuzz,enron_full_428515,text,2,56,1,5,5,5,1
prefuzz,enron_full_428895,text,2,52,1,5,5,5,1
prefuzz,enron_full_429441,text,2,2,0,5,0,0,0
prefuzz,enron_full_429986,text,2,2,0,5,0,0,0
prefuzz,enron_full_430065,text,2,2,0,5,0,0,0
prefuzz,enron_full_430260,text,2,17,0,5,1,1,1
prefuzz,enron_full_430592,text,2,2,0,5,0,0,0
prefuzz,enron_full_431423,text,2,2,0,5,0,0,0
prefuzz,enron_full_432116,text,2,53,1,5,5,5,1
prefuzz,enron_full_432508,text,2,63,2,5,5,10,2
prefuzz,enron_full_433686,text,2,64,1,5,5,5,1
prefuzz,enron_full_433711,text,2,48,1,5,5,5,1
prefuzz,enron_full_433823,text,2,57,1,5,5,5,1
prefuzz,enron_full_434515,text,2,59,2,5,5,10,2
prefuzz,enron_full_434661,text,2,57,2,5,5,10,2
prefuzz,enron_full_435743,text,2,56,2,5,5,10,2
prefuzz,enron_full_436019,text,2,1,0,5,0,0,0
prefuzz,enron_full_436309,text,2,1,0,5,0,0,0
prefuzz,enron_full_436431,text,2,1,0,5,0,0,0
prefuzz,enron_full_436454,text,2,2,0,5,0,0,0
prefuzz,enron_full_437873,text,2,60,2,5,5,10,2
prefuzz,enron_full_439573,text,2,2,0,5,0,0,0
prefuzz,enron_full_440276,text,2,1,0,5,0,0,0
prefuzz,enron_full_440707,text,2,307,2,5,5,47,39
prefuzz,enron_full_441744,text,2,64,3,5,5,15,3
prefuzz,enron_full_442093,text,2,57,2,5,5,10,2
prefuzz,enron_full_442322,text,2,2,0,5,0,0,0
prefuzz,enron_full_442524,text,2,57,2,5,5,10,2
prefuzz,enron_full_442558,text,2,55,2,5,5,10,2
prefuzz,enron_full_442662,text,2,51,2,5,5,10,2
prefuzz,enron_full_442954,text,2,66,1,5,5,5,1
prefuzz,enron_full_443309,text,2,120,8,5,5,40,8
prefuzz,enron_full_443772,text,2,51,1,5,5,5,1
prefuzz,enron_full_444240,text,2,69,3,5,5,15,3
prefuzz,enron_full_445163,text,2,2,0,5,0,0,0
prefuzz,enron_full_445774,text,2,393,42,5,5,210,42
prefuzz,enron_full_445830,text,2,2,0,5,0,0,0
prefuzz,enron_full_446457,text,2,23,0,5,1,2,2
prefuzz,enron_full_447336,text,2,53,1,5,5,5,1
prefuzz,enron_full_447596,text,2,2,0,5,0,0,0
prefuzz,enron_full_448246,text,2,62,2,5,5,10,2
prefuzz,enron_full_448315,text,2,55,1,5,5,5,1
prefuzz,enron_full_448897,text,2,65,2,5,5,10,2
prefuzz,enron_full_449771,text,2,2,0,5,0,0,0
prefuzz,enron_full_450293,text,2,66,2,5,5,10,2
prefuzz,enron_full_450584,text,2,2,0,5,0,0,0
prefuzz,enron_full_451624,text,2,60,2,5,5,10,2
prefuzz,enron_full_451708,text,2,59,1,5,5,5,1
prefuzz,enron_full_451980,text,2,2,0,5,0,0,0
prefuzz,enron_full_452075,text,2,54,1,5,5,5,1
prefuzz,enron_full_452624,text,2,81,1,5,5,5,1
prefuzz,enron_full_452665,text,2,53,1,5,5,5,1
prefuzz,enron_full_453158,text,2,54,1,5,5,5,1
prefuzz,enron_full_453577,text,2,49,1,5,5,5,1
prefuzz,enron_full_455974,text,2,43,2,5,3,6,2
prefuzz,enron_full_456283,text,2,2,0,5,0,0,0
prefuzz,enron_full_458074,text,2,2,0,5,0,0,0
prefuzz,enron_full_458660,text,2,2,0,5,0,0,0
prefuzz,enron_full_459917,text,2,2,0,5,0,0,0
prefuzz,enron_full_459959,text,2,2,0,5,0,0,0
prefuzz,enron_full_460573,text,2,210,20,5,5,100,20
prefuzz,enron_full_461053,text,2,60,2,5,5,10,2
prefuzz,enron_full_461203,text,2,2,0,5,0,0,0
prefuzz,enron_full_461474,text,2,2,0,5,0,0,0
prefuzz,enron_full_461621,text,2,70,3,5,5,15,3
prefuzz,enron_full_461648,text,2,69,3,5,5,15,3
prefuzz,enron_full_461948,text,2,93,3,5,5,15,3
prefuzz,enron_full_462616,text,2,70,2,5,5,10,2
prefuzz,enron_full_463151,text,2,88,3,5,5,15,3
prefuzz,enron_full_463936,text,2,69,2,5,5,10,2
prefuzz,enron_full_463955,text,2,71,2,5,5,10,2
prefuzz,enron_full_463976,text,2,70,3,5,5,15,3
prefuzz,enron_full_465574,text,2,70,2,5,5,10,2
prefuzz,enron_full_466018,text,2,72,2,5,5,10,2
prefuzz,enron_full_466387,text,2,585,56,5,5,280,56
prefuzz,enron_full_466533,text,2,63,1,5,5,5,1
prefuzz,enron_full_466708,text,2,56,1,5,5,5,1
prefuzz,enron_full_467278,text,2,69,2,5,5,10,2
prefuzz,enron_full_467576,text,2,89,4,5,5,20,4
prefuzz,enron_full_467913,text,2,81,3,5,5,15,3
prefuzz,enron_full_468001,text,2,61,1,5,5,5,1
prefuzz,enron_full_468241,text,2,71,2,5,5,10,2
prefuzz,enron_full_468948,text,2,72,2,5,5,10,2
prefuzz,enron_full_469104,text,2,138,9,5,5,45,9
prefuzz,enron_full_469441,text,2,81,3,5,5,15,3
prefuzz,enron_full_470510,text,2,58,1,5,5,5,1
prefuzz,enron_full_471172,text,2,69,2,5,5,10,2
prefuzz,enron_full_472398,text,2,85,3,5,5,15,3
prefuzz,enron_full_473353,text,2,61,1,5,5,5,1
prefuzz,enron_full_473987,text,2,2,0,5,0,0,0
prefuzz,enron_full_474902,text,2,71,1,5,5,5,1
prefuzz,enron_full_476646,text,2,54,1,5,5,5,1
prefuzz,enron_full_476866,text,2,103,7,5,5,35,7
prefuzz,enron_full_476952,text,2,55,1,5,5,5,1
prefuzz,enron_full_478933,text,2,2,0,5,0,0,0
prefuzz,enron_full_479947,text,2,2,0,5,0,0,0
prefuzz,enron_full_480468,text,2,2,0,5,0,0,0
prefuzz,enron_full_480848,text,2,61,2,5,5,10,2
prefuzz,enron_full_481384,text,2,48,1,5,5,5,1
prefuzz,enron_full_481691,text,2,51,1,5,5,5,1
prefuzz,enron_full_481940,text,2,53,1,5,5,5,1
prefuzz,enron_full_482039,text,2,55,1,5,5,5,1
prefuzz,enron_full_482398,text,2,2,0,5,0,0,0
prefuzz,enron_full_482679,text,2,1,0,5,0,0,0
prefuzz,enron_full_482700,text,2,54,1,5,5,5,1
prefuzz,enron_full_482778,text,2,78,4,5,5,20,4
prefuzz,enron_full_482919,text,2,61,2,5,5,10,2
prefuzz,enron_full_483941,text,2,52,1,5,5,5,1
prefuzz,enron_full_484013,text,2,59,2,5,5,10,2
prefuzz,enron_full_485161,text,2,59,1,5,5,5,1
prefuzz,enron_full_485319,text,2,49,1,5,5,5,1
prefuzz,enron_full_485507,text,2,2,0,5,0,0,0
prefuzz,enron_full_485652,text,2,1,0,5,0,0,0
prefuzz,enron_full_485802,text,2,2,0,5,0,0,0
prefuzz,enron_full_486590,text,2,50,1,5,5,5,1
prefuzz,enron_full_486718,text,2,51,1,5,5,5,1
prefuzz,enron_full_487009,text,2,2,0,5,0,0,0
prefuzz,enron_full_487095,text,2,2,0,5,0,0,0
prefuzz,enron_full_487221,text,2,73,3,5,5,15,3
prefuzz,enron_full_488455,text,2,2,0,5,0,0,0
prefuzz,enron_full_488704,text,2,1599,169,5,5,653,211
prefuzz,enron_full_489126,text,2,2,0,5,0,0,0
prefuzz,enron_full_490171,text,2,2,0,5,0,0,0
prefuzz,enron_full_490913,text,2,82,3,5,5,15,3
prefuzz,enron_full_491597,text,2,68,1,5,5,5,1
prefuzz,enron_full_491993,text,2,2,0,5,0,0,0
prefuzz,enron_full_492310,text,2,19,0,5,1,1,1
prefuzz,enron_full_492624,text,2,111,6,5,5,30,6
prefuzz,enron_full_492762,text,2,2,0,5,0,0,0
prefuzz,enron_full_493081,text,2,2,0,5,0,0,0
prefuzz,enron_full_493173,text,2,2,0,5,0,0,0
prefuzz,enron_full_494836,text,2,39,0,5,1,3,3
prefuzz,enron_full_495207,text,2,2,0,5,0,0,0
prefuzz,enron_full_496303,text,2,2,0,5,0,0,0
prefuzz,enron_full_497180,text,2,69,2,5,5,10,2
prefuzz,enron_full_498346,text,2,2,0,5,0,0,0
prefuzz,enron_full_498425,text,2,82,2,5,5,10,2
prefuzz,enron_full_498832,text,2,54,1,5,5,5,1
prefuzz,enron_full_499190,text,2,137,8,5,5,40,8
prefuzz,enron_full_499335,text,2,100,5,5,5,25,5
prefuzz,enron_full_500125,text,2,97,5,5,5,25,5
prefuzz,enron_full_500480,text,2,68,2,5,5,10,2
prefuzz,enron_full_500856,text,2,216,17,5,5,85,17
prefuzz,enron_full_501389,text,2,71,2,5,5,10,2
prefuzz,enron_full_501995,text,2,60,1,5,5,5,1
prefuzz,enron_full_503996,text,2,2,0,5,0,0,0
prefuzz,enron_full_504214,text,2,2,0,5,0,0,0
prefuzz,enron_full_504672,text,2,87,4,5,5,20,4
prefuzz,enron_full_506077,text,2,2,0,5,0,0,0
prefuzz,enron_full_506313,text,2,2,0,5,0,0,0
prefuzz,enron_full_506691,text,2,2,0,5,0,0,0
prefuzz,enron_full_506951,text,2,2,0,5,0,0,0
prefuzz,enron_full_508297,text,2,61,1,5,5,5,1
prefuzz,enron_full_508633,text,2,71,2,5,5,10,2
prefuzz,enron_full_509309,text,2,61,1,5,5,5,1
prefuzz,enron_full_509898,text,2,67,1,5,5,5,1
prefuzz,enron_full_511005,text,2,50,1,5,5,5,1
prefuzz,enron_full_513543,text,2,2,0,5,0,0,0
prefuzz,enron_full_513857,text,2,51,1,5,5,5,1
prefuzz,enron_full_514823,text,2,2,0,5,0,0,0
prefuzz,enron_full_514984,text,2,50,1,5,5,5,1
prefuzz,enron_full_515092,text,2,2,0,5,0,0,0
prefuzz,enron_full_515627,text,2,2,0,5,0,0,0
prefuzz,enron_full_515714,text,2,2,0,5,0,0,0
prefuzz,enron_full_516032,text,2,60,2,5,5,10,2
prefuzz,enron_full_516843,text,2,1,0,5,0,0,0
prefuzz,enron_full_516871,text,2,2,0,5,0,0,0
