scheme,threshold,repeat,query_id,group,latency_us,matched,best_distance,records_examined,bits_compared
simless,4,0,enron_full_000202,exact_ref,36115.023,1,0,413921,105963776
simless,5,0,enron_full_000202,exact_ref,36115.023,1,0,413921,105963776
simless,6,0,enron_full_000202,exact_ref,36115.023,1,0,413921,105963776
simless,5,0,enron_full_000664,exact_ref,26761.663,1,0,413921,105963776
simless,6,0,enron_full_000664,exact_ref,26761.663,1,0,413921,105963776
simless,4,0,enron_full_000664,exact_ref,26761.663,1,0,413921,105963776
simless,6,0,enron_full_001289,no_exact_ref,27856.170,0,70,413921,105963776
simless,4,0,enron_full_001289,no_exact_ref,27856.170,0,70,413921,105963776
simless,5,0,enron_full_001289,no_exact_ref,27856.170,0,70,413921,105963776
simless,4,0,enron_full_001379,no_exact_ref,28607.640,0,53,413921,105963776
simless,5,0,enron_full_001379,no_exact_ref,28607.640,0,53,413921,105963776
simless,6,0,enron_full_001379,no_exact_ref,28607.640,0,53,413921,105963776
simless,5,0,enron_full_001488,no_exact_ref,28940.518,0,44,413921,105963776
simless,6,0,enron_full_001488,no_exact_ref,28940.518,0,44,413921,105963776
simless,4,0,enron_full_001488,no_exact_ref,28940.518,0,44,413921,105963776
simless,6,0,enron_full_001525,exact_ref,26796.418,1,0,413921,105963776
simless,4,0,enron_full_001525,exact_ref,26796.418,1,0,413921,105963776
simless,5,0,enron_full_001525,exact_ref,26796.418,1,0,413921,105963776
simless,4,0,enron_full_002220,exact_ref,26896.661,1,0,413921,105963776
simless,5,0,enron_full_002220,exact_ref,26896.661,1,0,413921,105963776
simless,6,0,enron_full_002220,exact_ref,26896.661,1,0,413921,105963776
simless,5,0,enron_full_004616,exact_ref,27805.125,1,0,413921,105963776
simless,6,0,enron_full_004616,exact_ref,27805.125,1,0,413921,105963776
simless,4,0,enron_full_004616,exact_ref,27805.125,1,0,413921,105963776
simless,6,0,enron_full_005913,exact_ref,26933.486,1,0,413921,105963776
simless,4,0,enron_full_005913,exact_ref,26933.486,1,0,413921,105963776
simless,5,0,enron_full_005913,exact_ref,26933.486,1,0,413921,105963776
simless,4,0,enron_full_006211,exact_ref,27660.655,1,0,413921,105963776
simless,5,0,enron_full_006211,exact_ref,27660.655,1,0,413921,105963776
simless,6,0,enron_full_006211,exact_ref,27660.655,1,0,413921,105963776
simless,5,0,enron_full_006276,exact_ref,28811.083,1,0,413921,105963776
simless,6,0,enron_full_006276,exact_ref,28811.083,1,0,413921,105963776
simless,4,0,enron_full_006276,exact_ref,28811.083,1,0,413921,105963776
simless,6,0,enron_full_006379,no_exact_ref,27102.776,0,93,413921,105963776
simless,4,0,enron_full_006379,no_exact_ref,27102.776,0,93,413921,105963776
simless,5,0,enron_full_006379,no_exact_ref,27102.776,0,93,413921,105963776
simless,4,0,enron_full_006771,exact_ref,29165.768,1,0,413921,105963776
simless,5,0,enron_full_006771,exact_ref,29165.768,1,0,413921,105963776
simless,6,0,enron_full_006771,exact_ref,29165.768,1,0,413921,105963776
simless,5,0,enron_full_007411,no_exact_ref,30571.586,0,92,413921,105963776
simless,6,0,enron_full_007411,no_exact_ref,30571.586,0,92,413921,105963776
simless,4,0,enron_full_007411,no_exact_ref,30571.586,0,92,413921,105963776
simless,6,0,enron_full_008064,exact_ref,28531.967,1,0,413921,105963776
simless,4,0,enron_full_008064,exact_ref,28531.967,1,0,413921,105963776
simless,5,0,enron_full_008064,exact_ref,28531.967,1,0,413921,105963776
simless,4,0,enron_full_008136,no_exact_ref,28142.909,0,16,413921,105963776
simless,5,0,enron_full_008136,no_exact_ref,28142.909,0,16,413921,105963776
simless,6,0,enron_full_008136,no_exact_ref,28142.909,0,16,413921,105963776
simless,5,0,enron_full_008648,exact_ref,25918.171,1,0,413921,105963776
simless,6,0,enron_full_008648,exact_ref,25918.171,1,0,413921,105963776
simless,4,0,enron_full_008648,exact_ref,25918.171,1,0,413921,105963776
simless,6,0,enron_full_008924,exact_ref,27508.826,1,0,413921,105963776
simless,4,0,enron_full_008924,exact_ref,27508.826,1,0,413921,105963776
simless,5,0,enron_full_008924,exact_ref,27508.826,1,0,413921,105963776
simless,4,0,enron_full_009142,exact_ref,27608.587,1,0,413921,105963776
simless,5,0,enron_full_009142,exact_ref,27608.587,1,0,413921,105963776
simless,6,0,enron_full_009142,exact_ref,27608.587,1,0,413921,105963776
simless,5,0,enron_full_009200,exact_ref,27546.175,1,0,413921,105963776
simless,6,0,enron_full_009200,exact_ref,27546.175,1,0,413921,105963776
simless,4,0,enron_full_009200,exact_ref,27546.175,1,0,413921,105963776
simless,6,0,enron_full_009568,no_exact_ref,29025.427,0,91,413921,105963776
simless,4,0,enron_full_009568,no_exact_ref,29025.427,0,91,413921,105963776
simless,5,0,enron_full_009568,no_exact_ref,29025.427,0,91,413921,105963776
simless,4,0,enron_full_009735,no_exact_ref,26768.934,0,94,413921,105963776
simless,5,0,enron_full_009735,no_exact_ref,26768.934,0,94,413921,105963776
simless,6,0,enron_full_009735,no_exact_ref,26768.934,0,94,413921,105963776
simless,5,0,enron_full_011924,exact_ref,27177.180,1,0,413921,105963776
simless,6,0,enron_full_011924,exact_ref,27177.180,1,0,413921,105963776
simless,4,0,enron_full_011924,exact_ref,27177.180,1,0,413921,105963776
simless,6,0,enron_full_012156,exact_ref,27204.893,1,0,413921,105963776
simless,4,0,enron_full_012156,exact_ref,27204.893,1,0,413921,105963776
simless,5,0,enron_full_012156,exact_ref,27204.893,1,0,413921,105963776
simless,4,0,enron_full_012651,exact_ref,27944.102,1,0,413921,105963776
simless,5,0,enron_full_012651,exact_ref,27944.102,1,0,413921,105963776
simless,6,0,enron_full_012651,exact_ref,27944.102,1,0,413921,105963776
simless,5,0,enron_full_013576,exact_ref,29325.880,1,0,413921,105963776
simless,6,0,enron_full_013576,exact_ref,29325.880,1,0,413921,105963776
simless,4,0,enron_full_013576,exact_ref,29325.880,1,0,413921,105963776
simless,6,0,enron_full_013941,exact_ref,28707.521,1,0,413921,105963776
simless,4,0,enron_full_013941,exact_ref,28707.521,1,0,413921,105963776
simless,5,0,enron_full_013941,exact_ref,28707.521,1,0,413921,105963776
simless,4,0,enron_full_014539,exact_ref,27220.451,1,0,413921,105963776
simless,5,0,enron_full_014539,exact_ref,27220.451,1,0,413921,105963776
simless,6,0,enron_full_014539,exact_ref,27220.451,1,0,413921,105963776
simless,5,0,enron_full_014678,exact_ref,44926.199,1,0,413921,105963776
simless,6,0,enron_full_014678,exact_ref,44926.199,1,0,413921,105963776
simless,4,0,enron_full_014678,exact_ref,44926.199,1,0,413921,105963776
simless,6,0,enron_full_015568,exact_ref,29257.721,1,0,413921,105963776
simless,4,0,enron_full_015568,exact_ref,29257.721,1,0,413921,105963776
simless,5,0,enron_full_015568,exact_ref,29257.721,1,0,413921,105963776
simless,4,0,enron_full_015698,exact_ref,29330.562,1,0,413921,105963776
simless,5,0,enron_full_015698,exact_ref,29330.562,1,0,413921,105963776
simless,6,0,enron_full_015698,exact_ref,29330.562,1,0,413921,105963776
simless,5,0,enron_full_016017,exact_ref,29098.005,1,0,413921,105963776
simless,6,0,enron_full_016017,exact_ref,29098.005,1,0,413921,105963776
simless,4,0,enron_full_016017,exact_ref,29098.005,1,0,413921,105963776
simless,6,0,enron_full_017189,exact_ref,29320.307,1,0,413921,105963776
simless,4,0,enron_full_017189,exact_ref,29320.307,1,0,413921,105963776
simless,5,0,enron_full_017189,exact_ref,29320.307,1,0,413921,105963776
simless,4,0,enron_full_018163,no_exact_ref,29173.021,0,73,413921,105963776
simless,5,0,enron_full_018163,no_exact_ref,29173.021,0,73,413921,105963776
simless,6,0,enron_full_018163,no_exact_ref,29173.021,0,73,413921,105963776
simless,5,0,enron_full_018755,exact_ref,29428.625,1,0,413921,105963776
simless,6,0,enron_full_018755,exact_ref,29428.625,1,0,413921,105963776
simless,4,0,enron_full_018755,exact_ref,29428.625,1,0,413921,105963776
simless,6,0,enron_full_019153,exact_ref,29121.950,1,0,413921,105963776
simless,4,0,enron_full_019153,exact_ref,29121.950,1,0,413921,105963776
simless,5,0,enron_full_019153,exact_ref,29121.950,1,0,413921,105963776
simless,4,0,enron_full_019201,exact_ref,29289.441,1,0,413921,105963776
simless,5,0,enron_full_019201,exact_ref,29289.441,1,0,413921,105963776
simless,6,0,enron_full_019201,exact_ref,29289.441,1,0,413921,105963776
simless,5,0,enron_full_019604,no_exact_ref,30615.983,0,92,413921,105963776
simless,6,0,enron_full_019604,no_exact_ref,30615.983,0,92,413921,105963776
simless,4,0,enron_full_019604,no_exact_ref,30615.983,0,92,413921,105963776
simless,6,0,enron_full_019949,exact_ref,31025.637,1,0,413921,105963776
simless,4,0,enron_full_019949,exact_ref,31025.637,1,0,413921,105963776
simless,5,0,enron_full_019949,exact_ref,31025.637,1,0,413921,105963776
simless,4,0,enron_full_020401,no_exact_ref,30073.852,0,50,413921,105963776
simless,5,0,enron_full_020401,no_exact_ref,30073.852,0,50,413921,105963776
simless,6,0,enron_full_020401,no_exact_ref,30073.852,0,50,413921,105963776
simless,5,0,enron_full_020951,exact_ref,30462.688,1,0,413921,105963776
simless,6,0,enron_full_020951,exact_ref,30462.688,1,0,413921,105963776
simless,4,0,enron_full_020951,exact_ref,30462.688,1,0,413921,105963776
simless,6,0,enron_full_021195,exact_ref,29278.908,1,0,413921,105963776
simless,4,0,enron_full_021195,exact_ref,29278.908,1,0,413921,105963776
simless,5,0,enron_full_021195,exact_ref,29278.908,1,0,413921,105963776
simless,4,0,enron_full_021224,exact_ref,33867.682,1,0,413921,105963776
simless,5,0,enron_full_021224,exact_ref,33867.682,1,0,413921,105963776
simless,6,0,enron_full_021224,exact_ref,33867.682,1,0,413921,105963776
simless,5,0,enron_full_021900,exact_ref,32184.029,1,0,413921,105963776
simless,6,0,enron_full_021900,exact_ref,32184.029,1,0,413921,105963776
simless,4,0,enron_full_021900,exact_ref,32184.029,1,0,413921,105963776
simless,6,0,enron_full_022531,exact_ref,32232.662,1,0,413921,105963776
simless,4,0,enron_full_022531,exact_ref,32232.662,1,0,413921,105963776
simless,5,0,enron_full_022531,exact_ref,32232.662,1,0,413921,105963776
simless,4,0,enron_full_022683,exact_ref,30934.005,1,0,413921,105963776
simless,5,0,enron_full_022683,exact_ref,30934.005,1,0,413921,105963776
simless,6,0,enron_full_022683,exact_ref,30934.005,1,0,413921,105963776
simless,5,0,enron_full_022865,exact_ref,57251.951,1,0,413921,105963776
simless,6,0,enron_full_022865,exact_ref,57251.951,1,0,413921,105963776
simless,4,0,enron_full_022865,exact_ref,57251.951,1,0,413921,105963776
simless,6,0,enron_full_022972,exact_ref,32163.525,1,0,413921,105963776
simless,4,0,enron_full_022972,exact_ref,32163.525,1,0,413921,105963776
simless,5,0,enron_full_022972,exact_ref,32163.525,1,0,413921,105963776
simless,4,0,enron_full_024952,no_exact_ref,29660.456,0,72,413921,105963776
simless,5,0,enron_full_024952,no_exact_ref,29660.456,0,72,413921,105963776
simless,6,0,enron_full_024952,no_exact_ref,29660.456,0,72,413921,105963776
simless,5,0,enron_full_025050,exact_ref,29259.655,1,0,413921,105963776
simless,6,0,enron_full_025050,exact_ref,29259.655,1,0,413921,105963776
simless,4,0,enron_full_025050,exact_ref,29259.655,1,0,413921,105963776
simless,6,0,enron_full_026603,exact_ref,27536.389,1,0,413921,105963776
simless,4,0,enron_full_026603,exact_ref,27536.389,1,0,413921,105963776
simless,5,0,enron_full_026603,exact_ref,27536.389,1,0,413921,105963776
simless,4,0,enron_full_026721,exact_ref,26539.301,1,0,413921,105963776
simless,5,0,enron_full_026721,exact_ref,26539.301,1,0,413921,105963776
simless,6,0,enron_full_026721,exact_ref,26539.301,1,0,413921,105963776
simless,5,0,enron_full_027643,exact_ref,27184.712,1,0,413921,105963776
simless,6,0,enron_full_027643,exact_ref,27184.712,1,0,413921,105963776
simless,4,0,enron_full_027643,exact_ref,27184.712,1,0,413921,105963776
simless,6,0,enron_full_027693,exact_ref,26812.912,1,0,413921,105963776
simless,4,0,enron_full_027693,exact_ref,26812.912,1,0,413921,105963776
simless,5,0,enron_full_027693,exact_ref,26812.912,1,0,413921,105963776
simless,4,0,enron_full_027925,exact_ref,26612.076,1,0,413921,105963776
simless,5,0,enron_full_027925,exact_ref,26612.076,1,0,413921,105963776
simless,6,0,enron_full_027925,exact_ref,26612.076,1,0,413921,105963776
simless,5,0,enron_full_028250,exact_ref,27729.647,1,0,413921,105963776
simless,6,0,enron_full_028250,exact_ref,27729.647,1,0,413921,105963776
simless,4,0,enron_full_028250,exact_ref,27729.647,1,0,413921,105963776
simless,6,0,enron_full_028591,exact_ref,27350.952,1,0,413921,105963776
simless,4,0,enron_full_028591,exact_ref,27350.952,1,0,413921,105963776
simless,5,0,enron_full_028591,exact_ref,27350.952,1,0,413921,105963776
simless,4,0,enron_full_028607,no_exact_ref,27198.887,0,91,413921,105963776
simless,5,0,enron_full_028607,no_exact_ref,27198.887,0,91,413921,105963776
simless,6,0,enron_full_028607,no_exact_ref,27198.887,0,91,413921,105963776
simless,5,0,enron_full_029506,no_exact_ref,27573.035,0,90,413921,105963776
simless,6,0,enron_full_029506,no_exact_ref,27573.035,0,90,413921,105963776
simless,4,0,enron_full_029506,no_exact_ref,27573.035,0,90,413921,105963776
simless,6,0,enron_full_030144,exact_ref,26749.261,1,0,413921,105963776
simless,4,0,enron_full_030144,exact_ref,26749.261,1,0,413921,105963776
simless,5,0,enron_full_030144,exact_ref,26749.261,1,0,413921,105963776
simless,4,0,enron_full_031433,exact_ref,28756.415,1,0,413921,105963776
simless,5,0,enron_full_031433,exact_ref,28756.415,1,0,413921,105963776
simless,6,0,enron_full_031433,exact_ref,28756.415,1,0,413921,105963776
simless,5,0,enron_full_031542,exact_ref,29429.870,1,0,413921,105963776
simless,6,0,enron_full_031542,exact_ref,29429.870,1,0,413921,105963776
simless,4,0,enron_full_031542,exact_ref,29429.870,1,0,413921,105963776
simless,6,0,enron_full_031612,exact_ref,29420.927,1,0,413921,105963776
simless,4,0,enron_full_031612,exact_ref,29420.927,1,0,413921,105963776
simless,5,0,enron_full_031612,exact_ref,29420.927,1,0,413921,105963776
simless,4,0,enron_full_031680,exact_ref,28700.893,1,0,413921,105963776
simless,5,0,enron_full_031680,exact_ref,28700.893,1,0,413921,105963776
simless,6,0,enron_full_031680,exact_ref,28700.893,1,0,413921,105963776
simless,5,0,enron_full_032079,no_exact_ref,28877.035,0,49,413921,105963776
simless,6,0,enron_full_032079,no_exact_ref,28877.035,0,49,413921,105963776
simless,4,0,enron_full_032079,no_exact_ref,28877.035,0,49,413921,105963776
simless,6,0,enron_full_032704,exact_ref,27835.552,1,0,413921,105963776
simless,4,0,enron_full_032704,exact_ref,27835.552,1,0,413921,105963776
simless,5,0,enron_full_032704,exact_ref,27835.552,1,0,413921,105963776
simless,4,0,enron_full_033187,no_exact_ref,26794.720,0,13,413921,105963776
simless,5,0,enron_full_033187,no_exact_ref,26794.720,0,13,413921,105963776
simless,6,0,enron_full_033187,no_exact_ref,26794.720,0,13,413921,105963776
simless,5,0,enron_full_033628,no_exact_ref,26892.078,1,0,413921,105963776
simless,6,0,enron_full_033628,no_exact_ref,26892.078,1,0,413921,105963776
simless,4,0,enron_full_033628,no_exact_ref,26892.078,1,0,413921,105963776
simless,6,0,enron_full_034178,no_exact_ref,26283.261,0,93,413921,105963776
simless,4,0,enron_full_034178,no_exact_ref,26283.261,0,93,413921,105963776
simless,5,0,enron_full_034178,no_exact_ref,26283.261,0,93,413921,105963776
simless,4,0,enron_full_034530,no_exact_ref,26379.038,0,36,413921,105963776
simless,5,0,enron_full_034530,no_exact_ref,26379.038,0,36,413921,105963776
simless,6,0,enron_full_034530,no_exact_ref,26379.038,0,36,413921,105963776
simless,5,0,enron_full_035481,no_exact_ref,26469.241,0,51,413921,105963776
simless,6,0,enron_full_035481,no_exact_ref,26469.241,0,51,413921,105963776
simless,4,0,enron_full_035481,no_exact_ref,26469.241,0,51,413921,105963776
simless,6,0,enron_full_035578,no_exact_ref,26013.574,0,30,413921,105963776
simless,4,0,enron_full_035578,no_exact_ref,26013.574,0,30,413921,105963776
simless,5,0,enron_full_035578,no_exact_ref,26013.574,0,30,413921,105963776
simless,4,0,enron_full_035695,no_exact_ref,26260.153,0,47,413921,105963776
simless,5,0,enron_full_035695,no_exact_ref,26260.153,0,47,413921,105963776
simless,6,0,enron_full_035695,no_exact_ref,26260.153,0,47,413921,105963776
simless,5,0,enron_full_035726,no_exact_ref,27528.624,0,37,413921,105963776
simless,6,0,enron_full_035726,no_exact_ref,27528.624,0,37,413921,105963776
simless,4,0,enron_full_035726,no_exact_ref,27528.624,0,37,413921,105963776
simless,6,0,enron_full_035827,no_exact_ref,28566.470,0,85,413921,105963776
simless,4,0,enron_full_035827,no_exact_ref,28566.470,0,85,413921,105963776
simless,5,0,enron_full_035827,no_exact_ref,28566.470,0,85,413921,105963776
simless,4,0,enron_full_035969,no_exact_ref,28740.073,0,89,413921,105963776
simless,5,0,enron_full_035969,no_exact_ref,28740.073,0,89,413921,105963776
simless,6,0,enron_full_035969,no_exact_ref,28740.073,0,89,413921,105963776
simless,5,0,enron_full_035998,no_exact_ref,26321.622,0,38,413921,105963776
simless,6,0,enron_full_035998,no_exact_ref,26321.622,0,38,413921,105963776
simless,4,0,enron_full_035998,no_exact_ref,26321.622,0,38,413921,105963776
simless,6,0,enron_full_038008,no_exact_ref,26092.250,0,69,413921,105963776
simless,4,0,enron_full_038008,no_exact_ref,26092.250,0,69,413921,105963776
simless,5,0,enron_full_038008,no_exact_ref,26092.250,0,69,413921,105963776
simless,4,0,enron_full_040212,no_exact_ref,26411.047,0,46,413921,105963776
simless,5,0,enron_full_040212,no_exact_ref,26411.047,0,46,413921,105963776
simless,6,0,enron_full_040212,no_exact_ref,26411.047,0,46,413921,105963776
simless,5,0,enron_full_040615,exact_ref,26078.446,1,0,413921,105963776
simless,6,0,enron_full_040615,exact_ref,26078.446,1,0,413921,105963776
simless,4,0,enron_full_040615,exact_ref,26078.446,1,0,413921,105963776
simless,6,0,enron_full_041235,exact_ref,26325.988,1,0,413921,105963776
simless,4,0,enron_full_041235,exact_ref,26325.988,1,0,413921,105963776
simless,5,0,enron_full_041235,exact_ref,26325.988,1,0,413921,105963776
simless,4,0,enron_full_042132,exact_ref,28164.101,1,0,413921,105963776
simless,5,0,enron_full_042132,exact_ref,28164.101,1,0,413921,105963776
simless,6,0,enron_full_042132,exact_ref,28164.101,1,0,413921,105963776
simless,5,0,enron_full_045885,exact_ref,29031.745,1,0,413921,105963776
simless,6,0,enron_full_045885,exact_ref,29031.745,1,0,413921,105963776
simless,4,0,enron_full_045885,exact_ref,29031.745,1,0,413921,105963776
simless,6,0,enron_full_046009,exact_ref,29054.265,1,0,413921,105963776
simless,4,0,enron_full_046009,exact_ref,29054.265,1,0,413921,105963776
simless,5,0,enron_full_046009,exact_ref,29054.265,1,0,413921,105963776
simless,4,0,enron_full_046306,exact_ref,28361.373,1,0,413921,105963776
simless,5,0,enron_full_046306,exact_ref,28361.373,1,0,413921,105963776
simless,6,0,enron_full_046306,exact_ref,28361.373,1,0,413921,105963776
simless,5,0,enron_full_046840,exact_ref,27609.192,1,0,413921,105963776
simless,6,0,enron_full_046840,exact_ref,27609.192,1,0,413921,105963776
simless,4,0,enron_full_046840,exact_ref,27609.192,1,0,413921,105963776
simless,6,0,enron_full_047084,no_exact_ref,29095.860,0,46,413921,105963776
simless,4,0,enron_full_047084,no_exact_ref,29095.860,0,46,413921,105963776
simless,5,0,enron_full_047084,no_exact_ref,29095.860,0,46,413921,105963776
simless,4,0,enron_full_047376,exact_ref,28914.335,1,0,413921,105963776
simless,5,0,enron_full_047376,exact_ref,28914.335,1,0,413921,105963776
simless,6,0,enron_full_047376,exact_ref,28914.335,1,0,413921,105963776
simless,5,0,enron_full_047738,exact_ref,28793.380,1,0,413921,105963776
simless,6,0,enron_full_047738,exact_ref,28793.380,1,0,413921,105963776
simless,4,0,enron_full_047738,exact_ref,28793.380,1,0,413921,105963776
simless,6,0,enron_full_047772,no_exact_ref,27646.523,0,41,413921,105963776
simless,4,0,enron_full_047772,no_exact_ref,27646.523,0,41,413921,105963776
simless,5,0,enron_full_047772,no_exact_ref,27646.523,0,41,413921,105963776
simless,4,0,enron_full_048185,no_exact_ref,27572.996,0,91,413921,105963776
simless,5,0,enron_full_048185,no_exact_ref,27572.996,0,91,413921,105963776
simless,6,0,enron_full_048185,no_exact_ref,27572.996,0,91,413921,105963776
simless,5,0,enron_full_048713,no_exact_ref,28913.645,0,86,413921,105963776
simless,6,0,enron_full_048713,no_exact_ref,28913.645,0,86,413921,105963776
simless,4,0,enron_full_048713,no_exact_ref,28913.645,0,86,413921,105963776
simless,6,0,enron_full_049016,no_exact_ref,27966.990,0,83,413921,105963776
simless,4,0,enron_full_049016,no_exact_ref,27966.990,0,83,413921,105963776
simless,5,0,enron_full_049016,no_exact_ref,27966.990,0,83,413921,105963776
simless,4,0,enron_full_049875,no_exact_ref,27902.439,0,50,413921,105963776
simless,5,0,enron_full_049875,no_exact_ref,27902.439,0,50,413921,105963776
simless,6,0,enron_full_049875,no_exact_ref,27902.439,0,50,413921,105963776
simless,5,0,enron_full_050163,exact_ref,28001.001,1,0,413921,105963776
simless,6,0,enron_full_050163,exact_ref,28001.001,1,0,413921,105963776
simless,4,0,enron_full_050163,exact_ref,28001.001,1,0,413921,105963776
simless,6,0,enron_full_050258,exact_ref,27768.747,1,0,413921,105963776
simless,4,0,enron_full_050258,exact_ref,27768.747,1,0,413921,105963776
simless,5,0,enron_full_050258,exact_ref,27768.747,1,0,413921,105963776
simless,4,0,enron_full_050705,no_exact_ref,28012.741,0,34,413921,105963776
simless,5,0,enron_full_050705,no_exact_ref,28012.741,0,34,413921,105963776
simless,6,0,enron_full_050705,no_exact_ref,28012.741,0,34,413921,105963776
simless,5,0,enron_full_050719,no_exact_ref,28688.067,0,59,413921,105963776
simless,6,0,enron_full_050719,no_exact_ref,28688.067,0,59,413921,105963776
simless,4,0,enron_full_050719,no_exact_ref,28688.067,0,59,413921,105963776
simless,6,0,enron_full_051118,no_exact_ref,28514.576,0,94,413921,105963776
simless,4,0,enron_full_051118,no_exact_ref,28514.576,0,94,413921,105963776
simless,5,0,enron_full_051118,no_exact_ref,28514.576,0,94,413921,105963776
simless,4,0,enron_full_051633,no_exact_ref,29165.665,0,54,413921,105963776
simless,5,0,enron_full_051633,no_exact_ref,29165.665,0,54,413921,105963776
simless,6,0,enron_full_051633,no_exact_ref,29165.665,0,54,413921,105963776
simless,5,0,enron_full_052109,exact_ref,30017.506,1,0,413921,105963776
simless,6,0,enron_full_052109,exact_ref,30017.506,1,0,413921,105963776
simless,4,0,enron_full_052109,exact_ref,30017.506,1,0,413921,105963776
simless,6,0,enron_full_052243,exact_ref,29437.148,1,0,413921,105963776
simless,4,0,enron_full_052243,exact_ref,29437.148,1,0,413921,105963776
simless,5,0,enron_full_052243,exact_ref,29437.148,1,0,413921,105963776
simless,4,0,enron_full_052699,no_exact_ref,28858.258,0,88,413921,105963776
simless,5,0,enron_full_052699,no_exact_ref,28858.258,0,88,413921,105963776
simless,6,0,enron_full_052699,no_exact_ref,28858.258,0,88,413921,105963776
simless,5,0,enron_full_052941,no_exact_ref,28241.902,0,92,413921,105963776
simless,6,0,enron_full_052941,no_exact_ref,28241.902,0,92,413921,105963776
simless,4,0,enron_full_052941,no_exact_ref,28241.902,0,92,413921,105963776
simless,6,0,enron_full_053517,no_exact_ref,29187.212,0,50,413921,105963776
simless,4,0,enron_full_053517,no_exact_ref,29187.212,0,50,413921,105963776
simless,5,0,enron_full_053517,no_exact_ref,29187.212,0,50,413921,105963776
simless,4,0,enron_full_053522,no_exact_ref,29461.642,0,92,413921,105963776
simless,5,0,enron_full_053522,no_exact_ref,29461.642,0,92,413921,105963776
simless,6,0,enron_full_053522,no_exact_ref,29461.642,0,92,413921,105963776
simless,5,0,enron_full_054174,no_exact_ref,29342.354,0,94,413921,105963776
simless,6,0,enron_full_054174,no_exact_ref,29342.354,0,94,413921,105963776
simless,4,0,enron_full_054174,no_exact_ref,29342.354,0,94,413921,105963776
simless,6,0,enron_full_055270,no_exact_ref,28634.249,0,89,413921,105963776
simless,4,0,enron_full_055270,no_exact_ref,28634.249,0,89,413921,105963776
simless,5,0,enron_full_055270,no_exact_ref,28634.249,0,89,413921,105963776
simless,4,0,enron_full_055462,exact_ref,28466.928,1,0,413921,105963776
simless,5,0,enron_full_055462,exact_ref,28466.928,1,0,413921,105963776
simless,6,0,enron_full_055462,exact_ref,28466.928,1,0,413921,105963776
simless,5,0,enron_full_056138,exact_ref,27832.653,1,0,413921,105963776
simless,6,0,enron_full_056138,exact_ref,27832.653,1,0,413921,105963776
simless,4,0,enron_full_056138,exact_ref,27832.653,1,0,413921,105963776
simless,6,0,enron_full_056670,exact_ref,28865.461,1,0,413921,105963776
simless,4,0,enron_full_056670,exact_ref,28865.461,1,0,413921,105963776
simless,5,0,enron_full_056670,exact_ref,28865.461,1,0,413921,105963776
simless,4,0,enron_full_056953,no_exact_ref,28869.157,0,44,413921,105963776
simless,5,0,enron_full_056953,no_exact_ref,28869.157,0,44,413921,105963776
simless,6,0,enron_full_056953,no_exact_ref,28869.157,0,44,413921,105963776
simless,5,0,enron_full_057268,exact_ref,29540.921,1,0,413921,105963776
simless,6,0,enron_full_057268,exact_ref,29540.921,1,0,413921,105963776
simless,4,0,enron_full_057268,exact_ref,29540.921,1,0,413921,105963776
simless,6,0,enron_full_057321,no_exact_ref,29571.006,0,51,413921,105963776
simless,4,0,enron_full_057321,no_exact_ref,29571.006,0,51,413921,105963776
simless,5,0,enron_full_057321,no_exact_ref,29571.006,0,51,413921,105963776
simless,4,0,enron_full_057826,no_exact_ref,28380.237,0,89,413921,105963776
simless,5,0,enron_full_057826,no_exact_ref,28380.237,0,89,413921,105963776
simless,6,0,enron_full_057826,no_exact_ref,28380.237,0,89,413921,105963776
simless,5,0,enron_full_058046,exact_ref,27969.581,1,0,413921,105963776
simless,6,0,enron_full_058046,exact_ref,27969.581,1,0,413921,105963776
simless,4,0,enron_full_058046,exact_ref,27969.581,1,0,413921,105963776
simless,6,0,enron_full_058254,exact_ref,29339.915,1,0,413921,105963776
simless,4,0,enron_full_058254,exact_ref,29339.915,1,0,413921,105963776
simless,5,0,enron_full_058254,exact_ref,29339.915,1,0,413921,105963776
simless,4,0,enron_full_058415,no_exact_ref,29554.306,0,82,413921,105963776
simless,5,0,enron_full_058415,no_exact_ref,29554.306,0,82,413921,105963776
simless,6,0,enron_full_058415,no_exact_ref,29554.306,0,82,413921,105963776
simless,5,0,enron_full_059797,exact_ref,29416.822,1,0,413921,105963776
simless,6,0,enron_full_059797,exact_ref,29416.822,1,0,413921,105963776
simless,4,0,enron_full_059797,exact_ref,29416.822,1,0,413921,105963776
simless,6,0,enron_full_060370,exact_ref,29203.258,1,0,413921,105963776
simless,4,0,enron_full_060370,exact_ref,29203.258,1,0,413921,105963776
simless,5,0,enron_full_060370,exact_ref,29203.258,1,0,413921,105963776
simless,4,0,enron_full_060846,exact_ref,28177.053,1,0,413921,105963776
simless,5,0,enron_full_060846,exact_ref,28177.053,1,0,413921,105963776
simless,6,0,enron_full_060846,exact_ref,28177.053,1,0,413921,105963776
simless,5,0,enron_full_062151,exact_ref,28676.661,1,0,413921,105963776
simless,6,0,enron_full_062151,exact_ref,28676.661,1,0,413921,105963776
simless,4,0,enron_full_062151,exact_ref,28676.661,1,0,413921,105963776
simless,6,0,enron_full_062439,exact_ref,28330.338,1,0,413921,105963776
simless,4,0,enron_full_062439,exact_ref,28330.338,1,0,413921,105963776
simless,5,0,enron_full_062439,exact_ref,28330.338,1,0,413921,105963776
simless,4,0,enron_full_063833,exact_ref,28632.059,1,0,413921,105963776
simless,5,0,enron_full_063833,exact_ref,28632.059,1,0,413921,105963776
simless,6,0,enron_full_063833,exact_ref,28632.059,1,0,413921,105963776
simless,5,0,enron_full_063839,exact_ref,30005.184,1,0,413921,105963776
simless,6,0,enron_full_063839,exact_ref,30005.184,1,0,413921,105963776
simless,4,0,enron_full_063839,exact_ref,30005.184,1,0,413921,105963776
simless,6,0,enron_full_064172,exact_ref,30184.145,1,0,413921,105963776
simless,4,0,enron_full_064172,exact_ref,30184.145,1,0,413921,105963776
simless,5,0,enron_full_064172,exact_ref,30184.145,1,0,413921,105963776
simless,4,0,enron_full_064231,exact_ref,30026.352,1,0,413921,105963776
simless,5,0,enron_full_064231,exact_ref,30026.352,1,0,413921,105963776
simless,6,0,enron_full_064231,exact_ref,30026.352,1,0,413921,105963776
simless,5,0,enron_full_064607,exact_ref,29726.156,1,0,413921,105963776
simless,6,0,enron_full_064607,exact_ref,29726.156,1,0,413921,105963776
simless,4,0,enron_full_064607,exact_ref,29726.156,1,0,413921,105963776
simless,6,0,enron_full_065332,exact_ref,28676.290,1,0,413921,105963776
simless,4,0,enron_full_065332,exact_ref,28676.290,1,0,413921,105963776
simless,5,0,enron_full_065332,exact_ref,28676.290,1,0,413921,105963776
simless,4,0,enron_full_065814,exact_ref,28056.373,1,0,413921,105963776
simless,5,0,enron_full_065814,exact_ref,28056.373,1,0,413921,105963776
simless,6,0,enron_full_065814,exact_ref,28056.373,1,0,413921,105963776
simless,5,0,enron_full_066742,no_exact_ref,28698.625,0,37,413921,105963776
simless,6,0,enron_full_066742,no_exact_ref,28698.625,0,37,413921,105963776
simless,4,0,enron_full_066742,no_exact_ref,28698.625,0,37,413921,105963776
simless,6,0,enron_full_067365,exact_ref,28475.473,1,0,413921,105963776
simless,4,0,enron_full_067365,exact_ref,28475.473,1,0,413921,105963776
simless,5,0,enron_full_067365,exact_ref,28475.473,1,0,413921,105963776
simless,4,0,enron_full_067727,exact_ref,28181.535,1,0,413921,105963776
simless,5,0,enron_full_067727,exact_ref,28181.535,1,0,413921,105963776
simless,6,0,enron_full_067727,exact_ref,28181.535,1,0,413921,105963776
simless,5,0,enron_full_067752,exact_ref,27976.407,1,0,413921,105963776
simless,6,0,enron_full_067752,exact_ref,27976.407,1,0,413921,105963776
simless,4,0,enron_full_067752,exact_ref,27976.407,1,0,413921,105963776
simless,6,0,enron_full_068258,no_exact_ref,28689.540,0,92,413921,105963776
simless,4,0,enron_full_068258,no_exact_ref,28689.540,0,92,413921,105963776
simless,5,0,enron_full_068258,no_exact_ref,28689.540,0,92,413921,105963776
simless,4,0,enron_full_068541,no_exact_ref,28429.591,1,1,413921,105963776
simless,5,0,enron_full_068541,no_exact_ref,28429.591,1,1,413921,105963776
simless,6,0,enron_full_068541,no_exact_ref,28429.591,1,1,413921,105963776
simless,5,0,enron_full_068714,no_exact_ref,28659.269,1,0,413921,105963776
simless,6,0,enron_full_068714,no_exact_ref,28659.269,1,0,413921,105963776
simless,4,0,enron_full_068714,no_exact_ref,28659.269,1,0,413921,105963776
simless,6,0,enron_full_068948,no_exact_ref,28755.271,0,58,413921,105963776
simless,4,0,enron_full_068948,no_exact_ref,28755.271,0,58,413921,105963776
simless,5,0,enron_full_068948,no_exact_ref,28755.271,0,58,413921,105963776
simless,4,0,enron_full_069168,exact_ref,30549.596,1,0,413921,105963776
simless,5,0,enron_full_069168,exact_ref,30549.596,1,0,413921,105963776
simless,6,0,enron_full_069168,exact_ref,30549.596,1,0,413921,105963776
simless,5,0,enron_full_069488,no_exact_ref,28831.781,0,21,413921,105963776
simless,6,0,enron_full_069488,no_exact_ref,28831.781,0,21,413921,105963776
simless,4,0,enron_full_069488,no_exact_ref,28831.781,0,21,413921,105963776
simless,6,0,enron_full_070382,no_exact_ref,29126.840,0,90,413921,105963776
simless,4,0,enron_full_070382,no_exact_ref,29126.840,0,90,413921,105963776
simless,5,0,enron_full_070382,no_exact_ref,29126.840,0,90,413921,105963776
simless,4,0,enron_full_071706,exact_ref,28479.612,1,0,413921,105963776
simless,5,0,enron_full_071706,exact_ref,28479.612,1,0,413921,105963776
simless,6,0,enron_full_071706,exact_ref,28479.612,1,0,413921,105963776
simless,5,0,enron_full_071944,exact_ref,29207.652,1,0,413921,105963776
simless,6,0,enron_full_071944,exact_ref,29207.652,1,0,413921,105963776
simless,4,0,enron_full_071944,exact_ref,29207.652,1,0,413921,105963776
simless,6,0,enron_full_072801,exact_ref,28962.967,1,0,413921,105963776
simless,4,0,enron_full_072801,exact_ref,28962.967,1,0,413921,105963776
simless,5,0,enron_full_072801,exact_ref,28962.967,1,0,413921,105963776
simless,4,0,enron_full_073237,exact_ref,28619.079,1,0,413921,105963776
simless,5,0,enron_full_073237,exact_ref,28619.079,1,0,413921,105963776
simless,6,0,enron_full_073237,exact_ref,28619.079,1,0,413921,105963776
simless,5,0,enron_full_075726,exact_ref,30089.723,1,0,413921,105963776
simless,6,0,enron_full_075726,exact_ref,30089.723,1,0,413921,105963776
simless,4,0,enron_full_075726,exact_ref,30089.723,1,0,413921,105963776
simless,6,0,enron_full_076089,exact_ref,30100.306,1,0,413921,105963776
simless,4,0,enron_full_076089,exact_ref,30100.306,1,0,413921,105963776
simless,5,0,enron_full_076089,exact_ref,30100.306,1,0,413921,105963776
simless,4,0,enron_full_078045,no_exact_ref,30389.523,0,94,413921,105963776
simless,5,0,enron_full_078045,no_exact_ref,30389.523,0,94,413921,105963776
simless,6,0,enron_full_078045,no_exact_ref,30389.523,0,94,413921,105963776
simless,5,0,enron_full_078949,exact_ref,30744.342,1,0,413921,105963776
simless,6,0,enron_full_078949,exact_ref,30744.342,1,0,413921,105963776
simless,4,0,enron_full_078949,exact_ref,30744.342,1,0,413921,105963776
simless,6,0,enron_full_080332,no_exact_ref,29937.894,0,85,413921,105963776
simless,4,0,enron_full_080332,no_exact_ref,29937.894,0,85,413921,105963776
simless,5,0,enron_full_080332,no_exact_ref,29937.894,0,85,413921,105963776
simless,4,0,enron_full_080731,exact_ref,30125.141,1,0,413921,105963776
simless,5,0,enron_full_080731,exact_ref,30125.141,1,0,413921,105963776
simless,6,0,enron_full_080731,exact_ref,30125.141,1,0,413921,105963776
simless,5,0,enron_full_081565,exact_ref,31303.820,1,0,413921,105963776
simless,6,0,enron_full_081565,exact_ref,31303.820,1,0,413921,105963776
simless,4,0,enron_full_081565,exact_ref,31303.820,1,0,413921,105963776
simless,6,0,enron_full_081601,exact_ref,29662.313,1,0,413921,105963776
simless,4,0,enron_full_081601,exact_ref,29662.313,1,0,413921,105963776
simless,5,0,enron_full_081601,exact_ref,29662.313,1,0,413921,105963776
simless,4,0,enron_full_081707,exact_ref,28878.041,1,0,413921,105963776
simless,5,0,enron_full_081707,exact_ref,28878.041,1,0,413921,105963776
simless,6,0,enron_full_081707,exact_ref,28878.041,1,0,413921,105963776
simless,5,0,enron_full_082681,no_exact_ref,28792.168,0,92,413921,105963776
simless,6,0,enron_full_082681,no_exact_ref,28792.168,0,92,413921,105963776
simless,4,0,enron_full_082681,no_exact_ref,28792.168,0,92,413921,105963776
simless,6,0,enron_full_085442,exact_ref,28880.402,1,0,413921,105963776
simless,4,0,enron_full_085442,exact_ref,28880.402,1,0,413921,105963776
simless,5,0,enron_full_085442,exact_ref,28880.402,1,0,413921,105963776
simless,4,0,enron_full_085751,exact_ref,28647.432,1,0,413921,105963776
simless,5,0,enron_full_085751,exact_ref,28647.432,1,0,413921,105963776
simless,6,0,enron_full_085751,exact_ref,28647.432,1,0,413921,105963776
simless,5,0,enron_full_086327,no_exact_ref,27552.102,0,12,413921,105963776
simless,6,0,enron_full_086327,no_exact_ref,27552.102,0,12,413921,105963776
simless,4,0,enron_full_086327,no_exact_ref,27552.102,0,12,413921,105963776
simless,6,0,enron_full_087697,no_exact_ref,25942.390,0,40,413921,105963776
simless,4,0,enron_full_087697,no_exact_ref,25942.390,0,40,413921,105963776
simless,5,0,enron_full_087697,no_exact_ref,25942.390,0,40,413921,105963776
simless,4,0,enron_full_088138,exact_ref,25866.612,1,0,413921,105963776
simless,5,0,enron_full_088138,exact_ref,25866.612,1,0,413921,105963776
simless,6,0,enron_full_088138,exact_ref,25866.612,1,0,413921,105963776
simless,5,0,enron_full_088307,exact_ref,25911.372,1,0,413921,105963776
simless,6,0,enron_full_088307,exact_ref,25911.372,1,0,413921,105963776
simless,4,0,enron_full_088307,exact_ref,25911.372,1,0,413921,105963776
simless,6,0,enron_full_088336,exact_ref,29039.547,1,0,413921,105963776
simless,4,0,enron_full_088336,exact_ref,29039.547,1,0,413921,105963776
simless,5,0,enron_full_088336,exact_ref,29039.547,1,0,413921,105963776
simless,4,0,enron_full_089344,exact_ref,30979.729,1,0,413921,105963776
simless,5,0,enron_full_089344,exact_ref,30979.729,1,0,413921,105963776
simless,6,0,enron_full_089344,exact_ref,30979.729,1,0,413921,105963776
simless,5,0,enron_full_089451,exact_ref,28580.342,1,0,413921,105963776
simless,6,0,enron_full_089451,exact_ref,28580.342,1,0,413921,105963776
simless,4,0,enron_full_089451,exact_ref,28580.342,1,0,413921,105963776
simless,6,0,enron_full_090248,exact_ref,26911.296,1,0,413921,105963776
simless,4,0,enron_full_090248,exact_ref,26911.296,1,0,413921,105963776
simless,5,0,enron_full_090248,exact_ref,26911.296,1,0,413921,105963776
simless,4,0,enron_full_091044,exact_ref,27720.983,1,0,413921,105963776
simless,5,0,enron_full_091044,exact_ref,27720.983,1,0,413921,105963776
simless,6,0,enron_full_091044,exact_ref,27720.983,1,0,413921,105963776
simless,5,0,enron_full_091307,exact_ref,29912.905,1,0,413921,105963776
simless,6,0,enron_full_091307,exact_ref,29912.905,1,0,413921,105963776
simless,4,0,enron_full_091307,exact_ref,29912.905,1,0,413921,105963776
simless,6,0,enron_full_092251,no_exact_ref,28600.932,0,92,413921,105963776
simless,4,0,enron_full_092251,no_exact_ref,28600.932,0,92,413921,105963776
simless,5,0,enron_full_092251,no_exact_ref,28600.932,0,92,413921,105963776
simless,4,0,enron_full_092316,no_exact_ref,28906.196,0,72,413921,105963776
simless,5,0,enron_full_092316,no_exact_ref,28906.196,0,72,413921,105963776
simless,6,0,enron_full_092316,no_exact_ref,28906.196,0,72,413921,105963776
simless,5,0,enron_full_092765,no_exact_ref,27915.134,0,93,413921,105963776
simless,6,0,enron_full_092765,no_exact_ref,27915.134,0,93,413921,105963776
simless,4,0,enron_full_092765,no_exact_ref,27915.134,0,93,413921,105963776
simless,6,0,enron_full_093576,no_exact_ref,26708.491,0,91,413921,105963776
simless,4,0,enron_full_093576,no_exact_ref,26708.491,0,91,413921,105963776
simless,5,0,enron_full_093576,no_exact_ref,26708.491,0,91,413921,105963776
simless,4,0,enron_full_094577,exact_ref,27172.415,1,0,413921,105963776
simless,5,0,enron_full_094577,exact_ref,27172.415,1,0,413921,105963776
simless,6,0,enron_full_094577,exact_ref,27172.415,1,0,413921,105963776
simless,5,0,enron_full_094590,no_exact_ref,27114.321,0,21,413921,105963776
simless,6,0,enron_full_094590,no_exact_ref,27114.321,0,21,413921,105963776
simless,4,0,enron_full_094590,no_exact_ref,27114.321,0,21,413921,105963776
simless,6,0,enron_full_094757,no_exact_ref,26304.467,0,45,413921,105963776
simless,4,0,enron_full_094757,no_exact_ref,26304.467,0,45,413921,105963776
simless,5,0,enron_full_094757,no_exact_ref,26304.467,0,45,413921,105963776
simless,4,0,enron_full_095403,exact_ref,28368.153,1,0,413921,105963776
simless,5,0,enron_full_095403,exact_ref,28368.153,1,0,413921,105963776
simless,6,0,enron_full_095403,exact_ref,28368.153,1,0,413921,105963776
simless,5,0,enron_full_096327,exact_ref,29677.331,1,0,413921,105963776
simless,6,0,enron_full_096327,exact_ref,29677.331,1,0,413921,105963776
simless,4,0,enron_full_096327,exact_ref,29677.331,1,0,413921,105963776
simless,6,0,enron_full_096329,exact_ref,28737.295,1,0,413921,105963776
simless,4,0,enron_full_096329,exact_ref,28737.295,1,0,413921,105963776
simless,5,0,enron_full_096329,exact_ref,28737.295,1,0,413921,105963776
simless,4,0,enron_full_098210,exact_ref,26688.306,1,0,413921,105963776
simless,5,0,enron_full_098210,exact_ref,26688.306,1,0,413921,105963776
simless,6,0,enron_full_098210,exact_ref,26688.306,1,0,413921,105963776
simless,5,0,enron_full_098535,exact_ref,27485.051,1,0,413921,105963776
simless,6,0,enron_full_098535,exact_ref,27485.051,1,0,413921,105963776
simless,4,0,enron_full_098535,exact_ref,27485.051,1,0,413921,105963776
simless,6,0,enron_full_098599,exact_ref,27201.249,1,0,413921,105963776
simless,4,0,enron_full_098599,exact_ref,27201.249,1,0,413921,105963776
simless,5,0,enron_full_098599,exact_ref,27201.249,1,0,413921,105963776
simless,4,0,enron_full_098973,exact_ref,26929.122,1,0,413921,105963776
simless,5,0,enron_full_098973,exact_ref,26929.122,1,0,413921,105963776
simless,6,0,enron_full_098973,exact_ref,26929.122,1,0,413921,105963776
simless,5,0,enron_full_099013,exact_ref,27148.242,1,0,413921,105963776
simless,6,0,enron_full_099013,exact_ref,27148.242,1,0,413921,105963776
simless,4,0,enron_full_099013,exact_ref,27148.242,1,0,413921,105963776
simless,6,0,enron_full_099531,exact_ref,26919.800,1,0,413921,105963776
simless,4,0,enron_full_099531,exact_ref,26919.800,1,0,413921,105963776
simless,5,0,enron_full_099531,exact_ref,26919.800,1,0,413921,105963776
simless,4,0,enron_full_100323,exact_ref,28528.675,1,0,413921,105963776
simless,5,0,enron_full_100323,exact_ref,28528.675,1,0,413921,105963776
simless,6,0,enron_full_100323,exact_ref,28528.675,1,0,413921,105963776
simless,5,0,enron_full_100466,exact_ref,29722.984,1,0,413921,105963776
simless,6,0,enron_full_100466,exact_ref,29722.984,1,0,413921,105963776
simless,4,0,enron_full_100466,exact_ref,29722.984,1,0,413921,105963776
simless,6,0,enron_full_101174,exact_ref,30880.283,1,0,413921,105963776
simless,4,0,enron_full_101174,exact_ref,30880.283,1,0,413921,105963776
simless,5,0,enron_full_101174,exact_ref,30880.283,1,0,413921,105963776
simless,4,0,enron_full_101274,exact_ref,29871.496,1,0,413921,105963776
simless,5,0,enron_full_101274,exact_ref,29871.496,1,0,413921,105963776
simless,6,0,enron_full_101274,exact_ref,29871.496,1,0,413921,105963776
simless,5,0,enron_full_102532,exact_ref,30854.440,1,0,413921,105963776
simless,6,0,enron_full_102532,exact_ref,30854.440,1,0,413921,105963776
simless,4,0,enron_full_102532,exact_ref,30854.440,1,0,413921,105963776
simless,6,0,enron_full_102695,exact_ref,30337.334,1,0,413921,105963776
simless,4,0,enron_full_102695,exact_ref,30337.334,1,0,413921,105963776
simless,5,0,enron_full_102695,exact_ref,30337.334,1,0,413921,105963776
simless,4,0,enron_full_102774,exact_ref,28612.655,1,0,413921,105963776
simless,5,0,enron_full_102774,exact_ref,28612.655,1,0,413921,105963776
simless,6,0,enron_full_102774,exact_ref,28612.655,1,0,413921,105963776
simless,5,0,enron_full_103426,exact_ref,27875.192,1,0,413921,105963776
simless,6,0,enron_full_103426,exact_ref,27875.192,1,0,413921,105963776
simless,4,0,enron_full_103426,exact_ref,27875.192,1,0,413921,105963776
simless,6,0,enron_full_103581,exact_ref,26035.929,1,0,413921,105963776
simless,4,0,enron_full_103581,exact_ref,26035.929,1,0,413921,105963776
simless,5,0,enron_full_103581,exact_ref,26035.929,1,0,413921,105963776
simless,4,0,enron_full_104396,no_exact_ref,26414.734,0,37,413921,105963776
simless,5,0,enron_full_104396,no_exact_ref,26414.734,0,37,413921,105963776
simless,6,0,enron_full_104396,no_exact_ref,26414.734,0,37,413921,105963776
simless,5,0,enron_full_104402,exact_ref,25720.496,1,0,413921,105963776
simless,6,0,enron_full_104402,exact_ref,25720.496,1,0,413921,105963776
simless,4,0,enron_full_104402,exact_ref,25720.496,1,0,413921,105963776
simless,6,0,enron_full_104423,no_exact_ref,26661.279,0,56,413921,105963776
simless,4,0,enron_full_104423,no_exact_ref,26661.279,0,56,413921,105963776
simless,5,0,enron_full_104423,no_exact_ref,26661.279,0,56,413921,105963776
simless,4,0,enron_full_104598,exact_ref,25629.024,1,0,413921,105963776
simless,5,0,enron_full_104598,exact_ref,25629.024,1,0,413921,105963776
simless,6,0,enron_full_104598,exact_ref,25629.024,1,0,413921,105963776
simless,5,0,enron_full_105565,exact_ref,26312.380,1,0,413921,105963776
simless,6,0,enron_full_105565,exact_ref,26312.380,1,0,413921,105963776
simless,4,0,enron_full_105565,exact_ref,26312.380,1,0,413921,105963776
simless,6,0,enron_full_105930,exact_ref,27107.725,1,0,413921,105963776
simless,4,0,enron_full_105930,exact_ref,27107.725,1,0,413921,105963776
simless,5,0,enron_full_105930,exact_ref,27107.725,1,0,413921,105963776
simless,4,0,enron_full_106126,exact_ref,26234.107,1,0,413921,105963776
simless,5,0,enron_full_106126,exact_ref,26234.107,1,0,413921,105963776
simless,6,0,enron_full_106126,exact_ref,26234.107,1,0,413921,105963776
simless,5,0,enron_full_106135,exact_ref,27360.758,1,0,413921,105963776
simless,6,0,enron_full_106135,exact_ref,27360.758,1,0,413921,105963776
simless,4,0,enron_full_106135,exact_ref,27360.758,1,0,413921,105963776
simless,6,0,enron_full_108529,exact_ref,29843.894,1,0,413921,105963776
simless,4,0,enron_full_108529,exact_ref,29843.894,1,0,413921,105963776
simless,5,0,enron_full_108529,exact_ref,29843.894,1,0,413921,105963776
simless,4,0,enron_full_108654,exact_ref,29825.042,1,0,413921,105963776
simless,5,0,enron_full_108654,exact_ref,29825.042,1,0,413921,105963776
simless,6,0,enron_full_108654,exact_ref,29825.042,1,0,413921,105963776
simless,5,0,enron_full_108933,exact_ref,27938.775,1,0,413921,105963776
simless,6,0,enron_full_108933,exact_ref,27938.775,1,0,413921,105963776
simless,4,0,enron_full_108933,exact_ref,27938.775,1,0,413921,105963776
simless,6,0,enron_full_108996,exact_ref,28278.102,1,0,413921,105963776
simless,4,0,enron_full_108996,exact_ref,28278.102,1,0,413921,105963776
simless,5,0,enron_full_108996,exact_ref,28278.102,1,0,413921,105963776
simless,4,0,enron_full_109605,exact_ref,27470.141,1,0,413921,105963776
simless,5,0,enron_full_109605,exact_ref,27470.141,1,0,413921,105963776
simless,6,0,enron_full_109605,exact_ref,27470.141,1,0,413921,105963776
simless,5,0,enron_full_110370,exact_ref,27515.535,1,0,413921,105963776
simless,6,0,enron_full_110370,exact_ref,27515.535,1,0,413921,105963776
simless,4,0,enron_full_110370,exact_ref,27515.535,1,0,413921,105963776
simless,6,0,enron_full_111197,no_exact_ref,27457.840,0,64,413921,105963776
simless,4,0,enron_full_111197,no_exact_ref,27457.840,0,64,413921,105963776
simless,5,0,enron_full_111197,no_exact_ref,27457.840,0,64,413921,105963776
simless,4,0,enron_full_111665,exact_ref,27821.079,1,0,413921,105963776
simless,5,0,enron_full_111665,exact_ref,27821.079,1,0,413921,105963776
simless,6,0,enron_full_111665,exact_ref,27821.079,1,0,413921,105963776
simless,5,0,enron_full_111904,exact_ref,28046.895,1,0,413921,105963776
simless,6,0,enron_full_111904,exact_ref,28046.895,1,0,413921,105963776
simless,4,0,enron_full_111904,exact_ref,28046.895,1,0,413921,105963776
simless,6,0,enron_full_112694,exact_ref,29282.342,1,0,413921,105963776
simless,4,0,enron_full_112694,exact_ref,29282.342,1,0,413921,105963776
simless,5,0,enron_full_112694,exact_ref,29282.342,1,0,413921,105963776
simless,4,0,enron_full_113971,exact_ref,28162.366,1,0,413921,105963776
simless,5,0,enron_full_113971,exact_ref,28162.366,1,0,413921,105963776
simless,6,0,enron_full_113971,exact_ref,28162.366,1,0,413921,105963776
simless,5,0,enron_full_114650,exact_ref,28680.161,1,0,413921,105963776
simless,6,0,enron_full_114650,exact_ref,28680.161,1,0,413921,105963776
simless,4,0,enron_full_114650,exact_ref,28680.161,1,0,413921,105963776
simless,6,0,enron_full_115626,no_exact_ref,29441.069,0,94,413921,105963776
simless,4,0,enron_full_115626,no_exact_ref,29441.069,0,94,413921,105963776
simless,5,0,enron_full_115626,no_exact_ref,29441.069,0,94,413921,105963776
simless,4,0,enron_full_116065,exact_ref,29217.225,1,0,413921,105963776
simless,5,0,enron_full_116065,exact_ref,29217.225,1,0,413921,105963776
simless,6,0,enron_full_116065,exact_ref,29217.225,1,0,413921,105963776
simless,5,0,enron_full_116692,exact_ref,29293.142,1,0,413921,105963776
simless,6,0,enron_full_116692,exact_ref,29293.142,1,0,413921,105963776
simless,4,0,enron_full_116692,exact_ref,29293.142,1,0,413921,105963776
simless,6,0,enron_full_117087,exact_ref,27662.219,1,0,413921,105963776
simless,4,0,enron_full_117087,exact_ref,27662.219,1,0,413921,105963776
simless,5,0,enron_full_117087,exact_ref,27662.219,1,0,413921,105963776
simless,4,0,enron_full_117441,exact_ref,27275.404,1,0,413921,105963776
simless,5,0,enron_full_117441,exact_ref,27275.404,1,0,413921,105963776
simless,6,0,enron_full_117441,exact_ref,27275.404,1,0,413921,105963776
simless,5,0,enron_full_117988,exact_ref,27079.216,1,0,413921,105963776
simless,6,0,enron_full_117988,exact_ref,27079.216,1,0,413921,105963776
simless,4,0,enron_full_117988,exact_ref,27079.216,1,0,413921,105963776
simless,6,0,enron_full_118247,exact_ref,27141.582,1,0,413921,105963776
simless,4,0,enron_full_118247,exact_ref,27141.582,1,0,413921,105963776
simless,5,0,enron_full_118247,exact_ref,27141.582,1,0,413921,105963776
simless,4,0,enron_full_118573,exact_ref,27259.441,1,0,413921,105963776
simless,5,0,enron_full_118573,exact_ref,27259.441,1,0,413921,105963776
simless,6,0,enron_full_118573,exact_ref,27259.441,1,0,413921,105963776
simless,5,0,enron_full_119068,exact_ref,26772.970,1,0,413921,105963776
simless,6,0,enron_full_119068,exact_ref,26772.970,1,0,413921,105963776
simless,4,0,enron_full_119068,exact_ref,26772.970,1,0,413921,105963776
simless,6,0,enron_full_119674,no_exact_ref,28061.742,0,69,413921,105963776
simless,4,0,enron_full_119674,no_exact_ref,28061.742,0,69,413921,105963776
simless,5,0,enron_full_119674,no_exact_ref,28061.742,0,69,413921,105963776
simless,4,0,enron_full_119896,no_exact_ref,29392.077,0,25,413921,105963776
simless,5,0,enron_full_119896,no_exact_ref,29392.077,0,25,413921,105963776
simless,6,0,enron_full_119896,no_exact_ref,29392.077,0,25,413921,105963776
simless,5,0,enron_full_120534,exact_ref,29196.429,1,0,413921,105963776
simless,6,0,enron_full_120534,exact_ref,29196.429,1,0,413921,105963776
simless,4,0,enron_full_120534,exact_ref,29196.429,1,0,413921,105963776
simless,6,0,enron_full_120641,exact_ref,27521.398,1,0,413921,105963776
simless,4,0,enron_full_120641,exact_ref,27521.398,1,0,413921,105963776
simless,5,0,enron_full_120641,exact_ref,27521.398,1,0,413921,105963776
simless,4,0,enron_full_120822,exact_ref,27120.916,1,0,413921,105963776
simless,5,0,enron_full_120822,exact_ref,27120.916,1,0,413921,105963776
simless,6,0,enron_full_120822,exact_ref,27120.916,1,0,413921,105963776
simless,5,0,enron_full_121175,exact_ref,28924.970,1,0,413921,105963776
simless,6,0,enron_full_121175,exact_ref,28924.970,1,0,413921,105963776
simless,4,0,enron_full_121175,exact_ref,28924.970,1,0,413921,105963776
simless,6,0,enron_full_122290,no_exact_ref,28377.142,0,28,413921,105963776
simless,4,0,enron_full_122290,no_exact_ref,28377.142,0,28,413921,105963776
simless,5,0,enron_full_122290,no_exact_ref,28377.142,0,28,413921,105963776
simless,4,0,enron_full_122402,no_exact_ref,26072.577,0,90,413921,105963776
simless,5,0,enron_full_122402,no_exact_ref,26072.577,0,90,413921,105963776
simless,6,0,enron_full_122402,no_exact_ref,26072.577,0,90,413921,105963776
simless,5,0,enron_full_123831,exact_ref,26467.968,1,0,413921,105963776
simless,6,0,enron_full_123831,exact_ref,26467.968,1,0,413921,105963776
simless,4,0,enron_full_123831,exact_ref,26467.968,1,0,413921,105963776
simless,6,0,enron_full_124264,exact_ref,27512.014,1,0,413921,105963776
simless,4,0,enron_full_124264,exact_ref,27512.014,1,0,413921,105963776
simless,5,0,enron_full_124264,exact_ref,27512.014,1,0,413921,105963776
simless,4,0,enron_full_124451,exact_ref,29273.347,1,0,413921,105963776
simless,5,0,enron_full_124451,exact_ref,29273.347,1,0,413921,105963776
simless,6,0,enron_full_124451,exact_ref,29273.347,1,0,413921,105963776
simless,5,0,enron_full_126518,exact_ref,28147.001,1,0,413921,105963776
simless,6,0,enron_full_126518,exact_ref,28147.001,1,0,413921,105963776
simless,4,0,enron_full_126518,exact_ref,28147.001,1,0,413921,105963776
simless,6,0,enron_full_128013,no_exact_ref,28616.941,0,23,413921,105963776
simless,4,0,enron_full_128013,no_exact_ref,28616.941,0,23,413921,105963776
simless,5,0,enron_full_128013,no_exact_ref,28616.941,0,23,413921,105963776
simless,4,0,enron_full_128290,no_exact_ref,28241.468,0,41,413921,105963776
simless,5,0,enron_full_128290,no_exact_ref,28241.468,0,41,413921,105963776
simless,6,0,enron_full_128290,no_exact_ref,28241.468,0,41,413921,105963776
simless,5,0,enron_full_128461,exact_ref,26871.697,1,0,413921,105963776
simless,6,0,enron_full_128461,exact_ref,26871.697,1,0,413921,105963776
simless,4,0,enron_full_128461,exact_ref,26871.697,1,0,413921,105963776
simless,6,0,enron_full_129750,exact_ref,26998.552,1,0,413921,105963776
simless,4,0,enron_full_129750,exact_ref,26998.552,1,0,413921,105963776
simless,5,0,enron_full_129750,exact_ref,26998.552,1,0,413921,105963776
simless,4,0,enron_full_129922,exact_ref,27157.758,1,0,413921,105963776
simless,5,0,enron_full_129922,exact_ref,27157.758,1,0,413921,105963776
simless,6,0,enron_full_129922,exact_ref,27157.758,1,0,413921,105963776
simless,5,0,enron_full_129965,exact_ref,28250.712,1,0,413921,105963776
simless,6,0,enron_full_129965,exact_ref,28250.712,1,0,413921,105963776
simless,4,0,enron_full_129965,exact_ref,28250.712,1,0,413921,105963776
simless,6,0,enron_full_130406,exact_ref,28700.878,1,0,413921,105963776
simless,4,0,enron_full_130406,exact_ref,28700.878,1,0,413921,105963776
simless,5,0,enron_full_130406,exact_ref,28700.878,1,0,413921,105963776
simless,4,0,enron_full_130557,exact_ref,28404.340,1,0,413921,105963776
simless,5,0,enron_full_130557,exact_ref,28404.340,1,0,413921,105963776
simless,6,0,enron_full_130557,exact_ref,28404.340,1,0,413921,105963776
simless,5,0,enron_full_130818,exact_ref,26279.818,1,0,413921,105963776
simless,6,0,enron_full_130818,exact_ref,26279.818,1,0,413921,105963776
simless,4,0,enron_full_130818,exact_ref,26279.818,1,0,413921,105963776
simless,6,0,enron_full_131990,exact_ref,27422.589,1,0,413921,105963776
simless,4,0,enron_full_131990,exact_ref,27422.589,1,0,413921,105963776
simless,5,0,enron_full_131990,exact_ref,27422.589,1,0,413921,105963776
simless,4,0,enron_full_132971,exact_ref,26140.898,1,0,413921,105963776
simless,5,0,enron_full_132971,exact_ref,26140.898,1,0,413921,105963776
simless,6,0,enron_full_132971,exact_ref,26140.898,1,0,413921,105963776
simless,5,0,enron_full_133588,exact_ref,26127.148,1,0,413921,105963776
simless,6,0,enron_full_133588,exact_ref,26127.148,1,0,413921,105963776
simless,4,0,enron_full_133588,exact_ref,26127.148,1,0,413921,105963776
simless,6,0,enron_full_133819,exact_ref,26178.741,1,0,413921,105963776
simless,4,0,enron_full_133819,exact_ref,26178.741,1,0,413921,105963776
simless,5,0,enron_full_133819,exact_ref,26178.741,1,0,413921,105963776
simless,4,0,enron_full_134727,no_exact_ref,25694.163,0,90,413921,105963776
simless,5,0,enron_full_134727,no_exact_ref,25694.163,0,90,413921,105963776
simless,6,0,enron_full_134727,no_exact_ref,25694.163,0,90,413921,105963776
simless,5,0,enron_full_136330,exact_ref,26607.441,1,0,413921,105963776
simless,6,0,enron_full_136330,exact_ref,26607.441,1,0,413921,105963776
simless,4,0,enron_full_136330,exact_ref,26607.441,1,0,413921,105963776
simless,6,0,enron_full_137531,exact_ref,26506.240,1,0,413921,105963776
simless,4,0,enron_full_137531,exact_ref,26506.240,1,0,413921,105963776
simless,5,0,enron_full_137531,exact_ref,26506.240,1,0,413921,105963776
simless,4,0,enron_full_137711,exact_ref,26366.023,1,0,413921,105963776
simless,5,0,enron_full_137711,exact_ref,26366.023,1,0,413921,105963776
simless,6,0,enron_full_137711,exact_ref,26366.023,1,0,413921,105963776
simless,5,0,enron_full_139013,no_exact_ref,26421.082,0,92,413921,105963776
simless,6,0,enron_full_139013,no_exact_ref,26421.082,0,92,413921,105963776
simless,4,0,enron_full_139013,no_exact_ref,26421.082,0,92,413921,105963776
simless,6,0,enron_full_139188,exact_ref,26279.308,1,0,413921,105963776
simless,4,0,enron_full_139188,exact_ref,26279.308,1,0,413921,105963776
simless,5,0,enron_full_139188,exact_ref,26279.308,1,0,413921,105963776
simless,4,0,enron_full_139197,exact_ref,28979.676,1,0,413921,105963776
simless,5,0,enron_full_139197,exact_ref,28979.676,1,0,413921,105963776
simless,6,0,enron_full_139197,exact_ref,28979.676,1,0,413921,105963776
simless,5,0,enron_full_139486,exact_ref,28873.056,1,0,413921,105963776
simless,6,0,enron_full_139486,exact_ref,28873.056,1,0,413921,105963776
simless,4,0,enron_full_139486,exact_ref,28873.056,1,0,413921,105963776
simless,6,0,enron_full_140225,no_exact_ref,28869.844,0,14,413921,105963776
simless,4,0,enron_full_140225,no_exact_ref,28869.844,0,14,413921,105963776
simless,5,0,enron_full_140225,no_exact_ref,28869.844,0,14,413921,105963776
simless,4,0,enron_full_140420,exact_ref,28781.225,1,0,413921,105963776
simless,5,0,enron_full_140420,exact_ref,28781.225,1,0,413921,105963776
simless,6,0,enron_full_140420,exact_ref,28781.225,1,0,413921,105963776
simless,5,0,enron_full_140552,exact_ref,28430.765,1,0,413921,105963776
simless,6,0,enron_full_140552,exact_ref,28430.765,1,0,413921,105963776
simless,4,0,enron_full_140552,exact_ref,28430.765,1,0,413921,105963776
simless,6,0,enron_full_140885,exact_ref,26849.517,1,0,413921,105963776
simless,4,0,enron_full_140885,exact_ref,26849.517,1,0,413921,105963776
simless,5,0,enron_full_140885,exact_ref,26849.517,1,0,413921,105963776
simless,4,0,enron_full_141161,no_exact_ref,29706.571,0,78,413921,105963776
simless,5,0,enron_full_141161,no_exact_ref,29706.571,0,78,413921,105963776
simless,6,0,enron_full_141161,no_exact_ref,29706.571,0,78,413921,105963776
simless,5,0,enron_full_141985,exact_ref,29826.322,1,0,413921,105963776
simless,6,0,enron_full_141985,exact_ref,29826.322,1,0,413921,105963776
simless,4,0,enron_full_141985,exact_ref,29826.322,1,0,413921,105963776
simless,6,0,enron_full_142230,exact_ref,28383.904,1,0,413921,105963776
simless,4,0,enron_full_142230,exact_ref,28383.904,1,0,413921,105963776
simless,5,0,enron_full_142230,exact_ref,28383.904,1,0,413921,105963776
simless,4,0,enron_full_142612,exact_ref,26413.204,1,0,413921,105963776
simless,5,0,enron_full_142612,exact_ref,26413.204,1,0,413921,105963776
simless,6,0,enron_full_142612,exact_ref,26413.204,1,0,413921,105963776
simless,5,0,enron_full_143076,exact_ref,27001.709,1,0,413921,105963776
simless,6,0,enron_full_143076,exact_ref,27001.709,1,0,413921,105963776
simless,4,0,enron_full_143076,exact_ref,27001.709,1,0,413921,105963776
simless,6,0,enron_full_144720,no_exact_ref,26730.874,0,13,413921,105963776
simless,4,0,enron_full_144720,no_exact_ref,26730.874,0,13,413921,105963776
simless,5,0,enron_full_144720,no_exact_ref,26730.874,0,13,413921,105963776
simless,4,0,enron_full_144759,no_exact_ref,28037.815,0,74,413921,105963776
simless,5,0,enron_full_144759,no_exact_ref,28037.815,0,74,413921,105963776
simless,6,0,enron_full_144759,no_exact_ref,28037.815,0,74,413921,105963776
simless,5,0,enron_full_145061,exact_ref,30028.476,1,0,413921,105963776
simless,6,0,enron_full_145061,exact_ref,30028.476,1,0,413921,105963776
simless,4,0,enron_full_145061,exact_ref,30028.476,1,0,413921,105963776
simless,6,0,enron_full_146696,exact_ref,28794.670,1,0,413921,105963776
simless,4,0,enron_full_146696,exact_ref,28794.670,1,0,413921,105963776
simless,5,0,enron_full_146696,exact_ref,28794.670,1,0,413921,105963776
simless,4,0,enron_full_148007,exact_ref,27308.766,1,0,413921,105963776
simless,5,0,enron_full_148007,exact_ref,27308.766,1,0,413921,105963776
simless,6,0,enron_full_148007,exact_ref,27308.766,1,0,413921,105963776
simless,5,0,enron_full_148315,exact_ref,28417.561,1,0,413921,105963776
simless,6,0,enron_full_148315,exact_ref,28417.561,1,0,413921,105963776
simless,4,0,enron_full_148315,exact_ref,28417.561,1,0,413921,105963776
simless,6,0,enron_full_148338,exact_ref,27693.545,1,0,413921,105963776
simless,4,0,enron_full_148338,exact_ref,27693.545,1,0,413921,105963776
simless,5,0,enron_full_148338,exact_ref,27693.545,1,0,413921,105963776
simless,4,0,enron_full_149174,exact_ref,26567.738,1,0,413921,105963776
simless,5,0,enron_full_149174,exact_ref,26567.738,1,0,413921,105963776
simless,6,0,enron_full_149174,exact_ref,26567.738,1,0,413921,105963776
simless,5,0,enron_full_149842,exact_ref,26888.387,1,0,413921,105963776
simless,6,0,enron_full_149842,exact_ref,26888.387,1,0,413921,105963776
simless,4,0,enron_full_149842,exact_ref,26888.387,1,0,413921,105963776
simless,6,0,enron_full_150562,exact_ref,26947.679,1,0,413921,105963776
simless,4,0,enron_full_150562,exact_ref,26947.679,1,0,413921,105963776
simless,5,0,enron_full_150562,exact_ref,26947.679,1,0,413921,105963776
simless,4,0,enron_full_151773,no_exact_ref,27403.879,0,59,413921,105963776
simless,5,0,enron_full_151773,no_exact_ref,27403.879,0,59,413921,105963776
simless,6,0,enron_full_151773,no_exact_ref,27403.879,0,59,413921,105963776
simless,5,0,enron_full_152307,exact_ref,27822.644,1,0,413921,105963776
simless,6,0,enron_full_152307,exact_ref,27822.644,1,0,413921,105963776
simless,4,0,enron_full_152307,exact_ref,27822.644,1,0,413921,105963776
simless,6,0,enron_full_152987,exact_ref,28964.290,1,0,413921,105963776
simless,4,0,enron_full_152987,exact_ref,28964.290,1,0,413921,105963776
simless,5,0,enron_full_152987,exact_ref,28964.290,1,0,413921,105963776
simless,4,0,enron_full_153167,exact_ref,28617.711,1,0,413921,105963776
simless,5,0,enron_full_153167,exact_ref,28617.711,1,0,413921,105963776
simless,6,0,enron_full_153167,exact_ref,28617.711,1,0,413921,105963776
simless,5,0,enron_full_154125,no_exact_ref,28955.812,0,11,413921,105963776
simless,6,0,enron_full_154125,no_exact_ref,28955.812,0,11,413921,105963776
simless,4,0,enron_full_154125,no_exact_ref,28955.812,0,11,413921,105963776
simless,6,0,enron_full_154648,no_exact_ref,30114.098,0,86,413921,105963776
simless,4,0,enron_full_154648,no_exact_ref,30114.098,0,86,413921,105963776
simless,5,0,enron_full_154648,no_exact_ref,30114.098,0,86,413921,105963776
simless,4,0,enron_full_155829,exact_ref,29156.581,1,0,413921,105963776
simless,5,0,enron_full_155829,exact_ref,29156.581,1,0,413921,105963776
simless,6,0,enron_full_155829,exact_ref,29156.581,1,0,413921,105963776
simless,5,0,enron_full_156626,exact_ref,28716.373,1,0,413921,105963776
simless,6,0,enron_full_156626,exact_ref,28716.373,1,0,413921,105963776
simless,4,0,enron_full_156626,exact_ref,28716.373,1,0,413921,105963776
simless,6,0,enron_full_156811,exact_ref,28136.468,1,0,413921,105963776
simless,4,0,enron_full_156811,exact_ref,28136.468,1,0,413921,105963776
simless,5,0,enron_full_156811,exact_ref,28136.468,1,0,413921,105963776
simless,4,0,enron_full_158640,exact_ref,28091.100,1,0,413921,105963776
simless,5,0,enron_full_158640,exact_ref,28091.100,1,0,413921,105963776
simless,6,0,enron_full_158640,exact_ref,28091.100,1,0,413921,105963776
simless,5,0,enron_full_159222,exact_ref,28194.420,1,0,413921,105963776
simless,6,0,enron_full_159222,exact_ref,28194.420,1,0,413921,105963776
simless,4,0,enron_full_159222,exact_ref,28194.420,1,0,413921,105963776
simless,6,0,enron_full_159570,exact_ref,27608.349,1,0,413921,105963776
simless,4,0,enron_full_159570,exact_ref,27608.349,1,0,413921,105963776
simless,5,0,enron_full_159570,exact_ref,27608.349,1,0,413921,105963776
simless,4,0,enron_full_159687,exact_ref,28135.664,1,0,413921,105963776
simless,5,0,enron_full_159687,exact_ref,28135.664,1,0,413921,105963776
simless,6,0,enron_full_159687,exact_ref,28135.664,1,0,413921,105963776
simless,5,0,enron_full_161067,exact_ref,27891.376,1,0,413921,105963776
simless,6,0,enron_full_161067,exact_ref,27891.376,1,0,413921,105963776
simless,4,0,enron_full_161067,exact_ref,27891.376,1,0,413921,105963776
simless,6,0,enron_full_161301,exact_ref,27920.863,1,0,413921,105963776
simless,4,0,enron_full_161301,exact_ref,27920.863,1,0,413921,105963776
simless,5,0,enron_full_161301,exact_ref,27920.863,1,0,413921,105963776
simless,4,0,enron_full_161404,exact_ref,27656.573,1,0,413921,105963776
simless,5,0,enron_full_161404,exact_ref,27656.573,1,0,413921,105963776
simless,6,0,enron_full_161404,exact_ref,27656.573,1,0,413921,105963776
simless,5,0,enron_full_161839,no_exact_ref,28111.310,0,88,413921,105963776
simless,6,0,enron_full_161839,no_exact_ref,28111.310,0,88,413921,105963776
simless,4,0,enron_full_161839,no_exact_ref,28111.310,0,88,413921,105963776
simless,6,0,enron_full_162338,exact_ref,29364.952,1,0,413921,105963776
simless,4,0,enron_full_162338,exact_ref,29364.952,1,0,413921,105963776
simless,5,0,enron_full_162338,exact_ref,29364.952,1,0,413921,105963776
simless,4,0,enron_full_163700,no_exact_ref,29905.199,0,45,413921,105963776
simless,5,0,enron_full_163700,no_exact_ref,29905.199,0,45,413921,105963776
simless,6,0,enron_full_163700,no_exact_ref,29905.199,0,45,413921,105963776
simless,5,0,enron_full_163994,exact_ref,27664.571,1,0,413921,105963776
simless,6,0,enron_full_163994,exact_ref,27664.571,1,0,413921,105963776
simless,4,0,enron_full_163994,exact_ref,27664.571,1,0,413921,105963776
simless,6,0,enron_full_164128,no_exact_ref,28847.017,0,19,413921,105963776
simless,4,0,enron_full_164128,no_exact_ref,28847.017,0,19,413921,105963776
simless,5,0,enron_full_164128,no_exact_ref,28847.017,0,19,413921,105963776
simless,4,0,enron_full_164251,exact_ref,29361.592,1,0,413921,105963776
simless,5,0,enron_full_164251,exact_ref,29361.592,1,0,413921,105963776
simless,6,0,enron_full_164251,exact_ref,29361.592,1,0,413921,105963776
simless,5,0,enron_full_164751,no_exact_ref,28939.684,0,92,413921,105963776
simless,6,0,enron_full_164751,no_exact_ref,28939.684,0,92,413921,105963776
simless,4,0,enron_full_164751,no_exact_ref,28939.684,0,92,413921,105963776
simless,6,0,enron_full_164805,no_exact_ref,28715.880,0,94,413921,105963776
simless,4,0,enron_full_164805,no_exact_ref,28715.880,0,94,413921,105963776
simless,5,0,enron_full_164805,no_exact_ref,28715.880,0,94,413921,105963776
simless,4,0,enron_full_165550,no_exact_ref,28177.549,0,89,413921,105963776
simless,5,0,enron_full_165550,no_exact_ref,28177.549,0,89,413921,105963776
simless,6,0,enron_full_165550,no_exact_ref,28177.549,0,89,413921,105963776
simless,5,0,enron_full_165951,exact_ref,29039.935,1,0,413921,105963776
simless,6,0,enron_full_165951,exact_ref,29039.935,1,0,413921,105963776
simless,4,0,enron_full_165951,exact_ref,29039.935,1,0,413921,105963776
simless,6,0,enron_full_167260,exact_ref,28640.554,1,0,413921,105963776
simless,4,0,enron_full_167260,exact_ref,28640.554,1,0,413921,105963776
simless,5,0,enron_full_167260,exact_ref,28640.554,1,0,413921,105963776
simless,4,0,enron_full_168469,exact_ref,27294.670,1,0,413921,105963776
simless,5,0,enron_full_168469,exact_ref,27294.670,1,0,413921,105963776
simless,6,0,enron_full_168469,exact_ref,27294.670,1,0,413921,105963776
simless,5,0,enron_full_168971,exact_ref,27142.146,1,0,413921,105963776
simless,6,0,enron_full_168971,exact_ref,27142.146,1,0,413921,105963776
simless,4,0,enron_full_168971,exact_ref,27142.146,1,0,413921,105963776
simless,6,0,enron_full_170176,no_exact_ref,28250.770,0,92,413921,105963776
simless,4,0,enron_full_170176,no_exact_ref,28250.770,0,92,413921,105963776
simless,5,0,enron_full_170176,no_exact_ref,28250.770,0,92,413921,105963776
simless,4,0,enron_full_170711,exact_ref,29834.812,1,0,413921,105963776
simless,5,0,enron_full_170711,exact_ref,29834.812,1,0,413921,105963776
simless,6,0,enron_full_170711,exact_ref,29834.812,1,0,413921,105963776
simless,5,0,enron_full_170765,exact_ref,29645.390,1,0,413921,105963776
simless,6,0,enron_full_170765,exact_ref,29645.390,1,0,413921,105963776
simless,4,0,enron_full_170765,exact_ref,29645.390,1,0,413921,105963776
simless,6,0,enron_full_170860,no_exact_ref,27306.632,0,85,413921,105963776
simless,4,0,enron_full_170860,no_exact_ref,27306.632,0,85,413921,105963776
simless,5,0,enron_full_170860,no_exact_ref,27306.632,0,85,413921,105963776
simless,4,0,enron_full_171509,exact_ref,27296.685,1,0,413921,105963776
simless,5,0,enron_full_171509,exact_ref,27296.685,1,0,413921,105963776
simless,6,0,enron_full_171509,exact_ref,27296.685,1,0,413921,105963776
simless,5,0,enron_full_171797,no_exact_ref,27024.722,0,87,413921,105963776
simless,6,0,enron_full_171797,no_exact_ref,27024.722,0,87,413921,105963776
simless,4,0,enron_full_171797,no_exact_ref,27024.722,0,87,413921,105963776
simless,6,0,enron_full_172609,no_exact_ref,28147.131,0,93,413921,105963776
simless,4,0,enron_full_172609,no_exact_ref,28147.131,0,93,413921,105963776
simless,5,0,enron_full_172609,no_exact_ref,28147.131,0,93,413921,105963776
simless,4,0,enron_full_174436,exact_ref,28287.170,1,0,413921,105963776
simless,5,0,enron_full_174436,exact_ref,28287.170,1,0,413921,105963776
simless,6,0,enron_full_174436,exact_ref,28287.170,1,0,413921,105963776
simless,5,0,enron_full_174861,exact_ref,27668.387,1,0,413921,105963776
simless,6,0,enron_full_174861,exact_ref,27668.387,1,0,413921,105963776
simless,4,0,enron_full_174861,exact_ref,27668.387,1,0,413921,105963776
simless,6,0,enron_full_175011,no_exact_ref,27857.812,0,47,413921,105963776
simless,4,0,enron_full_175011,no_exact_ref,27857.812,0,47,413921,105963776
simless,5,0,enron_full_175011,no_exact_ref,27857.812,0,47,413921,105963776
simless,4,0,enron_full_176124,exact_ref,27655.101,1,0,413921,105963776
simless,5,0,enron_full_176124,exact_ref,27655.101,1,0,413921,105963776
simless,6,0,enron_full_176124,exact_ref,27655.101,1,0,413921,105963776
simless,5,0,enron_full_176753,exact_ref,26953.826,1,0,413921,105963776
simless,6,0,enron_full_176753,exact_ref,26953.826,1,0,413921,105963776
simless,4,0,enron_full_176753,exact_ref,26953.826,1,0,413921,105963776
simless,6,0,enron_full_178212,exact_ref,27160.204,1,0,413921,105963776
simless,4,0,enron_full_178212,exact_ref,27160.204,1,0,413921,105963776
simless,5,0,enron_full_178212,exact_ref,27160.204,1,0,413921,105963776
simless,4,0,enron_full_178550,exact_ref,29084.575,1,0,413921,105963776
simless,5,0,enron_full_178550,exact_ref,29084.575,1,0,413921,105963776
simless,6,0,enron_full_178550,exact_ref,29084.575,1,0,413921,105963776
simless,5,0,enron_full_179413,exact_ref,28934.945,1,0,413921,105963776
simless,6,0,enron_full_179413,exact_ref,28934.945,1,0,413921,105963776
simless,4,0,enron_full_179413,exact_ref,28934.945,1,0,413921,105963776
simless,6,0,enron_full_179791,exact_ref,29324.002,1,0,413921,105963776
simless,4,0,enron_full_179791,exact_ref,29324.002,1,0,413921,105963776
simless,5,0,enron_full_179791,exact_ref,29324.002,1,0,413921,105963776
simless,4,0,enron_full_180640,exact_ref,28991.738,1,0,413921,105963776
simless,5,0,enron_full_180640,exact_ref,28991.738,1,0,413921,105963776
simless,6,0,enron_full_180640,exact_ref,28991.738,1,0,413921,105963776
simless,5,0,enron_full_181037,exact_ref,29004.955,1,0,413921,105963776
simless,6,0,enron_full_181037,exact_ref,29004.955,1,0,413921,105963776
simless,4,0,enron_full_181037,exact_ref,29004.955,1,0,413921,105963776
simless,6,0,enron_full_181456,exact_ref,27724.398,1,0,413921,105963776
simless,4,0,enron_full_181456,exact_ref,27724.398,1,0,413921,105963776
simless,5,0,enron_full_181456,exact_ref,27724.398,1,0,413921,105963776
simless,4,0,enron_full_181872,exact_ref,28450.669,1,0,413921,105963776
simless,5,0,enron_full_181872,exact_ref,28450.669,1,0,413921,105963776
simless,6,0,enron_full_181872,exact_ref,28450.669,1,0,413921,105963776
simless,5,0,enron_full_181885,exact_ref,27459.803,1,0,413921,105963776
simless,6,0,enron_full_181885,exact_ref,27459.803,1,0,413921,105963776
simless,4,0,enron_full_181885,exact_ref,27459.803,1,0,413921,105963776
simless,6,0,enron_full_182915,exact_ref,27397.219,1,0,413921,105963776
simless,4,0,enron_full_182915,exact_ref,27397.219,1,0,413921,105963776
simless,5,0,enron_full_182915,exact_ref,27397.219,1,0,413921,105963776
simless,4,0,enron_full_182942,exact_ref,26878.244,1,0,413921,105963776
simless,5,0,enron_full_182942,exact_ref,26878.244,1,0,413921,105963776
simless,6,0,enron_full_182942,exact_ref,26878.244,1,0,413921,105963776
simless,5,0,enron_full_183169,exact_ref,27423.310,1,0,413921,105963776
simless,6,0,enron_full_183169,exact_ref,27423.310,1,0,413921,105963776
simless,4,0,enron_full_183169,exact_ref,27423.310,1,0,413921,105963776
simless,6,0,enron_full_183297,exact_ref,27528.226,1,0,413921,105963776
simless,4,0,enron_full_183297,exact_ref,27528.226,1,0,413921,105963776
simless,5,0,enron_full_183297,exact_ref,27528.226,1,0,413921,105963776
simless,4,0,enron_full_183379,exact_ref,27176.728,1,0,413921,105963776
simless,5,0,enron_full_183379,exact_ref,27176.728,1,0,413921,105963776
simless,6,0,enron_full_183379,exact_ref,27176.728,1,0,413921,105963776
simless,5,0,enron_full_183388,exact_ref,28896.711,1,0,413921,105963776
simless,6,0,enron_full_183388,exact_ref,28896.711,1,0,413921,105963776
simless,4,0,enron_full_183388,exact_ref,28896.711,1,0,413921,105963776
simless,6,0,enron_full_183934,exact_ref,29785.106,1,0,413921,105963776
simless,4,0,enron_full_183934,exact_ref,29785.106,1,0,413921,105963776
simless,5,0,enron_full_183934,exact_ref,29785.106,1,0,413921,105963776
simless,4,0,enron_full_184508,exact_ref,29347.501,1,0,413921,105963776
simless,5,0,enron_full_184508,exact_ref,29347.501,1,0,413921,105963776
simless,6,0,enron_full_184508,exact_ref,29347.501,1,0,413921,105963776
simless,5,0,enron_full_185731,no_exact_ref,28796.749,0,87,413921,105963776
simless,6,0,enron_full_185731,no_exact_ref,28796.749,0,87,413921,105963776
simless,4,0,enron_full_185731,no_exact_ref,28796.749,0,87,413921,105963776
simless,6,0,enron_full_186258,exact_ref,27560.500,1,0,413921,105963776
simless,4,0,enron_full_186258,exact_ref,27560.500,1,0,413921,105963776
simless,5,0,enron_full_186258,exact_ref,27560.500,1,0,413921,105963776
simless,4,0,enron_full_186778,exact_ref,26804.081,1,0,413921,105963776
simless,5,0,enron_full_186778,exact_ref,26804.081,1,0,413921,105963776
simless,6,0,enron_full_186778,exact_ref,26804.081,1,0,413921,105963776
simless,5,0,enron_full_187181,exact_ref,27825.280,1,0,413921,105963776
simless,6,0,enron_full_187181,exact_ref,27825.280,1,0,413921,105963776
simless,4,0,enron_full_187181,exact_ref,27825.280,1,0,413921,105963776
simless,6,0,enron_full_187432,exact_ref,27251.331,1,0,413921,105963776
simless,4,0,enron_full_187432,exact_ref,27251.331,1,0,413921,105963776
simless,5,0,enron_full_187432,exact_ref,27251.331,1,0,413921,105963776
simless,4,0,enron_full_187706,exact_ref,27177.430,1,0,413921,105963776
simless,5,0,enron_full_187706,exact_ref,27177.430,1,0,413921,105963776
simless,6,0,enron_full_187706,exact_ref,27177.430,1,0,413921,105963776
simless,5,0,enron_full_188453,exact_ref,28127.647,1,0,413921,105963776
simless,6,0,enron_full_188453,exact_ref,28127.647,1,0,413921,105963776
simless,4,0,enron_full_188453,exact_ref,28127.647,1,0,413921,105963776
simless,6,0,enron_full_189842,exact_ref,28385.157,1,0,413921,105963776
simless,4,0,enron_full_189842,exact_ref,28385.157,1,0,413921,105963776
simless,5,0,enron_full_189842,exact_ref,28385.157,1,0,413921,105963776
simless,4,0,enron_full_189980,exact_ref,29285.035,1,0,413921,105963776
simless,5,0,enron_full_189980,exact_ref,29285.035,1,0,413921,105963776
simless,6,0,enron_full_189980,exact_ref,29285.035,1,0,413921,105963776
simless,5,0,enron_full_191466,exact_ref,30049.326,1,0,413921,105963776
simless,6,0,enron_full_191466,exact_ref,30049.326,1,0,413921,105963776
simless,4,0,enron_full_191466,exact_ref,30049.326,1,0,413921,105963776
simless,6,0,enron_full_191744,no_exact_ref,29126.909,0,17,413921,105963776
simless,4,0,enron_full_191744,no_exact_ref,29126.909,0,17,413921,105963776
simless,5,0,enron_full_191744,no_exact_ref,29126.909,0,17,413921,105963776
simless,4,0,enron_full_191882,exact_ref,28389.682,1,0,413921,105963776
simless,5,0,enron_full_191882,exact_ref,28389.682,1,0,413921,105963776
simless,6,0,enron_full_191882,exact_ref,28389.682,1,0,413921,105963776
simless,5,0,enron_full_193162,exact_ref,27298.513,1,0,413921,105963776
simless,6,0,enron_full_193162,exact_ref,27298.513,1,0,413921,105963776
simless,4,0,enron_full_193162,exact_ref,27298.513,1,0,413921,105963776
simless,6,0,enron_full_195402,exact_ref,27608.689,1,0,413921,105963776
simless,4,0,enron_full_195402,exact_ref,27608.689,1,0,413921,105963776
simless,5,0,enron_full_195402,exact_ref,27608.689,1,0,413921,105963776
simless,4,0,enron_full_195600,exact_ref,27970.015,1,0,413921,105963776
simless,5,0,enron_full_195600,exact_ref,27970.015,1,0,413921,105963776
simless,6,0,enron_full_195600,exact_ref,27970.015,1,0,413921,105963776
simless,5,0,enron_full_195759,exact_ref,27385.824,1,0,413921,105963776
simless,6,0,enron_full_195759,exact_ref,27385.824,1,0,413921,105963776
simless,4,0,enron_full_195759,exact_ref,27385.824,1,0,413921,105963776
simless,6,0,enron_full_196134,exact_ref,27384.603,1,0,413921,105963776
simless,4,0,enron_full_196134,exact_ref,27384.603,1,0,413921,105963776
simless,5,0,enron_full_196134,exact_ref,27384.603,1,0,413921,105963776
simless,4,0,enron_full_197175,exact_ref,27387.833,1,0,413921,105963776
simless,5,0,enron_full_197175,exact_ref,27387.833,1,0,413921,105963776
simless,6,0,enron_full_197175,exact_ref,27387.833,1,0,413921,105963776
simless,5,0,enron_full_197216,exact_ref,27716.463,1,0,413921,105963776
simless,6,0,enron_full_197216,exact_ref,27716.463,1,0,413921,105963776
simless,4,0,enron_full_197216,exact_ref,27716.463,1,0,413921,105963776
simless,6,0,enron_full_197678,exact_ref,26960.281,1,0,413921,105963776
simless,4,0,enron_full_197678,exact_ref,26960.281,1,0,413921,105963776
simless,5,0,enron_full_197678,exact_ref,26960.281,1,0,413921,105963776
simless,4,0,enron_full_198102,exact_ref,27536.496,1,0,413921,105963776
simless,5,0,enron_full_198102,exact_ref,27536.496,1,0,413921,105963776
simless,6,0,enron_full_198102,exact_ref,27536.496,1,0,413921,105963776
simless,5,0,enron_full_198996,exact_ref,27059.710,1,0,413921,105963776
simless,6,0,enron_full_198996,exact_ref,27059.710,1,0,413921,105963776
simless,4,0,enron_full_198996,exact_ref,27059.710,1,0,413921,105963776
simless,6,0,enron_full_200327,exact_ref,26730.723,1,0,413921,105963776
simless,4,0,enron_full_200327,exact_ref,26730.723,1,0,413921,105963776
simless,5,0,enron_full_200327,exact_ref,26730.723,1,0,413921,105963776
simless,4,0,enron_full_200476,exact_ref,28320.620,1,0,413921,105963776
simless,5,0,enron_full_200476,exact_ref,28320.620,1,0,413921,105963776
simless,6,0,enron_full_200476,exact_ref,28320.620,1,0,413921,105963776
simless,5,0,enron_full_201608,exact_ref,28471.814,1,0,413921,105963776
simless,6,0,enron_full_201608,exact_ref,28471.814,1,0,413921,105963776
simless,4,0,enron_full_201608,exact_ref,28471.814,1,0,413921,105963776
simless,6,0,enron_full_202547,exact_ref,27973.748,1,0,413921,105963776
simless,4,0,enron_full_202547,exact_ref,27973.748,1,0,413921,105963776
simless,5,0,enron_full_202547,exact_ref,27973.748,1,0,413921,105963776
simless,4,0,enron_full_202611,no_exact_ref,26670.558,0,81,413921,105963776
simless,5,0,enron_full_202611,no_exact_ref,26670.558,0,81,413921,105963776
simless,6,0,enron_full_202611,no_exact_ref,26670.558,0,81,413921,105963776
simless,5,0,enron_full_203046,exact_ref,27139.687,1,0,413921,105963776
simless,6,0,enron_full_203046,exact_ref,27139.687,1,0,413921,105963776
simless,4,0,enron_full_203046,exact_ref,27139.687,1,0,413921,105963776
simless,6,0,enron_full_204937,exact_ref,26858.142,1,0,413921,105963776
simless,4,0,enron_full_204937,exact_ref,26858.142,1,0,413921,105963776
simless,5,0,enron_full_204937,exact_ref,26858.142,1,0,413921,105963776
simless,4,0,enron_full_205754,exact_ref,28670.746,1,0,413921,105963776
simless,5,0,enron_full_205754,exact_ref,28670.746,1,0,413921,105963776
simless,6,0,enron_full_205754,exact_ref,28670.746,1,0,413921,105963776
simless,5,0,enron_full_205846,exact_ref,28491.885,1,0,413921,105963776
simless,6,0,enron_full_205846,exact_ref,28491.885,1,0,413921,105963776
simless,4,0,enron_full_205846,exact_ref,28491.885,1,0,413921,105963776
simless,6,0,enron_full_206132,exact_ref,29072.289,1,0,413921,105963776
simless,4,0,enron_full_206132,exact_ref,29072.289,1,0,413921,105963776
simless,5,0,enron_full_206132,exact_ref,29072.289,1,0,413921,105963776
simless,4,0,enron_full_206426,exact_ref,28139.239,1,0,413921,105963776
simless,5,0,enron_full_206426,exact_ref,28139.239,1,0,413921,105963776
simless,6,0,enron_full_206426,exact_ref,28139.239,1,0,413921,105963776
simless,5,0,enron_full_206631,no_exact_ref,28615.002,0,92,413921,105963776
simless,6,0,enron_full_206631,no_exact_ref,28615.002,0,92,413921,105963776
simless,4,0,enron_full_206631,no_exact_ref,28615.002,0,92,413921,105963776
simless,6,0,enron_full_206780,exact_ref,29148.482,1,0,413921,105963776
simless,4,0,enron_full_206780,exact_ref,29148.482,1,0,413921,105963776
simless,5,0,enron_full_206780,exact_ref,29148.482,1,0,413921,105963776
simless,4,0,enron_full_207863,exact_ref,29283.760,1,0,413921,105963776
simless,5,0,enron_full_207863,exact_ref,29283.760,1,0,413921,105963776
simless,6,0,enron_full_207863,exact_ref,29283.760,1,0,413921,105963776
simless,5,0,enron_full_208242,exact_ref,29566.368,1,0,413921,105963776
simless,6,0,enron_full_208242,exact_ref,29566.368,1,0,413921,105963776
simless,4,0,enron_full_208242,exact_ref,29566.368,1,0,413921,105963776
simless,6,0,enron_full_208362,exact_ref,29249.514,1,0,413921,105963776
simless,4,0,enron_full_208362,exact_ref,29249.514,1,0,413921,105963776
simless,5,0,enron_full_208362,exact_ref,29249.514,1,0,413921,105963776
simless,4,0,enron_full_209030,exact_ref,27059.463,1,0,413921,105963776
simless,5,0,enron_full_209030,exact_ref,27059.463,1,0,413921,105963776
simless,6,0,enron_full_209030,exact_ref,27059.463,1,0,413921,105963776
simless,5,0,enron_full_209358,exact_ref,26348.270,1,0,413921,105963776
simless,6,0,enron_full_209358,exact_ref,26348.270,1,0,413921,105963776
simless,4,0,enron_full_209358,exact_ref,26348.270,1,0,413921,105963776
simless,6,0,enron_full_209479,exact_ref,26293.572,1,0,413921,105963776
simless,4,0,enron_full_209479,exact_ref,26293.572,1,0,413921,105963776
simless,5,0,enron_full_209479,exact_ref,26293.572,1,0,413921,105963776
simless,4,0,enron_full_209859,exact_ref,26437.376,1,0,413921,105963776
simless,5,0,enron_full_209859,exact_ref,26437.376,1,0,413921,105963776
simless,6,0,enron_full_209859,exact_ref,26437.376,1,0,413921,105963776
simless,5,0,enron_full_209958,exact_ref,27155.065,1,0,413921,105963776
simless,6,0,enron_full_209958,exact_ref,27155.065,1,0,413921,105963776
simless,4,0,enron_full_209958,exact_ref,27155.065,1,0,413921,105963776
simless,6,0,enron_full_210032,no_exact_ref,27008.195,1,6,413921,105963776
simless,4,0,enron_full_210032,no_exact_ref,27008.195,0,6,413921,105963776
simless,5,0,enron_full_210032,no_exact_ref,27008.195,0,6,413921,105963776
simless,4,0,enron_full_210772,exact_ref,26750.912,1,0,413921,105963776
simless,5,0,enron_full_210772,exact_ref,26750.912,1,0,413921,105963776
simless,6,0,enron_full_210772,exact_ref,26750.912,1,0,413921,105963776
simless,5,0,enron_full_211094,no_exact_ref,26444.049,0,96,413921,105963776
simless,6,0,enron_full_211094,no_exact_ref,26444.049,0,96,413921,105963776
simless,4,0,enron_full_211094,no_exact_ref,26444.049,0,96,413921,105963776
simless,6,0,enron_full_211389,exact_ref,25520.301,1,0,413921,105963776
simless,4,0,enron_full_211389,exact_ref,25520.301,1,0,413921,105963776
simless,5,0,enron_full_211389,exact_ref,25520.301,1,0,413921,105963776
simless,4,0,enron_full_211892,no_exact_ref,25592.364,0,86,413921,105963776
simless,5,0,enron_full_211892,no_exact_ref,25592.364,0,86,413921,105963776
simless,6,0,enron_full_211892,no_exact_ref,25592.364,0,86,413921,105963776
simless,5,0,enron_full_211966,no_exact_ref,25610.770,0,89,413921,105963776
simless,6,0,enron_full_211966,no_exact_ref,25610.770,0,89,413921,105963776
simless,4,0,enron_full_211966,no_exact_ref,25610.770,0,89,413921,105963776
simless,6,0,enron_full_212202,no_exact_ref,29265.782,0,25,413921,105963776
simless,4,0,enron_full_212202,no_exact_ref,29265.782,0,25,413921,105963776
simless,5,0,enron_full_212202,no_exact_ref,29265.782,0,25,413921,105963776
simless,4,0,enron_full_213178,no_exact_ref,29656.115,0,23,413921,105963776
simless,5,0,enron_full_213178,no_exact_ref,29656.115,0,23,413921,105963776
simless,6,0,enron_full_213178,no_exact_ref,29656.115,0,23,413921,105963776
simless,5,0,enron_full_214684,exact_ref,29151.586,1,0,413921,105963776
simless,6,0,enron_full_214684,exact_ref,29151.586,1,0,413921,105963776
simless,4,0,enron_full_214684,exact_ref,29151.586,1,0,413921,105963776
simless,6,0,enron_full_214861,exact_ref,27413.163,1,0,413921,105963776
simless,4,0,enron_full_214861,exact_ref,27413.163,1,0,413921,105963776
simless,5,0,enron_full_214861,exact_ref,27413.163,1,0,413921,105963776
simless,4,0,enron_full_214866,exact_ref,28434.685,1,0,413921,105963776
simless,5,0,enron_full_214866,exact_ref,28434.685,1,0,413921,105963776
simless,6,0,enron_full_214866,exact_ref,28434.685,1,0,413921,105963776
simless,5,0,enron_full_214883,exact_ref,28103.465,1,0,413921,105963776
simless,6,0,enron_full_214883,exact_ref,28103.465,1,0,413921,105963776
simless,4,0,enron_full_214883,exact_ref,28103.465,1,0,413921,105963776
simless,6,0,enron_full_215380,exact_ref,27412.063,1,0,413921,105963776
simless,4,0,enron_full_215380,exact_ref,27412.063,1,0,413921,105963776
simless,5,0,enron_full_215380,exact_ref,27412.063,1,0,413921,105963776
simless,4,0,enron_full_215696,exact_ref,26797.293,1,0,413921,105963776
simless,5,0,enron_full_215696,exact_ref,26797.293,1,0,413921,105963776
simless,6,0,enron_full_215696,exact_ref,26797.293,1,0,413921,105963776
simless,5,0,enron_full_216853,exact_ref,26425.994,1,0,413921,105963776
simless,6,0,enron_full_216853,exact_ref,26425.994,1,0,413921,105963776
simless,4,0,enron_full_216853,exact_ref,26425.994,1,0,413921,105963776
simless,6,0,enron_full_218707,exact_ref,26116.331,1,0,413921,105963776
simless,4,0,enron_full_218707,exact_ref,26116.331,1,0,413921,105963776
simless,5,0,enron_full_218707,exact_ref,26116.331,1,0,413921,105963776
simless,4,0,enron_full_219044,exact_ref,26138.276,1,0,413921,105963776
simless,5,0,enron_full_219044,exact_ref,26138.276,1,0,413921,105963776
simless,6,0,enron_full_219044,exact_ref,26138.276,1,0,413921,105963776
simless,5,0,enron_full_219142,exact_ref,26236.549,1,0,413921,105963776
simless,6,0,enron_full_219142,exact_ref,26236.549,1,0,413921,105963776
simless,4,0,enron_full_219142,exact_ref,26236.549,1,0,413921,105963776
simless,6,0,enron_full_219243,exact_ref,26011.220,1,0,413921,105963776
simless,4,0,enron_full_219243,exact_ref,26011.220,1,0,413921,105963776
simless,5,0,enron_full_219243,exact_ref,26011.220,1,0,413921,105963776
simless,4,0,enron_full_219501,no_exact_ref,27887.517,0,19,413921,105963776
simless,5,0,enron_full_219501,no_exact_ref,27887.517,0,19,413921,105963776
simless,6,0,enron_full_219501,no_exact_ref,27887.517,0,19,413921,105963776
simless,5,0,enron_full_219509,no_exact_ref,28312.631,0,11,413921,105963776
simless,6,0,enron_full_219509,no_exact_ref,28312.631,0,11,413921,105963776
simless,4,0,enron_full_219509,no_exact_ref,28312.631,0,11,413921,105963776
simless,6,0,enron_full_219658,no_exact_ref,28388.606,0,95,413921,105963776
simless,4,0,enron_full_219658,no_exact_ref,28388.606,0,95,413921,105963776
simless,5,0,enron_full_219658,no_exact_ref,28388.606,0,95,413921,105963776
simless,4,0,enron_full_220234,exact_ref,26412.975,1,0,413921,105963776
simless,5,0,enron_full_220234,exact_ref,26412.975,1,0,413921,105963776
simless,6,0,enron_full_220234,exact_ref,26412.975,1,0,413921,105963776
simless,5,0,enron_full_220556,exact_ref,25933.469,1,0,413921,105963776
simless,6,0,enron_full_220556,exact_ref,25933.469,1,0,413921,105963776
simless,4,0,enron_full_220556,exact_ref,25933.469,1,0,413921,105963776
simless,6,0,enron_full_221304,exact_ref,27040.356,1,0,413921,105963776
simless,4,0,enron_full_221304,exact_ref,27040.356,1,0,413921,105963776
simless,5,0,enron_full_221304,exact_ref,27040.356,1,0,413921,105963776
simless,4,0,enron_full_223253,exact_ref,26382.862,1,0,413921,105963776
simless,5,0,enron_full_223253,exact_ref,26382.862,1,0,413921,105963776
simless,6,0,enron_full_223253,exact_ref,26382.862,1,0,413921,105963776
simless,5,0,enron_full_223630,exact_ref,26417.994,1,0,413921,105963776
simless,6,0,enron_full_223630,exact_ref,26417.994,1,0,413921,105963776
simless,4,0,enron_full_223630,exact_ref,26417.994,1,0,413921,105963776
simless,6,0,enron_full_223933,exact_ref,28999.684,1,0,413921,105963776
simless,4,0,enron_full_223933,exact_ref,28999.684,1,0,413921,105963776
simless,5,0,enron_full_223933,exact_ref,28999.684,1,0,413921,105963776
simless,4,0,enron_full_224076,exact_ref,29335.806,1,0,413921,105963776
simless,5,0,enron_full_224076,exact_ref,29335.806,1,0,413921,105963776
simless,6,0,enron_full_224076,exact_ref,29335.806,1,0,413921,105963776
simless,5,0,enron_full_224176,exact_ref,28213.404,1,0,413921,105963776
simless,6,0,enron_full_224176,exact_ref,28213.404,1,0,413921,105963776
simless,4,0,enron_full_224176,exact_ref,28213.404,1,0,413921,105963776
simless,6,0,enron_full_224421,exact_ref,28672.372,1,0,413921,105963776
simless,4,0,enron_full_224421,exact_ref,28672.372,1,0,413921,105963776
simless,5,0,enron_full_224421,exact_ref,28672.372,1,0,413921,105963776
simless,4,0,enron_full_226002,no_exact_ref,28383.923,0,92,413921,105963776
simless,5,0,enron_full_226002,no_exact_ref,28383.923,0,92,413921,105963776
simless,6,0,enron_full_226002,no_exact_ref,28383.923,0,92,413921,105963776
simless,5,0,enron_full_226675,exact_ref,28916.316,1,0,413921,105963776
simless,6,0,enron_full_226675,exact_ref,28916.316,1,0,413921,105963776
simless,4,0,enron_full_226675,exact_ref,28916.316,1,0,413921,105963776
simless,6,0,enron_full_227135,exact_ref,29090.748,1,0,413921,105963776
simless,4,0,enron_full_227135,exact_ref,29090.748,1,0,413921,105963776
simless,5,0,enron_full_227135,exact_ref,29090.748,1,0,413921,105963776
simless,4,0,enron_full_227290,no_exact_ref,28472.256,0,49,413921,105963776
simless,5,0,enron_full_227290,no_exact_ref,28472.256,0,49,413921,105963776
simless,6,0,enron_full_227290,no_exact_ref,28472.256,0,49,413921,105963776
simless,5,0,enron_full_227315,exact_ref,26927.560,1,0,413921,105963776
simless,6,0,enron_full_227315,exact_ref,26927.560,1,0,413921,105963776
simless,4,0,enron_full_227315,exact_ref,26927.560,1,0,413921,105963776
simless,6,0,enron_full_227317,no_exact_ref,27261.885,1,0,413921,105963776
simless,4,0,enron_full_227317,no_exact_ref,27261.885,1,0,413921,105963776
simless,5,0,enron_full_227317,no_exact_ref,27261.885,1,0,413921,105963776
simless,4,0,enron_full_227401,exact_ref,26271.004,1,0,413921,105963776
simless,5,0,enron_full_227401,exact_ref,26271.004,1,0,413921,105963776
simless,6,0,enron_full_227401,exact_ref,26271.004,1,0,413921,105963776
simless,5,0,enron_full_227576,exact_ref,26094.352,1,0,413921,105963776
simless,6,0,enron_full_227576,exact_ref,26094.352,1,0,413921,105963776
simless,4,0,enron_full_227576,exact_ref,26094.352,1,0,413921,105963776
simless,6,0,enron_full_228518,exact_ref,27025.503,1,0,413921,105963776
simless,4,0,enron_full_228518,exact_ref,27025.503,1,0,413921,105963776
simless,5,0,enron_full_228518,exact_ref,27025.503,1,0,413921,105963776
simless,4,0,enron_full_228640,exact_ref,25562.223,1,0,413921,105963776
simless,5,0,enron_full_228640,exact_ref,25562.223,1,0,413921,105963776
simless,6,0,enron_full_228640,exact_ref,25562.223,1,0,413921,105963776
simless,5,0,enron_full_229065,exact_ref,25512.032,1,0,413921,105963776
simless,6,0,enron_full_229065,exact_ref,25512.032,1,0,413921,105963776
simless,4,0,enron_full_229065,exact_ref,25512.032,1,0,413921,105963776
simless,6,0,enron_full_229125,exact_ref,26307.173,1,0,413921,105963776
simless,4,0,enron_full_229125,exact_ref,26307.173,1,0,413921,105963776
simless,5,0,enron_full_229125,exact_ref,26307.173,1,0,413921,105963776
simless,4,0,enron_full_230449,exact_ref,26627.026,1,0,413921,105963776
simless,5,0,enron_full_230449,exact_ref,26627.026,1,0,413921,105963776
simless,6,0,enron_full_230449,exact_ref,26627.026,1,0,413921,105963776
simless,5,0,enron_full_230615,exact_ref,26481.647,1,0,413921,105963776
simless,6,0,enron_full_230615,exact_ref,26481.647,1,0,413921,105963776
simless,4,0,enron_full_230615,exact_ref,26481.647,1,0,413921,105963776
simless,6,0,enron_full_231206,exact_ref,26868.701,1,0,413921,105963776
simless,4,0,enron_full_231206,exact_ref,26868.701,1,0,413921,105963776
simless,5,0,enron_full_231206,exact_ref,26868.701,1,0,413921,105963776
simless,4,0,enron_full_232509,exact_ref,28931.353,1,0,413921,105963776
simless,5,0,enron_full_232509,exact_ref,28931.353,1,0,413921,105963776
simless,6,0,enron_full_232509,exact_ref,28931.353,1,0,413921,105963776
simless,5,0,enron_full_232529,exact_ref,28584.763,1,0,413921,105963776
simless,6,0,enron_full_232529,exact_ref,28584.763,1,0,413921,105963776
simless,4,0,enron_full_232529,exact_ref,28584.763,1,0,413921,105963776
simless,6,0,enron_full_232592,exact_ref,26687.267,1,0,413921,105963776
simless,4,0,enron_full_232592,exact_ref,26687.267,1,0,413921,105963776
simless,5,0,enron_full_232592,exact_ref,26687.267,1,0,413921,105963776
simless,4,0,enron_full_232830,exact_ref,26816.658,1,0,413921,105963776
simless,5,0,enron_full_232830,exact_ref,26816.658,1,0,413921,105963776
simless,6,0,enron_full_232830,exact_ref,26816.658,1,0,413921,105963776
simless,5,0,enron_full_232998,exact_ref,27499.767,1,0,413921,105963776
simless,6,0,enron_full_232998,exact_ref,27499.767,1,0,413921,105963776
simless,4,0,enron_full_232998,exact_ref,27499.767,1,0,413921,105963776
simless,6,0,enron_full_233012,exact_ref,26957.296,1,0,413921,105963776
simless,4,0,enron_full_233012,exact_ref,26957.296,1,0,413921,105963776
simless,5,0,enron_full_233012,exact_ref,26957.296,1,0,413921,105963776
simless,4,0,enron_full_233273,exact_ref,28818.368,1,0,413921,105963776
simless,5,0,enron_full_233273,exact_ref,28818.368,1,0,413921,105963776
simless,6,0,enron_full_233273,exact_ref,28818.368,1,0,413921,105963776
simless,5,0,enron_full_233711,exact_ref,28087.508,1,0,413921,105963776
simless,6,0,enron_full_233711,exact_ref,28087.508,1,0,413921,105963776
simless,4,0,enron_full_233711,exact_ref,28087.508,1,0,413921,105963776
simless,6,0,enron_full_233845,exact_ref,29629.551,1,0,413921,105963776
simless,4,0,enron_full_233845,exact_ref,29629.551,1,0,413921,105963776
simless,5,0,enron_full_233845,exact_ref,29629.551,1,0,413921,105963776
simless,4,0,enron_full_234397,exact_ref,28990.314,1,0,413921,105963776
simless,5,0,enron_full_234397,exact_ref,28990.314,1,0,413921,105963776
simless,6,0,enron_full_234397,exact_ref,28990.314,1,0,413921,105963776
simless,5,0,enron_full_235427,exact_ref,28302.503,1,0,413921,105963776
simless,6,0,enron_full_235427,exact_ref,28302.503,1,0,413921,105963776
simless,4,0,enron_full_235427,exact_ref,28302.503,1,0,413921,105963776
simless,6,0,enron_full_237126,exact_ref,27950.516,1,0,413921,105963776
simless,4,0,enron_full_237126,exact_ref,27950.516,1,0,413921,105963776
simless,5,0,enron_full_237126,exact_ref,27950.516,1,0,413921,105963776
simless,4,0,enron_full_238037,exact_ref,28254.680,1,0,413921,105963776
simless,5,0,enron_full_238037,exact_ref,28254.680,1,0,413921,105963776
simless,6,0,enron_full_238037,exact_ref,28254.680,1,0,413921,105963776
simless,5,0,enron_full_238970,exact_ref,29359.817,1,0,413921,105963776
simless,6,0,enron_full_238970,exact_ref,29359.817,1,0,413921,105963776
simless,4,0,enron_full_238970,exact_ref,29359.817,1,0,413921,105963776
simless,6,0,enron_full_239927,exact_ref,29275.306,1,0,413921,105963776
simless,4,0,enron_full_239927,exact_ref,29275.306,1,0,413921,105963776
simless,5,0,enron_full_239927,exact_ref,29275.306,1,0,413921,105963776
simless,4,0,enron_full_240437,exact_ref,27562.421,1,0,413921,105963776
simless,5,0,enron_full_240437,exact_ref,27562.421,1,0,413921,105963776
simless,6,0,enron_full_240437,exact_ref,27562.421,1,0,413921,105963776
simless,5,0,enron_full_240888,exact_ref,27516.779,1,0,413921,105963776
simless,6,0,enron_full_240888,exact_ref,27516.779,1,0,413921,105963776
simless,4,0,enron_full_240888,exact_ref,27516.779,1,0,413921,105963776
simless,6,0,enron_full_241204,exact_ref,29189.637,1,0,413921,105963776
simless,4,0,enron_full_241204,exact_ref,29189.637,1,0,413921,105963776
simless,5,0,enron_full_241204,exact_ref,29189.637,1,0,413921,105963776
simless,4,0,enron_full_242121,exact_ref,29654.888,1,0,413921,105963776
simless,5,0,enron_full_242121,exact_ref,29654.888,1,0,413921,105963776
simless,6,0,enron_full_242121,exact_ref,29654.888,1,0,413921,105963776
simless,5,0,enron_full_242149,exact_ref,28769.781,1,0,413921,105963776
simless,6,0,enron_full_242149,exact_ref,28769.781,1,0,413921,105963776
simless,4,0,enron_full_242149,exact_ref,28769.781,1,0,413921,105963776
simless,6,0,enron_full_242702,exact_ref,27088.670,1,0,413921,105963776
simless,4,0,enron_full_242702,exact_ref,27088.670,1,0,413921,105963776
simless,5,0,enron_full_242702,exact_ref,27088.670,1,0,413921,105963776
simless,4,0,enron_full_242763,exact_ref,27120.053,1,0,413921,105963776
simless,5,0,enron_full_242763,exact_ref,27120.053,1,0,413921,105963776
simless,6,0,enron_full_242763,exact_ref,27120.053,1,0,413921,105963776
simless,5,0,enron_full_243198,exact_ref,27413.269,1,0,413921,105963776
simless,6,0,enron_full_243198,exact_ref,27413.269,1,0,413921,105963776
simless,4,0,enron_full_243198,exact_ref,27413.269,1,0,413921,105963776
simless,6,0,enron_full_243425,exact_ref,27401.185,1,0,413921,105963776
simless,4,0,enron_full_243425,exact_ref,27401.185,1,0,413921,105963776
simless,5,0,enron_full_243425,exact_ref,27401.185,1,0,413921,105963776
simless,4,0,enron_full_244168,no_exact_ref,27176.989,1,0,413921,105963776
simless,5,0,enron_full_244168,no_exact_ref,27176.989,1,0,413921,105963776
simless,6,0,enron_full_244168,no_exact_ref,27176.989,1,0,413921,105963776
simless,5,0,enron_full_244538,exact_ref,29085.354,1,0,413921,105963776
simless,6,0,enron_full_244538,exact_ref,29085.354,1,0,413921,105963776
simless,4,0,enron_full_244538,exact_ref,29085.354,1,0,413921,105963776
simless,6,0,enron_full_244857,exact_ref,29447.162,1,0,413921,105963776
simless,4,0,enron_full_244857,exact_ref,29447.162,1,0,413921,105963776
simless,5,0,enron_full_244857,exact_ref,29447.162,1,0,413921,105963776
simless,4,0,enron_full_244901,exact_ref,29594.959,1,0,413921,105963776
simless,5,0,enron_full_244901,exact_ref,29594.959,1,0,413921,105963776
simless,6,0,enron_full_244901,exact_ref,29594.959,1,0,413921,105963776
simless,5,0,enron_full_244915,exact_ref,29615.944,1,0,413921,105963776
simless,6,0,enron_full_244915,exact_ref,29615.944,1,0,413921,105963776
simless,4,0,enron_full_244915,exact_ref,29615.944,1,0,413921,105963776
simless,6,0,enron_full_245469,exact_ref,29117.661,1,0,413921,105963776
simless,4,0,enron_full_245469,exact_ref,29117.661,1,0,413921,105963776
simless,5,0,enron_full_245469,exact_ref,29117.661,1,0,413921,105963776
simless,4,0,enron_full_246185,exact_ref,28480.040,1,0,413921,105963776
simless,5,0,enron_full_246185,exact_ref,28480.040,1,0,413921,105963776
simless,6,0,enron_full_246185,exact_ref,28480.040,1,0,413921,105963776
simless,5,0,enron_full_246287,exact_ref,28649.917,1,0,413921,105963776
simless,6,0,enron_full_246287,exact_ref,28649.917,1,0,413921,105963776
simless,4,0,enron_full_246287,exact_ref,28649.917,1,0,413921,105963776
simless,6,0,enron_full_246288,exact_ref,28010.245,1,0,413921,105963776
simless,4,0,enron_full_246288,exact_ref,28010.245,1,0,413921,105963776
simless,5,0,enron_full_246288,exact_ref,28010.245,1,0,413921,105963776
simless,4,0,enron_full_246340,exact_ref,27421.346,1,0,413921,105963776
simless,5,0,enron_full_246340,exact_ref,27421.346,1,0,413921,105963776
simless,6,0,enron_full_246340,exact_ref,27421.346,1,0,413921,105963776
simless,5,0,enron_full_246689,exact_ref,28058.689,1,0,413921,105963776
simless,6,0,enron_full_246689,exact_ref,28058.689,1,0,413921,105963776
simless,4,0,enron_full_246689,exact_ref,28058.689,1,0,413921,105963776
simless,6,0,enron_full_246896,exact_ref,27819.068,1,0,413921,105963776
simless,4,0,enron_full_246896,exact_ref,27819.068,1,0,413921,105963776
simless,5,0,enron_full_246896,exact_ref,27819.068,1,0,413921,105963776
simless,4,0,enron_full_247095,exact_ref,27240.162,1,0,413921,105963776
simless,5,0,enron_full_247095,exact_ref,27240.162,1,0,413921,105963776
simless,6,0,enron_full_247095,exact_ref,27240.162,1,0,413921,105963776
simless,5,0,enron_full_247286,exact_ref,28280.706,1,0,413921,105963776
simless,6,0,enron_full_247286,exact_ref,28280.706,1,0,413921,105963776
simless,4,0,enron_full_247286,exact_ref,28280.706,1,0,413921,105963776
simless,6,0,enron_full_247295,exact_ref,30037.478,1,0,413921,105963776
simless,4,0,enron_full_247295,exact_ref,30037.478,1,0,413921,105963776
simless,5,0,enron_full_247295,exact_ref,30037.478,1,0,413921,105963776
simless,4,0,enron_full_247605,exact_ref,29521.391,1,0,413921,105963776
simless,5,0,enron_full_247605,exact_ref,29521.391,1,0,413921,105963776
simless,6,0,enron_full_247605,exact_ref,29521.391,1,0,413921,105963776
simless,5,0,enron_full_247963,exact_ref,28122.674,1,0,413921,105963776
simless,6,0,enron_full_247963,exact_ref,28122.674,1,0,413921,105963776
simless,4,0,enron_full_247963,exact_ref,28122.674,1,0,413921,105963776
simless,6,0,enron_full_248460,exact_ref,27865.173,1,0,413921,105963776
simless,4,0,enron_full_248460,exact_ref,27865.173,1,0,413921,105963776
simless,5,0,enron_full_248460,exact_ref,27865.173,1,0,413921,105963776
simless,4,0,enron_full_248776,no_exact_ref,27282.698,1,0,413921,105963776
simless,5,0,enron_full_248776,no_exact_ref,27282.698,1,0,413921,105963776
simless,6,0,enron_full_248776,no_exact_ref,27282.698,1,0,413921,105963776
simless,5,0,enron_full_249257,no_exact_ref,27204.052,0,91,413921,105963776
simless,6,0,enron_full_249257,no_exact_ref,27204.052,0,91,413921,105963776
simless,4,0,enron_full_249257,no_exact_ref,27204.052,0,91,413921,105963776
simless,6,0,enron_full_250519,exact_ref,27892.249,1,0,413921,105963776
simless,4,0,enron_full_250519,exact_ref,27892.249,1,0,413921,105963776
simless,5,0,enron_full_250519,exact_ref,27892.249,1,0,413921,105963776
simless,4,0,enron_full_250725,exact_ref,27718.928,1,0,413921,105963776
simless,5,0,enron_full_250725,exact_ref,27718.928,1,0,413921,105963776
simless,6,0,enron_full_250725,exact_ref,27718.928,1,0,413921,105963776
simless,5,0,enron_full_252462,no_exact_ref,28088.558,0,60,413921,105963776
simless,6,0,enron_full_252462,no_exact_ref,28088.558,0,60,413921,105963776
simless,4,0,enron_full_252462,no_exact_ref,28088.558,0,60,413921,105963776
simless,6,0,enron_full_253509,no_exact_ref,28495.852,0,40,413921,105963776
simless,4,0,enron_full_253509,no_exact_ref,28495.852,0,40,413921,105963776
simless,5,0,enron_full_253509,no_exact_ref,28495.852,0,40,413921,105963776
simless,4,0,enron_full_253676,exact_ref,28506.852,1,0,413921,105963776
simless,5,0,enron_full_253676,exact_ref,28506.852,1,0,413921,105963776
simless,6,0,enron_full_253676,exact_ref,28506.852,1,0,413921,105963776
simless,5,0,enron_full_253776,exact_ref,29584.399,1,0,413921,105963776
simless,6,0,enron_full_253776,exact_ref,29584.399,1,0,413921,105963776
simless,4,0,enron_full_253776,exact_ref,29584.399,1,0,413921,105963776
simless,6,0,enron_full_253875,exact_ref,30649.706,1,0,413921,105963776
simless,4,0,enron_full_253875,exact_ref,30649.706,1,0,413921,105963776
simless,5,0,enron_full_253875,exact_ref,30649.706,1,0,413921,105963776
simless,4,0,enron_full_254022,exact_ref,32342.775,1,0,413921,105963776
simless,5,0,enron_full_254022,exact_ref,32342.775,1,0,413921,105963776
simless,6,0,enron_full_254022,exact_ref,32342.775,1,0,413921,105963776
simless,5,0,enron_full_254732,exact_ref,32864.340,1,0,413921,105963776
simless,6,0,enron_full_254732,exact_ref,32864.340,1,0,413921,105963776
simless,4,0,enron_full_254732,exact_ref,32864.340,1,0,413921,105963776
simless,6,0,enron_full_254813,exact_ref,33869.871,1,0,413921,105963776
simless,4,0,enron_full_254813,exact_ref,33869.871,1,0,413921,105963776
simless,5,0,enron_full_254813,exact_ref,33869.871,1,0,413921,105963776
simless,4,0,enron_full_254930,no_exact_ref,28146.209,0,36,413921,105963776
simless,5,0,enron_full_254930,no_exact_ref,28146.209,0,36,413921,105963776
simless,6,0,enron_full_254930,no_exact_ref,28146.209,0,36,413921,105963776
simless,5,0,enron_full_256359,no_exact_ref,28526.714,0,75,413921,105963776
simless,6,0,enron_full_256359,no_exact_ref,28526.714,0,75,413921,105963776
simless,4,0,enron_full_256359,no_exact_ref,28526.714,0,75,413921,105963776
simless,6,0,enron_full_256719,no_exact_ref,27290.903,0,65,413921,105963776
simless,4,0,enron_full_256719,no_exact_ref,27290.903,0,65,413921,105963776
simless,5,0,enron_full_256719,no_exact_ref,27290.903,0,65,413921,105963776
simless,4,0,enron_full_257223,no_exact_ref,29125.706,0,14,413921,105963776
simless,5,0,enron_full_257223,no_exact_ref,29125.706,0,14,413921,105963776
simless,6,0,enron_full_257223,no_exact_ref,29125.706,0,14,413921,105963776
simless,5,0,enron_full_257476,no_exact_ref,28327.384,0,89,413921,105963776
simless,6,0,enron_full_257476,no_exact_ref,28327.384,0,89,413921,105963776
simless,4,0,enron_full_257476,no_exact_ref,28327.384,0,89,413921,105963776
simless,6,0,enron_full_257526,no_exact_ref,27684.924,0,91,413921,105963776
simless,4,0,enron_full_257526,no_exact_ref,27684.924,0,91,413921,105963776
simless,5,0,enron_full_257526,no_exact_ref,27684.924,0,91,413921,105963776
simless,4,0,enron_full_258106,no_exact_ref,28290.827,0,92,413921,105963776
simless,5,0,enron_full_258106,no_exact_ref,28290.827,0,92,413921,105963776
simless,6,0,enron_full_258106,no_exact_ref,28290.827,0,92,413921,105963776
simless,5,0,enron_full_258436,no_exact_ref,27877.279,0,32,413921,105963776
simless,6,0,enron_full_258436,no_exact_ref,27877.279,0,32,413921,105963776
simless,4,0,enron_full_258436,no_exact_ref,27877.279,0,32,413921,105963776
simless,6,0,enron_full_259050,exact_ref,30300.348,1,0,413921,105963776
simless,4,0,enron_full_259050,exact_ref,30300.348,1,0,413921,105963776
simless,5,0,enron_full_259050,exact_ref,30300.348,1,0,413921,105963776
simless,4,0,enron_full_259076,no_exact_ref,32363.562,0,65,413921,105963776
simless,5,0,enron_full_259076,no_exact_ref,32363.562,0,65,413921,105963776
simless,6,0,enron_full_259076,no_exact_ref,32363.562,0,65,413921,105963776
simless,5,0,enron_full_259321,exact_ref,29540.455,1,0,413921,105963776
simless,6,0,enron_full_259321,exact_ref,29540.455,1,0,413921,105963776
simless,4,0,enron_full_259321,exact_ref,29540.455,1,0,413921,105963776
simless,6,0,enron_full_260192,exact_ref,27981.871,1,0,413921,105963776
simless,4,0,enron_full_260192,exact_ref,27981.871,1,0,413921,105963776
simless,5,0,enron_full_260192,exact_ref,27981.871,1,0,413921,105963776
simless,4,0,enron_full_261884,no_exact_ref,28039.806,0,77,413921,105963776
simless,5,0,enron_full_261884,no_exact_ref,28039.806,0,77,413921,105963776
simless,6,0,enron_full_261884,no_exact_ref,28039.806,0,77,413921,105963776
simless,5,0,enron_full_262514,exact_ref,27863.701,1,0,413921,105963776
simless,6,0,enron_full_262514,exact_ref,27863.701,1,0,413921,105963776
simless,4,0,enron_full_262514,exact_ref,27863.701,1,0,413921,105963776
simless,6,0,enron_full_262785,no_exact_ref,27989.556,0,90,413921,105963776
simless,4,0,enron_full_262785,no_exact_ref,27989.556,0,90,413921,105963776
simless,5,0,enron_full_262785,no_exact_ref,27989.556,0,90,413921,105963776
simless,4,0,enron_full_263240,exact_ref,30583.064,1,0,413921,105963776
simless,5,0,enron_full_263240,exact_ref,30583.064,1,0,413921,105963776
simless,6,0,enron_full_263240,exact_ref,30583.064,1,0,413921,105963776
simless,5,0,enron_full_264723,no_exact_ref,29403.058,0,65,413921,105963776
simless,6,0,enron_full_264723,no_exact_ref,29403.058,0,65,413921,105963776
simless,4,0,enron_full_264723,no_exact_ref,29403.058,0,65,413921,105963776
simless,6,0,enron_full_265023,exact_ref,28938.835,1,0,413921,105963776
simless,4,0,enron_full_265023,exact_ref,28938.835,1,0,413921,105963776
simless,5,0,enron_full_265023,exact_ref,28938.835,1,0,413921,105963776
simless,4,0,enron_full_265448,exact_ref,28421.054,1,0,413921,105963776
simless,5,0,enron_full_265448,exact_ref,28421.054,1,0,413921,105963776
simless,6,0,enron_full_265448,exact_ref,28421.054,1,0,413921,105963776
simless,5,0,enron_full_265746,exact_ref,28070.116,1,0,413921,105963776
simless,6,0,enron_full_265746,exact_ref,28070.116,1,0,413921,105963776
simless,4,0,enron_full_265746,exact_ref,28070.116,1,0,413921,105963776
simless,6,0,enron_full_265774,exact_ref,26697.618,1,0,413921,105963776
simless,4,0,enron_full_265774,exact_ref,26697.618,1,0,413921,105963776
simless,5,0,enron_full_265774,exact_ref,26697.618,1,0,413921,105963776
simless,4,0,enron_full_266026,exact_ref,31629.330,1,0,413921,105963776
simless,5,0,enron_full_266026,exact_ref,31629.330,1,0,413921,105963776
simless,6,0,enron_full_266026,exact_ref,31629.330,1,0,413921,105963776
simless,5,0,enron_full_266097,no_exact_ref,30301.865,0,77,413921,105963776
simless,6,0,enron_full_266097,no_exact_ref,30301.865,0,77,413921,105963776
simless,4,0,enron_full_266097,no_exact_ref,30301.865,0,77,413921,105963776
simless,6,0,enron_full_267067,exact_ref,27764.194,1,0,413921,105963776
simless,4,0,enron_full_267067,exact_ref,27764.194,1,0,413921,105963776
simless,5,0,enron_full_267067,exact_ref,27764.194,1,0,413921,105963776
simless,4,0,enron_full_267198,exact_ref,27935.141,1,0,413921,105963776
simless,5,0,enron_full_267198,exact_ref,27935.141,1,0,413921,105963776
simless,6,0,enron_full_267198,exact_ref,27935.141,1,0,413921,105963776
simless,5,0,enron_full_268981,exact_ref,27409.947,1,0,413921,105963776
simless,6,0,enron_full_268981,exact_ref,27409.947,1,0,413921,105963776
simless,4,0,enron_full_268981,exact_ref,27409.947,1,0,413921,105963776
simless,6,0,enron_full_269702,no_exact_ref,27090.967,0,10,413921,105963776
simless,4,0,enron_full_269702,no_exact_ref,27090.967,0,10,413921,105963776
simless,5,0,enron_full_269702,no_exact_ref,27090.967,0,10,413921,105963776
simless,4,0,enron_full_270257,no_exact_ref,27267.037,0,15,413921,105963776
simless,5,0,enron_full_270257,no_exact_ref,27267.037,0,15,413921,105963776
simless,6,0,enron_full_270257,no_exact_ref,27267.037,0,15,413921,105963776
simless,5,0,enron_full_270526,exact_ref,27292.116,1,0,413921,105963776
simless,6,0,enron_full_270526,exact_ref,27292.116,1,0,413921,105963776
simless,4,0,enron_full_270526,exact_ref,27292.116,1,0,413921,105963776
simless,6,0,enron_full_271097,exact_ref,26988.793,1,0,413921,105963776
simless,4,0,enron_full_271097,exact_ref,26988.793,1,0,413921,105963776
simless,5,0,enron_full_271097,exact_ref,26988.793,1,0,413921,105963776
simless,4,0,enron_full_271232,exact_ref,27214.924,1,0,413921,105963776
simless,5,0,enron_full_271232,exact_ref,27214.924,1,0,413921,105963776
simless,6,0,enron_full_271232,exact_ref,27214.924,1,0,413921,105963776
simless,5,0,enron_full_272570,no_exact_ref,27440.987,0,94,413921,105963776
simless,6,0,enron_full_272570,no_exact_ref,27440.987,0,94,413921,105963776
simless,4,0,enron_full_272570,no_exact_ref,27440.987,0,94,413921,105963776
simless,6,0,enron_full_273248,exact_ref,26866.187,1,0,413921,105963776
simless,4,0,enron_full_273248,exact_ref,26866.187,1,0,413921,105963776
simless,5,0,enron_full_273248,exact_ref,26866.187,1,0,413921,105963776
simless,4,0,enron_full_273363,exact_ref,29084.635,1,0,413921,105963776
simless,5,0,enron_full_273363,exact_ref,29084.635,1,0,413921,105963776
simless,6,0,enron_full_273363,exact_ref,29084.635,1,0,413921,105963776
simless,5,0,enron_full_273791,exact_ref,29410.562,1,0,413921,105963776
simless,6,0,enron_full_273791,exact_ref,29410.562,1,0,413921,105963776
simless,4,0,enron_full_273791,exact_ref,29410.562,1,0,413921,105963776
simless,6,0,enron_full_273820,exact_ref,29292.109,1,0,413921,105963776
simless,4,0,enron_full_273820,exact_ref,29292.109,1,0,413921,105963776
simless,5,0,enron_full_273820,exact_ref,29292.109,1,0,413921,105963776
simless,4,0,enron_full_273961,exact_ref,26959.393,1,0,413921,105963776
simless,5,0,enron_full_273961,exact_ref,26959.393,1,0,413921,105963776
simless,6,0,enron_full_273961,exact_ref,26959.393,1,0,413921,105963776
simless,5,0,enron_full_274206,exact_ref,28771.583,1,0,413921,105963776
simless,6,0,enron_full_274206,exact_ref,28771.583,1,0,413921,105963776
simless,4,0,enron_full_274206,exact_ref,28771.583,1,0,413921,105963776
simless,6,0,enron_full_274561,exact_ref,28390.804,1,0,413921,105963776
simless,4,0,enron_full_274561,exact_ref,28390.804,1,0,413921,105963776
simless,5,0,enron_full_274561,exact_ref,28390.804,1,0,413921,105963776
simless,4,0,enron_full_274757,exact_ref,28172.854,1,0,413921,105963776
simless,5,0,enron_full_274757,exact_ref,28172.854,1,0,413921,105963776
simless,6,0,enron_full_274757,exact_ref,28172.854,1,0,413921,105963776
simless,5,0,enron_full_274786,no_exact_ref,27796.233,0,89,413921,105963776
simless,6,0,enron_full_274786,no_exact_ref,27796.233,0,89,413921,105963776
simless,4,0,enron_full_274786,no_exact_ref,27796.233,0,89,413921,105963776
simless,6,0,enron_full_275183,no_exact_ref,26958.145,0,91,413921,105963776
simless,4,0,enron_full_275183,no_exact_ref,26958.145,0,91,413921,105963776
simless,5,0,enron_full_275183,no_exact_ref,26958.145,0,91,413921,105963776
simless,4,0,enron_full_275570,exact_ref,26832.911,1,0,413921,105963776
simless,5,0,enron_full_275570,exact_ref,26832.911,1,0,413921,105963776
simless,6,0,enron_full_275570,exact_ref,26832.911,1,0,413921,105963776
simless,5,0,enron_full_276028,no_exact_ref,28783.449,0,41,413921,105963776
simless,6,0,enron_full_276028,no_exact_ref,28783.449,0,41,413921,105963776
simless,4,0,enron_full_276028,no_exact_ref,28783.449,0,41,413921,105963776
simless,6,0,enron_full_276324,exact_ref,27687.399,1,0,413921,105963776
simless,4,0,enron_full_276324,exact_ref,27687.399,1,0,413921,105963776
simless,5,0,enron_full_276324,exact_ref,27687.399,1,0,413921,105963776
simless,4,0,enron_full_276342,exact_ref,26498.915,1,0,413921,105963776
simless,5,0,enron_full_276342,exact_ref,26498.915,1,0,413921,105963776
simless,6,0,enron_full_276342,exact_ref,26498.915,1,0,413921,105963776
simless,5,0,enron_full_277439,no_exact_ref,27113.238,0,87,413921,105963776
simless,6,0,enron_full_277439,no_exact_ref,27113.238,0,87,413921,105963776
simless,4,0,enron_full_277439,no_exact_ref,27113.238,0,87,413921,105963776
simless,6,0,enron_full_277990,exact_ref,28792.815,1,0,413921,105963776
simless,4,0,enron_full_277990,exact_ref,28792.815,1,0,413921,105963776
simless,5,0,enron_full_277990,exact_ref,28792.815,1,0,413921,105963776
simless,4,0,enron_full_278811,exact_ref,28599.179,1,0,413921,105963776
simless,5,0,enron_full_278811,exact_ref,28599.179,1,0,413921,105963776
simless,6,0,enron_full_278811,exact_ref,28599.179,1,0,413921,105963776
simless,5,0,enron_full_279563,no_exact_ref,27976.821,1,0,413921,105963776
simless,6,0,enron_full_279563,no_exact_ref,27976.821,1,0,413921,105963776
simless,4,0,enron_full_279563,no_exact_ref,27976.821,1,0,413921,105963776
simless,6,0,enron_full_279751,exact_ref,27199.563,1,0,413921,105963776
simless,4,0,enron_full_279751,exact_ref,27199.563,1,0,413921,105963776
simless,5,0,enron_full_279751,exact_ref,27199.563,1,0,413921,105963776
simless,4,0,enron_full_280423,no_exact_ref,26725.644,0,67,413921,105963776
simless,5,0,enron_full_280423,no_exact_ref,26725.644,0,67,413921,105963776
simless,6,0,enron_full_280423,no_exact_ref,26725.644,0,67,413921,105963776
simless,5,0,enron_full_280603,no_exact_ref,26806.398,0,92,413921,105963776
simless,6,0,enron_full_280603,no_exact_ref,26806.398,0,92,413921,105963776
simless,4,0,enron_full_280603,no_exact_ref,26806.398,0,92,413921,105963776
simless,6,0,enron_full_281547,no_exact_ref,26756.092,0,84,413921,105963776
simless,4,0,enron_full_281547,no_exact_ref,26756.092,0,84,413921,105963776
simless,5,0,enron_full_281547,no_exact_ref,26756.092,0,84,413921,105963776
simless,4,0,enron_full_282395,exact_ref,26770.180,1,0,413921,105963776
simless,5,0,enron_full_282395,exact_ref,26770.180,1,0,413921,105963776
simless,6,0,enron_full_282395,exact_ref,26770.180,1,0,413921,105963776
simless,5,0,enron_full_283356,exact_ref,27418.967,1,0,413921,105963776
simless,6,0,enron_full_283356,exact_ref,27418.967,1,0,413921,105963776
simless,4,0,enron_full_283356,exact_ref,27418.967,1,0,413921,105963776
simless,6,0,enron_full_283839,exact_ref,27537.793,1,0,413921,105963776
simless,4,0,enron_full_283839,exact_ref,27537.793,1,0,413921,105963776
simless,5,0,enron_full_283839,exact_ref,27537.793,1,0,413921,105963776
simless,4,0,enron_full_283868,exact_ref,27324.545,1,0,413921,105963776
simless,5,0,enron_full_283868,exact_ref,27324.545,1,0,413921,105963776
simless,6,0,enron_full_283868,exact_ref,27324.545,1,0,413921,105963776
simless,5,0,enron_full_284197,exact_ref,26961.185,1,0,413921,105963776
simless,6,0,enron_full_284197,exact_ref,26961.185,1,0,413921,105963776
simless,4,0,enron_full_284197,exact_ref,26961.185,1,0,413921,105963776
simless,6,0,enron_full_284956,exact_ref,28761.780,1,0,413921,105963776
simless,4,0,enron_full_284956,exact_ref,28761.780,1,0,413921,105963776
simless,5,0,enron_full_284956,exact_ref,28761.780,1,0,413921,105963776
simless,4,0,enron_full_285559,exact_ref,30319.563,1,0,413921,105963776
simless,5,0,enron_full_285559,exact_ref,30319.563,1,0,413921,105963776
simless,6,0,enron_full_285559,exact_ref,30319.563,1,0,413921,105963776
simless,5,0,enron_full_286024,exact_ref,29602.680,1,0,413921,105963776
simless,6,0,enron_full_286024,exact_ref,29602.680,1,0,413921,105963776
simless,4,0,enron_full_286024,exact_ref,29602.680,1,0,413921,105963776
simless,6,0,enron_full_286036,exact_ref,27708.531,1,0,413921,105963776
simless,4,0,enron_full_286036,exact_ref,27708.531,1,0,413921,105963776
simless,5,0,enron_full_286036,exact_ref,27708.531,1,0,413921,105963776
simless,4,0,enron_full_286164,exact_ref,27130.808,1,0,413921,105963776
simless,5,0,enron_full_286164,exact_ref,27130.808,1,0,413921,105963776
simless,6,0,enron_full_286164,exact_ref,27130.808,1,0,413921,105963776
simless,5,0,enron_full_286899,exact_ref,26329.380,1,0,413921,105963776
simless,6,0,enron_full_286899,exact_ref,26329.380,1,0,413921,105963776
simless,4,0,enron_full_286899,exact_ref,26329.380,1,0,413921,105963776
simless,6,0,enron_full_287012,no_exact_ref,26364.335,0,64,413921,105963776
simless,4,0,enron_full_287012,no_exact_ref,26364.335,0,64,413921,105963776
simless,5,0,enron_full_287012,no_exact_ref,26364.335,0,64,413921,105963776
simless,4,0,enron_full_287512,exact_ref,26663.591,1,0,413921,105963776
simless,5,0,enron_full_287512,exact_ref,26663.591,1,0,413921,105963776
simless,6,0,enron_full_287512,exact_ref,26663.591,1,0,413921,105963776
simless,5,0,enron_full_287655,exact_ref,27209.583,1,0,413921,105963776
simless,6,0,enron_full_287655,exact_ref,27209.583,1,0,413921,105963776
simless,4,0,enron_full_287655,exact_ref,27209.583,1,0,413921,105963776
simless,6,0,enron_full_287736,exact_ref,26556.603,1,0,413921,105963776
simless,4,0,enron_full_287736,exact_ref,26556.603,1,0,413921,105963776
simless,5,0,enron_full_287736,exact_ref,26556.603,1,0,413921,105963776
simless,4,0,enron_full_287760,exact_ref,28752.233,1,0,413921,105963776
simless,5,0,enron_full_287760,exact_ref,28752.233,1,0,413921,105963776
simless,6,0,enron_full_287760,exact_ref,28752.233,1,0,413921,105963776
simless,5,0,enron_full_287778,exact_ref,28832.510,1,0,413921,105963776
simless,6,0,enron_full_287778,exact_ref,28832.510,1,0,413921,105963776
simless,4,0,enron_full_287778,exact_ref,28832.510,1,0,413921,105963776
simless,6,0,enron_full_288938,exact_ref,27232.241,1,0,413921,105963776
simless,4,0,enron_full_288938,exact_ref,27232.241,1,0,413921,105963776
simless,5,0,enron_full_288938,exact_ref,27232.241,1,0,413921,105963776
simless,4,0,enron_full_289243,no_exact_ref,26934.689,0,48,413921,105963776
simless,5,0,enron_full_289243,no_exact_ref,26934.689,0,48,413921,105963776
simless,6,0,enron_full_289243,no_exact_ref,26934.689,0,48,413921,105963776
simless,5,0,enron_full_291054,no_exact_ref,28546.396,0,48,413921,105963776
simless,6,0,enron_full_291054,no_exact_ref,28546.396,0,48,413921,105963776
simless,4,0,enron_full_291054,no_exact_ref,28546.396,0,48,413921,105963776
simless,6,0,enron_full_291275,no_exact_ref,29164.031,0,37,413921,105963776
simless,4,0,enron_full_291275,no_exact_ref,29164.031,0,37,413921,105963776
simless,5,0,enron_full_291275,no_exact_ref,29164.031,0,37,413921,105963776
simless,4,0,enron_full_291375,no_exact_ref,29089.339,0,46,413921,105963776
simless,5,0,enron_full_291375,no_exact_ref,29089.339,0,46,413921,105963776
simless,6,0,enron_full_291375,no_exact_ref,29089.339,0,46,413921,105963776
simless,5,0,enron_full_291790,exact_ref,27610.950,1,0,413921,105963776
simless,6,0,enron_full_291790,exact_ref,27610.950,1,0,413921,105963776
simless,4,0,enron_full_291790,exact_ref,27610.950,1,0,413921,105963776
simless,6,0,enron_full_292561,exact_ref,26647.846,1,0,413921,105963776
simless,4,0,enron_full_292561,exact_ref,26647.846,1,0,413921,105963776
simless,5,0,enron_full_292561,exact_ref,26647.846,1,0,413921,105963776
simless,4,0,enron_full_292656,exact_ref,27237.380,1,0,413921,105963776
simless,5,0,enron_full_292656,exact_ref,27237.380,1,0,413921,105963776
simless,6,0,enron_full_292656,exact_ref,27237.380,1,0,413921,105963776
simless,5,0,enron_full_293066,exact_ref,27897.837,1,0,413921,105963776
simless,6,0,enron_full_293066,exact_ref,27897.837,1,0,413921,105963776
simless,4,0,enron_full_293066,exact_ref,27897.837,1,0,413921,105963776
simless,6,0,enron_full_293083,exact_ref,26876.980,1,0,413921,105963776
simless,4,0,enron_full_293083,exact_ref,26876.980,1,0,413921,105963776
simless,5,0,enron_full_293083,exact_ref,26876.980,1,0,413921,105963776
simless,4,0,enron_full_293619,exact_ref,28507.699,1,0,413921,105963776
simless,5,0,enron_full_293619,exact_ref,28507.699,1,0,413921,105963776
simless,6,0,enron_full_293619,exact_ref,28507.699,1,0,413921,105963776
simless,5,0,enron_full_293948,no_exact_ref,27242.952,0,19,413921,105963776
simless,6,0,enron_full_293948,no_exact_ref,27242.952,0,19,413921,105963776
simless,4,0,enron_full_293948,no_exact_ref,27242.952,0,19,413921,105963776
simless,6,0,enron_full_293985,exact_ref,27319.829,1,0,413921,105963776
simless,4,0,enron_full_293985,exact_ref,27319.829,1,0,413921,105963776
simless,5,0,enron_full_293985,exact_ref,27319.829,1,0,413921,105963776
simless,4,0,enron_full_295023,exact_ref,27495.716,1,0,413921,105963776
simless,5,0,enron_full_295023,exact_ref,27495.716,1,0,413921,105963776
simless,6,0,enron_full_295023,exact_ref,27495.716,1,0,413921,105963776
simless,5,0,enron_full_295246,no_exact_ref,27148.532,0,19,413921,105963776
simless,6,0,enron_full_295246,no_exact_ref,27148.532,0,19,413921,105963776
simless,4,0,enron_full_295246,no_exact_ref,27148.532,0,19,413921,105963776
simless,6,0,enron_full_296957,no_exact_ref,28613.182,0,14,413921,105963776
simless,4,0,enron_full_296957,no_exact_ref,28613.182,0,14,413921,105963776
simless,5,0,enron_full_296957,no_exact_ref,28613.182,0,14,413921,105963776
simless,4,0,enron_full_298392,no_exact_ref,28316.645,0,60,413921,105963776
simless,5,0,enron_full_298392,no_exact_ref,28316.645,0,60,413921,105963776
simless,6,0,enron_full_298392,no_exact_ref,28316.645,0,60,413921,105963776
simless,5,0,enron_full_298764,no_exact_ref,27451.148,0,40,413921,105963776
simless,6,0,enron_full_298764,no_exact_ref,27451.148,0,40,413921,105963776
simless,4,0,enron_full_298764,no_exact_ref,27451.148,0,40,413921,105963776
simless,6,0,enron_full_299033,no_exact_ref,26096.693,0,64,413921,105963776
simless,4,0,enron_full_299033,no_exact_ref,26096.693,0,64,413921,105963776
simless,5,0,enron_full_299033,no_exact_ref,26096.693,0,64,413921,105963776
simless,4,0,enron_full_299289,exact_ref,26447.791,1,0,413921,105963776
simless,5,0,enron_full_299289,exact_ref,26447.791,1,0,413921,105963776
simless,6,0,enron_full_299289,exact_ref,26447.791,1,0,413921,105963776
simless,5,0,enron_full_299345,exact_ref,26157.257,1,0,413921,105963776
simless,6,0,enron_full_299345,exact_ref,26157.257,1,0,413921,105963776
simless,4,0,enron_full_299345,exact_ref,26157.257,1,0,413921,105963776
simless,6,0,enron_full_299690,exact_ref,27974.831,1,0,413921,105963776
simless,4,0,enron_full_299690,exact_ref,27974.831,1,0,413921,105963776
simless,5,0,enron_full_299690,exact_ref,27974.831,1,0,413921,105963776
simless,4,0,enron_full_300310,exact_ref,27764.956,1,0,413921,105963776
simless,5,0,enron_full_300310,exact_ref,27764.956,1,0,413921,105963776
simless,6,0,enron_full_300310,exact_ref,27764.956,1,0,413921,105963776
simless,5,0,enron_full_300702,exact_ref,27616.245,1,0,413921,105963776
simless,6,0,enron_full_300702,exact_ref,27616.245,1,0,413921,105963776
simless,4,0,enron_full_300702,exact_ref,27616.245,1,0,413921,105963776
simless,6,0,enron_full_301521,exact_ref,27690.089,1,0,413921,105963776
simless,4,0,enron_full_301521,exact_ref,27690.089,1,0,413921,105963776
simless,5,0,enron_full_301521,exact_ref,27690.089,1,0,413921,105963776
simless,4,0,enron_full_301926,exact_ref,27841.995,1,0,413921,105963776
simless,5,0,enron_full_301926,exact_ref,27841.995,1,0,413921,105963776
simless,6,0,enron_full_301926,exact_ref,27841.995,1,0,413921,105963776
simless,5,0,enron_full_302529,exact_ref,28205.178,1,0,413921,105963776
simless,6,0,enron_full_302529,exact_ref,28205.178,1,0,413921,105963776
simless,4,0,enron_full_302529,exact_ref,28205.178,1,0,413921,105963776
simless,6,0,enron_full_303527,exact_ref,27645.964,1,0,413921,105963776
simless,4,0,enron_full_303527,exact_ref,27645.964,1,0,413921,105963776
simless,5,0,enron_full_303527,exact_ref,27645.964,1,0,413921,105963776
simless,4,0,enron_full_304134,exact_ref,28924.356,1,0,413921,105963776
simless,5,0,enron_full_304134,exact_ref,28924.356,1,0,413921,105963776
simless,6,0,enron_full_304134,exact_ref,28924.356,1,0,413921,105963776
simless,5,0,enron_full_304324,exact_ref,28842.621,1,0,413921,105963776
simless,6,0,enron_full_304324,exact_ref,28842.621,1,0,413921,105963776
simless,4,0,enron_full_304324,exact_ref,28842.621,1,0,413921,105963776
simless,6,0,enron_full_305112,exact_ref,28214.883,1,0,413921,105963776
simless,4,0,enron_full_305112,exact_ref,28214.883,1,0,413921,105963776
simless,5,0,enron_full_305112,exact_ref,28214.883,1,0,413921,105963776
simless,4,0,enron_full_305491,exact_ref,27627.121,1,0,413921,105963776
simless,5,0,enron_full_305491,exact_ref,27627.121,1,0,413921,105963776
simless,6,0,enron_full_305491,exact_ref,27627.121,1,0,413921,105963776
simless,5,0,enron_full_305595,exact_ref,28594.218,1,0,413921,105963776
simless,6,0,enron_full_305595,exact_ref,28594.218,1,0,413921,105963776
simless,4,0,enron_full_305595,exact_ref,28594.218,1,0,413921,105963776
simless,6,0,enron_full_306022,exact_ref,28424.250,1,0,413921,105963776
simless,4,0,enron_full_306022,exact_ref,28424.250,1,0,413921,105963776
simless,5,0,enron_full_306022,exact_ref,28424.250,1,0,413921,105963776
simless,4,0,enron_full_306282,exact_ref,29155.418,1,0,413921,105963776
simless,5,0,enron_full_306282,exact_ref,29155.418,1,0,413921,105963776
simless,6,0,enron_full_306282,exact_ref,29155.418,1,0,413921,105963776
simless,5,0,enron_full_306838,exact_ref,28977.530,1,0,413921,105963776
simless,6,0,enron_full_306838,exact_ref,28977.530,1,0,413921,105963776
simless,4,0,enron_full_306838,exact_ref,28977.530,1,0,413921,105963776
simless,6,0,enron_full_306879,exact_ref,27930.335,1,0,413921,105963776
simless,4,0,enron_full_306879,exact_ref,27930.335,1,0,413921,105963776
simless,5,0,enron_full_306879,exact_ref,27930.335,1,0,413921,105963776
simless,4,0,enron_full_307066,exact_ref,27157.835,1,0,413921,105963776
simless,5,0,enron_full_307066,exact_ref,27157.835,1,0,413921,105963776
simless,6,0,enron_full_307066,exact_ref,27157.835,1,0,413921,105963776
simless,5,0,enron_full_307536,exact_ref,26734.510,1,0,413921,105963776
simless,6,0,enron_full_307536,exact_ref,26734.510,1,0,413921,105963776
simless,4,0,enron_full_307536,exact_ref,26734.510,1,0,413921,105963776
simless,6,0,enron_full_307959,exact_ref,27165.487,1,0,413921,105963776
simless,4,0,enron_full_307959,exact_ref,27165.487,1,0,413921,105963776
simless,5,0,enron_full_307959,exact_ref,27165.487,1,0,413921,105963776
simless,4,0,enron_full_308283,exact_ref,27244.229,1,0,413921,105963776
simless,5,0,enron_full_308283,exact_ref,27244.229,1,0,413921,105963776
simless,6,0,enron_full_308283,exact_ref,27244.229,1,0,413921,105963776
simless,5,0,enron_full_308504,exact_ref,28385.322,1,0,413921,105963776
simless,6,0,enron_full_308504,exact_ref,28385.322,1,0,413921,105963776
simless,4,0,enron_full_308504,exact_ref,28385.322,1,0,413921,105963776
simless,6,0,enron_full_308666,exact_ref,28817.986,1,0,413921,105963776
simless,4,0,enron_full_308666,exact_ref,28817.986,1,0,413921,105963776
simless,5,0,enron_full_308666,exact_ref,28817.986,1,0,413921,105963776
simless,4,0,enron_full_310049,exact_ref,28160.832,1,0,413921,105963776
simless,5,0,enron_full_310049,exact_ref,28160.832,1,0,413921,105963776
simless,6,0,enron_full_310049,exact_ref,28160.832,1,0,413921,105963776
simless,5,0,enron_full_310050,exact_ref,27796.394,1,0,413921,105963776
simless,6,0,enron_full_310050,exact_ref,27796.394,1,0,413921,105963776
simless,4,0,enron_full_310050,exact_ref,27796.394,1,0,413921,105963776
simless,6,0,enron_full_310056,exact_ref,27480.824,1,0,413921,105963776
simless,4,0,enron_full_310056,exact_ref,27480.824,1,0,413921,105963776
simless,5,0,enron_full_310056,exact_ref,27480.824,1,0,413921,105963776
simless,4,0,enron_full_310895,exact_ref,27625.626,1,0,413921,105963776
simless,5,0,enron_full_310895,exact_ref,27625.626,1,0,413921,105963776
simless,6,0,enron_full_310895,exact_ref,27625.626,1,0,413921,105963776
simless,5,0,enron_full_310913,exact_ref,27825.705,1,0,413921,105963776
simless,6,0,enron_full_310913,exact_ref,27825.705,1,0,413921,105963776
simless,4,0,enron_full_310913,exact_ref,27825.705,1,0,413921,105963776
simless,6,0,enron_full_311017,exact_ref,27318.889,1,0,413921,105963776
simless,4,0,enron_full_311017,exact_ref,27318.889,1,0,413921,105963776
simless,5,0,enron_full_311017,exact_ref,27318.889,1,0,413921,105963776
simless,4,0,enron_full_313090,exact_ref,26934.407,1,0,413921,105963776
simless,5,0,enron_full_313090,exact_ref,26934.407,1,0,413921,105963776
simless,6,0,enron_full_313090,exact_ref,26934.407,1,0,413921,105963776
simless,5,0,enron_full_314206,exact_ref,27789.885,1,0,413921,105963776
simless,6,0,enron_full_314206,exact_ref,27789.885,1,0,413921,105963776
simless,4,0,enron_full_314206,exact_ref,27789.885,1,0,413921,105963776
simless,6,0,enron_full_314362,exact_ref,27854.136,1,0,413921,105963776
simless,4,0,enron_full_314362,exact_ref,27854.136,1,0,413921,105963776
simless,5,0,enron_full_314362,exact_ref,27854.136,1,0,413921,105963776
simless,4,0,enron_full_315231,exact_ref,27166.176,1,0,413921,105963776
simless,5,0,enron_full_315231,exact_ref,27166.176,1,0,413921,105963776
simless,6,0,enron_full_315231,exact_ref,27166.176,1,0,413921,105963776
simless,5,0,enron_full_315279,exact_ref,28828.454,1,0,413921,105963776
simless,6,0,enron_full_315279,exact_ref,28828.454,1,0,413921,105963776
simless,4,0,enron_full_315279,exact_ref,28828.454,1,0,413921,105963776
simless,6,0,enron_full_315623,exact_ref,28942.989,1,0,413921,105963776
simless,4,0,enron_full_315623,exact_ref,28942.989,1,0,413921,105963776
simless,5,0,enron_full_315623,exact_ref,28942.989,1,0,413921,105963776
simless,4,0,enron_full_316006,exact_ref,29234.921,1,0,413921,105963776
simless,5,0,enron_full_316006,exact_ref,29234.921,1,0,413921,105963776
simless,6,0,enron_full_316006,exact_ref,29234.921,1,0,413921,105963776
simless,5,0,enron_full_317192,exact_ref,28872.465,1,0,413921,105963776
simless,6,0,enron_full_317192,exact_ref,28872.465,1,0,413921,105963776
simless,4,0,enron_full_317192,exact_ref,28872.465,1,0,413921,105963776
simless,6,0,enron_full_317451,exact_ref,28689.767,1,0,413921,105963776
simless,4,0,enron_full_317451,exact_ref,28689.767,1,0,413921,105963776
simless,5,0,enron_full_317451,exact_ref,28689.767,1,0,413921,105963776
simless,4,0,enron_full_318133,exact_ref,27271.470,1,0,413921,105963776
simless,5,0,enron_full_318133,exact_ref,27271.470,1,0,413921,105963776
simless,6,0,enron_full_318133,exact_ref,27271.470,1,0,413921,105963776
simless,5,0,enron_full_318207,exact_ref,27193.256,1,0,413921,105963776
simless,6,0,enron_full_318207,exact_ref,27193.256,1,0,413921,105963776
simless,4,0,enron_full_318207,exact_ref,27193.256,1,0,413921,105963776
simless,6,0,enron_full_318845,exact_ref,28169.273,1,0,413921,105963776
simless,4,0,enron_full_318845,exact_ref,28169.273,1,0,413921,105963776
simless,5,0,enron_full_318845,exact_ref,28169.273,1,0,413921,105963776
simless,4,0,enron_full_318909,exact_ref,28613.402,1,0,413921,105963776
simless,5,0,enron_full_318909,exact_ref,28613.402,1,0,413921,105963776
simless,6,0,enron_full_318909,exact_ref,28613.402,1,0,413921,105963776
simless,5,0,enron_full_319080,exact_ref,27186.530,1,0,413921,105963776
simless,6,0,enron_full_319080,exact_ref,27186.530,1,0,413921,105963776
simless,4,0,enron_full_319080,exact_ref,27186.530,1,0,413921,105963776
simless,6,0,enron_full_319320,exact_ref,27556.572,1,0,413921,105963776
simless,4,0,enron_full_319320,exact_ref,27556.572,1,0,413921,105963776
simless,5,0,enron_full_319320,exact_ref,27556.572,1,0,413921,105963776
simless,4,0,enron_full_319952,exact_ref,26707.200,1,0,413921,105963776
simless,5,0,enron_full_319952,exact_ref,26707.200,1,0,413921,105963776
simless,6,0,enron_full_319952,exact_ref,26707.200,1,0,413921,105963776
simless,5,0,enron_full_320564,exact_ref,27437.728,1,0,413921,105963776
simless,6,0,enron_full_320564,exact_ref,27437.728,1,0,413921,105963776
simless,4,0,enron_full_320564,exact_ref,27437.728,1,0,413921,105963776
simless,6,0,enron_full_320626,exact_ref,27438.004,1,0,413921,105963776
simless,4,0,enron_full_320626,exact_ref,27438.004,1,0,413921,105963776
simless,5,0,enron_full_320626,exact_ref,27438.004,1,0,413921,105963776
simless,4,0,enron_full_321445,exact_ref,29160.624,1,0,413921,105963776
simless,5,0,enron_full_321445,exact_ref,29160.624,1,0,413921,105963776
simless,6,0,enron_full_321445,exact_ref,29160.624,1,0,413921,105963776
simless,5,0,enron_full_321807,exact_ref,29349.935,1,0,413921,105963776
simless,6,0,enron_full_321807,exact_ref,29349.935,1,0,413921,105963776
simless,4,0,enron_full_321807,exact_ref,29349.935,1,0,413921,105963776
simless,6,0,enron_full_321918,exact_ref,28976.056,1,0,413921,105963776
simless,4,0,enron_full_321918,exact_ref,28976.056,1,0,413921,105963776
simless,5,0,enron_full_321918,exact_ref,28976.056,1,0,413921,105963776
simless,4,0,enron_full_322149,exact_ref,29258.134,1,0,413921,105963776
simless,5,0,enron_full_322149,exact_ref,29258.134,1,0,413921,105963776
simless,6,0,enron_full_322149,exact_ref,29258.134,1,0,413921,105963776
simless,5,0,enron_full_322706,exact_ref,29077.064,1,0,413921,105963776
simless,6,0,enron_full_322706,exact_ref,29077.064,1,0,413921,105963776
simless,4,0,enron_full_322706,exact_ref,29077.064,1,0,413921,105963776
simless,6,0,enron_full_322737,exact_ref,28002.952,1,0,413921,105963776
simless,4,0,enron_full_322737,exact_ref,28002.952,1,0,413921,105963776
simless,5,0,enron_full_322737,exact_ref,28002.952,1,0,413921,105963776
simless,4,0,enron_full_322757,exact_ref,27813.743,1,0,413921,105963776
simless,5,0,enron_full_322757,exact_ref,27813.743,1,0,413921,105963776
simless,6,0,enron_full_322757,exact_ref,27813.743,1,0,413921,105963776
simless,5,0,enron_full_324000,exact_ref,27517.749,1,0,413921,105963776
simless,6,0,enron_full_324000,exact_ref,27517.749,1,0,413921,105963776
simless,4,0,enron_full_324000,exact_ref,27517.749,1,0,413921,105963776
simless,6,0,enron_full_324353,no_exact_ref,29166.977,0,34,413921,105963776
simless,4,0,enron_full_324353,no_exact_ref,29166.977,0,34,413921,105963776
simless,5,0,enron_full_324353,no_exact_ref,29166.977,0,34,413921,105963776
simless,4,0,enron_full_325002,exact_ref,29060.983,1,0,413921,105963776
simless,5,0,enron_full_325002,exact_ref,29060.983,1,0,413921,105963776
simless,6,0,enron_full_325002,exact_ref,29060.983,1,0,413921,105963776
simless,5,0,enron_full_325131,exact_ref,29055.208,1,0,413921,105963776
simless,6,0,enron_full_325131,exact_ref,29055.208,1,0,413921,105963776
simless,4,0,enron_full_325131,exact_ref,29055.208,1,0,413921,105963776
simless,6,0,enron_full_325547,exact_ref,27791.812,1,0,413921,105963776
simless,4,0,enron_full_325547,exact_ref,27791.812,1,0,413921,105963776
simless,5,0,enron_full_325547,exact_ref,27791.812,1,0,413921,105963776
simless,4,0,enron_full_326276,exact_ref,28940.704,1,0,413921,105963776
simless,5,0,enron_full_326276,exact_ref,28940.704,1,0,413921,105963776
simless,6,0,enron_full_326276,exact_ref,28940.704,1,0,413921,105963776
simless,5,0,enron_full_326406,exact_ref,29359.274,1,0,413921,105963776
simless,6,0,enron_full_326406,exact_ref,29359.274,1,0,413921,105963776
simless,4,0,enron_full_326406,exact_ref,29359.274,1,0,413921,105963776
simless,6,0,enron_full_326699,exact_ref,29067.828,1,0,413921,105963776
simless,4,0,enron_full_326699,exact_ref,29067.828,1,0,413921,105963776
simless,5,0,enron_full_326699,exact_ref,29067.828,1,0,413921,105963776
simless,4,0,enron_full_326891,exact_ref,27709.400,1,0,413921,105963776
simless,5,0,enron_full_326891,exact_ref,27709.400,1,0,413921,105963776
simless,6,0,enron_full_326891,exact_ref,27709.400,1,0,413921,105963776
simless,5,0,enron_full_327398,exact_ref,27968.399,1,0,413921,105963776
simless,6,0,enron_full_327398,exact_ref,27968.399,1,0,413921,105963776
simless,4,0,enron_full_327398,exact_ref,27968.399,1,0,413921,105963776
simless,6,0,enron_full_327734,exact_ref,28095.177,1,0,413921,105963776
simless,4,0,enron_full_327734,exact_ref,28095.177,1,0,413921,105963776
simless,5,0,enron_full_327734,exact_ref,28095.177,1,0,413921,105963776
simless,4,0,enron_full_330743,exact_ref,27809.614,1,0,413921,105963776
simless,5,0,enron_full_330743,exact_ref,27809.614,1,0,413921,105963776
simless,6,0,enron_full_330743,exact_ref,27809.614,1,0,413921,105963776
simless,5,0,enron_full_330847,exact_ref,28324.211,1,0,413921,105963776
simless,6,0,enron_full_330847,exact_ref,28324.211,1,0,413921,105963776
simless,4,0,enron_full_330847,exact_ref,28324.211,1,0,413921,105963776
simless,6,0,enron_full_331065,no_exact_ref,28176.232,0,87,413921,105963776
simless,4,0,enron_full_331065,no_exact_ref,28176.232,0,87,413921,105963776
simless,5,0,enron_full_331065,no_exact_ref,28176.232,0,87,413921,105963776
simless,4,0,enron_full_331235,exact_ref,28192.104,1,0,413921,105963776
simless,5,0,enron_full_331235,exact_ref,28192.104,1,0,413921,105963776
simless,6,0,enron_full_331235,exact_ref,28192.104,1,0,413921,105963776
simless,5,0,enron_full_331309,no_exact_ref,27978.627,0,68,413921,105963776
simless,6,0,enron_full_331309,no_exact_ref,27978.627,0,68,413921,105963776
simless,4,0,enron_full_331309,no_exact_ref,27978.627,0,68,413921,105963776
simless,6,0,enron_full_332147,no_exact_ref,28225.770,0,71,413921,105963776
simless,4,0,enron_full_332147,no_exact_ref,28225.770,0,71,413921,105963776
simless,5,0,enron_full_332147,no_exact_ref,28225.770,0,71,413921,105963776
simless,4,0,enron_full_332523,exact_ref,27713.742,1,0,413921,105963776
simless,5,0,enron_full_332523,exact_ref,27713.742,1,0,413921,105963776
simless,6,0,enron_full_332523,exact_ref,27713.742,1,0,413921,105963776
simless,5,0,enron_full_333276,exact_ref,28835.608,1,0,413921,105963776
simless,6,0,enron_full_333276,exact_ref,28835.608,1,0,413921,105963776
simless,4,0,enron_full_333276,exact_ref,28835.608,1,0,413921,105963776
simless,6,0,enron_full_333308,exact_ref,28893.985,1,0,413921,105963776
simless,4,0,enron_full_333308,exact_ref,28893.985,1,0,413921,105963776
simless,5,0,enron_full_333308,exact_ref,28893.985,1,0,413921,105963776
simless,4,0,enron_full_333309,exact_ref,28570.544,1,0,413921,105963776
simless,5,0,enron_full_333309,exact_ref,28570.544,1,0,413921,105963776
simless,6,0,enron_full_333309,exact_ref,28570.544,1,0,413921,105963776
simless,5,0,enron_full_334798,no_exact_ref,27815.853,0,93,413921,105963776
simless,6,0,enron_full_334798,no_exact_ref,27815.853,0,93,413921,105963776
simless,4,0,enron_full_334798,no_exact_ref,27815.853,0,93,413921,105963776
simless,6,0,enron_full_335428,exact_ref,28701.497,1,0,413921,105963776
simless,4,0,enron_full_335428,exact_ref,28701.497,1,0,413921,105963776
simless,5,0,enron_full_335428,exact_ref,28701.497,1,0,413921,105963776
simless,4,0,enron_full_335498,exact_ref,28642.547,1,0,413921,105963776
simless,5,0,enron_full_335498,exact_ref,28642.547,1,0,413921,105963776
simless,6,0,enron_full_335498,exact_ref,28642.547,1,0,413921,105963776
simless,5,0,enron_full_335546,exact_ref,28854.842,1,0,413921,105963776
simless,6,0,enron_full_335546,exact_ref,28854.842,1,0,413921,105963776
simless,4,0,enron_full_335546,exact_ref,28854.842,1,0,413921,105963776
simless,6,0,enron_full_335575,exact_ref,28464.468,1,0,413921,105963776
simless,4,0,enron_full_335575,exact_ref,28464.468,1,0,413921,105963776
simless,5,0,enron_full_335575,exact_ref,28464.468,1,0,413921,105963776
simless,4,0,enron_full_335623,exact_ref,28329.373,1,0,413921,105963776
simless,5,0,enron_full_335623,exact_ref,28329.373,1,0,413921,105963776
simless,6,0,enron_full_335623,exact_ref,28329.373,1,0,413921,105963776
simless,5,0,enron_full_335857,exact_ref,27083.383,1,0,413921,105963776
simless,6,0,enron_full_335857,exact_ref,27083.383,1,0,413921,105963776
simless,4,0,enron_full_335857,exact_ref,27083.383,1,0,413921,105963776
simless,6,0,enron_full_335946,exact_ref,27445.852,1,0,413921,105963776
simless,4,0,enron_full_335946,exact_ref,27445.852,1,0,413921,105963776
simless,5,0,enron_full_335946,exact_ref,27445.852,1,0,413921,105963776
simless,4,0,enron_full_336542,exact_ref,27796.409,1,0,413921,105963776
simless,5,0,enron_full_336542,exact_ref,27796.409,1,0,413921,105963776
simless,6,0,enron_full_336542,exact_ref,27796.409,1,0,413921,105963776
simless,5,0,enron_full_337267,exact_ref,27098.827,1,0,413921,105963776
simless,6,0,enron_full_337267,exact_ref,27098.827,1,0,413921,105963776
simless,4,0,enron_full_337267,exact_ref,27098.827,1,0,413921,105963776
simless,6,0,enron_full_337292,exact_ref,29204.113,1,0,413921,105963776
simless,4,0,enron_full_337292,exact_ref,29204.113,1,0,413921,105963776
simless,5,0,enron_full_337292,exact_ref,29204.113,1,0,413921,105963776
simless,4,0,enron_full_337470,exact_ref,29037.573,1,0,413921,105963776
simless,5,0,enron_full_337470,exact_ref,29037.573,1,0,413921,105963776
simless,6,0,enron_full_337470,exact_ref,29037.573,1,0,413921,105963776
simless,5,0,enron_full_339638,no_exact_ref,28904.678,0,28,413921,105963776
simless,6,0,enron_full_339638,no_exact_ref,28904.678,0,28,413921,105963776
simless,4,0,enron_full_339638,no_exact_ref,28904.678,0,28,413921,105963776
simless,6,0,enron_full_340418,exact_ref,26767.805,1,0,413921,105963776
simless,4,0,enron_full_340418,exact_ref,26767.805,1,0,413921,105963776
simless,5,0,enron_full_340418,exact_ref,26767.805,1,0,413921,105963776
simless,4,0,enron_full_340472,exact_ref,27653.984,1,0,413921,105963776
simless,5,0,enron_full_340472,exact_ref,27653.984,1,0,413921,105963776
simless,6,0,enron_full_340472,exact_ref,27653.984,1,0,413921,105963776
simless,5,0,enron_full_340761,exact_ref,27187.562,1,0,413921,105963776
simless,6,0,enron_full_340761,exact_ref,27187.562,1,0,413921,105963776
simless,4,0,enron_full_340761,exact_ref,27187.562,1,0,413921,105963776
simless,6,0,enron_full_341249,exact_ref,27308.933,1,0,413921,105963776
simless,4,0,enron_full_341249,exact_ref,27308.933,1,0,413921,105963776
simless,5,0,enron_full_341249,exact_ref,27308.933,1,0,413921,105963776
simless,4,0,enron_full_341362,exact_ref,27701.893,1,0,413921,105963776
simless,5,0,enron_full_341362,exact_ref,27701.893,1,0,413921,105963776
simless,6,0,enron_full_341362,exact_ref,27701.893,1,0,413921,105963776
simless,5,0,enron_full_342301,exact_ref,27213.935,1,0,413921,105963776
simless,6,0,enron_full_342301,exact_ref,27213.935,1,0,413921,105963776
simless,4,0,enron_full_342301,exact_ref,27213.935,1,0,413921,105963776
simless,6,0,enron_full_342735,exact_ref,27788.605,1,0,413921,105963776
simless,4,0,enron_full_342735,exact_ref,27788.605,1,0,413921,105963776
simless,5,0,enron_full_342735,exact_ref,27788.605,1,0,413921,105963776
simless,4,0,enron_full_344191,exact_ref,28355.193,1,0,413921,105963776
simless,5,0,enron_full_344191,exact_ref,28355.193,1,0,413921,105963776
simless,6,0,enron_full_344191,exact_ref,28355.193,1,0,413921,105963776
simless,5,0,enron_full_344335,exact_ref,27272.696,1,0,413921,105963776
simless,6,0,enron_full_344335,exact_ref,27272.696,1,0,413921,105963776
simless,4,0,enron_full_344335,exact_ref,27272.696,1,0,413921,105963776
simless,6,0,enron_full_344645,no_exact_ref,27743.261,0,92,413921,105963776
simless,4,0,enron_full_344645,no_exact_ref,27743.261,0,92,413921,105963776
simless,5,0,enron_full_344645,no_exact_ref,27743.261,0,92,413921,105963776
simless,4,0,enron_full_345595,exact_ref,30213.804,1,0,413921,105963776
simless,5,0,enron_full_345595,exact_ref,30213.804,1,0,413921,105963776
simless,6,0,enron_full_345595,exact_ref,30213.804,1,0,413921,105963776
simless,5,0,enron_full_345814,exact_ref,28885.097,1,0,413921,105963776
simless,6,0,enron_full_345814,exact_ref,28885.097,1,0,413921,105963776
simless,4,0,enron_full_345814,exact_ref,28885.097,1,0,413921,105963776
simless,6,0,enron_full_348142,exact_ref,29204.035,1,0,413921,105963776
simless,4,0,enron_full_348142,exact_ref,29204.035,1,0,413921,105963776
simless,5,0,enron_full_348142,exact_ref,29204.035,1,0,413921,105963776
simless,4,0,enron_full_348438,no_exact_ref,27861.612,0,28,413921,105963776
simless,5,0,enron_full_348438,no_exact_ref,27861.612,0,28,413921,105963776
simless,6,0,enron_full_348438,no_exact_ref,27861.612,0,28,413921,105963776
simless,5,0,enron_full_349353,no_exact_ref,27766.623,0,42,413921,105963776
simless,6,0,enron_full_349353,no_exact_ref,27766.623,0,42,413921,105963776
simless,4,0,enron_full_349353,no_exact_ref,27766.623,0,42,413921,105963776
simless,6,0,enron_full_349483,no_exact_ref,26937.341,0,57,413921,105963776
simless,4,0,enron_full_349483,no_exact_ref,26937.341,0,57,413921,105963776
simless,5,0,enron_full_349483,no_exact_ref,26937.341,0,57,413921,105963776
simless,4,0,enron_full_352068,no_exact_ref,26871.919,0,93,413921,105963776
simless,5,0,enron_full_352068,no_exact_ref,26871.919,0,93,413921,105963776
simless,6,0,enron_full_352068,no_exact_ref,26871.919,0,93,413921,105963776
simless,5,0,enron_full_352183,exact_ref,27617.400,1,0,413921,105963776
simless,6,0,enron_full_352183,exact_ref,27617.400,1,0,413921,105963776
simless,4,0,enron_full_352183,exact_ref,27617.400,1,0,413921,105963776
simless,6,0,enron_full_352410,exact_ref,26573.805,1,0,413921,105963776
simless,4,0,enron_full_352410,exact_ref,26573.805,1,0,413921,105963776
simless,5,0,enron_full_352410,exact_ref,26573.805,1,0,413921,105963776
simless,4,0,enron_full_352552,no_exact_ref,27048.628,0,59,413921,105963776
simless,5,0,enron_full_352552,no_exact_ref,27048.628,0,59,413921,105963776
simless,6,0,enron_full_352552,no_exact_ref,27048.628,0,59,413921,105963776
simless,5,0,enron_full_353158,exact_ref,27325.224,1,0,413921,105963776
simless,6,0,enron_full_353158,exact_ref,27325.224,1,0,413921,105963776
simless,4,0,enron_full_353158,exact_ref,27325.224,1,0,413921,105963776
simless,6,0,enron_full_353883,no_exact_ref,27179.685,0,91,413921,105963776
simless,4,0,enron_full_353883,no_exact_ref,27179.685,0,91,413921,105963776
simless,5,0,enron_full_353883,no_exact_ref,27179.685,0,91,413921,105963776
simless,4,0,enron_full_354290,no_exact_ref,27508.541,0,7,413921,105963776
simless,5,0,enron_full_354290,no_exact_ref,27508.541,0,7,413921,105963776
simless,6,0,enron_full_354290,no_exact_ref,27508.541,0,7,413921,105963776
simless,5,0,enron_full_355229,no_exact_ref,28821.361,0,87,413921,105963776
simless,6,0,enron_full_355229,no_exact_ref,28821.361,0,87,413921,105963776
simless,4,0,enron_full_355229,no_exact_ref,28821.361,0,87,413921,105963776
simless,6,0,enron_full_355694,exact_ref,28318.607,1,0,413921,105963776
simless,4,0,enron_full_355694,exact_ref,28318.607,1,0,413921,105963776
simless,5,0,enron_full_355694,exact_ref,28318.607,1,0,413921,105963776
simless,4,0,enron_full_355895,no_exact_ref,28156.846,0,32,413921,105963776
simless,5,0,enron_full_355895,no_exact_ref,28156.846,0,32,413921,105963776
simless,6,0,enron_full_355895,no_exact_ref,28156.846,0,32,413921,105963776
simless,5,0,enron_full_356569,no_exact_ref,27109.739,0,90,413921,105963776
simless,6,0,enron_full_356569,no_exact_ref,27109.739,0,90,413921,105963776
simless,4,0,enron_full_356569,no_exact_ref,27109.739,0,90,413921,105963776
simless,6,0,enron_full_356908,exact_ref,27137.789,1,0,413921,105963776
simless,4,0,enron_full_356908,exact_ref,27137.789,1,0,413921,105963776
simless,5,0,enron_full_356908,exact_ref,27137.789,1,0,413921,105963776
simless,4,0,enron_full_356976,no_exact_ref,27565.247,0,8,413921,105963776
simless,5,0,enron_full_356976,no_exact_ref,27565.247,0,8,413921,105963776
simless,6,0,enron_full_356976,no_exact_ref,27565.247,0,8,413921,105963776
simless,5,0,enron_full_358597,no_exact_ref,26906.316,0,53,413921,105963776
simless,6,0,enron_full_358597,no_exact_ref,26906.316,0,53,413921,105963776
simless,4,0,enron_full_358597,no_exact_ref,26906.316,0,53,413921,105963776
simless,6,0,enron_full_358915,no_exact_ref,27195.020,0,27,413921,105963776
simless,4,0,enron_full_358915,no_exact_ref,27195.020,0,27,413921,105963776
simless,5,0,enron_full_358915,no_exact_ref,27195.020,0,27,413921,105963776
simless,4,0,enron_full_360085,exact_ref,27928.904,1,0,413921,105963776
simless,5,0,enron_full_360085,exact_ref,27928.904,1,0,413921,105963776
simless,6,0,enron_full_360085,exact_ref,27928.904,1,0,413921,105963776
simless,5,0,enron_full_360983,exact_ref,28789.809,1,0,413921,105963776
simless,6,0,enron_full_360983,exact_ref,28789.809,1,0,413921,105963776
simless,4,0,enron_full_360983,exact_ref,28789.809,1,0,413921,105963776
simless,6,0,enron_full_362389,exact_ref,29071.597,1,0,413921,105963776
simless,4,0,enron_full_362389,exact_ref,29071.597,1,0,413921,105963776
simless,5,0,enron_full_362389,exact_ref,29071.597,1,0,413921,105963776
simless,4,0,enron_full_363120,exact_ref,31149.688,1,0,413921,105963776
simless,5,0,enron_full_363120,exact_ref,31149.688,1,0,413921,105963776
simless,6,0,enron_full_363120,exact_ref,31149.688,1,0,413921,105963776
simless,5,0,enron_full_363607,no_exact_ref,29748.251,0,96,413921,105963776
simless,6,0,enron_full_363607,no_exact_ref,29748.251,0,96,413921,105963776
simless,4,0,enron_full_363607,no_exact_ref,29748.251,0,96,413921,105963776
simless,6,0,enron_full_363846,no_exact_ref,29297.540,0,93,413921,105963776
simless,4,0,enron_full_363846,no_exact_ref,29297.540,0,93,413921,105963776
simless,5,0,enron_full_363846,no_exact_ref,29297.540,0,93,413921,105963776
simless,4,0,enron_full_363876,exact_ref,28731.526,1,0,413921,105963776
simless,5,0,enron_full_363876,exact_ref,28731.526,1,0,413921,105963776
simless,6,0,enron_full_363876,exact_ref,28731.526,1,0,413921,105963776
simless,5,0,enron_full_364025,no_exact_ref,28099.951,0,77,413921,105963776
simless,6,0,enron_full_364025,no_exact_ref,28099.951,0,77,413921,105963776
simless,4,0,enron_full_364025,no_exact_ref,28099.951,0,77,413921,105963776
simless,6,0,enron_full_364586,exact_ref,28094.897,1,0,413921,105963776
simless,4,0,enron_full_364586,exact_ref,28094.897,1,0,413921,105963776
simless,5,0,enron_full_364586,exact_ref,28094.897,1,0,413921,105963776
simless,4,0,enron_full_365105,no_exact_ref,27988.702,0,47,413921,105963776
simless,5,0,enron_full_365105,no_exact_ref,27988.702,0,47,413921,105963776
simless,6,0,enron_full_365105,no_exact_ref,27988.702,0,47,413921,105963776
simless,5,0,enron_full_365478,no_exact_ref,27755.676,0,75,413921,105963776
simless,6,0,enron_full_365478,no_exact_ref,27755.676,0,75,413921,105963776
simless,4,0,enron_full_365478,no_exact_ref,27755.676,0,75,413921,105963776
simless,6,0,enron_full_365497,exact_ref,29139.682,1,0,413921,105963776
simless,4,0,enron_full_365497,exact_ref,29139.682,1,0,413921,105963776
simless,5,0,enron_full_365497,exact_ref,29139.682,1,0,413921,105963776
simless,4,0,enron_full_365509,no_exact_ref,28256.411,1,0,413921,105963776
simless,5,0,enron_full_365509,no_exact_ref,28256.411,1,0,413921,105963776
simless,6,0,enron_full_365509,no_exact_ref,28256.411,1,0,413921,105963776
simless,5,0,enron_full_365947,no_exact_ref,27832.762,0,90,413921,105963776
simless,6,0,enron_full_365947,no_exact_ref,27832.762,0,90,413921,105963776
simless,4,0,enron_full_365947,no_exact_ref,27832.762,0,90,413921,105963776
simless,6,0,enron_full_366510,exact_ref,28186.730,1,0,413921,105963776
simless,4,0,enron_full_366510,exact_ref,28186.730,1,0,413921,105963776
simless,5,0,enron_full_366510,exact_ref,28186.730,1,0,413921,105963776
simless,4,0,enron_full_366895,exact_ref,27869.264,1,0,413921,105963776
simless,5,0,enron_full_366895,exact_ref,27869.264,1,0,413921,105963776
simless,6,0,enron_full_366895,exact_ref,27869.264,1,0,413921,105963776
simless,5,0,enron_full_367052,no_exact_ref,27755.667,0,78,413921,105963776
simless,6,0,enron_full_367052,no_exact_ref,27755.667,0,78,413921,105963776
simless,4,0,enron_full_367052,no_exact_ref,27755.667,0,78,413921,105963776
simless,6,0,enron_full_367129,no_exact_ref,29578.076,0,93,413921,105963776
simless,4,0,enron_full_367129,no_exact_ref,29578.076,0,93,413921,105963776
simless,5,0,enron_full_367129,no_exact_ref,29578.076,0,93,413921,105963776
simless,4,0,enron_full_367319,no_exact_ref,30665.791,0,48,413921,105963776
simless,5,0,enron_full_367319,no_exact_ref,30665.791,0,48,413921,105963776
simless,6,0,enron_full_367319,no_exact_ref,30665.791,0,48,413921,105963776
simless,5,0,enron_full_367765,exact_ref,28986.457,1,0,413921,105963776
simless,6,0,enron_full_367765,exact_ref,28986.457,1,0,413921,105963776
simless,4,0,enron_full_367765,exact_ref,28986.457,1,0,413921,105963776
simless,6,0,enron_full_367912,no_exact_ref,28364.349,0,84,413921,105963776
simless,4,0,enron_full_367912,no_exact_ref,28364.349,0,84,413921,105963776
simless,5,0,enron_full_367912,no_exact_ref,28364.349,0,84,413921,105963776
simless,4,0,enron_full_368156,no_exact_ref,29150.536,0,64,413921,105963776
simless,5,0,enron_full_368156,no_exact_ref,29150.536,0,64,413921,105963776
simless,6,0,enron_full_368156,no_exact_ref,29150.536,0,64,413921,105963776
simless,5,0,enron_full_368318,no_exact_ref,29442.040,0,60,413921,105963776
simless,6,0,enron_full_368318,no_exact_ref,29442.040,0,60,413921,105963776
simless,4,0,enron_full_368318,no_exact_ref,29442.040,0,60,413921,105963776
simless,6,0,enron_full_369168,exact_ref,32041.627,1,0,413921,105963776
simless,4,0,enron_full_369168,exact_ref,32041.627,1,0,413921,105963776
simless,5,0,enron_full_369168,exact_ref,32041.627,1,0,413921,105963776
simless,4,0,enron_full_369419,exact_ref,30622.619,1,0,413921,105963776
simless,5,0,enron_full_369419,exact_ref,30622.619,1,0,413921,105963776
simless,6,0,enron_full_369419,exact_ref,30622.619,1,0,413921,105963776
simless,5,0,enron_full_370439,exact_ref,29256.823,1,0,413921,105963776
simless,6,0,enron_full_370439,exact_ref,29256.823,1,0,413921,105963776
simless,4,0,enron_full_370439,exact_ref,29256.823,1,0,413921,105963776
simless,6,0,enron_full_371121,no_exact_ref,29033.012,0,88,413921,105963776
simless,4,0,enron_full_371121,no_exact_ref,29033.012,0,88,413921,105963776
simless,5,0,enron_full_371121,no_exact_ref,29033.012,0,88,413921,105963776
simless,4,0,enron_full_373728,exact_ref,28991.481,1,0,413921,105963776
simless,5,0,enron_full_373728,exact_ref,28991.481,1,0,413921,105963776
simless,6,0,enron_full_373728,exact_ref,28991.481,1,0,413921,105963776
simless,5,0,enron_full_373978,exact_ref,29313.816,1,0,413921,105963776
simless,6,0,enron_full_373978,exact_ref,29313.816,1,0,413921,105963776
simless,4,0,enron_full_373978,exact_ref,29313.816,1,0,413921,105963776
simless,6,0,enron_full_374719,exact_ref,30146.947,1,0,413921,105963776
simless,4,0,enron_full_374719,exact_ref,30146.947,1,0,413921,105963776
simless,5,0,enron_full_374719,exact_ref,30146.947,1,0,413921,105963776
simless,4,0,enron_full_374736,exact_ref,30339.039,1,0,413921,105963776
simless,5,0,enron_full_374736,exact_ref,30339.039,1,0,413921,105963776
simless,6,0,enron_full_374736,exact_ref,30339.039,1,0,413921,105963776
simless,5,0,enron_full_375606,exact_ref,29278.820,1,0,413921,105963776
simless,6,0,enron_full_375606,exact_ref,29278.820,1,0,413921,105963776
simless,4,0,enron_full_375606,exact_ref,29278.820,1,0,413921,105963776
simless,6,0,enron_full_376013,exact_ref,28073.092,1,0,413921,105963776
simless,4,0,enron_full_376013,exact_ref,28073.092,1,0,413921,105963776
simless,5,0,enron_full_376013,exact_ref,28073.092,1,0,413921,105963776
simless,4,0,enron_full_376710,exact_ref,28371.646,1,0,413921,105963776
simless,5,0,enron_full_376710,exact_ref,28371.646,1,0,413921,105963776
simless,6,0,enron_full_376710,exact_ref,28371.646,1,0,413921,105963776
simless,5,0,enron_full_377221,exact_ref,28033.103,1,0,413921,105963776
simless,6,0,enron_full_377221,exact_ref,28033.103,1,0,413921,105963776
simless,4,0,enron_full_377221,exact_ref,28033.103,1,0,413921,105963776
simless,6,0,enron_full_377377,exact_ref,27808.413,1,0,413921,105963776
simless,4,0,enron_full_377377,exact_ref,27808.413,1,0,413921,105963776
simless,5,0,enron_full_377377,exact_ref,27808.413,1,0,413921,105963776
simless,4,0,enron_full_378712,exact_ref,30344.378,1,0,413921,105963776
simless,5,0,enron_full_378712,exact_ref,30344.378,1,0,413921,105963776
simless,6,0,enron_full_378712,exact_ref,30344.378,1,0,413921,105963776
simless,5,0,enron_full_378826,exact_ref,29673.762,1,0,413921,105963776
simless,6,0,enron_full_378826,exact_ref,29673.762,1,0,413921,105963776
simless,4,0,enron_full_378826,exact_ref,29673.762,1,0,413921,105963776
simless,6,0,enron_full_379382,exact_ref,28914.372,1,0,413921,105963776
simless,4,0,enron_full_379382,exact_ref,28914.372,1,0,413921,105963776
simless,5,0,enron_full_379382,exact_ref,28914.372,1,0,413921,105963776
simless,4,0,enron_full_379515,exact_ref,28232.448,1,0,413921,105963776
simless,5,0,enron_full_379515,exact_ref,28232.448,1,0,413921,105963776
simless,6,0,enron_full_379515,exact_ref,28232.448,1,0,413921,105963776
simless,5,0,enron_full_380183,exact_ref,28133.429,1,0,413921,105963776
simless,6,0,enron_full_380183,exact_ref,28133.429,1,0,413921,105963776
simless,4,0,enron_full_380183,exact_ref,28133.429,1,0,413921,105963776
simless,6,0,enron_full_380419,exact_ref,28382.135,1,0,413921,105963776
simless,4,0,enron_full_380419,exact_ref,28382.135,1,0,413921,105963776
simless,5,0,enron_full_380419,exact_ref,28382.135,1,0,413921,105963776
simless,4,0,enron_full_380667,exact_ref,29879.439,1,0,413921,105963776
simless,5,0,enron_full_380667,exact_ref,29879.439,1,0,413921,105963776
simless,6,0,enron_full_380667,exact_ref,29879.439,1,0,413921,105963776
simless,5,0,enron_full_381275,exact_ref,29634.892,1,0,413921,105963776
simless,6,0,enron_full_381275,exact_ref,29634.892,1,0,413921,105963776
simless,4,0,enron_full_381275,exact_ref,29634.892,1,0,413921,105963776
simless,6,0,enron_full_381430,exact_ref,31330.700,1,0,413921,105963776
simless,4,0,enron_full_381430,exact_ref,31330.700,1,0,413921,105963776
simless,5,0,enron_full_381430,exact_ref,31330.700,1,0,413921,105963776
simless,4,0,enron_full_381540,exact_ref,32291.605,1,0,413921,105963776
simless,5,0,enron_full_381540,exact_ref,32291.605,1,0,413921,105963776
simless,6,0,enron_full_381540,exact_ref,32291.605,1,0,413921,105963776
simless,5,0,enron_full_381912,exact_ref,29230.584,1,0,413921,105963776
simless,6,0,enron_full_381912,exact_ref,29230.584,1,0,413921,105963776
simless,4,0,enron_full_381912,exact_ref,29230.584,1,0,413921,105963776
simless,6,0,enron_full_382401,no_exact_ref,28417.396,0,94,413921,105963776
simless,4,0,enron_full_382401,no_exact_ref,28417.396,0,94,413921,105963776
simless,5,0,enron_full_382401,no_exact_ref,28417.396,0,94,413921,105963776
simless,4,0,enron_full_382476,exact_ref,27793.834,1,0,413921,105963776
simless,5,0,enron_full_382476,exact_ref,27793.834,1,0,413921,105963776
simless,6,0,enron_full_382476,exact_ref,27793.834,1,0,413921,105963776
simless,5,0,enron_full_382877,exact_ref,27375.132,1,0,413921,105963776
simless,6,0,enron_full_382877,exact_ref,27375.132,1,0,413921,105963776
simless,4,0,enron_full_382877,exact_ref,27375.132,1,0,413921,105963776
simless,6,0,enron_full_384162,no_exact_ref,27682.837,0,76,413921,105963776
simless,4,0,enron_full_384162,no_exact_ref,27682.837,0,76,413921,105963776
simless,5,0,enron_full_384162,no_exact_ref,27682.837,0,76,413921,105963776
simless,4,0,enron_full_384461,exact_ref,28322.142,1,0,413921,105963776
simless,5,0,enron_full_384461,exact_ref,28322.142,1,0,413921,105963776
simless,6,0,enron_full_384461,exact_ref,28322.142,1,0,413921,105963776
simless,5,0,enron_full_384653,exact_ref,27587.341,1,0,413921,105963776
simless,6,0,enron_full_384653,exact_ref,27587.341,1,0,413921,105963776
simless,4,0,enron_full_384653,exact_ref,27587.341,1,0,413921,105963776
simless,6,0,enron_full_384988,exact_ref,27968.389,1,0,413921,105963776
simless,4,0,enron_full_384988,exact_ref,27968.389,1,0,413921,105963776
simless,5,0,enron_full_384988,exact_ref,27968.389,1,0,413921,105963776
simless,4,0,enron_full_385098,exact_ref,28664.868,1,0,413921,105963776
simless,5,0,enron_full_385098,exact_ref,28664.868,1,0,413921,105963776
simless,6,0,enron_full_385098,exact_ref,28664.868,1,0,413921,105963776
simless,5,0,enron_full_385839,exact_ref,29522.729,1,0,413921,105963776
simless,6,0,enron_full_385839,exact_ref,29522.729,1,0,413921,105963776
simless,4,0,enron_full_385839,exact_ref,29522.729,1,0,413921,105963776
simless,6,0,enron_full_386188,no_exact_ref,28510.069,0,50,413921,105963776
simless,4,0,enron_full_386188,no_exact_ref,28510.069,0,50,413921,105963776
simless,5,0,enron_full_386188,no_exact_ref,28510.069,0,50,413921,105963776
simless,4,0,enron_full_386616,no_exact_ref,27969.361,0,17,413921,105963776
simless,5,0,enron_full_386616,no_exact_ref,27969.361,0,17,413921,105963776
simless,6,0,enron_full_386616,no_exact_ref,27969.361,0,17,413921,105963776
simless,5,0,enron_full_386731,no_exact_ref,28157.321,0,89,413921,105963776
simless,6,0,enron_full_386731,no_exact_ref,28157.321,0,89,413921,105963776
simless,4,0,enron_full_386731,no_exact_ref,28157.321,0,89,413921,105963776
simless,6,0,enron_full_387578,exact_ref,27747.519,1,0,413921,105963776
simless,4,0,enron_full_387578,exact_ref,27747.519,1,0,413921,105963776
simless,5,0,enron_full_387578,exact_ref,27747.519,1,0,413921,105963776
simless,4,0,enron_full_387701,no_exact_ref,28533.156,0,59,413921,105963776
simless,5,0,enron_full_387701,no_exact_ref,28533.156,0,59,413921,105963776
simless,6,0,enron_full_387701,no_exact_ref,28533.156,0,59,413921,105963776
simless,5,0,enron_full_387952,no_exact_ref,27961.088,0,93,413921,105963776
simless,6,0,enron_full_387952,no_exact_ref,27961.088,0,93,413921,105963776
simless,4,0,enron_full_387952,no_exact_ref,27961.088,0,93,413921,105963776
simless,6,0,enron_full_388565,exact_ref,28028.841,1,0,413921,105963776
simless,4,0,enron_full_388565,exact_ref,28028.841,1,0,413921,105963776
simless,5,0,enron_full_388565,exact_ref,28028.841,1,0,413921,105963776
simless,4,0,enron_full_388921,exact_ref,29590.216,1,0,413921,105963776
simless,5,0,enron_full_388921,exact_ref,29590.216,1,0,413921,105963776
simless,6,0,enron_full_388921,exact_ref,29590.216,1,0,413921,105963776
simless,5,0,enron_full_390158,exact_ref,29284.242,1,0,413921,105963776
simless,6,0,enron_full_390158,exact_ref,29284.242,1,0,413921,105963776
simless,4,0,enron_full_390158,exact_ref,29284.242,1,0,413921,105963776
simless,6,0,enron_full_391047,exact_ref,29352.872,1,0,413921,105963776
simless,4,0,enron_full_391047,exact_ref,29352.872,1,0,413921,105963776
simless,5,0,enron_full_391047,exact_ref,29352.872,1,0,413921,105963776
simless,4,0,enron_full_391217,no_exact_ref,29575.257,0,50,413921,105963776
simless,5,0,enron_full_391217,no_exact_ref,29575.257,0,50,413921,105963776
simless,6,0,enron_full_391217,no_exact_ref,29575.257,0,50,413921,105963776
simless,5,0,enron_full_391486,no_exact_ref,29952.915,0,38,413921,105963776
simless,6,0,enron_full_391486,no_exact_ref,29952.915,0,38,413921,105963776
simless,4,0,enron_full_391486,no_exact_ref,29952.915,0,38,413921,105963776
simless,6,0,enron_full_391746,no_exact_ref,29237.071,0,95,413921,105963776
simless,4,0,enron_full_391746,no_exact_ref,29237.071,0,95,413921,105963776
simless,5,0,enron_full_391746,no_exact_ref,29237.071,0,95,413921,105963776
simless,4,0,enron_full_392955,exact_ref,28667.976,1,0,413921,105963776
simless,5,0,enron_full_392955,exact_ref,28667.976,1,0,413921,105963776
simless,6,0,enron_full_392955,exact_ref,28667.976,1,0,413921,105963776
simless,5,0,enron_full_393136,no_exact_ref,28365.841,0,52,413921,105963776
simless,6,0,enron_full_393136,no_exact_ref,28365.841,0,52,413921,105963776
simless,4,0,enron_full_393136,no_exact_ref,28365.841,0,52,413921,105963776
simless,6,0,enron_full_393487,exact_ref,29492.142,1,0,413921,105963776
simless,4,0,enron_full_393487,exact_ref,29492.142,1,0,413921,105963776
simless,5,0,enron_full_393487,exact_ref,29492.142,1,0,413921,105963776
simless,4,0,enron_full_394271,exact_ref,29464.279,1,0,413921,105963776
simless,5,0,enron_full_394271,exact_ref,29464.279,1,0,413921,105963776
simless,6,0,enron_full_394271,exact_ref,29464.279,1,0,413921,105963776
simless,5,0,enron_full_394331,exact_ref,29247.809,1,0,413921,105963776
simless,6,0,enron_full_394331,exact_ref,29247.809,1,0,413921,105963776
simless,4,0,enron_full_394331,exact_ref,29247.809,1,0,413921,105963776
simless,6,0,enron_full_394348,exact_ref,28372.172,1,0,413921,105963776
simless,4,0,enron_full_394348,exact_ref,28372.172,1,0,413921,105963776
simless,5,0,enron_full_394348,exact_ref,28372.172,1,0,413921,105963776
simless,4,0,enron_full_394407,no_exact_ref,27913.036,0,94,413921,105963776
simless,5,0,enron_full_394407,no_exact_ref,27913.036,0,94,413921,105963776
simless,6,0,enron_full_394407,no_exact_ref,27913.036,0,94,413921,105963776
simless,5,0,enron_full_395301,exact_ref,32452.422,1,0,413921,105963776
simless,6,0,enron_full_395301,exact_ref,32452.422,1,0,413921,105963776
simless,4,0,enron_full_395301,exact_ref,32452.422,1,0,413921,105963776
simless,6,0,enron_full_395725,no_exact_ref,28597.956,0,90,413921,105963776
simless,4,0,enron_full_395725,no_exact_ref,28597.956,0,90,413921,105963776
simless,5,0,enron_full_395725,no_exact_ref,28597.956,0,90,413921,105963776
simless,4,0,enron_full_396292,exact_ref,28310.697,1,0,413921,105963776
simless,5,0,enron_full_396292,exact_ref,28310.697,1,0,413921,105963776
simless,6,0,enron_full_396292,exact_ref,28310.697,1,0,413921,105963776
simless,5,0,enron_full_396812,exact_ref,29112.732,1,0,413921,105963776
simless,6,0,enron_full_396812,exact_ref,29112.732,1,0,413921,105963776
simless,4,0,enron_full_396812,exact_ref,29112.732,1,0,413921,105963776
simless,6,0,enron_full_397391,exact_ref,29705.272,1,0,413921,105963776
simless,4,0,enron_full_397391,exact_ref,29705.272,1,0,413921,105963776
simless,5,0,enron_full_397391,exact_ref,29705.272,1,0,413921,105963776
simless,4,0,enron_full_397879,exact_ref,29071.401,1,0,413921,105963776
simless,5,0,enron_full_397879,exact_ref,29071.401,1,0,413921,105963776
simless,6,0,enron_full_397879,exact_ref,29071.401,1,0,413921,105963776
simless,5,0,enron_full_398718,exact_ref,28208.536,1,0,413921,105963776
simless,6,0,enron_full_398718,exact_ref,28208.536,1,0,413921,105963776
simless,4,0,enron_full_398718,exact_ref,28208.536,1,0,413921,105963776
simless,6,0,enron_full_399591,no_exact_ref,28261.454,0,15,413921,105963776
simless,4,0,enron_full_399591,no_exact_ref,28261.454,0,15,413921,105963776
simless,5,0,enron_full_399591,no_exact_ref,28261.454,0,15,413921,105963776
simless,4,0,enron_full_399779,no_exact_ref,29297.678,0,69,413921,105963776
simless,5,0,enron_full_399779,no_exact_ref,29297.678,0,69,413921,105963776
simless,6,0,enron_full_399779,no_exact_ref,29297.678,0,69,413921,105963776
simless,5,0,enron_full_399917,no_exact_ref,28749.179,0,93,413921,105963776
simless,6,0,enron_full_399917,no_exact_ref,28749.179,0,93,413921,105963776
simless,4,0,enron_full_399917,no_exact_ref,28749.179,0,93,413921,105963776
simless,6,0,enron_full_400523,exact_ref,32181.379,1,0,413921,105963776
simless,4,0,enron_full_400523,exact_ref,32181.379,1,0,413921,105963776
simless,5,0,enron_full_400523,exact_ref,32181.379,1,0,413921,105963776
simless,4,0,enron_full_401763,no_exact_ref,29008.981,0,58,413921,105963776
simless,5,0,enron_full_401763,no_exact_ref,29008.981,0,58,413921,105963776
simless,6,0,enron_full_401763,no_exact_ref,29008.981,0,58,413921,105963776
simless,5,0,enron_full_401798,no_exact_ref,28556.300,0,48,413921,105963776
simless,6,0,enron_full_401798,no_exact_ref,28556.300,0,48,413921,105963776
simless,4,0,enron_full_401798,no_exact_ref,28556.300,0,48,413921,105963776
simless,6,0,enron_full_402233,exact_ref,28275.108,1,0,413921,105963776
simless,4,0,enron_full_402233,exact_ref,28275.108,1,0,413921,105963776
simless,5,0,enron_full_402233,exact_ref,28275.108,1,0,413921,105963776
simless,4,0,enron_full_402310,exact_ref,28249.351,1,0,413921,105963776
simless,5,0,enron_full_402310,exact_ref,28249.351,1,0,413921,105963776
simless,6,0,enron_full_402310,exact_ref,28249.351,1,0,413921,105963776
simless,5,0,enron_full_403001,exact_ref,28395.520,1,0,413921,105963776
simless,6,0,enron_full_403001,exact_ref,28395.520,1,0,413921,105963776
simless,4,0,enron_full_403001,exact_ref,28395.520,1,0,413921,105963776
simless,6,0,enron_full_403036,exact_ref,30024.625,1,0,413921,105963776
simless,4,0,enron_full_403036,exact_ref,30024.625,1,0,413921,105963776
simless,5,0,enron_full_403036,exact_ref,30024.625,1,0,413921,105963776
simless,4,0,enron_full_403180,exact_ref,29511.005,1,0,413921,105963776
simless,5,0,enron_full_403180,exact_ref,29511.005,1,0,413921,105963776
simless,6,0,enron_full_403180,exact_ref,29511.005,1,0,413921,105963776
simless,5,0,enron_full_404066,exact_ref,27610.080,1,0,413921,105963776
simless,6,0,enron_full_404066,exact_ref,27610.080,1,0,413921,105963776
simless,4,0,enron_full_404066,exact_ref,27610.080,1,0,413921,105963776
simless,6,0,enron_full_405218,exact_ref,28168.791,1,0,413921,105963776
simless,4,0,enron_full_405218,exact_ref,28168.791,1,0,413921,105963776
simless,5,0,enron_full_405218,exact_ref,28168.791,1,0,413921,105963776
simless,4,0,enron_full_405288,exact_ref,27867.460,1,0,413921,105963776
simless,5,0,enron_full_405288,exact_ref,27867.460,1,0,413921,105963776
simless,6,0,enron_full_405288,exact_ref,27867.460,1,0,413921,105963776
simless,5,0,enron_full_405421,exact_ref,27035.024,1,0,413921,105963776
simless,6,0,enron_full_405421,exact_ref,27035.024,1,0,413921,105963776
simless,4,0,enron_full_405421,exact_ref,27035.024,1,0,413921,105963776
simless,6,0,enron_full_406531,exact_ref,27600.147,1,0,413921,105963776
simless,4,0,enron_full_406531,exact_ref,27600.147,1,0,413921,105963776
simless,5,0,enron_full_406531,exact_ref,27600.147,1,0,413921,105963776
simless,4,0,enron_full_407210,exact_ref,27828.781,1,0,413921,105963776
simless,5,0,enron_full_407210,exact_ref,27828.781,1,0,413921,105963776
simless,6,0,enron_full_407210,exact_ref,27828.781,1,0,413921,105963776
simless,5,0,enron_full_407416,exact_ref,27393.079,1,0,413921,105963776
simless,6,0,enron_full_407416,exact_ref,27393.079,1,0,413921,105963776
simless,4,0,enron_full_407416,exact_ref,27393.079,1,0,413921,105963776
simless,6,0,enron_full_407459,exact_ref,27165.955,1,0,413921,105963776
simless,4,0,enron_full_407459,exact_ref,27165.955,1,0,413921,105963776
simless,5,0,enron_full_407459,exact_ref,27165.955,1,0,413921,105963776
simless,4,0,enron_full_407590,exact_ref,27726.188,1,0,413921,105963776
simless,5,0,enron_full_407590,exact_ref,27726.188,1,0,413921,105963776
simless,6,0,enron_full_407590,exact_ref,27726.188,1,0,413921,105963776
simless,5,0,enron_full_407747,exact_ref,27372.972,1,0,413921,105963776
simless,6,0,enron_full_407747,exact_ref,27372.972,1,0,413921,105963776
simless,4,0,enron_full_407747,exact_ref,27372.972,1,0,413921,105963776
simless,6,0,enron_full_408988,exact_ref,28107.634,1,0,413921,105963776
simless,4,0,enron_full_408988,exact_ref,28107.634,1,0,413921,105963776
simless,5,0,enron_full_408988,exact_ref,28107.634,1,0,413921,105963776
simless,4,0,enron_full_409260,exact_ref,31874.955,1,0,413921,105963776
simless,5,0,enron_full_409260,exact_ref,31874.955,1,0,413921,105963776
simless,6,0,enron_full_409260,exact_ref,31874.955,1,0,413921,105963776
simless,5,0,enron_full_409276,exact_ref,31282.740,1,0,413921,105963776
simless,6,0,enron_full_409276,exact_ref,31282.740,1,0,413921,105963776
simless,4,0,enron_full_409276,exact_ref,31282.740,1,0,413921,105963776
simless,6,0,enron_full_409720,exact_ref,29951.987,1,0,413921,105963776
simless,4,0,enron_full_409720,exact_ref,29951.987,1,0,413921,105963776
simless,5,0,enron_full_409720,exact_ref,29951.987,1,0,413921,105963776
simless,4,0,enron_full_409761,exact_ref,28794.006,1,0,413921,105963776
simless,5,0,enron_full_409761,exact_ref,28794.006,1,0,413921,105963776
simless,6,0,enron_full_409761,exact_ref,28794.006,1,0,413921,105963776
simless,5,0,enron_full_410980,no_exact_ref,27704.593,0,83,413921,105963776
simless,6,0,enron_full_410980,no_exact_ref,27704.593,0,83,413921,105963776
simless,4,0,enron_full_410980,no_exact_ref,27704.593,0,83,413921,105963776
simless,6,0,enron_full_411073,no_exact_ref,27017.329,0,71,413921,105963776
simless,4,0,enron_full_411073,no_exact_ref,27017.329,0,71,413921,105963776
simless,5,0,enron_full_411073,no_exact_ref,27017.329,0,71,413921,105963776
simless,4,0,enron_full_411853,exact_ref,28726.668,1,0,413921,105963776
simless,5,0,enron_full_411853,exact_ref,28726.668,1,0,413921,105963776
simless,6,0,enron_full_411853,exact_ref,28726.668,1,0,413921,105963776
simless,5,0,enron_full_412435,exact_ref,27198.720,1,0,413921,105963776
simless,6,0,enron_full_412435,exact_ref,27198.720,1,0,413921,105963776
simless,4,0,enron_full_412435,exact_ref,27198.720,1,0,413921,105963776
simless,6,0,enron_full_412836,exact_ref,26864.527,1,0,413921,105963776
simless,4,0,enron_full_412836,exact_ref,26864.527,1,0,413921,105963776
simless,5,0,enron_full_412836,exact_ref,26864.527,1,0,413921,105963776
simless,4,0,enron_full_414414,exact_ref,26474.664,1,0,413921,105963776
simless,5,0,enron_full_414414,exact_ref,26474.664,1,0,413921,105963776
simless,6,0,enron_full_414414,exact_ref,26474.664,1,0,413921,105963776
simless,5,0,enron_full_414620,exact_ref,27575.548,1,0,413921,105963776
simless,6,0,enron_full_414620,exact_ref,27575.548,1,0,413921,105963776
simless,4,0,enron_full_414620,exact_ref,27575.548,1,0,413921,105963776
simless,6,0,enron_full_414624,no_exact_ref,27795.457,0,91,413921,105963776
simless,4,0,enron_full_414624,no_exact_ref,27795.457,0,91,413921,105963776
simless,5,0,enron_full_414624,no_exact_ref,27795.457,0,91,413921,105963776
simless,4,0,enron_full_415032,exact_ref,27989.654,1,0,413921,105963776
simless,5,0,enron_full_415032,exact_ref,27989.654,1,0,413921,105963776
simless,6,0,enron_full_415032,exact_ref,27989.654,1,0,413921,105963776
simless,5,0,enron_full_415416,exact_ref,28609.761,1,0,413921,105963776
simless,6,0,enron_full_415416,exact_ref,28609.761,1,0,413921,105963776
simless,4,0,enron_full_415416,exact_ref,28609.761,1,0,413921,105963776
simless,6,0,enron_full_415425,exact_ref,28156.433,1,0,413921,105963776
simless,4,0,enron_full_415425,exact_ref,28156.433,1,0,413921,105963776
simless,5,0,enron_full_415425,exact_ref,28156.433,1,0,413921,105963776
simless,4,0,enron_full_415589,exact_ref,26790.443,1,0,413921,105963776
simless,5,0,enron_full_415589,exact_ref,26790.443,1,0,413921,105963776
simless,6,0,enron_full_415589,exact_ref,26790.443,1,0,413921,105963776
simless,5,0,enron_full_416173,no_exact_ref,27057.772,0,92,413921,105963776
simless,6,0,enron_full_416173,no_exact_ref,27057.772,0,92,413921,105963776
simless,4,0,enron_full_416173,no_exact_ref,27057.772,0,92,413921,105963776
simless,6,0,enron_full_416275,no_exact_ref,26583.374,0,94,413921,105963776
simless,4,0,enron_full_416275,no_exact_ref,26583.374,0,94,413921,105963776
simless,5,0,enron_full_416275,no_exact_ref,26583.374,0,94,413921,105963776
simless,4,0,enron_full_417397,exact_ref,27399.231,1,0,413921,105963776
simless,5,0,enron_full_417397,exact_ref,27399.231,1,0,413921,105963776
simless,6,0,enron_full_417397,exact_ref,27399.231,1,0,413921,105963776
simless,5,0,enron_full_418145,exact_ref,27843.610,1,0,413921,105963776
simless,6,0,enron_full_418145,exact_ref,27843.610,1,0,413921,105963776
simless,4,0,enron_full_418145,exact_ref,27843.610,1,0,413921,105963776
simless,6,0,enron_full_418173,exact_ref,26521.141,1,0,413921,105963776
simless,4,0,enron_full_418173,exact_ref,26521.141,1,0,413921,105963776
simless,5,0,enron_full_418173,exact_ref,26521.141,1,0,413921,105963776
simless,4,0,enron_full_418938,exact_ref,27301.424,1,0,413921,105963776
simless,5,0,enron_full_418938,exact_ref,27301.424,1,0,413921,105963776
simless,6,0,enron_full_418938,exact_ref,27301.424,1,0,413921,105963776
simless,5,0,enron_full_419715,exact_ref,29601.883,1,0,413921,105963776
simless,6,0,enron_full_419715,exact_ref,29601.883,1,0,413921,105963776
simless,4,0,enron_full_419715,exact_ref,29601.883,1,0,413921,105963776
simless,6,0,enron_full_419787,exact_ref,28306.256,1,0,413921,105963776
simless,4,0,enron_full_419787,exact_ref,28306.256,1,0,413921,105963776
simless,5,0,enron_full_419787,exact_ref,28306.256,1,0,413921,105963776
simless,4,0,enron_full_419936,exact_ref,29042.272,1,0,413921,105963776
simless,5,0,enron_full_419936,exact_ref,29042.272,1,0,413921,105963776
simless,6,0,enron_full_419936,exact_ref,29042.272,1,0,413921,105963776
simless,5,0,enron_full_419992,exact_ref,28766.157,1,0,413921,105963776
simless,6,0,enron_full_419992,exact_ref,28766.157,1,0,413921,105963776
simless,4,0,enron_full_419992,exact_ref,28766.157,1,0,413921,105963776
simless,6,0,enron_full_420340,exact_ref,29142.041,1,0,413921,105963776
simless,4,0,enron_full_420340,exact_ref,29142.041,1,0,413921,105963776
simless,5,0,enron_full_420340,exact_ref,29142.041,1,0,413921,105963776
simless,4,0,enron_full_420635,exact_ref,28470.333,1,0,413921,105963776
simless,5,0,enron_full_420635,exact_ref,28470.333,1,0,413921,105963776
simless,6,0,enron_full_420635,exact_ref,28470.333,1,0,413921,105963776
simless,5,0,enron_full_421070,no_exact_ref,27732.140,0,94,413921,105963776
simless,6,0,enron_full_421070,no_exact_ref,27732.140,0,94,413921,105963776
simless,4,0,enron_full_421070,no_exact_ref,27732.140,0,94,413921,105963776
simless,6,0,enron_full_421581,no_exact_ref,28136.237,0,39,413921,105963776
simless,4,0,enron_full_421581,no_exact_ref,28136.237,0,39,413921,105963776
simless,5,0,enron_full_421581,no_exact_ref,28136.237,0,39,413921,105963776
simless,4,0,enron_full_421659,no_exact_ref,27066.430,0,86,413921,105963776
simless,5,0,enron_full_421659,no_exact_ref,27066.430,0,86,413921,105963776
simless,6,0,enron_full_421659,no_exact_ref,27066.430,0,86,413921,105963776
simless,5,0,enron_full_422214,no_exact_ref,27461.132,0,69,413921,105963776
simless,6,0,enron_full_422214,no_exact_ref,27461.132,0,69,413921,105963776
simless,4,0,enron_full_422214,no_exact_ref,27461.132,0,69,413921,105963776
simless,6,0,enron_full_422408,exact_ref,27867.046,1,0,413921,105963776
simless,4,0,enron_full_422408,exact_ref,27867.046,1,0,413921,105963776
simless,5,0,enron_full_422408,exact_ref,27867.046,1,0,413921,105963776
simless,4,0,enron_full_423045,exact_ref,27594.859,1,0,413921,105963776
simless,5,0,enron_full_423045,exact_ref,27594.859,1,0,413921,105963776
simless,6,0,enron_full_423045,exact_ref,27594.859,1,0,413921,105963776
simless,5,0,enron_full_423694,exact_ref,27027.960,1,0,413921,105963776
simless,6,0,enron_full_423694,exact_ref,27027.960,1,0,413921,105963776
simless,4,0,enron_full_423694,exact_ref,27027.960,1,0,413921,105963776
simless,6,0,enron_full_423789,exact_ref,26474.685,1,0,413921,105963776
simless,4,0,enron_full_423789,exact_ref,26474.685,1,0,413921,105963776
simless,5,0,enron_full_423789,exact_ref,26474.685,1,0,413921,105963776
simless,4,0,enron_full_424183,no_exact_ref,28174.102,1,0,413921,105963776
simless,5,0,enron_full_424183,no_exact_ref,28174.102,1,0,413921,105963776
simless,6,0,enron_full_424183,no_exact_ref,28174.102,1,0,413921,105963776
simless,5,0,enron_full_424691,exact_ref,29172.472,1,0,413921,105963776
simless,6,0,enron_full_424691,exact_ref,29172.472,1,0,413921,105963776
simless,4,0,enron_full_424691,exact_ref,29172.472,1,0,413921,105963776
simless,6,0,enron_full_425035,exact_ref,29265.843,1,0,413921,105963776
simless,4,0,enron_full_425035,exact_ref,29265.843,1,0,413921,105963776
simless,5,0,enron_full_425035,exact_ref,29265.843,1,0,413921,105963776
simless,4,0,enron_full_425166,exact_ref,28771.986,1,0,413921,105963776
simless,5,0,enron_full_425166,exact_ref,28771.986,1,0,413921,105963776
simless,6,0,enron_full_425166,exact_ref,28771.986,1,0,413921,105963776
simless,5,0,enron_full_425789,exact_ref,27874.413,1,0,413921,105963776
simless,6,0,enron_full_425789,exact_ref,27874.413,1,0,413921,105963776
simless,4,0,enron_full_425789,exact_ref,27874.413,1,0,413921,105963776
simless,6,0,enron_full_426054,exact_ref,27362.179,1,0,413921,105963776
simless,4,0,enron_full_426054,exact_ref,27362.179,1,0,413921,105963776
simless,5,0,enron_full_426054,exact_ref,27362.179,1,0,413921,105963776
simless,4,0,enron_full_426288,exact_ref,26735.259,1,0,413921,105963776
simless,5,0,enron_full_426288,exact_ref,26735.259,1,0,413921,105963776
simless,6,0,enron_full_426288,exact_ref,26735.259,1,0,413921,105963776
simless,5,0,enron_full_427733,exact_ref,28515.692,1,0,413921,105963776
simless,6,0,enron_full_427733,exact_ref,28515.692,1,0,413921,105963776
simless,4,0,enron_full_427733,exact_ref,28515.692,1,0,413921,105963776
simless,6,0,enron_full_428515,exact_ref,28441.814,1,0,413921,105963776
simless,4,0,enron_full_428515,exact_ref,28441.814,1,0,413921,105963776
simless,5,0,enron_full_428515,exact_ref,28441.814,1,0,413921,105963776
simless,4,0,enron_full_428895,exact_ref,31605.724,1,0,413921,105963776
simless,5,0,enron_full_428895,exact_ref,31605.724,1,0,413921,105963776
simless,6,0,enron_full_428895,exact_ref,31605.724,1,0,413921,105963776
simless,5,0,enron_full_429441,no_exact_ref,28698.637,0,90,413921,105963776
simless,6,0,enron_full_429441,no_exact_ref,28698.637,0,90,413921,105963776
simless,4,0,enron_full_429441,no_exact_ref,28698.637,0,90,413921,105963776
simless,6,0,enron_full_429986,no_exact_ref,27357.233,0,41,413921,105963776
simless,4,0,enron_full_429986,no_exact_ref,27357.233,0,41,413921,105963776
simless,5,0,enron_full_429986,no_exact_ref,27357.233,0,41,413921,105963776
simless,4,0,enron_full_430065,no_exact_ref,26562.122,0,56,413921,105963776
simless,5,0,enron_full_430065,no_exact_ref,26562.122,0,56,413921,105963776
simless,6,0,enron_full_430065,no_exact_ref,26562.122,0,56,413921,105963776
simless,5,0,enron_full_430260,no_exact_ref,26590.682,0,7,413921,105963776
simless,6,0,enron_full_430260,no_exact_ref,26590.682,0,7,413921,105963776
simless,4,0,enron_full_430260,no_exact_ref,26590.682,0,7,413921,105963776
simless,6,0,enron_full_430592,no_exact_ref,26950.612,0,93,413921,105963776
simless,4,0,enron_full_430592,no_exact_ref,26950.612,0,93,413921,105963776
simless,5,0,enron_full_430592,no_exact_ref,26950.612,0,93,413921,105963776
simless,4,0,enron_full_431423,no_exact_ref,28271.518,0,85,413921,105963776
simless,5,0,enron_full_431423,no_exact_ref,28271.518,0,85,413921,105963776
simless,6,0,enron_full_431423,no_exact_ref,28271.518,0,85,413921,105963776
simless,5,0,enron_full_432116,exact_ref,28617.497,1,0,413921,105963776
simless,6,0,enron_full_432116,exact_ref,28617.497,1,0,413921,105963776
simless,4,0,enron_full_432116,exact_ref,28617.497,1,0,413921,105963776
simless,6,0,enron_full_432508,exact_ref,28049.311,1,0,413921,105963776
simless,4,0,enron_full_432508,exact_ref,28049.311,1,0,413921,105963776
simless,5,0,enron_full_432508,exact_ref,28049.311,1,0,413921,105963776
simless,4,0,enron_full_433686,exact_ref,27491.096,1,0,413921,105963776
simless,5,0,enron_full_433686,exact_ref,27491.096,1,0,413921,105963776
simless,6,0,enron_full_433686,exact_ref,27491.096,1,0,413921,105963776
simless,5,0,enron_full_433711,exact_ref,26867.339,1,0,413921,105963776
simless,6,0,enron_full_433711,exact_ref,26867.339,1,0,413921,105963776
simless,4,0,enron_full_433711,exact_ref,26867.339,1,0,413921,105963776
simless,6,0,enron_full_433823,exact_ref,27119.646,1,0,413921,105963776
simless,4,0,enron_full_433823,exact_ref,27119.646,1,0,413921,105963776
simless,5,0,enron_full_433823,exact_ref,27119.646,1,0,413921,105963776
simless,4,0,enron_full_434515,exact_ref,27181.136,1,0,413921,105963776
simless,5,0,enron_full_434515,exact_ref,27181.136,1,0,413921,105963776
simless,6,0,enron_full_434515,exact_ref,27181.136,1,0,413921,105963776
simless,5,0,enron_full_434661,exact_ref,26750.932,1,0,413921,105963776
simless,6,0,enron_full_434661,exact_ref,26750.932,1,0,413921,105963776
simless,4,0,enron_full_434661,exact_ref,26750.932,1,0,413921,105963776
simless,6,0,enron_full_435743,exact_ref,28305.333,1,0,413921,105963776
simless,4,0,enron_full_435743,exact_ref,28305.333,1,0,413921,105963776
simless,5,0,enron_full_435743,exact_ref,28305.333,1,0,413921,105963776
simless,4,0,enron_full_436019,no_exact_ref,27702.097,0,76,413921,105963776
simless,5,0,enron_full_436019,no_exact_ref,27702.097,0,76,413921,105963776
simless,6,0,enron_full_436019,no_exact_ref,27702.097,0,76,413921,105963776
simless,5,0,enron_full_436309,no_exact_ref,27269.215,0,46,413921,105963776
simless,6,0,enron_full_436309,no_exact_ref,27269.215,0,46,413921,105963776
simless,4,0,enron_full_436309,no_exact_ref,27269.215,0,46,413921,105963776
simless,6,0,enron_full_436431,no_exact_ref,27537.101,0,15,413921,105963776
simless,4,0,enron_full_436431,no_exact_ref,27537.101,0,15,413921,105963776
simless,5,0,enron_full_436431,no_exact_ref,27537.101,0,15,413921,105963776
simless,4,0,enron_full_436454,no_exact_ref,27478.611,0,50,413921,105963776
simless,5,0,enron_full_436454,no_exact_ref,27478.611,0,50,413921,105963776
simless,6,0,enron_full_436454,no_exact_ref,27478.611,0,50,413921,105963776
simless,5,0,enron_full_437873,exact_ref,28800.801,1,0,413921,105963776
simless,6,0,enron_full_437873,exact_ref,28800.801,1,0,413921,105963776
simless,4,0,enron_full_437873,exact_ref,28800.801,1,0,413921,105963776
simless,6,0,enron_full_439573,no_exact_ref,29350.377,0,24,413921,105963776
simless,4,0,enron_full_439573,no_exact_ref,29350.377,0,24,413921,105963776
simless,5,0,enron_full_439573,no_exact_ref,29350.377,0,24,413921,105963776
simless,4,0,enron_full_440276,no_exact_ref,29318.783,0,90,413921,105963776
simless,5,0,enron_full_440276,no_exact_ref,29318.783,0,90,413921,105963776
simless,6,0,enron_full_440276,no_exact_ref,29318.783,0,90,413921,105963776
simless,5,0,enron_full_440707,exact_ref,28977.655,1,0,413921,105963776
simless,6,0,enron_full_440707,exact_ref,28977.655,1,0,413921,105963776
simless,4,0,enron_full_440707,exact_ref,28977.655,1,0,413921,105963776
simless,6,0,enron_full_441744,exact_ref,28641.190,1,0,413921,105963776
simless,4,0,enron_full_441744,exact_ref,28641.190,1,0,413921,105963776
simless,5,0,enron_full_441744,exact_ref,28641.190,1,0,413921,105963776
simless,4,0,enron_full_442093,exact_ref,28127.321,1,0,413921,105963776
simless,5,0,enron_full_442093,exact_ref,28127.321,1,0,413921,105963776
simless,6,0,enron_full_442093,exact_ref,28127.321,1,0,413921,105963776
simless,5,0,enron_full_442322,no_exact_ref,27847.984,0,60,413921,105963776
simless,6,0,enron_full_442322,no_exact_ref,27847.984,0,60,413921,105963776
simless,4,0,enron_full_442322,no_exact_ref,27847.984,0,60,413921,105963776
simless,6,0,enron_full_442524,exact_ref,27116.658,1,0,413921,105963776
simless,4,0,enron_full_442524,exact_ref,27116.658,1,0,413921,105963776
simless,5,0,enron_full_442524,exact_ref,27116.658,1,0,413921,105963776
simless,4,0,enron_full_442558,exact_ref,28846.144,1,0,413921,105963776
simless,5,0,enron_full_442558,exact_ref,28846.144,1,0,413921,105963776
simless,6,0,enron_full_442558,exact_ref,28846.144,1,0,413921,105963776
simless,5,0,enron_full_442662,exact_ref,29099.126,1,0,413921,105963776
simless,6,0,enron_full_442662,exact_ref,29099.126,1,0,413921,105963776
simless,4,0,enron_full_442662,exact_ref,29099.126,1,0,413921,105963776
simless,6,0,enron_full_442954,exact_ref,28235.147,1,0,413921,105963776
simless,4,0,enron_full_442954,exact_ref,28235.147,1,0,413921,105963776
simless,5,0,enron_full_442954,exact_ref,28235.147,1,0,413921,105963776
simless,4,0,enron_full_443309,exact_ref,27753.034,1,0,413921,105963776
simless,5,0,enron_full_443309,exact_ref,27753.034,1,0,413921,105963776
simless,6,0,enron_full_443309,exact_ref,27753.034,1,0,413921,105963776
simless,5,0,enron_full_443772,exact_ref,27382.657,1,0,413921,105963776
simless,6,0,enron_full_443772,exact_ref,27382.657,1,0,413921,105963776
simless,4,0,enron_full_443772,exact_ref,27382.657,1,0,413921,105963776
simless,6,0,enron_full_444240,exact_ref,33575.729,1,0,413921,105963776
simless,4,0,enron_full_444240,exact_ref,33575.729,1,0,413921,105963776
simless,5,0,enron_full_444240,exact_ref,33575.729,1,0,413921,105963776
simless,4,0,enron_full_445163,no_exact_ref,30634.389,0,81,413921,105963776
simless,5,0,enron_full_445163,no_exact_ref,30634.389,0,81,413921,105963776
simless,6,0,enron_full_445163,no_exact_ref,30634.389,0,81,413921,105963776
simless,5,0,enron_full_445774,exact_ref,28754.021,1,0,413921,105963776
simless,6,0,enron_full_445774,exact_ref,28754.021,1,0,413921,105963776
simless,4,0,enron_full_445774,exact_ref,28754.021,1,0,413921,105963776
simless,6,0,enron_full_445830,no_exact_ref,27708.123,0,63,413921,105963776
simless,4,0,enron_full_445830,no_exact_ref,27708.123,0,63,413921,105963776
simless,5,0,enron_full_445830,no_exact_ref,27708.123,0,63,413921,105963776
simless,4,0,enron_full_446457,no_exact_ref,27745.550,0,10,413921,105963776
simless,5,0,enron_full_446457,no_exact_ref,27745.550,0,10,413921,105963776
simless,6,0,enron_full_446457,no_exact_ref,27745.550,0,10,413921,105963776
simless,5,0,enron_full_447336,exact_ref,27189.460,1,0,413921,105963776
simless,6,0,enron_full_447336,exact_ref,27189.460,1,0,413921,105963776
simless,4,0,enron_full_447336,exact_ref,27189.460,1,0,413921,105963776
simless,6,0,enron_full_447596,no_exact_ref,27805.090,0,43,413921,105963776
simless,4,0,enron_full_447596,no_exact_ref,27805.090,0,43,413921,105963776
simless,5,0,enron_full_447596,no_exact_ref,27805.090,0,43,413921,105963776
simless,4,0,enron_full_448246,exact_ref,27063.157,1,0,413921,105963776
simless,5,0,enron_full_448246,exact_ref,27063.157,1,0,413921,105963776
simless,6,0,enron_full_448246,exact_ref,27063.157,1,0,413921,105963776
simless,5,0,enron_full_448315,no_exact_ref,26950.376,1,0,413921,105963776
simless,6,0,enron_full_448315,no_exact_ref,26950.376,1,0,413921,105963776
simless,4,0,enron_full_448315,no_exact_ref,26950.376,1,0,413921,105963776
simless,6,0,enron_full_448897,exact_ref,28800.174,1,0,413921,105963776
simless,4,0,enron_full_448897,exact_ref,28800.174,1,0,413921,105963776
simless,5,0,enron_full_448897,exact_ref,28800.174,1,0,413921,105963776
simless,4,0,enron_full_449771,no_exact_ref,28163.359,0,91,413921,105963776
simless,5,0,enron_full_449771,no_exact_ref,28163.359,0,91,413921,105963776
simless,6,0,enron_full_449771,no_exact_ref,28163.359,0,91,413921,105963776
simless,5,0,enron_full_450293,exact_ref,29002.510,1,0,413921,105963776
simless,6,0,enron_full_450293,exact_ref,29002.510,1,0,413921,105963776
simless,4,0,enron_full_450293,exact_ref,29002.510,1,0,413921,105963776
simless,6,0,enron_full_450584,no_exact_ref,29432.126,0,30,413921,105963776
simless,4,0,enron_full_450584,no_exact_ref,29432.126,0,30,413921,105963776
simless,5,0,enron_full_450584,no_exact_ref,29432.126,0,30,413921,105963776
simless,4,0,enron_full_451624,exact_ref,30065.987,1,0,413921,105963776
simless,5,0,enron_full_451624,exact_ref,30065.987,1,0,413921,105963776
simless,6,0,enron_full_451624,exact_ref,30065.987,1,0,413921,105963776
simless,5,0,enron_full_451708,exact_ref,28835.302,1,0,413921,105963776
simless,6,0,enron_full_451708,exact_ref,28835.302,1,0,413921,105963776
simless,4,0,enron_full_451708,exact_ref,28835.302,1,0,413921,105963776
simless,6,0,enron_full_451980,no_exact_ref,27427.049,0,28,413921,105963776
simless,4,0,enron_full_451980,no_exact_ref,27427.049,0,28,413921,105963776
simless,5,0,enron_full_451980,no_exact_ref,27427.049,0,28,413921,105963776
simless,4,0,enron_full_452075,exact_ref,27803.460,1,0,413921,105963776
simless,5,0,enron_full_452075,exact_ref,27803.460,1,0,413921,105963776
simless,6,0,enron_full_452075,exact_ref,27803.460,1,0,413921,105963776
simless,5,0,enron_full_452624,exact_ref,27237.694,1,0,413921,105963776
simless,6,0,enron_full_452624,exact_ref,27237.694,1,0,413921,105963776
simless,4,0,enron_full_452624,exact_ref,27237.694,1,0,413921,105963776
simless,6,0,enron_full_452665,exact_ref,27347.018,1,0,413921,105963776
simless,4,0,enron_full_452665,exact_ref,27347.018,1,0,413921,105963776
simless,5,0,enron_full_452665,exact_ref,27347.018,1,0,413921,105963776
simless,4,0,enron_full_453158,exact_ref,27904.046,1,0,413921,105963776
simless,5,0,enron_full_453158,exact_ref,27904.046,1,0,413921,105963776
simless,6,0,enron_full_453158,exact_ref,27904.046,1,0,413921,105963776
simless,5,0,enron_full_453577,exact_ref,27525.166,1,0,413921,105963776
simless,6,0,enron_full_453577,exact_ref,27525.166,1,0,413921,105963776
simless,4,0,enron_full_453577,exact_ref,27525.166,1,0,413921,105963776
simless,6,0,enron_full_455974,no_exact_ref,26930.789,1,3,413921,105963776
simless,4,0,enron_full_455974,no_exact_ref,26930.789,1,3,413921,105963776
simless,5,0,enron_full_455974,no_exact_ref,26930.789,1,3,413921,105963776
simless,4,0,enron_full_456283,no_exact_ref,27406.889,0,81,413921,105963776
simless,5,0,enron_full_456283,no_exact_ref,27406.889,0,81,413921,105963776
simless,6,0,enron_full_456283,no_exact_ref,27406.889,0,81,413921,105963776
simless,5,0,enron_full_458074,no_exact_ref,27139.555,0,91,413921,105963776
simless,6,0,enron_full_458074,no_exact_ref,27139.555,0,91,413921,105963776
simless,4,0,enron_full_458074,no_exact_ref,27139.555,0,91,413921,105963776
simless,6,0,enron_full_458660,no_exact_ref,28706.344,0,84,413921,105963776
simless,4,0,enron_full_458660,no_exact_ref,28706.344,0,84,413921,105963776
simless,5,0,enron_full_458660,no_exact_ref,28706.344,0,84,413921,105963776
simless,4,0,enron_full_459917,no_exact_ref,31707.901,0,92,413921,105963776
simless,5,0,enron_full_459917,no_exact_ref,31707.901,0,92,413921,105963776
simless,6,0,enron_full_459917,no_exact_ref,31707.901,0,92,413921,105963776
simless,5,0,enron_full_459959,no_exact_ref,33960.996,0,91,413921,105963776
simless,6,0,enron_full_459959,no_exact_ref,33960.996,0,91,413921,105963776
simless,4,0,enron_full_459959,no_exact_ref,33960.996,0,91,413921,105963776
simless,6,0,enron_full_460573,exact_ref,31331.819,1,0,413921,105963776
simless,4,0,enron_full_460573,exact_ref,31331.819,1,0,413921,105963776
simless,5,0,enron_full_460573,exact_ref,31331.819,1,0,413921,105963776
simless,4,0,enron_full_461053,exact_ref,30790.439,1,0,413921,105963776
simless,5,0,enron_full_461053,exact_ref,30790.439,1,0,413921,105963776
simless,6,0,enron_full_461053,exact_ref,30790.439,1,0,413921,105963776
simless,5,0,enron_full_461203,no_exact_ref,31492.520,0,54,413921,105963776
simless,6,0,enron_full_461203,no_exact_ref,31492.520,0,54,413921,105963776
simless,4,0,enron_full_461203,no_exact_ref,31492.520,0,54,413921,105963776
simless,6,0,enron_full_461474,no_exact_ref,30210.931,0,85,413921,105963776
simless,4,0,enron_full_461474,no_exact_ref,30210.931,0,85,413921,105963776
simless,5,0,enron_full_461474,no_exact_ref,30210.931,0,85,413921,105963776
simless,4,0,enron_full_461621,exact_ref,29520.160,1,0,413921,105963776
simless,5,0,enron_full_461621,exact_ref,29520.160,1,0,413921,105963776
simless,6,0,enron_full_461621,exact_ref,29520.160,1,0,413921,105963776
simless,5,0,enron_full_461648,exact_ref,28703.563,1,0,413921,105963776
simless,6,0,enron_full_461648,exact_ref,28703.563,1,0,413921,105963776
simless,4,0,enron_full_461648,exact_ref,28703.563,1,0,413921,105963776
simless,6,0,enron_full_461948,exact_ref,27577.250,1,0,413921,105963776
simless,4,0,enron_full_461948,exact_ref,27577.250,1,0,413921,105963776
simless,5,0,enron_full_461948,exact_ref,27577.250,1,0,413921,105963776
simless,4,0,enron_full_462616,exact_ref,26673.696,1,0,413921,105963776
simless,5,0,enron_full_462616,exact_ref,26673.696,1,0,413921,105963776
simless,6,0,enron_full_462616,exact_ref,26673.696,1,0,413921,105963776
simless,5,0,enron_full_463151,exact_ref,27546.183,1,0,413921,105963776
simless,6,0,enron_full_463151,exact_ref,27546.183,1,0,413921,105963776
simless,4,0,enron_full_463151,exact_ref,27546.183,1,0,413921,105963776
simless,6,0,enron_full_463936,exact_ref,26491.125,1,0,413921,105963776
simless,4,0,enron_full_463936,exact_ref,26491.125,1,0,413921,105963776
simless,5,0,enron_full_463936,exact_ref,26491.125,1,0,413921,105963776
simless,4,0,enron_full_463955,exact_ref,28535.099,1,0,413921,105963776
simless,5,0,enron_full_463955,exact_ref,28535.099,1,0,413921,105963776
simless,6,0,enron_full_463955,exact_ref,28535.099,1,0,413921,105963776
simless,5,0,enron_full_463976,exact_ref,29229.378,1,0,413921,105963776
simless,6,0,enron_full_463976,exact_ref,29229.378,1,0,413921,105963776
simless,4,0,enron_full_463976,exact_ref,29229.378,1,0,413921,105963776
simless,6,0,enron_full_465574,exact_ref,28236.639,1,0,413921,105963776
simless,4,0,enron_full_465574,exact_ref,28236.639,1,0,413921,105963776
simless,5,0,enron_full_465574,exact_ref,28236.639,1,0,413921,105963776
simless,4,0,enron_full_466018,exact_ref,27145.688,1,0,413921,105963776
simless,5,0,enron_full_466018,exact_ref,27145.688,1,0,413921,105963776
simless,6,0,enron_full_466018,exact_ref,27145.688,1,0,413921,105963776
simless,5,0,enron_full_466387,exact_ref,30324.013,1,0,413921,105963776
simless,6,0,enron_full_466387,exact_ref,30324.013,1,0,413921,105963776
simless,4,0,enron_full_466387,exact_ref,30324.013,1,0,413921,105963776
simless,6,0,enron_full_466533,exact_ref,35242.742,1,0,413921,105963776
simless,4,0,enron_full_466533,exact_ref,35242.742,1,0,413921,105963776
simless,5,0,enron_full_466533,exact_ref,35242.742,1,0,413921,105963776
simless,4,0,enron_full_466708,exact_ref,28791.946,1,0,413921,105963776
simless,5,0,enron_full_466708,exact_ref,28791.946,1,0,413921,105963776
simless,6,0,enron_full_466708,exact_ref,28791.946,1,0,413921,105963776
simless,5,0,enron_full_467278,exact_ref,28343.631,1,0,413921,105963776
simless,6,0,enron_full_467278,exact_ref,28343.631,1,0,413921,105963776
simless,4,0,enron_full_467278,exact_ref,28343.631,1,0,413921,105963776
simless,6,0,enron_full_467576,exact_ref,26289.850,1,0,413921,105963776
simless,4,0,enron_full_467576,exact_ref,26289.850,1,0,413921,105963776
simless,5,0,enron_full_467576,exact_ref,26289.850,1,0,413921,105963776
simless,4,0,enron_full_467913,exact_ref,27441.857,1,0,413921,105963776
simless,5,0,enron_full_467913,exact_ref,27441.857,1,0,413921,105963776
simless,6,0,enron_full_467913,exact_ref,27441.857,1,0,413921,105963776
simless,5,0,enron_full_468001,exact_ref,26841.520,1,0,413921,105963776
simless,6,0,enron_full_468001,exact_ref,26841.520,1,0,413921,105963776
simless,4,0,enron_full_468001,exact_ref,26841.520,1,0,413921,105963776
simless,6,0,enron_full_468241,exact_ref,27358.947,1,0,413921,105963776
simless,4,0,enron_full_468241,exact_ref,27358.947,1,0,413921,105963776
simless,5,0,enron_full_468241,exact_ref,27358.947,1,0,413921,105963776
simless,4,0,enron_full_468948,exact_ref,26952.403,1,0,413921,105963776
simless,5,0,enron_full_468948,exact_ref,26952.403,1,0,413921,105963776
simless,6,0,enron_full_468948,exact_ref,26952.403,1,0,413921,105963776
simless,5,0,enron_full_469104,exact_ref,30053.300,1,0,413921,105963776
simless,6,0,enron_full_469104,exact_ref,30053.300,1,0,413921,105963776
simless,4,0,enron_full_469104,exact_ref,30053.300,1,0,413921,105963776
simless,6,0,enron_full_469441,exact_ref,32732.244,1,0,413921,105963776
simless,4,0,enron_full_469441,exact_ref,32732.244,1,0,413921,105963776
simless,5,0,enron_full_469441,exact_ref,32732.244,1,0,413921,105963776
simless,4,0,enron_full_470510,exact_ref,29447.935,1,0,413921,105963776
simless,5,0,enron_full_470510,exact_ref,29447.935,1,0,413921,105963776
simless,6,0,enron_full_470510,exact_ref,29447.935,1,0,413921,105963776
simless,5,0,enron_full_471172,exact_ref,29250.427,1,0,413921,105963776
simless,6,0,enron_full_471172,exact_ref,29250.427,1,0,413921,105963776
simless,4,0,enron_full_471172,exact_ref,29250.427,1,0,413921,105963776
simless,6,0,enron_full_472398,exact_ref,29180.695,1,0,413921,105963776
simless,4,0,enron_full_472398,exact_ref,29180.695,1,0,413921,105963776
simless,5,0,enron_full_472398,exact_ref,29180.695,1,0,413921,105963776
simless,4,0,enron_full_473353,exact_ref,26887.544,1,0,413921,105963776
simless,5,0,enron_full_473353,exact_ref,26887.544,1,0,413921,105963776
simless,6,0,enron_full_473353,exact_ref,26887.544,1,0,413921,105963776
simless,5,0,enron_full_473987,no_exact_ref,27604.521,0,88,413921,105963776
simless,6,0,enron_full_473987,no_exact_ref,27604.521,0,88,413921,105963776
simless,4,0,enron_full_473987,no_exact_ref,27604.521,0,88,413921,105963776
simless,6,0,enron_full_474902,exact_ref,26953.143,1,0,413921,105963776
simless,4,0,enron_full_474902,exact_ref,26953.143,1,0,413921,105963776
simless,5,0,enron_full_474902,exact_ref,26953.143,1,0,413921,105963776
simless,4,0,enron_full_476646,exact_ref,26466.689,1,0,413921,105963776
simless,5,0,enron_full_476646,exact_ref,26466.689,1,0,413921,105963776
simless,6,0,enron_full_476646,exact_ref,26466.689,1,0,413921,105963776
simless,5,0,enron_full_476866,exact_ref,27296.476,1,0,413921,105963776
simless,6,0,enron_full_476866,exact_ref,27296.476,1,0,413921,105963776
simless,4,0,enron_full_476866,exact_ref,27296.476,1,0,413921,105963776
simless,6,0,enron_full_476952,exact_ref,26414.562,1,0,413921,105963776
simless,4,0,enron_full_476952,exact_ref,26414.562,1,0,413921,105963776
simless,5,0,enron_full_476952,exact_ref,26414.562,1,0,413921,105963776
simless,4,0,enron_full_478933,no_exact_ref,26553.874,0,68,413921,105963776
simless,5,0,enron_full_478933,no_exact_ref,26553.874,0,68,413921,105963776
simless,6,0,enron_full_478933,no_exact_ref,26553.874,0,68,413921,105963776
simless,5,0,enron_full_479947,no_exact_ref,27896.446,0,90,413921,105963776
simless,6,0,enron_full_479947,no_exact_ref,27896.446,0,90,413921,105963776
simless,4,0,enron_full_479947,no_exact_ref,27896.446,0,90,413921,105963776
simless,6,0,enron_full_480468,no_exact_ref,29226.098,0,58,413921,105963776
simless,4,0,enron_full_480468,no_exact_ref,29226.098,0,58,413921,105963776
simless,5,0,enron_full_480468,no_exact_ref,29226.098,0,58,413921,105963776
simless,4,0,enron_full_480848,exact_ref,29338.971,1,0,413921,105963776
simless,5,0,enron_full_480848,exact_ref,29338.971,1,0,413921,105963776
simless,6,0,enron_full_480848,exact_ref,29338.971,1,0,413921,105963776
simless,5,0,enron_full_481384,exact_ref,30149.066,1,0,413921,105963776
simless,6,0,enron_full_481384,exact_ref,30149.066,1,0,413921,105963776
simless,4,0,enron_full_481384,exact_ref,30149.066,1,0,413921,105963776
simless,6,0,enron_full_481691,exact_ref,31042.174,1,0,413921,105963776
simless,4,0,enron_full_481691,exact_ref,31042.174,1,0,413921,105963776
simless,5,0,enron_full_481691,exact_ref,31042.174,1,0,413921,105963776
simless,4,0,enron_full_481940,exact_ref,28639.334,1,0,413921,105963776
simless,5,0,enron_full_481940,exact_ref,28639.334,1,0,413921,105963776
simless,6,0,enron_full_481940,exact_ref,28639.334,1,0,413921,105963776
simless,5,0,enron_full_482039,exact_ref,26146.022,1,0,413921,105963776
simless,6,0,enron_full_482039,exact_ref,26146.022,1,0,413921,105963776
simless,4,0,enron_full_482039,exact_ref,26146.022,1,0,413921,105963776
simless,6,0,enron_full_482398,no_exact_ref,26950.753,0,60,413921,105963776
simless,4,0,enron_full_482398,no_exact_ref,26950.753,0,60,413921,105963776
simless,5,0,enron_full_482398,no_exact_ref,26950.753,0,60,413921,105963776
simless,4,0,enron_full_482679,no_exact_ref,25741.328,0,72,413921,105963776
simless,5,0,enron_full_482679,no_exact_ref,25741.328,0,72,413921,105963776
simless,6,0,enron_full_482679,no_exact_ref,25741.328,0,72,413921,105963776
simless,5,0,enron_full_482700,exact_ref,26898.791,1,0,413921,105963776
simless,6,0,enron_full_482700,exact_ref,26898.791,1,0,413921,105963776
simless,4,0,enron_full_482700,exact_ref,26898.791,1,0,413921,105963776
simless,6,0,enron_full_482778,exact_ref,28439.072,1,0,413921,105963776
simless,4,0,enron_full_482778,exact_ref,28439.072,1,0,413921,105963776
simless,5,0,enron_full_482778,exact_ref,28439.072,1,0,413921,105963776
simless,4,0,enron_full_482919,exact_ref,29752.980,1,0,413921,105963776
simless,5,0,enron_full_482919,exact_ref,29752.980,1,0,413921,105963776
simless,6,0,enron_full_482919,exact_ref,29752.980,1,0,413921,105963776
simless,5,0,enron_full_483941,exact_ref,29128.354,1,0,413921,105963776
simless,6,0,enron_full_483941,exact_ref,29128.354,1,0,413921,105963776
simless,4,0,enron_full_483941,exact_ref,29128.354,1,0,413921,105963776
simless,6,0,enron_full_484013,exact_ref,30585.923,1,0,413921,105963776
simless,4,0,enron_full_484013,exact_ref,30585.923,1,0,413921,105963776
simless,5,0,enron_full_484013,exact_ref,30585.923,1,0,413921,105963776
simless,4,0,enron_full_485161,exact_ref,30971.906,1,0,413921,105963776
simless,5,0,enron_full_485161,exact_ref,30971.906,1,0,413921,105963776
simless,6,0,enron_full_485161,exact_ref,30971.906,1,0,413921,105963776
simless,5,0,enron_full_485319,exact_ref,28953.992,1,0,413921,105963776
simless,6,0,enron_full_485319,exact_ref,28953.992,1,0,413921,105963776
simless,4,0,enron_full_485319,exact_ref,28953.992,1,0,413921,105963776
simless,6,0,enron_full_485507,no_exact_ref,25673.649,0,18,413921,105963776
simless,4,0,enron_full_485507,no_exact_ref,25673.649,0,18,413921,105963776
simless,5,0,enron_full_485507,no_exact_ref,25673.649,0,18,413921,105963776
simless,4,0,enron_full_485652,no_exact_ref,26350.037,0,85,413921,105963776
simless,5,0,enron_full_485652,no_exact_ref,26350.037,0,85,413921,105963776
simless,6,0,enron_full_485652,no_exact_ref,26350.037,0,85,413921,105963776
simless,5,0,enron_full_485802,no_exact_ref,27059.774,0,69,413921,105963776
simless,6,0,enron_full_485802,no_exact_ref,27059.774,0,69,413921,105963776
simless,4,0,enron_full_485802,no_exact_ref,27059.774,0,69,413921,105963776
simless,6,0,enron_full_486590,exact_ref,26534.729,1,0,413921,105963776
simless,4,0,enron_full_486590,exact_ref,26534.729,1,0,413921,105963776
simless,5,0,enron_full_486590,exact_ref,26534.729,1,0,413921,105963776
simless,4,0,enron_full_486718,exact_ref,27248.421,1,0,413921,105963776
simless,5,0,enron_full_486718,exact_ref,27248.421,1,0,413921,105963776
simless,6,0,enron_full_486718,exact_ref,27248.421,1,0,413921,105963776
simless,5,0,enron_full_487009,no_exact_ref,25783.244,0,26,413921,105963776
simless,6,0,enron_full_487009,no_exact_ref,25783.244,0,26,413921,105963776
simless,4,0,enron_full_487009,no_exact_ref,25783.244,0,26,413921,105963776
simless,6,0,enron_full_487095,no_exact_ref,27836.142,0,92,413921,105963776
simless,4,0,enron_full_487095,no_exact_ref,27836.142,0,92,413921,105963776
simless,5,0,enron_full_487095,no_exact_ref,27836.142,0,92,413921,105963776
simless,4,0,enron_full_487221,exact_ref,26412.806,1,0,413921,105963776
simless,5,0,enron_full_487221,exact_ref,26412.806,1,0,413921,105963776
simless,6,0,enron_full_487221,exact_ref,26412.806,1,0,413921,105963776
simless,5,0,enron_full_488455,no_exact_ref,27211.544,0,67,413921,105963776
simless,6,0,enron_full_488455,no_exact_ref,27211.544,0,67,413921,105963776
simless,4,0,enron_full_488455,no_exact_ref,27211.544,0,67,413921,105963776
simless,6,0,enron_full_488704,no_exact_ref,26954.750,1,1,413921,105963776
simless,4,0,enron_full_488704,no_exact_ref,26954.750,1,1,413921,105963776
simless,5,0,enron_full_488704,no_exact_ref,26954.750,1,1,413921,105963776
simless,4,0,enron_full_489126,no_exact_ref,27360.066,0,93,413921,105963776
simless,5,0,enron_full_489126,no_exact_ref,27360.066,0,93,413921,105963776
simless,6,0,enron_full_489126,no_exact_ref,27360.066,0,93,413921,105963776
simless,5,0,enron_full_490171,no_exact_ref,29221.994,0,86,413921,105963776
simless,6,0,enron_full_490171,no_exact_ref,29221.994,0,86,413921,105963776
simless,4,0,enron_full_490171,no_exact_ref,29221.994,0,86,413921,105963776
simless,6,0,enron_full_490913,exact_ref,28479.659,1,0,413921,105963776
simless,4,0,enron_full_490913,exact_ref,28479.659,1,0,413921,105963776
simless,5,0,enron_full_490913,exact_ref,28479.659,1,0,413921,105963776
simless,4,0,enron_full_491597,exact_ref,26616.388,1,0,413921,105963776
simless,5,0,enron_full_491597,exact_ref,26616.388,1,0,413921,105963776
simless,6,0,enron_full_491597,exact_ref,26616.388,1,0,413921,105963776
simless,5,0,enron_full_491993,no_exact_ref,26452.245,0,91,413921,105963776
simless,6,0,enron_full_491993,no_exact_ref,26452.245,0,91,413921,105963776
simless,4,0,enron_full_491993,no_exact_ref,26452.245,0,91,413921,105963776
simless,6,0,enron_full_492310,no_exact_ref,27266.450,0,13,413921,105963776
simless,4,0,enron_full_492310,no_exact_ref,27266.450,0,13,413921,105963776
simless,5,0,enron_full_492310,no_exact_ref,27266.450,0,13,413921,105963776
simless,4,0,enron_full_492624,exact_ref,28411.469,1,0,413921,105963776
simless,5,0,enron_full_492624,exact_ref,28411.469,1,0,413921,105963776
simless,6,0,enron_full_492624,exact_ref,28411.469,1,0,413921,105963776
simless,5,0,enron_full_492762,no_exact_ref,29018.549,0,69,413921,105963776
simless,6,0,enron_full_492762,no_exact_ref,29018.549,0,69,413921,105963776
simless,4,0,enron_full_492762,no_exact_ref,29018.549,0,69,413921,105963776
simless,6,0,enron_full_493081,no_exact_ref,29421.259,0,50,413921,105963776
simless,4,0,enron_full_493081,no_exact_ref,29421.259,0,50,413921,105963776
simless,5,0,enron_full_493081,no_exact_ref,29421.259,0,50,413921,105963776
simless,4,0,enron_full_493173,no_exact_ref,28180.912,0,90,413921,105963776
simless,5,0,enron_full_493173,no_exact_ref,28180.912,0,90,413921,105963776
simless,6,0,enron_full_493173,no_exact_ref,28180.912,0,90,413921,105963776
simless,5,0,enron_full_494836,no_exact_ref,27322.705,0,9,413921,105963776
simless,6,0,enron_full_494836,no_exact_ref,27322.705,0,9,413921,105963776
simless,4,0,enron_full_494836,no_exact_ref,27322.705,0,9,413921,105963776
simless,6,0,enron_full_495207,no_exact_ref,27452.441,0,94,413921,105963776
simless,4,0,enron_full_495207,no_exact_ref,27452.441,0,94,413921,105963776
simless,5,0,enron_full_495207,no_exact_ref,27452.441,0,94,413921,105963776
simless,4,0,enron_full_496303,no_exact_ref,26776.039,0,47,413921,105963776
simless,5,0,enron_full_496303,no_exact_ref,26776.039,0,47,413921,105963776
simless,6,0,enron_full_496303,no_exact_ref,26776.039,0,47,413921,105963776
simless,5,0,enron_full_497180,exact_ref,29880.263,1,0,413921,105963776
simless,6,0,enron_full_497180,exact_ref,29880.263,1,0,413921,105963776
simless,4,0,enron_full_497180,exact_ref,29880.263,1,0,413921,105963776
simless,6,0,enron_full_498346,no_exact_ref,30505.602,0,93,413921,105963776
simless,4,0,enron_full_498346,no_exact_ref,30505.602,0,93,413921,105963776
simless,5,0,enron_full_498346,no_exact_ref,30505.602,0,93,413921,105963776
simless,4,0,enron_full_498425,exact_ref,28878.426,1,0,413921,105963776
simless,5,0,enron_full_498425,exact_ref,28878.426,1,0,413921,105963776
simless,6,0,enron_full_498425,exact_ref,28878.426,1,0,413921,105963776
simless,5,0,enron_full_498832,exact_ref,25802.811,1,0,413921,105963776
simless,6,0,enron_full_498832,exact_ref,25802.811,1,0,413921,105963776
simless,4,0,enron_full_498832,exact_ref,25802.811,1,0,413921,105963776
simless,6,0,enron_full_499190,exact_ref,27792.446,1,0,413921,105963776
simless,4,0,enron_full_499190,exact_ref,27792.446,1,0,413921,105963776
simless,5,0,enron_full_499190,exact_ref,27792.446,1,0,413921,105963776
simless,4,0,enron_full_499335,exact_ref,27005.604,1,0,413921,105963776
simless,5,0,enron_full_499335,exact_ref,27005.604,1,0,413921,105963776
simless,6,0,enron_full_499335,exact_ref,27005.604,1,0,413921,105963776
simless,5,0,enron_full_500125,exact_ref,26427.089,1,0,413921,105963776
simless,6,0,enron_full_500125,exact_ref,26427.089,1,0,413921,105963776
simless,4,0,enron_full_500125,exact_ref,26427.089,1,0,413921,105963776
simless,6,0,enron_full_500480,exact_ref,27865.389,1,0,413921,105963776
simless,4,0,enron_full_500480,exact_ref,27865.389,1,0,413921,105963776
simless,5,0,enron_full_500480,exact_ref,27865.389,1,0,413921,105963776
simless,4,0,enron_full_500856,exact_ref,27314.833,1,0,413921,105963776
simless,5,0,enron_full_500856,exact_ref,27314.833,1,0,413921,105963776
simless,6,0,enron_full_500856,exact_ref,27314.833,1,0,413921,105963776
simless,5,0,enron_full_501389,exact_ref,26368.790,1,0,413921,105963776
simless,6,0,enron_full_501389,exact_ref,26368.790,1,0,413921,105963776
simless,4,0,enron_full_501389,exact_ref,26368.790,1,0,413921,105963776
simless,6,0,enron_full_501995,no_exact_ref,28509.212,1,0,413921,105963776
simless,4,0,enron_full_501995,no_exact_ref,28509.212,1,0,413921,105963776
simless,5,0,enron_full_501995,no_exact_ref,28509.212,1,0,413921,105963776
simless,4,0,enron_full_503996,no_exact_ref,27269.931,0,95,413921,105963776
simless,5,0,enron_full_503996,no_exact_ref,27269.931,0,95,413921,105963776
simless,6,0,enron_full_503996,no_exact_ref,27269.931,0,95,413921,105963776
simless,5,0,enron_full_504214,no_exact_ref,27163.961,0,34,413921,105963776
simless,6,0,enron_full_504214,no_exact_ref,27163.961,0,34,413921,105963776
simless,4,0,enron_full_504214,no_exact_ref,27163.961,0,34,413921,105963776
simless,6,0,enron_full_504672,exact_ref,29680.442,1,0,413921,105963776
simless,4,0,enron_full_504672,exact_ref,29680.442,1,0,413921,105963776
simless,5,0,enron_full_504672,exact_ref,29680.442,1,0,413921,105963776
simless,4,0,enron_full_506077,no_exact_ref,29969.540,0,83,413921,105963776
simless,5,0,enron_full_506077,no_exact_ref,29969.540,0,83,413921,105963776
simless,6,0,enron_full_506077,no_exact_ref,29969.540,0,83,413921,105963776
simless,5,0,enron_full_506313,no_exact_ref,30241.139,0,62,413921,105963776
simless,6,0,enron_full_506313,no_exact_ref,30241.139,0,62,413921,105963776
simless,4,0,enron_full_506313,no_exact_ref,30241.139,0,62,413921,105963776
simless,6,0,enron_full_506691,no_exact_ref,29412.146,0,90,413921,105963776
simless,4,0,enron_full_506691,no_exact_ref,29412.146,0,90,413921,105963776
simless,5,0,enron_full_506691,no_exact_ref,29412.146,0,90,413921,105963776
simless,4,0,enron_full_506951,no_exact_ref,29384.450,0,36,413921,105963776
simless,5,0,enron_full_506951,no_exact_ref,29384.450,0,36,413921,105963776
simless,6,0,enron_full_506951,no_exact_ref,29384.450,0,36,413921,105963776
simless,5,0,enron_full_508297,exact_ref,29267.114,1,0,413921,105963776
simless,6,0,enron_full_508297,exact_ref,29267.114,1,0,413921,105963776
simless,4,0,enron_full_508297,exact_ref,29267.114,1,0,413921,105963776
simless,6,0,enron_full_508633,no_exact_ref,27853.705,1,0,413921,105963776
simless,4,0,enron_full_508633,no_exact_ref,27853.705,1,0,413921,105963776
simless,5,0,enron_full_508633,no_exact_ref,27853.705,1,0,413921,105963776
simless,4,0,enron_full_509309,exact_ref,27551.137,1,0,413921,105963776
simless,5,0,enron_full_509309,exact_ref,27551.137,1,0,413921,105963776
simless,6,0,enron_full_509309,exact_ref,27551.137,1,0,413921,105963776
simless,5,0,enron_full_509898,exact_ref,28591.181,1,0,413921,105963776
simless,6,0,enron_full_509898,exact_ref,28591.181,1,0,413921,105963776
simless,4,0,enron_full_509898,exact_ref,28591.181,1,0,413921,105963776
simless,6,0,enron_full_511005,exact_ref,30445.028,1,0,413921,105963776
simless,4,0,enron_full_511005,exact_ref,30445.028,1,0,413921,105963776
simless,5,0,enron_full_511005,exact_ref,30445.028,1,0,413921,105963776
simless,4,0,enron_full_513543,no_exact_ref,28069.419,0,26,413921,105963776
simless,5,0,enron_full_513543,no_exact_ref,28069.419,0,26,413921,105963776
simless,6,0,enron_full_513543,no_exact_ref,28069.419,0,26,413921,105963776
simless,5,0,enron_full_513857,exact_ref,28960.254,1,0,413921,105963776
simless,6,0,enron_full_513857,exact_ref,28960.254,1,0,413921,105963776
simless,4,0,enron_full_513857,exact_ref,28960.254,1,0,413921,105963776
simless,6,0,enron_full_514823,no_exact_ref,29286.832,0,66,413921,105963776
simless,4,0,enron_full_514823,no_exact_ref,29286.832,0,66,413921,105963776
simless,5,0,enron_full_514823,no_exact_ref,29286.832,0,66,413921,105963776
simless,4,0,enron_full_514984,exact_ref,29379.409,1,0,413921,105963776
simless,5,0,enron_full_514984,exact_ref,29379.409,1,0,413921,105963776
simless,6,0,enron_full_514984,exact_ref,29379.409,1,0,413921,105963776
simless,5,0,enron_full_515092,no_exact_ref,31118.509,0,34,413921,105963776
simless,6,0,enron_full_515092,no_exact_ref,31118.509,0,34,413921,105963776
simless,4,0,enron_full_515092,no_exact_ref,31118.509,0,34,413921,105963776
simless,6,0,enron_full_515627,no_exact_ref,28824.084,0,45,413921,105963776
simless,4,0,enron_full_515627,no_exact_ref,28824.084,0,45,413921,105963776
simless,5,0,enron_full_515627,no_exact_ref,28824.084,0,45,413921,105963776
simless,4,0,enron_full_515714,no_exact_ref,29596.318,0,62,413921,105963776
simless,5,0,enron_full_515714,no_exact_ref,29596.318,0,62,413921,105963776
simless,6,0,enron_full_515714,no_exact_ref,29596.318,0,62,413921,105963776
simless,5,0,enron_full_516032,exact_ref,27946.768,1,0,413921,105963776
simless,6,0,enron_full_516032,exact_ref,27946.768,1,0,413921,105963776
simless,4,0,enron_full_516032,exact_ref,27946.768,1,0,413921,105963776
simless,6,0,enron_full_516843,no_exact_ref,27799.259,0,27,413921,105963776
simless,4,0,enron_full_516843,no_exact_ref,27799.259,0,27,413921,105963776
simless,5,0,enron_full_516843,no_exact_ref,27799.259,0,27,413921,105963776
simless,4,0,enron_full_516871,no_exact_ref,28922.091,0,93,413921,105963776
simless,5,0,enron_full_516871,no_exact_ref,28922.091,0,93,413921,105963776
simless,6,0,enron_full_516871,no_exact_ref,28922.091,0,93,413921,105963776
simless,5,1,enron_full_000202,exact_ref,29361.537,1,0,413921,105963776
simless,6,1,enron_full_000202,exact_ref,29361.537,1,0,413921,105963776
simless,4,1,enron_full_000202,exact_ref,29361.537,1,0,413921,105963776
simless,6,1,enron_full_000664,exact_ref,28251.680,1,0,413921,105963776
simless,4,1,enron_full_000664,exact_ref,28251.680,1,0,413921,105963776
simless,5,1,enron_full_000664,exact_ref,28251.680,1,0,413921,105963776
simless,4,1,enron_full_001289,no_exact_ref,30887.316,0,70,413921,105963776
simless,5,1,enron_full_001289,no_exact_ref,30887.316,0,70,413921,105963776
simless,6,1,enron_full_001289,no_exact_ref,30887.316,0,70,413921,105963776
simless,5,1,enron_full_001379,no_exact_ref,30982.855,0,53,413921,105963776
simless,6,1,enron_full_001379,no_exact_ref,30982.855,0,53,413921,105963776
simless,4,1,enron_full_001379,no_exact_ref,30982.855,0,53,413921,105963776
simless,6,1,enron_full_001488,no_exact_ref,30378.493,0,44,413921,105963776
simless,4,1,enron_full_001488,no_exact_ref,30378.493,0,44,413921,105963776
simless,5,1,enron_full_001488,no_exact_ref,30378.493,0,44,413921,105963776
simless,4,1,enron_full_001525,exact_ref,29222.220,1,0,413921,105963776
simless,5,1,enron_full_001525,exact_ref,29222.220,1,0,413921,105963776
simless,6,1,enron_full_001525,exact_ref,29222.220,1,0,413921,105963776
simless,5,1,enron_full_002220,exact_ref,29310.724,1,0,413921,105963776
simless,6,1,enron_full_002220,exact_ref,29310.724,1,0,413921,105963776
simless,4,1,enron_full_002220,exact_ref,29310.724,1,0,413921,105963776
simless,6,1,enron_full_004616,exact_ref,27938.113,1,0,413921,105963776
simless,4,1,enron_full_004616,exact_ref,27938.113,1,0,413921,105963776
simless,5,1,enron_full_004616,exact_ref,27938.113,1,0,413921,105963776
simless,4,1,enron_full_005913,exact_ref,27187.201,1,0,413921,105963776
simless,5,1,enron_full_005913,exact_ref,27187.201,1,0,413921,105963776
simless,6,1,enron_full_005913,exact_ref,27187.201,1,0,413921,105963776
simless,5,1,enron_full_006211,exact_ref,26063.780,1,0,413921,105963776
simless,6,1,enron_full_006211,exact_ref,26063.780,1,0,413921,105963776
simless,4,1,enron_full_006211,exact_ref,26063.780,1,0,413921,105963776
simless,6,1,enron_full_006276,exact_ref,26596.517,1,0,413921,105963776
simless,4,1,enron_full_006276,exact_ref,26596.517,1,0,413921,105963776
simless,5,1,enron_full_006276,exact_ref,26596.517,1,0,413921,105963776
simless,4,1,enron_full_006379,no_exact_ref,26996.345,0,93,413921,105963776
simless,5,1,enron_full_006379,no_exact_ref,26996.345,0,93,413921,105963776
simless,6,1,enron_full_006379,no_exact_ref,26996.345,0,93,413921,105963776
simless,5,1,enron_full_006771,exact_ref,27658.545,1,0,413921,105963776
simless,6,1,enron_full_006771,exact_ref,27658.545,1,0,413921,105963776
simless,4,1,enron_full_006771,exact_ref,27658.545,1,0,413921,105963776
simless,6,1,enron_full_007411,no_exact_ref,27446.332,0,92,413921,105963776
simless,4,1,enron_full_007411,no_exact_ref,27446.332,0,92,413921,105963776
simless,5,1,enron_full_007411,no_exact_ref,27446.332,0,92,413921,105963776
simless,4,1,enron_full_008064,exact_ref,27539.465,1,0,413921,105963776
simless,5,1,enron_full_008064,exact_ref,27539.465,1,0,413921,105963776
simless,6,1,enron_full_008064,exact_ref,27539.465,1,0,413921,105963776
simless,5,1,enron_full_008136,no_exact_ref,27057.820,0,16,413921,105963776
simless,6,1,enron_full_008136,no_exact_ref,27057.820,0,16,413921,105963776
simless,4,1,enron_full_008136,no_exact_ref,27057.820,0,16,413921,105963776
simless,6,1,enron_full_008648,exact_ref,27943.035,1,0,413921,105963776
simless,4,1,enron_full_008648,exact_ref,27943.035,1,0,413921,105963776
simless,5,1,enron_full_008648,exact_ref,27943.035,1,0,413921,105963776
simless,4,1,enron_full_008924,exact_ref,27644.115,1,0,413921,105963776
simless,5,1,enron_full_008924,exact_ref,27644.115,1,0,413921,105963776
simless,6,1,enron_full_008924,exact_ref,27644.115,1,0,413921,105963776
simless,5,1,enron_full_009142,exact_ref,29302.651,1,0,413921,105963776
simless,6,1,enron_full_009142,exact_ref,29302.651,1,0,413921,105963776
simless,4,1,enron_full_009142,exact_ref,29302.651,1,0,413921,105963776
simless,6,1,enron_full_009200,exact_ref,28921.445,1,0,413921,105963776
simless,4,1,enron_full_009200,exact_ref,28921.445,1,0,413921,105963776
simless,5,1,enron_full_009200,exact_ref,28921.445,1,0,413921,105963776
simless,4,1,enron_full_009568,no_exact_ref,28419.104,0,91,413921,105963776
simless,5,1,enron_full_009568,no_exact_ref,28419.104,0,91,413921,105963776
simless,6,1,enron_full_009568,no_exact_ref,28419.104,0,91,413921,105963776
simless,5,1,enron_full_009735,no_exact_ref,27455.220,0,94,413921,105963776
simless,6,1,enron_full_009735,no_exact_ref,27455.220,0,94,413921,105963776
simless,4,1,enron_full_009735,no_exact_ref,27455.220,0,94,413921,105963776
simless,6,1,enron_full_011924,exact_ref,27139.623,1,0,413921,105963776
simless,4,1,enron_full_011924,exact_ref,27139.623,1,0,413921,105963776
simless,5,1,enron_full_011924,exact_ref,27139.623,1,0,413921,105963776
simless,4,1,enron_full_012156,exact_ref,27264.888,1,0,413921,105963776
simless,5,1,enron_full_012156,exact_ref,27264.888,1,0,413921,105963776
simless,6,1,enron_full_012156,exact_ref,27264.888,1,0,413921,105963776
simless,5,1,enron_full_012651,exact_ref,28836.777,1,0,413921,105963776
simless,6,1,enron_full_012651,exact_ref,28836.777,1,0,413921,105963776
simless,4,1,enron_full_012651,exact_ref,28836.777,1,0,413921,105963776
simless,6,1,enron_full_013576,exact_ref,28555.959,1,0,413921,105963776
simless,4,1,enron_full_013576,exact_ref,28555.959,1,0,413921,105963776
simless,5,1,enron_full_013576,exact_ref,28555.959,1,0,413921,105963776
simless,4,1,enron_full_013941,exact_ref,28727.120,1,0,413921,105963776
simless,5,1,enron_full_013941,exact_ref,28727.120,1,0,413921,105963776
simless,6,1,enron_full_013941,exact_ref,28727.120,1,0,413921,105963776
simless,5,1,enron_full_014539,exact_ref,27648.498,1,0,413921,105963776
simless,6,1,enron_full_014539,exact_ref,27648.498,1,0,413921,105963776
simless,4,1,enron_full_014539,exact_ref,27648.498,1,0,413921,105963776
simless,6,1,enron_full_014678,exact_ref,27212.411,1,0,413921,105963776
simless,4,1,enron_full_014678,exact_ref,27212.411,1,0,413921,105963776
simless,5,1,enron_full_014678,exact_ref,27212.411,1,0,413921,105963776
simless,4,1,enron_full_015568,exact_ref,26562.164,1,0,413921,105963776
simless,5,1,enron_full_015568,exact_ref,26562.164,1,0,413921,105963776
simless,6,1,enron_full_015568,exact_ref,26562.164,1,0,413921,105963776
simless,5,1,enron_full_015698,exact_ref,26618.698,1,0,413921,105963776
simless,6,1,enron_full_015698,exact_ref,26618.698,1,0,413921,105963776
simless,4,1,enron_full_015698,exact_ref,26618.698,1,0,413921,105963776
simless,6,1,enron_full_016017,exact_ref,29238.851,1,0,413921,105963776
simless,4,1,enron_full_016017,exact_ref,29238.851,1,0,413921,105963776
simless,5,1,enron_full_016017,exact_ref,29238.851,1,0,413921,105963776
simless,4,1,enron_full_017189,exact_ref,29484.025,1,0,413921,105963776
simless,5,1,enron_full_017189,exact_ref,29484.025,1,0,413921,105963776
simless,6,1,enron_full_017189,exact_ref,29484.025,1,0,413921,105963776
simless,5,1,enron_full_018163,no_exact_ref,27490.650,0,73,413921,105963776
simless,6,1,enron_full_018163,no_exact_ref,27490.650,0,73,413921,105963776
simless,4,1,enron_full_018163,no_exact_ref,27490.650,0,73,413921,105963776
simless,6,1,enron_full_018755,exact_ref,26703.046,1,0,413921,105963776
simless,4,1,enron_full_018755,exact_ref,26703.046,1,0,413921,105963776
simless,5,1,enron_full_018755,exact_ref,26703.046,1,0,413921,105963776
simless,4,1,enron_full_019153,exact_ref,27156.877,1,0,413921,105963776
simless,5,1,enron_full_019153,exact_ref,27156.877,1,0,413921,105963776
simless,6,1,enron_full_019153,exact_ref,27156.877,1,0,413921,105963776
simless,5,1,enron_full_019201,exact_ref,26712.635,1,0,413921,105963776
simless,6,1,enron_full_019201,exact_ref,26712.635,1,0,413921,105963776
simless,4,1,enron_full_019201,exact_ref,26712.635,1,0,413921,105963776
simless,6,1,enron_full_019604,no_exact_ref,28542.119,0,92,413921,105963776
simless,4,1,enron_full_019604,no_exact_ref,28542.119,0,92,413921,105963776
simless,5,1,enron_full_019604,no_exact_ref,28542.119,0,92,413921,105963776
simless,4,1,enron_full_019949,exact_ref,29485.595,1,0,413921,105963776
simless,5,1,enron_full_019949,exact_ref,29485.595,1,0,413921,105963776
simless,6,1,enron_full_019949,exact_ref,29485.595,1,0,413921,105963776
simless,5,1,enron_full_020401,no_exact_ref,29316.633,0,50,413921,105963776
simless,6,1,enron_full_020401,no_exact_ref,29316.633,0,50,413921,105963776
simless,4,1,enron_full_020401,no_exact_ref,29316.633,0,50,413921,105963776
simless,6,1,enron_full_020951,exact_ref,27483.071,1,0,413921,105963776
simless,4,1,enron_full_020951,exact_ref,27483.071,1,0,413921,105963776
simless,5,1,enron_full_020951,exact_ref,27483.071,1,0,413921,105963776
simless,4,1,enron_full_021195,exact_ref,26904.425,1,0,413921,105963776
simless,5,1,enron_full_021195,exact_ref,26904.425,1,0,413921,105963776
simless,6,1,enron_full_021195,exact_ref,26904.425,1,0,413921,105963776
simless,5,1,enron_full_021224,exact_ref,26839.253,1,0,413921,105963776
simless,6,1,enron_full_021224,exact_ref,26839.253,1,0,413921,105963776
simless,4,1,enron_full_021224,exact_ref,26839.253,1,0,413921,105963776
simless,6,1,enron_full_021900,exact_ref,27706.304,1,0,413921,105963776
simless,4,1,enron_full_021900,exact_ref,27706.304,1,0,413921,105963776
simless,5,1,enron_full_021900,exact_ref,27706.304,1,0,413921,105963776
simless,4,1,enron_full_022531,exact_ref,29269.493,1,0,413921,105963776
simless,5,1,enron_full_022531,exact_ref,29269.493,1,0,413921,105963776
simless,6,1,enron_full_022531,exact_ref,29269.493,1,0,413921,105963776
simless,5,1,enron_full_022683,exact_ref,29265.218,1,0,413921,105963776
simless,6,1,enron_full_022683,exact_ref,29265.218,1,0,413921,105963776
simless,4,1,enron_full_022683,exact_ref,29265.218,1,0,413921,105963776
simless,6,1,enron_full_022865,exact_ref,30267.055,1,0,413921,105963776
simless,4,1,enron_full_022865,exact_ref,30267.055,1,0,413921,105963776
simless,5,1,enron_full_022865,exact_ref,30267.055,1,0,413921,105963776
simless,4,1,enron_full_022972,exact_ref,29168.103,1,0,413921,105963776
simless,5,1,enron_full_022972,exact_ref,29168.103,1,0,413921,105963776
simless,6,1,enron_full_022972,exact_ref,29168.103,1,0,413921,105963776
simless,5,1,enron_full_024952,no_exact_ref,30042.184,0,72,413921,105963776
simless,6,1,enron_full_024952,no_exact_ref,30042.184,0,72,413921,105963776
simless,4,1,enron_full_024952,no_exact_ref,30042.184,0,72,413921,105963776
simless,6,1,enron_full_025050,exact_ref,29266.883,1,0,413921,105963776
simless,4,1,enron_full_025050,exact_ref,29266.883,1,0,413921,105963776
simless,5,1,enron_full_025050,exact_ref,29266.883,1,0,413921,105963776
simless,4,1,enron_full_026603,exact_ref,27884.576,1,0,413921,105963776
simless,5,1,enron_full_026603,exact_ref,27884.576,1,0,413921,105963776
simless,6,1,enron_full_026603,exact_ref,27884.576,1,0,413921,105963776
simless,5,1,enron_full_026721,exact_ref,27083.256,1,0,413921,105963776
simless,6,1,enron_full_026721,exact_ref,27083.256,1,0,413921,105963776
simless,4,1,enron_full_026721,exact_ref,27083.256,1,0,413921,105963776
simless,6,1,enron_full_027643,exact_ref,28933.890,1,0,413921,105963776
simless,4,1,enron_full_027643,exact_ref,28933.890,1,0,413921,105963776
simless,5,1,enron_full_027643,exact_ref,28933.890,1,0,413921,105963776
simless,4,1,enron_full_027693,exact_ref,28505.127,1,0,413921,105963776
simless,5,1,enron_full_027693,exact_ref,28505.127,1,0,413921,105963776
simless,6,1,enron_full_027693,exact_ref,28505.127,1,0,413921,105963776
simless,5,1,enron_full_027925,exact_ref,28336.172,1,0,413921,105963776
simless,6,1,enron_full_027925,exact_ref,28336.172,1,0,413921,105963776
simless,4,1,enron_full_027925,exact_ref,28336.172,1,0,413921,105963776
simless,6,1,enron_full_028250,exact_ref,28391.697,1,0,413921,105963776
simless,4,1,enron_full_028250,exact_ref,28391.697,1,0,413921,105963776
simless,5,1,enron_full_028250,exact_ref,28391.697,1,0,413921,105963776
simless,4,1,enron_full_028591,exact_ref,30913.029,1,0,413921,105963776
simless,5,1,enron_full_028591,exact_ref,30913.029,1,0,413921,105963776
simless,6,1,enron_full_028591,exact_ref,30913.029,1,0,413921,105963776
simless,5,1,enron_full_028607,no_exact_ref,31100.399,0,91,413921,105963776
simless,6,1,enron_full_028607,no_exact_ref,31100.399,0,91,413921,105963776
simless,4,1,enron_full_028607,no_exact_ref,31100.399,0,91,413921,105963776
simless,6,1,enron_full_029506,no_exact_ref,30322.364,0,90,413921,105963776
simless,4,1,enron_full_029506,no_exact_ref,30322.364,0,90,413921,105963776
simless,5,1,enron_full_029506,no_exact_ref,30322.364,0,90,413921,105963776
simless,4,1,enron_full_030144,exact_ref,27701.429,1,0,413921,105963776
simless,5,1,enron_full_030144,exact_ref,27701.429,1,0,413921,105963776
simless,6,1,enron_full_030144,exact_ref,27701.429,1,0,413921,105963776
simless,5,1,enron_full_031433,exact_ref,29519.513,1,0,413921,105963776
simless,6,1,enron_full_031433,exact_ref,29519.513,1,0,413921,105963776
simless,4,1,enron_full_031433,exact_ref,29519.513,1,0,413921,105963776
simless,6,1,enron_full_031542,exact_ref,28416.263,1,0,413921,105963776
simless,4,1,enron_full_031542,exact_ref,28416.263,1,0,413921,105963776
simless,5,1,enron_full_031542,exact_ref,28416.263,1,0,413921,105963776
simless,4,1,enron_full_031612,exact_ref,26118.547,1,0,413921,105963776
simless,5,1,enron_full_031612,exact_ref,26118.547,1,0,413921,105963776
simless,6,1,enron_full_031612,exact_ref,26118.547,1,0,413921,105963776
simless,5,1,enron_full_031680,exact_ref,28178.393,1,0,413921,105963776
simless,6,1,enron_full_031680,exact_ref,28178.393,1,0,413921,105963776
simless,4,1,enron_full_031680,exact_ref,28178.393,1,0,413921,105963776
simless,6,1,enron_full_032079,no_exact_ref,27730.518,0,49,413921,105963776
simless,4,1,enron_full_032079,no_exact_ref,27730.518,0,49,413921,105963776
simless,5,1,enron_full_032079,no_exact_ref,27730.518,0,49,413921,105963776
simless,4,1,enron_full_032704,exact_ref,26468.352,1,0,413921,105963776
simless,5,1,enron_full_032704,exact_ref,26468.352,1,0,413921,105963776
simless,6,1,enron_full_032704,exact_ref,26468.352,1,0,413921,105963776
simless,5,1,enron_full_033187,no_exact_ref,29224.033,0,13,413921,105963776
simless,6,1,enron_full_033187,no_exact_ref,29224.033,0,13,413921,105963776
simless,4,1,enron_full_033187,no_exact_ref,29224.033,0,13,413921,105963776
simless,6,1,enron_full_033628,no_exact_ref,29768.174,1,0,413921,105963776
simless,4,1,enron_full_033628,no_exact_ref,29768.174,1,0,413921,105963776
simless,5,1,enron_full_033628,no_exact_ref,29768.174,1,0,413921,105963776
simless,4,1,enron_full_034178,no_exact_ref,31108.798,0,93,413921,105963776
simless,5,1,enron_full_034178,no_exact_ref,31108.798,0,93,413921,105963776
simless,6,1,enron_full_034178,no_exact_ref,31108.798,0,93,413921,105963776
simless,5,1,enron_full_034530,no_exact_ref,31239.001,0,36,413921,105963776
simless,6,1,enron_full_034530,no_exact_ref,31239.001,0,36,413921,105963776
simless,4,1,enron_full_034530,no_exact_ref,31239.001,0,36,413921,105963776
simless,6,1,enron_full_035481,no_exact_ref,29369.915,0,51,413921,105963776
simless,4,1,enron_full_035481,no_exact_ref,29369.915,0,51,413921,105963776
simless,5,1,enron_full_035481,no_exact_ref,29369.915,0,51,413921,105963776
simless,4,1,enron_full_035578,no_exact_ref,29132.478,0,30,413921,105963776
simless,5,1,enron_full_035578,no_exact_ref,29132.478,0,30,413921,105963776
simless,6,1,enron_full_035578,no_exact_ref,29132.478,0,30,413921,105963776
simless,5,1,enron_full_035695,no_exact_ref,31732.354,0,47,413921,105963776
simless,6,1,enron_full_035695,no_exact_ref,31732.354,0,47,413921,105963776
simless,4,1,enron_full_035695,no_exact_ref,31732.354,0,47,413921,105963776
simless,6,1,enron_full_035726,no_exact_ref,31222.999,0,37,413921,105963776
simless,4,1,enron_full_035726,no_exact_ref,31222.999,0,37,413921,105963776
simless,5,1,enron_full_035726,no_exact_ref,31222.999,0,37,413921,105963776
simless,4,1,enron_full_035827,no_exact_ref,28195.772,0,85,413921,105963776
simless,5,1,enron_full_035827,no_exact_ref,28195.772,0,85,413921,105963776
simless,6,1,enron_full_035827,no_exact_ref,28195.772,0,85,413921,105963776
simless,5,1,enron_full_035969,no_exact_ref,26803.663,0,89,413921,105963776
simless,6,1,enron_full_035969,no_exact_ref,26803.663,0,89,413921,105963776
simless,4,1,enron_full_035969,no_exact_ref,26803.663,0,89,413921,105963776
simless,6,1,enron_full_035998,no_exact_ref,26736.337,0,38,413921,105963776
simless,4,1,enron_full_035998,no_exact_ref,26736.337,0,38,413921,105963776
simless,5,1,enron_full_035998,no_exact_ref,26736.337,0,38,413921,105963776
simless,4,1,enron_full_038008,no_exact_ref,25629.919,0,69,413921,105963776
simless,5,1,enron_full_038008,no_exact_ref,25629.919,0,69,413921,105963776
simless,6,1,enron_full_038008,no_exact_ref,25629.919,0,69,413921,105963776
simless,5,1,enron_full_040212,no_exact_ref,26799.760,0,46,413921,105963776
simless,6,1,enron_full_040212,no_exact_ref,26799.760,0,46,413921,105963776
simless,4,1,enron_full_040212,no_exact_ref,26799.760,0,46,413921,105963776
simless,6,1,enron_full_040615,exact_ref,26714.472,1,0,413921,105963776
simless,4,1,enron_full_040615,exact_ref,26714.472,1,0,413921,105963776
simless,5,1,enron_full_040615,exact_ref,26714.472,1,0,413921,105963776
simless,4,1,enron_full_041235,exact_ref,26223.292,1,0,413921,105963776
simless,5,1,enron_full_041235,exact_ref,26223.292,1,0,413921,105963776
simless,6,1,enron_full_041235,exact_ref,26223.292,1,0,413921,105963776
simless,5,1,enron_full_042132,exact_ref,27957.913,1,0,413921,105963776
simless,6,1,enron_full_042132,exact_ref,27957.913,1,0,413921,105963776
simless,4,1,enron_full_042132,exact_ref,27957.913,1,0,413921,105963776
simless,6,1,enron_full_045885,exact_ref,31284.073,1,0,413921,105963776
simless,4,1,enron_full_045885,exact_ref,31284.073,1,0,413921,105963776
simless,5,1,enron_full_045885,exact_ref,31284.073,1,0,413921,105963776
simless,4,1,enron_full_046009,exact_ref,28401.214,1,0,413921,105963776
simless,5,1,enron_full_046009,exact_ref,28401.214,1,0,413921,105963776
simless,6,1,enron_full_046009,exact_ref,28401.214,1,0,413921,105963776
simless,5,1,enron_full_046306,exact_ref,27217.439,1,0,413921,105963776
simless,6,1,enron_full_046306,exact_ref,27217.439,1,0,413921,105963776
simless,4,1,enron_full_046306,exact_ref,27217.439,1,0,413921,105963776
simless,6,1,enron_full_046840,exact_ref,26701.585,1,0,413921,105963776
simless,4,1,enron_full_046840,exact_ref,26701.585,1,0,413921,105963776
simless,5,1,enron_full_046840,exact_ref,26701.585,1,0,413921,105963776
simless,4,1,enron_full_047084,no_exact_ref,26806.806,0,46,413921,105963776
simless,5,1,enron_full_047084,no_exact_ref,26806.806,0,46,413921,105963776
simless,6,1,enron_full_047084,no_exact_ref,26806.806,0,46,413921,105963776
simless,5,1,enron_full_047376,exact_ref,36932.980,1,0,413921,105963776
simless,6,1,enron_full_047376,exact_ref,36932.980,1,0,413921,105963776
simless,4,1,enron_full_047376,exact_ref,36932.980,1,0,413921,105963776
simless,6,1,enron_full_047738,exact_ref,32849.127,1,0,413921,105963776
simless,4,1,enron_full_047738,exact_ref,32849.127,1,0,413921,105963776
simless,5,1,enron_full_047738,exact_ref,32849.127,1,0,413921,105963776
simless,4,1,enron_full_047772,no_exact_ref,28180.223,0,41,413921,105963776
simless,5,1,enron_full_047772,no_exact_ref,28180.223,0,41,413921,105963776
simless,6,1,enron_full_047772,no_exact_ref,28180.223,0,41,413921,105963776
simless,5,1,enron_full_048185,no_exact_ref,28158.863,0,91,413921,105963776
simless,6,1,enron_full_048185,no_exact_ref,28158.863,0,91,413921,105963776
simless,4,1,enron_full_048185,no_exact_ref,28158.863,0,91,413921,105963776
simless,6,1,enron_full_048713,no_exact_ref,26504.930,0,86,413921,105963776
simless,4,1,enron_full_048713,no_exact_ref,26504.930,0,86,413921,105963776
simless,5,1,enron_full_048713,no_exact_ref,26504.930,0,86,413921,105963776
simless,4,1,enron_full_049016,no_exact_ref,26902.470,0,83,413921,105963776
simless,5,1,enron_full_049016,no_exact_ref,26902.470,0,83,413921,105963776
simless,6,1,enron_full_049016,no_exact_ref,26902.470,0,83,413921,105963776
simless,5,1,enron_full_049875,no_exact_ref,27244.228,0,50,413921,105963776
simless,6,1,enron_full_049875,no_exact_ref,27244.228,0,50,413921,105963776
simless,4,1,enron_full_049875,no_exact_ref,27244.228,0,50,413921,105963776
simless,6,1,enron_full_050163,exact_ref,29092.034,1,0,413921,105963776
simless,4,1,enron_full_050163,exact_ref,29092.034,1,0,413921,105963776
simless,5,1,enron_full_050163,exact_ref,29092.034,1,0,413921,105963776
simless,4,1,enron_full_050258,exact_ref,29404.474,1,0,413921,105963776
simless,5,1,enron_full_050258,exact_ref,29404.474,1,0,413921,105963776
simless,6,1,enron_full_050258,exact_ref,29404.474,1,0,413921,105963776
simless,5,1,enron_full_050705,no_exact_ref,27977.328,0,34,413921,105963776
simless,6,1,enron_full_050705,no_exact_ref,27977.328,0,34,413921,105963776
simless,4,1,enron_full_050705,no_exact_ref,27977.328,0,34,413921,105963776
simless,6,1,enron_full_050719,no_exact_ref,25967.820,0,59,413921,105963776
simless,4,1,enron_full_050719,no_exact_ref,25967.820,0,59,413921,105963776
simless,5,1,enron_full_050719,no_exact_ref,25967.820,0,59,413921,105963776
simless,4,1,enron_full_051118,no_exact_ref,27145.074,0,94,413921,105963776
simless,5,1,enron_full_051118,no_exact_ref,27145.074,0,94,413921,105963776
simless,6,1,enron_full_051118,no_exact_ref,27145.074,0,94,413921,105963776
simless,5,1,enron_full_051633,no_exact_ref,26457.031,0,54,413921,105963776
simless,6,1,enron_full_051633,no_exact_ref,26457.031,0,54,413921,105963776
simless,4,1,enron_full_051633,no_exact_ref,26457.031,0,54,413921,105963776
simless,6,1,enron_full_052109,exact_ref,26696.779,1,0,413921,105963776
simless,4,1,enron_full_052109,exact_ref,26696.779,1,0,413921,105963776
simless,5,1,enron_full_052109,exact_ref,26696.779,1,0,413921,105963776
simless,4,1,enron_full_052243,exact_ref,27718.105,1,0,413921,105963776
simless,5,1,enron_full_052243,exact_ref,27718.105,1,0,413921,105963776
simless,6,1,enron_full_052243,exact_ref,27718.105,1,0,413921,105963776
simless,5,1,enron_full_052699,no_exact_ref,27164.523,0,88,413921,105963776
simless,6,1,enron_full_052699,no_exact_ref,27164.523,0,88,413921,105963776
simless,4,1,enron_full_052699,no_exact_ref,27164.523,0,88,413921,105963776
simless,6,1,enron_full_052941,no_exact_ref,27116.972,0,92,413921,105963776
simless,4,1,enron_full_052941,no_exact_ref,27116.972,0,92,413921,105963776
simless,5,1,enron_full_052941,no_exact_ref,27116.972,0,92,413921,105963776
simless,4,1,enron_full_053517,no_exact_ref,28426.755,0,50,413921,105963776
simless,5,1,enron_full_053517,no_exact_ref,28426.755,0,50,413921,105963776
simless,6,1,enron_full_053517,no_exact_ref,28426.755,0,50,413921,105963776
simless,5,1,enron_full_053522,no_exact_ref,27141.685,0,92,413921,105963776
simless,6,1,enron_full_053522,no_exact_ref,27141.685,0,92,413921,105963776
simless,4,1,enron_full_053522,no_exact_ref,27141.685,0,92,413921,105963776
simless,6,1,enron_full_054174,no_exact_ref,27385.281,0,94,413921,105963776
simless,4,1,enron_full_054174,no_exact_ref,27385.281,0,94,413921,105963776
simless,5,1,enron_full_054174,no_exact_ref,27385.281,0,94,413921,105963776
simless,4,1,enron_full_055270,no_exact_ref,30582.446,0,89,413921,105963776
simless,5,1,enron_full_055270,no_exact_ref,30582.446,0,89,413921,105963776
simless,6,1,enron_full_055270,no_exact_ref,30582.446,0,89,413921,105963776
simless,5,1,enron_full_055462,exact_ref,30373.622,1,0,413921,105963776
simless,6,1,enron_full_055462,exact_ref,30373.622,1,0,413921,105963776
simless,4,1,enron_full_055462,exact_ref,30373.622,1,0,413921,105963776
simless,6,1,enron_full_056138,exact_ref,29811.184,1,0,413921,105963776
simless,4,1,enron_full_056138,exact_ref,29811.184,1,0,413921,105963776
simless,5,1,enron_full_056138,exact_ref,29811.184,1,0,413921,105963776
simless,4,1,enron_full_056670,exact_ref,29037.547,1,0,413921,105963776
simless,5,1,enron_full_056670,exact_ref,29037.547,1,0,413921,105963776
simless,6,1,enron_full_056670,exact_ref,29037.547,1,0,413921,105963776
simless,5,1,enron_full_056953,no_exact_ref,28343.421,0,44,413921,105963776
simless,6,1,enron_full_056953,no_exact_ref,28343.421,0,44,413921,105963776
simless,4,1,enron_full_056953,no_exact_ref,28343.421,0,44,413921,105963776
simless,6,1,enron_full_057268,exact_ref,26570.700,1,0,413921,105963776
simless,4,1,enron_full_057268,exact_ref,26570.700,1,0,413921,105963776
simless,5,1,enron_full_057268,exact_ref,26570.700,1,0,413921,105963776
simless,4,1,enron_full_057321,no_exact_ref,25986.438,0,51,413921,105963776
simless,5,1,enron_full_057321,no_exact_ref,25986.438,0,51,413921,105963776
simless,6,1,enron_full_057321,no_exact_ref,25986.438,0,51,413921,105963776
simless,5,1,enron_full_057826,no_exact_ref,26367.779,0,89,413921,105963776
simless,6,1,enron_full_057826,no_exact_ref,26367.779,0,89,413921,105963776
simless,4,1,enron_full_057826,no_exact_ref,26367.779,0,89,413921,105963776
simless,6,1,enron_full_058046,exact_ref,25234.381,1,0,413921,105963776
simless,4,1,enron_full_058046,exact_ref,25234.381,1,0,413921,105963776
simless,5,1,enron_full_058046,exact_ref,25234.381,1,0,413921,105963776
simless,4,1,enron_full_058254,exact_ref,26606.519,1,0,413921,105963776
simless,5,1,enron_full_058254,exact_ref,26606.519,1,0,413921,105963776
simless,6,1,enron_full_058254,exact_ref,26606.519,1,0,413921,105963776
simless,5,1,enron_full_058415,no_exact_ref,28394.631,0,82,413921,105963776
simless,6,1,enron_full_058415,no_exact_ref,28394.631,0,82,413921,105963776
simless,4,1,enron_full_058415,no_exact_ref,28394.631,0,82,413921,105963776
simless,6,1,enron_full_059797,exact_ref,27504.461,1,0,413921,105963776
simless,4,1,enron_full_059797,exact_ref,27504.461,1,0,413921,105963776
simless,5,1,enron_full_059797,exact_ref,27504.461,1,0,413921,105963776
simless,4,1,enron_full_060370,exact_ref,28011.403,1,0,413921,105963776
simless,5,1,enron_full_060370,exact_ref,28011.403,1,0,413921,105963776
simless,6,1,enron_full_060370,exact_ref,28011.403,1,0,413921,105963776
simless,5,1,enron_full_060846,exact_ref,42471.483,1,0,413921,105963776
simless,6,1,enron_full_060846,exact_ref,42471.483,1,0,413921,105963776
simless,4,1,enron_full_060846,exact_ref,42471.483,1,0,413921,105963776
simless,6,1,enron_full_062151,exact_ref,28425.456,1,0,413921,105963776
simless,4,1,enron_full_062151,exact_ref,28425.456,1,0,413921,105963776
simless,5,1,enron_full_062151,exact_ref,28425.456,1,0,413921,105963776
simless,4,1,enron_full_062439,exact_ref,28434.748,1,0,413921,105963776
simless,5,1,enron_full_062439,exact_ref,28434.748,1,0,413921,105963776
simless,6,1,enron_full_062439,exact_ref,28434.748,1,0,413921,105963776
simless,5,1,enron_full_063833,exact_ref,26167.823,1,0,413921,105963776
simless,6,1,enron_full_063833,exact_ref,26167.823,1,0,413921,105963776
simless,4,1,enron_full_063833,exact_ref,26167.823,1,0,413921,105963776
simless,6,1,enron_full_063839,exact_ref,27430.692,1,0,413921,105963776
simless,4,1,enron_full_063839,exact_ref,27430.692,1,0,413921,105963776
simless,5,1,enron_full_063839,exact_ref,27430.692,1,0,413921,105963776
simless,4,1,enron_full_064172,exact_ref,27940.877,1,0,413921,105963776
simless,5,1,enron_full_064172,exact_ref,27940.877,1,0,413921,105963776
simless,6,1,enron_full_064172,exact_ref,27940.877,1,0,413921,105963776
simless,5,1,enron_full_064231,exact_ref,26670.708,1,0,413921,105963776
simless,6,1,enron_full_064231,exact_ref,26670.708,1,0,413921,105963776
simless,4,1,enron_full_064231,exact_ref,26670.708,1,0,413921,105963776
simless,6,1,enron_full_064607,exact_ref,28286.870,1,0,413921,105963776
simless,4,1,enron_full_064607,exact_ref,28286.870,1,0,413921,105963776
simless,5,1,enron_full_064607,exact_ref,28286.870,1,0,413921,105963776
simless,4,1,enron_full_065332,exact_ref,28714.019,1,0,413921,105963776
simless,5,1,enron_full_065332,exact_ref,28714.019,1,0,413921,105963776
simless,6,1,enron_full_065332,exact_ref,28714.019,1,0,413921,105963776
simless,5,1,enron_full_065814,exact_ref,27668.687,1,0,413921,105963776
simless,6,1,enron_full_065814,exact_ref,27668.687,1,0,413921,105963776
simless,4,1,enron_full_065814,exact_ref,27668.687,1,0,413921,105963776
simless,6,1,enron_full_066742,no_exact_ref,44902.826,0,37,413921,105963776
simless,4,1,enron_full_066742,no_exact_ref,44902.826,0,37,413921,105963776
simless,5,1,enron_full_066742,no_exact_ref,44902.826,0,37,413921,105963776
simless,4,1,enron_full_067365,exact_ref,30483.848,1,0,413921,105963776
simless,5,1,enron_full_067365,exact_ref,30483.848,1,0,413921,105963776
simless,6,1,enron_full_067365,exact_ref,30483.848,1,0,413921,105963776
simless,5,1,enron_full_067727,exact_ref,29944.768,1,0,413921,105963776
simless,6,1,enron_full_067727,exact_ref,29944.768,1,0,413921,105963776
simless,4,1,enron_full_067727,exact_ref,29944.768,1,0,413921,105963776
simless,6,1,enron_full_067752,exact_ref,29315.033,1,0,413921,105963776
simless,4,1,enron_full_067752,exact_ref,29315.033,1,0,413921,105963776
simless,5,1,enron_full_067752,exact_ref,29315.033,1,0,413921,105963776
simless,4,1,enron_full_068258,no_exact_ref,28096.966,0,92,413921,105963776
simless,5,1,enron_full_068258,no_exact_ref,28096.966,0,92,413921,105963776
simless,6,1,enron_full_068258,no_exact_ref,28096.966,0,92,413921,105963776
simless,5,1,enron_full_068541,no_exact_ref,28282.489,1,1,413921,105963776
simless,6,1,enron_full_068541,no_exact_ref,28282.489,1,1,413921,105963776
simless,4,1,enron_full_068541,no_exact_ref,28282.489,1,1,413921,105963776
simless,6,1,enron_full_068714,no_exact_ref,27935.518,1,0,413921,105963776
simless,4,1,enron_full_068714,no_exact_ref,27935.518,1,0,413921,105963776
simless,5,1,enron_full_068714,no_exact_ref,27935.518,1,0,413921,105963776
simless,4,1,enron_full_068948,no_exact_ref,27705.212,0,58,413921,105963776
simless,5,1,enron_full_068948,no_exact_ref,27705.212,0,58,413921,105963776
simless,6,1,enron_full_068948,no_exact_ref,27705.212,0,58,413921,105963776
simless,5,1,enron_full_069168,exact_ref,27890.146,1,0,413921,105963776
simless,6,1,enron_full_069168,exact_ref,27890.146,1,0,413921,105963776
simless,4,1,enron_full_069168,exact_ref,27890.146,1,0,413921,105963776
simless,6,1,enron_full_069488,no_exact_ref,27941.664,0,21,413921,105963776
simless,4,1,enron_full_069488,no_exact_ref,27941.664,0,21,413921,105963776
simless,5,1,enron_full_069488,no_exact_ref,27941.664,0,21,413921,105963776
simless,4,1,enron_full_070382,no_exact_ref,27541.149,0,90,413921,105963776
simless,5,1,enron_full_070382,no_exact_ref,27541.149,0,90,413921,105963776
simless,6,1,enron_full_070382,no_exact_ref,27541.149,0,90,413921,105963776
simless,5,1,enron_full_071706,exact_ref,27970.034,1,0,413921,105963776
simless,6,1,enron_full_071706,exact_ref,27970.034,1,0,413921,105963776
simless,4,1,enron_full_071706,exact_ref,27970.034,1,0,413921,105963776
simless,6,1,enron_full_071944,exact_ref,29054.017,1,0,413921,105963776
simless,4,1,enron_full_071944,exact_ref,29054.017,1,0,413921,105963776
simless,5,1,enron_full_071944,exact_ref,29054.017,1,0,413921,105963776
simless,4,1,enron_full_072801,exact_ref,35496.084,1,0,413921,105963776
simless,5,1,enron_full_072801,exact_ref,35496.084,1,0,413921,105963776
simless,6,1,enron_full_072801,exact_ref,35496.084,1,0,413921,105963776
simless,5,1,enron_full_073237,exact_ref,29471.731,1,0,413921,105963776
simless,6,1,enron_full_073237,exact_ref,29471.731,1,0,413921,105963776
simless,4,1,enron_full_073237,exact_ref,29471.731,1,0,413921,105963776
simless,6,1,enron_full_075726,exact_ref,29323.436,1,0,413921,105963776
simless,4,1,enron_full_075726,exact_ref,29323.436,1,0,413921,105963776
simless,5,1,enron_full_075726,exact_ref,29323.436,1,0,413921,105963776
simless,4,1,enron_full_076089,exact_ref,28574.774,1,0,413921,105963776
simless,5,1,enron_full_076089,exact_ref,28574.774,1,0,413921,105963776
simless,6,1,enron_full_076089,exact_ref,28574.774,1,0,413921,105963776
simless,5,1,enron_full_078045,no_exact_ref,27910.057,0,94,413921,105963776
simless,6,1,enron_full_078045,no_exact_ref,27910.057,0,94,413921,105963776
simless,4,1,enron_full_078045,no_exact_ref,27910.057,0,94,413921,105963776
simless,6,1,enron_full_078949,exact_ref,27639.650,1,0,413921,105963776
simless,4,1,enron_full_078949,exact_ref,27639.650,1,0,413921,105963776
simless,5,1,enron_full_078949,exact_ref,27639.650,1,0,413921,105963776
simless,4,1,enron_full_080332,no_exact_ref,27747.357,0,85,413921,105963776
simless,5,1,enron_full_080332,no_exact_ref,27747.357,0,85,413921,105963776
simless,6,1,enron_full_080332,no_exact_ref,27747.357,0,85,413921,105963776
simless,5,1,enron_full_080731,exact_ref,28285.724,1,0,413921,105963776
simless,6,1,enron_full_080731,exact_ref,28285.724,1,0,413921,105963776
simless,4,1,enron_full_080731,exact_ref,28285.724,1,0,413921,105963776
simless,6,1,enron_full_081565,exact_ref,28974.342,1,0,413921,105963776
simless,4,1,enron_full_081565,exact_ref,28974.342,1,0,413921,105963776
simless,5,1,enron_full_081565,exact_ref,28974.342,1,0,413921,105963776
simless,4,1,enron_full_081601,exact_ref,28036.707,1,0,413921,105963776
simless,5,1,enron_full_081601,exact_ref,28036.707,1,0,413921,105963776
simless,6,1,enron_full_081601,exact_ref,28036.707,1,0,413921,105963776
simless,5,1,enron_full_081707,exact_ref,28896.290,1,0,413921,105963776
simless,6,1,enron_full_081707,exact_ref,28896.290,1,0,413921,105963776
simless,4,1,enron_full_081707,exact_ref,28896.290,1,0,413921,105963776
simless,6,1,enron_full_082681,no_exact_ref,27868.668,0,92,413921,105963776
simless,4,1,enron_full_082681,no_exact_ref,27868.668,0,92,413921,105963776
simless,5,1,enron_full_082681,no_exact_ref,27868.668,0,92,413921,105963776
simless,4,1,enron_full_085442,exact_ref,27000.673,1,0,413921,105963776
simless,5,1,enron_full_085442,exact_ref,27000.673,1,0,413921,105963776
simless,6,1,enron_full_085442,exact_ref,27000.673,1,0,413921,105963776
simless,5,1,enron_full_085751,exact_ref,27757.417,1,0,413921,105963776
simless,6,1,enron_full_085751,exact_ref,27757.417,1,0,413921,105963776
simless,4,1,enron_full_085751,exact_ref,27757.417,1,0,413921,105963776
simless,6,1,enron_full_086327,no_exact_ref,29157.821,0,12,413921,105963776
simless,4,1,enron_full_086327,no_exact_ref,29157.821,0,12,413921,105963776
simless,5,1,enron_full_086327,no_exact_ref,29157.821,0,12,413921,105963776
simless,4,1,enron_full_087697,no_exact_ref,29281.220,0,40,413921,105963776
simless,5,1,enron_full_087697,no_exact_ref,29281.220,0,40,413921,105963776
simless,6,1,enron_full_087697,no_exact_ref,29281.220,0,40,413921,105963776
simless,5,1,enron_full_088138,exact_ref,28755.773,1,0,413921,105963776
simless,6,1,enron_full_088138,exact_ref,28755.773,1,0,413921,105963776
simless,4,1,enron_full_088138,exact_ref,28755.773,1,0,413921,105963776
simless,6,1,enron_full_088307,exact_ref,29035.344,1,0,413921,105963776
simless,4,1,enron_full_088307,exact_ref,29035.344,1,0,413921,105963776
simless,5,1,enron_full_088307,exact_ref,29035.344,1,0,413921,105963776
simless,4,1,enron_full_088336,exact_ref,31823.321,1,0,413921,105963776
simless,5,1,enron_full_088336,exact_ref,31823.321,1,0,413921,105963776
simless,6,1,enron_full_088336,exact_ref,31823.321,1,0,413921,105963776
simless,5,1,enron_full_089344,exact_ref,28462.304,1,0,413921,105963776
simless,6,1,enron_full_089344,exact_ref,28462.304,1,0,413921,105963776
simless,4,1,enron_full_089344,exact_ref,28462.304,1,0,413921,105963776
simless,6,1,enron_full_089451,exact_ref,29155.393,1,0,413921,105963776
simless,4,1,enron_full_089451,exact_ref,29155.393,1,0,413921,105963776
simless,5,1,enron_full_089451,exact_ref,29155.393,1,0,413921,105963776
simless,4,1,enron_full_090248,exact_ref,28568.153,1,0,413921,105963776
simless,5,1,enron_full_090248,exact_ref,28568.153,1,0,413921,105963776
simless,6,1,enron_full_090248,exact_ref,28568.153,1,0,413921,105963776
simless,5,1,enron_full_091044,exact_ref,29245.414,1,0,413921,105963776
simless,6,1,enron_full_091044,exact_ref,29245.414,1,0,413921,105963776
simless,4,1,enron_full_091044,exact_ref,29245.414,1,0,413921,105963776
simless,6,1,enron_full_091307,exact_ref,28302.370,1,0,413921,105963776
simless,4,1,enron_full_091307,exact_ref,28302.370,1,0,413921,105963776
simless,5,1,enron_full_091307,exact_ref,28302.370,1,0,413921,105963776
simless,4,1,enron_full_092251,no_exact_ref,28753.153,0,92,413921,105963776
simless,5,1,enron_full_092251,no_exact_ref,28753.153,0,92,413921,105963776
simless,6,1,enron_full_092251,no_exact_ref,28753.153,0,92,413921,105963776
simless,5,1,enron_full_092316,no_exact_ref,29417.212,0,72,413921,105963776
simless,6,1,enron_full_092316,no_exact_ref,29417.212,0,72,413921,105963776
simless,4,1,enron_full_092316,no_exact_ref,29417.212,0,72,413921,105963776
simless,6,1,enron_full_092765,no_exact_ref,31286.448,0,93,413921,105963776
simless,4,1,enron_full_092765,no_exact_ref,31286.448,0,93,413921,105963776
simless,5,1,enron_full_092765,no_exact_ref,31286.448,0,93,413921,105963776
simless,4,1,enron_full_093576,no_exact_ref,33154.965,0,91,413921,105963776
simless,5,1,enron_full_093576,no_exact_ref,33154.965,0,91,413921,105963776
simless,6,1,enron_full_093576,no_exact_ref,33154.965,0,91,413921,105963776
simless,5,1,enron_full_094577,exact_ref,32871.464,1,0,413921,105963776
simless,6,1,enron_full_094577,exact_ref,32871.464,1,0,413921,105963776
simless,4,1,enron_full_094577,exact_ref,32871.464,1,0,413921,105963776
simless,6,1,enron_full_094590,no_exact_ref,32719.703,0,21,413921,105963776
simless,4,1,enron_full_094590,no_exact_ref,32719.703,0,21,413921,105963776
simless,5,1,enron_full_094590,no_exact_ref,32719.703,0,21,413921,105963776
simless,4,1,enron_full_094757,no_exact_ref,32860.913,0,45,413921,105963776
simless,5,1,enron_full_094757,no_exact_ref,32860.913,0,45,413921,105963776
simless,6,1,enron_full_094757,no_exact_ref,32860.913,0,45,413921,105963776
simless,5,1,enron_full_095403,exact_ref,45274.309,1,0,413921,105963776
simless,6,1,enron_full_095403,exact_ref,45274.309,1,0,413921,105963776
simless,4,1,enron_full_095403,exact_ref,45274.309,1,0,413921,105963776
simless,6,1,enron_full_096327,exact_ref,32293.230,1,0,413921,105963776
simless,4,1,enron_full_096327,exact_ref,32293.230,1,0,413921,105963776
simless,5,1,enron_full_096327,exact_ref,32293.230,1,0,413921,105963776
simless,4,1,enron_full_096329,exact_ref,31786.738,1,0,413921,105963776
simless,5,1,enron_full_096329,exact_ref,31786.738,1,0,413921,105963776
simless,6,1,enron_full_096329,exact_ref,31786.738,1,0,413921,105963776
simless,5,1,enron_full_098210,exact_ref,31651.581,1,0,413921,105963776
simless,6,1,enron_full_098210,exact_ref,31651.581,1,0,413921,105963776
simless,4,1,enron_full_098210,exact_ref,31651.581,1,0,413921,105963776
simless,6,1,enron_full_098535,exact_ref,31765.568,1,0,413921,105963776
simless,4,1,enron_full_098535,exact_ref,31765.568,1,0,413921,105963776
simless,5,1,enron_full_098535,exact_ref,31765.568,1,0,413921,105963776
simless,4,1,enron_full_098599,exact_ref,42657.593,1,0,413921,105963776
simless,5,1,enron_full_098599,exact_ref,42657.593,1,0,413921,105963776
simless,6,1,enron_full_098599,exact_ref,42657.593,1,0,413921,105963776
simless,5,1,enron_full_098973,exact_ref,37149.161,1,0,413921,105963776
simless,6,1,enron_full_098973,exact_ref,37149.161,1,0,413921,105963776
simless,4,1,enron_full_098973,exact_ref,37149.161,1,0,413921,105963776
simless,6,1,enron_full_099013,exact_ref,28166.029,1,0,413921,105963776
simless,4,1,enron_full_099013,exact_ref,28166.029,1,0,413921,105963776
simless,5,1,enron_full_099013,exact_ref,28166.029,1,0,413921,105963776
simless,4,1,enron_full_099531,exact_ref,27181.749,1,0,413921,105963776
simless,5,1,enron_full_099531,exact_ref,27181.749,1,0,413921,105963776
simless,6,1,enron_full_099531,exact_ref,27181.749,1,0,413921,105963776
simless,5,1,enron_full_100323,exact_ref,27401.124,1,0,413921,105963776
simless,6,1,enron_full_100323,exact_ref,27401.124,1,0,413921,105963776
simless,4,1,enron_full_100323,exact_ref,27401.124,1,0,413921,105963776
simless,6,1,enron_full_100466,exact_ref,27690.742,1,0,413921,105963776
simless,4,1,enron_full_100466,exact_ref,27690.742,1,0,413921,105963776
simless,5,1,enron_full_100466,exact_ref,27690.742,1,0,413921,105963776
simless,4,1,enron_full_101174,exact_ref,27009.358,1,0,413921,105963776
simless,5,1,enron_full_101174,exact_ref,27009.358,1,0,413921,105963776
simless,6,1,enron_full_101174,exact_ref,27009.358,1,0,413921,105963776
simless,5,1,enron_full_101274,exact_ref,27580.126,1,0,413921,105963776
simless,6,1,enron_full_101274,exact_ref,27580.126,1,0,413921,105963776
simless,4,1,enron_full_101274,exact_ref,27580.126,1,0,413921,105963776
simless,6,1,enron_full_102532,exact_ref,26206.070,1,0,413921,105963776
simless,4,1,enron_full_102532,exact_ref,26206.070,1,0,413921,105963776
simless,5,1,enron_full_102532,exact_ref,26206.070,1,0,413921,105963776
simless,4,1,enron_full_102695,exact_ref,27072.529,1,0,413921,105963776
simless,5,1,enron_full_102695,exact_ref,27072.529,1,0,413921,105963776
simless,6,1,enron_full_102695,exact_ref,27072.529,1,0,413921,105963776
simless,5,1,enron_full_102774,exact_ref,27326.083,1,0,413921,105963776
simless,6,1,enron_full_102774,exact_ref,27326.083,1,0,413921,105963776
simless,4,1,enron_full_102774,exact_ref,27326.083,1,0,413921,105963776
simless,6,1,enron_full_103426,exact_ref,27758.660,1,0,413921,105963776
simless,4,1,enron_full_103426,exact_ref,27758.660,1,0,413921,105963776
simless,5,1,enron_full_103426,exact_ref,27758.660,1,0,413921,105963776
simless,4,1,enron_full_103581,exact_ref,29551.030,1,0,413921,105963776
simless,5,1,enron_full_103581,exact_ref,29551.030,1,0,413921,105963776
simless,6,1,enron_full_103581,exact_ref,29551.030,1,0,413921,105963776
simless,5,1,enron_full_104396,no_exact_ref,35387.468,0,37,413921,105963776
simless,6,1,enron_full_104396,no_exact_ref,35387.468,0,37,413921,105963776
simless,4,1,enron_full_104396,no_exact_ref,35387.468,0,37,413921,105963776
simless,6,1,enron_full_104402,exact_ref,31507.126,1,0,413921,105963776
simless,4,1,enron_full_104402,exact_ref,31507.126,1,0,413921,105963776
simless,5,1,enron_full_104402,exact_ref,31507.126,1,0,413921,105963776
simless,4,1,enron_full_104423,no_exact_ref,29454.058,0,56,413921,105963776
simless,5,1,enron_full_104423,no_exact_ref,29454.058,0,56,413921,105963776
simless,6,1,enron_full_104423,no_exact_ref,29454.058,0,56,413921,105963776
simless,5,1,enron_full_104598,exact_ref,26779.905,1,0,413921,105963776
simless,6,1,enron_full_104598,exact_ref,26779.905,1,0,413921,105963776
simless,4,1,enron_full_104598,exact_ref,26779.905,1,0,413921,105963776
simless,6,1,enron_full_105565,exact_ref,27024.022,1,0,413921,105963776
simless,4,1,enron_full_105565,exact_ref,27024.022,1,0,413921,105963776
simless,5,1,enron_full_105565,exact_ref,27024.022,1,0,413921,105963776
simless,4,1,enron_full_105930,exact_ref,27297.370,1,0,413921,105963776
simless,5,1,enron_full_105930,exact_ref,27297.370,1,0,413921,105963776
simless,6,1,enron_full_105930,exact_ref,27297.370,1,0,413921,105963776
simless,5,1,enron_full_106126,exact_ref,25961.279,1,0,413921,105963776
simless,6,1,enron_full_106126,exact_ref,25961.279,1,0,413921,105963776
simless,4,1,enron_full_106126,exact_ref,25961.279,1,0,413921,105963776
simless,6,1,enron_full_106135,exact_ref,26754.646,1,0,413921,105963776
simless,4,1,enron_full_106135,exact_ref,26754.646,1,0,413921,105963776
simless,5,1,enron_full_106135,exact_ref,26754.646,1,0,413921,105963776
simless,4,1,enron_full_108529,exact_ref,26170.932,1,0,413921,105963776
simless,5,1,enron_full_108529,exact_ref,26170.932,1,0,413921,105963776
simless,6,1,enron_full_108529,exact_ref,26170.932,1,0,413921,105963776
simless,5,1,enron_full_108654,exact_ref,26783.099,1,0,413921,105963776
simless,6,1,enron_full_108654,exact_ref,26783.099,1,0,413921,105963776
simless,4,1,enron_full_108654,exact_ref,26783.099,1,0,413921,105963776
simless,6,1,enron_full_108933,exact_ref,27437.839,1,0,413921,105963776
simless,4,1,enron_full_108933,exact_ref,27437.839,1,0,413921,105963776
simless,5,1,enron_full_108933,exact_ref,27437.839,1,0,413921,105963776
simless,4,1,enron_full_108996,exact_ref,25821.803,1,0,413921,105963776
simless,5,1,enron_full_108996,exact_ref,25821.803,1,0,413921,105963776
simless,6,1,enron_full_108996,exact_ref,25821.803,1,0,413921,105963776
simless,5,1,enron_full_109605,exact_ref,27586.359,1,0,413921,105963776
simless,6,1,enron_full_109605,exact_ref,27586.359,1,0,413921,105963776
simless,4,1,enron_full_109605,exact_ref,27586.359,1,0,413921,105963776
simless,6,1,enron_full_110370,exact_ref,31034.548,1,0,413921,105963776
simless,4,1,enron_full_110370,exact_ref,31034.548,1,0,413921,105963776
simless,5,1,enron_full_110370,exact_ref,31034.548,1,0,413921,105963776
simless,4,1,enron_full_111197,no_exact_ref,29631.611,0,64,413921,105963776
simless,5,1,enron_full_111197,no_exact_ref,29631.611,0,64,413921,105963776
simless,6,1,enron_full_111197,no_exact_ref,29631.611,0,64,413921,105963776
simless,5,1,enron_full_111665,exact_ref,28240.174,1,0,413921,105963776
simless,6,1,enron_full_111665,exact_ref,28240.174,1,0,413921,105963776
simless,4,1,enron_full_111665,exact_ref,28240.174,1,0,413921,105963776
simless,6,1,enron_full_111904,exact_ref,27011.014,1,0,413921,105963776
simless,4,1,enron_full_111904,exact_ref,27011.014,1,0,413921,105963776
simless,5,1,enron_full_111904,exact_ref,27011.014,1,0,413921,105963776
simless,4,1,enron_full_112694,exact_ref,26545.049,1,0,413921,105963776
simless,5,1,enron_full_112694,exact_ref,26545.049,1,0,413921,105963776
simless,6,1,enron_full_112694,exact_ref,26545.049,1,0,413921,105963776
simless,5,1,enron_full_113971,exact_ref,28898.064,1,0,413921,105963776
simless,6,1,enron_full_113971,exact_ref,28898.064,1,0,413921,105963776
simless,4,1,enron_full_113971,exact_ref,28898.064,1,0,413921,105963776
simless,6,1,enron_full_114650,exact_ref,29019.626,1,0,413921,105963776
simless,4,1,enron_full_114650,exact_ref,29019.626,1,0,413921,105963776
simless,5,1,enron_full_114650,exact_ref,29019.626,1,0,413921,105963776
simless,4,1,enron_full_115626,no_exact_ref,28953.933,0,94,413921,105963776
simless,5,1,enron_full_115626,no_exact_ref,28953.933,0,94,413921,105963776
simless,6,1,enron_full_115626,no_exact_ref,28953.933,0,94,413921,105963776
simless,5,1,enron_full_116065,exact_ref,28907.097,1,0,413921,105963776
simless,6,1,enron_full_116065,exact_ref,28907.097,1,0,413921,105963776
simless,4,1,enron_full_116065,exact_ref,28907.097,1,0,413921,105963776
simless,6,1,enron_full_116692,exact_ref,28691.225,1,0,413921,105963776
simless,4,1,enron_full_116692,exact_ref,28691.225,1,0,413921,105963776
simless,5,1,enron_full_116692,exact_ref,28691.225,1,0,413921,105963776
simless,4,1,enron_full_117087,exact_ref,28796.644,1,0,413921,105963776
simless,5,1,enron_full_117087,exact_ref,28796.644,1,0,413921,105963776
simless,6,1,enron_full_117087,exact_ref,28796.644,1,0,413921,105963776
simless,5,1,enron_full_117441,exact_ref,27930.707,1,0,413921,105963776
simless,6,1,enron_full_117441,exact_ref,27930.707,1,0,413921,105963776
simless,4,1,enron_full_117441,exact_ref,27930.707,1,0,413921,105963776
simless,6,1,enron_full_117988,exact_ref,28153.209,1,0,413921,105963776
simless,4,1,enron_full_117988,exact_ref,28153.209,1,0,413921,105963776
simless,5,1,enron_full_117988,exact_ref,28153.209,1,0,413921,105963776
simless,4,1,enron_full_118247,exact_ref,29725.047,1,0,413921,105963776
simless,5,1,enron_full_118247,exact_ref,29725.047,1,0,413921,105963776
simless,6,1,enron_full_118247,exact_ref,29725.047,1,0,413921,105963776
simless,5,1,enron_full_118573,exact_ref,28936.634,1,0,413921,105963776
simless,6,1,enron_full_118573,exact_ref,28936.634,1,0,413921,105963776
simless,4,1,enron_full_118573,exact_ref,28936.634,1,0,413921,105963776
simless,6,1,enron_full_119068,exact_ref,27384.057,1,0,413921,105963776
simless,4,1,enron_full_119068,exact_ref,27384.057,1,0,413921,105963776
simless,5,1,enron_full_119068,exact_ref,27384.057,1,0,413921,105963776
simless,4,1,enron_full_119674,no_exact_ref,26769.100,0,69,413921,105963776
simless,5,1,enron_full_119674,no_exact_ref,26769.100,0,69,413921,105963776
simless,6,1,enron_full_119674,no_exact_ref,26769.100,0,69,413921,105963776
simless,5,1,enron_full_119896,no_exact_ref,25923.855,0,25,413921,105963776
simless,6,1,enron_full_119896,no_exact_ref,25923.855,0,25,413921,105963776
simless,4,1,enron_full_119896,no_exact_ref,25923.855,0,25,413921,105963776
simless,6,1,enron_full_120534,exact_ref,25786.929,1,0,413921,105963776
simless,4,1,enron_full_120534,exact_ref,25786.929,1,0,413921,105963776
simless,5,1,enron_full_120534,exact_ref,25786.929,1,0,413921,105963776
simless,4,1,enron_full_120641,exact_ref,26181.667,1,0,413921,105963776
simless,5,1,enron_full_120641,exact_ref,26181.667,1,0,413921,105963776
simless,6,1,enron_full_120641,exact_ref,26181.667,1,0,413921,105963776
simless,5,1,enron_full_120822,exact_ref,26539.021,1,0,413921,105963776
simless,6,1,enron_full_120822,exact_ref,26539.021,1,0,413921,105963776
simless,4,1,enron_full_120822,exact_ref,26539.021,1,0,413921,105963776
simless,6,1,enron_full_121175,exact_ref,26903.317,1,0,413921,105963776
simless,4,1,enron_full_121175,exact_ref,26903.317,1,0,413921,105963776
simless,5,1,enron_full_121175,exact_ref,26903.317,1,0,413921,105963776
simless,4,1,enron_full_122290,no_exact_ref,26741.411,0,28,413921,105963776
simless,5,1,enron_full_122290,no_exact_ref,26741.411,0,28,413921,105963776
simless,6,1,enron_full_122290,no_exact_ref,26741.411,0,28,413921,105963776
simless,5,1,enron_full_122402,no_exact_ref,26311.089,0,90,413921,105963776
simless,6,1,enron_full_122402,no_exact_ref,26311.089,0,90,413921,105963776
simless,4,1,enron_full_122402,no_exact_ref,26311.089,0,90,413921,105963776
simless,6,1,enron_full_123831,exact_ref,26632.016,1,0,413921,105963776
simless,4,1,enron_full_123831,exact_ref,26632.016,1,0,413921,105963776
simless,5,1,enron_full_123831,exact_ref,26632.016,1,0,413921,105963776
simless,4,1,enron_full_124264,exact_ref,27120.644,1,0,413921,105963776
simless,5,1,enron_full_124264,exact_ref,27120.644,1,0,413921,105963776
simless,6,1,enron_full_124264,exact_ref,27120.644,1,0,413921,105963776
simless,5,1,enron_full_124451,exact_ref,29017.818,1,0,413921,105963776
simless,6,1,enron_full_124451,exact_ref,29017.818,1,0,413921,105963776
simless,4,1,enron_full_124451,exact_ref,29017.818,1,0,413921,105963776
simless,6,1,enron_full_126518,exact_ref,28870.580,1,0,413921,105963776
simless,4,1,enron_full_126518,exact_ref,28870.580,1,0,413921,105963776
simless,5,1,enron_full_126518,exact_ref,28870.580,1,0,413921,105963776
simless,4,1,enron_full_128013,no_exact_ref,28310.095,0,23,413921,105963776
simless,5,1,enron_full_128013,no_exact_ref,28310.095,0,23,413921,105963776
simless,6,1,enron_full_128013,no_exact_ref,28310.095,0,23,413921,105963776
simless,5,1,enron_full_128290,no_exact_ref,27787.877,0,41,413921,105963776
simless,6,1,enron_full_128290,no_exact_ref,27787.877,0,41,413921,105963776
simless,4,1,enron_full_128290,no_exact_ref,27787.877,0,41,413921,105963776
simless,6,1,enron_full_128461,exact_ref,28885.553,1,0,413921,105963776
simless,4,1,enron_full_128461,exact_ref,28885.553,1,0,413921,105963776
simless,5,1,enron_full_128461,exact_ref,28885.553,1,0,413921,105963776
simless,4,1,enron_full_129750,exact_ref,28221.625,1,0,413921,105963776
simless,5,1,enron_full_129750,exact_ref,28221.625,1,0,413921,105963776
simless,6,1,enron_full_129750,exact_ref,28221.625,1,0,413921,105963776
simless,5,1,enron_full_129922,exact_ref,27726.432,1,0,413921,105963776
simless,6,1,enron_full_129922,exact_ref,27726.432,1,0,413921,105963776
simless,4,1,enron_full_129922,exact_ref,27726.432,1,0,413921,105963776
simless,6,1,enron_full_129965,exact_ref,27903.118,1,0,413921,105963776
simless,4,1,enron_full_129965,exact_ref,27903.118,1,0,413921,105963776
simless,5,1,enron_full_129965,exact_ref,27903.118,1,0,413921,105963776
simless,4,1,enron_full_130406,exact_ref,25954.210,1,0,413921,105963776
simless,5,1,enron_full_130406,exact_ref,25954.210,1,0,413921,105963776
simless,6,1,enron_full_130406,exact_ref,25954.210,1,0,413921,105963776
simless,5,1,enron_full_130557,exact_ref,26466.265,1,0,413921,105963776
simless,6,1,enron_full_130557,exact_ref,26466.265,1,0,413921,105963776
simless,4,1,enron_full_130557,exact_ref,26466.265,1,0,413921,105963776
simless,6,1,enron_full_130818,exact_ref,27004.562,1,0,413921,105963776
simless,4,1,enron_full_130818,exact_ref,27004.562,1,0,413921,105963776
simless,5,1,enron_full_130818,exact_ref,27004.562,1,0,413921,105963776
simless,4,1,enron_full_131990,exact_ref,26142.118,1,0,413921,105963776
simless,5,1,enron_full_131990,exact_ref,26142.118,1,0,413921,105963776
simless,6,1,enron_full_131990,exact_ref,26142.118,1,0,413921,105963776
simless,5,1,enron_full_132971,exact_ref,27826.920,1,0,413921,105963776
simless,6,1,enron_full_132971,exact_ref,27826.920,1,0,413921,105963776
simless,4,1,enron_full_132971,exact_ref,27826.920,1,0,413921,105963776
simless,6,1,enron_full_133588,exact_ref,29001.167,1,0,413921,105963776
simless,4,1,enron_full_133588,exact_ref,29001.167,1,0,413921,105963776
simless,5,1,enron_full_133588,exact_ref,29001.167,1,0,413921,105963776
simless,4,1,enron_full_133819,exact_ref,29198.409,1,0,413921,105963776
simless,5,1,enron_full_133819,exact_ref,29198.409,1,0,413921,105963776
simless,6,1,enron_full_133819,exact_ref,29198.409,1,0,413921,105963776
simless,5,1,enron_full_134727,no_exact_ref,28976.392,0,90,413921,105963776
simless,6,1,enron_full_134727,no_exact_ref,28976.392,0,90,413921,105963776
simless,4,1,enron_full_134727,no_exact_ref,28976.392,0,90,413921,105963776
simless,6,1,enron_full_136330,exact_ref,29009.592,1,0,413921,105963776
simless,4,1,enron_full_136330,exact_ref,29009.592,1,0,413921,105963776
simless,5,1,enron_full_136330,exact_ref,29009.592,1,0,413921,105963776
simless,4,1,enron_full_137531,exact_ref,27701.657,1,0,413921,105963776
simless,5,1,enron_full_137531,exact_ref,27701.657,1,0,413921,105963776
simless,6,1,enron_full_137531,exact_ref,27701.657,1,0,413921,105963776
simless,5,1,enron_full_137711,exact_ref,26713.467,1,0,413921,105963776
simless,6,1,enron_full_137711,exact_ref,26713.467,1,0,413921,105963776
simless,4,1,enron_full_137711,exact_ref,26713.467,1,0,413921,105963776
simless,6,1,enron_full_139013,no_exact_ref,26899.121,0,92,413921,105963776
simless,4,1,enron_full_139013,no_exact_ref,26899.121,0,92,413921,105963776
simless,5,1,enron_full_139013,no_exact_ref,26899.121,0,92,413921,105963776
simless,4,1,enron_full_139188,exact_ref,25797.186,1,0,413921,105963776
simless,5,1,enron_full_139188,exact_ref,25797.186,1,0,413921,105963776
simless,6,1,enron_full_139188,exact_ref,25797.186,1,0,413921,105963776
simless,5,1,enron_full_139197,exact_ref,26856.066,1,0,413921,105963776
simless,6,1,enron_full_139197,exact_ref,26856.066,1,0,413921,105963776
simless,4,1,enron_full_139197,exact_ref,26856.066,1,0,413921,105963776
simless,6,1,enron_full_139486,exact_ref,26741.181,1,0,413921,105963776
simless,4,1,enron_full_139486,exact_ref,26741.181,1,0,413921,105963776
simless,5,1,enron_full_139486,exact_ref,26741.181,1,0,413921,105963776
simless,4,1,enron_full_140225,no_exact_ref,26015.747,0,14,413921,105963776
simless,5,1,enron_full_140225,no_exact_ref,26015.747,0,14,413921,105963776
simless,6,1,enron_full_140225,no_exact_ref,26015.747,0,14,413921,105963776
simless,5,1,enron_full_140420,exact_ref,27120.832,1,0,413921,105963776
simless,6,1,enron_full_140420,exact_ref,27120.832,1,0,413921,105963776
simless,4,1,enron_full_140420,exact_ref,27120.832,1,0,413921,105963776
simless,6,1,enron_full_140552,exact_ref,31925.290,1,0,413921,105963776
simless,4,1,enron_full_140552,exact_ref,31925.290,1,0,413921,105963776
simless,5,1,enron_full_140552,exact_ref,31925.290,1,0,413921,105963776
simless,4,1,enron_full_140885,exact_ref,32565.766,1,0,413921,105963776
simless,5,1,enron_full_140885,exact_ref,32565.766,1,0,413921,105963776
simless,6,1,enron_full_140885,exact_ref,32565.766,1,0,413921,105963776
simless,5,1,enron_full_141161,no_exact_ref,29399.834,0,78,413921,105963776
simless,6,1,enron_full_141161,no_exact_ref,29399.834,0,78,413921,105963776
simless,4,1,enron_full_141161,no_exact_ref,29399.834,0,78,413921,105963776
simless,6,1,enron_full_141985,exact_ref,27664.553,1,0,413921,105963776
simless,4,1,enron_full_141985,exact_ref,27664.553,1,0,413921,105963776
simless,5,1,enron_full_141985,exact_ref,27664.553,1,0,413921,105963776
simless,4,1,enron_full_142230,exact_ref,26076.537,1,0,413921,105963776
simless,5,1,enron_full_142230,exact_ref,26076.537,1,0,413921,105963776
simless,6,1,enron_full_142230,exact_ref,26076.537,1,0,413921,105963776
simless,5,1,enron_full_142612,exact_ref,26133.224,1,0,413921,105963776
simless,6,1,enron_full_142612,exact_ref,26133.224,1,0,413921,105963776
simless,4,1,enron_full_142612,exact_ref,26133.224,1,0,413921,105963776
simless,6,1,enron_full_143076,exact_ref,27188.287,1,0,413921,105963776
simless,4,1,enron_full_143076,exact_ref,27188.287,1,0,413921,105963776
simless,5,1,enron_full_143076,exact_ref,27188.287,1,0,413921,105963776
simless,4,1,enron_full_144720,no_exact_ref,26471.519,0,13,413921,105963776
simless,5,1,enron_full_144720,no_exact_ref,26471.519,0,13,413921,105963776
simless,6,1,enron_full_144720,no_exact_ref,26471.519,0,13,413921,105963776
simless,5,1,enron_full_144759,no_exact_ref,30142.173,0,74,413921,105963776
simless,6,1,enron_full_144759,no_exact_ref,30142.173,0,74,413921,105963776
simless,4,1,enron_full_144759,no_exact_ref,30142.173,0,74,413921,105963776
simless,6,1,enron_full_145061,exact_ref,29182.743,1,0,413921,105963776
simless,4,1,enron_full_145061,exact_ref,29182.743,1,0,413921,105963776
simless,5,1,enron_full_145061,exact_ref,29182.743,1,0,413921,105963776
simless,4,1,enron_full_146696,exact_ref,26862.960,1,0,413921,105963776
simless,5,1,enron_full_146696,exact_ref,26862.960,1,0,413921,105963776
simless,6,1,enron_full_146696,exact_ref,26862.960,1,0,413921,105963776
simless,5,1,enron_full_148007,exact_ref,26375.400,1,0,413921,105963776
simless,6,1,enron_full_148007,exact_ref,26375.400,1,0,413921,105963776
simless,4,1,enron_full_148007,exact_ref,26375.400,1,0,413921,105963776
simless,6,1,enron_full_148315,exact_ref,27023.052,1,0,413921,105963776
simless,4,1,enron_full_148315,exact_ref,27023.052,1,0,413921,105963776
simless,5,1,enron_full_148315,exact_ref,27023.052,1,0,413921,105963776
simless,4,1,enron_full_148338,exact_ref,31033.600,1,0,413921,105963776
simless,5,1,enron_full_148338,exact_ref,31033.600,1,0,413921,105963776
simless,6,1,enron_full_148338,exact_ref,31033.600,1,0,413921,105963776
simless,5,1,enron_full_149174,exact_ref,34389.293,1,0,413921,105963776
simless,6,1,enron_full_149174,exact_ref,34389.293,1,0,413921,105963776
simless,4,1,enron_full_149174,exact_ref,34389.293,1,0,413921,105963776
simless,6,1,enron_full_149842,exact_ref,28428.940,1,0,413921,105963776
simless,4,1,enron_full_149842,exact_ref,28428.940,1,0,413921,105963776
simless,5,1,enron_full_149842,exact_ref,28428.940,1,0,413921,105963776
simless,4,1,enron_full_150562,exact_ref,28222.919,1,0,413921,105963776
simless,5,1,enron_full_150562,exact_ref,28222.919,1,0,413921,105963776
simless,6,1,enron_full_150562,exact_ref,28222.919,1,0,413921,105963776
simless,5,1,enron_full_151773,no_exact_ref,27566.357,0,59,413921,105963776
simless,6,1,enron_full_151773,no_exact_ref,27566.357,0,59,413921,105963776
simless,4,1,enron_full_151773,no_exact_ref,27566.357,0,59,413921,105963776
simless,6,1,enron_full_152307,exact_ref,27099.958,1,0,413921,105963776
simless,4,1,enron_full_152307,exact_ref,27099.958,1,0,413921,105963776
simless,5,1,enron_full_152307,exact_ref,27099.958,1,0,413921,105963776
simless,4,1,enron_full_152987,exact_ref,28563.154,1,0,413921,105963776
simless,5,1,enron_full_152987,exact_ref,28563.154,1,0,413921,105963776
simless,6,1,enron_full_152987,exact_ref,28563.154,1,0,413921,105963776
simless,5,1,enron_full_153167,exact_ref,27483.165,1,0,413921,105963776
simless,6,1,enron_full_153167,exact_ref,27483.165,1,0,413921,105963776
simless,4,1,enron_full_153167,exact_ref,27483.165,1,0,413921,105963776
simless,6,1,enron_full_154125,no_exact_ref,32328.499,0,11,413921,105963776
simless,4,1,enron_full_154125,no_exact_ref,32328.499,0,11,413921,105963776
simless,5,1,enron_full_154125,no_exact_ref,32328.499,0,11,413921,105963776
simless,4,1,enron_full_154648,no_exact_ref,28560.916,0,86,413921,105963776
simless,5,1,enron_full_154648,no_exact_ref,28560.916,0,86,413921,105963776
simless,6,1,enron_full_154648,no_exact_ref,28560.916,0,86,413921,105963776
simless,5,1,enron_full_155829,exact_ref,28998.606,1,0,413921,105963776
simless,6,1,enron_full_155829,exact_ref,28998.606,1,0,413921,105963776
simless,4,1,enron_full_155829,exact_ref,28998.606,1,0,413921,105963776
simless,6,1,enron_full_156626,exact_ref,28739.362,1,0,413921,105963776
simless,4,1,enron_full_156626,exact_ref,28739.362,1,0,413921,105963776
simless,5,1,enron_full_156626,exact_ref,28739.362,1,0,413921,105963776
simless,4,1,enron_full_156811,exact_ref,39053.645,1,0,413921,105963776
simless,5,1,enron_full_156811,exact_ref,39053.645,1,0,413921,105963776
simless,6,1,enron_full_156811,exact_ref,39053.645,1,0,413921,105963776
simless,5,1,enron_full_158640,exact_ref,37208.407,1,0,413921,105963776
simless,6,1,enron_full_158640,exact_ref,37208.407,1,0,413921,105963776
simless,4,1,enron_full_158640,exact_ref,37208.407,1,0,413921,105963776
simless,6,1,enron_full_159222,exact_ref,28837.166,1,0,413921,105963776
simless,4,1,enron_full_159222,exact_ref,28837.166,1,0,413921,105963776
simless,5,1,enron_full_159222,exact_ref,28837.166,1,0,413921,105963776
simless,4,1,enron_full_159570,exact_ref,26846.200,1,0,413921,105963776
simless,5,1,enron_full_159570,exact_ref,26846.200,1,0,413921,105963776
simless,6,1,enron_full_159570,exact_ref,26846.200,1,0,413921,105963776
simless,5,1,enron_full_159687,exact_ref,26461.050,1,0,413921,105963776
simless,6,1,enron_full_159687,exact_ref,26461.050,1,0,413921,105963776
simless,4,1,enron_full_159687,exact_ref,26461.050,1,0,413921,105963776
simless,6,1,enron_full_161067,exact_ref,27024.681,1,0,413921,105963776
simless,4,1,enron_full_161067,exact_ref,27024.681,1,0,413921,105963776
simless,5,1,enron_full_161067,exact_ref,27024.681,1,0,413921,105963776
simless,4,1,enron_full_161301,exact_ref,26815.697,1,0,413921,105963776
simless,5,1,enron_full_161301,exact_ref,26815.697,1,0,413921,105963776
simless,6,1,enron_full_161301,exact_ref,26815.697,1,0,413921,105963776
simless,5,1,enron_full_161404,exact_ref,27207.313,1,0,413921,105963776
simless,6,1,enron_full_161404,exact_ref,27207.313,1,0,413921,105963776
simless,4,1,enron_full_161404,exact_ref,27207.313,1,0,413921,105963776
simless,6,1,enron_full_161839,no_exact_ref,26862.637,0,88,413921,105963776
simless,4,1,enron_full_161839,no_exact_ref,26862.637,0,88,413921,105963776
simless,5,1,enron_full_161839,no_exact_ref,26862.637,0,88,413921,105963776
simless,4,1,enron_full_162338,exact_ref,26359.695,1,0,413921,105963776
simless,5,1,enron_full_162338,exact_ref,26359.695,1,0,413921,105963776
simless,6,1,enron_full_162338,exact_ref,26359.695,1,0,413921,105963776
simless,5,1,enron_full_163700,no_exact_ref,26857.922,0,45,413921,105963776
simless,6,1,enron_full_163700,no_exact_ref,26857.922,0,45,413921,105963776
simless,4,1,enron_full_163700,no_exact_ref,26857.922,0,45,413921,105963776
simless,6,1,enron_full_163994,exact_ref,27513.546,1,0,413921,105963776
simless,4,1,enron_full_163994,exact_ref,27513.546,1,0,413921,105963776
simless,5,1,enron_full_163994,exact_ref,27513.546,1,0,413921,105963776
simless,4,1,enron_full_164128,no_exact_ref,27557.068,0,19,413921,105963776
simless,5,1,enron_full_164128,no_exact_ref,27557.068,0,19,413921,105963776
simless,6,1,enron_full_164128,no_exact_ref,27557.068,0,19,413921,105963776
simless,5,1,enron_full_164251,exact_ref,29945.955,1,0,413921,105963776
simless,6,1,enron_full_164251,exact_ref,29945.955,1,0,413921,105963776
simless,4,1,enron_full_164251,exact_ref,29945.955,1,0,413921,105963776
simless,6,1,enron_full_164751,no_exact_ref,31536.090,0,92,413921,105963776
simless,4,1,enron_full_164751,no_exact_ref,31536.090,0,92,413921,105963776
simless,5,1,enron_full_164751,no_exact_ref,31536.090,0,92,413921,105963776
simless,4,1,enron_full_164805,no_exact_ref,28132.363,0,94,413921,105963776
simless,5,1,enron_full_164805,no_exact_ref,28132.363,0,94,413921,105963776
simless,6,1,enron_full_164805,no_exact_ref,28132.363,0,94,413921,105963776
simless,5,1,enron_full_165550,no_exact_ref,32939.279,0,89,413921,105963776
simless,6,1,enron_full_165550,no_exact_ref,32939.279,0,89,413921,105963776
simless,4,1,enron_full_165550,no_exact_ref,32939.279,0,89,413921,105963776
simless,6,1,enron_full_165951,exact_ref,28653.512,1,0,413921,105963776
simless,4,1,enron_full_165951,exact_ref,28653.512,1,0,413921,105963776
simless,5,1,enron_full_165951,exact_ref,28653.512,1,0,413921,105963776
simless,4,1,enron_full_167260,exact_ref,28856.499,1,0,413921,105963776
simless,5,1,enron_full_167260,exact_ref,28856.499,1,0,413921,105963776
simless,6,1,enron_full_167260,exact_ref,28856.499,1,0,413921,105963776
simless,5,1,enron_full_168469,exact_ref,28381.890,1,0,413921,105963776
simless,6,1,enron_full_168469,exact_ref,28381.890,1,0,413921,105963776
simless,4,1,enron_full_168469,exact_ref,28381.890,1,0,413921,105963776
simless,6,1,enron_full_168971,exact_ref,27827.593,1,0,413921,105963776
simless,4,1,enron_full_168971,exact_ref,27827.593,1,0,413921,105963776
simless,5,1,enron_full_168971,exact_ref,27827.593,1,0,413921,105963776
simless,4,1,enron_full_170176,no_exact_ref,27383.509,0,92,413921,105963776
simless,5,1,enron_full_170176,no_exact_ref,27383.509,0,92,413921,105963776
simless,6,1,enron_full_170176,no_exact_ref,27383.509,0,92,413921,105963776
simless,5,1,enron_full_170711,exact_ref,27685.394,1,0,413921,105963776
simless,6,1,enron_full_170711,exact_ref,27685.394,1,0,413921,105963776
simless,4,1,enron_full_170711,exact_ref,27685.394,1,0,413921,105963776
simless,6,1,enron_full_170765,exact_ref,27459.351,1,0,413921,105963776
simless,4,1,enron_full_170765,exact_ref,27459.351,1,0,413921,105963776
simless,5,1,enron_full_170765,exact_ref,27459.351,1,0,413921,105963776
simless,4,1,enron_full_170860,no_exact_ref,27276.987,0,85,413921,105963776
simless,5,1,enron_full_170860,no_exact_ref,27276.987,0,85,413921,105963776
simless,6,1,enron_full_170860,no_exact_ref,27276.987,0,85,413921,105963776
simless,5,1,enron_full_171509,exact_ref,30024.828,1,0,413921,105963776
simless,6,1,enron_full_171509,exact_ref,30024.828,1,0,413921,105963776
simless,4,1,enron_full_171509,exact_ref,30024.828,1,0,413921,105963776
simless,6,1,enron_full_171797,no_exact_ref,35042.885,0,87,413921,105963776
simless,4,1,enron_full_171797,no_exact_ref,35042.885,0,87,413921,105963776
simless,5,1,enron_full_171797,no_exact_ref,35042.885,0,87,413921,105963776
simless,4,1,enron_full_172609,no_exact_ref,29040.051,0,93,413921,105963776
simless,5,1,enron_full_172609,no_exact_ref,29040.051,0,93,413921,105963776
simless,6,1,enron_full_172609,no_exact_ref,29040.051,0,93,413921,105963776
simless,5,1,enron_full_174436,exact_ref,27494.908,1,0,413921,105963776
simless,6,1,enron_full_174436,exact_ref,27494.908,1,0,413921,105963776
simless,4,1,enron_full_174436,exact_ref,27494.908,1,0,413921,105963776
simless,6,1,enron_full_174861,exact_ref,27413.352,1,0,413921,105963776
simless,4,1,enron_full_174861,exact_ref,27413.352,1,0,413921,105963776
simless,5,1,enron_full_174861,exact_ref,27413.352,1,0,413921,105963776
simless,4,1,enron_full_175011,no_exact_ref,27824.077,0,47,413921,105963776
simless,5,1,enron_full_175011,no_exact_ref,27824.077,0,47,413921,105963776
simless,6,1,enron_full_175011,no_exact_ref,27824.077,0,47,413921,105963776
simless,5,1,enron_full_176124,exact_ref,27283.450,1,0,413921,105963776
simless,6,1,enron_full_176124,exact_ref,27283.450,1,0,413921,105963776
simless,4,1,enron_full_176124,exact_ref,27283.450,1,0,413921,105963776
simless,6,1,enron_full_176753,exact_ref,27844.233,1,0,413921,105963776
simless,4,1,enron_full_176753,exact_ref,27844.233,1,0,413921,105963776
simless,5,1,enron_full_176753,exact_ref,27844.233,1,0,413921,105963776
simless,4,1,enron_full_178212,exact_ref,27546.166,1,0,413921,105963776
simless,5,1,enron_full_178212,exact_ref,27546.166,1,0,413921,105963776
simless,6,1,enron_full_178212,exact_ref,27546.166,1,0,413921,105963776
simless,5,1,enron_full_178550,exact_ref,27139.543,1,0,413921,105963776
simless,6,1,enron_full_178550,exact_ref,27139.543,1,0,413921,105963776
simless,4,1,enron_full_178550,exact_ref,27139.543,1,0,413921,105963776
simless,6,1,enron_full_179413,exact_ref,30808.358,1,0,413921,105963776
simless,4,1,enron_full_179413,exact_ref,30808.358,1,0,413921,105963776
simless,5,1,enron_full_179413,exact_ref,30808.358,1,0,413921,105963776
simless,4,1,enron_full_179791,exact_ref,33613.538,1,0,413921,105963776
simless,5,1,enron_full_179791,exact_ref,33613.538,1,0,413921,105963776
simless,6,1,enron_full_179791,exact_ref,33613.538,1,0,413921,105963776
simless,5,1,enron_full_180640,exact_ref,34794.640,1,0,413921,105963776
simless,6,1,enron_full_180640,exact_ref,34794.640,1,0,413921,105963776
simless,4,1,enron_full_180640,exact_ref,34794.640,1,0,413921,105963776
simless,6,1,enron_full_181037,exact_ref,35430.684,1,0,413921,105963776
simless,4,1,enron_full_181037,exact_ref,35430.684,1,0,413921,105963776
simless,5,1,enron_full_181037,exact_ref,35430.684,1,0,413921,105963776
simless,4,1,enron_full_181456,exact_ref,31729.637,1,0,413921,105963776
simless,5,1,enron_full_181456,exact_ref,31729.637,1,0,413921,105963776
simless,6,1,enron_full_181456,exact_ref,31729.637,1,0,413921,105963776
simless,5,1,enron_full_181872,exact_ref,28024.224,1,0,413921,105963776
simless,6,1,enron_full_181872,exact_ref,28024.224,1,0,413921,105963776
simless,4,1,enron_full_181872,exact_ref,28024.224,1,0,413921,105963776
simless,6,1,enron_full_181885,exact_ref,27245.383,1,0,413921,105963776
simless,4,1,enron_full_181885,exact_ref,27245.383,1,0,413921,105963776
simless,5,1,enron_full_181885,exact_ref,27245.383,1,0,413921,105963776
simless,4,1,enron_full_182915,exact_ref,26314.364,1,0,413921,105963776
simless,5,1,enron_full_182915,exact_ref,26314.364,1,0,413921,105963776
simless,6,1,enron_full_182915,exact_ref,26314.364,1,0,413921,105963776
simless,5,1,enron_full_182942,exact_ref,26741.337,1,0,413921,105963776
simless,6,1,enron_full_182942,exact_ref,26741.337,1,0,413921,105963776
simless,4,1,enron_full_182942,exact_ref,26741.337,1,0,413921,105963776
simless,6,1,enron_full_183169,exact_ref,27569.074,1,0,413921,105963776
simless,4,1,enron_full_183169,exact_ref,27569.074,1,0,413921,105963776
simless,5,1,enron_full_183169,exact_ref,27569.074,1,0,413921,105963776
simless,4,1,enron_full_183297,exact_ref,26744.118,1,0,413921,105963776
simless,5,1,enron_full_183297,exact_ref,26744.118,1,0,413921,105963776
simless,6,1,enron_full_183297,exact_ref,26744.118,1,0,413921,105963776
simless,5,1,enron_full_183379,exact_ref,27822.871,1,0,413921,105963776
simless,6,1,enron_full_183379,exact_ref,27822.871,1,0,413921,105963776
simless,4,1,enron_full_183379,exact_ref,27822.871,1,0,413921,105963776
simless,6,1,enron_full_183388,exact_ref,26306.664,1,0,413921,105963776
simless,4,1,enron_full_183388,exact_ref,26306.664,1,0,413921,105963776
simless,5,1,enron_full_183388,exact_ref,26306.664,1,0,413921,105963776
simless,4,1,enron_full_183934,exact_ref,26718.952,1,0,413921,105963776
simless,5,1,enron_full_183934,exact_ref,26718.952,1,0,413921,105963776
simless,6,1,enron_full_183934,exact_ref,26718.952,1,0,413921,105963776
simless,5,1,enron_full_184508,exact_ref,27440.032,1,0,413921,105963776
simless,6,1,enron_full_184508,exact_ref,27440.032,1,0,413921,105963776
simless,4,1,enron_full_184508,exact_ref,27440.032,1,0,413921,105963776
simless,6,1,enron_full_185731,no_exact_ref,28876.019,0,87,413921,105963776
simless,4,1,enron_full_185731,no_exact_ref,28876.019,0,87,413921,105963776
simless,5,1,enron_full_185731,no_exact_ref,28876.019,0,87,413921,105963776
simless,4,1,enron_full_186258,exact_ref,29614.201,1,0,413921,105963776
simless,5,1,enron_full_186258,exact_ref,29614.201,1,0,413921,105963776
simless,6,1,enron_full_186258,exact_ref,29614.201,1,0,413921,105963776
simless,5,1,enron_full_186778,exact_ref,28042.976,1,0,413921,105963776
simless,6,1,enron_full_186778,exact_ref,28042.976,1,0,413921,105963776
simless,4,1,enron_full_186778,exact_ref,28042.976,1,0,413921,105963776
simless,6,1,enron_full_187181,exact_ref,26831.348,1,0,413921,105963776
simless,4,1,enron_full_187181,exact_ref,26831.348,1,0,413921,105963776
simless,5,1,enron_full_187181,exact_ref,26831.348,1,0,413921,105963776
simless,4,1,enron_full_187432,exact_ref,26593.462,1,0,413921,105963776
simless,5,1,enron_full_187432,exact_ref,26593.462,1,0,413921,105963776
simless,6,1,enron_full_187432,exact_ref,26593.462,1,0,413921,105963776
simless,5,1,enron_full_187706,exact_ref,27215.523,1,0,413921,105963776
simless,6,1,enron_full_187706,exact_ref,27215.523,1,0,413921,105963776
simless,4,1,enron_full_187706,exact_ref,27215.523,1,0,413921,105963776
simless,6,1,enron_full_188453,exact_ref,26761.563,1,0,413921,105963776
simless,4,1,enron_full_188453,exact_ref,26761.563,1,0,413921,105963776
simless,5,1,enron_full_188453,exact_ref,26761.563,1,0,413921,105963776
simless,4,1,enron_full_189842,exact_ref,28496.936,1,0,413921,105963776
simless,5,1,enron_full_189842,exact_ref,28496.936,1,0,413921,105963776
simless,6,1,enron_full_189842,exact_ref,28496.936,1,0,413921,105963776
simless,5,1,enron_full_189980,exact_ref,31037.018,1,0,413921,105963776
simless,6,1,enron_full_189980,exact_ref,31037.018,1,0,413921,105963776
simless,4,1,enron_full_189980,exact_ref,31037.018,1,0,413921,105963776
simless,6,1,enron_full_191466,exact_ref,30305.888,1,0,413921,105963776
simless,4,1,enron_full_191466,exact_ref,30305.888,1,0,413921,105963776
simless,5,1,enron_full_191466,exact_ref,30305.888,1,0,413921,105963776
simless,4,1,enron_full_191744,no_exact_ref,32606.804,0,17,413921,105963776
simless,5,1,enron_full_191744,no_exact_ref,32606.804,0,17,413921,105963776
simless,6,1,enron_full_191744,no_exact_ref,32606.804,0,17,413921,105963776
simless,5,1,enron_full_191882,exact_ref,25912.227,1,0,413921,105963776
simless,6,1,enron_full_191882,exact_ref,25912.227,1,0,413921,105963776
simless,4,1,enron_full_191882,exact_ref,25912.227,1,0,413921,105963776
simless,6,1,enron_full_193162,exact_ref,27453.290,1,0,413921,105963776
simless,4,1,enron_full_193162,exact_ref,27453.290,1,0,413921,105963776
simless,5,1,enron_full_193162,exact_ref,27453.290,1,0,413921,105963776
simless,4,1,enron_full_195402,exact_ref,29041.130,1,0,413921,105963776
simless,5,1,enron_full_195402,exact_ref,29041.130,1,0,413921,105963776
simless,6,1,enron_full_195402,exact_ref,29041.130,1,0,413921,105963776
simless,5,1,enron_full_195600,exact_ref,28505.625,1,0,413921,105963776
simless,6,1,enron_full_195600,exact_ref,28505.625,1,0,413921,105963776
simless,4,1,enron_full_195600,exact_ref,28505.625,1,0,413921,105963776
simless,6,1,enron_full_195759,exact_ref,26944.749,1,0,413921,105963776
simless,4,1,enron_full_195759,exact_ref,26944.749,1,0,413921,105963776
simless,5,1,enron_full_195759,exact_ref,26944.749,1,0,413921,105963776
simless,4,1,enron_full_196134,exact_ref,26022.519,1,0,413921,105963776
simless,5,1,enron_full_196134,exact_ref,26022.519,1,0,413921,105963776
simless,6,1,enron_full_196134,exact_ref,26022.519,1,0,413921,105963776
simless,5,1,enron_full_197175,exact_ref,26723.220,1,0,413921,105963776
simless,6,1,enron_full_197175,exact_ref,26723.220,1,0,413921,105963776
simless,4,1,enron_full_197175,exact_ref,26723.220,1,0,413921,105963776
simless,6,1,enron_full_197216,exact_ref,26759.726,1,0,413921,105963776
simless,4,1,enron_full_197216,exact_ref,26759.726,1,0,413921,105963776
simless,5,1,enron_full_197216,exact_ref,26759.726,1,0,413921,105963776
simless,4,1,enron_full_197678,exact_ref,26066.423,1,0,413921,105963776
simless,5,1,enron_full_197678,exact_ref,26066.423,1,0,413921,105963776
simless,6,1,enron_full_197678,exact_ref,26066.423,1,0,413921,105963776
simless,5,1,enron_full_198102,exact_ref,30063.615,1,0,413921,105963776
simless,6,1,enron_full_198102,exact_ref,30063.615,1,0,413921,105963776
simless,4,1,enron_full_198102,exact_ref,30063.615,1,0,413921,105963776
simless,6,1,enron_full_198996,exact_ref,32846.234,1,0,413921,105963776
simless,4,1,enron_full_198996,exact_ref,32846.234,1,0,413921,105963776
simless,5,1,enron_full_198996,exact_ref,32846.234,1,0,413921,105963776
simless,4,1,enron_full_200327,exact_ref,28046.745,1,0,413921,105963776
simless,5,1,enron_full_200327,exact_ref,28046.745,1,0,413921,105963776
simless,6,1,enron_full_200327,exact_ref,28046.745,1,0,413921,105963776
simless,5,1,enron_full_200476,exact_ref,25995.550,1,0,413921,105963776
simless,6,1,enron_full_200476,exact_ref,25995.550,1,0,413921,105963776
simless,4,1,enron_full_200476,exact_ref,25995.550,1,0,413921,105963776
simless,6,1,enron_full_201608,exact_ref,27292.544,1,0,413921,105963776
simless,4,1,enron_full_201608,exact_ref,27292.544,1,0,413921,105963776
simless,5,1,enron_full_201608,exact_ref,27292.544,1,0,413921,105963776
simless,4,1,enron_full_202547,exact_ref,28711.231,1,0,413921,105963776
simless,5,1,enron_full_202547,exact_ref,28711.231,1,0,413921,105963776
simless,6,1,enron_full_202547,exact_ref,28711.231,1,0,413921,105963776
simless,5,1,enron_full_202611,no_exact_ref,30297.245,0,81,413921,105963776
simless,6,1,enron_full_202611,no_exact_ref,30297.245,0,81,413921,105963776
simless,4,1,enron_full_202611,no_exact_ref,30297.245,0,81,413921,105963776
simless,6,1,enron_full_203046,exact_ref,27969.304,1,0,413921,105963776
simless,4,1,enron_full_203046,exact_ref,27969.304,1,0,413921,105963776
simless,5,1,enron_full_203046,exact_ref,27969.304,1,0,413921,105963776
simless,4,1,enron_full_204937,exact_ref,27533.064,1,0,413921,105963776
simless,5,1,enron_full_204937,exact_ref,27533.064,1,0,413921,105963776
simless,6,1,enron_full_204937,exact_ref,27533.064,1,0,413921,105963776
simless,5,1,enron_full_205754,exact_ref,28940.947,1,0,413921,105963776
simless,6,1,enron_full_205754,exact_ref,28940.947,1,0,413921,105963776
simless,4,1,enron_full_205754,exact_ref,28940.947,1,0,413921,105963776
simless,6,1,enron_full_205846,exact_ref,28974.842,1,0,413921,105963776
simless,4,1,enron_full_205846,exact_ref,28974.842,1,0,413921,105963776
simless,5,1,enron_full_205846,exact_ref,28974.842,1,0,413921,105963776
simless,4,1,enron_full_206132,exact_ref,28292.638,1,0,413921,105963776
simless,5,1,enron_full_206132,exact_ref,28292.638,1,0,413921,105963776
simless,6,1,enron_full_206132,exact_ref,28292.638,1,0,413921,105963776
simless,5,1,enron_full_206426,exact_ref,26449.656,1,0,413921,105963776
simless,6,1,enron_full_206426,exact_ref,26449.656,1,0,413921,105963776
simless,4,1,enron_full_206426,exact_ref,26449.656,1,0,413921,105963776
simless,6,1,enron_full_206631,no_exact_ref,25822.494,0,92,413921,105963776
simless,4,1,enron_full_206631,no_exact_ref,25822.494,0,92,413921,105963776
simless,5,1,enron_full_206631,no_exact_ref,25822.494,0,92,413921,105963776
simless,4,1,enron_full_206780,exact_ref,26374.103,1,0,413921,105963776
simless,5,1,enron_full_206780,exact_ref,26374.103,1,0,413921,105963776
simless,6,1,enron_full_206780,exact_ref,26374.103,1,0,413921,105963776
simless,5,1,enron_full_207863,exact_ref,25871.143,1,0,413921,105963776
simless,6,1,enron_full_207863,exact_ref,25871.143,1,0,413921,105963776
simless,4,1,enron_full_207863,exact_ref,25871.143,1,0,413921,105963776
simless,6,1,enron_full_208242,exact_ref,26706.775,1,0,413921,105963776
simless,4,1,enron_full_208242,exact_ref,26706.775,1,0,413921,105963776
simless,5,1,enron_full_208242,exact_ref,26706.775,1,0,413921,105963776
simless,4,1,enron_full_208362,exact_ref,26371.892,1,0,413921,105963776
simless,5,1,enron_full_208362,exact_ref,26371.892,1,0,413921,105963776
simless,6,1,enron_full_208362,exact_ref,26371.892,1,0,413921,105963776
simless,5,1,enron_full_209030,exact_ref,27420.487,1,0,413921,105963776
simless,6,1,enron_full_209030,exact_ref,27420.487,1,0,413921,105963776
simless,4,1,enron_full_209030,exact_ref,27420.487,1,0,413921,105963776
simless,6,1,enron_full_209358,exact_ref,28828.138,1,0,413921,105963776
simless,4,1,enron_full_209358,exact_ref,28828.138,1,0,413921,105963776
simless,5,1,enron_full_209358,exact_ref,28828.138,1,0,413921,105963776
simless,4,1,enron_full_209479,exact_ref,28240.464,1,0,413921,105963776
simless,5,1,enron_full_209479,exact_ref,28240.464,1,0,413921,105963776
simless,6,1,enron_full_209479,exact_ref,28240.464,1,0,413921,105963776
simless,5,1,enron_full_209859,exact_ref,26473.714,1,0,413921,105963776
simless,6,1,enron_full_209859,exact_ref,26473.714,1,0,413921,105963776
simless,4,1,enron_full_209859,exact_ref,26473.714,1,0,413921,105963776
simless,6,1,enron_full_209958,exact_ref,26630.149,1,0,413921,105963776
simless,4,1,enron_full_209958,exact_ref,26630.149,1,0,413921,105963776
simless,5,1,enron_full_209958,exact_ref,26630.149,1,0,413921,105963776
simless,4,1,enron_full_210032,no_exact_ref,26596.012,0,6,413921,105963776
simless,5,1,enron_full_210032,no_exact_ref,26596.012,0,6,413921,105963776
simless,6,1,enron_full_210032,no_exact_ref,26596.012,1,6,413921,105963776
simless,5,1,enron_full_210772,exact_ref,26907.399,1,0,413921,105963776
simless,6,1,enron_full_210772,exact_ref,26907.399,1,0,413921,105963776
simless,4,1,enron_full_210772,exact_ref,26907.399,1,0,413921,105963776
simless,6,1,enron_full_211094,no_exact_ref,26642.402,0,96,413921,105963776
simless,4,1,enron_full_211094,no_exact_ref,26642.402,0,96,413921,105963776
simless,5,1,enron_full_211094,no_exact_ref,26642.402,0,96,413921,105963776
simless,4,1,enron_full_211389,exact_ref,26146.565,1,0,413921,105963776
simless,5,1,enron_full_211389,exact_ref,26146.565,1,0,413921,105963776
simless,6,1,enron_full_211389,exact_ref,26146.565,1,0,413921,105963776
simless,5,1,enron_full_211892,no_exact_ref,26501.852,0,86,413921,105963776
simless,6,1,enron_full_211892,no_exact_ref,26501.852,0,86,413921,105963776
simless,4,1,enron_full_211892,no_exact_ref,26501.852,0,86,413921,105963776
simless,6,1,enron_full_211966,no_exact_ref,25942.928,0,89,413921,105963776
simless,4,1,enron_full_211966,no_exact_ref,25942.928,0,89,413921,105963776
simless,5,1,enron_full_211966,no_exact_ref,25942.928,0,89,413921,105963776
simless,4,1,enron_full_212202,no_exact_ref,27050.014,0,25,413921,105963776
simless,5,1,enron_full_212202,no_exact_ref,27050.014,0,25,413921,105963776
simless,6,1,enron_full_212202,no_exact_ref,27050.014,0,25,413921,105963776
simless,5,1,enron_full_213178,no_exact_ref,27333.803,0,23,413921,105963776
simless,6,1,enron_full_213178,no_exact_ref,27333.803,0,23,413921,105963776
simless,4,1,enron_full_213178,no_exact_ref,27333.803,0,23,413921,105963776
simless,6,1,enron_full_214684,exact_ref,28530.807,1,0,413921,105963776
simless,4,1,enron_full_214684,exact_ref,28530.807,1,0,413921,105963776
simless,5,1,enron_full_214684,exact_ref,28530.807,1,0,413921,105963776
simless,4,1,enron_full_214861,exact_ref,28631.248,1,0,413921,105963776
simless,5,1,enron_full_214861,exact_ref,28631.248,1,0,413921,105963776
simless,6,1,enron_full_214861,exact_ref,28631.248,1,0,413921,105963776
simless,5,1,enron_full_214866,exact_ref,28706.876,1,0,413921,105963776
simless,6,1,enron_full_214866,exact_ref,28706.876,1,0,413921,105963776
simless,4,1,enron_full_214866,exact_ref,28706.876,1,0,413921,105963776
simless,6,1,enron_full_214883,exact_ref,26751.091,1,0,413921,105963776
simless,4,1,enron_full_214883,exact_ref,26751.091,1,0,413921,105963776
simless,5,1,enron_full_214883,exact_ref,26751.091,1,0,413921,105963776
simless,4,1,enron_full_215380,exact_ref,26121.269,1,0,413921,105963776
simless,5,1,enron_full_215380,exact_ref,26121.269,1,0,413921,105963776
simless,6,1,enron_full_215380,exact_ref,26121.269,1,0,413921,105963776
simless,5,1,enron_full_215696,exact_ref,28059.587,1,0,413921,105963776
simless,6,1,enron_full_215696,exact_ref,28059.587,1,0,413921,105963776
simless,4,1,enron_full_215696,exact_ref,28059.587,1,0,413921,105963776
simless,6,1,enron_full_216853,exact_ref,28744.566,1,0,413921,105963776
simless,4,1,enron_full_216853,exact_ref,28744.566,1,0,413921,105963776
simless,5,1,enron_full_216853,exact_ref,28744.566,1,0,413921,105963776
simless,4,1,enron_full_218707,exact_ref,28448.111,1,0,413921,105963776
simless,5,1,enron_full_218707,exact_ref,28448.111,1,0,413921,105963776
simless,6,1,enron_full_218707,exact_ref,28448.111,1,0,413921,105963776
simless,5,1,enron_full_219044,exact_ref,26441.290,1,0,413921,105963776
simless,6,1,enron_full_219044,exact_ref,26441.290,1,0,413921,105963776
simless,4,1,enron_full_219044,exact_ref,26441.290,1,0,413921,105963776
simless,6,1,enron_full_219142,exact_ref,26045.961,1,0,413921,105963776
simless,4,1,enron_full_219142,exact_ref,26045.961,1,0,413921,105963776
simless,5,1,enron_full_219142,exact_ref,26045.961,1,0,413921,105963776
simless,4,1,enron_full_219243,exact_ref,25762.646,1,0,413921,105963776
simless,5,1,enron_full_219243,exact_ref,25762.646,1,0,413921,105963776
simless,6,1,enron_full_219243,exact_ref,25762.646,1,0,413921,105963776
simless,5,1,enron_full_219501,no_exact_ref,25237.761,0,19,413921,105963776
simless,6,1,enron_full_219501,no_exact_ref,25237.761,0,19,413921,105963776
simless,4,1,enron_full_219501,no_exact_ref,25237.761,0,19,413921,105963776
simless,6,1,enron_full_219509,no_exact_ref,26826.469,0,11,413921,105963776
simless,4,1,enron_full_219509,no_exact_ref,26826.469,0,11,413921,105963776
simless,5,1,enron_full_219509,no_exact_ref,26826.469,0,11,413921,105963776
simless,4,1,enron_full_219658,no_exact_ref,25638.866,0,95,413921,105963776
simless,5,1,enron_full_219658,no_exact_ref,25638.866,0,95,413921,105963776
simless,6,1,enron_full_219658,no_exact_ref,25638.866,0,95,413921,105963776
simless,5,1,enron_full_220234,exact_ref,27565.595,1,0,413921,105963776
simless,6,1,enron_full_220234,exact_ref,27565.595,1,0,413921,105963776
simless,4,1,enron_full_220234,exact_ref,27565.595,1,0,413921,105963776
simless,6,1,enron_full_220556,exact_ref,28454.801,1,0,413921,105963776
simless,4,1,enron_full_220556,exact_ref,28454.801,1,0,413921,105963776
simless,5,1,enron_full_220556,exact_ref,28454.801,1,0,413921,105963776
simless,4,1,enron_full_221304,exact_ref,28172.480,1,0,413921,105963776
simless,5,1,enron_full_221304,exact_ref,28172.480,1,0,413921,105963776
simless,6,1,enron_full_221304,exact_ref,28172.480,1,0,413921,105963776
simless,5,1,enron_full_223253,exact_ref,27126.584,1,0,413921,105963776
simless,6,1,enron_full_223253,exact_ref,27126.584,1,0,413921,105963776
simless,4,1,enron_full_223253,exact_ref,27126.584,1,0,413921,105963776
simless,6,1,enron_full_223630,exact_ref,26069.236,1,0,413921,105963776
simless,4,1,enron_full_223630,exact_ref,26069.236,1,0,413921,105963776
simless,5,1,enron_full_223630,exact_ref,26069.236,1,0,413921,105963776
simless,4,1,enron_full_223933,exact_ref,25949.832,1,0,413921,105963776
simless,5,1,enron_full_223933,exact_ref,25949.832,1,0,413921,105963776
simless,6,1,enron_full_223933,exact_ref,25949.832,1,0,413921,105963776
simless,5,1,enron_full_224076,exact_ref,26887.345,1,0,413921,105963776
simless,6,1,enron_full_224076,exact_ref,26887.345,1,0,413921,105963776
simless,4,1,enron_full_224076,exact_ref,26887.345,1,0,413921,105963776
simless,6,1,enron_full_224176,exact_ref,27714.852,1,0,413921,105963776
simless,4,1,enron_full_224176,exact_ref,27714.852,1,0,413921,105963776
simless,5,1,enron_full_224176,exact_ref,27714.852,1,0,413921,105963776
simless,4,1,enron_full_224421,exact_ref,28138.631,1,0,413921,105963776
simless,5,1,enron_full_224421,exact_ref,28138.631,1,0,413921,105963776
simless,6,1,enron_full_224421,exact_ref,28138.631,1,0,413921,105963776
simless,5,1,enron_full_226002,no_exact_ref,28363.491,0,92,413921,105963776
simless,6,1,enron_full_226002,no_exact_ref,28363.491,0,92,413921,105963776
simless,4,1,enron_full_226002,no_exact_ref,28363.491,0,92,413921,105963776
simless,6,1,enron_full_226675,exact_ref,28715.022,1,0,413921,105963776
simless,4,1,enron_full_226675,exact_ref,28715.022,1,0,413921,105963776
simless,5,1,enron_full_226675,exact_ref,28715.022,1,0,413921,105963776
simless,4,1,enron_full_227135,exact_ref,26811.222,1,0,413921,105963776
simless,5,1,enron_full_227135,exact_ref,26811.222,1,0,413921,105963776
simless,6,1,enron_full_227135,exact_ref,26811.222,1,0,413921,105963776
simless,5,1,enron_full_227290,no_exact_ref,26733.638,0,49,413921,105963776
simless,6,1,enron_full_227290,no_exact_ref,26733.638,0,49,413921,105963776
simless,4,1,enron_full_227290,no_exact_ref,26733.638,0,49,413921,105963776
simless,6,1,enron_full_227315,exact_ref,27848.276,1,0,413921,105963776
simless,4,1,enron_full_227315,exact_ref,27848.276,1,0,413921,105963776
simless,5,1,enron_full_227315,exact_ref,27848.276,1,0,413921,105963776
simless,4,1,enron_full_227317,no_exact_ref,28734.631,1,0,413921,105963776
simless,5,1,enron_full_227317,no_exact_ref,28734.631,1,0,413921,105963776
simless,6,1,enron_full_227317,no_exact_ref,28734.631,1,0,413921,105963776
simless,5,1,enron_full_227401,exact_ref,28682.710,1,0,413921,105963776
simless,6,1,enron_full_227401,exact_ref,28682.710,1,0,413921,105963776
simless,4,1,enron_full_227401,exact_ref,28682.710,1,0,413921,105963776
simless,6,1,enron_full_227576,exact_ref,27093.051,1,0,413921,105963776
simless,4,1,enron_full_227576,exact_ref,27093.051,1,0,413921,105963776
simless,5,1,enron_full_227576,exact_ref,27093.051,1,0,413921,105963776
simless,4,1,enron_full_228518,exact_ref,27571.465,1,0,413921,105963776
simless,5,1,enron_full_228518,exact_ref,27571.465,1,0,413921,105963776
simless,6,1,enron_full_228518,exact_ref,27571.465,1,0,413921,105963776
simless,5,1,enron_full_228640,exact_ref,27727.754,1,0,413921,105963776
simless,6,1,enron_full_228640,exact_ref,27727.754,1,0,413921,105963776
simless,4,1,enron_full_228640,exact_ref,27727.754,1,0,413921,105963776
simless,6,1,enron_full_229065,exact_ref,27311.532,1,0,413921,105963776
simless,4,1,enron_full_229065,exact_ref,27311.532,1,0,413921,105963776
simless,5,1,enron_full_229065,exact_ref,27311.532,1,0,413921,105963776
simless,4,1,enron_full_229125,exact_ref,27526.067,1,0,413921,105963776
simless,5,1,enron_full_229125,exact_ref,27526.067,1,0,413921,105963776
simless,6,1,enron_full_229125,exact_ref,27526.067,1,0,413921,105963776
simless,5,1,enron_full_230449,exact_ref,27862.266,1,0,413921,105963776
simless,6,1,enron_full_230449,exact_ref,27862.266,1,0,413921,105963776
simless,4,1,enron_full_230449,exact_ref,27862.266,1,0,413921,105963776
simless,6,1,enron_full_230615,exact_ref,27097.935,1,0,413921,105963776
simless,4,1,enron_full_230615,exact_ref,27097.935,1,0,413921,105963776
simless,5,1,enron_full_230615,exact_ref,27097.935,1,0,413921,105963776
simless,4,1,enron_full_231206,exact_ref,27788.774,1,0,413921,105963776
simless,5,1,enron_full_231206,exact_ref,27788.774,1,0,413921,105963776
simless,6,1,enron_full_231206,exact_ref,27788.774,1,0,413921,105963776
simless,5,1,enron_full_232509,exact_ref,27419.811,1,0,413921,105963776
simless,6,1,enron_full_232509,exact_ref,27419.811,1,0,413921,105963776
simless,4,1,enron_full_232509,exact_ref,27419.811,1,0,413921,105963776
simless,6,1,enron_full_232529,exact_ref,27563.494,1,0,413921,105963776
simless,4,1,enron_full_232529,exact_ref,27563.494,1,0,413921,105963776
simless,5,1,enron_full_232529,exact_ref,27563.494,1,0,413921,105963776
simless,4,1,enron_full_232592,exact_ref,28460.069,1,0,413921,105963776
simless,5,1,enron_full_232592,exact_ref,28460.069,1,0,413921,105963776
simless,6,1,enron_full_232592,exact_ref,28460.069,1,0,413921,105963776
simless,5,1,enron_full_232830,exact_ref,28863.560,1,0,413921,105963776
simless,6,1,enron_full_232830,exact_ref,28863.560,1,0,413921,105963776
simless,4,1,enron_full_232830,exact_ref,28863.560,1,0,413921,105963776
simless,6,1,enron_full_232998,exact_ref,28996.046,1,0,413921,105963776
simless,4,1,enron_full_232998,exact_ref,28996.046,1,0,413921,105963776
simless,5,1,enron_full_232998,exact_ref,28996.046,1,0,413921,105963776
simless,4,1,enron_full_233012,exact_ref,28927.895,1,0,413921,105963776
simless,5,1,enron_full_233012,exact_ref,28927.895,1,0,413921,105963776
simless,6,1,enron_full_233012,exact_ref,28927.895,1,0,413921,105963776
simless,5,1,enron_full_233273,exact_ref,28633.966,1,0,413921,105963776
simless,6,1,enron_full_233273,exact_ref,28633.966,1,0,413921,105963776
simless,4,1,enron_full_233273,exact_ref,28633.966,1,0,413921,105963776
simless,6,1,enron_full_233711,exact_ref,28891.505,1,0,413921,105963776
simless,4,1,enron_full_233711,exact_ref,28891.505,1,0,413921,105963776
simless,5,1,enron_full_233711,exact_ref,28891.505,1,0,413921,105963776
simless,4,1,enron_full_233845,exact_ref,28574.930,1,0,413921,105963776
simless,5,1,enron_full_233845,exact_ref,28574.930,1,0,413921,105963776
simless,6,1,enron_full_233845,exact_ref,28574.930,1,0,413921,105963776
simless,5,1,enron_full_234397,exact_ref,27286.640,1,0,413921,105963776
simless,6,1,enron_full_234397,exact_ref,27286.640,1,0,413921,105963776
simless,4,1,enron_full_234397,exact_ref,27286.640,1,0,413921,105963776
simless,6,1,enron_full_235427,exact_ref,26888.830,1,0,413921,105963776
simless,4,1,enron_full_235427,exact_ref,26888.830,1,0,413921,105963776
simless,5,1,enron_full_235427,exact_ref,26888.830,1,0,413921,105963776
simless,4,1,enron_full_237126,exact_ref,27648.232,1,0,413921,105963776
simless,5,1,enron_full_237126,exact_ref,27648.232,1,0,413921,105963776
simless,6,1,enron_full_237126,exact_ref,27648.232,1,0,413921,105963776
simless,5,1,enron_full_238037,exact_ref,27204.314,1,0,413921,105963776
simless,6,1,enron_full_238037,exact_ref,27204.314,1,0,413921,105963776
simless,4,1,enron_full_238037,exact_ref,27204.314,1,0,413921,105963776
simless,6,1,enron_full_238970,exact_ref,26770.776,1,0,413921,105963776
simless,4,1,enron_full_238970,exact_ref,26770.776,1,0,413921,105963776
simless,5,1,enron_full_238970,exact_ref,26770.776,1,0,413921,105963776
simless,4,1,enron_full_239927,exact_ref,26781.912,1,0,413921,105963776
simless,5,1,enron_full_239927,exact_ref,26781.912,1,0,413921,105963776
simless,6,1,enron_full_239927,exact_ref,26781.912,1,0,413921,105963776
simless,5,1,enron_full_240437,exact_ref,28835.957,1,0,413921,105963776
simless,6,1,enron_full_240437,exact_ref,28835.957,1,0,413921,105963776
simless,4,1,enron_full_240437,exact_ref,28835.957,1,0,413921,105963776
simless,6,1,enron_full_240888,exact_ref,28407.220,1,0,413921,105963776
simless,4,1,enron_full_240888,exact_ref,28407.220,1,0,413921,105963776
simless,5,1,enron_full_240888,exact_ref,28407.220,1,0,413921,105963776
simless,4,1,enron_full_241204,exact_ref,27353.768,1,0,413921,105963776
simless,5,1,enron_full_241204,exact_ref,27353.768,1,0,413921,105963776
simless,6,1,enron_full_241204,exact_ref,27353.768,1,0,413921,105963776
simless,5,1,enron_full_242121,exact_ref,27220.583,1,0,413921,105963776
simless,6,1,enron_full_242121,exact_ref,27220.583,1,0,413921,105963776
simless,4,1,enron_full_242121,exact_ref,27220.583,1,0,413921,105963776
simless,6,1,enron_full_242149,exact_ref,26745.002,1,0,413921,105963776
simless,4,1,enron_full_242149,exact_ref,26745.002,1,0,413921,105963776
simless,5,1,enron_full_242149,exact_ref,26745.002,1,0,413921,105963776
simless,4,1,enron_full_242702,exact_ref,26385.547,1,0,413921,105963776
simless,5,1,enron_full_242702,exact_ref,26385.547,1,0,413921,105963776
simless,6,1,enron_full_242702,exact_ref,26385.547,1,0,413921,105963776
simless,5,1,enron_full_242763,exact_ref,26463.406,1,0,413921,105963776
simless,6,1,enron_full_242763,exact_ref,26463.406,1,0,413921,105963776
simless,4,1,enron_full_242763,exact_ref,26463.406,1,0,413921,105963776
simless,6,1,enron_full_243198,exact_ref,27207.545,1,0,413921,105963776
simless,4,1,enron_full_243198,exact_ref,27207.545,1,0,413921,105963776
simless,5,1,enron_full_243198,exact_ref,27207.545,1,0,413921,105963776
simless,4,1,enron_full_243425,exact_ref,26800.474,1,0,413921,105963776
simless,5,1,enron_full_243425,exact_ref,26800.474,1,0,413921,105963776
simless,6,1,enron_full_243425,exact_ref,26800.474,1,0,413921,105963776
simless,5,1,enron_full_244168,no_exact_ref,27076.220,1,0,413921,105963776
simless,6,1,enron_full_244168,no_exact_ref,27076.220,1,0,413921,105963776
simless,4,1,enron_full_244168,no_exact_ref,27076.220,1,0,413921,105963776
simless,6,1,enron_full_244538,exact_ref,28182.094,1,0,413921,105963776
simless,4,1,enron_full_244538,exact_ref,28182.094,1,0,413921,105963776
simless,5,1,enron_full_244538,exact_ref,28182.094,1,0,413921,105963776
simless,4,1,enron_full_244857,exact_ref,34285.482,1,0,413921,105963776
simless,5,1,enron_full_244857,exact_ref,34285.482,1,0,413921,105963776
simless,6,1,enron_full_244857,exact_ref,34285.482,1,0,413921,105963776
simless,5,1,enron_full_244901,exact_ref,31875.135,1,0,413921,105963776
simless,6,1,enron_full_244901,exact_ref,31875.135,1,0,413921,105963776
simless,4,1,enron_full_244901,exact_ref,31875.135,1,0,413921,105963776
simless,6,1,enron_full_244915,exact_ref,32164.415,1,0,413921,105963776
simless,4,1,enron_full_244915,exact_ref,32164.415,1,0,413921,105963776
simless,5,1,enron_full_244915,exact_ref,32164.415,1,0,413921,105963776
simless,4,1,enron_full_245469,exact_ref,31347.585,1,0,413921,105963776
simless,5,1,enron_full_245469,exact_ref,31347.585,1,0,413921,105963776
simless,6,1,enron_full_245469,exact_ref,31347.585,1,0,413921,105963776
simless,5,1,enron_full_246185,exact_ref,28144.916,1,0,413921,105963776
simless,6,1,enron_full_246185,exact_ref,28144.916,1,0,413921,105963776
simless,4,1,enron_full_246185,exact_ref,28144.916,1,0,413921,105963776
simless,6,1,enron_full_246287,exact_ref,26661.732,1,0,413921,105963776
simless,4,1,enron_full_246287,exact_ref,26661.732,1,0,413921,105963776
simless,5,1,enron_full_246287,exact_ref,26661.732,1,0,413921,105963776
simless,4,1,enron_full_246288,exact_ref,26699.964,1,0,413921,105963776
simless,5,1,enron_full_246288,exact_ref,26699.964,1,0,413921,105963776
simless,6,1,enron_full_246288,exact_ref,26699.964,1,0,413921,105963776
simless,5,1,enron_full_246340,exact_ref,27126.887,1,0,413921,105963776
simless,6,1,enron_full_246340,exact_ref,27126.887,1,0,413921,105963776
simless,4,1,enron_full_246340,exact_ref,27126.887,1,0,413921,105963776
simless,6,1,enron_full_246689,exact_ref,27234.381,1,0,413921,105963776
simless,4,1,enron_full_246689,exact_ref,27234.381,1,0,413921,105963776
simless,5,1,enron_full_246689,exact_ref,27234.381,1,0,413921,105963776
simless,4,1,enron_full_246896,exact_ref,26764.151,1,0,413921,105963776
simless,5,1,enron_full_246896,exact_ref,26764.151,1,0,413921,105963776
simless,6,1,enron_full_246896,exact_ref,26764.151,1,0,413921,105963776
simless,5,1,enron_full_247095,exact_ref,26716.221,1,0,413921,105963776
simless,6,1,enron_full_247095,exact_ref,26716.221,1,0,413921,105963776
simless,4,1,enron_full_247095,exact_ref,26716.221,1,0,413921,105963776
simless,6,1,enron_full_247286,exact_ref,26888.442,1,0,413921,105963776
simless,4,1,enron_full_247286,exact_ref,26888.442,1,0,413921,105963776
simless,5,1,enron_full_247286,exact_ref,26888.442,1,0,413921,105963776
simless,4,1,enron_full_247295,exact_ref,26465.098,1,0,413921,105963776
simless,5,1,enron_full_247295,exact_ref,26465.098,1,0,413921,105963776
simless,6,1,enron_full_247295,exact_ref,26465.098,1,0,413921,105963776
simless,5,1,enron_full_247605,exact_ref,28288.533,1,0,413921,105963776
simless,6,1,enron_full_247605,exact_ref,28288.533,1,0,413921,105963776
simless,4,1,enron_full_247605,exact_ref,28288.533,1,0,413921,105963776
simless,6,1,enron_full_247963,exact_ref,30410.560,1,0,413921,105963776
simless,4,1,enron_full_247963,exact_ref,30410.560,1,0,413921,105963776
simless,5,1,enron_full_247963,exact_ref,30410.560,1,0,413921,105963776
simless,4,1,enron_full_248460,exact_ref,29558.710,1,0,413921,105963776
simless,5,1,enron_full_248460,exact_ref,29558.710,1,0,413921,105963776
simless,6,1,enron_full_248460,exact_ref,29558.710,1,0,413921,105963776
simless,5,1,enron_full_248776,no_exact_ref,28746.276,1,0,413921,105963776
simless,6,1,enron_full_248776,no_exact_ref,28746.276,1,0,413921,105963776
simless,4,1,enron_full_248776,no_exact_ref,28746.276,1,0,413921,105963776
simless,6,1,enron_full_249257,no_exact_ref,27475.289,0,91,413921,105963776
simless,4,1,enron_full_249257,no_exact_ref,27475.289,0,91,413921,105963776
simless,5,1,enron_full_249257,no_exact_ref,27475.289,0,91,413921,105963776
simless,4,1,enron_full_250519,exact_ref,27094.421,1,0,413921,105963776
simless,5,1,enron_full_250519,exact_ref,27094.421,1,0,413921,105963776
simless,6,1,enron_full_250519,exact_ref,27094.421,1,0,413921,105963776
simless,5,1,enron_full_250725,exact_ref,27297.199,1,0,413921,105963776
simless,6,1,enron_full_250725,exact_ref,27297.199,1,0,413921,105963776
simless,4,1,enron_full_250725,exact_ref,27297.199,1,0,413921,105963776
simless,6,1,enron_full_252462,no_exact_ref,26909.531,0,60,413921,105963776
simless,4,1,enron_full_252462,no_exact_ref,26909.531,0,60,413921,105963776
simless,5,1,enron_full_252462,no_exact_ref,26909.531,0,60,413921,105963776
simless,4,1,enron_full_253509,no_exact_ref,27756.403,0,40,413921,105963776
simless,5,1,enron_full_253509,no_exact_ref,27756.403,0,40,413921,105963776
simless,6,1,enron_full_253509,no_exact_ref,27756.403,0,40,413921,105963776
simless,5,1,enron_full_253676,exact_ref,29068.187,1,0,413921,105963776
simless,6,1,enron_full_253676,exact_ref,29068.187,1,0,413921,105963776
simless,4,1,enron_full_253676,exact_ref,29068.187,1,0,413921,105963776
simless,6,1,enron_full_253776,exact_ref,28165.508,1,0,413921,105963776
simless,4,1,enron_full_253776,exact_ref,28165.508,1,0,413921,105963776
simless,5,1,enron_full_253776,exact_ref,28165.508,1,0,413921,105963776
simless,4,1,enron_full_253875,exact_ref,29182.201,1,0,413921,105963776
simless,5,1,enron_full_253875,exact_ref,29182.201,1,0,413921,105963776
simless,6,1,enron_full_253875,exact_ref,29182.201,1,0,413921,105963776
simless,5,1,enron_full_254022,exact_ref,28161.657,1,0,413921,105963776
simless,6,1,enron_full_254022,exact_ref,28161.657,1,0,413921,105963776
simless,4,1,enron_full_254022,exact_ref,28161.657,1,0,413921,105963776
simless,6,1,enron_full_254732,exact_ref,26359.068,1,0,413921,105963776
simless,4,1,enron_full_254732,exact_ref,26359.068,1,0,413921,105963776
simless,5,1,enron_full_254732,exact_ref,26359.068,1,0,413921,105963776
simless,4,1,enron_full_254813,exact_ref,27531.625,1,0,413921,105963776
simless,5,1,enron_full_254813,exact_ref,27531.625,1,0,413921,105963776
simless,6,1,enron_full_254813,exact_ref,27531.625,1,0,413921,105963776
simless,5,1,enron_full_254930,no_exact_ref,28364.256,0,36,413921,105963776
simless,6,1,enron_full_254930,no_exact_ref,28364.256,0,36,413921,105963776
simless,4,1,enron_full_254930,no_exact_ref,28364.256,0,36,413921,105963776
simless,6,1,enron_full_256359,no_exact_ref,28995.175,0,75,413921,105963776
simless,4,1,enron_full_256359,no_exact_ref,28995.175,0,75,413921,105963776
simless,5,1,enron_full_256359,no_exact_ref,28995.175,0,75,413921,105963776
simless,4,1,enron_full_256719,no_exact_ref,27773.078,0,65,413921,105963776
simless,5,1,enron_full_256719,no_exact_ref,27773.078,0,65,413921,105963776
simless,6,1,enron_full_256719,no_exact_ref,27773.078,0,65,413921,105963776
simless,5,1,enron_full_257223,no_exact_ref,27249.773,0,14,413921,105963776
simless,6,1,enron_full_257223,no_exact_ref,27249.773,0,14,413921,105963776
simless,4,1,enron_full_257223,no_exact_ref,27249.773,0,14,413921,105963776
simless,6,1,enron_full_257476,no_exact_ref,27380.096,0,89,413921,105963776
simless,4,1,enron_full_257476,no_exact_ref,27380.096,0,89,413921,105963776
simless,5,1,enron_full_257476,no_exact_ref,27380.096,0,89,413921,105963776
simless,4,1,enron_full_257526,no_exact_ref,27089.334,0,91,413921,105963776
simless,5,1,enron_full_257526,no_exact_ref,27089.334,0,91,413921,105963776
simless,6,1,enron_full_257526,no_exact_ref,27089.334,0,91,413921,105963776
simless,5,1,enron_full_258106,no_exact_ref,27247.543,0,92,413921,105963776
simless,6,1,enron_full_258106,no_exact_ref,27247.543,0,92,413921,105963776
simless,4,1,enron_full_258106,no_exact_ref,27247.543,0,92,413921,105963776
simless,6,1,enron_full_258436,no_exact_ref,26718.182,0,32,413921,105963776
simless,4,1,enron_full_258436,no_exact_ref,26718.182,0,32,413921,105963776
simless,5,1,enron_full_258436,no_exact_ref,26718.182,0,32,413921,105963776
simless,4,1,enron_full_259050,exact_ref,26515.331,1,0,413921,105963776
simless,5,1,enron_full_259050,exact_ref,26515.331,1,0,413921,105963776
simless,6,1,enron_full_259050,exact_ref,26515.331,1,0,413921,105963776
simless,5,1,enron_full_259076,no_exact_ref,25695.596,0,65,413921,105963776
simless,6,1,enron_full_259076,no_exact_ref,25695.596,0,65,413921,105963776
simless,4,1,enron_full_259076,no_exact_ref,25695.596,0,65,413921,105963776
simless,6,1,enron_full_259321,exact_ref,26444.353,1,0,413921,105963776
simless,4,1,enron_full_259321,exact_ref,26444.353,1,0,413921,105963776
simless,5,1,enron_full_259321,exact_ref,26444.353,1,0,413921,105963776
simless,4,1,enron_full_260192,exact_ref,25972.066,1,0,413921,105963776
simless,5,1,enron_full_260192,exact_ref,25972.066,1,0,413921,105963776
simless,6,1,enron_full_260192,exact_ref,25972.066,1,0,413921,105963776
simless,5,1,enron_full_261884,no_exact_ref,27353.837,0,77,413921,105963776
simless,6,1,enron_full_261884,no_exact_ref,27353.837,0,77,413921,105963776
simless,4,1,enron_full_261884,no_exact_ref,27353.837,0,77,413921,105963776
simless,6,1,enron_full_262514,exact_ref,28069.069,1,0,413921,105963776
simless,4,1,enron_full_262514,exact_ref,28069.069,1,0,413921,105963776
simless,5,1,enron_full_262514,exact_ref,28069.069,1,0,413921,105963776
simless,4,1,enron_full_262785,no_exact_ref,27404.485,0,90,413921,105963776
simless,5,1,enron_full_262785,no_exact_ref,27404.485,0,90,413921,105963776
simless,6,1,enron_full_262785,no_exact_ref,27404.485,0,90,413921,105963776
simless,5,1,enron_full_263240,exact_ref,28243.450,1,0,413921,105963776
simless,6,1,enron_full_263240,exact_ref,28243.450,1,0,413921,105963776
simless,4,1,enron_full_263240,exact_ref,28243.450,1,0,413921,105963776
simless,6,1,enron_full_264723,no_exact_ref,28053.051,0,65,413921,105963776
simless,4,1,enron_full_264723,no_exact_ref,28053.051,0,65,413921,105963776
simless,5,1,enron_full_264723,no_exact_ref,28053.051,0,65,413921,105963776
simless,4,1,enron_full_265023,exact_ref,28117.539,1,0,413921,105963776
simless,5,1,enron_full_265023,exact_ref,28117.539,1,0,413921,105963776
simless,6,1,enron_full_265023,exact_ref,28117.539,1,0,413921,105963776
simless,5,1,enron_full_265448,exact_ref,27631.547,1,0,413921,105963776
simless,6,1,enron_full_265448,exact_ref,27631.547,1,0,413921,105963776
simless,4,1,enron_full_265448,exact_ref,27631.547,1,0,413921,105963776
simless,6,1,enron_full_265746,exact_ref,26559.739,1,0,413921,105963776
simless,4,1,enron_full_265746,exact_ref,26559.739,1,0,413921,105963776
simless,5,1,enron_full_265746,exact_ref,26559.739,1,0,413921,105963776
simless,4,1,enron_full_265774,exact_ref,25588.401,1,0,413921,105963776
simless,5,1,enron_full_265774,exact_ref,25588.401,1,0,413921,105963776
simless,6,1,enron_full_265774,exact_ref,25588.401,1,0,413921,105963776
simless,5,1,enron_full_266026,exact_ref,27323.409,1,0,413921,105963776
simless,6,1,enron_full_266026,exact_ref,27323.409,1,0,413921,105963776
simless,4,1,enron_full_266026,exact_ref,27323.409,1,0,413921,105963776
simless,6,1,enron_full_266097,no_exact_ref,28831.050,0,77,413921,105963776
simless,4,1,enron_full_266097,no_exact_ref,28831.050,0,77,413921,105963776
simless,5,1,enron_full_266097,no_exact_ref,28831.050,0,77,413921,105963776
simless,4,1,enron_full_267067,exact_ref,28931.111,1,0,413921,105963776
simless,5,1,enron_full_267067,exact_ref,28931.111,1,0,413921,105963776
simless,6,1,enron_full_267067,exact_ref,28931.111,1,0,413921,105963776
simless,5,1,enron_full_267198,exact_ref,26688.962,1,0,413921,105963776
simless,6,1,enron_full_267198,exact_ref,26688.962,1,0,413921,105963776
simless,4,1,enron_full_267198,exact_ref,26688.962,1,0,413921,105963776
simless,6,1,enron_full_268981,exact_ref,26720.973,1,0,413921,105963776
simless,4,1,enron_full_268981,exact_ref,26720.973,1,0,413921,105963776
simless,5,1,enron_full_268981,exact_ref,26720.973,1,0,413921,105963776
simless,4,1,enron_full_269702,no_exact_ref,28042.332,0,10,413921,105963776
simless,5,1,enron_full_269702,no_exact_ref,28042.332,0,10,413921,105963776
simless,6,1,enron_full_269702,no_exact_ref,28042.332,0,10,413921,105963776
simless,5,1,enron_full_270257,no_exact_ref,27997.827,0,15,413921,105963776
simless,6,1,enron_full_270257,no_exact_ref,27997.827,0,15,413921,105963776
simless,4,1,enron_full_270257,no_exact_ref,27997.827,0,15,413921,105963776
simless,6,1,enron_full_270526,exact_ref,26546.434,1,0,413921,105963776
simless,4,1,enron_full_270526,exact_ref,26546.434,1,0,413921,105963776
simless,5,1,enron_full_270526,exact_ref,26546.434,1,0,413921,105963776
simless,4,1,enron_full_271097,exact_ref,26037.395,1,0,413921,105963776
simless,5,1,enron_full_271097,exact_ref,26037.395,1,0,413921,105963776
simless,6,1,enron_full_271097,exact_ref,26037.395,1,0,413921,105963776
simless,5,1,enron_full_271232,exact_ref,26112.124,1,0,413921,105963776
simless,6,1,enron_full_271232,exact_ref,26112.124,1,0,413921,105963776
simless,4,1,enron_full_271232,exact_ref,26112.124,1,0,413921,105963776
simless,6,1,enron_full_272570,no_exact_ref,26557.901,0,94,413921,105963776
simless,4,1,enron_full_272570,no_exact_ref,26557.901,0,94,413921,105963776
simless,5,1,enron_full_272570,no_exact_ref,26557.901,0,94,413921,105963776
simless,4,1,enron_full_273248,exact_ref,27537.057,1,0,413921,105963776
simless,5,1,enron_full_273248,exact_ref,27537.057,1,0,413921,105963776
simless,6,1,enron_full_273248,exact_ref,27537.057,1,0,413921,105963776
simless,5,1,enron_full_273363,exact_ref,27342.575,1,0,413921,105963776
simless,6,1,enron_full_273363,exact_ref,27342.575,1,0,413921,105963776
simless,4,1,enron_full_273363,exact_ref,27342.575,1,0,413921,105963776
simless,6,1,enron_full_273791,exact_ref,25923.434,1,0,413921,105963776
simless,4,1,enron_full_273791,exact_ref,25923.434,1,0,413921,105963776
simless,5,1,enron_full_273791,exact_ref,25923.434,1,0,413921,105963776
simless,4,1,enron_full_273820,exact_ref,25973.351,1,0,413921,105963776
simless,5,1,enron_full_273820,exact_ref,25973.351,1,0,413921,105963776
simless,6,1,enron_full_273820,exact_ref,25973.351,1,0,413921,105963776
simless,5,1,enron_full_273961,exact_ref,25761.311,1,0,413921,105963776
simless,6,1,enron_full_273961,exact_ref,25761.311,1,0,413921,105963776
simless,4,1,enron_full_273961,exact_ref,25761.311,1,0,413921,105963776
simless,6,1,enron_full_274206,exact_ref,28110.173,1,0,413921,105963776
simless,4,1,enron_full_274206,exact_ref,28110.173,1,0,413921,105963776
simless,5,1,enron_full_274206,exact_ref,28110.173,1,0,413921,105963776
simless,4,1,enron_full_274561,exact_ref,28371.543,1,0,413921,105963776
simless,5,1,enron_full_274561,exact_ref,28371.543,1,0,413921,105963776
simless,6,1,enron_full_274561,exact_ref,28371.543,1,0,413921,105963776
simless,5,1,enron_full_274757,exact_ref,28986.596,1,0,413921,105963776
simless,6,1,enron_full_274757,exact_ref,28986.596,1,0,413921,105963776
simless,4,1,enron_full_274757,exact_ref,28986.596,1,0,413921,105963776
simless,6,1,enron_full_274786,no_exact_ref,29978.028,0,89,413921,105963776
simless,4,1,enron_full_274786,no_exact_ref,29978.028,0,89,413921,105963776
simless,5,1,enron_full_274786,no_exact_ref,29978.028,0,89,413921,105963776
simless,4,1,enron_full_275183,no_exact_ref,27874.066,0,91,413921,105963776
simless,5,1,enron_full_275183,no_exact_ref,27874.066,0,91,413921,105963776
simless,6,1,enron_full_275183,no_exact_ref,27874.066,0,91,413921,105963776
simless,5,1,enron_full_275570,exact_ref,26657.407,1,0,413921,105963776
simless,6,1,enron_full_275570,exact_ref,26657.407,1,0,413921,105963776
simless,4,1,enron_full_275570,exact_ref,26657.407,1,0,413921,105963776
simless,6,1,enron_full_276028,no_exact_ref,26602.575,0,41,413921,105963776
simless,4,1,enron_full_276028,no_exact_ref,26602.575,0,41,413921,105963776
simless,5,1,enron_full_276028,no_exact_ref,26602.575,0,41,413921,105963776
simless,4,1,enron_full_276324,exact_ref,27212.198,1,0,413921,105963776
simless,5,1,enron_full_276324,exact_ref,27212.198,1,0,413921,105963776
simless,6,1,enron_full_276324,exact_ref,27212.198,1,0,413921,105963776
simless,5,1,enron_full_276342,exact_ref,27068.507,1,0,413921,105963776
simless,6,1,enron_full_276342,exact_ref,27068.507,1,0,413921,105963776
simless,4,1,enron_full_276342,exact_ref,27068.507,1,0,413921,105963776
simless,6,1,enron_full_277439,no_exact_ref,27819.642,0,87,413921,105963776
simless,4,1,enron_full_277439,no_exact_ref,27819.642,0,87,413921,105963776
simless,5,1,enron_full_277439,no_exact_ref,27819.642,0,87,413921,105963776
simless,4,1,enron_full_277990,exact_ref,27249.029,1,0,413921,105963776
simless,5,1,enron_full_277990,exact_ref,27249.029,1,0,413921,105963776
simless,6,1,enron_full_277990,exact_ref,27249.029,1,0,413921,105963776
simless,5,1,enron_full_278811,exact_ref,26598.838,1,0,413921,105963776
simless,6,1,enron_full_278811,exact_ref,26598.838,1,0,413921,105963776
simless,4,1,enron_full_278811,exact_ref,26598.838,1,0,413921,105963776
simless,6,1,enron_full_279563,no_exact_ref,27146.266,1,0,413921,105963776
simless,4,1,enron_full_279563,no_exact_ref,27146.266,1,0,413921,105963776
simless,5,1,enron_full_279563,no_exact_ref,27146.266,1,0,413921,105963776
simless,4,1,enron_full_279751,exact_ref,26341.350,1,0,413921,105963776
simless,5,1,enron_full_279751,exact_ref,26341.350,1,0,413921,105963776
simless,6,1,enron_full_279751,exact_ref,26341.350,1,0,413921,105963776
simless,5,1,enron_full_280423,no_exact_ref,26831.898,0,67,413921,105963776
simless,6,1,enron_full_280423,no_exact_ref,26831.898,0,67,413921,105963776
simless,4,1,enron_full_280423,no_exact_ref,26831.898,0,67,413921,105963776
simless,6,1,enron_full_280603,no_exact_ref,29412.297,0,92,413921,105963776
simless,4,1,enron_full_280603,no_exact_ref,29412.297,0,92,413921,105963776
simless,5,1,enron_full_280603,no_exact_ref,29412.297,0,92,413921,105963776
simless,4,1,enron_full_281547,no_exact_ref,29511.528,0,84,413921,105963776
simless,5,1,enron_full_281547,no_exact_ref,29511.528,0,84,413921,105963776
simless,6,1,enron_full_281547,no_exact_ref,29511.528,0,84,413921,105963776
simless,5,1,enron_full_282395,exact_ref,28718.203,1,0,413921,105963776
simless,6,1,enron_full_282395,exact_ref,28718.203,1,0,413921,105963776
simless,4,1,enron_full_282395,exact_ref,28718.203,1,0,413921,105963776
simless,6,1,enron_full_283356,exact_ref,27759.580,1,0,413921,105963776
simless,4,1,enron_full_283356,exact_ref,27759.580,1,0,413921,105963776
simless,5,1,enron_full_283356,exact_ref,27759.580,1,0,413921,105963776
simless,4,1,enron_full_283839,exact_ref,27965.878,1,0,413921,105963776
simless,5,1,enron_full_283839,exact_ref,27965.878,1,0,413921,105963776
simless,6,1,enron_full_283839,exact_ref,27965.878,1,0,413921,105963776
simless,5,1,enron_full_283868,exact_ref,26188.557,1,0,413921,105963776
simless,6,1,enron_full_283868,exact_ref,26188.557,1,0,413921,105963776
simless,4,1,enron_full_283868,exact_ref,26188.557,1,0,413921,105963776
simless,6,1,enron_full_284197,exact_ref,29551.315,1,0,413921,105963776
simless,4,1,enron_full_284197,exact_ref,29551.315,1,0,413921,105963776
simless,5,1,enron_full_284197,exact_ref,29551.315,1,0,413921,105963776
simless,4,1,enron_full_284956,exact_ref,29688.963,1,0,413921,105963776
simless,5,1,enron_full_284956,exact_ref,29688.963,1,0,413921,105963776
simless,6,1,enron_full_284956,exact_ref,29688.963,1,0,413921,105963776
simless,5,1,enron_full_285559,exact_ref,28665.335,1,0,413921,105963776
simless,6,1,enron_full_285559,exact_ref,28665.335,1,0,413921,105963776
simless,4,1,enron_full_285559,exact_ref,28665.335,1,0,413921,105963776
simless,6,1,enron_full_286024,exact_ref,28467.255,1,0,413921,105963776
simless,4,1,enron_full_286024,exact_ref,28467.255,1,0,413921,105963776
simless,5,1,enron_full_286024,exact_ref,28467.255,1,0,413921,105963776
simless,4,1,enron_full_286036,exact_ref,28308.065,1,0,413921,105963776
simless,5,1,enron_full_286036,exact_ref,28308.065,1,0,413921,105963776
simless,6,1,enron_full_286036,exact_ref,28308.065,1,0,413921,105963776
simless,5,1,enron_full_286164,exact_ref,27197.507,1,0,413921,105963776
simless,6,1,enron_full_286164,exact_ref,27197.507,1,0,413921,105963776
simless,4,1,enron_full_286164,exact_ref,27197.507,1,0,413921,105963776
simless,6,1,enron_full_286899,exact_ref,26444.661,1,0,413921,105963776
simless,4,1,enron_full_286899,exact_ref,26444.661,1,0,413921,105963776
simless,5,1,enron_full_286899,exact_ref,26444.661,1,0,413921,105963776
simless,4,1,enron_full_287012,no_exact_ref,28860.887,0,64,413921,105963776
simless,5,1,enron_full_287012,no_exact_ref,28860.887,0,64,413921,105963776
simless,6,1,enron_full_287012,no_exact_ref,28860.887,0,64,413921,105963776
simless,5,1,enron_full_287512,exact_ref,28655.168,1,0,413921,105963776
simless,6,1,enron_full_287512,exact_ref,28655.168,1,0,413921,105963776
simless,4,1,enron_full_287512,exact_ref,28655.168,1,0,413921,105963776
simless,6,1,enron_full_287655,exact_ref,28017.326,1,0,413921,105963776
simless,4,1,enron_full_287655,exact_ref,28017.326,1,0,413921,105963776
simless,5,1,enron_full_287655,exact_ref,28017.326,1,0,413921,105963776
simless,4,1,enron_full_287736,exact_ref,26512.994,1,0,413921,105963776
simless,5,1,enron_full_287736,exact_ref,26512.994,1,0,413921,105963776
simless,6,1,enron_full_287736,exact_ref,26512.994,1,0,413921,105963776
simless,5,1,enron_full_287760,exact_ref,25700.968,1,0,413921,105963776
simless,6,1,enron_full_287760,exact_ref,25700.968,1,0,413921,105963776
simless,4,1,enron_full_287760,exact_ref,25700.968,1,0,413921,105963776
simless,6,1,enron_full_287778,exact_ref,25423.559,1,0,413921,105963776
simless,4,1,enron_full_287778,exact_ref,25423.559,1,0,413921,105963776
simless,5,1,enron_full_287778,exact_ref,25423.559,1,0,413921,105963776
simless,4,1,enron_full_288938,exact_ref,24987.586,1,0,413921,105963776
simless,5,1,enron_full_288938,exact_ref,24987.586,1,0,413921,105963776
simless,6,1,enron_full_288938,exact_ref,24987.586,1,0,413921,105963776
simless,5,1,enron_full_289243,no_exact_ref,25035.441,0,48,413921,105963776
simless,6,1,enron_full_289243,no_exact_ref,25035.441,0,48,413921,105963776
simless,4,1,enron_full_289243,no_exact_ref,25035.441,0,48,413921,105963776
simless,6,1,enron_full_291054,no_exact_ref,25389.463,0,48,413921,105963776
simless,4,1,enron_full_291054,no_exact_ref,25389.463,0,48,413921,105963776
simless,5,1,enron_full_291054,no_exact_ref,25389.463,0,48,413921,105963776
simless,4,1,enron_full_291275,no_exact_ref,25386.493,0,37,413921,105963776
simless,5,1,enron_full_291275,no_exact_ref,25386.493,0,37,413921,105963776
simless,6,1,enron_full_291275,no_exact_ref,25386.493,0,37,413921,105963776
simless,5,1,enron_full_291375,no_exact_ref,25354.709,0,46,413921,105963776
simless,6,1,enron_full_291375,no_exact_ref,25354.709,0,46,413921,105963776
simless,4,1,enron_full_291375,no_exact_ref,25354.709,0,46,413921,105963776
simless,6,1,enron_full_291790,exact_ref,25316.835,1,0,413921,105963776
simless,4,1,enron_full_291790,exact_ref,25316.835,1,0,413921,105963776
simless,5,1,enron_full_291790,exact_ref,25316.835,1,0,413921,105963776
simless,4,1,enron_full_292561,exact_ref,25580.945,1,0,413921,105963776
simless,5,1,enron_full_292561,exact_ref,25580.945,1,0,413921,105963776
simless,6,1,enron_full_292561,exact_ref,25580.945,1,0,413921,105963776
simless,5,1,enron_full_292656,exact_ref,27014.892,1,0,413921,105963776
simless,6,1,enron_full_292656,exact_ref,27014.892,1,0,413921,105963776
simless,4,1,enron_full_292656,exact_ref,27014.892,1,0,413921,105963776
simless,6,1,enron_full_293066,exact_ref,28439.913,1,0,413921,105963776
simless,4,1,enron_full_293066,exact_ref,28439.913,1,0,413921,105963776
simless,5,1,enron_full_293066,exact_ref,28439.913,1,0,413921,105963776
simless,4,1,enron_full_293083,exact_ref,28223.269,1,0,413921,105963776
simless,5,1,enron_full_293083,exact_ref,28223.269,1,0,413921,105963776
simless,6,1,enron_full_293083,exact_ref,28223.269,1,0,413921,105963776
simless,5,1,enron_full_293619,exact_ref,29089.464,1,0,413921,105963776
simless,6,1,enron_full_293619,exact_ref,29089.464,1,0,413921,105963776
simless,4,1,enron_full_293619,exact_ref,29089.464,1,0,413921,105963776
simless,6,1,enron_full_293948,no_exact_ref,29064.670,0,19,413921,105963776
simless,4,1,enron_full_293948,no_exact_ref,29064.670,0,19,413921,105963776
simless,5,1,enron_full_293948,no_exact_ref,29064.670,0,19,413921,105963776
simless,4,1,enron_full_293985,exact_ref,27303.794,1,0,413921,105963776
simless,5,1,enron_full_293985,exact_ref,27303.794,1,0,413921,105963776
simless,6,1,enron_full_293985,exact_ref,27303.794,1,0,413921,105963776
simless,5,1,enron_full_295023,exact_ref,27971.113,1,0,413921,105963776
simless,6,1,enron_full_295023,exact_ref,27971.113,1,0,413921,105963776
simless,4,1,enron_full_295023,exact_ref,27971.113,1,0,413921,105963776
simless,6,1,enron_full_295246,no_exact_ref,27025.860,0,19,413921,105963776
simless,4,1,enron_full_295246,no_exact_ref,27025.860,0,19,413921,105963776
simless,5,1,enron_full_295246,no_exact_ref,27025.860,0,19,413921,105963776
simless,4,1,enron_full_296957,no_exact_ref,26893.336,0,14,413921,105963776
simless,5,1,enron_full_296957,no_exact_ref,26893.336,0,14,413921,105963776
simless,6,1,enron_full_296957,no_exact_ref,26893.336,0,14,413921,105963776
simless,5,1,enron_full_298392,no_exact_ref,26692.866,0,60,413921,105963776
simless,6,1,enron_full_298392,no_exact_ref,26692.866,0,60,413921,105963776
simless,4,1,enron_full_298392,no_exact_ref,26692.866,0,60,413921,105963776
simless,6,1,enron_full_298764,no_exact_ref,26558.574,0,40,413921,105963776
simless,4,1,enron_full_298764,no_exact_ref,26558.574,0,40,413921,105963776
simless,5,1,enron_full_298764,no_exact_ref,26558.574,0,40,413921,105963776
simless,4,1,enron_full_299033,no_exact_ref,26490.123,0,64,413921,105963776
simless,5,1,enron_full_299033,no_exact_ref,26490.123,0,64,413921,105963776
simless,6,1,enron_full_299033,no_exact_ref,26490.123,0,64,413921,105963776
simless,5,1,enron_full_299289,exact_ref,26677.582,1,0,413921,105963776
simless,6,1,enron_full_299289,exact_ref,26677.582,1,0,413921,105963776
simless,4,1,enron_full_299289,exact_ref,26677.582,1,0,413921,105963776
simless,6,1,enron_full_299345,exact_ref,27165.533,1,0,413921,105963776
simless,4,1,enron_full_299345,exact_ref,27165.533,1,0,413921,105963776
simless,5,1,enron_full_299345,exact_ref,27165.533,1,0,413921,105963776
simless,4,1,enron_full_299690,exact_ref,29236.006,1,0,413921,105963776
simless,5,1,enron_full_299690,exact_ref,29236.006,1,0,413921,105963776
simless,6,1,enron_full_299690,exact_ref,29236.006,1,0,413921,105963776
simless,5,1,enron_full_300310,exact_ref,29041.582,1,0,413921,105963776
simless,6,1,enron_full_300310,exact_ref,29041.582,1,0,413921,105963776
simless,4,1,enron_full_300310,exact_ref,29041.582,1,0,413921,105963776
simless,6,1,enron_full_300702,exact_ref,28368.367,1,0,413921,105963776
simless,4,1,enron_full_300702,exact_ref,28368.367,1,0,413921,105963776
simless,5,1,enron_full_300702,exact_ref,28368.367,1,0,413921,105963776
simless,4,1,enron_full_301521,exact_ref,29410.028,1,0,413921,105963776
simless,5,1,enron_full_301521,exact_ref,29410.028,1,0,413921,105963776
simless,6,1,enron_full_301521,exact_ref,29410.028,1,0,413921,105963776
simless,5,1,enron_full_301926,exact_ref,29384.373,1,0,413921,105963776
simless,6,1,enron_full_301926,exact_ref,29384.373,1,0,413921,105963776
simless,4,1,enron_full_301926,exact_ref,29384.373,1,0,413921,105963776
simless,6,1,enron_full_302529,exact_ref,28039.445,1,0,413921,105963776
simless,4,1,enron_full_302529,exact_ref,28039.445,1,0,413921,105963776
simless,5,1,enron_full_302529,exact_ref,28039.445,1,0,413921,105963776
simless,4,1,enron_full_303527,exact_ref,26653.540,1,0,413921,105963776
simless,5,1,enron_full_303527,exact_ref,26653.540,1,0,413921,105963776
simless,6,1,enron_full_303527,exact_ref,26653.540,1,0,413921,105963776
simless,5,1,enron_full_304134,exact_ref,26502.064,1,0,413921,105963776
simless,6,1,enron_full_304134,exact_ref,26502.064,1,0,413921,105963776
simless,4,1,enron_full_304134,exact_ref,26502.064,1,0,413921,105963776
simless,6,1,enron_full_304324,exact_ref,26854.422,1,0,413921,105963776
simless,4,1,enron_full_304324,exact_ref,26854.422,1,0,413921,105963776
simless,5,1,enron_full_304324,exact_ref,26854.422,1,0,413921,105963776
simless,4,1,enron_full_305112,exact_ref,26514.311,1,0,413921,105963776
simless,5,1,enron_full_305112,exact_ref,26514.311,1,0,413921,105963776
simless,6,1,enron_full_305112,exact_ref,26514.311,1,0,413921,105963776
simless,5,1,enron_full_305491,exact_ref,27151.218,1,0,413921,105963776
simless,6,1,enron_full_305491,exact_ref,27151.218,1,0,413921,105963776
simless,4,1,enron_full_305491,exact_ref,27151.218,1,0,413921,105963776
simless,6,1,enron_full_305595,exact_ref,28192.543,1,0,413921,105963776
simless,4,1,enron_full_305595,exact_ref,28192.543,1,0,413921,105963776
simless,5,1,enron_full_305595,exact_ref,28192.543,1,0,413921,105963776
simless,4,1,enron_full_306022,exact_ref,29143.691,1,0,413921,105963776
simless,5,1,enron_full_306022,exact_ref,29143.691,1,0,413921,105963776
simless,6,1,enron_full_306022,exact_ref,29143.691,1,0,413921,105963776
simless,5,1,enron_full_306282,exact_ref,30087.670,1,0,413921,105963776
simless,6,1,enron_full_306282,exact_ref,30087.670,1,0,413921,105963776
simless,4,1,enron_full_306282,exact_ref,30087.670,1,0,413921,105963776
simless,6,1,enron_full_306838,exact_ref,29073.154,1,0,413921,105963776
simless,4,1,enron_full_306838,exact_ref,29073.154,1,0,413921,105963776
simless,5,1,enron_full_306838,exact_ref,29073.154,1,0,413921,105963776
simless,4,1,enron_full_306879,exact_ref,27187.397,1,0,413921,105963776
simless,5,1,enron_full_306879,exact_ref,27187.397,1,0,413921,105963776
simless,6,1,enron_full_306879,exact_ref,27187.397,1,0,413921,105963776
simless,5,1,enron_full_307066,exact_ref,26145.163,1,0,413921,105963776
simless,6,1,enron_full_307066,exact_ref,26145.163,1,0,413921,105963776
simless,4,1,enron_full_307066,exact_ref,26145.163,1,0,413921,105963776
simless,6,1,enron_full_307536,exact_ref,26068.983,1,0,413921,105963776
simless,4,1,enron_full_307536,exact_ref,26068.983,1,0,413921,105963776
simless,5,1,enron_full_307536,exact_ref,26068.983,1,0,413921,105963776
simless,4,1,enron_full_307959,exact_ref,26969.368,1,0,413921,105963776
simless,5,1,enron_full_307959,exact_ref,26969.368,1,0,413921,105963776
simless,6,1,enron_full_307959,exact_ref,26969.368,1,0,413921,105963776
simless,5,1,enron_full_308283,exact_ref,27416.712,1,0,413921,105963776
simless,6,1,enron_full_308283,exact_ref,27416.712,1,0,413921,105963776
simless,4,1,enron_full_308283,exact_ref,27416.712,1,0,413921,105963776
simless,6,1,enron_full_308504,exact_ref,26549.843,1,0,413921,105963776
simless,4,1,enron_full_308504,exact_ref,26549.843,1,0,413921,105963776
simless,5,1,enron_full_308504,exact_ref,26549.843,1,0,413921,105963776
simless,4,1,enron_full_308666,exact_ref,26829.164,1,0,413921,105963776
simless,5,1,enron_full_308666,exact_ref,26829.164,1,0,413921,105963776
simless,6,1,enron_full_308666,exact_ref,26829.164,1,0,413921,105963776
simless,5,1,enron_full_310049,exact_ref,27279.752,1,0,413921,105963776
simless,6,1,enron_full_310049,exact_ref,27279.752,1,0,413921,105963776
simless,4,1,enron_full_310049,exact_ref,27279.752,1,0,413921,105963776
simless,6,1,enron_full_310050,exact_ref,27108.631,1,0,413921,105963776
simless,4,1,enron_full_310050,exact_ref,27108.631,1,0,413921,105963776
simless,5,1,enron_full_310050,exact_ref,27108.631,1,0,413921,105963776
simless,4,1,enron_full_310056,exact_ref,26970.680,1,0,413921,105963776
simless,5,1,enron_full_310056,exact_ref,26970.680,1,0,413921,105963776
simless,6,1,enron_full_310056,exact_ref,26970.680,1,0,413921,105963776
simless,5,1,enron_full_310895,exact_ref,27696.793,1,0,413921,105963776
simless,6,1,enron_full_310895,exact_ref,27696.793,1,0,413921,105963776
simless,4,1,enron_full_310895,exact_ref,27696.793,1,0,413921,105963776
simless,6,1,enron_full_310913,exact_ref,29142.432,1,0,413921,105963776
simless,4,1,enron_full_310913,exact_ref,29142.432,1,0,413921,105963776
simless,5,1,enron_full_310913,exact_ref,29142.432,1,0,413921,105963776
simless,4,1,enron_full_311017,exact_ref,28984.099,1,0,413921,105963776
simless,5,1,enron_full_311017,exact_ref,28984.099,1,0,413921,105963776
simless,6,1,enron_full_311017,exact_ref,28984.099,1,0,413921,105963776
simless,5,1,enron_full_313090,exact_ref,27955.869,1,0,413921,105963776
simless,6,1,enron_full_313090,exact_ref,27955.869,1,0,413921,105963776
simless,4,1,enron_full_313090,exact_ref,27955.869,1,0,413921,105963776
simless,6,1,enron_full_314206,exact_ref,27649.474,1,0,413921,105963776
simless,4,1,enron_full_314206,exact_ref,27649.474,1,0,413921,105963776
simless,5,1,enron_full_314206,exact_ref,27649.474,1,0,413921,105963776
simless,4,1,enron_full_314362,exact_ref,26539.711,1,0,413921,105963776
simless,5,1,enron_full_314362,exact_ref,26539.711,1,0,413921,105963776
simless,6,1,enron_full_314362,exact_ref,26539.711,1,0,413921,105963776
simless,5,1,enron_full_315231,exact_ref,27312.588,1,0,413921,105963776
simless,6,1,enron_full_315231,exact_ref,27312.588,1,0,413921,105963776
simless,4,1,enron_full_315231,exact_ref,27312.588,1,0,413921,105963776
simless,6,1,enron_full_315279,exact_ref,27512.087,1,0,413921,105963776
simless,4,1,enron_full_315279,exact_ref,27512.087,1,0,413921,105963776
simless,5,1,enron_full_315279,exact_ref,27512.087,1,0,413921,105963776
simless,4,1,enron_full_315623,exact_ref,29022.073,1,0,413921,105963776
simless,5,1,enron_full_315623,exact_ref,29022.073,1,0,413921,105963776
simless,6,1,enron_full_315623,exact_ref,29022.073,1,0,413921,105963776
simless,5,1,enron_full_316006,exact_ref,28898.569,1,0,413921,105963776
simless,6,1,enron_full_316006,exact_ref,28898.569,1,0,413921,105963776
simless,4,1,enron_full_316006,exact_ref,28898.569,1,0,413921,105963776
simless,6,1,enron_full_317192,exact_ref,30624.708,1,0,413921,105963776
simless,4,1,enron_full_317192,exact_ref,30624.708,1,0,413921,105963776
simless,5,1,enron_full_317192,exact_ref,30624.708,1,0,413921,105963776
simless,4,1,enron_full_317451,exact_ref,28939.439,1,0,413921,105963776
simless,5,1,enron_full_317451,exact_ref,28939.439,1,0,413921,105963776
simless,6,1,enron_full_317451,exact_ref,28939.439,1,0,413921,105963776
simless,5,1,enron_full_318133,exact_ref,26737.999,1,0,413921,105963776
simless,6,1,enron_full_318133,exact_ref,26737.999,1,0,413921,105963776
simless,4,1,enron_full_318133,exact_ref,26737.999,1,0,413921,105963776
simless,6,1,enron_full_318207,exact_ref,28046.382,1,0,413921,105963776
simless,4,1,enron_full_318207,exact_ref,28046.382,1,0,413921,105963776
simless,5,1,enron_full_318207,exact_ref,28046.382,1,0,413921,105963776
simless,4,1,enron_full_318845,exact_ref,30107.508,1,0,413921,105963776
simless,5,1,enron_full_318845,exact_ref,30107.508,1,0,413921,105963776
simless,6,1,enron_full_318845,exact_ref,30107.508,1,0,413921,105963776
simless,5,1,enron_full_318909,exact_ref,29515.626,1,0,413921,105963776
simless,6,1,enron_full_318909,exact_ref,29515.626,1,0,413921,105963776
simless,4,1,enron_full_318909,exact_ref,29515.626,1,0,413921,105963776
simless,6,1,enron_full_319080,exact_ref,27479.240,1,0,413921,105963776
simless,4,1,enron_full_319080,exact_ref,27479.240,1,0,413921,105963776
simless,5,1,enron_full_319080,exact_ref,27479.240,1,0,413921,105963776
simless,4,1,enron_full_319320,exact_ref,27280.135,1,0,413921,105963776
simless,5,1,enron_full_319320,exact_ref,27280.135,1,0,413921,105963776
simless,6,1,enron_full_319320,exact_ref,27280.135,1,0,413921,105963776
simless,5,1,enron_full_319952,exact_ref,26848.771,1,0,413921,105963776
simless,6,1,enron_full_319952,exact_ref,26848.771,1,0,413921,105963776
simless,4,1,enron_full_319952,exact_ref,26848.771,1,0,413921,105963776
simless,6,1,enron_full_320564,exact_ref,26731.853,1,0,413921,105963776
simless,4,1,enron_full_320564,exact_ref,26731.853,1,0,413921,105963776
simless,5,1,enron_full_320564,exact_ref,26731.853,1,0,413921,105963776
simless,4,1,enron_full_320626,exact_ref,27139.726,1,0,413921,105963776
simless,5,1,enron_full_320626,exact_ref,27139.726,1,0,413921,105963776
simless,6,1,enron_full_320626,exact_ref,27139.726,1,0,413921,105963776
simless,5,1,enron_full_321445,exact_ref,26653.886,1,0,413921,105963776
simless,6,1,enron_full_321445,exact_ref,26653.886,1,0,413921,105963776
simless,4,1,enron_full_321445,exact_ref,26653.886,1,0,413921,105963776
simless,6,1,enron_full_321807,exact_ref,27156.687,1,0,413921,105963776
simless,4,1,enron_full_321807,exact_ref,27156.687,1,0,413921,105963776
simless,5,1,enron_full_321807,exact_ref,27156.687,1,0,413921,105963776
simless,4,1,enron_full_321918,exact_ref,26874.901,1,0,413921,105963776
simless,5,1,enron_full_321918,exact_ref,26874.901,1,0,413921,105963776
simless,6,1,enron_full_321918,exact_ref,26874.901,1,0,413921,105963776
simless,5,1,enron_full_322149,exact_ref,26702.557,1,0,413921,105963776
simless,6,1,enron_full_322149,exact_ref,26702.557,1,0,413921,105963776
simless,4,1,enron_full_322149,exact_ref,26702.557,1,0,413921,105963776
simless,6,1,enron_full_322706,exact_ref,27512.723,1,0,413921,105963776
simless,4,1,enron_full_322706,exact_ref,27512.723,1,0,413921,105963776
simless,5,1,enron_full_322706,exact_ref,27512.723,1,0,413921,105963776
simless,4,1,enron_full_322737,exact_ref,27914.300,1,0,413921,105963776
simless,5,1,enron_full_322737,exact_ref,27914.300,1,0,413921,105963776
simless,6,1,enron_full_322737,exact_ref,27914.300,1,0,413921,105963776
simless,5,1,enron_full_322757,exact_ref,28703.313,1,0,413921,105963776
simless,6,1,enron_full_322757,exact_ref,28703.313,1,0,413921,105963776
simless,4,1,enron_full_322757,exact_ref,28703.313,1,0,413921,105963776
simless,6,1,enron_full_324000,exact_ref,27846.859,1,0,413921,105963776
simless,4,1,enron_full_324000,exact_ref,27846.859,1,0,413921,105963776
simless,5,1,enron_full_324000,exact_ref,27846.859,1,0,413921,105963776
simless,4,1,enron_full_324353,no_exact_ref,27617.604,0,34,413921,105963776
simless,5,1,enron_full_324353,no_exact_ref,27617.604,0,34,413921,105963776
simless,6,1,enron_full_324353,no_exact_ref,27617.604,0,34,413921,105963776
simless,5,1,enron_full_325002,exact_ref,29136.941,1,0,413921,105963776
simless,6,1,enron_full_325002,exact_ref,29136.941,1,0,413921,105963776
simless,4,1,enron_full_325002,exact_ref,29136.941,1,0,413921,105963776
simless,6,1,enron_full_325131,exact_ref,28781.110,1,0,413921,105963776
simless,4,1,enron_full_325131,exact_ref,28781.110,1,0,413921,105963776
simless,5,1,enron_full_325131,exact_ref,28781.110,1,0,413921,105963776
simless,4,1,enron_full_325547,exact_ref,28945.479,1,0,413921,105963776
simless,5,1,enron_full_325547,exact_ref,28945.479,1,0,413921,105963776
simless,6,1,enron_full_325547,exact_ref,28945.479,1,0,413921,105963776
simless,5,1,enron_full_326276,exact_ref,26993.603,1,0,413921,105963776
simless,6,1,enron_full_326276,exact_ref,26993.603,1,0,413921,105963776
simless,4,1,enron_full_326276,exact_ref,26993.603,1,0,413921,105963776
simless,6,1,enron_full_326406,exact_ref,27045.705,1,0,413921,105963776
simless,4,1,enron_full_326406,exact_ref,27045.705,1,0,413921,105963776
simless,5,1,enron_full_326406,exact_ref,27045.705,1,0,413921,105963776
simless,4,1,enron_full_326699,exact_ref,27021.276,1,0,413921,105963776
simless,5,1,enron_full_326699,exact_ref,27021.276,1,0,413921,105963776
simless,6,1,enron_full_326699,exact_ref,27021.276,1,0,413921,105963776
simless,5,1,enron_full_326891,exact_ref,27067.771,1,0,413921,105963776
simless,6,1,enron_full_326891,exact_ref,27067.771,1,0,413921,105963776
simless,4,1,enron_full_326891,exact_ref,27067.771,1,0,413921,105963776
simless,6,1,enron_full_327398,exact_ref,26600.125,1,0,413921,105963776
simless,4,1,enron_full_327398,exact_ref,26600.125,1,0,413921,105963776
simless,5,1,enron_full_327398,exact_ref,26600.125,1,0,413921,105963776
simless,4,1,enron_full_327734,exact_ref,25972.118,1,0,413921,105963776
simless,5,1,enron_full_327734,exact_ref,25972.118,1,0,413921,105963776
simless,6,1,enron_full_327734,exact_ref,25972.118,1,0,413921,105963776
simless,5,1,enron_full_330743,exact_ref,29348.783,1,0,413921,105963776
simless,6,1,enron_full_330743,exact_ref,29348.783,1,0,413921,105963776
simless,4,1,enron_full_330743,exact_ref,29348.783,1,0,413921,105963776
simless,6,1,enron_full_330847,exact_ref,30290.220,1,0,413921,105963776
simless,4,1,enron_full_330847,exact_ref,30290.220,1,0,413921,105963776
simless,5,1,enron_full_330847,exact_ref,30290.220,1,0,413921,105963776
simless,4,1,enron_full_331065,no_exact_ref,28409.940,0,87,413921,105963776
simless,5,1,enron_full_331065,no_exact_ref,28409.940,0,87,413921,105963776
simless,6,1,enron_full_331065,no_exact_ref,28409.940,0,87,413921,105963776
simless,5,1,enron_full_331235,exact_ref,26206.371,1,0,413921,105963776
simless,6,1,enron_full_331235,exact_ref,26206.371,1,0,413921,105963776
simless,4,1,enron_full_331235,exact_ref,26206.371,1,0,413921,105963776
simless,6,1,enron_full_331309,no_exact_ref,26754.975,0,68,413921,105963776
simless,4,1,enron_full_331309,no_exact_ref,26754.975,0,68,413921,105963776
simless,5,1,enron_full_331309,no_exact_ref,26754.975,0,68,413921,105963776
simless,4,1,enron_full_332147,no_exact_ref,26084.101,0,71,413921,105963776
simless,5,1,enron_full_332147,no_exact_ref,26084.101,0,71,413921,105963776
simless,6,1,enron_full_332147,no_exact_ref,26084.101,0,71,413921,105963776
simless,5,1,enron_full_332523,exact_ref,26021.337,1,0,413921,105963776
simless,6,1,enron_full_332523,exact_ref,26021.337,1,0,413921,105963776
simless,4,1,enron_full_332523,exact_ref,26021.337,1,0,413921,105963776
simless,6,1,enron_full_333276,exact_ref,25859.365,1,0,413921,105963776
simless,4,1,enron_full_333276,exact_ref,25859.365,1,0,413921,105963776
simless,5,1,enron_full_333276,exact_ref,25859.365,1,0,413921,105963776
simless,4,1,enron_full_333308,exact_ref,26983.317,1,0,413921,105963776
simless,5,1,enron_full_333308,exact_ref,26983.317,1,0,413921,105963776
simless,6,1,enron_full_333308,exact_ref,26983.317,1,0,413921,105963776
simless,5,1,enron_full_333309,exact_ref,26552.040,1,0,413921,105963776
simless,6,1,enron_full_333309,exact_ref,26552.040,1,0,413921,105963776
simless,4,1,enron_full_333309,exact_ref,26552.040,1,0,413921,105963776
simless,6,1,enron_full_334798,no_exact_ref,25680.410,0,93,413921,105963776
simless,4,1,enron_full_334798,no_exact_ref,25680.410,0,93,413921,105963776
simless,5,1,enron_full_334798,no_exact_ref,25680.410,0,93,413921,105963776
simless,4,1,enron_full_335428,exact_ref,29213.435,1,0,413921,105963776
simless,5,1,enron_full_335428,exact_ref,29213.435,1,0,413921,105963776
simless,6,1,enron_full_335428,exact_ref,29213.435,1,0,413921,105963776
simless,5,1,enron_full_335498,exact_ref,29536.921,1,0,413921,105963776
simless,6,1,enron_full_335498,exact_ref,29536.921,1,0,413921,105963776
simless,4,1,enron_full_335498,exact_ref,29536.921,1,0,413921,105963776
simless,6,1,enron_full_335546,exact_ref,29089.038,1,0,413921,105963776
simless,4,1,enron_full_335546,exact_ref,29089.038,1,0,413921,105963776
simless,5,1,enron_full_335546,exact_ref,29089.038,1,0,413921,105963776
simless,4,1,enron_full_335575,exact_ref,29166.384,1,0,413921,105963776
simless,5,1,enron_full_335575,exact_ref,29166.384,1,0,413921,105963776
simless,6,1,enron_full_335575,exact_ref,29166.384,1,0,413921,105963776
simless,5,1,enron_full_335623,exact_ref,28959.877,1,0,413921,105963776
simless,6,1,enron_full_335623,exact_ref,28959.877,1,0,413921,105963776
simless,4,1,enron_full_335623,exact_ref,28959.877,1,0,413921,105963776
simless,6,1,enron_full_335857,exact_ref,27802.060,1,0,413921,105963776
simless,4,1,enron_full_335857,exact_ref,27802.060,1,0,413921,105963776
simless,5,1,enron_full_335857,exact_ref,27802.060,1,0,413921,105963776
simless,4,1,enron_full_335946,exact_ref,25753.913,1,0,413921,105963776
simless,5,1,enron_full_335946,exact_ref,25753.913,1,0,413921,105963776
simless,6,1,enron_full_335946,exact_ref,25753.913,1,0,413921,105963776
simless,5,1,enron_full_336542,exact_ref,26189.287,1,0,413921,105963776
simless,6,1,enron_full_336542,exact_ref,26189.287,1,0,413921,105963776
simless,4,1,enron_full_336542,exact_ref,26189.287,1,0,413921,105963776
simless,6,1,enron_full_337267,exact_ref,25680.117,1,0,413921,105963776
simless,4,1,enron_full_337267,exact_ref,25680.117,1,0,413921,105963776
simless,5,1,enron_full_337267,exact_ref,25680.117,1,0,413921,105963776
simless,4,1,enron_full_337292,exact_ref,26266.858,1,0,413921,105963776
simless,5,1,enron_full_337292,exact_ref,26266.858,1,0,413921,105963776
simless,6,1,enron_full_337292,exact_ref,26266.858,1,0,413921,105963776
simless,5,1,enron_full_337470,exact_ref,41248.806,1,0,413921,105963776
simless,6,1,enron_full_337470,exact_ref,41248.806,1,0,413921,105963776
simless,4,1,enron_full_337470,exact_ref,41248.806,1,0,413921,105963776
simless,6,1,enron_full_339638,no_exact_ref,35224.064,0,28,413921,105963776
simless,4,1,enron_full_339638,no_exact_ref,35224.064,0,28,413921,105963776
simless,5,1,enron_full_339638,no_exact_ref,35224.064,0,28,413921,105963776
simless,4,1,enron_full_340418,exact_ref,29455.319,1,0,413921,105963776
simless,5,1,enron_full_340418,exact_ref,29455.319,1,0,413921,105963776
simless,6,1,enron_full_340418,exact_ref,29455.319,1,0,413921,105963776
simless,5,1,enron_full_340472,exact_ref,25957.201,1,0,413921,105963776
simless,6,1,enron_full_340472,exact_ref,25957.201,1,0,413921,105963776
simless,4,1,enron_full_340472,exact_ref,25957.201,1,0,413921,105963776
simless,6,1,enron_full_340761,exact_ref,26867.461,1,0,413921,105963776
simless,4,1,enron_full_340761,exact_ref,26867.461,1,0,413921,105963776
simless,5,1,enron_full_340761,exact_ref,26867.461,1,0,413921,105963776
simless,4,1,enron_full_341249,exact_ref,28683.804,1,0,413921,105963776
simless,5,1,enron_full_341249,exact_ref,28683.804,1,0,413921,105963776
simless,6,1,enron_full_341249,exact_ref,28683.804,1,0,413921,105963776
simless,5,1,enron_full_341362,exact_ref,29330.648,1,0,413921,105963776
simless,6,1,enron_full_341362,exact_ref,29330.648,1,0,413921,105963776
simless,4,1,enron_full_341362,exact_ref,29330.648,1,0,413921,105963776
simless,6,1,enron_full_342301,exact_ref,27313.858,1,0,413921,105963776
simless,4,1,enron_full_342301,exact_ref,27313.858,1,0,413921,105963776
simless,5,1,enron_full_342301,exact_ref,27313.858,1,0,413921,105963776
simless,4,1,enron_full_342735,exact_ref,26327.905,1,0,413921,105963776
simless,5,1,enron_full_342735,exact_ref,26327.905,1,0,413921,105963776
simless,6,1,enron_full_342735,exact_ref,26327.905,1,0,413921,105963776
simless,5,1,enron_full_344191,exact_ref,26351.868,1,0,413921,105963776
simless,6,1,enron_full_344191,exact_ref,26351.868,1,0,413921,105963776
simless,4,1,enron_full_344191,exact_ref,26351.868,1,0,413921,105963776
simless,6,1,enron_full_344335,exact_ref,26166.482,1,0,413921,105963776
simless,4,1,enron_full_344335,exact_ref,26166.482,1,0,413921,105963776
simless,5,1,enron_full_344335,exact_ref,26166.482,1,0,413921,105963776
simless,4,1,enron_full_344645,no_exact_ref,26451.954,0,92,413921,105963776
simless,5,1,enron_full_344645,no_exact_ref,26451.954,0,92,413921,105963776
simless,6,1,enron_full_344645,no_exact_ref,26451.954,0,92,413921,105963776
simless,5,1,enron_full_345595,exact_ref,26269.637,1,0,413921,105963776
simless,6,1,enron_full_345595,exact_ref,26269.637,1,0,413921,105963776
simless,4,1,enron_full_345595,exact_ref,26269.637,1,0,413921,105963776
simless,6,1,enron_full_345814,exact_ref,28660.717,1,0,413921,105963776
simless,4,1,enron_full_345814,exact_ref,28660.717,1,0,413921,105963776
simless,5,1,enron_full_345814,exact_ref,28660.717,1,0,413921,105963776
simless,4,1,enron_full_348142,exact_ref,27856.850,1,0,413921,105963776
simless,5,1,enron_full_348142,exact_ref,27856.850,1,0,413921,105963776
simless,6,1,enron_full_348142,exact_ref,27856.850,1,0,413921,105963776
simless,5,1,enron_full_348438,no_exact_ref,28929.578,0,28,413921,105963776
simless,6,1,enron_full_348438,no_exact_ref,28929.578,0,28,413921,105963776
simless,4,1,enron_full_348438,no_exact_ref,28929.578,0,28,413921,105963776
simless,6,1,enron_full_349353,no_exact_ref,28009.046,0,42,413921,105963776
simless,4,1,enron_full_349353,no_exact_ref,28009.046,0,42,413921,105963776
simless,5,1,enron_full_349353,no_exact_ref,28009.046,0,42,413921,105963776
simless,4,1,enron_full_349483,no_exact_ref,27279.241,0,57,413921,105963776
simless,5,1,enron_full_349483,no_exact_ref,27279.241,0,57,413921,105963776
simless,6,1,enron_full_349483,no_exact_ref,27279.241,0,57,413921,105963776
simless,5,1,enron_full_352068,no_exact_ref,28512.064,0,93,413921,105963776
simless,6,1,enron_full_352068,no_exact_ref,28512.064,0,93,413921,105963776
simless,4,1,enron_full_352068,no_exact_ref,28512.064,0,93,413921,105963776
simless,6,1,enron_full_352183,exact_ref,29116.484,1,0,413921,105963776
simless,4,1,enron_full_352183,exact_ref,29116.484,1,0,413921,105963776
simless,5,1,enron_full_352183,exact_ref,29116.484,1,0,413921,105963776
simless,4,1,enron_full_352410,exact_ref,27871.119,1,0,413921,105963776
simless,5,1,enron_full_352410,exact_ref,27871.119,1,0,413921,105963776
simless,6,1,enron_full_352410,exact_ref,27871.119,1,0,413921,105963776
simless,5,1,enron_full_352552,no_exact_ref,26216.952,0,59,413921,105963776
simless,6,1,enron_full_352552,no_exact_ref,26216.952,0,59,413921,105963776
simless,4,1,enron_full_352552,no_exact_ref,26216.952,0,59,413921,105963776
simless,6,1,enron_full_353158,exact_ref,26812.876,1,0,413921,105963776
simless,4,1,enron_full_353158,exact_ref,26812.876,1,0,413921,105963776
simless,5,1,enron_full_353158,exact_ref,26812.876,1,0,413921,105963776
simless,4,1,enron_full_353883,no_exact_ref,26741.754,0,91,413921,105963776
simless,5,1,enron_full_353883,no_exact_ref,26741.754,0,91,413921,105963776
simless,6,1,enron_full_353883,no_exact_ref,26741.754,0,91,413921,105963776
simless,5,1,enron_full_354290,no_exact_ref,26571.308,0,7,413921,105963776
simless,6,1,enron_full_354290,no_exact_ref,26571.308,0,7,413921,105963776
simless,4,1,enron_full_354290,no_exact_ref,26571.308,0,7,413921,105963776
simless,6,1,enron_full_355229,no_exact_ref,27942.302,0,87,413921,105963776
simless,4,1,enron_full_355229,no_exact_ref,27942.302,0,87,413921,105963776
simless,5,1,enron_full_355229,no_exact_ref,27942.302,0,87,413921,105963776
simless,4,1,enron_full_355694,exact_ref,29358.058,1,0,413921,105963776
simless,5,1,enron_full_355694,exact_ref,29358.058,1,0,413921,105963776
simless,6,1,enron_full_355694,exact_ref,29358.058,1,0,413921,105963776
simless,5,1,enron_full_355895,no_exact_ref,29130.062,0,32,413921,105963776
simless,6,1,enron_full_355895,no_exact_ref,29130.062,0,32,413921,105963776
simless,4,1,enron_full_355895,no_exact_ref,29130.062,0,32,413921,105963776
simless,6,1,enron_full_356569,no_exact_ref,26870.268,0,90,413921,105963776
simless,4,1,enron_full_356569,no_exact_ref,26870.268,0,90,413921,105963776
simless,5,1,enron_full_356569,no_exact_ref,26870.268,0,90,413921,105963776
simless,4,1,enron_full_356908,exact_ref,26283.180,1,0,413921,105963776
simless,5,1,enron_full_356908,exact_ref,26283.180,1,0,413921,105963776
simless,6,1,enron_full_356908,exact_ref,26283.180,1,0,413921,105963776
simless,5,1,enron_full_356976,no_exact_ref,26439.702,0,8,413921,105963776
simless,6,1,enron_full_356976,no_exact_ref,26439.702,0,8,413921,105963776
simless,4,1,enron_full_356976,no_exact_ref,26439.702,0,8,413921,105963776
simless,6,1,enron_full_358597,no_exact_ref,28367.478,0,53,413921,105963776
simless,4,1,enron_full_358597,no_exact_ref,28367.478,0,53,413921,105963776
simless,5,1,enron_full_358597,no_exact_ref,28367.478,0,53,413921,105963776
simless,4,1,enron_full_358915,no_exact_ref,29237.048,0,27,413921,105963776
simless,5,1,enron_full_358915,no_exact_ref,29237.048,0,27,413921,105963776
simless,6,1,enron_full_358915,no_exact_ref,29237.048,0,27,413921,105963776
simless,5,1,enron_full_360085,exact_ref,27602.259,1,0,413921,105963776
simless,6,1,enron_full_360085,exact_ref,27602.259,1,0,413921,105963776
simless,4,1,enron_full_360085,exact_ref,27602.259,1,0,413921,105963776
simless,6,1,enron_full_360983,exact_ref,26342.982,1,0,413921,105963776
simless,4,1,enron_full_360983,exact_ref,26342.982,1,0,413921,105963776
simless,5,1,enron_full_360983,exact_ref,26342.982,1,0,413921,105963776
simless,4,1,enron_full_362389,exact_ref,29103.209,1,0,413921,105963776
simless,5,1,enron_full_362389,exact_ref,29103.209,1,0,413921,105963776
simless,6,1,enron_full_362389,exact_ref,29103.209,1,0,413921,105963776
simless,5,1,enron_full_363120,exact_ref,28650.307,1,0,413921,105963776
simless,6,1,enron_full_363120,exact_ref,28650.307,1,0,413921,105963776
simless,4,1,enron_full_363120,exact_ref,28650.307,1,0,413921,105963776
simless,6,1,enron_full_363607,no_exact_ref,28529.895,0,96,413921,105963776
simless,4,1,enron_full_363607,no_exact_ref,28529.895,0,96,413921,105963776
simless,5,1,enron_full_363607,no_exact_ref,28529.895,0,96,413921,105963776
simless,4,1,enron_full_363846,no_exact_ref,28439.559,0,93,413921,105963776
simless,5,1,enron_full_363846,no_exact_ref,28439.559,0,93,413921,105963776
simless,6,1,enron_full_363846,no_exact_ref,28439.559,0,93,413921,105963776
simless,5,1,enron_full_363876,exact_ref,26995.738,1,0,413921,105963776
simless,6,1,enron_full_363876,exact_ref,26995.738,1,0,413921,105963776
simless,4,1,enron_full_363876,exact_ref,26995.738,1,0,413921,105963776
simless,6,1,enron_full_364025,no_exact_ref,26143.886,0,77,413921,105963776
simless,4,1,enron_full_364025,no_exact_ref,26143.886,0,77,413921,105963776
simless,5,1,enron_full_364025,no_exact_ref,26143.886,0,77,413921,105963776
simless,4,1,enron_full_364586,exact_ref,26791.960,1,0,413921,105963776
simless,5,1,enron_full_364586,exact_ref,26791.960,1,0,413921,105963776
simless,6,1,enron_full_364586,exact_ref,26791.960,1,0,413921,105963776
simless,5,1,enron_full_365105,no_exact_ref,27102.795,0,47,413921,105963776
simless,6,1,enron_full_365105,no_exact_ref,27102.795,0,47,413921,105963776
simless,4,1,enron_full_365105,no_exact_ref,27102.795,0,47,413921,105963776
simless,6,1,enron_full_365478,no_exact_ref,27052.841,0,75,413921,105963776
simless,4,1,enron_full_365478,no_exact_ref,27052.841,0,75,413921,105963776
simless,5,1,enron_full_365478,no_exact_ref,27052.841,0,75,413921,105963776
simless,4,1,enron_full_365497,exact_ref,28896.758,1,0,413921,105963776
simless,5,1,enron_full_365497,exact_ref,28896.758,1,0,413921,105963776
simless,6,1,enron_full_365497,exact_ref,28896.758,1,0,413921,105963776
simless,5,1,enron_full_365509,no_exact_ref,29146.029,1,0,413921,105963776
simless,6,1,enron_full_365509,no_exact_ref,29146.029,1,0,413921,105963776
simless,4,1,enron_full_365509,no_exact_ref,29146.029,1,0,413921,105963776
simless,6,1,enron_full_365947,no_exact_ref,26681.293,0,90,413921,105963776
simless,4,1,enron_full_365947,no_exact_ref,26681.293,0,90,413921,105963776
simless,5,1,enron_full_365947,no_exact_ref,26681.293,0,90,413921,105963776
simless,4,1,enron_full_366510,exact_ref,26746.068,1,0,413921,105963776
simless,5,1,enron_full_366510,exact_ref,26746.068,1,0,413921,105963776
simless,6,1,enron_full_366510,exact_ref,26746.068,1,0,413921,105963776
simless,5,1,enron_full_366895,exact_ref,27684.936,1,0,413921,105963776
simless,6,1,enron_full_366895,exact_ref,27684.936,1,0,413921,105963776
simless,4,1,enron_full_366895,exact_ref,27684.936,1,0,413921,105963776
simless,6,1,enron_full_367052,no_exact_ref,27576.393,0,78,413921,105963776
simless,4,1,enron_full_367052,no_exact_ref,27576.393,0,78,413921,105963776
simless,5,1,enron_full_367052,no_exact_ref,27576.393,0,78,413921,105963776
simless,4,1,enron_full_367129,no_exact_ref,27527.440,0,93,413921,105963776
simless,5,1,enron_full_367129,no_exact_ref,27527.440,0,93,413921,105963776
simless,6,1,enron_full_367129,no_exact_ref,27527.440,0,93,413921,105963776
simless,5,1,enron_full_367319,no_exact_ref,26909.142,0,48,413921,105963776
simless,6,1,enron_full_367319,no_exact_ref,26909.142,0,48,413921,105963776
simless,4,1,enron_full_367319,no_exact_ref,26909.142,0,48,413921,105963776
simless,6,1,enron_full_367765,exact_ref,27242.992,1,0,413921,105963776
simless,4,1,enron_full_367765,exact_ref,27242.992,1,0,413921,105963776
simless,5,1,enron_full_367765,exact_ref,27242.992,1,0,413921,105963776
simless,4,1,enron_full_367912,no_exact_ref,28065.003,0,84,413921,105963776
simless,5,1,enron_full_367912,no_exact_ref,28065.003,0,84,413921,105963776
simless,6,1,enron_full_367912,no_exact_ref,28065.003,0,84,413921,105963776
simless,5,1,enron_full_368156,no_exact_ref,27140.162,0,64,413921,105963776
simless,6,1,enron_full_368156,no_exact_ref,27140.162,0,64,413921,105963776
simless,4,1,enron_full_368156,no_exact_ref,27140.162,0,64,413921,105963776
simless,6,1,enron_full_368318,no_exact_ref,27424.152,0,60,413921,105963776
simless,4,1,enron_full_368318,no_exact_ref,27424.152,0,60,413921,105963776
simless,5,1,enron_full_368318,no_exact_ref,27424.152,0,60,413921,105963776
simless,4,1,enron_full_369168,exact_ref,27723.030,1,0,413921,105963776
simless,5,1,enron_full_369168,exact_ref,27723.030,1,0,413921,105963776
simless,6,1,enron_full_369168,exact_ref,27723.030,1,0,413921,105963776
simless,5,1,enron_full_369419,exact_ref,30102.163,1,0,413921,105963776
simless,6,1,enron_full_369419,exact_ref,30102.163,1,0,413921,105963776
simless,4,1,enron_full_369419,exact_ref,30102.163,1,0,413921,105963776
simless,6,1,enron_full_370439,exact_ref,29845.150,1,0,413921,105963776
simless,4,1,enron_full_370439,exact_ref,29845.150,1,0,413921,105963776
simless,5,1,enron_full_370439,exact_ref,29845.150,1,0,413921,105963776
simless,4,1,enron_full_371121,no_exact_ref,29442.117,0,88,413921,105963776
simless,5,1,enron_full_371121,no_exact_ref,29442.117,0,88,413921,105963776
simless,6,1,enron_full_371121,no_exact_ref,29442.117,0,88,413921,105963776
simless,5,1,enron_full_373728,exact_ref,28843.273,1,0,413921,105963776
simless,6,1,enron_full_373728,exact_ref,28843.273,1,0,413921,105963776
simless,4,1,enron_full_373728,exact_ref,28843.273,1,0,413921,105963776
simless,6,1,enron_full_373978,exact_ref,29240.213,1,0,413921,105963776
simless,4,1,enron_full_373978,exact_ref,29240.213,1,0,413921,105963776
simless,5,1,enron_full_373978,exact_ref,29240.213,1,0,413921,105963776
simless,4,1,enron_full_374719,exact_ref,29762.165,1,0,413921,105963776
simless,5,1,enron_full_374719,exact_ref,29762.165,1,0,413921,105963776
simless,6,1,enron_full_374719,exact_ref,29762.165,1,0,413921,105963776
simless,5,1,enron_full_374736,exact_ref,28782.512,1,0,413921,105963776
simless,6,1,enron_full_374736,exact_ref,28782.512,1,0,413921,105963776
simless,4,1,enron_full_374736,exact_ref,28782.512,1,0,413921,105963776
simless,6,1,enron_full_375606,exact_ref,27936.919,1,0,413921,105963776
simless,4,1,enron_full_375606,exact_ref,27936.919,1,0,413921,105963776
simless,5,1,enron_full_375606,exact_ref,27936.919,1,0,413921,105963776
simless,4,1,enron_full_376013,exact_ref,31224.223,1,0,413921,105963776
simless,5,1,enron_full_376013,exact_ref,31224.223,1,0,413921,105963776
simless,6,1,enron_full_376013,exact_ref,31224.223,1,0,413921,105963776
simless,5,1,enron_full_376710,exact_ref,27820.808,1,0,413921,105963776
simless,6,1,enron_full_376710,exact_ref,27820.808,1,0,413921,105963776
simless,4,1,enron_full_376710,exact_ref,27820.808,1,0,413921,105963776
simless,6,1,enron_full_377221,exact_ref,28018.644,1,0,413921,105963776
simless,4,1,enron_full_377221,exact_ref,28018.644,1,0,413921,105963776
simless,5,1,enron_full_377221,exact_ref,28018.644,1,0,413921,105963776
simless,4,1,enron_full_377377,exact_ref,27405.963,1,0,413921,105963776
simless,5,1,enron_full_377377,exact_ref,27405.963,1,0,413921,105963776
simless,6,1,enron_full_377377,exact_ref,27405.963,1,0,413921,105963776
simless,5,1,enron_full_378712,exact_ref,29200.937,1,0,413921,105963776
simless,6,1,enron_full_378712,exact_ref,29200.937,1,0,413921,105963776
simless,4,1,enron_full_378712,exact_ref,29200.937,1,0,413921,105963776
simless,6,1,enron_full_378826,exact_ref,29652.784,1,0,413921,105963776
simless,4,1,enron_full_378826,exact_ref,29652.784,1,0,413921,105963776
simless,5,1,enron_full_378826,exact_ref,29652.784,1,0,413921,105963776
simless,4,1,enron_full_379382,exact_ref,29054.496,1,0,413921,105963776
simless,5,1,enron_full_379382,exact_ref,29054.496,1,0,413921,105963776
simless,6,1,enron_full_379382,exact_ref,29054.496,1,0,413921,105963776
simless,5,1,enron_full_379515,exact_ref,27293.866,1,0,413921,105963776
simless,6,1,enron_full_379515,exact_ref,27293.866,1,0,413921,105963776
simless,4,1,enron_full_379515,exact_ref,27293.866,1,0,413921,105963776
simless,6,1,enron_full_380183,exact_ref,26461.156,1,0,413921,105963776
simless,4,1,enron_full_380183,exact_ref,26461.156,1,0,413921,105963776
simless,5,1,enron_full_380183,exact_ref,26461.156,1,0,413921,105963776
simless,4,1,enron_full_380419,exact_ref,27506.576,1,0,413921,105963776
simless,5,1,enron_full_380419,exact_ref,27506.576,1,0,413921,105963776
simless,6,1,enron_full_380419,exact_ref,27506.576,1,0,413921,105963776
simless,5,1,enron_full_380667,exact_ref,26110.940,1,0,413921,105963776
simless,6,1,enron_full_380667,exact_ref,26110.940,1,0,413921,105963776
simless,4,1,enron_full_380667,exact_ref,26110.940,1,0,413921,105963776
simless,6,1,enron_full_381275,exact_ref,27498.910,1,0,413921,105963776
simless,4,1,enron_full_381275,exact_ref,27498.910,1,0,413921,105963776
simless,5,1,enron_full_381275,exact_ref,27498.910,1,0,413921,105963776
simless,4,1,enron_full_381430,exact_ref,26954.343,1,0,413921,105963776
simless,5,1,enron_full_381430,exact_ref,26954.343,1,0,413921,105963776
simless,6,1,enron_full_381430,exact_ref,26954.343,1,0,413921,105963776
simless,5,1,enron_full_381540,exact_ref,29551.807,1,0,413921,105963776
simless,6,1,enron_full_381540,exact_ref,29551.807,1,0,413921,105963776
simless,4,1,enron_full_381540,exact_ref,29551.807,1,0,413921,105963776
simless,6,1,enron_full_381912,exact_ref,28825.197,1,0,413921,105963776
simless,4,1,enron_full_381912,exact_ref,28825.197,1,0,413921,105963776
simless,5,1,enron_full_381912,exact_ref,28825.197,1,0,413921,105963776
simless,4,1,enron_full_382401,no_exact_ref,30750.769,0,94,413921,105963776
simless,5,1,enron_full_382401,no_exact_ref,30750.769,0,94,413921,105963776
simless,6,1,enron_full_382401,no_exact_ref,30750.769,0,94,413921,105963776
simless,5,1,enron_full_382476,exact_ref,29130.359,1,0,413921,105963776
simless,6,1,enron_full_382476,exact_ref,29130.359,1,0,413921,105963776
simless,4,1,enron_full_382476,exact_ref,29130.359,1,0,413921,105963776
simless,6,1,enron_full_382877,exact_ref,29158.495,1,0,413921,105963776
simless,4,1,enron_full_382877,exact_ref,29158.495,1,0,413921,105963776
simless,5,1,enron_full_382877,exact_ref,29158.495,1,0,413921,105963776
simless,4,1,enron_full_384162,no_exact_ref,29361.811,0,76,413921,105963776
simless,5,1,enron_full_384162,no_exact_ref,29361.811,0,76,413921,105963776
simless,6,1,enron_full_384162,no_exact_ref,29361.811,0,76,413921,105963776
simless,5,1,enron_full_384461,exact_ref,28404.859,1,0,413921,105963776
simless,6,1,enron_full_384461,exact_ref,28404.859,1,0,413921,105963776
simless,4,1,enron_full_384461,exact_ref,28404.859,1,0,413921,105963776
simless,6,1,enron_full_384653,exact_ref,28040.047,1,0,413921,105963776
simless,4,1,enron_full_384653,exact_ref,28040.047,1,0,413921,105963776
simless,5,1,enron_full_384653,exact_ref,28040.047,1,0,413921,105963776
simless,4,1,enron_full_384988,exact_ref,26685.000,1,0,413921,105963776
simless,5,1,enron_full_384988,exact_ref,26685.000,1,0,413921,105963776
simless,6,1,enron_full_384988,exact_ref,26685.000,1,0,413921,105963776
simless,5,1,enron_full_385098,exact_ref,27335.661,1,0,413921,105963776
simless,6,1,enron_full_385098,exact_ref,27335.661,1,0,413921,105963776
simless,4,1,enron_full_385098,exact_ref,27335.661,1,0,413921,105963776
simless,6,1,enron_full_385839,exact_ref,27529.210,1,0,413921,105963776
simless,4,1,enron_full_385839,exact_ref,27529.210,1,0,413921,105963776
simless,5,1,enron_full_385839,exact_ref,27529.210,1,0,413921,105963776
simless,4,1,enron_full_386188,no_exact_ref,27245.657,0,50,413921,105963776
simless,5,1,enron_full_386188,no_exact_ref,27245.657,0,50,413921,105963776
simless,6,1,enron_full_386188,no_exact_ref,27245.657,0,50,413921,105963776
simless,5,1,enron_full_386616,no_exact_ref,27401.819,0,17,413921,105963776
simless,6,1,enron_full_386616,no_exact_ref,27401.819,0,17,413921,105963776
simless,4,1,enron_full_386616,no_exact_ref,27401.819,0,17,413921,105963776
simless,6,1,enron_full_386731,no_exact_ref,27085.089,0,89,413921,105963776
simless,4,1,enron_full_386731,no_exact_ref,27085.089,0,89,413921,105963776
simless,5,1,enron_full_386731,no_exact_ref,27085.089,0,89,413921,105963776
simless,4,1,enron_full_387578,exact_ref,27320.816,1,0,413921,105963776
simless,5,1,enron_full_387578,exact_ref,27320.816,1,0,413921,105963776
simless,6,1,enron_full_387578,exact_ref,27320.816,1,0,413921,105963776
simless,5,1,enron_full_387701,no_exact_ref,27282.155,0,59,413921,105963776
simless,6,1,enron_full_387701,no_exact_ref,27282.155,0,59,413921,105963776
simless,4,1,enron_full_387701,no_exact_ref,27282.155,0,59,413921,105963776
simless,6,1,enron_full_387952,no_exact_ref,26263.390,0,93,413921,105963776
simless,4,1,enron_full_387952,no_exact_ref,26263.390,0,93,413921,105963776
simless,5,1,enron_full_387952,no_exact_ref,26263.390,0,93,413921,105963776
simless,4,1,enron_full_388565,exact_ref,28280.152,1,0,413921,105963776
simless,5,1,enron_full_388565,exact_ref,28280.152,1,0,413921,105963776
simless,6,1,enron_full_388565,exact_ref,28280.152,1,0,413921,105963776
simless,5,1,enron_full_388921,exact_ref,29179.666,1,0,413921,105963776
simless,6,1,enron_full_388921,exact_ref,29179.666,1,0,413921,105963776
simless,4,1,enron_full_388921,exact_ref,29179.666,1,0,413921,105963776
simless,6,1,enron_full_390158,exact_ref,30110.409,1,0,413921,105963776
simless,4,1,enron_full_390158,exact_ref,30110.409,1,0,413921,105963776
simless,5,1,enron_full_390158,exact_ref,30110.409,1,0,413921,105963776
simless,4,1,enron_full_391047,exact_ref,30218.198,1,0,413921,105963776
simless,5,1,enron_full_391047,exact_ref,30218.198,1,0,413921,105963776
simless,6,1,enron_full_391047,exact_ref,30218.198,1,0,413921,105963776
simless,5,1,enron_full_391217,no_exact_ref,29704.770,0,50,413921,105963776
simless,6,1,enron_full_391217,no_exact_ref,29704.770,0,50,413921,105963776
simless,4,1,enron_full_391217,no_exact_ref,29704.770,0,50,413921,105963776
simless,6,1,enron_full_391486,no_exact_ref,29110.059,0,38,413921,105963776
simless,4,1,enron_full_391486,no_exact_ref,29110.059,0,38,413921,105963776
simless,5,1,enron_full_391486,no_exact_ref,29110.059,0,38,413921,105963776
simless,4,1,enron_full_391746,no_exact_ref,29012.600,0,95,413921,105963776
simless,5,1,enron_full_391746,no_exact_ref,29012.600,0,95,413921,105963776
simless,6,1,enron_full_391746,no_exact_ref,29012.600,0,95,413921,105963776
simless,5,1,enron_full_392955,exact_ref,28806.521,1,0,413921,105963776
simless,6,1,enron_full_392955,exact_ref,28806.521,1,0,413921,105963776
simless,4,1,enron_full_392955,exact_ref,28806.521,1,0,413921,105963776
simless,6,1,enron_full_393136,no_exact_ref,27144.287,0,52,413921,105963776
simless,4,1,enron_full_393136,no_exact_ref,27144.287,0,52,413921,105963776
simless,5,1,enron_full_393136,no_exact_ref,27144.287,0,52,413921,105963776
simless,4,1,enron_full_393487,exact_ref,26332.773,1,0,413921,105963776
simless,5,1,enron_full_393487,exact_ref,26332.773,1,0,413921,105963776
simless,6,1,enron_full_393487,exact_ref,26332.773,1,0,413921,105963776
simless,5,1,enron_full_394271,exact_ref,26721.753,1,0,413921,105963776
simless,6,1,enron_full_394271,exact_ref,26721.753,1,0,413921,105963776
simless,4,1,enron_full_394271,exact_ref,26721.753,1,0,413921,105963776
simless,6,1,enron_full_394331,exact_ref,27137.454,1,0,413921,105963776
simless,4,1,enron_full_394331,exact_ref,27137.454,1,0,413921,105963776
simless,5,1,enron_full_394331,exact_ref,27137.454,1,0,413921,105963776
simless,4,1,enron_full_394348,exact_ref,27077.405,1,0,413921,105963776
simless,5,1,enron_full_394348,exact_ref,27077.405,1,0,413921,105963776
simless,6,1,enron_full_394348,exact_ref,27077.405,1,0,413921,105963776
simless,5,1,enron_full_394407,no_exact_ref,29128.472,0,94,413921,105963776
simless,6,1,enron_full_394407,no_exact_ref,29128.472,0,94,413921,105963776
simless,4,1,enron_full_394407,no_exact_ref,29128.472,0,94,413921,105963776
simless,6,1,enron_full_395301,exact_ref,28989.435,1,0,413921,105963776
simless,4,1,enron_full_395301,exact_ref,28989.435,1,0,413921,105963776
simless,5,1,enron_full_395301,exact_ref,28989.435,1,0,413921,105963776
simless,4,1,enron_full_395725,no_exact_ref,32335.959,0,90,413921,105963776
simless,5,1,enron_full_395725,no_exact_ref,32335.959,0,90,413921,105963776
simless,6,1,enron_full_395725,no_exact_ref,32335.959,0,90,413921,105963776
simless,5,1,enron_full_396292,exact_ref,26850.919,1,0,413921,105963776
simless,6,1,enron_full_396292,exact_ref,26850.919,1,0,413921,105963776
simless,4,1,enron_full_396292,exact_ref,26850.919,1,0,413921,105963776
simless,6,1,enron_full_396812,exact_ref,26643.776,1,0,413921,105963776
simless,4,1,enron_full_396812,exact_ref,26643.776,1,0,413921,105963776
simless,5,1,enron_full_396812,exact_ref,26643.776,1,0,413921,105963776
simless,4,1,enron_full_397391,exact_ref,27794.481,1,0,413921,105963776
simless,5,1,enron_full_397391,exact_ref,27794.481,1,0,413921,105963776
simless,6,1,enron_full_397391,exact_ref,27794.481,1,0,413921,105963776
simless,5,1,enron_full_397879,exact_ref,26304.938,1,0,413921,105963776
simless,6,1,enron_full_397879,exact_ref,26304.938,1,0,413921,105963776
simless,4,1,enron_full_397879,exact_ref,26304.938,1,0,413921,105963776
simless,6,1,enron_full_398718,exact_ref,27383.985,1,0,413921,105963776
simless,4,1,enron_full_398718,exact_ref,27383.985,1,0,413921,105963776
simless,5,1,enron_full_398718,exact_ref,27383.985,1,0,413921,105963776
simless,4,1,enron_full_399591,no_exact_ref,26360.453,0,15,413921,105963776
simless,5,1,enron_full_399591,no_exact_ref,26360.453,0,15,413921,105963776
simless,6,1,enron_full_399591,no_exact_ref,26360.453,0,15,413921,105963776
simless,5,1,enron_full_399779,no_exact_ref,26874.985,0,69,413921,105963776
simless,6,1,enron_full_399779,no_exact_ref,26874.985,0,69,413921,105963776
simless,4,1,enron_full_399779,no_exact_ref,26874.985,0,69,413921,105963776
simless,6,1,enron_full_399917,no_exact_ref,26908.711,0,93,413921,105963776
simless,4,1,enron_full_399917,no_exact_ref,26908.711,0,93,413921,105963776
simless,5,1,enron_full_399917,no_exact_ref,26908.711,0,93,413921,105963776
simless,4,1,enron_full_400523,exact_ref,26598.097,1,0,413921,105963776
simless,5,1,enron_full_400523,exact_ref,26598.097,1,0,413921,105963776
simless,6,1,enron_full_400523,exact_ref,26598.097,1,0,413921,105963776
simless,5,1,enron_full_401763,no_exact_ref,26396.204,0,58,413921,105963776
simless,6,1,enron_full_401763,no_exact_ref,26396.204,0,58,413921,105963776
simless,4,1,enron_full_401763,no_exact_ref,26396.204,0,58,413921,105963776
simless,6,1,enron_full_401798,no_exact_ref,29381.238,0,48,413921,105963776
simless,4,1,enron_full_401798,no_exact_ref,29381.238,0,48,413921,105963776
simless,5,1,enron_full_401798,no_exact_ref,29381.238,0,48,413921,105963776
simless,4,1,enron_full_402233,exact_ref,28815.875,1,0,413921,105963776
simless,5,1,enron_full_402233,exact_ref,28815.875,1,0,413921,105963776
simless,6,1,enron_full_402233,exact_ref,28815.875,1,0,413921,105963776
simless,5,1,enron_full_402310,exact_ref,28541.840,1,0,413921,105963776
simless,6,1,enron_full_402310,exact_ref,28541.840,1,0,413921,105963776
simless,4,1,enron_full_402310,exact_ref,28541.840,1,0,413921,105963776
simless,6,1,enron_full_403001,exact_ref,28106.324,1,0,413921,105963776
simless,4,1,enron_full_403001,exact_ref,28106.324,1,0,413921,105963776
simless,5,1,enron_full_403001,exact_ref,28106.324,1,0,413921,105963776
simless,4,1,enron_full_403036,exact_ref,27241.093,1,0,413921,105963776
simless,5,1,enron_full_403036,exact_ref,27241.093,1,0,413921,105963776
simless,6,1,enron_full_403036,exact_ref,27241.093,1,0,413921,105963776
simless,5,1,enron_full_403180,exact_ref,26390.314,1,0,413921,105963776
simless,6,1,enron_full_403180,exact_ref,26390.314,1,0,413921,105963776
simless,4,1,enron_full_403180,exact_ref,26390.314,1,0,413921,105963776
simless,6,1,enron_full_404066,exact_ref,26084.862,1,0,413921,105963776
simless,4,1,enron_full_404066,exact_ref,26084.862,1,0,413921,105963776
simless,5,1,enron_full_404066,exact_ref,26084.862,1,0,413921,105963776
simless,4,1,enron_full_405218,exact_ref,25861.639,1,0,413921,105963776
simless,5,1,enron_full_405218,exact_ref,25861.639,1,0,413921,105963776
simless,6,1,enron_full_405218,exact_ref,25861.639,1,0,413921,105963776
simless,5,1,enron_full_405288,exact_ref,28973.828,1,0,413921,105963776
simless,6,1,enron_full_405288,exact_ref,28973.828,1,0,413921,105963776
simless,4,1,enron_full_405288,exact_ref,28973.828,1,0,413921,105963776
simless,6,1,enron_full_405421,exact_ref,26166.850,1,0,413921,105963776
simless,4,1,enron_full_405421,exact_ref,26166.850,1,0,413921,105963776
simless,5,1,enron_full_405421,exact_ref,26166.850,1,0,413921,105963776
simless,4,1,enron_full_406531,exact_ref,25942.398,1,0,413921,105963776
simless,5,1,enron_full_406531,exact_ref,25942.398,1,0,413921,105963776
simless,6,1,enron_full_406531,exact_ref,25942.398,1,0,413921,105963776
simless,5,1,enron_full_407210,exact_ref,27094.443,1,0,413921,105963776
simless,6,1,enron_full_407210,exact_ref,27094.443,1,0,413921,105963776
simless,4,1,enron_full_407210,exact_ref,27094.443,1,0,413921,105963776
simless,6,1,enron_full_407416,exact_ref,29399.741,1,0,413921,105963776
simless,4,1,enron_full_407416,exact_ref,29399.741,1,0,413921,105963776
simless,5,1,enron_full_407416,exact_ref,29399.741,1,0,413921,105963776
simless,4,1,enron_full_407459,exact_ref,29525.982,1,0,413921,105963776
simless,5,1,enron_full_407459,exact_ref,29525.982,1,0,413921,105963776
simless,6,1,enron_full_407459,exact_ref,29525.982,1,0,413921,105963776
simless,5,1,enron_full_407590,exact_ref,29352.712,1,0,413921,105963776
simless,6,1,enron_full_407590,exact_ref,29352.712,1,0,413921,105963776
simless,4,1,enron_full_407590,exact_ref,29352.712,1,0,413921,105963776
simless,6,1,enron_full_407747,exact_ref,28234.150,1,0,413921,105963776
simless,4,1,enron_full_407747,exact_ref,28234.150,1,0,413921,105963776
simless,5,1,enron_full_407747,exact_ref,28234.150,1,0,413921,105963776
simless,4,1,enron_full_408988,exact_ref,25720.342,1,0,413921,105963776
simless,5,1,enron_full_408988,exact_ref,25720.342,1,0,413921,105963776
simless,6,1,enron_full_408988,exact_ref,25720.342,1,0,413921,105963776
simless,5,1,enron_full_409260,exact_ref,25851.335,1,0,413921,105963776
simless,6,1,enron_full_409260,exact_ref,25851.335,1,0,413921,105963776
simless,4,1,enron_full_409260,exact_ref,25851.335,1,0,413921,105963776
simless,6,1,enron_full_409276,exact_ref,25460.327,1,0,413921,105963776
simless,4,1,enron_full_409276,exact_ref,25460.327,1,0,413921,105963776
simless,5,1,enron_full_409276,exact_ref,25460.327,1,0,413921,105963776
simless,4,1,enron_full_409720,exact_ref,25648.820,1,0,413921,105963776
simless,5,1,enron_full_409720,exact_ref,25648.820,1,0,413921,105963776
simless,6,1,enron_full_409720,exact_ref,25648.820,1,0,413921,105963776
simless,5,1,enron_full_409761,exact_ref,25890.626,1,0,413921,105963776
simless,6,1,enron_full_409761,exact_ref,25890.626,1,0,413921,105963776
simless,4,1,enron_full_409761,exact_ref,25890.626,1,0,413921,105963776
simless,6,1,enron_full_410980,no_exact_ref,25664.778,0,83,413921,105963776
simless,4,1,enron_full_410980,no_exact_ref,25664.778,0,83,413921,105963776
simless,5,1,enron_full_410980,no_exact_ref,25664.778,0,83,413921,105963776
simless,4,1,enron_full_411073,no_exact_ref,28385.854,0,71,413921,105963776
simless,5,1,enron_full_411073,no_exact_ref,28385.854,0,71,413921,105963776
simless,6,1,enron_full_411073,no_exact_ref,28385.854,0,71,413921,105963776
simless,5,1,enron_full_411853,exact_ref,28618.920,1,0,413921,105963776
simless,6,1,enron_full_411853,exact_ref,28618.920,1,0,413921,105963776
simless,4,1,enron_full_411853,exact_ref,28618.920,1,0,413921,105963776
simless,6,1,enron_full_412435,exact_ref,27684.340,1,0,413921,105963776
simless,4,1,enron_full_412435,exact_ref,27684.340,1,0,413921,105963776
simless,5,1,enron_full_412435,exact_ref,27684.340,1,0,413921,105963776
simless,4,1,enron_full_412836,exact_ref,27730.953,1,0,413921,105963776
simless,5,1,enron_full_412836,exact_ref,27730.953,1,0,413921,105963776
simless,6,1,enron_full_412836,exact_ref,27730.953,1,0,413921,105963776
simless,5,1,enron_full_414414,exact_ref,33295.954,1,0,413921,105963776
simless,6,1,enron_full_414414,exact_ref,33295.954,1,0,413921,105963776
simless,4,1,enron_full_414414,exact_ref,33295.954,1,0,413921,105963776
simless,6,1,enron_full_414620,exact_ref,28745.834,1,0,413921,105963776
simless,4,1,enron_full_414620,exact_ref,28745.834,1,0,413921,105963776
simless,5,1,enron_full_414620,exact_ref,28745.834,1,0,413921,105963776
simless,4,1,enron_full_414624,no_exact_ref,28148.699,0,91,413921,105963776
simless,5,1,enron_full_414624,no_exact_ref,28148.699,0,91,413921,105963776
simless,6,1,enron_full_414624,no_exact_ref,28148.699,0,91,413921,105963776
simless,5,1,enron_full_415032,exact_ref,27697.732,1,0,413921,105963776
simless,6,1,enron_full_415032,exact_ref,27697.732,1,0,413921,105963776
simless,4,1,enron_full_415032,exact_ref,27697.732,1,0,413921,105963776
simless,6,1,enron_full_415416,exact_ref,26415.391,1,0,413921,105963776
simless,4,1,enron_full_415416,exact_ref,26415.391,1,0,413921,105963776
simless,5,1,enron_full_415416,exact_ref,26415.391,1,0,413921,105963776
simless,4,1,enron_full_415425,exact_ref,26791.093,1,0,413921,105963776
simless,5,1,enron_full_415425,exact_ref,26791.093,1,0,413921,105963776
simless,6,1,enron_full_415425,exact_ref,26791.093,1,0,413921,105963776
simless,5,1,enron_full_415589,exact_ref,27195.407,1,0,413921,105963776
simless,6,1,enron_full_415589,exact_ref,27195.407,1,0,413921,105963776
simless,4,1,enron_full_415589,exact_ref,27195.407,1,0,413921,105963776
simless,6,1,enron_full_416173,no_exact_ref,26501.130,0,92,413921,105963776
simless,4,1,enron_full_416173,no_exact_ref,26501.130,0,92,413921,105963776
simless,5,1,enron_full_416173,no_exact_ref,26501.130,0,92,413921,105963776
simless,4,1,enron_full_416275,no_exact_ref,27036.657,0,94,413921,105963776
simless,5,1,enron_full_416275,no_exact_ref,27036.657,0,94,413921,105963776
simless,6,1,enron_full_416275,no_exact_ref,27036.657,0,94,413921,105963776
simless,5,1,enron_full_417397,exact_ref,27342.713,1,0,413921,105963776
simless,6,1,enron_full_417397,exact_ref,27342.713,1,0,413921,105963776
simless,4,1,enron_full_417397,exact_ref,27342.713,1,0,413921,105963776
simless,6,1,enron_full_418145,exact_ref,26801.115,1,0,413921,105963776
simless,4,1,enron_full_418145,exact_ref,26801.115,1,0,413921,105963776
simless,5,1,enron_full_418145,exact_ref,26801.115,1,0,413921,105963776
simless,4,1,enron_full_418173,exact_ref,26932.294,1,0,413921,105963776
simless,5,1,enron_full_418173,exact_ref,26932.294,1,0,413921,105963776
simless,6,1,enron_full_418173,exact_ref,26932.294,1,0,413921,105963776
simless,5,1,enron_full_418938,exact_ref,26478.351,1,0,413921,105963776
simless,6,1,enron_full_418938,exact_ref,26478.351,1,0,413921,105963776
simless,4,1,enron_full_418938,exact_ref,26478.351,1,0,413921,105963776
simless,6,1,enron_full_419715,exact_ref,28372.093,1,0,413921,105963776
simless,4,1,enron_full_419715,exact_ref,28372.093,1,0,413921,105963776
simless,5,1,enron_full_419715,exact_ref,28372.093,1,0,413921,105963776
simless,4,1,enron_full_419787,exact_ref,29835.807,1,0,413921,105963776
simless,5,1,enron_full_419787,exact_ref,29835.807,1,0,413921,105963776
simless,6,1,enron_full_419787,exact_ref,29835.807,1,0,413921,105963776
simless,5,1,enron_full_419936,exact_ref,29395.553,1,0,413921,105963776
simless,6,1,enron_full_419936,exact_ref,29395.553,1,0,413921,105963776
simless,4,1,enron_full_419936,exact_ref,29395.553,1,0,413921,105963776
simless,6,1,enron_full_419992,exact_ref,29420.445,1,0,413921,105963776
simless,4,1,enron_full_419992,exact_ref,29420.445,1,0,413921,105963776
simless,5,1,enron_full_419992,exact_ref,29420.445,1,0,413921,105963776
simless,4,1,enron_full_420340,exact_ref,27778.454,1,0,413921,105963776
simless,5,1,enron_full_420340,exact_ref,27778.454,1,0,413921,105963776
simless,6,1,enron_full_420340,exact_ref,27778.454,1,0,413921,105963776
simless,5,1,enron_full_420635,exact_ref,29113.030,1,0,413921,105963776
simless,6,1,enron_full_420635,exact_ref,29113.030,1,0,413921,105963776
simless,4,1,enron_full_420635,exact_ref,29113.030,1,0,413921,105963776
simless,6,1,enron_full_421070,no_exact_ref,28891.025,0,94,413921,105963776
simless,4,1,enron_full_421070,no_exact_ref,28891.025,0,94,413921,105963776
simless,5,1,enron_full_421070,no_exact_ref,28891.025,0,94,413921,105963776
simless,4,1,enron_full_421581,no_exact_ref,28277.943,0,39,413921,105963776
simless,5,1,enron_full_421581,no_exact_ref,28277.943,0,39,413921,105963776
simless,6,1,enron_full_421581,no_exact_ref,28277.943,0,39,413921,105963776
simless,5,1,enron_full_421659,no_exact_ref,28170.308,0,86,413921,105963776
simless,6,1,enron_full_421659,no_exact_ref,28170.308,0,86,413921,105963776
simless,4,1,enron_full_421659,no_exact_ref,28170.308,0,86,413921,105963776
simless,6,1,enron_full_422214,no_exact_ref,29628.504,0,69,413921,105963776
simless,4,1,enron_full_422214,no_exact_ref,29628.504,0,69,413921,105963776
simless,5,1,enron_full_422214,no_exact_ref,29628.504,0,69,413921,105963776
simless,4,1,enron_full_422408,exact_ref,29338.820,1,0,413921,105963776
simless,5,1,enron_full_422408,exact_ref,29338.820,1,0,413921,105963776
simless,6,1,enron_full_422408,exact_ref,29338.820,1,0,413921,105963776
simless,5,1,enron_full_423045,exact_ref,28068.476,1,0,413921,105963776
simless,6,1,enron_full_423045,exact_ref,28068.476,1,0,413921,105963776
simless,4,1,enron_full_423045,exact_ref,28068.476,1,0,413921,105963776
simless,6,1,enron_full_423694,exact_ref,27463.022,1,0,413921,105963776
simless,4,1,enron_full_423694,exact_ref,27463.022,1,0,413921,105963776
simless,5,1,enron_full_423694,exact_ref,27463.022,1,0,413921,105963776
simless,4,1,enron_full_423789,exact_ref,27773.828,1,0,413921,105963776
simless,5,1,enron_full_423789,exact_ref,27773.828,1,0,413921,105963776
simless,6,1,enron_full_423789,exact_ref,27773.828,1,0,413921,105963776
simless,5,1,enron_full_424183,no_exact_ref,29512.615,1,0,413921,105963776
simless,6,1,enron_full_424183,no_exact_ref,29512.615,1,0,413921,105963776
simless,4,1,enron_full_424183,no_exact_ref,29512.615,1,0,413921,105963776
simless,6,1,enron_full_424691,exact_ref,28847.030,1,0,413921,105963776
simless,4,1,enron_full_424691,exact_ref,28847.030,1,0,413921,105963776
simless,5,1,enron_full_424691,exact_ref,28847.030,1,0,413921,105963776
simless,4,1,enron_full_425035,exact_ref,26485.501,1,0,413921,105963776
simless,5,1,enron_full_425035,exact_ref,26485.501,1,0,413921,105963776
simless,6,1,enron_full_425035,exact_ref,26485.501,1,0,413921,105963776
simless,5,1,enron_full_425166,exact_ref,26243.038,1,0,413921,105963776
simless,6,1,enron_full_425166,exact_ref,26243.038,1,0,413921,105963776
simless,4,1,enron_full_425166,exact_ref,26243.038,1,0,413921,105963776
simless,6,1,enron_full_425789,exact_ref,27157.518,1,0,413921,105963776
simless,4,1,enron_full_425789,exact_ref,27157.518,1,0,413921,105963776
simless,5,1,enron_full_425789,exact_ref,27157.518,1,0,413921,105963776
simless,4,1,enron_full_426054,exact_ref,27627.926,1,0,413921,105963776
simless,5,1,enron_full_426054,exact_ref,27627.926,1,0,413921,105963776
simless,6,1,enron_full_426054,exact_ref,27627.926,1,0,413921,105963776
simless,5,1,enron_full_426288,exact_ref,26966.371,1,0,413921,105963776
simless,6,1,enron_full_426288,exact_ref,26966.371,1,0,413921,105963776
simless,4,1,enron_full_426288,exact_ref,26966.371,1,0,413921,105963776
simless,6,1,enron_full_427733,exact_ref,27186.238,1,0,413921,105963776
simless,4,1,enron_full_427733,exact_ref,27186.238,1,0,413921,105963776
simless,5,1,enron_full_427733,exact_ref,27186.238,1,0,413921,105963776
simless,4,1,enron_full_428515,exact_ref,25506.975,1,0,413921,105963776
simless,5,1,enron_full_428515,exact_ref,25506.975,1,0,413921,105963776
simless,6,1,enron_full_428515,exact_ref,25506.975,1,0,413921,105963776
simless,5,1,enron_full_428895,exact_ref,29066.213,1,0,413921,105963776
simless,6,1,enron_full_428895,exact_ref,29066.213,1,0,413921,105963776
simless,4,1,enron_full_428895,exact_ref,29066.213,1,0,413921,105963776
simless,6,1,enron_full_429441,no_exact_ref,28450.043,0,90,413921,105963776
simless,4,1,enron_full_429441,no_exact_ref,28450.043,0,90,413921,105963776
simless,5,1,enron_full_429441,no_exact_ref,28450.043,0,90,413921,105963776
simless,4,1,enron_full_429986,no_exact_ref,26714.031,0,41,413921,105963776
simless,5,1,enron_full_429986,no_exact_ref,26714.031,0,41,413921,105963776
simless,6,1,enron_full_429986,no_exact_ref,26714.031,0,41,413921,105963776
simless,5,1,enron_full_430065,no_exact_ref,29364.113,0,56,413921,105963776
simless,6,1,enron_full_430065,no_exact_ref,29364.113,0,56,413921,105963776
simless,4,1,enron_full_430065,no_exact_ref,29364.113,0,56,413921,105963776
simless,6,1,enron_full_430260,no_exact_ref,29162.799,0,7,413921,105963776
simless,4,1,enron_full_430260,no_exact_ref,29162.799,0,7,413921,105963776
simless,5,1,enron_full_430260,no_exact_ref,29162.799,0,7,413921,105963776
simless,4,1,enron_full_430592,no_exact_ref,29049.196,0,93,413921,105963776
simless,5,1,enron_full_430592,no_exact_ref,29049.196,0,93,413921,105963776
simless,6,1,enron_full_430592,no_exact_ref,29049.196,0,93,413921,105963776
simless,5,1,enron_full_431423,no_exact_ref,27469.856,0,85,413921,105963776
simless,6,1,enron_full_431423,no_exact_ref,27469.856,0,85,413921,105963776
simless,4,1,enron_full_431423,no_exact_ref,27469.856,0,85,413921,105963776
simless,6,1,enron_full_432116,exact_ref,26573.254,1,0,413921,105963776
simless,4,1,enron_full_432116,exact_ref,26573.254,1,0,413921,105963776
simless,5,1,enron_full_432116,exact_ref,26573.254,1,0,413921,105963776
simless,4,1,enron_full_432508,exact_ref,27242.846,1,0,413921,105963776
simless,5,1,enron_full_432508,exact_ref,27242.846,1,0,413921,105963776
simless,6,1,enron_full_432508,exact_ref,27242.846,1,0,413921,105963776
simless,5,1,enron_full_433686,exact_ref,27147.978,1,0,413921,105963776
simless,6,1,enron_full_433686,exact_ref,27147.978,1,0,413921,105963776
simless,4,1,enron_full_433686,exact_ref,27147.978,1,0,413921,105963776
simless,6,1,enron_full_433711,exact_ref,27449.278,1,0,413921,105963776
simless,4,1,enron_full_433711,exact_ref,27449.278,1,0,413921,105963776
simless,5,1,enron_full_433711,exact_ref,27449.278,1,0,413921,105963776
simless,4,1,enron_full_433823,exact_ref,27023.880,1,0,413921,105963776
simless,5,1,enron_full_433823,exact_ref,27023.880,1,0,413921,105963776
simless,6,1,enron_full_433823,exact_ref,27023.880,1,0,413921,105963776
simless,5,1,enron_full_434515,exact_ref,27629.556,1,0,413921,105963776
simless,6,1,enron_full_434515,exact_ref,27629.556,1,0,413921,105963776
simless,4,1,enron_full_434515,exact_ref,27629.556,1,0,413921,105963776
simless,6,1,enron_full_434661,exact_ref,27415.935,1,0,413921,105963776
simless,4,1,enron_full_434661,exact_ref,27415.935,1,0,413921,105963776
simless,5,1,enron_full_434661,exact_ref,27415.935,1,0,413921,105963776
simless,4,1,enron_full_435743,exact_ref,27307.228,1,0,413921,105963776
simless,5,1,enron_full_435743,exact_ref,27307.228,1,0,413921,105963776
simless,6,1,enron_full_435743,exact_ref,27307.228,1,0,413921,105963776
simless,5,1,enron_full_436019,no_exact_ref,27671.992,0,76,413921,105963776
simless,6,1,enron_full_436019,no_exact_ref,27671.992,0,76,413921,105963776
simless,4,1,enron_full_436019,no_exact_ref,27671.992,0,76,413921,105963776
simless,6,1,enron_full_436309,no_exact_ref,28871.017,0,46,413921,105963776
simless,4,1,enron_full_436309,no_exact_ref,28871.017,0,46,413921,105963776
simless,5,1,enron_full_436309,no_exact_ref,28871.017,0,46,413921,105963776
simless,4,1,enron_full_436431,no_exact_ref,29276.164,0,15,413921,105963776
simless,5,1,enron_full_436431,no_exact_ref,29276.164,0,15,413921,105963776
simless,6,1,enron_full_436431,no_exact_ref,29276.164,0,15,413921,105963776
simless,5,1,enron_full_436454,no_exact_ref,28988.162,0,50,413921,105963776
simless,6,1,enron_full_436454,no_exact_ref,28988.162,0,50,413921,105963776
simless,4,1,enron_full_436454,no_exact_ref,28988.162,0,50,413921,105963776
simless,6,1,enron_full_437873,exact_ref,28029.476,1,0,413921,105963776
simless,4,1,enron_full_437873,exact_ref,28029.476,1,0,413921,105963776
simless,5,1,enron_full_437873,exact_ref,28029.476,1,0,413921,105963776
simless,4,1,enron_full_439573,no_exact_ref,26947.792,0,24,413921,105963776
simless,5,1,enron_full_439573,no_exact_ref,26947.792,0,24,413921,105963776
simless,6,1,enron_full_439573,no_exact_ref,26947.792,0,24,413921,105963776
simless,5,1,enron_full_440276,no_exact_ref,28292.122,0,90,413921,105963776
simless,6,1,enron_full_440276,no_exact_ref,28292.122,0,90,413921,105963776
simless,4,1,enron_full_440276,no_exact_ref,28292.122,0,90,413921,105963776
simless,6,1,enron_full_440707,exact_ref,29419.969,1,0,413921,105963776
simless,4,1,enron_full_440707,exact_ref,29419.969,1,0,413921,105963776
simless,5,1,enron_full_440707,exact_ref,29419.969,1,0,413921,105963776
simless,4,1,enron_full_441744,exact_ref,29272.553,1,0,413921,105963776
simless,5,1,enron_full_441744,exact_ref,29272.553,1,0,413921,105963776
simless,6,1,enron_full_441744,exact_ref,29272.553,1,0,413921,105963776
simless,5,1,enron_full_442093,exact_ref,28657.757,1,0,413921,105963776
simless,6,1,enron_full_442093,exact_ref,28657.757,1,0,413921,105963776
simless,4,1,enron_full_442093,exact_ref,28657.757,1,0,413921,105963776
simless,6,1,enron_full_442322,no_exact_ref,28747.662,0,60,413921,105963776
simless,4,1,enron_full_442322,no_exact_ref,28747.662,0,60,413921,105963776
simless,5,1,enron_full_442322,no_exact_ref,28747.662,0,60,413921,105963776
simless,4,1,enron_full_442524,exact_ref,29143.936,1,0,413921,105963776
simless,5,1,enron_full_442524,exact_ref,29143.936,1,0,413921,105963776
simless,6,1,enron_full_442524,exact_ref,29143.936,1,0,413921,105963776
simless,5,1,enron_full_442558,exact_ref,28606.064,1,0,413921,105963776
simless,6,1,enron_full_442558,exact_ref,28606.064,1,0,413921,105963776
simless,4,1,enron_full_442558,exact_ref,28606.064,1,0,413921,105963776
simless,6,1,enron_full_442662,exact_ref,27382.560,1,0,413921,105963776
simless,4,1,enron_full_442662,exact_ref,27382.560,1,0,413921,105963776
simless,5,1,enron_full_442662,exact_ref,27382.560,1,0,413921,105963776
simless,4,1,enron_full_442954,exact_ref,29452.328,1,0,413921,105963776
simless,5,1,enron_full_442954,exact_ref,29452.328,1,0,413921,105963776
simless,6,1,enron_full_442954,exact_ref,29452.328,1,0,413921,105963776
simless,5,1,enron_full_443309,exact_ref,29393.951,1,0,413921,105963776
simless,6,1,enron_full_443309,exact_ref,29393.951,1,0,413921,105963776
simless,4,1,enron_full_443309,exact_ref,29393.951,1,0,413921,105963776
simless,6,1,enron_full_443772,exact_ref,28476.050,1,0,413921,105963776
simless,4,1,enron_full_443772,exact_ref,28476.050,1,0,413921,105963776
simless,5,1,enron_full_443772,exact_ref,28476.050,1,0,413921,105963776
simless,4,1,enron_full_444240,exact_ref,27502.035,1,0,413921,105963776
simless,5,1,enron_full_444240,exact_ref,27502.035,1,0,413921,105963776
simless,6,1,enron_full_444240,exact_ref,27502.035,1,0,413921,105963776
simless,5,1,enron_full_445163,no_exact_ref,27638.149,0,81,413921,105963776
simless,6,1,enron_full_445163,no_exact_ref,27638.149,0,81,413921,105963776
simless,4,1,enron_full_445163,no_exact_ref,27638.149,0,81,413921,105963776
simless,6,1,enron_full_445774,exact_ref,26261.403,1,0,413921,105963776
simless,4,1,enron_full_445774,exact_ref,26261.403,1,0,413921,105963776
simless,5,1,enron_full_445774,exact_ref,26261.403,1,0,413921,105963776
simless,4,1,enron_full_445830,no_exact_ref,27513.151,0,63,413921,105963776
simless,5,1,enron_full_445830,no_exact_ref,27513.151,0,63,413921,105963776
simless,6,1,enron_full_445830,no_exact_ref,27513.151,0,63,413921,105963776
simless,5,1,enron_full_446457,no_exact_ref,30239.987,0,10,413921,105963776
simless,6,1,enron_full_446457,no_exact_ref,30239.987,0,10,413921,105963776
simless,4,1,enron_full_446457,no_exact_ref,30239.987,0,10,413921,105963776
simless,6,1,enron_full_447336,exact_ref,28097.849,1,0,413921,105963776
simless,4,1,enron_full_447336,exact_ref,28097.849,1,0,413921,105963776
simless,5,1,enron_full_447336,exact_ref,28097.849,1,0,413921,105963776
simless,4,1,enron_full_447596,no_exact_ref,27086.296,0,43,413921,105963776
simless,5,1,enron_full_447596,no_exact_ref,27086.296,0,43,413921,105963776
simless,6,1,enron_full_447596,no_exact_ref,27086.296,0,43,413921,105963776
simless,5,1,enron_full_448246,exact_ref,27851.357,1,0,413921,105963776
simless,6,1,enron_full_448246,exact_ref,27851.357,1,0,413921,105963776
simless,4,1,enron_full_448246,exact_ref,27851.357,1,0,413921,105963776
simless,6,1,enron_full_448315,no_exact_ref,26955.874,1,0,413921,105963776
simless,4,1,enron_full_448315,no_exact_ref,26955.874,1,0,413921,105963776
simless,5,1,enron_full_448315,no_exact_ref,26955.874,1,0,413921,105963776
simless,4,1,enron_full_448897,exact_ref,27128.911,1,0,413921,105963776
simless,5,1,enron_full_448897,exact_ref,27128.911,1,0,413921,105963776
simless,6,1,enron_full_448897,exact_ref,27128.911,1,0,413921,105963776
simless,5,1,enron_full_449771,no_exact_ref,28822.371,0,91,413921,105963776
simless,6,1,enron_full_449771,no_exact_ref,28822.371,0,91,413921,105963776
simless,4,1,enron_full_449771,no_exact_ref,28822.371,0,91,413921,105963776
simless,6,1,enron_full_450293,exact_ref,29696.082,1,0,413921,105963776
simless,4,1,enron_full_450293,exact_ref,29696.082,1,0,413921,105963776
simless,5,1,enron_full_450293,exact_ref,29696.082,1,0,413921,105963776
simless,4,1,enron_full_450584,no_exact_ref,28518.761,0,30,413921,105963776
simless,5,1,enron_full_450584,no_exact_ref,28518.761,0,30,413921,105963776
simless,6,1,enron_full_450584,no_exact_ref,28518.761,0,30,413921,105963776
simless,5,1,enron_full_451624,exact_ref,28607.273,1,0,413921,105963776
simless,6,1,enron_full_451624,exact_ref,28607.273,1,0,413921,105963776
simless,4,1,enron_full_451624,exact_ref,28607.273,1,0,413921,105963776
simless,6,1,enron_full_451708,exact_ref,28883.857,1,0,413921,105963776
simless,4,1,enron_full_451708,exact_ref,28883.857,1,0,413921,105963776
simless,5,1,enron_full_451708,exact_ref,28883.857,1,0,413921,105963776
simless,4,1,enron_full_451980,no_exact_ref,29262.108,0,28,413921,105963776
simless,5,1,enron_full_451980,no_exact_ref,29262.108,0,28,413921,105963776
simless,6,1,enron_full_451980,no_exact_ref,29262.108,0,28,413921,105963776
simless,5,1,enron_full_452075,exact_ref,28537.071,1,0,413921,105963776
simless,6,1,enron_full_452075,exact_ref,28537.071,1,0,413921,105963776
simless,4,1,enron_full_452075,exact_ref,28537.071,1,0,413921,105963776
simless,6,1,enron_full_452624,exact_ref,28842.727,1,0,413921,105963776
simless,4,1,enron_full_452624,exact_ref,28842.727,1,0,413921,105963776
simless,5,1,enron_full_452624,exact_ref,28842.727,1,0,413921,105963776
simless,4,1,enron_full_452665,exact_ref,28190.071,1,0,413921,105963776
simless,5,1,enron_full_452665,exact_ref,28190.071,1,0,413921,105963776
simless,6,1,enron_full_452665,exact_ref,28190.071,1,0,413921,105963776
simless,5,1,enron_full_453158,exact_ref,27709.742,1,0,413921,105963776
simless,6,1,enron_full_453158,exact_ref,27709.742,1,0,413921,105963776
simless,4,1,enron_full_453158,exact_ref,27709.742,1,0,413921,105963776
simless,6,1,enron_full_453577,exact_ref,27726.153,1,0,413921,105963776
simless,4,1,enron_full_453577,exact_ref,27726.153,1,0,413921,105963776
simless,5,1,enron_full_453577,exact_ref,27726.153,1,0,413921,105963776
simless,4,1,enron_full_455974,no_exact_ref,27528.966,1,3,413921,105963776
simless,5,1,enron_full_455974,no_exact_ref,27528.966,1,3,413921,105963776
simless,6,1,enron_full_455974,no_exact_ref,27528.966,1,3,413921,105963776
simless,5,1,enron_full_456283,no_exact_ref,32349.952,0,81,413921,105963776
simless,6,1,enron_full_456283,no_exact_ref,32349.952,0,81,413921,105963776
simless,4,1,enron_full_456283,no_exact_ref,32349.952,0,81,413921,105963776
simless,6,1,enron_full_458074,no_exact_ref,30790.663,0,91,413921,105963776
simless,4,1,enron_full_458074,no_exact_ref,30790.663,0,91,413921,105963776
simless,5,1,enron_full_458074,no_exact_ref,30790.663,0,91,413921,105963776
simless,4,1,enron_full_458660,no_exact_ref,29502.372,0,84,413921,105963776
simless,5,1,enron_full_458660,no_exact_ref,29502.372,0,84,413921,105963776
simless,6,1,enron_full_458660,no_exact_ref,29502.372,0,84,413921,105963776
simless,5,1,enron_full_459917,no_exact_ref,29555.353,0,92,413921,105963776
simless,6,1,enron_full_459917,no_exact_ref,29555.353,0,92,413921,105963776
simless,4,1,enron_full_459917,no_exact_ref,29555.353,0,92,413921,105963776
simless,6,1,enron_full_459959,no_exact_ref,29376.272,0,91,413921,105963776
simless,4,1,enron_full_459959,no_exact_ref,29376.272,0,91,413921,105963776
simless,5,1,enron_full_459959,no_exact_ref,29376.272,0,91,413921,105963776
simless,4,1,enron_full_460573,exact_ref,28610.271,1,0,413921,105963776
simless,5,1,enron_full_460573,exact_ref,28610.271,1,0,413921,105963776
simless,6,1,enron_full_460573,exact_ref,28610.271,1,0,413921,105963776
simless,5,1,enron_full_461053,exact_ref,28052.749,1,0,413921,105963776
simless,6,1,enron_full_461053,exact_ref,28052.749,1,0,413921,105963776
simless,4,1,enron_full_461053,exact_ref,28052.749,1,0,413921,105963776
simless,6,1,enron_full_461203,no_exact_ref,27830.954,0,54,413921,105963776
simless,4,1,enron_full_461203,no_exact_ref,27830.954,0,54,413921,105963776
simless,5,1,enron_full_461203,no_exact_ref,27830.954,0,54,413921,105963776
simless,4,1,enron_full_461474,no_exact_ref,26836.131,0,85,413921,105963776
simless,5,1,enron_full_461474,no_exact_ref,26836.131,0,85,413921,105963776
simless,6,1,enron_full_461474,no_exact_ref,26836.131,0,85,413921,105963776
simless,5,1,enron_full_461621,exact_ref,27301.836,1,0,413921,105963776
simless,6,1,enron_full_461621,exact_ref,27301.836,1,0,413921,105963776
simless,4,1,enron_full_461621,exact_ref,27301.836,1,0,413921,105963776
simless,6,1,enron_full_461648,exact_ref,27903.677,1,0,413921,105963776
simless,4,1,enron_full_461648,exact_ref,27903.677,1,0,413921,105963776
simless,5,1,enron_full_461648,exact_ref,27903.677,1,0,413921,105963776
simless,4,1,enron_full_461948,exact_ref,27299.897,1,0,413921,105963776
simless,5,1,enron_full_461948,exact_ref,27299.897,1,0,413921,105963776
simless,6,1,enron_full_461948,exact_ref,27299.897,1,0,413921,105963776
simless,5,1,enron_full_462616,exact_ref,28538.382,1,0,413921,105963776
simless,6,1,enron_full_462616,exact_ref,28538.382,1,0,413921,105963776
simless,4,1,enron_full_462616,exact_ref,28538.382,1,0,413921,105963776
simless,6,1,enron_full_463151,exact_ref,29652.403,1,0,413921,105963776
simless,4,1,enron_full_463151,exact_ref,29652.403,1,0,413921,105963776
simless,5,1,enron_full_463151,exact_ref,29652.403,1,0,413921,105963776
simless,4,1,enron_full_463936,exact_ref,29322.303,1,0,413921,105963776
simless,5,1,enron_full_463936,exact_ref,29322.303,1,0,413921,105963776
simless,6,1,enron_full_463936,exact_ref,29322.303,1,0,413921,105963776
simless,5,1,enron_full_463955,exact_ref,28816.024,1,0,413921,105963776
simless,6,1,enron_full_463955,exact_ref,28816.024,1,0,413921,105963776
simless,4,1,enron_full_463955,exact_ref,28816.024,1,0,413921,105963776
simless,6,1,enron_full_463976,exact_ref,27442.013,1,0,413921,105963776
simless,4,1,enron_full_463976,exact_ref,27442.013,1,0,413921,105963776
simless,5,1,enron_full_463976,exact_ref,27442.013,1,0,413921,105963776
simless,4,1,enron_full_465574,exact_ref,27566.759,1,0,413921,105963776
simless,5,1,enron_full_465574,exact_ref,27566.759,1,0,413921,105963776
simless,6,1,enron_full_465574,exact_ref,27566.759,1,0,413921,105963776
simless,5,1,enron_full_466018,exact_ref,29074.041,1,0,413921,105963776
simless,6,1,enron_full_466018,exact_ref,29074.041,1,0,413921,105963776
simless,4,1,enron_full_466018,exact_ref,29074.041,1,0,413921,105963776
simless,6,1,enron_full_466387,exact_ref,28360.122,1,0,413921,105963776
simless,4,1,enron_full_466387,exact_ref,28360.122,1,0,413921,105963776
simless,5,1,enron_full_466387,exact_ref,28360.122,1,0,413921,105963776
simless,4,1,enron_full_466533,exact_ref,27549.406,1,0,413921,105963776
simless,5,1,enron_full_466533,exact_ref,27549.406,1,0,413921,105963776
simless,6,1,enron_full_466533,exact_ref,27549.406,1,0,413921,105963776
simless,5,1,enron_full_466708,exact_ref,26936.013,1,0,413921,105963776
simless,6,1,enron_full_466708,exact_ref,26936.013,1,0,413921,105963776
simless,4,1,enron_full_466708,exact_ref,26936.013,1,0,413921,105963776
simless,6,1,enron_full_467278,exact_ref,27260.690,1,0,413921,105963776
simless,4,1,enron_full_467278,exact_ref,27260.690,1,0,413921,105963776
simless,5,1,enron_full_467278,exact_ref,27260.690,1,0,413921,105963776
simless,4,1,enron_full_467576,exact_ref,27589.499,1,0,413921,105963776
simless,5,1,enron_full_467576,exact_ref,27589.499,1,0,413921,105963776
simless,6,1,enron_full_467576,exact_ref,27589.499,1,0,413921,105963776
simless,5,1,enron_full_467913,exact_ref,26930.515,1,0,413921,105963776
simless,6,1,enron_full_467913,exact_ref,26930.515,1,0,413921,105963776
simless,4,1,enron_full_467913,exact_ref,26930.515,1,0,413921,105963776
simless,6,1,enron_full_468001,exact_ref,27484.347,1,0,413921,105963776
simless,4,1,enron_full_468001,exact_ref,27484.347,1,0,413921,105963776
simless,5,1,enron_full_468001,exact_ref,27484.347,1,0,413921,105963776
simless,4,1,enron_full_468241,exact_ref,29010.988,1,0,413921,105963776
simless,5,1,enron_full_468241,exact_ref,29010.988,1,0,413921,105963776
simless,6,1,enron_full_468241,exact_ref,29010.988,1,0,413921,105963776
simless,5,1,enron_full_468948,exact_ref,29894.208,1,0,413921,105963776
simless,6,1,enron_full_468948,exact_ref,29894.208,1,0,413921,105963776
simless,4,1,enron_full_468948,exact_ref,29894.208,1,0,413921,105963776
simless,6,1,enron_full_469104,exact_ref,27926.449,1,0,413921,105963776
simless,4,1,enron_full_469104,exact_ref,27926.449,1,0,413921,105963776
simless,5,1,enron_full_469104,exact_ref,27926.449,1,0,413921,105963776
simless,4,1,enron_full_469441,exact_ref,27249.955,1,0,413921,105963776
simless,5,1,enron_full_469441,exact_ref,27249.955,1,0,413921,105963776
simless,6,1,enron_full_469441,exact_ref,27249.955,1,0,413921,105963776
simless,5,1,enron_full_470510,exact_ref,27039.637,1,0,413921,105963776
simless,6,1,enron_full_470510,exact_ref,27039.637,1,0,413921,105963776
simless,4,1,enron_full_470510,exact_ref,27039.637,1,0,413921,105963776
simless,6,1,enron_full_471172,exact_ref,27385.086,1,0,413921,105963776
simless,4,1,enron_full_471172,exact_ref,27385.086,1,0,413921,105963776
simless,5,1,enron_full_471172,exact_ref,27385.086,1,0,413921,105963776
simless,4,1,enron_full_472398,exact_ref,27414.934,1,0,413921,105963776
simless,5,1,enron_full_472398,exact_ref,27414.934,1,0,413921,105963776
simless,6,1,enron_full_472398,exact_ref,27414.934,1,0,413921,105963776
simless,5,1,enron_full_473353,exact_ref,26187.255,1,0,413921,105963776
simless,6,1,enron_full_473353,exact_ref,26187.255,1,0,413921,105963776
simless,4,1,enron_full_473353,exact_ref,26187.255,1,0,413921,105963776
simless,6,1,enron_full_473987,no_exact_ref,29465.486,0,88,413921,105963776
simless,4,1,enron_full_473987,no_exact_ref,29465.486,0,88,413921,105963776
simless,5,1,enron_full_473987,no_exact_ref,29465.486,0,88,413921,105963776
simless,4,1,enron_full_474902,exact_ref,28836.114,1,0,413921,105963776
simless,5,1,enron_full_474902,exact_ref,28836.114,1,0,413921,105963776
simless,6,1,enron_full_474902,exact_ref,28836.114,1,0,413921,105963776
simless,5,1,enron_full_476646,exact_ref,33647.596,1,0,413921,105963776
simless,6,1,enron_full_476646,exact_ref,33647.596,1,0,413921,105963776
simless,4,1,enron_full_476646,exact_ref,33647.596,1,0,413921,105963776
simless,6,1,enron_full_476866,exact_ref,29848.439,1,0,413921,105963776
simless,4,1,enron_full_476866,exact_ref,29848.439,1,0,413921,105963776
simless,5,1,enron_full_476866,exact_ref,29848.439,1,0,413921,105963776
simless,4,1,enron_full_476952,exact_ref,30226.807,1,0,413921,105963776
simless,5,1,enron_full_476952,exact_ref,30226.807,1,0,413921,105963776
simless,6,1,enron_full_476952,exact_ref,30226.807,1,0,413921,105963776
simless,5,1,enron_full_478933,no_exact_ref,29987.910,0,68,413921,105963776
simless,6,1,enron_full_478933,no_exact_ref,29987.910,0,68,413921,105963776
simless,4,1,enron_full_478933,no_exact_ref,29987.910,0,68,413921,105963776
simless,6,1,enron_full_479947,no_exact_ref,28894.255,0,90,413921,105963776
simless,4,1,enron_full_479947,no_exact_ref,28894.255,0,90,413921,105963776
simless,5,1,enron_full_479947,no_exact_ref,28894.255,0,90,413921,105963776
simless,4,1,enron_full_480468,no_exact_ref,26715.535,0,58,413921,105963776
simless,5,1,enron_full_480468,no_exact_ref,26715.535,0,58,413921,105963776
simless,6,1,enron_full_480468,no_exact_ref,26715.535,0,58,413921,105963776
simless,5,1,enron_full_480848,exact_ref,26370.834,1,0,413921,105963776
simless,6,1,enron_full_480848,exact_ref,26370.834,1,0,413921,105963776
simless,4,1,enron_full_480848,exact_ref,26370.834,1,0,413921,105963776
simless,6,1,enron_full_481384,exact_ref,26666.578,1,0,413921,105963776
simless,4,1,enron_full_481384,exact_ref,26666.578,1,0,413921,105963776
simless,5,1,enron_full_481384,exact_ref,26666.578,1,0,413921,105963776
simless,4,1,enron_full_481691,exact_ref,26169.161,1,0,413921,105963776
simless,5,1,enron_full_481691,exact_ref,26169.161,1,0,413921,105963776
simless,6,1,enron_full_481691,exact_ref,26169.161,1,0,413921,105963776
simless,5,1,enron_full_481940,exact_ref,27019.833,1,0,413921,105963776
simless,6,1,enron_full_481940,exact_ref,27019.833,1,0,413921,105963776
simless,4,1,enron_full_481940,exact_ref,27019.833,1,0,413921,105963776
simless,6,1,enron_full_482039,exact_ref,26477.427,1,0,413921,105963776
simless,4,1,enron_full_482039,exact_ref,26477.427,1,0,413921,105963776
simless,5,1,enron_full_482039,exact_ref,26477.427,1,0,413921,105963776
simless,4,1,enron_full_482398,no_exact_ref,26656.497,0,60,413921,105963776
simless,5,1,enron_full_482398,no_exact_ref,26656.497,0,60,413921,105963776
simless,6,1,enron_full_482398,no_exact_ref,26656.497,0,60,413921,105963776
simless,5,1,enron_full_482679,no_exact_ref,27507.161,0,72,413921,105963776
simless,6,1,enron_full_482679,no_exact_ref,27507.161,0,72,413921,105963776
simless,4,1,enron_full_482679,no_exact_ref,27507.161,0,72,413921,105963776
simless,6,1,enron_full_482700,exact_ref,26854.825,1,0,413921,105963776
simless,4,1,enron_full_482700,exact_ref,26854.825,1,0,413921,105963776
simless,5,1,enron_full_482700,exact_ref,26854.825,1,0,413921,105963776
simless,4,1,enron_full_482778,exact_ref,26275.868,1,0,413921,105963776
simless,5,1,enron_full_482778,exact_ref,26275.868,1,0,413921,105963776
simless,6,1,enron_full_482778,exact_ref,26275.868,1,0,413921,105963776
simless,5,1,enron_full_482919,exact_ref,26228.245,1,0,413921,105963776
simless,6,1,enron_full_482919,exact_ref,26228.245,1,0,413921,105963776
simless,4,1,enron_full_482919,exact_ref,26228.245,1,0,413921,105963776
simless,6,1,enron_full_483941,exact_ref,28903.831,1,0,413921,105963776
simless,4,1,enron_full_483941,exact_ref,28903.831,1,0,413921,105963776
simless,5,1,enron_full_483941,exact_ref,28903.831,1,0,413921,105963776
simless,4,1,enron_full_484013,exact_ref,29044.926,1,0,413921,105963776
simless,5,1,enron_full_484013,exact_ref,29044.926,1,0,413921,105963776
simless,6,1,enron_full_484013,exact_ref,29044.926,1,0,413921,105963776
simless,5,1,enron_full_485161,exact_ref,27716.087,1,0,413921,105963776
simless,6,1,enron_full_485161,exact_ref,27716.087,1,0,413921,105963776
simless,4,1,enron_full_485161,exact_ref,27716.087,1,0,413921,105963776
simless,6,1,enron_full_485319,exact_ref,27456.897,1,0,413921,105963776
simless,4,1,enron_full_485319,exact_ref,27456.897,1,0,413921,105963776
simless,5,1,enron_full_485319,exact_ref,27456.897,1,0,413921,105963776
simless,4,1,enron_full_485507,no_exact_ref,28735.264,0,18,413921,105963776
simless,5,1,enron_full_485507,no_exact_ref,28735.264,0,18,413921,105963776
simless,6,1,enron_full_485507,no_exact_ref,28735.264,0,18,413921,105963776
simless,5,1,enron_full_485652,no_exact_ref,28402.416,0,85,413921,105963776
simless,6,1,enron_full_485652,no_exact_ref,28402.416,0,85,413921,105963776
simless,4,1,enron_full_485652,no_exact_ref,28402.416,0,85,413921,105963776
simless,6,1,enron_full_485802,no_exact_ref,27973.882,0,69,413921,105963776
simless,4,1,enron_full_485802,no_exact_ref,27973.882,0,69,413921,105963776
simless,5,1,enron_full_485802,no_exact_ref,27973.882,0,69,413921,105963776
simless,4,1,enron_full_486590,exact_ref,27170.919,1,0,413921,105963776
simless,5,1,enron_full_486590,exact_ref,27170.919,1,0,413921,105963776
simless,6,1,enron_full_486590,exact_ref,27170.919,1,0,413921,105963776
simless,5,1,enron_full_486718,exact_ref,27297.677,1,0,413921,105963776
simless,6,1,enron_full_486718,exact_ref,27297.677,1,0,413921,105963776
simless,4,1,enron_full_486718,exact_ref,27297.677,1,0,413921,105963776
simless,6,1,enron_full_487009,no_exact_ref,26337.459,0,26,413921,105963776
simless,4,1,enron_full_487009,no_exact_ref,26337.459,0,26,413921,105963776
simless,5,1,enron_full_487009,no_exact_ref,26337.459,0,26,413921,105963776
simless,4,1,enron_full_487095,no_exact_ref,27043.062,0,92,413921,105963776
simless,5,1,enron_full_487095,no_exact_ref,27043.062,0,92,413921,105963776
simless,6,1,enron_full_487095,no_exact_ref,27043.062,0,92,413921,105963776
simless,5,1,enron_full_487221,exact_ref,26339.606,1,0,413921,105963776
simless,6,1,enron_full_487221,exact_ref,26339.606,1,0,413921,105963776
simless,4,1,enron_full_487221,exact_ref,26339.606,1,0,413921,105963776
simless,6,1,enron_full_488455,no_exact_ref,26758.489,0,67,413921,105963776
simless,4,1,enron_full_488455,no_exact_ref,26758.489,0,67,413921,105963776
simless,5,1,enron_full_488455,no_exact_ref,26758.489,0,67,413921,105963776
simless,4,1,enron_full_488704,no_exact_ref,28864.789,1,1,413921,105963776
simless,5,1,enron_full_488704,no_exact_ref,28864.789,1,1,413921,105963776
simless,6,1,enron_full_488704,no_exact_ref,28864.789,1,1,413921,105963776
simless,5,1,enron_full_489126,no_exact_ref,29535.785,0,93,413921,105963776
simless,6,1,enron_full_489126,no_exact_ref,29535.785,0,93,413921,105963776
simless,4,1,enron_full_489126,no_exact_ref,29535.785,0,93,413921,105963776
simless,6,1,enron_full_490171,no_exact_ref,27642.421,0,86,413921,105963776
simless,4,1,enron_full_490171,no_exact_ref,27642.421,0,86,413921,105963776
simless,5,1,enron_full_490171,no_exact_ref,27642.421,0,86,413921,105963776
simless,4,1,enron_full_490913,exact_ref,27409.737,1,0,413921,105963776
simless,5,1,enron_full_490913,exact_ref,27409.737,1,0,413921,105963776
simless,6,1,enron_full_490913,exact_ref,27409.737,1,0,413921,105963776
simless,5,1,enron_full_491597,exact_ref,26431.642,1,0,413921,105963776
simless,6,1,enron_full_491597,exact_ref,26431.642,1,0,413921,105963776
simless,4,1,enron_full_491597,exact_ref,26431.642,1,0,413921,105963776
simless,6,1,enron_full_491993,no_exact_ref,26273.278,0,91,413921,105963776
simless,4,1,enron_full_491993,no_exact_ref,26273.278,0,91,413921,105963776
simless,5,1,enron_full_491993,no_exact_ref,26273.278,0,91,413921,105963776
simless,4,1,enron_full_492310,no_exact_ref,27156.921,0,13,413921,105963776
simless,5,1,enron_full_492310,no_exact_ref,27156.921,0,13,413921,105963776
simless,6,1,enron_full_492310,no_exact_ref,27156.921,0,13,413921,105963776
simless,5,1,enron_full_492624,exact_ref,25934.447,1,0,413921,105963776
simless,6,1,enron_full_492624,exact_ref,25934.447,1,0,413921,105963776
simless,4,1,enron_full_492624,exact_ref,25934.447,1,0,413921,105963776
simless,6,1,enron_full_492762,no_exact_ref,31496.336,0,69,413921,105963776
simless,4,1,enron_full_492762,no_exact_ref,31496.336,0,69,413921,105963776
simless,5,1,enron_full_492762,no_exact_ref,31496.336,0,69,413921,105963776
simless,4,1,enron_full_493081,no_exact_ref,29187.210,0,50,413921,105963776
simless,5,1,enron_full_493081,no_exact_ref,29187.210,0,50,413921,105963776
simless,6,1,enron_full_493081,no_exact_ref,29187.210,0,50,413921,105963776
simless,5,1,enron_full_493173,no_exact_ref,29437.386,0,90,413921,105963776
simless,6,1,enron_full_493173,no_exact_ref,29437.386,0,90,413921,105963776
simless,4,1,enron_full_493173,no_exact_ref,29437.386,0,90,413921,105963776
simless,6,1,enron_full_494836,no_exact_ref,27644.912,0,9,413921,105963776
simless,4,1,enron_full_494836,no_exact_ref,27644.912,0,9,413921,105963776
simless,5,1,enron_full_494836,no_exact_ref,27644.912,0,9,413921,105963776
simless,4,1,enron_full_495207,no_exact_ref,30199.793,0,94,413921,105963776
simless,5,1,enron_full_495207,no_exact_ref,30199.793,0,94,413921,105963776
simless,6,1,enron_full_495207,no_exact_ref,30199.793,0,94,413921,105963776
simless,5,1,enron_full_496303,no_exact_ref,30044.244,0,47,413921,105963776
simless,6,1,enron_full_496303,no_exact_ref,30044.244,0,47,413921,105963776
simless,4,1,enron_full_496303,no_exact_ref,30044.244,0,47,413921,105963776
simless,6,1,enron_full_497180,exact_ref,29865.238,1,0,413921,105963776
simless,4,1,enron_full_497180,exact_ref,29865.238,1,0,413921,105963776
simless,5,1,enron_full_497180,exact_ref,29865.238,1,0,413921,105963776
simless,4,1,enron_full_498346,no_exact_ref,28029.758,0,93,413921,105963776
simless,5,1,enron_full_498346,no_exact_ref,28029.758,0,93,413921,105963776
simless,6,1,enron_full_498346,no_exact_ref,28029.758,0,93,413921,105963776
simless,5,1,enron_full_498425,exact_ref,26952.965,1,0,413921,105963776
simless,6,1,enron_full_498425,exact_ref,26952.965,1,0,413921,105963776
simless,4,1,enron_full_498425,exact_ref,26952.965,1,0,413921,105963776
simless,6,1,enron_full_498832,exact_ref,26793.616,1,0,413921,105963776
simless,4,1,enron_full_498832,exact_ref,26793.616,1,0,413921,105963776
simless,5,1,enron_full_498832,exact_ref,26793.616,1,0,413921,105963776
simless,4,1,enron_full_499190,exact_ref,26184.443,1,0,413921,105963776
simless,5,1,enron_full_499190,exact_ref,26184.443,1,0,413921,105963776
simless,6,1,enron_full_499190,exact_ref,26184.443,1,0,413921,105963776
simless,5,1,enron_full_499335,exact_ref,27170.108,1,0,413921,105963776
simless,6,1,enron_full_499335,exact_ref,27170.108,1,0,413921,105963776
simless,4,1,enron_full_499335,exact_ref,27170.108,1,0,413921,105963776
simless,6,1,enron_full_500125,exact_ref,26530.306,1,0,413921,105963776
simless,4,1,enron_full_500125,exact_ref,26530.306,1,0,413921,105963776
simless,5,1,enron_full_500125,exact_ref,26530.306,1,0,413921,105963776
simless,4,1,enron_full_500480,exact_ref,26121.009,1,0,413921,105963776
simless,5,1,enron_full_500480,exact_ref,26121.009,1,0,413921,105963776
simless,6,1,enron_full_500480,exact_ref,26121.009,1,0,413921,105963776
simless,5,1,enron_full_500856,exact_ref,26023.094,1,0,413921,105963776
simless,6,1,enron_full_500856,exact_ref,26023.094,1,0,413921,105963776
simless,4,1,enron_full_500856,exact_ref,26023.094,1,0,413921,105963776
simless,6,1,enron_full_501389,exact_ref,25481.044,1,0,413921,105963776
simless,4,1,enron_full_501389,exact_ref,25481.044,1,0,413921,105963776
simless,5,1,enron_full_501389,exact_ref,25481.044,1,0,413921,105963776
simless,4,1,enron_full_501995,no_exact_ref,27780.726,1,0,413921,105963776
simless,5,1,enron_full_501995,no_exact_ref,27780.726,1,0,413921,105963776
simless,6,1,enron_full_501995,no_exact_ref,27780.726,1,0,413921,105963776
simless,5,1,enron_full_503996,no_exact_ref,26352.702,0,95,413921,105963776
simless,6,1,enron_full_503996,no_exact_ref,26352.702,0,95,413921,105963776
simless,4,1,enron_full_503996,no_exact_ref,26352.702,0,95,413921,105963776
simless,6,1,enron_full_504214,no_exact_ref,35787.815,0,34,413921,105963776
simless,4,1,enron_full_504214,no_exact_ref,35787.815,0,34,413921,105963776
simless,5,1,enron_full_504214,no_exact_ref,35787.815,0,34,413921,105963776
simless,4,1,enron_full_504672,exact_ref,29087.272,1,0,413921,105963776
simless,5,1,enron_full_504672,exact_ref,29087.272,1,0,413921,105963776
simless,6,1,enron_full_504672,exact_ref,29087.272,1,0,413921,105963776
simless,5,1,enron_full_506077,no_exact_ref,28210.577,0,83,413921,105963776
simless,6,1,enron_full_506077,no_exact_ref,28210.577,0,83,413921,105963776
simless,4,1,enron_full_506077,no_exact_ref,28210.577,0,83,413921,105963776
simless,6,1,enron_full_506313,no_exact_ref,28490.640,0,62,413921,105963776
simless,4,1,enron_full_506313,no_exact_ref,28490.640,0,62,413921,105963776
simless,5,1,enron_full_506313,no_exact_ref,28490.640,0,62,413921,105963776
simless,4,1,enron_full_506691,no_exact_ref,26667.696,0,90,413921,105963776
simless,5,1,enron_full_506691,no_exact_ref,26667.696,0,90,413921,105963776
simless,6,1,enron_full_506691,no_exact_ref,26667.696,0,90,413921,105963776
simless,5,1,enron_full_506951,no_exact_ref,27589.906,0,36,413921,105963776
simless,6,1,enron_full_506951,no_exact_ref,27589.906,0,36,413921,105963776
simless,4,1,enron_full_506951,no_exact_ref,27589.906,0,36,413921,105963776
simless,6,1,enron_full_508297,exact_ref,27881.126,1,0,413921,105963776
simless,4,1,enron_full_508297,exact_ref,27881.126,1,0,413921,105963776
simless,5,1,enron_full_508297,exact_ref,27881.126,1,0,413921,105963776
simless,4,1,enron_full_508633,no_exact_ref,27795.126,1,0,413921,105963776
simless,5,1,enron_full_508633,no_exact_ref,27795.126,1,0,413921,105963776
simless,6,1,enron_full_508633,no_exact_ref,27795.126,1,0,413921,105963776
simless,5,1,enron_full_509309,exact_ref,29028.154,1,0,413921,105963776
simless,6,1,enron_full_509309,exact_ref,29028.154,1,0,413921,105963776
simless,4,1,enron_full_509309,exact_ref,29028.154,1,0,413921,105963776
simless,6,1,enron_full_509898,exact_ref,28329.010,1,0,413921,105963776
simless,4,1,enron_full_509898,exact_ref,28329.010,1,0,413921,105963776
simless,5,1,enron_full_509898,exact_ref,28329.010,1,0,413921,105963776
simless,4,1,enron_full_511005,exact_ref,28961.787,1,0,413921,105963776
simless,5,1,enron_full_511005,exact_ref,28961.787,1,0,413921,105963776
simless,6,1,enron_full_511005,exact_ref,28961.787,1,0,413921,105963776
simless,5,1,enron_full_513543,no_exact_ref,27880.242,0,26,413921,105963776
simless,6,1,enron_full_513543,no_exact_ref,27880.242,0,26,413921,105963776
simless,4,1,enron_full_513543,no_exact_ref,27880.242,0,26,413921,105963776
simless,6,1,enron_full_513857,exact_ref,28329.039,1,0,413921,105963776
simless,4,1,enron_full_513857,exact_ref,28329.039,1,0,413921,105963776
simless,5,1,enron_full_513857,exact_ref,28329.039,1,0,413921,105963776
simless,4,1,enron_full_514823,no_exact_ref,29070.682,0,66,413921,105963776
simless,5,1,enron_full_514823,no_exact_ref,29070.682,0,66,413921,105963776
simless,6,1,enron_full_514823,no_exact_ref,29070.682,0,66,413921,105963776
simless,5,1,enron_full_514984,exact_ref,28822.465,1,0,413921,105963776
simless,6,1,enron_full_514984,exact_ref,28822.465,1,0,413921,105963776
simless,4,1,enron_full_514984,exact_ref,28822.465,1,0,413921,105963776
simless,6,1,enron_full_515092,no_exact_ref,29513.116,0,34,413921,105963776
simless,4,1,enron_full_515092,no_exact_ref,29513.116,0,34,413921,105963776
simless,5,1,enron_full_515092,no_exact_ref,29513.116,0,34,413921,105963776
simless,4,1,enron_full_515627,no_exact_ref,29207.416,0,45,413921,105963776
simless,5,1,enron_full_515627,no_exact_ref,29207.416,0,45,413921,105963776
simless,6,1,enron_full_515627,no_exact_ref,29207.416,0,45,413921,105963776
simless,5,1,enron_full_515714,no_exact_ref,26756.246,0,62,413921,105963776
simless,6,1,enron_full_515714,no_exact_ref,26756.246,0,62,413921,105963776
simless,4,1,enron_full_515714,no_exact_ref,26756.246,0,62,413921,105963776
simless,6,1,enron_full_516032,exact_ref,28107.164,1,0,413921,105963776
simless,4,1,enron_full_516032,exact_ref,28107.164,1,0,413921,105963776
simless,5,1,enron_full_516032,exact_ref,28107.164,1,0,413921,105963776
simless,4,1,enron_full_516843,no_exact_ref,29080.552,0,27,413921,105963776
simless,5,1,enron_full_516843,no_exact_ref,29080.552,0,27,413921,105963776
simless,6,1,enron_full_516843,no_exact_ref,29080.552,0,27,413921,105963776
simless,5,1,enron_full_516871,no_exact_ref,29220.003,0,93,413921,105963776
simless,6,1,enron_full_516871,no_exact_ref,29220.003,0,93,413921,105963776
simless,4,1,enron_full_516871,no_exact_ref,29220.003,0,93,413921,105963776
simless,6,2,enron_full_000202,exact_ref,27385.015,1,0,413921,105963776
simless,4,2,enron_full_000202,exact_ref,27385.015,1,0,413921,105963776
simless,5,2,enron_full_000202,exact_ref,27385.015,1,0,413921,105963776
simless,4,2,enron_full_000664,exact_ref,26483.738,1,0,413921,105963776
simless,5,2,enron_full_000664,exact_ref,26483.738,1,0,413921,105963776
simless,6,2,enron_full_000664,exact_ref,26483.738,1,0,413921,105963776
simless,5,2,enron_full_001289,no_exact_ref,27030.208,0,70,413921,105963776
simless,6,2,enron_full_001289,no_exact_ref,27030.208,0,70,413921,105963776
simless,4,2,enron_full_001289,no_exact_ref,27030.208,0,70,413921,105963776
simless,6,2,enron_full_001379,no_exact_ref,26352.665,0,53,413921,105963776
simless,4,2,enron_full_001379,no_exact_ref,26352.665,0,53,413921,105963776
simless,5,2,enron_full_001379,no_exact_ref,26352.665,0,53,413921,105963776
simless,4,2,enron_full_001488,no_exact_ref,28299.436,0,44,413921,105963776
simless,5,2,enron_full_001488,no_exact_ref,28299.436,0,44,413921,105963776
simless,6,2,enron_full_001488,no_exact_ref,28299.436,0,44,413921,105963776
simless,5,2,enron_full_001525,exact_ref,28597.503,1,0,413921,105963776
simless,6,2,enron_full_001525,exact_ref,28597.503,1,0,413921,105963776
simless,4,2,enron_full_001525,exact_ref,28597.503,1,0,413921,105963776
simless,6,2,enron_full_002220,exact_ref,27813.581,1,0,413921,105963776
simless,4,2,enron_full_002220,exact_ref,27813.581,1,0,413921,105963776
simless,5,2,enron_full_002220,exact_ref,27813.581,1,0,413921,105963776
simless,4,2,enron_full_004616,exact_ref,26794.878,1,0,413921,105963776
simless,5,2,enron_full_004616,exact_ref,26794.878,1,0,413921,105963776
simless,6,2,enron_full_004616,exact_ref,26794.878,1,0,413921,105963776
simless,5,2,enron_full_005913,exact_ref,28772.895,1,0,413921,105963776
simless,6,2,enron_full_005913,exact_ref,28772.895,1,0,413921,105963776
simless,4,2,enron_full_005913,exact_ref,28772.895,1,0,413921,105963776
simless,6,2,enron_full_006211,exact_ref,28600.723,1,0,413921,105963776
simless,4,2,enron_full_006211,exact_ref,28600.723,1,0,413921,105963776
simless,5,2,enron_full_006211,exact_ref,28600.723,1,0,413921,105963776
simless,4,2,enron_full_006276,exact_ref,28497.029,1,0,413921,105963776
simless,5,2,enron_full_006276,exact_ref,28497.029,1,0,413921,105963776
simless,6,2,enron_full_006276,exact_ref,28497.029,1,0,413921,105963776
simless,5,2,enron_full_006379,no_exact_ref,28328.615,0,93,413921,105963776
simless,6,2,enron_full_006379,no_exact_ref,28328.615,0,93,413921,105963776
simless,4,2,enron_full_006379,no_exact_ref,28328.615,0,93,413921,105963776
simless,6,2,enron_full_006771,exact_ref,26987.216,1,0,413921,105963776
simless,4,2,enron_full_006771,exact_ref,26987.216,1,0,413921,105963776
simless,5,2,enron_full_006771,exact_ref,26987.216,1,0,413921,105963776
simless,4,2,enron_full_007411,no_exact_ref,26488.715,0,92,413921,105963776
simless,5,2,enron_full_007411,no_exact_ref,26488.715,0,92,413921,105963776
simless,6,2,enron_full_007411,no_exact_ref,26488.715,0,92,413921,105963776
simless,5,2,enron_full_008064,exact_ref,25766.187,1,0,413921,105963776
simless,6,2,enron_full_008064,exact_ref,25766.187,1,0,413921,105963776
simless,4,2,enron_full_008064,exact_ref,25766.187,1,0,413921,105963776
simless,6,2,enron_full_008136,no_exact_ref,31468.571,0,16,413921,105963776
simless,4,2,enron_full_008136,no_exact_ref,31468.571,0,16,413921,105963776
simless,5,2,enron_full_008136,no_exact_ref,31468.571,0,16,413921,105963776
simless,4,2,enron_full_008648,exact_ref,26972.816,1,0,413921,105963776
simless,5,2,enron_full_008648,exact_ref,26972.816,1,0,413921,105963776
simless,6,2,enron_full_008648,exact_ref,26972.816,1,0,413921,105963776
simless,5,2,enron_full_008924,exact_ref,27919.459,1,0,413921,105963776
simless,6,2,enron_full_008924,exact_ref,27919.459,1,0,413921,105963776
simless,4,2,enron_full_008924,exact_ref,27919.459,1,0,413921,105963776
simless,6,2,enron_full_009142,exact_ref,29905.871,1,0,413921,105963776
simless,4,2,enron_full_009142,exact_ref,29905.871,1,0,413921,105963776
simless,5,2,enron_full_009142,exact_ref,29905.871,1,0,413921,105963776
simless,4,2,enron_full_009200,exact_ref,28202.603,1,0,413921,105963776
simless,5,2,enron_full_009200,exact_ref,28202.603,1,0,413921,105963776
simless,6,2,enron_full_009200,exact_ref,28202.603,1,0,413921,105963776
simless,5,2,enron_full_009568,no_exact_ref,26747.636,0,91,413921,105963776
simless,6,2,enron_full_009568,no_exact_ref,26747.636,0,91,413921,105963776
simless,4,2,enron_full_009568,no_exact_ref,26747.636,0,91,413921,105963776
simless,6,2,enron_full_009735,no_exact_ref,25659.444,0,94,413921,105963776
simless,4,2,enron_full_009735,no_exact_ref,25659.444,0,94,413921,105963776
simless,5,2,enron_full_009735,no_exact_ref,25659.444,0,94,413921,105963776
simless,4,2,enron_full_011924,exact_ref,26106.267,1,0,413921,105963776
simless,5,2,enron_full_011924,exact_ref,26106.267,1,0,413921,105963776
simless,6,2,enron_full_011924,exact_ref,26106.267,1,0,413921,105963776
simless,5,2,enron_full_012156,exact_ref,26260.644,1,0,413921,105963776
simless,6,2,enron_full_012156,exact_ref,26260.644,1,0,413921,105963776
simless,4,2,enron_full_012156,exact_ref,26260.644,1,0,413921,105963776
simless,6,2,enron_full_012651,exact_ref,26645.536,1,0,413921,105963776
simless,4,2,enron_full_012651,exact_ref,26645.536,1,0,413921,105963776
simless,5,2,enron_full_012651,exact_ref,26645.536,1,0,413921,105963776
simless,4,2,enron_full_013576,exact_ref,26412.073,1,0,413921,105963776
simless,5,2,enron_full_013576,exact_ref,26412.073,1,0,413921,105963776
simless,6,2,enron_full_013576,exact_ref,26412.073,1,0,413921,105963776
simless,5,2,enron_full_013941,exact_ref,27229.162,1,0,413921,105963776
simless,6,2,enron_full_013941,exact_ref,27229.162,1,0,413921,105963776
simless,4,2,enron_full_013941,exact_ref,27229.162,1,0,413921,105963776
simless,6,2,enron_full_014539,exact_ref,27127.215,1,0,413921,105963776
simless,4,2,enron_full_014539,exact_ref,27127.215,1,0,413921,105963776
simless,5,2,enron_full_014539,exact_ref,27127.215,1,0,413921,105963776
simless,4,2,enron_full_014678,exact_ref,27149.979,1,0,413921,105963776
simless,5,2,enron_full_014678,exact_ref,27149.979,1,0,413921,105963776
simless,6,2,enron_full_014678,exact_ref,27149.979,1,0,413921,105963776
simless,5,2,enron_full_015568,exact_ref,26570.118,1,0,413921,105963776
simless,6,2,enron_full_015568,exact_ref,26570.118,1,0,413921,105963776
simless,4,2,enron_full_015568,exact_ref,26570.118,1,0,413921,105963776
simless,6,2,enron_full_015698,exact_ref,29308.920,1,0,413921,105963776
simless,4,2,enron_full_015698,exact_ref,29308.920,1,0,413921,105963776
simless,5,2,enron_full_015698,exact_ref,29308.920,1,0,413921,105963776
simless,4,2,enron_full_016017,exact_ref,29842.503,1,0,413921,105963776
simless,5,2,enron_full_016017,exact_ref,29842.503,1,0,413921,105963776
simless,6,2,enron_full_016017,exact_ref,29842.503,1,0,413921,105963776
simless,5,2,enron_full_017189,exact_ref,29343.836,1,0,413921,105963776
simless,6,2,enron_full_017189,exact_ref,29343.836,1,0,413921,105963776
simless,4,2,enron_full_017189,exact_ref,29343.836,1,0,413921,105963776
simless,6,2,enron_full_018163,no_exact_ref,31743.174,0,73,413921,105963776
simless,4,2,enron_full_018163,no_exact_ref,31743.174,0,73,413921,105963776
simless,5,2,enron_full_018163,no_exact_ref,31743.174,0,73,413921,105963776
simless,4,2,enron_full_018755,exact_ref,30434.509,1,0,413921,105963776
simless,5,2,enron_full_018755,exact_ref,30434.509,1,0,413921,105963776
simless,6,2,enron_full_018755,exact_ref,30434.509,1,0,413921,105963776
simless,5,2,enron_full_019153,exact_ref,28713.815,1,0,413921,105963776
simless,6,2,enron_full_019153,exact_ref,28713.815,1,0,413921,105963776
simless,4,2,enron_full_019153,exact_ref,28713.815,1,0,413921,105963776
simless,6,2,enron_full_019201,exact_ref,27529.865,1,0,413921,105963776
simless,4,2,enron_full_019201,exact_ref,27529.865,1,0,413921,105963776
simless,5,2,enron_full_019201,exact_ref,27529.865,1,0,413921,105963776
simless,4,2,enron_full_019604,no_exact_ref,27115.390,0,92,413921,105963776
simless,5,2,enron_full_019604,no_exact_ref,27115.390,0,92,413921,105963776
simless,6,2,enron_full_019604,no_exact_ref,27115.390,0,92,413921,105963776
simless,5,2,enron_full_019949,exact_ref,26970.670,1,0,413921,105963776
simless,6,2,enron_full_019949,exact_ref,26970.670,1,0,413921,105963776
simless,4,2,enron_full_019949,exact_ref,26970.670,1,0,413921,105963776
simless,6,2,enron_full_020401,no_exact_ref,26485.196,0,50,413921,105963776
simless,4,2,enron_full_020401,no_exact_ref,26485.196,0,50,413921,105963776
simless,5,2,enron_full_020401,no_exact_ref,26485.196,0,50,413921,105963776
simless,4,2,enron_full_020951,exact_ref,26803.746,1,0,413921,105963776
simless,5,2,enron_full_020951,exact_ref,26803.746,1,0,413921,105963776
simless,6,2,enron_full_020951,exact_ref,26803.746,1,0,413921,105963776
simless,5,2,enron_full_021195,exact_ref,27407.511,1,0,413921,105963776
simless,6,2,enron_full_021195,exact_ref,27407.511,1,0,413921,105963776
simless,4,2,enron_full_021195,exact_ref,27407.511,1,0,413921,105963776
simless,6,2,enron_full_021224,exact_ref,26619.114,1,0,413921,105963776
simless,4,2,enron_full_021224,exact_ref,26619.114,1,0,413921,105963776
simless,5,2,enron_full_021224,exact_ref,26619.114,1,0,413921,105963776
simless,4,2,enron_full_021900,exact_ref,27439.570,1,0,413921,105963776
simless,5,2,enron_full_021900,exact_ref,27439.570,1,0,413921,105963776
simless,6,2,enron_full_021900,exact_ref,27439.570,1,0,413921,105963776
simless,5,2,enron_full_022531,exact_ref,28908.760,1,0,413921,105963776
simless,6,2,enron_full_022531,exact_ref,28908.760,1,0,413921,105963776
simless,4,2,enron_full_022531,exact_ref,28908.760,1,0,413921,105963776
simless,6,2,enron_full_022683,exact_ref,28659.946,1,0,413921,105963776
simless,4,2,enron_full_022683,exact_ref,28659.946,1,0,413921,105963776
simless,5,2,enron_full_022683,exact_ref,28659.946,1,0,413921,105963776
simless,4,2,enron_full_022865,exact_ref,26565.955,1,0,413921,105963776
simless,5,2,enron_full_022865,exact_ref,26565.955,1,0,413921,105963776
simless,6,2,enron_full_022865,exact_ref,26565.955,1,0,413921,105963776
simless,5,2,enron_full_022972,exact_ref,25905.094,1,0,413921,105963776
simless,6,2,enron_full_022972,exact_ref,25905.094,1,0,413921,105963776
simless,4,2,enron_full_022972,exact_ref,25905.094,1,0,413921,105963776
simless,6,2,enron_full_024952,no_exact_ref,25835.727,0,72,413921,105963776
simless,4,2,enron_full_024952,no_exact_ref,25835.727,0,72,413921,105963776
simless,5,2,enron_full_024952,no_exact_ref,25835.727,0,72,413921,105963776
simless,4,2,enron_full_025050,exact_ref,27051.881,1,0,413921,105963776
simless,5,2,enron_full_025050,exact_ref,27051.881,1,0,413921,105963776
simless,6,2,enron_full_025050,exact_ref,27051.881,1,0,413921,105963776
simless,5,2,enron_full_026603,exact_ref,26679.603,1,0,413921,105963776
simless,6,2,enron_full_026603,exact_ref,26679.603,1,0,413921,105963776
simless,4,2,enron_full_026603,exact_ref,26679.603,1,0,413921,105963776
simless,6,2,enron_full_026721,exact_ref,27740.383,1,0,413921,105963776
simless,4,2,enron_full_026721,exact_ref,27740.383,1,0,413921,105963776
simless,5,2,enron_full_026721,exact_ref,27740.383,1,0,413921,105963776
simless,4,2,enron_full_027643,exact_ref,28113.392,1,0,413921,105963776
simless,5,2,enron_full_027643,exact_ref,28113.392,1,0,413921,105963776
simless,6,2,enron_full_027643,exact_ref,28113.392,1,0,413921,105963776
simless,5,2,enron_full_027693,exact_ref,28495.470,1,0,413921,105963776
simless,6,2,enron_full_027693,exact_ref,28495.470,1,0,413921,105963776
simless,4,2,enron_full_027693,exact_ref,28495.470,1,0,413921,105963776
simless,6,2,enron_full_027925,exact_ref,28258.884,1,0,413921,105963776
simless,4,2,enron_full_027925,exact_ref,28258.884,1,0,413921,105963776
simless,5,2,enron_full_027925,exact_ref,28258.884,1,0,413921,105963776
simless,4,2,enron_full_028250,exact_ref,27200.227,1,0,413921,105963776
simless,5,2,enron_full_028250,exact_ref,27200.227,1,0,413921,105963776
simless,6,2,enron_full_028250,exact_ref,27200.227,1,0,413921,105963776
simless,5,2,enron_full_028591,exact_ref,27208.787,1,0,413921,105963776
simless,6,2,enron_full_028591,exact_ref,27208.787,1,0,413921,105963776
simless,4,2,enron_full_028591,exact_ref,27208.787,1,0,413921,105963776
simless,6,2,enron_full_028607,no_exact_ref,28559.016,0,91,413921,105963776
simless,4,2,enron_full_028607,no_exact_ref,28559.016,0,91,413921,105963776
simless,5,2,enron_full_028607,no_exact_ref,28559.016,0,91,413921,105963776
simless,4,2,enron_full_029506,no_exact_ref,27846.832,0,90,413921,105963776
simless,5,2,enron_full_029506,no_exact_ref,27846.832,0,90,413921,105963776
simless,6,2,enron_full_029506,no_exact_ref,27846.832,0,90,413921,105963776
simless,5,2,enron_full_030144,exact_ref,26321.092,1,0,413921,105963776
simless,6,2,enron_full_030144,exact_ref,26321.092,1,0,413921,105963776
simless,4,2,enron_full_030144,exact_ref,26321.092,1,0,413921,105963776
simless,6,2,enron_full_031433,exact_ref,27322.639,1,0,413921,105963776
simless,4,2,enron_full_031433,exact_ref,27322.639,1,0,413921,105963776
simless,5,2,enron_full_031433,exact_ref,27322.639,1,0,413921,105963776
simless,4,2,enron_full_031542,exact_ref,26672.745,1,0,413921,105963776
simless,5,2,enron_full_031542,exact_ref,26672.745,1,0,413921,105963776
simless,6,2,enron_full_031542,exact_ref,26672.745,1,0,413921,105963776
simless,5,2,enron_full_031612,exact_ref,26786.262,1,0,413921,105963776
simless,6,2,enron_full_031612,exact_ref,26786.262,1,0,413921,105963776
simless,4,2,enron_full_031612,exact_ref,26786.262,1,0,413921,105963776
simless,6,2,enron_full_031680,exact_ref,27036.950,1,0,413921,105963776
simless,4,2,enron_full_031680,exact_ref,27036.950,1,0,413921,105963776
simless,5,2,enron_full_031680,exact_ref,27036.950,1,0,413921,105963776
simless,4,2,enron_full_032079,no_exact_ref,26728.368,0,49,413921,105963776
simless,5,2,enron_full_032079,no_exact_ref,26728.368,0,49,413921,105963776
simless,6,2,enron_full_032079,no_exact_ref,26728.368,0,49,413921,105963776
simless,5,2,enron_full_032704,exact_ref,26809.456,1,0,413921,105963776
simless,6,2,enron_full_032704,exact_ref,26809.456,1,0,413921,105963776
simless,4,2,enron_full_032704,exact_ref,26809.456,1,0,413921,105963776
simless,6,2,enron_full_033187,no_exact_ref,26696.211,0,13,413921,105963776
simless,4,2,enron_full_033187,no_exact_ref,26696.211,0,13,413921,105963776
simless,5,2,enron_full_033187,no_exact_ref,26696.211,0,13,413921,105963776
simless,4,2,enron_full_033628,no_exact_ref,26851.200,1,0,413921,105963776
simless,5,2,enron_full_033628,no_exact_ref,26851.200,1,0,413921,105963776
simless,6,2,enron_full_033628,no_exact_ref,26851.200,1,0,413921,105963776
simless,5,2,enron_full_034178,no_exact_ref,26879.527,0,93,413921,105963776
simless,6,2,enron_full_034178,no_exact_ref,26879.527,0,93,413921,105963776
simless,4,2,enron_full_034178,no_exact_ref,26879.527,0,93,413921,105963776
simless,6,2,enron_full_034530,no_exact_ref,26403.024,0,36,413921,105963776
simless,4,2,enron_full_034530,no_exact_ref,26403.024,0,36,413921,105963776
simless,5,2,enron_full_034530,no_exact_ref,26403.024,0,36,413921,105963776
simless,4,2,enron_full_035481,no_exact_ref,28986.282,0,51,413921,105963776
simless,5,2,enron_full_035481,no_exact_ref,28986.282,0,51,413921,105963776
simless,6,2,enron_full_035481,no_exact_ref,28986.282,0,51,413921,105963776
simless,5,2,enron_full_035578,no_exact_ref,29288.371,0,30,413921,105963776
simless,6,2,enron_full_035578,no_exact_ref,29288.371,0,30,413921,105963776
simless,4,2,enron_full_035578,no_exact_ref,29288.371,0,30,413921,105963776
simless,6,2,enron_full_035695,no_exact_ref,28662.528,0,47,413921,105963776
simless,4,2,enron_full_035695,no_exact_ref,28662.528,0,47,413921,105963776
simless,5,2,enron_full_035695,no_exact_ref,28662.528,0,47,413921,105963776
simless,4,2,enron_full_035726,no_exact_ref,28357.283,0,37,413921,105963776
simless,5,2,enron_full_035726,no_exact_ref,28357.283,0,37,413921,105963776
simless,6,2,enron_full_035726,no_exact_ref,28357.283,0,37,413921,105963776
simless,5,2,enron_full_035827,no_exact_ref,28355.943,0,85,413921,105963776
simless,6,2,enron_full_035827,no_exact_ref,28355.943,0,85,413921,105963776
simless,4,2,enron_full_035827,no_exact_ref,28355.943,0,85,413921,105963776
simless,6,2,enron_full_035969,no_exact_ref,27913.211,0,89,413921,105963776
simless,4,2,enron_full_035969,no_exact_ref,27913.211,0,89,413921,105963776
simless,5,2,enron_full_035969,no_exact_ref,27913.211,0,89,413921,105963776
simless,4,2,enron_full_035998,no_exact_ref,28107.841,0,38,413921,105963776
simless,5,2,enron_full_035998,no_exact_ref,28107.841,0,38,413921,105963776
simless,6,2,enron_full_035998,no_exact_ref,28107.841,0,38,413921,105963776
simless,5,2,enron_full_038008,no_exact_ref,27404.597,0,69,413921,105963776
simless,6,2,enron_full_038008,no_exact_ref,27404.597,0,69,413921,105963776
simless,4,2,enron_full_038008,no_exact_ref,27404.597,0,69,413921,105963776
simless,6,2,enron_full_040212,no_exact_ref,26938.002,0,46,413921,105963776
simless,4,2,enron_full_040212,no_exact_ref,26938.002,0,46,413921,105963776
simless,5,2,enron_full_040212,no_exact_ref,26938.002,0,46,413921,105963776
simless,4,2,enron_full_040615,exact_ref,26433.741,1,0,413921,105963776
simless,5,2,enron_full_040615,exact_ref,26433.741,1,0,413921,105963776
simless,6,2,enron_full_040615,exact_ref,26433.741,1,0,413921,105963776
simless,5,2,enron_full_041235,exact_ref,27487.436,1,0,413921,105963776
simless,6,2,enron_full_041235,exact_ref,27487.436,1,0,413921,105963776
simless,4,2,enron_full_041235,exact_ref,27487.436,1,0,413921,105963776
simless,6,2,enron_full_042132,exact_ref,26741.540,1,0,413921,105963776
simless,4,2,enron_full_042132,exact_ref,26741.540,1,0,413921,105963776
simless,5,2,enron_full_042132,exact_ref,26741.540,1,0,413921,105963776
simless,4,2,enron_full_045885,exact_ref,26861.297,1,0,413921,105963776
simless,5,2,enron_full_045885,exact_ref,26861.297,1,0,413921,105963776
simless,6,2,enron_full_045885,exact_ref,26861.297,1,0,413921,105963776
simless,5,2,enron_full_046009,exact_ref,28186.530,1,0,413921,105963776
simless,6,2,enron_full_046009,exact_ref,28186.530,1,0,413921,105963776
simless,4,2,enron_full_046009,exact_ref,28186.530,1,0,413921,105963776
simless,6,2,enron_full_046306,exact_ref,28220.288,1,0,413921,105963776
simless,4,2,enron_full_046306,exact_ref,28220.288,1,0,413921,105963776
simless,5,2,enron_full_046306,exact_ref,28220.288,1,0,413921,105963776
simless,4,2,enron_full_046840,exact_ref,27908.936,1,0,413921,105963776
simless,5,2,enron_full_046840,exact_ref,27908.936,1,0,413921,105963776
simless,6,2,enron_full_046840,exact_ref,27908.936,1,0,413921,105963776
simless,5,2,enron_full_047084,no_exact_ref,27143.387,0,46,413921,105963776
simless,6,2,enron_full_047084,no_exact_ref,27143.387,0,46,413921,105963776
simless,4,2,enron_full_047084,no_exact_ref,27143.387,0,46,413921,105963776
simless,6,2,enron_full_047376,exact_ref,26244.385,1,0,413921,105963776
simless,4,2,enron_full_047376,exact_ref,26244.385,1,0,413921,105963776
simless,5,2,enron_full_047376,exact_ref,26244.385,1,0,413921,105963776
simless,4,2,enron_full_047738,exact_ref,26834.915,1,0,413921,105963776
simless,5,2,enron_full_047738,exact_ref,26834.915,1,0,413921,105963776
simless,6,2,enron_full_047738,exact_ref,26834.915,1,0,413921,105963776
simless,5,2,enron_full_047772,no_exact_ref,27051.729,0,41,413921,105963776
simless,6,2,enron_full_047772,no_exact_ref,27051.729,0,41,413921,105963776
simless,4,2,enron_full_047772,no_exact_ref,27051.729,0,41,413921,105963776
simless,6,2,enron_full_048185,no_exact_ref,26344.610,0,91,413921,105963776
simless,4,2,enron_full_048185,no_exact_ref,26344.610,0,91,413921,105963776
simless,5,2,enron_full_048185,no_exact_ref,26344.610,0,91,413921,105963776
simless,4,2,enron_full_048713,no_exact_ref,26947.765,0,86,413921,105963776
simless,5,2,enron_full_048713,no_exact_ref,26947.765,0,86,413921,105963776
simless,6,2,enron_full_048713,no_exact_ref,26947.765,0,86,413921,105963776
simless,5,2,enron_full_049016,no_exact_ref,25825.878,0,83,413921,105963776
simless,6,2,enron_full_049016,no_exact_ref,25825.878,0,83,413921,105963776
simless,4,2,enron_full_049016,no_exact_ref,25825.878,0,83,413921,105963776
simless,6,2,enron_full_049875,no_exact_ref,27160.165,0,50,413921,105963776
simless,4,2,enron_full_049875,no_exact_ref,27160.165,0,50,413921,105963776
simless,5,2,enron_full_049875,no_exact_ref,27160.165,0,50,413921,105963776
simless,4,2,enron_full_050163,exact_ref,25968.792,1,0,413921,105963776
simless,5,2,enron_full_050163,exact_ref,25968.792,1,0,413921,105963776
simless,6,2,enron_full_050163,exact_ref,25968.792,1,0,413921,105963776
simless,5,2,enron_full_050258,exact_ref,27573.959,1,0,413921,105963776
simless,6,2,enron_full_050258,exact_ref,27573.959,1,0,413921,105963776
simless,4,2,enron_full_050258,exact_ref,27573.959,1,0,413921,105963776
simless,6,2,enron_full_050705,no_exact_ref,28590.219,0,34,413921,105963776
simless,4,2,enron_full_050705,no_exact_ref,28590.219,0,34,413921,105963776
simless,5,2,enron_full_050705,no_exact_ref,28590.219,0,34,413921,105963776
simless,4,2,enron_full_050719,no_exact_ref,28884.244,0,59,413921,105963776
simless,5,2,enron_full_050719,no_exact_ref,28884.244,0,59,413921,105963776
simless,6,2,enron_full_050719,no_exact_ref,28884.244,0,59,413921,105963776
simless,5,2,enron_full_051118,no_exact_ref,28480.759,0,94,413921,105963776
simless,6,2,enron_full_051118,no_exact_ref,28480.759,0,94,413921,105963776
simless,4,2,enron_full_051118,no_exact_ref,28480.759,0,94,413921,105963776
simless,6,2,enron_full_051633,no_exact_ref,27669.397,0,54,413921,105963776
simless,4,2,enron_full_051633,no_exact_ref,27669.397,0,54,413921,105963776
simless,5,2,enron_full_051633,no_exact_ref,27669.397,0,54,413921,105963776
simless,4,2,enron_full_052109,exact_ref,27449.708,1,0,413921,105963776
simless,5,2,enron_full_052109,exact_ref,27449.708,1,0,413921,105963776
simless,6,2,enron_full_052109,exact_ref,27449.708,1,0,413921,105963776
simless,5,2,enron_full_052243,exact_ref,26609.555,1,0,413921,105963776
simless,6,2,enron_full_052243,exact_ref,26609.555,1,0,413921,105963776
simless,4,2,enron_full_052243,exact_ref,26609.555,1,0,413921,105963776
simless,6,2,enron_full_052699,no_exact_ref,26975.542,0,88,413921,105963776
simless,4,2,enron_full_052699,no_exact_ref,26975.542,0,88,413921,105963776
simless,5,2,enron_full_052699,no_exact_ref,26975.542,0,88,413921,105963776
simless,4,2,enron_full_052941,no_exact_ref,27167.728,0,92,413921,105963776
simless,5,2,enron_full_052941,no_exact_ref,27167.728,0,92,413921,105963776
simless,6,2,enron_full_052941,no_exact_ref,27167.728,0,92,413921,105963776
simless,5,2,enron_full_053517,no_exact_ref,27013.003,0,50,413921,105963776
simless,6,2,enron_full_053517,no_exact_ref,27013.003,0,50,413921,105963776
simless,4,2,enron_full_053517,no_exact_ref,27013.003,0,50,413921,105963776
simless,6,2,enron_full_053522,no_exact_ref,26899.735,0,92,413921,105963776
simless,4,2,enron_full_053522,no_exact_ref,26899.735,0,92,413921,105963776
simless,5,2,enron_full_053522,no_exact_ref,26899.735,0,92,413921,105963776
simless,4,2,enron_full_054174,no_exact_ref,27986.990,0,94,413921,105963776
simless,5,2,enron_full_054174,no_exact_ref,27986.990,0,94,413921,105963776
simless,6,2,enron_full_054174,no_exact_ref,27986.990,0,94,413921,105963776
simless,5,2,enron_full_055270,no_exact_ref,28789.010,0,89,413921,105963776
simless,6,2,enron_full_055270,no_exact_ref,28789.010,0,89,413921,105963776
simless,4,2,enron_full_055270,no_exact_ref,28789.010,0,89,413921,105963776
simless,6,2,enron_full_055462,exact_ref,28850.789,1,0,413921,105963776
simless,4,2,enron_full_055462,exact_ref,28850.789,1,0,413921,105963776
simless,5,2,enron_full_055462,exact_ref,28850.789,1,0,413921,105963776
simless,4,2,enron_full_056138,exact_ref,28925.215,1,0,413921,105963776
simless,5,2,enron_full_056138,exact_ref,28925.215,1,0,413921,105963776
simless,6,2,enron_full_056138,exact_ref,28925.215,1,0,413921,105963776
simless,5,2,enron_full_056670,exact_ref,28705.265,1,0,413921,105963776
simless,6,2,enron_full_056670,exact_ref,28705.265,1,0,413921,105963776
simless,4,2,enron_full_056670,exact_ref,28705.265,1,0,413921,105963776
simless,6,2,enron_full_056953,no_exact_ref,28090.179,0,44,413921,105963776
simless,4,2,enron_full_056953,no_exact_ref,28090.179,0,44,413921,105963776
simless,5,2,enron_full_056953,no_exact_ref,28090.179,0,44,413921,105963776
simless,4,2,enron_full_057268,exact_ref,26876.097,1,0,413921,105963776
simless,5,2,enron_full_057268,exact_ref,26876.097,1,0,413921,105963776
simless,6,2,enron_full_057268,exact_ref,26876.097,1,0,413921,105963776
simless,5,2,enron_full_057321,no_exact_ref,26742.174,0,51,413921,105963776
simless,6,2,enron_full_057321,no_exact_ref,26742.174,0,51,413921,105963776
simless,4,2,enron_full_057321,no_exact_ref,26742.174,0,51,413921,105963776
simless,6,2,enron_full_057826,no_exact_ref,27218.770,0,89,413921,105963776
simless,4,2,enron_full_057826,no_exact_ref,27218.770,0,89,413921,105963776
simless,5,2,enron_full_057826,no_exact_ref,27218.770,0,89,413921,105963776
simless,4,2,enron_full_058046,exact_ref,26732.840,1,0,413921,105963776
simless,5,2,enron_full_058046,exact_ref,26732.840,1,0,413921,105963776
simless,6,2,enron_full_058046,exact_ref,26732.840,1,0,413921,105963776
simless,5,2,enron_full_058254,exact_ref,27604.345,1,0,413921,105963776
simless,6,2,enron_full_058254,exact_ref,27604.345,1,0,413921,105963776
simless,4,2,enron_full_058254,exact_ref,27604.345,1,0,413921,105963776
simless,6,2,enron_full_058415,no_exact_ref,29099.351,0,82,413921,105963776
simless,4,2,enron_full_058415,no_exact_ref,29099.351,0,82,413921,105963776
simless,5,2,enron_full_058415,no_exact_ref,29099.351,0,82,413921,105963776
simless,4,2,enron_full_059797,exact_ref,27804.080,1,0,413921,105963776
simless,5,2,enron_full_059797,exact_ref,27804.080,1,0,413921,105963776
simless,6,2,enron_full_059797,exact_ref,27804.080,1,0,413921,105963776
simless,5,2,enron_full_060370,exact_ref,28061.489,1,0,413921,105963776
simless,6,2,enron_full_060370,exact_ref,28061.489,1,0,413921,105963776
simless,4,2,enron_full_060370,exact_ref,28061.489,1,0,413921,105963776
simless,6,2,enron_full_060846,exact_ref,27975.127,1,0,413921,105963776
simless,4,2,enron_full_060846,exact_ref,27975.127,1,0,413921,105963776
simless,5,2,enron_full_060846,exact_ref,27975.127,1,0,413921,105963776
simless,4,2,enron_full_062151,exact_ref,27270.246,1,0,413921,105963776
simless,5,2,enron_full_062151,exact_ref,27270.246,1,0,413921,105963776
simless,6,2,enron_full_062151,exact_ref,27270.246,1,0,413921,105963776
simless,5,2,enron_full_062439,exact_ref,28683.645,1,0,413921,105963776
simless,6,2,enron_full_062439,exact_ref,28683.645,1,0,413921,105963776
simless,4,2,enron_full_062439,exact_ref,28683.645,1,0,413921,105963776
simless,6,2,enron_full_063833,exact_ref,28890.852,1,0,413921,105963776
simless,4,2,enron_full_063833,exact_ref,28890.852,1,0,413921,105963776
simless,5,2,enron_full_063833,exact_ref,28890.852,1,0,413921,105963776
simless,4,2,enron_full_063839,exact_ref,27093.823,1,0,413921,105963776
simless,5,2,enron_full_063839,exact_ref,27093.823,1,0,413921,105963776
simless,6,2,enron_full_063839,exact_ref,27093.823,1,0,413921,105963776
simless,5,2,enron_full_064172,exact_ref,26082.746,1,0,413921,105963776
simless,6,2,enron_full_064172,exact_ref,26082.746,1,0,413921,105963776
simless,4,2,enron_full_064172,exact_ref,26082.746,1,0,413921,105963776
simless,6,2,enron_full_064231,exact_ref,26874.633,1,0,413921,105963776
simless,4,2,enron_full_064231,exact_ref,26874.633,1,0,413921,105963776
simless,5,2,enron_full_064231,exact_ref,26874.633,1,0,413921,105963776
simless,4,2,enron_full_064607,exact_ref,26648.236,1,0,413921,105963776
simless,5,2,enron_full_064607,exact_ref,26648.236,1,0,413921,105963776
simless,6,2,enron_full_064607,exact_ref,26648.236,1,0,413921,105963776
simless,5,2,enron_full_065332,exact_ref,26761.423,1,0,413921,105963776
simless,6,2,enron_full_065332,exact_ref,26761.423,1,0,413921,105963776
simless,4,2,enron_full_065332,exact_ref,26761.423,1,0,413921,105963776
simless,6,2,enron_full_065814,exact_ref,27806.397,1,0,413921,105963776
simless,4,2,enron_full_065814,exact_ref,27806.397,1,0,413921,105963776
simless,5,2,enron_full_065814,exact_ref,27806.397,1,0,413921,105963776
simless,4,2,enron_full_066742,no_exact_ref,27064.106,0,37,413921,105963776
simless,5,2,enron_full_066742,no_exact_ref,27064.106,0,37,413921,105963776
simless,6,2,enron_full_066742,no_exact_ref,27064.106,0,37,413921,105963776
simless,5,2,enron_full_067365,exact_ref,27005.715,1,0,413921,105963776
simless,6,2,enron_full_067365,exact_ref,27005.715,1,0,413921,105963776
simless,4,2,enron_full_067365,exact_ref,27005.715,1,0,413921,105963776
simless,6,2,enron_full_067727,exact_ref,26607.505,1,0,413921,105963776
simless,4,2,enron_full_067727,exact_ref,26607.505,1,0,413921,105963776
simless,5,2,enron_full_067727,exact_ref,26607.505,1,0,413921,105963776
simless,4,2,enron_full_067752,exact_ref,27450.768,1,0,413921,105963776
simless,5,2,enron_full_067752,exact_ref,27450.768,1,0,413921,105963776
simless,6,2,enron_full_067752,exact_ref,27450.768,1,0,413921,105963776
simless,5,2,enron_full_068258,no_exact_ref,27345.100,0,92,413921,105963776
simless,6,2,enron_full_068258,no_exact_ref,27345.100,0,92,413921,105963776
simless,4,2,enron_full_068258,no_exact_ref,27345.100,0,92,413921,105963776
simless,6,2,enron_full_068541,no_exact_ref,28862.988,1,1,413921,105963776
simless,4,2,enron_full_068541,no_exact_ref,28862.988,1,1,413921,105963776
simless,5,2,enron_full_068541,no_exact_ref,28862.988,1,1,413921,105963776
simless,4,2,enron_full_068714,no_exact_ref,29108.829,1,0,413921,105963776
simless,5,2,enron_full_068714,no_exact_ref,29108.829,1,0,413921,105963776
simless,6,2,enron_full_068714,no_exact_ref,29108.829,1,0,413921,105963776
simless,5,2,enron_full_068948,no_exact_ref,28548.149,0,58,413921,105963776
simless,6,2,enron_full_068948,no_exact_ref,28548.149,0,58,413921,105963776
simless,4,2,enron_full_068948,no_exact_ref,28548.149,0,58,413921,105963776
simless,6,2,enron_full_069168,exact_ref,26739.027,1,0,413921,105963776
simless,4,2,enron_full_069168,exact_ref,26739.027,1,0,413921,105963776
simless,5,2,enron_full_069168,exact_ref,26739.027,1,0,413921,105963776
simless,4,2,enron_full_069488,no_exact_ref,28882.711,0,21,413921,105963776
simless,5,2,enron_full_069488,no_exact_ref,28882.711,0,21,413921,105963776
simless,6,2,enron_full_069488,no_exact_ref,28882.711,0,21,413921,105963776
simless,5,2,enron_full_070382,no_exact_ref,28362.607,0,90,413921,105963776
simless,6,2,enron_full_070382,no_exact_ref,28362.607,0,90,413921,105963776
simless,4,2,enron_full_070382,no_exact_ref,28362.607,0,90,413921,105963776
simless,6,2,enron_full_071706,exact_ref,28351.611,1,0,413921,105963776
simless,4,2,enron_full_071706,exact_ref,28351.611,1,0,413921,105963776
simless,5,2,enron_full_071706,exact_ref,28351.611,1,0,413921,105963776
simless,4,2,enron_full_071944,exact_ref,28666.435,1,0,413921,105963776
simless,5,2,enron_full_071944,exact_ref,28666.435,1,0,413921,105963776
simless,6,2,enron_full_071944,exact_ref,28666.435,1,0,413921,105963776
simless,5,2,enron_full_072801,exact_ref,29026.424,1,0,413921,105963776
simless,6,2,enron_full_072801,exact_ref,29026.424,1,0,413921,105963776
simless,4,2,enron_full_072801,exact_ref,29026.424,1,0,413921,105963776
simless,6,2,enron_full_073237,exact_ref,29131.526,1,0,413921,105963776
simless,4,2,enron_full_073237,exact_ref,29131.526,1,0,413921,105963776
simless,5,2,enron_full_073237,exact_ref,29131.526,1,0,413921,105963776
simless,4,2,enron_full_075726,exact_ref,28020.109,1,0,413921,105963776
simless,5,2,enron_full_075726,exact_ref,28020.109,1,0,413921,105963776
simless,6,2,enron_full_075726,exact_ref,28020.109,1,0,413921,105963776
simless,5,2,enron_full_076089,exact_ref,27695.616,1,0,413921,105963776
simless,6,2,enron_full_076089,exact_ref,27695.616,1,0,413921,105963776
simless,4,2,enron_full_076089,exact_ref,27695.616,1,0,413921,105963776
simless,6,2,enron_full_078045,no_exact_ref,29096.388,0,94,413921,105963776
simless,4,2,enron_full_078045,no_exact_ref,29096.388,0,94,413921,105963776
simless,5,2,enron_full_078045,no_exact_ref,29096.388,0,94,413921,105963776
simless,4,2,enron_full_078949,exact_ref,29044.180,1,0,413921,105963776
simless,5,2,enron_full_078949,exact_ref,29044.180,1,0,413921,105963776
simless,6,2,enron_full_078949,exact_ref,29044.180,1,0,413921,105963776
simless,5,2,enron_full_080332,no_exact_ref,28809.522,0,85,413921,105963776
simless,6,2,enron_full_080332,no_exact_ref,28809.522,0,85,413921,105963776
simless,4,2,enron_full_080332,no_exact_ref,28809.522,0,85,413921,105963776
simless,6,2,enron_full_080731,exact_ref,28023.793,1,0,413921,105963776
simless,4,2,enron_full_080731,exact_ref,28023.793,1,0,413921,105963776
simless,5,2,enron_full_080731,exact_ref,28023.793,1,0,413921,105963776
simless,4,2,enron_full_081565,exact_ref,27199.974,1,0,413921,105963776
simless,5,2,enron_full_081565,exact_ref,27199.974,1,0,413921,105963776
simless,6,2,enron_full_081565,exact_ref,27199.974,1,0,413921,105963776
simless,5,2,enron_full_081601,exact_ref,27263.502,1,0,413921,105963776
simless,6,2,enron_full_081601,exact_ref,27263.502,1,0,413921,105963776
simless,4,2,enron_full_081601,exact_ref,27263.502,1,0,413921,105963776
simless,6,2,enron_full_081707,exact_ref,27851.469,1,0,413921,105963776
simless,4,2,enron_full_081707,exact_ref,27851.469,1,0,413921,105963776
simless,5,2,enron_full_081707,exact_ref,27851.469,1,0,413921,105963776
simless,4,2,enron_full_082681,no_exact_ref,27448.168,0,92,413921,105963776
simless,5,2,enron_full_082681,no_exact_ref,27448.168,0,92,413921,105963776
simless,6,2,enron_full_082681,no_exact_ref,27448.168,0,92,413921,105963776
simless,5,2,enron_full_085442,exact_ref,26873.479,1,0,413921,105963776
simless,6,2,enron_full_085442,exact_ref,26873.479,1,0,413921,105963776
simless,4,2,enron_full_085442,exact_ref,26873.479,1,0,413921,105963776
simless,6,2,enron_full_085751,exact_ref,27400.043,1,0,413921,105963776
simless,4,2,enron_full_085751,exact_ref,27400.043,1,0,413921,105963776
simless,5,2,enron_full_085751,exact_ref,27400.043,1,0,413921,105963776
simless,4,2,enron_full_086327,no_exact_ref,28068.277,0,12,413921,105963776
simless,5,2,enron_full_086327,no_exact_ref,28068.277,0,12,413921,105963776
simless,6,2,enron_full_086327,no_exact_ref,28068.277,0,12,413921,105963776
simless,5,2,enron_full_087697,no_exact_ref,27596.131,0,40,413921,105963776
simless,6,2,enron_full_087697,no_exact_ref,27596.131,0,40,413921,105963776
simless,4,2,enron_full_087697,no_exact_ref,27596.131,0,40,413921,105963776
simless,6,2,enron_full_088138,exact_ref,27821.542,1,0,413921,105963776
simless,4,2,enron_full_088138,exact_ref,27821.542,1,0,413921,105963776
simless,5,2,enron_full_088138,exact_ref,27821.542,1,0,413921,105963776
simless,4,2,enron_full_088307,exact_ref,29258.394,1,0,413921,105963776
simless,5,2,enron_full_088307,exact_ref,29258.394,1,0,413921,105963776
simless,6,2,enron_full_088307,exact_ref,29258.394,1,0,413921,105963776
simless,5,2,enron_full_088336,exact_ref,29318.131,1,0,413921,105963776
simless,6,2,enron_full_088336,exact_ref,29318.131,1,0,413921,105963776
simless,4,2,enron_full_088336,exact_ref,29318.131,1,0,413921,105963776
simless,6,2,enron_full_089344,exact_ref,29298.596,1,0,413921,105963776
simless,4,2,enron_full_089344,exact_ref,29298.596,1,0,413921,105963776
simless,5,2,enron_full_089344,exact_ref,29298.596,1,0,413921,105963776
simless,4,2,enron_full_089451,exact_ref,28841.265,1,0,413921,105963776
simless,5,2,enron_full_089451,exact_ref,28841.265,1,0,413921,105963776
simless,6,2,enron_full_089451,exact_ref,28841.265,1,0,413921,105963776
simless,5,2,enron_full_090248,exact_ref,27964.656,1,0,413921,105963776
simless,6,2,enron_full_090248,exact_ref,27964.656,1,0,413921,105963776
simless,4,2,enron_full_090248,exact_ref,27964.656,1,0,413921,105963776
simless,6,2,enron_full_091044,exact_ref,27959.590,1,0,413921,105963776
simless,4,2,enron_full_091044,exact_ref,27959.590,1,0,413921,105963776
simless,5,2,enron_full_091044,exact_ref,27959.590,1,0,413921,105963776
simless,4,2,enron_full_091307,exact_ref,28173.358,1,0,413921,105963776
simless,5,2,enron_full_091307,exact_ref,28173.358,1,0,413921,105963776
simless,6,2,enron_full_091307,exact_ref,28173.358,1,0,413921,105963776
simless,5,2,enron_full_092251,no_exact_ref,27940.982,0,92,413921,105963776
simless,6,2,enron_full_092251,no_exact_ref,27940.982,0,92,413921,105963776
simless,4,2,enron_full_092251,no_exact_ref,27940.982,0,92,413921,105963776
simless,6,2,enron_full_092316,no_exact_ref,27674.243,0,72,413921,105963776
simless,4,2,enron_full_092316,no_exact_ref,27674.243,0,72,413921,105963776
simless,5,2,enron_full_092316,no_exact_ref,27674.243,0,72,413921,105963776
simless,4,2,enron_full_092765,no_exact_ref,27851.002,0,93,413921,105963776
simless,5,2,enron_full_092765,no_exact_ref,27851.002,0,93,413921,105963776
simless,6,2,enron_full_092765,no_exact_ref,27851.002,0,93,413921,105963776
simless,5,2,enron_full_093576,no_exact_ref,28090.762,0,91,413921,105963776
simless,6,2,enron_full_093576,no_exact_ref,28090.762,0,91,413921,105963776
simless,4,2,enron_full_093576,no_exact_ref,28090.762,0,91,413921,105963776
simless,6,2,enron_full_094577,exact_ref,27819.481,1,0,413921,105963776
simless,4,2,enron_full_094577,exact_ref,27819.481,1,0,413921,105963776
simless,5,2,enron_full_094577,exact_ref,27819.481,1,0,413921,105963776
simless,4,2,enron_full_094590,no_exact_ref,28292.082,0,21,413921,105963776
simless,5,2,enron_full_094590,no_exact_ref,28292.082,0,21,413921,105963776
simless,6,2,enron_full_094590,no_exact_ref,28292.082,0,21,413921,105963776
simless,5,2,enron_full_094757,no_exact_ref,28544.329,0,45,413921,105963776
simless,6,2,enron_full_094757,no_exact_ref,28544.329,0,45,413921,105963776
simless,4,2,enron_full_094757,no_exact_ref,28544.329,0,45,413921,105963776
simless,6,2,enron_full_095403,exact_ref,29523.610,1,0,413921,105963776
simless,4,2,enron_full_095403,exact_ref,29523.610,1,0,413921,105963776
simless,5,2,enron_full_095403,exact_ref,29523.610,1,0,413921,105963776
simless,4,2,enron_full_096327,exact_ref,28692.127,1,0,413921,105963776
simless,5,2,enron_full_096327,exact_ref,28692.127,1,0,413921,105963776
simless,6,2,enron_full_096327,exact_ref,28692.127,1,0,413921,105963776
simless,5,2,enron_full_096329,exact_ref,27744.326,1,0,413921,105963776
simless,6,2,enron_full_096329,exact_ref,27744.326,1,0,413921,105963776
simless,4,2,enron_full_096329,exact_ref,27744.326,1,0,413921,105963776
simless,6,2,enron_full_098210,exact_ref,28685.845,1,0,413921,105963776
simless,4,2,enron_full_098210,exact_ref,28685.845,1,0,413921,105963776
simless,5,2,enron_full_098210,exact_ref,28685.845,1,0,413921,105963776
simless,4,2,enron_full_098535,exact_ref,29602.136,1,0,413921,105963776
simless,5,2,enron_full_098535,exact_ref,29602.136,1,0,413921,105963776
simless,6,2,enron_full_098535,exact_ref,29602.136,1,0,413921,105963776
simless,5,2,enron_full_098599,exact_ref,29495.984,1,0,413921,105963776
simless,6,2,enron_full_098599,exact_ref,29495.984,1,0,413921,105963776
simless,4,2,enron_full_098599,exact_ref,29495.984,1,0,413921,105963776
simless,6,2,enron_full_098973,exact_ref,28504.003,1,0,413921,105963776
simless,4,2,enron_full_098973,exact_ref,28504.003,1,0,413921,105963776
simless,5,2,enron_full_098973,exact_ref,28504.003,1,0,413921,105963776
simless,4,2,enron_full_099013,exact_ref,28692.434,1,0,413921,105963776
simless,5,2,enron_full_099013,exact_ref,28692.434,1,0,413921,105963776
simless,6,2,enron_full_099013,exact_ref,28692.434,1,0,413921,105963776
simless,5,2,enron_full_099531,exact_ref,28083.752,1,0,413921,105963776
simless,6,2,enron_full_099531,exact_ref,28083.752,1,0,413921,105963776
simless,4,2,enron_full_099531,exact_ref,28083.752,1,0,413921,105963776
simless,6,2,enron_full_100323,exact_ref,28636.906,1,0,413921,105963776
simless,4,2,enron_full_100323,exact_ref,28636.906,1,0,413921,105963776
simless,5,2,enron_full_100323,exact_ref,28636.906,1,0,413921,105963776
simless,4,2,enron_full_100466,exact_ref,28785.826,1,0,413921,105963776
simless,5,2,enron_full_100466,exact_ref,28785.826,1,0,413921,105963776
simless,6,2,enron_full_100466,exact_ref,28785.826,1,0,413921,105963776
simless,5,2,enron_full_101174,exact_ref,27718.904,1,0,413921,105963776
simless,6,2,enron_full_101174,exact_ref,27718.904,1,0,413921,105963776
simless,4,2,enron_full_101174,exact_ref,27718.904,1,0,413921,105963776
simless,6,2,enron_full_101274,exact_ref,28768.390,1,0,413921,105963776
simless,4,2,enron_full_101274,exact_ref,28768.390,1,0,413921,105963776
simless,5,2,enron_full_101274,exact_ref,28768.390,1,0,413921,105963776
simless,4,2,enron_full_102532,exact_ref,29133.212,1,0,413921,105963776
simless,5,2,enron_full_102532,exact_ref,29133.212,1,0,413921,105963776
simless,6,2,enron_full_102532,exact_ref,29133.212,1,0,413921,105963776
simless,5,2,enron_full_102695,exact_ref,28145.523,1,0,413921,105963776
simless,6,2,enron_full_102695,exact_ref,28145.523,1,0,413921,105963776
simless,4,2,enron_full_102695,exact_ref,28145.523,1,0,413921,105963776
simless,6,2,enron_full_102774,exact_ref,27347.159,1,0,413921,105963776
simless,4,2,enron_full_102774,exact_ref,27347.159,1,0,413921,105963776
simless,5,2,enron_full_102774,exact_ref,27347.159,1,0,413921,105963776
simless,4,2,enron_full_103426,exact_ref,26815.493,1,0,413921,105963776
simless,5,2,enron_full_103426,exact_ref,26815.493,1,0,413921,105963776
simless,6,2,enron_full_103426,exact_ref,26815.493,1,0,413921,105963776
simless,5,2,enron_full_103581,exact_ref,26267.394,1,0,413921,105963776
simless,6,2,enron_full_103581,exact_ref,26267.394,1,0,413921,105963776
simless,4,2,enron_full_103581,exact_ref,26267.394,1,0,413921,105963776
simless,6,2,enron_full_104396,no_exact_ref,26575.241,0,37,413921,105963776
simless,4,2,enron_full_104396,no_exact_ref,26575.241,0,37,413921,105963776
simless,5,2,enron_full_104396,no_exact_ref,26575.241,0,37,413921,105963776
simless,4,2,enron_full_104402,exact_ref,27372.436,1,0,413921,105963776
simless,5,2,enron_full_104402,exact_ref,27372.436,1,0,413921,105963776
simless,6,2,enron_full_104402,exact_ref,27372.436,1,0,413921,105963776
simless,5,2,enron_full_104423,no_exact_ref,26679.134,0,56,413921,105963776
simless,6,2,enron_full_104423,no_exact_ref,26679.134,0,56,413921,105963776
simless,4,2,enron_full_104423,no_exact_ref,26679.134,0,56,413921,105963776
simless,6,2,enron_full_104598,exact_ref,26934.133,1,0,413921,105963776
simless,4,2,enron_full_104598,exact_ref,26934.133,1,0,413921,105963776
simless,5,2,enron_full_104598,exact_ref,26934.133,1,0,413921,105963776
simless,4,2,enron_full_105565,exact_ref,27269.240,1,0,413921,105963776
simless,5,2,enron_full_105565,exact_ref,27269.240,1,0,413921,105963776
simless,6,2,enron_full_105565,exact_ref,27269.240,1,0,413921,105963776
simless,5,2,enron_full_105930,exact_ref,26978.331,1,0,413921,105963776
simless,6,2,enron_full_105930,exact_ref,26978.331,1,0,413921,105963776
simless,4,2,enron_full_105930,exact_ref,26978.331,1,0,413921,105963776
simless,6,2,enron_full_106126,exact_ref,27246.323,1,0,413921,105963776
simless,4,2,enron_full_106126,exact_ref,27246.323,1,0,413921,105963776
simless,5,2,enron_full_106126,exact_ref,27246.323,1,0,413921,105963776
simless,4,2,enron_full_106135,exact_ref,28919.939,1,0,413921,105963776
simless,5,2,enron_full_106135,exact_ref,28919.939,1,0,413921,105963776
simless,6,2,enron_full_106135,exact_ref,28919.939,1,0,413921,105963776
simless,5,2,enron_full_108529,exact_ref,28630.346,1,0,413921,105963776
simless,6,2,enron_full_108529,exact_ref,28630.346,1,0,413921,105963776
simless,4,2,enron_full_108529,exact_ref,28630.346,1,0,413921,105963776
simless,6,2,enron_full_108654,exact_ref,28550.932,1,0,413921,105963776
simless,4,2,enron_full_108654,exact_ref,28550.932,1,0,413921,105963776
simless,5,2,enron_full_108654,exact_ref,28550.932,1,0,413921,105963776
simless,4,2,enron_full_108933,exact_ref,27028.215,1,0,413921,105963776
simless,5,2,enron_full_108933,exact_ref,27028.215,1,0,413921,105963776
simless,6,2,enron_full_108933,exact_ref,27028.215,1,0,413921,105963776
simless,5,2,enron_full_108996,exact_ref,28366.385,1,0,413921,105963776
simless,6,2,enron_full_108996,exact_ref,28366.385,1,0,413921,105963776
simless,4,2,enron_full_108996,exact_ref,28366.385,1,0,413921,105963776
simless,6,2,enron_full_109605,exact_ref,27891.975,1,0,413921,105963776
simless,4,2,enron_full_109605,exact_ref,27891.975,1,0,413921,105963776
simless,5,2,enron_full_109605,exact_ref,27891.975,1,0,413921,105963776
simless,4,2,enron_full_110370,exact_ref,27831.187,1,0,413921,105963776
simless,5,2,enron_full_110370,exact_ref,27831.187,1,0,413921,105963776
simless,6,2,enron_full_110370,exact_ref,27831.187,1,0,413921,105963776
simless,5,2,enron_full_111197,no_exact_ref,27218.576,0,64,413921,105963776
simless,6,2,enron_full_111197,no_exact_ref,27218.576,0,64,413921,105963776
simless,4,2,enron_full_111197,no_exact_ref,27218.576,0,64,413921,105963776
simless,6,2,enron_full_111665,exact_ref,27265.762,1,0,413921,105963776
simless,4,2,enron_full_111665,exact_ref,27265.762,1,0,413921,105963776
simless,5,2,enron_full_111665,exact_ref,27265.762,1,0,413921,105963776
simless,4,2,enron_full_111904,exact_ref,26476.126,1,0,413921,105963776
simless,5,2,enron_full_111904,exact_ref,26476.126,1,0,413921,105963776
simless,6,2,enron_full_111904,exact_ref,26476.126,1,0,413921,105963776
simless,5,2,enron_full_112694,exact_ref,26478.933,1,0,413921,105963776
simless,6,2,enron_full_112694,exact_ref,26478.933,1,0,413921,105963776
simless,4,2,enron_full_112694,exact_ref,26478.933,1,0,413921,105963776
simless,6,2,enron_full_113971,exact_ref,26795.278,1,0,413921,105963776
simless,4,2,enron_full_113971,exact_ref,26795.278,1,0,413921,105963776
simless,5,2,enron_full_113971,exact_ref,26795.278,1,0,413921,105963776
simless,4,2,enron_full_114650,exact_ref,26675.588,1,0,413921,105963776
simless,5,2,enron_full_114650,exact_ref,26675.588,1,0,413921,105963776
simless,6,2,enron_full_114650,exact_ref,26675.588,1,0,413921,105963776
simless,5,2,enron_full_115626,no_exact_ref,28317.555,0,94,413921,105963776
simless,6,2,enron_full_115626,no_exact_ref,28317.555,0,94,413921,105963776
simless,4,2,enron_full_115626,no_exact_ref,28317.555,0,94,413921,105963776
simless,6,2,enron_full_116065,exact_ref,29073.823,1,0,413921,105963776
simless,4,2,enron_full_116065,exact_ref,29073.823,1,0,413921,105963776
simless,5,2,enron_full_116065,exact_ref,29073.823,1,0,413921,105963776
simless,4,2,enron_full_116692,exact_ref,29434.066,1,0,413921,105963776
simless,5,2,enron_full_116692,exact_ref,29434.066,1,0,413921,105963776
simless,6,2,enron_full_116692,exact_ref,29434.066,1,0,413921,105963776
simless,5,2,enron_full_117087,exact_ref,29302.776,1,0,413921,105963776
simless,6,2,enron_full_117087,exact_ref,29302.776,1,0,413921,105963776
simless,4,2,enron_full_117087,exact_ref,29302.776,1,0,413921,105963776
simless,6,2,enron_full_117441,exact_ref,27698.961,1,0,413921,105963776
simless,4,2,enron_full_117441,exact_ref,27698.961,1,0,413921,105963776
simless,5,2,enron_full_117441,exact_ref,27698.961,1,0,413921,105963776
simless,4,2,enron_full_117988,exact_ref,26714.172,1,0,413921,105963776
simless,5,2,enron_full_117988,exact_ref,26714.172,1,0,413921,105963776
simless,6,2,enron_full_117988,exact_ref,26714.172,1,0,413921,105963776
simless,5,2,enron_full_118247,exact_ref,26505.546,1,0,413921,105963776
simless,6,2,enron_full_118247,exact_ref,26505.546,1,0,413921,105963776
simless,4,2,enron_full_118247,exact_ref,26505.546,1,0,413921,105963776
simless,6,2,enron_full_118573,exact_ref,26664.119,1,0,413921,105963776
simless,4,2,enron_full_118573,exact_ref,26664.119,1,0,413921,105963776
simless,5,2,enron_full_118573,exact_ref,26664.119,1,0,413921,105963776
simless,4,2,enron_full_119068,exact_ref,26575.801,1,0,413921,105963776
simless,5,2,enron_full_119068,exact_ref,26575.801,1,0,413921,105963776
simless,6,2,enron_full_119068,exact_ref,26575.801,1,0,413921,105963776
simless,5,2,enron_full_119674,no_exact_ref,26816.383,0,69,413921,105963776
simless,6,2,enron_full_119674,no_exact_ref,26816.383,0,69,413921,105963776
simless,4,2,enron_full_119674,no_exact_ref,26816.383,0,69,413921,105963776
simless,6,2,enron_full_119896,no_exact_ref,27011.005,0,25,413921,105963776
simless,4,2,enron_full_119896,no_exact_ref,27011.005,0,25,413921,105963776
simless,5,2,enron_full_119896,no_exact_ref,27011.005,0,25,413921,105963776
simless,4,2,enron_full_120534,exact_ref,27269.149,1,0,413921,105963776
simless,5,2,enron_full_120534,exact_ref,27269.149,1,0,413921,105963776
simless,6,2,enron_full_120534,exact_ref,27269.149,1,0,413921,105963776
simless,5,2,enron_full_120641,exact_ref,27320.394,1,0,413921,105963776
simless,6,2,enron_full_120641,exact_ref,27320.394,1,0,413921,105963776
simless,4,2,enron_full_120641,exact_ref,27320.394,1,0,413921,105963776
simless,6,2,enron_full_120822,exact_ref,29284.087,1,0,413921,105963776
simless,4,2,enron_full_120822,exact_ref,29284.087,1,0,413921,105963776
simless,5,2,enron_full_120822,exact_ref,29284.087,1,0,413921,105963776
simless,4,2,enron_full_121175,exact_ref,28794.346,1,0,413921,105963776
simless,5,2,enron_full_121175,exact_ref,28794.346,1,0,413921,105963776
simless,6,2,enron_full_121175,exact_ref,28794.346,1,0,413921,105963776
simless,5,2,enron_full_122290,no_exact_ref,28389.493,0,28,413921,105963776
simless,6,2,enron_full_122290,no_exact_ref,28389.493,0,28,413921,105963776
simless,4,2,enron_full_122290,no_exact_ref,28389.493,0,28,413921,105963776
simless,6,2,enron_full_122402,no_exact_ref,27338.098,0,90,413921,105963776
simless,4,2,enron_full_122402,no_exact_ref,27338.098,0,90,413921,105963776
simless,5,2,enron_full_122402,no_exact_ref,27338.098,0,90,413921,105963776
simless,4,2,enron_full_123831,exact_ref,27847.455,1,0,413921,105963776
simless,5,2,enron_full_123831,exact_ref,27847.455,1,0,413921,105963776
simless,6,2,enron_full_123831,exact_ref,27847.455,1,0,413921,105963776
simless,5,2,enron_full_124264,exact_ref,27430.829,1,0,413921,105963776
simless,6,2,enron_full_124264,exact_ref,27430.829,1,0,413921,105963776
simless,4,2,enron_full_124264,exact_ref,27430.829,1,0,413921,105963776
simless,6,2,enron_full_124451,exact_ref,26897.884,1,0,413921,105963776
simless,4,2,enron_full_124451,exact_ref,26897.884,1,0,413921,105963776
simless,5,2,enron_full_124451,exact_ref,26897.884,1,0,413921,105963776
simless,4,2,enron_full_126518,exact_ref,26463.775,1,0,413921,105963776
simless,5,2,enron_full_126518,exact_ref,26463.775,1,0,413921,105963776
simless,6,2,enron_full_126518,exact_ref,26463.775,1,0,413921,105963776
simless,5,2,enron_full_128013,no_exact_ref,26916.825,0,23,413921,105963776
simless,6,2,enron_full_128013,no_exact_ref,26916.825,0,23,413921,105963776
simless,4,2,enron_full_128013,no_exact_ref,26916.825,0,23,413921,105963776
simless,6,2,enron_full_128290,no_exact_ref,27040.961,0,41,413921,105963776
simless,4,2,enron_full_128290,no_exact_ref,27040.961,0,41,413921,105963776
simless,5,2,enron_full_128290,no_exact_ref,27040.961,0,41,413921,105963776
simless,4,2,enron_full_128461,exact_ref,27183.034,1,0,413921,105963776
simless,5,2,enron_full_128461,exact_ref,27183.034,1,0,413921,105963776
simless,6,2,enron_full_128461,exact_ref,27183.034,1,0,413921,105963776
simless,5,2,enron_full_129750,exact_ref,27198.853,1,0,413921,105963776
simless,6,2,enron_full_129750,exact_ref,27198.853,1,0,413921,105963776
simless,4,2,enron_full_129750,exact_ref,27198.853,1,0,413921,105963776
simless,6,2,enron_full_129922,exact_ref,27232.177,1,0,413921,105963776
simless,4,2,enron_full_129922,exact_ref,27232.177,1,0,413921,105963776
simless,5,2,enron_full_129922,exact_ref,27232.177,1,0,413921,105963776
simless,4,2,enron_full_129965,exact_ref,28535.950,1,0,413921,105963776
simless,5,2,enron_full_129965,exact_ref,28535.950,1,0,413921,105963776
simless,6,2,enron_full_129965,exact_ref,28535.950,1,0,413921,105963776
simless,5,2,enron_full_130406,exact_ref,28792.863,1,0,413921,105963776
simless,6,2,enron_full_130406,exact_ref,28792.863,1,0,413921,105963776
simless,4,2,enron_full_130406,exact_ref,28792.863,1,0,413921,105963776
simless,6,2,enron_full_130557,exact_ref,28477.968,1,0,413921,105963776
simless,4,2,enron_full_130557,exact_ref,28477.968,1,0,413921,105963776
simless,5,2,enron_full_130557,exact_ref,28477.968,1,0,413921,105963776
simless,4,2,enron_full_130818,exact_ref,26639.529,1,0,413921,105963776
simless,5,2,enron_full_130818,exact_ref,26639.529,1,0,413921,105963776
simless,6,2,enron_full_130818,exact_ref,26639.529,1,0,413921,105963776
simless,5,2,enron_full_131990,exact_ref,26778.619,1,0,413921,105963776
simless,6,2,enron_full_131990,exact_ref,26778.619,1,0,413921,105963776
simless,4,2,enron_full_131990,exact_ref,26778.619,1,0,413921,105963776
simless,6,2,enron_full_132971,exact_ref,25829.545,1,0,413921,105963776
simless,4,2,enron_full_132971,exact_ref,25829.545,1,0,413921,105963776
simless,5,2,enron_full_132971,exact_ref,25829.545,1,0,413921,105963776
simless,4,2,enron_full_133588,exact_ref,27228.528,1,0,413921,105963776
simless,5,2,enron_full_133588,exact_ref,27228.528,1,0,413921,105963776
simless,6,2,enron_full_133588,exact_ref,27228.528,1,0,413921,105963776
simless,5,2,enron_full_133819,exact_ref,26323.708,1,0,413921,105963776
simless,6,2,enron_full_133819,exact_ref,26323.708,1,0,413921,105963776
simless,4,2,enron_full_133819,exact_ref,26323.708,1,0,413921,105963776
simless,6,2,enron_full_134727,no_exact_ref,26342.548,0,90,413921,105963776
simless,4,2,enron_full_134727,no_exact_ref,26342.548,0,90,413921,105963776
simless,5,2,enron_full_134727,no_exact_ref,26342.548,0,90,413921,105963776
simless,4,2,enron_full_136330,exact_ref,28222.403,1,0,413921,105963776
simless,5,2,enron_full_136330,exact_ref,28222.403,1,0,413921,105963776
simless,6,2,enron_full_136330,exact_ref,28222.403,1,0,413921,105963776
simless,5,2,enron_full_137531,exact_ref,28420.426,1,0,413921,105963776
simless,6,2,enron_full_137531,exact_ref,28420.426,1,0,413921,105963776
simless,4,2,enron_full_137531,exact_ref,28420.426,1,0,413921,105963776
simless,6,2,enron_full_137711,exact_ref,28051.287,1,0,413921,105963776
simless,4,2,enron_full_137711,exact_ref,28051.287,1,0,413921,105963776
simless,5,2,enron_full_137711,exact_ref,28051.287,1,0,413921,105963776
simless,4,2,enron_full_139013,no_exact_ref,29372.559,0,92,413921,105963776
simless,5,2,enron_full_139013,no_exact_ref,29372.559,0,92,413921,105963776
simless,6,2,enron_full_139013,no_exact_ref,29372.559,0,92,413921,105963776
simless,5,2,enron_full_139188,exact_ref,30564.983,1,0,413921,105963776
simless,6,2,enron_full_139188,exact_ref,30564.983,1,0,413921,105963776
simless,4,2,enron_full_139188,exact_ref,30564.983,1,0,413921,105963776
simless,6,2,enron_full_139197,exact_ref,29537.998,1,0,413921,105963776
simless,4,2,enron_full_139197,exact_ref,29537.998,1,0,413921,105963776
simless,5,2,enron_full_139197,exact_ref,29537.998,1,0,413921,105963776
simless,4,2,enron_full_139486,exact_ref,28505.158,1,0,413921,105963776
simless,5,2,enron_full_139486,exact_ref,28505.158,1,0,413921,105963776
simless,6,2,enron_full_139486,exact_ref,28505.158,1,0,413921,105963776
simless,5,2,enron_full_140225,no_exact_ref,27691.789,0,14,413921,105963776
simless,6,2,enron_full_140225,no_exact_ref,27691.789,0,14,413921,105963776
simless,4,2,enron_full_140225,no_exact_ref,27691.789,0,14,413921,105963776
simless,6,2,enron_full_140420,exact_ref,27461.000,1,0,413921,105963776
simless,4,2,enron_full_140420,exact_ref,27461.000,1,0,413921,105963776
simless,5,2,enron_full_140420,exact_ref,27461.000,1,0,413921,105963776
simless,4,2,enron_full_140552,exact_ref,27337.418,1,0,413921,105963776
simless,5,2,enron_full_140552,exact_ref,27337.418,1,0,413921,105963776
simless,6,2,enron_full_140552,exact_ref,27337.418,1,0,413921,105963776
simless,5,2,enron_full_140885,exact_ref,27654.925,1,0,413921,105963776
simless,6,2,enron_full_140885,exact_ref,27654.925,1,0,413921,105963776
simless,4,2,enron_full_140885,exact_ref,27654.925,1,0,413921,105963776
simless,6,2,enron_full_141161,no_exact_ref,26972.240,0,78,413921,105963776
simless,4,2,enron_full_141161,no_exact_ref,26972.240,0,78,413921,105963776
simless,5,2,enron_full_141161,no_exact_ref,26972.240,0,78,413921,105963776
simless,4,2,enron_full_141985,exact_ref,27573.643,1,0,413921,105963776
simless,5,2,enron_full_141985,exact_ref,27573.643,1,0,413921,105963776
simless,6,2,enron_full_141985,exact_ref,27573.643,1,0,413921,105963776
simless,5,2,enron_full_142230,exact_ref,27748.055,1,0,413921,105963776
simless,6,2,enron_full_142230,exact_ref,27748.055,1,0,413921,105963776
simless,4,2,enron_full_142230,exact_ref,27748.055,1,0,413921,105963776
simless,6,2,enron_full_142612,exact_ref,26891.579,1,0,413921,105963776
simless,4,2,enron_full_142612,exact_ref,26891.579,1,0,413921,105963776
simless,5,2,enron_full_142612,exact_ref,26891.579,1,0,413921,105963776
simless,4,2,enron_full_143076,exact_ref,25871.075,1,0,413921,105963776
simless,5,2,enron_full_143076,exact_ref,25871.075,1,0,413921,105963776
simless,6,2,enron_full_143076,exact_ref,25871.075,1,0,413921,105963776
simless,5,2,enron_full_144720,no_exact_ref,25763.476,0,13,413921,105963776
simless,6,2,enron_full_144720,no_exact_ref,25763.476,0,13,413921,105963776
simless,4,2,enron_full_144720,no_exact_ref,25763.476,0,13,413921,105963776
simless,6,2,enron_full_144759,no_exact_ref,27949.019,0,74,413921,105963776
simless,4,2,enron_full_144759,no_exact_ref,27949.019,0,74,413921,105963776
simless,5,2,enron_full_144759,no_exact_ref,27949.019,0,74,413921,105963776
simless,4,2,enron_full_145061,exact_ref,28835.561,1,0,413921,105963776
simless,5,2,enron_full_145061,exact_ref,28835.561,1,0,413921,105963776
simless,6,2,enron_full_145061,exact_ref,28835.561,1,0,413921,105963776
simless,5,2,enron_full_146696,exact_ref,28633.988,1,0,413921,105963776
simless,6,2,enron_full_146696,exact_ref,28633.988,1,0,413921,105963776
simless,4,2,enron_full_146696,exact_ref,28633.988,1,0,413921,105963776
simless,6,2,enron_full_148007,exact_ref,27761.079,1,0,413921,105963776
simless,4,2,enron_full_148007,exact_ref,27761.079,1,0,413921,105963776
simless,5,2,enron_full_148007,exact_ref,27761.079,1,0,413921,105963776
simless,4,2,enron_full_148315,exact_ref,26552.924,1,0,413921,105963776
simless,5,2,enron_full_148315,exact_ref,26552.924,1,0,413921,105963776
simless,6,2,enron_full_148315,exact_ref,26552.924,1,0,413921,105963776
simless,5,2,enron_full_148338,exact_ref,28788.914,1,0,413921,105963776
simless,6,2,enron_full_148338,exact_ref,28788.914,1,0,413921,105963776
simless,4,2,enron_full_148338,exact_ref,28788.914,1,0,413921,105963776
simless,6,2,enron_full_149174,exact_ref,27766.725,1,0,413921,105963776
simless,4,2,enron_full_149174,exact_ref,27766.725,1,0,413921,105963776
simless,5,2,enron_full_149174,exact_ref,27766.725,1,0,413921,105963776
simless,4,2,enron_full_149842,exact_ref,29429.980,1,0,413921,105963776
simless,5,2,enron_full_149842,exact_ref,29429.980,1,0,413921,105963776
simless,6,2,enron_full_149842,exact_ref,29429.980,1,0,413921,105963776
simless,5,2,enron_full_150562,exact_ref,27986.869,1,0,413921,105963776
simless,6,2,enron_full_150562,exact_ref,27986.869,1,0,413921,105963776
simless,4,2,enron_full_150562,exact_ref,27986.869,1,0,413921,105963776
simless,6,2,enron_full_151773,no_exact_ref,27913.661,0,59,413921,105963776
simless,4,2,enron_full_151773,no_exact_ref,27913.661,0,59,413921,105963776
simless,5,2,enron_full_151773,no_exact_ref,27913.661,0,59,413921,105963776
simless,4,2,enron_full_152307,exact_ref,27325.645,1,0,413921,105963776
simless,5,2,enron_full_152307,exact_ref,27325.645,1,0,413921,105963776
simless,6,2,enron_full_152307,exact_ref,27325.645,1,0,413921,105963776
simless,5,2,enron_full_152987,exact_ref,27316.022,1,0,413921,105963776
simless,6,2,enron_full_152987,exact_ref,27316.022,1,0,413921,105963776
simless,4,2,enron_full_152987,exact_ref,27316.022,1,0,413921,105963776
simless,6,2,enron_full_153167,exact_ref,27877.940,1,0,413921,105963776
simless,4,2,enron_full_153167,exact_ref,27877.940,1,0,413921,105963776
simless,5,2,enron_full_153167,exact_ref,27877.940,1,0,413921,105963776
simless,4,2,enron_full_154125,no_exact_ref,28708.547,0,11,413921,105963776
simless,5,2,enron_full_154125,no_exact_ref,28708.547,0,11,413921,105963776
simless,6,2,enron_full_154125,no_exact_ref,28708.547,0,11,413921,105963776
simless,5,2,enron_full_154648,no_exact_ref,29315.802,0,86,413921,105963776
simless,6,2,enron_full_154648,no_exact_ref,29315.802,0,86,413921,105963776
simless,4,2,enron_full_154648,no_exact_ref,29315.802,0,86,413921,105963776
simless,6,2,enron_full_155829,exact_ref,28811.764,1,0,413921,105963776
simless,4,2,enron_full_155829,exact_ref,28811.764,1,0,413921,105963776
simless,5,2,enron_full_155829,exact_ref,28811.764,1,0,413921,105963776
simless,4,2,enron_full_156626,exact_ref,27860.987,1,0,413921,105963776
simless,5,2,enron_full_156626,exact_ref,27860.987,1,0,413921,105963776
simless,6,2,enron_full_156626,exact_ref,27860.987,1,0,413921,105963776
simless,5,2,enron_full_156811,exact_ref,27855.720,1,0,413921,105963776
simless,6,2,enron_full_156811,exact_ref,27855.720,1,0,413921,105963776
simless,4,2,enron_full_156811,exact_ref,27855.720,1,0,413921,105963776
simless,6,2,enron_full_158640,exact_ref,26924.006,1,0,413921,105963776
simless,4,2,enron_full_158640,exact_ref,26924.006,1,0,413921,105963776
simless,5,2,enron_full_158640,exact_ref,26924.006,1,0,413921,105963776
simless,4,2,enron_full_159222,exact_ref,27865.676,1,0,413921,105963776
simless,5,2,enron_full_159222,exact_ref,27865.676,1,0,413921,105963776
simless,6,2,enron_full_159222,exact_ref,27865.676,1,0,413921,105963776
simless,5,2,enron_full_159570,exact_ref,26999.274,1,0,413921,105963776
simless,6,2,enron_full_159570,exact_ref,26999.274,1,0,413921,105963776
simless,4,2,enron_full_159570,exact_ref,26999.274,1,0,413921,105963776
simless,6,2,enron_full_159687,exact_ref,27323.118,1,0,413921,105963776
simless,4,2,enron_full_159687,exact_ref,27323.118,1,0,413921,105963776
simless,5,2,enron_full_159687,exact_ref,27323.118,1,0,413921,105963776
simless,4,2,enron_full_161067,exact_ref,29294.256,1,0,413921,105963776
simless,5,2,enron_full_161067,exact_ref,29294.256,1,0,413921,105963776
simless,6,2,enron_full_161067,exact_ref,29294.256,1,0,413921,105963776
simless,5,2,enron_full_161301,exact_ref,29307.195,1,0,413921,105963776
simless,6,2,enron_full_161301,exact_ref,29307.195,1,0,413921,105963776
simless,4,2,enron_full_161301,exact_ref,29307.195,1,0,413921,105963776
simless,6,2,enron_full_161404,exact_ref,28854.775,1,0,413921,105963776
simless,4,2,enron_full_161404,exact_ref,28854.775,1,0,413921,105963776
simless,5,2,enron_full_161404,exact_ref,28854.775,1,0,413921,105963776
simless,4,2,enron_full_161839,no_exact_ref,27729.967,0,88,413921,105963776
simless,5,2,enron_full_161839,no_exact_ref,27729.967,0,88,413921,105963776
simless,6,2,enron_full_161839,no_exact_ref,27729.967,0,88,413921,105963776
simless,5,2,enron_full_162338,exact_ref,29054.244,1,0,413921,105963776
simless,6,2,enron_full_162338,exact_ref,29054.244,1,0,413921,105963776
simless,4,2,enron_full_162338,exact_ref,29054.244,1,0,413921,105963776
simless,6,2,enron_full_163700,no_exact_ref,29482.118,0,45,413921,105963776
simless,4,2,enron_full_163700,no_exact_ref,29482.118,0,45,413921,105963776
simless,5,2,enron_full_163700,no_exact_ref,29482.118,0,45,413921,105963776
simless,4,2,enron_full_163994,exact_ref,29050.020,1,0,413921,105963776
simless,5,2,enron_full_163994,exact_ref,29050.020,1,0,413921,105963776
simless,6,2,enron_full_163994,exact_ref,29050.020,1,0,413921,105963776
simless,5,2,enron_full_164128,no_exact_ref,28392.344,0,19,413921,105963776
simless,6,2,enron_full_164128,no_exact_ref,28392.344,0,19,413921,105963776
simless,4,2,enron_full_164128,no_exact_ref,28392.344,0,19,413921,105963776
simless,6,2,enron_full_164251,exact_ref,28437.333,1,0,413921,105963776
simless,4,2,enron_full_164251,exact_ref,28437.333,1,0,413921,105963776
simless,5,2,enron_full_164251,exact_ref,28437.333,1,0,413921,105963776
simless,4,2,enron_full_164751,no_exact_ref,27561.846,0,92,413921,105963776
simless,5,2,enron_full_164751,no_exact_ref,27561.846,0,92,413921,105963776
simless,6,2,enron_full_164751,no_exact_ref,27561.846,0,92,413921,105963776
simless,5,2,enron_full_164805,no_exact_ref,27724.973,0,94,413921,105963776
simless,6,2,enron_full_164805,no_exact_ref,27724.973,0,94,413921,105963776
simless,4,2,enron_full_164805,no_exact_ref,27724.973,0,94,413921,105963776
simless,6,2,enron_full_165550,no_exact_ref,27163.974,0,89,413921,105963776
simless,4,2,enron_full_165550,no_exact_ref,27163.974,0,89,413921,105963776
simless,5,2,enron_full_165550,no_exact_ref,27163.974,0,89,413921,105963776
simless,4,2,enron_full_165951,exact_ref,26574.487,1,0,413921,105963776
simless,5,2,enron_full_165951,exact_ref,26574.487,1,0,413921,105963776
simless,6,2,enron_full_165951,exact_ref,26574.487,1,0,413921,105963776
simless,5,2,enron_full_167260,exact_ref,26362.897,1,0,413921,105963776
simless,6,2,enron_full_167260,exact_ref,26362.897,1,0,413921,105963776
simless,4,2,enron_full_167260,exact_ref,26362.897,1,0,413921,105963776
simless,6,2,enron_full_168469,exact_ref,26470.395,1,0,413921,105963776
simless,4,2,enron_full_168469,exact_ref,26470.395,1,0,413921,105963776
simless,5,2,enron_full_168469,exact_ref,26470.395,1,0,413921,105963776
simless,4,2,enron_full_168971,exact_ref,27571.988,1,0,413921,105963776
simless,5,2,enron_full_168971,exact_ref,27571.988,1,0,413921,105963776
simless,6,2,enron_full_168971,exact_ref,27571.988,1,0,413921,105963776
simless,5,2,enron_full_170176,no_exact_ref,27533.967,0,92,413921,105963776
simless,6,2,enron_full_170176,no_exact_ref,27533.967,0,92,413921,105963776
simless,4,2,enron_full_170176,no_exact_ref,27533.967,0,92,413921,105963776
simless,6,2,enron_full_170711,exact_ref,29340.928,1,0,413921,105963776
simless,4,2,enron_full_170711,exact_ref,29340.928,1,0,413921,105963776
simless,5,2,enron_full_170711,exact_ref,29340.928,1,0,413921,105963776
simless,4,2,enron_full_170765,exact_ref,31537.237,1,0,413921,105963776
simless,5,2,enron_full_170765,exact_ref,31537.237,1,0,413921,105963776
simless,6,2,enron_full_170765,exact_ref,31537.237,1,0,413921,105963776
simless,5,2,enron_full_170860,no_exact_ref,27585.657,0,85,413921,105963776
simless,6,2,enron_full_170860,no_exact_ref,27585.657,0,85,413921,105963776
simless,4,2,enron_full_170860,no_exact_ref,27585.657,0,85,413921,105963776
simless,6,2,enron_full_171509,exact_ref,27555.873,1,0,413921,105963776
simless,4,2,enron_full_171509,exact_ref,27555.873,1,0,413921,105963776
simless,5,2,enron_full_171509,exact_ref,27555.873,1,0,413921,105963776
simless,4,2,enron_full_171797,no_exact_ref,27766.640,0,87,413921,105963776
simless,5,2,enron_full_171797,no_exact_ref,27766.640,0,87,413921,105963776
simless,6,2,enron_full_171797,no_exact_ref,27766.640,0,87,413921,105963776
simless,5,2,enron_full_172609,no_exact_ref,26751.417,0,93,413921,105963776
simless,6,2,enron_full_172609,no_exact_ref,26751.417,0,93,413921,105963776
simless,4,2,enron_full_172609,no_exact_ref,26751.417,0,93,413921,105963776
simless,6,2,enron_full_174436,exact_ref,27387.422,1,0,413921,105963776
simless,4,2,enron_full_174436,exact_ref,27387.422,1,0,413921,105963776
simless,5,2,enron_full_174436,exact_ref,27387.422,1,0,413921,105963776
simless,4,2,enron_full_174861,exact_ref,27443.959,1,0,413921,105963776
simless,5,2,enron_full_174861,exact_ref,27443.959,1,0,413921,105963776
simless,6,2,enron_full_174861,exact_ref,27443.959,1,0,413921,105963776
simless,5,2,enron_full_175011,no_exact_ref,27318.305,0,47,413921,105963776
simless,6,2,enron_full_175011,no_exact_ref,27318.305,0,47,413921,105963776
simless,4,2,enron_full_175011,no_exact_ref,27318.305,0,47,413921,105963776
simless,6,2,enron_full_176124,exact_ref,28863.615,1,0,413921,105963776
simless,4,2,enron_full_176124,exact_ref,28863.615,1,0,413921,105963776
simless,5,2,enron_full_176124,exact_ref,28863.615,1,0,413921,105963776
simless,4,2,enron_full_176753,exact_ref,28592.483,1,0,413921,105963776
simless,5,2,enron_full_176753,exact_ref,28592.483,1,0,413921,105963776
simless,6,2,enron_full_176753,exact_ref,28592.483,1,0,413921,105963776
simless,5,2,enron_full_178212,exact_ref,28894.092,1,0,413921,105963776
simless,6,2,enron_full_178212,exact_ref,28894.092,1,0,413921,105963776
simless,4,2,enron_full_178212,exact_ref,28894.092,1,0,413921,105963776
simless,6,2,enron_full_178550,exact_ref,28373.959,1,0,413921,105963776
simless,4,2,enron_full_178550,exact_ref,28373.959,1,0,413921,105963776
simless,5,2,enron_full_178550,exact_ref,28373.959,1,0,413921,105963776
simless,4,2,enron_full_179413,exact_ref,30350.097,1,0,413921,105963776
simless,5,2,enron_full_179413,exact_ref,30350.097,1,0,413921,105963776
simless,6,2,enron_full_179413,exact_ref,30350.097,1,0,413921,105963776
simless,5,2,enron_full_179791,exact_ref,31405.128,1,0,413921,105963776
simless,6,2,enron_full_179791,exact_ref,31405.128,1,0,413921,105963776
simless,4,2,enron_full_179791,exact_ref,31405.128,1,0,413921,105963776
simless,6,2,enron_full_180640,exact_ref,28296.303,1,0,413921,105963776
simless,4,2,enron_full_180640,exact_ref,28296.303,1,0,413921,105963776
simless,5,2,enron_full_180640,exact_ref,28296.303,1,0,413921,105963776
simless,4,2,enron_full_181037,exact_ref,27400.470,1,0,413921,105963776
simless,5,2,enron_full_181037,exact_ref,27400.470,1,0,413921,105963776
simless,6,2,enron_full_181037,exact_ref,27400.470,1,0,413921,105963776
simless,5,2,enron_full_181456,exact_ref,27750.110,1,0,413921,105963776
simless,6,2,enron_full_181456,exact_ref,27750.110,1,0,413921,105963776
simless,4,2,enron_full_181456,exact_ref,27750.110,1,0,413921,105963776
simless,6,2,enron_full_181872,exact_ref,28771.826,1,0,413921,105963776
simless,4,2,enron_full_181872,exact_ref,28771.826,1,0,413921,105963776
simless,5,2,enron_full_181872,exact_ref,28771.826,1,0,413921,105963776
simless,4,2,enron_full_181885,exact_ref,29275.543,1,0,413921,105963776
simless,5,2,enron_full_181885,exact_ref,29275.543,1,0,413921,105963776
simless,6,2,enron_full_181885,exact_ref,29275.543,1,0,413921,105963776
simless,5,2,enron_full_182915,exact_ref,29070.317,1,0,413921,105963776
simless,6,2,enron_full_182915,exact_ref,29070.317,1,0,413921,105963776
simless,4,2,enron_full_182915,exact_ref,29070.317,1,0,413921,105963776
simless,6,2,enron_full_182942,exact_ref,28075.258,1,0,413921,105963776
simless,4,2,enron_full_182942,exact_ref,28075.258,1,0,413921,105963776
simless,5,2,enron_full_182942,exact_ref,28075.258,1,0,413921,105963776
simless,4,2,enron_full_183169,exact_ref,26924.718,1,0,413921,105963776
simless,5,2,enron_full_183169,exact_ref,26924.718,1,0,413921,105963776
simless,6,2,enron_full_183169,exact_ref,26924.718,1,0,413921,105963776
simless,5,2,enron_full_183297,exact_ref,27523.595,1,0,413921,105963776
simless,6,2,enron_full_183297,exact_ref,27523.595,1,0,413921,105963776
simless,4,2,enron_full_183297,exact_ref,27523.595,1,0,413921,105963776
simless,6,2,enron_full_183379,exact_ref,28008.289,1,0,413921,105963776
simless,4,2,enron_full_183379,exact_ref,28008.289,1,0,413921,105963776
simless,5,2,enron_full_183379,exact_ref,28008.289,1,0,413921,105963776
simless,4,2,enron_full_183388,exact_ref,28559.114,1,0,413921,105963776
simless,5,2,enron_full_183388,exact_ref,28559.114,1,0,413921,105963776
simless,6,2,enron_full_183388,exact_ref,28559.114,1,0,413921,105963776
simless,5,2,enron_full_183934,exact_ref,28823.283,1,0,413921,105963776
simless,6,2,enron_full_183934,exact_ref,28823.283,1,0,413921,105963776
simless,4,2,enron_full_183934,exact_ref,28823.283,1,0,413921,105963776
simless,6,2,enron_full_184508,exact_ref,28967.583,1,0,413921,105963776
simless,4,2,enron_full_184508,exact_ref,28967.583,1,0,413921,105963776
simless,5,2,enron_full_184508,exact_ref,28967.583,1,0,413921,105963776
simless,4,2,enron_full_185731,no_exact_ref,28245.526,0,87,413921,105963776
simless,5,2,enron_full_185731,no_exact_ref,28245.526,0,87,413921,105963776
simless,6,2,enron_full_185731,no_exact_ref,28245.526,0,87,413921,105963776
simless,5,2,enron_full_186258,exact_ref,28284.921,1,0,413921,105963776
simless,6,2,enron_full_186258,exact_ref,28284.921,1,0,413921,105963776
simless,4,2,enron_full_186258,exact_ref,28284.921,1,0,413921,105963776
simless,6,2,enron_full_186778,exact_ref,28758.661,1,0,413921,105963776
simless,4,2,enron_full_186778,exact_ref,28758.661,1,0,413921,105963776
simless,5,2,enron_full_186778,exact_ref,28758.661,1,0,413921,105963776
simless,4,2,enron_full_187181,exact_ref,27877.216,1,0,413921,105963776
simless,5,2,enron_full_187181,exact_ref,27877.216,1,0,413921,105963776
simless,6,2,enron_full_187181,exact_ref,27877.216,1,0,413921,105963776
simless,5,2,enron_full_187432,exact_ref,28536.807,1,0,413921,105963776
simless,6,2,enron_full_187432,exact_ref,28536.807,1,0,413921,105963776
simless,4,2,enron_full_187432,exact_ref,28536.807,1,0,413921,105963776
simless,6,2,enron_full_187706,exact_ref,27684.356,1,0,413921,105963776
simless,4,2,enron_full_187706,exact_ref,27684.356,1,0,413921,105963776
simless,5,2,enron_full_187706,exact_ref,27684.356,1,0,413921,105963776
simless,4,2,enron_full_188453,exact_ref,27414.949,1,0,413921,105963776
simless,5,2,enron_full_188453,exact_ref,27414.949,1,0,413921,105963776
simless,6,2,enron_full_188453,exact_ref,27414.949,1,0,413921,105963776
simless,5,2,enron_full_189842,exact_ref,27018.659,1,0,413921,105963776
simless,6,2,enron_full_189842,exact_ref,27018.659,1,0,413921,105963776
simless,4,2,enron_full_189842,exact_ref,27018.659,1,0,413921,105963776
simless,6,2,enron_full_189980,exact_ref,27400.753,1,0,413921,105963776
simless,4,2,enron_full_189980,exact_ref,27400.753,1,0,413921,105963776
simless,5,2,enron_full_189980,exact_ref,27400.753,1,0,413921,105963776
simless,4,2,enron_full_191466,exact_ref,27097.849,1,0,413921,105963776
simless,5,2,enron_full_191466,exact_ref,27097.849,1,0,413921,105963776
simless,6,2,enron_full_191466,exact_ref,27097.849,1,0,413921,105963776
simless,5,2,enron_full_191744,no_exact_ref,28545.144,0,17,413921,105963776
simless,6,2,enron_full_191744,no_exact_ref,28545.144,0,17,413921,105963776
simless,4,2,enron_full_191744,no_exact_ref,28545.144,0,17,413921,105963776
simless,6,2,enron_full_191882,exact_ref,28862.682,1,0,413921,105963776
simless,4,2,enron_full_191882,exact_ref,28862.682,1,0,413921,105963776
simless,5,2,enron_full_191882,exact_ref,28862.682,1,0,413921,105963776
simless,4,2,enron_full_193162,exact_ref,28785.145,1,0,413921,105963776
simless,5,2,enron_full_193162,exact_ref,28785.145,1,0,413921,105963776
simless,6,2,enron_full_193162,exact_ref,28785.145,1,0,413921,105963776
simless,5,2,enron_full_195402,exact_ref,26751.724,1,0,413921,105963776
simless,6,2,enron_full_195402,exact_ref,26751.724,1,0,413921,105963776
simless,4,2,enron_full_195402,exact_ref,26751.724,1,0,413921,105963776
simless,6,2,enron_full_195600,exact_ref,27101.470,1,0,413921,105963776
simless,4,2,enron_full_195600,exact_ref,27101.470,1,0,413921,105963776
simless,5,2,enron_full_195600,exact_ref,27101.470,1,0,413921,105963776
simless,4,2,enron_full_195759,exact_ref,26414.121,1,0,413921,105963776
simless,5,2,enron_full_195759,exact_ref,26414.121,1,0,413921,105963776
simless,6,2,enron_full_195759,exact_ref,26414.121,1,0,413921,105963776
simless,5,2,enron_full_196134,exact_ref,26121.799,1,0,413921,105963776
simless,6,2,enron_full_196134,exact_ref,26121.799,1,0,413921,105963776
simless,4,2,enron_full_196134,exact_ref,26121.799,1,0,413921,105963776
simless,6,2,enron_full_197175,exact_ref,26540.238,1,0,413921,105963776
simless,4,2,enron_full_197175,exact_ref,26540.238,1,0,413921,105963776
simless,5,2,enron_full_197175,exact_ref,26540.238,1,0,413921,105963776
simless,4,2,enron_full_197216,exact_ref,26755.738,1,0,413921,105963776
simless,5,2,enron_full_197216,exact_ref,26755.738,1,0,413921,105963776
simless,6,2,enron_full_197216,exact_ref,26755.738,1,0,413921,105963776
simless,5,2,enron_full_197678,exact_ref,26457.465,1,0,413921,105963776
simless,6,2,enron_full_197678,exact_ref,26457.465,1,0,413921,105963776
simless,4,2,enron_full_197678,exact_ref,26457.465,1,0,413921,105963776
simless,6,2,enron_full_198102,exact_ref,26688.654,1,0,413921,105963776
simless,4,2,enron_full_198102,exact_ref,26688.654,1,0,413921,105963776
simless,5,2,enron_full_198102,exact_ref,26688.654,1,0,413921,105963776
simless,4,2,enron_full_198996,exact_ref,26218.372,1,0,413921,105963776
simless,5,2,enron_full_198996,exact_ref,26218.372,1,0,413921,105963776
simless,6,2,enron_full_198996,exact_ref,26218.372,1,0,413921,105963776
simless,5,2,enron_full_200327,exact_ref,26748.310,1,0,413921,105963776
simless,6,2,enron_full_200327,exact_ref,26748.310,1,0,413921,105963776
simless,4,2,enron_full_200327,exact_ref,26748.310,1,0,413921,105963776
simless,6,2,enron_full_200476,exact_ref,27721.637,1,0,413921,105963776
simless,4,2,enron_full_200476,exact_ref,27721.637,1,0,413921,105963776
simless,5,2,enron_full_200476,exact_ref,27721.637,1,0,413921,105963776
simless,4,2,enron_full_201608,exact_ref,29066.261,1,0,413921,105963776
simless,5,2,enron_full_201608,exact_ref,29066.261,1,0,413921,105963776
simless,6,2,enron_full_201608,exact_ref,29066.261,1,0,413921,105963776
simless,5,2,enron_full_202547,exact_ref,28863.286,1,0,413921,105963776
simless,6,2,enron_full_202547,exact_ref,28863.286,1,0,413921,105963776
simless,4,2,enron_full_202547,exact_ref,28863.286,1,0,413921,105963776
simless,6,2,enron_full_202611,no_exact_ref,28966.995,0,81,413921,105963776
simless,4,2,enron_full_202611,no_exact_ref,28966.995,0,81,413921,105963776
simless,5,2,enron_full_202611,no_exact_ref,28966.995,0,81,413921,105963776
simless,4,2,enron_full_203046,exact_ref,29096.009,1,0,413921,105963776
simless,5,2,enron_full_203046,exact_ref,29096.009,1,0,413921,105963776
simless,6,2,enron_full_203046,exact_ref,29096.009,1,0,413921,105963776
simless,5,2,enron_full_204937,exact_ref,27339.961,1,0,413921,105963776
simless,6,2,enron_full_204937,exact_ref,27339.961,1,0,413921,105963776
simless,4,2,enron_full_204937,exact_ref,27339.961,1,0,413921,105963776
simless,6,2,enron_full_205754,exact_ref,27025.792,1,0,413921,105963776
simless,4,2,enron_full_205754,exact_ref,27025.792,1,0,413921,105963776
simless,5,2,enron_full_205754,exact_ref,27025.792,1,0,413921,105963776
simless,4,2,enron_full_205846,exact_ref,28486.857,1,0,413921,105963776
simless,5,2,enron_full_205846,exact_ref,28486.857,1,0,413921,105963776
simless,6,2,enron_full_205846,exact_ref,28486.857,1,0,413921,105963776
simless,5,2,enron_full_206132,exact_ref,28440.084,1,0,413921,105963776
simless,6,2,enron_full_206132,exact_ref,28440.084,1,0,413921,105963776
simless,4,2,enron_full_206132,exact_ref,28440.084,1,0,413921,105963776
simless,6,2,enron_full_206426,exact_ref,26725.354,1,0,413921,105963776
simless,4,2,enron_full_206426,exact_ref,26725.354,1,0,413921,105963776
simless,5,2,enron_full_206426,exact_ref,26725.354,1,0,413921,105963776
simless,4,2,enron_full_206631,no_exact_ref,26458.928,0,92,413921,105963776
simless,5,2,enron_full_206631,no_exact_ref,26458.928,0,92,413921,105963776
simless,6,2,enron_full_206631,no_exact_ref,26458.928,0,92,413921,105963776
simless,5,2,enron_full_206780,exact_ref,26153.882,1,0,413921,105963776
simless,6,2,enron_full_206780,exact_ref,26153.882,1,0,413921,105963776
simless,4,2,enron_full_206780,exact_ref,26153.882,1,0,413921,105963776
simless,6,2,enron_full_207863,exact_ref,26337.604,1,0,413921,105963776
simless,4,2,enron_full_207863,exact_ref,26337.604,1,0,413921,105963776
simless,5,2,enron_full_207863,exact_ref,26337.604,1,0,413921,105963776
simless,4,2,enron_full_208242,exact_ref,27139.210,1,0,413921,105963776
simless,5,2,enron_full_208242,exact_ref,27139.210,1,0,413921,105963776
simless,6,2,enron_full_208242,exact_ref,27139.210,1,0,413921,105963776
simless,5,2,enron_full_208362,exact_ref,28302.610,1,0,413921,105963776
simless,6,2,enron_full_208362,exact_ref,28302.610,1,0,413921,105963776
simless,4,2,enron_full_208362,exact_ref,28302.610,1,0,413921,105963776
simless,6,2,enron_full_209030,exact_ref,28104.858,1,0,413921,105963776
simless,4,2,enron_full_209030,exact_ref,28104.858,1,0,413921,105963776
simless,5,2,enron_full_209030,exact_ref,28104.858,1,0,413921,105963776
simless,4,2,enron_full_209358,exact_ref,26698.669,1,0,413921,105963776
simless,5,2,enron_full_209358,exact_ref,26698.669,1,0,413921,105963776
simless,6,2,enron_full_209358,exact_ref,26698.669,1,0,413921,105963776
simless,5,2,enron_full_209479,exact_ref,25965.536,1,0,413921,105963776
simless,6,2,enron_full_209479,exact_ref,25965.536,1,0,413921,105963776
simless,4,2,enron_full_209479,exact_ref,25965.536,1,0,413921,105963776
simless,6,2,enron_full_209859,exact_ref,25913.960,1,0,413921,105963776
simless,4,2,enron_full_209859,exact_ref,25913.960,1,0,413921,105963776
simless,5,2,enron_full_209859,exact_ref,25913.960,1,0,413921,105963776
simless,4,2,enron_full_209958,exact_ref,26608.036,1,0,413921,105963776
simless,5,2,enron_full_209958,exact_ref,26608.036,1,0,413921,105963776
simless,6,2,enron_full_209958,exact_ref,26608.036,1,0,413921,105963776
simless,5,2,enron_full_210032,no_exact_ref,26122.926,0,6,413921,105963776
simless,6,2,enron_full_210032,no_exact_ref,26122.926,1,6,413921,105963776
simless,4,2,enron_full_210032,no_exact_ref,26122.926,0,6,413921,105963776
simless,6,2,enron_full_210772,exact_ref,26641.635,1,0,413921,105963776
simless,4,2,enron_full_210772,exact_ref,26641.635,1,0,413921,105963776
simless,5,2,enron_full_210772,exact_ref,26641.635,1,0,413921,105963776
simless,4,2,enron_full_211094,no_exact_ref,28047.924,0,96,413921,105963776
simless,5,2,enron_full_211094,no_exact_ref,28047.924,0,96,413921,105963776
simless,6,2,enron_full_211094,no_exact_ref,28047.924,0,96,413921,105963776
simless,5,2,enron_full_211389,exact_ref,27265.716,1,0,413921,105963776
simless,6,2,enron_full_211389,exact_ref,27265.716,1,0,413921,105963776
simless,4,2,enron_full_211389,exact_ref,27265.716,1,0,413921,105963776
simless,6,2,enron_full_211892,no_exact_ref,28352.648,0,86,413921,105963776
simless,4,2,enron_full_211892,no_exact_ref,28352.648,0,86,413921,105963776
simless,5,2,enron_full_211892,no_exact_ref,28352.648,0,86,413921,105963776
simless,4,2,enron_full_211966,no_exact_ref,27574.138,0,89,413921,105963776
simless,5,2,enron_full_211966,no_exact_ref,27574.138,0,89,413921,105963776
simless,6,2,enron_full_211966,no_exact_ref,27574.138,0,89,413921,105963776
simless,5,2,enron_full_212202,no_exact_ref,26400.512,0,25,413921,105963776
simless,6,2,enron_full_212202,no_exact_ref,26400.512,0,25,413921,105963776
simless,4,2,enron_full_212202,no_exact_ref,26400.512,0,25,413921,105963776
simless,6,2,enron_full_213178,no_exact_ref,28289.683,0,23,413921,105963776
simless,4,2,enron_full_213178,no_exact_ref,28289.683,0,23,413921,105963776
simless,5,2,enron_full_213178,no_exact_ref,28289.683,0,23,413921,105963776
simless,4,2,enron_full_214684,exact_ref,28433.235,1,0,413921,105963776
simless,5,2,enron_full_214684,exact_ref,28433.235,1,0,413921,105963776
simless,6,2,enron_full_214684,exact_ref,28433.235,1,0,413921,105963776
simless,5,2,enron_full_214861,exact_ref,27511.575,1,0,413921,105963776
simless,6,2,enron_full_214861,exact_ref,27511.575,1,0,413921,105963776
simless,4,2,enron_full_214861,exact_ref,27511.575,1,0,413921,105963776
simless,6,2,enron_full_214866,exact_ref,26769.753,1,0,413921,105963776
simless,4,2,enron_full_214866,exact_ref,26769.753,1,0,413921,105963776
simless,5,2,enron_full_214866,exact_ref,26769.753,1,0,413921,105963776
simless,4,2,enron_full_214883,exact_ref,26431.890,1,0,413921,105963776
simless,5,2,enron_full_214883,exact_ref,26431.890,1,0,413921,105963776
simless,6,2,enron_full_214883,exact_ref,26431.890,1,0,413921,105963776
simless,5,2,enron_full_215380,exact_ref,26873.621,1,0,413921,105963776
simless,6,2,enron_full_215380,exact_ref,26873.621,1,0,413921,105963776
simless,4,2,enron_full_215380,exact_ref,26873.621,1,0,413921,105963776
simless,6,2,enron_full_215696,exact_ref,27113.197,1,0,413921,105963776
simless,4,2,enron_full_215696,exact_ref,27113.197,1,0,413921,105963776
simless,5,2,enron_full_215696,exact_ref,27113.197,1,0,413921,105963776
simless,4,2,enron_full_216853,exact_ref,26641.071,1,0,413921,105963776
simless,5,2,enron_full_216853,exact_ref,26641.071,1,0,413921,105963776
simless,6,2,enron_full_216853,exact_ref,26641.071,1,0,413921,105963776
simless,5,2,enron_full_218707,exact_ref,26944.502,1,0,413921,105963776
simless,6,2,enron_full_218707,exact_ref,26944.502,1,0,413921,105963776
simless,4,2,enron_full_218707,exact_ref,26944.502,1,0,413921,105963776
simless,6,2,enron_full_219044,exact_ref,26432.711,1,0,413921,105963776
simless,4,2,enron_full_219044,exact_ref,26432.711,1,0,413921,105963776
simless,5,2,enron_full_219044,exact_ref,26432.711,1,0,413921,105963776
simless,4,2,enron_full_219142,exact_ref,26758.613,1,0,413921,105963776
simless,5,2,enron_full_219142,exact_ref,26758.613,1,0,413921,105963776
simless,6,2,enron_full_219142,exact_ref,26758.613,1,0,413921,105963776
simless,5,2,enron_full_219243,exact_ref,27103.105,1,0,413921,105963776
simless,6,2,enron_full_219243,exact_ref,27103.105,1,0,413921,105963776
simless,4,2,enron_full_219243,exact_ref,27103.105,1,0,413921,105963776
simless,6,2,enron_full_219501,no_exact_ref,26688.646,0,19,413921,105963776
simless,4,2,enron_full_219501,no_exact_ref,26688.646,0,19,413921,105963776
simless,5,2,enron_full_219501,no_exact_ref,26688.646,0,19,413921,105963776
simless,4,2,enron_full_219509,no_exact_ref,29046.853,0,11,413921,105963776
simless,5,2,enron_full_219509,no_exact_ref,29046.853,0,11,413921,105963776
simless,6,2,enron_full_219509,no_exact_ref,29046.853,0,11,413921,105963776
simless,5,2,enron_full_219658,no_exact_ref,29243.352,0,95,413921,105963776
simless,6,2,enron_full_219658,no_exact_ref,29243.352,0,95,413921,105963776
simless,4,2,enron_full_219658,no_exact_ref,29243.352,0,95,413921,105963776
simless,6,2,enron_full_220234,exact_ref,27886.925,1,0,413921,105963776
simless,4,2,enron_full_220234,exact_ref,27886.925,1,0,413921,105963776
simless,5,2,enron_full_220234,exact_ref,27886.925,1,0,413921,105963776
simless,4,2,enron_full_220556,exact_ref,26612.985,1,0,413921,105963776
simless,5,2,enron_full_220556,exact_ref,26612.985,1,0,413921,105963776
simless,6,2,enron_full_220556,exact_ref,26612.985,1,0,413921,105963776
simless,5,2,enron_full_221304,exact_ref,28568.494,1,0,413921,105963776
simless,6,2,enron_full_221304,exact_ref,28568.494,1,0,413921,105963776
simless,4,2,enron_full_221304,exact_ref,28568.494,1,0,413921,105963776
simless,6,2,enron_full_223253,exact_ref,28189.894,1,0,413921,105963776
simless,4,2,enron_full_223253,exact_ref,28189.894,1,0,413921,105963776
simless,5,2,enron_full_223253,exact_ref,28189.894,1,0,413921,105963776
simless,4,2,enron_full_223630,exact_ref,27987.717,1,0,413921,105963776
simless,5,2,enron_full_223630,exact_ref,27987.717,1,0,413921,105963776
simless,6,2,enron_full_223630,exact_ref,27987.717,1,0,413921,105963776
simless,5,2,enron_full_223933,exact_ref,28234.618,1,0,413921,105963776
simless,6,2,enron_full_223933,exact_ref,28234.618,1,0,413921,105963776
simless,4,2,enron_full_223933,exact_ref,28234.618,1,0,413921,105963776
simless,6,2,enron_full_224076,exact_ref,26659.168,1,0,413921,105963776
simless,4,2,enron_full_224076,exact_ref,26659.168,1,0,413921,105963776
simless,5,2,enron_full_224076,exact_ref,26659.168,1,0,413921,105963776
simless,4,2,enron_full_224176,exact_ref,26741.392,1,0,413921,105963776
simless,5,2,enron_full_224176,exact_ref,26741.392,1,0,413921,105963776
simless,6,2,enron_full_224176,exact_ref,26741.392,1,0,413921,105963776
simless,5,2,enron_full_224421,exact_ref,27252.756,1,0,413921,105963776
simless,6,2,enron_full_224421,exact_ref,27252.756,1,0,413921,105963776
simless,4,2,enron_full_224421,exact_ref,27252.756,1,0,413921,105963776
simless,6,2,enron_full_226002,no_exact_ref,26319.845,0,92,413921,105963776
simless,4,2,enron_full_226002,no_exact_ref,26319.845,0,92,413921,105963776
simless,5,2,enron_full_226002,no_exact_ref,26319.845,0,92,413921,105963776
simless,4,2,enron_full_226675,exact_ref,26621.694,1,0,413921,105963776
simless,5,2,enron_full_226675,exact_ref,26621.694,1,0,413921,105963776
simless,6,2,enron_full_226675,exact_ref,26621.694,1,0,413921,105963776
simless,5,2,enron_full_227135,exact_ref,27711.884,1,0,413921,105963776
simless,6,2,enron_full_227135,exact_ref,27711.884,1,0,413921,105963776
simless,4,2,enron_full_227135,exact_ref,27711.884,1,0,413921,105963776
simless,6,2,enron_full_227290,no_exact_ref,28283.993,0,49,413921,105963776
simless,4,2,enron_full_227290,no_exact_ref,28283.993,0,49,413921,105963776
simless,5,2,enron_full_227290,no_exact_ref,28283.993,0,49,413921,105963776
simless,4,2,enron_full_227315,exact_ref,27735.287,1,0,413921,105963776
simless,5,2,enron_full_227315,exact_ref,27735.287,1,0,413921,105963776
simless,6,2,enron_full_227315,exact_ref,27735.287,1,0,413921,105963776
simless,5,2,enron_full_227317,no_exact_ref,26123.472,1,0,413921,105963776
simless,6,2,enron_full_227317,no_exact_ref,26123.472,1,0,413921,105963776
simless,4,2,enron_full_227317,no_exact_ref,26123.472,1,0,413921,105963776
simless,6,2,enron_full_227401,exact_ref,26095.808,1,0,413921,105963776
simless,4,2,enron_full_227401,exact_ref,26095.808,1,0,413921,105963776
simless,5,2,enron_full_227401,exact_ref,26095.808,1,0,413921,105963776
simless,4,2,enron_full_227576,exact_ref,26633.470,1,0,413921,105963776
simless,5,2,enron_full_227576,exact_ref,26633.470,1,0,413921,105963776
simless,6,2,enron_full_227576,exact_ref,26633.470,1,0,413921,105963776
simless,5,2,enron_full_228518,exact_ref,26175.645,1,0,413921,105963776
simless,6,2,enron_full_228518,exact_ref,26175.645,1,0,413921,105963776
simless,4,2,enron_full_228518,exact_ref,26175.645,1,0,413921,105963776
simless,6,2,enron_full_228640,exact_ref,26580.578,1,0,413921,105963776
simless,4,2,enron_full_228640,exact_ref,26580.578,1,0,413921,105963776
simless,5,2,enron_full_228640,exact_ref,26580.578,1,0,413921,105963776
simless,4,2,enron_full_229065,exact_ref,26481.699,1,0,413921,105963776
simless,5,2,enron_full_229065,exact_ref,26481.699,1,0,413921,105963776
simless,6,2,enron_full_229065,exact_ref,26481.699,1,0,413921,105963776
simless,5,2,enron_full_229125,exact_ref,26297.484,1,0,413921,105963776
simless,6,2,enron_full_229125,exact_ref,26297.484,1,0,413921,105963776
simless,4,2,enron_full_229125,exact_ref,26297.484,1,0,413921,105963776
simless,6,2,enron_full_230449,exact_ref,26702.166,1,0,413921,105963776
simless,4,2,enron_full_230449,exact_ref,26702.166,1,0,413921,105963776
simless,5,2,enron_full_230449,exact_ref,26702.166,1,0,413921,105963776
simless,4,2,enron_full_230615,exact_ref,26962.855,1,0,413921,105963776
simless,5,2,enron_full_230615,exact_ref,26962.855,1,0,413921,105963776
simless,6,2,enron_full_230615,exact_ref,26962.855,1,0,413921,105963776
simless,5,2,enron_full_231206,exact_ref,26944.024,1,0,413921,105963776
simless,6,2,enron_full_231206,exact_ref,26944.024,1,0,413921,105963776
simless,4,2,enron_full_231206,exact_ref,26944.024,1,0,413921,105963776
simless,6,2,enron_full_232509,exact_ref,29046.301,1,0,413921,105963776
simless,4,2,enron_full_232509,exact_ref,29046.301,1,0,413921,105963776
simless,5,2,enron_full_232509,exact_ref,29046.301,1,0,413921,105963776
simless,4,2,enron_full_232529,exact_ref,28995.896,1,0,413921,105963776
simless,5,2,enron_full_232529,exact_ref,28995.896,1,0,413921,105963776
simless,6,2,enron_full_232529,exact_ref,28995.896,1,0,413921,105963776
simless,5,2,enron_full_232592,exact_ref,28810.561,1,0,413921,105963776
simless,6,2,enron_full_232592,exact_ref,28810.561,1,0,413921,105963776
simless,4,2,enron_full_232592,exact_ref,28810.561,1,0,413921,105963776
simless,6,2,enron_full_232830,exact_ref,28458.696,1,0,413921,105963776
simless,4,2,enron_full_232830,exact_ref,28458.696,1,0,413921,105963776
simless,5,2,enron_full_232830,exact_ref,28458.696,1,0,413921,105963776
simless,4,2,enron_full_232998,exact_ref,27587.802,1,0,413921,105963776
simless,5,2,enron_full_232998,exact_ref,27587.802,1,0,413921,105963776
simless,6,2,enron_full_232998,exact_ref,27587.802,1,0,413921,105963776
simless,5,2,enron_full_233012,exact_ref,27173.176,1,0,413921,105963776
simless,6,2,enron_full_233012,exact_ref,27173.176,1,0,413921,105963776
simless,4,2,enron_full_233012,exact_ref,27173.176,1,0,413921,105963776
simless,6,2,enron_full_233273,exact_ref,27704.112,1,0,413921,105963776
simless,4,2,enron_full_233273,exact_ref,27704.112,1,0,413921,105963776
simless,5,2,enron_full_233273,exact_ref,27704.112,1,0,413921,105963776
simless,4,2,enron_full_233711,exact_ref,27602.548,1,0,413921,105963776
simless,5,2,enron_full_233711,exact_ref,27602.548,1,0,413921,105963776
simless,6,2,enron_full_233711,exact_ref,27602.548,1,0,413921,105963776
simless,5,2,enron_full_233845,exact_ref,27305.620,1,0,413921,105963776
simless,6,2,enron_full_233845,exact_ref,27305.620,1,0,413921,105963776
simless,4,2,enron_full_233845,exact_ref,27305.620,1,0,413921,105963776
simless,6,2,enron_full_234397,exact_ref,27398.043,1,0,413921,105963776
simless,4,2,enron_full_234397,exact_ref,27398.043,1,0,413921,105963776
simless,5,2,enron_full_234397,exact_ref,27398.043,1,0,413921,105963776
simless,4,2,enron_full_235427,exact_ref,28430.168,1,0,413921,105963776
simless,5,2,enron_full_235427,exact_ref,28430.168,1,0,413921,105963776
simless,6,2,enron_full_235427,exact_ref,28430.168,1,0,413921,105963776
simless,5,2,enron_full_237126,exact_ref,29074.799,1,0,413921,105963776
simless,6,2,enron_full_237126,exact_ref,29074.799,1,0,413921,105963776
simless,4,2,enron_full_237126,exact_ref,29074.799,1,0,413921,105963776
simless,6,2,enron_full_238037,exact_ref,28712.294,1,0,413921,105963776
simless,4,2,enron_full_238037,exact_ref,28712.294,1,0,413921,105963776
simless,5,2,enron_full_238037,exact_ref,28712.294,1,0,413921,105963776
simless,4,2,enron_full_238970,exact_ref,28438.666,1,0,413921,105963776
simless,5,2,enron_full_238970,exact_ref,28438.666,1,0,413921,105963776
simless,6,2,enron_full_238970,exact_ref,28438.666,1,0,413921,105963776
simless,5,2,enron_full_239927,exact_ref,29098.358,1,0,413921,105963776
simless,6,2,enron_full_239927,exact_ref,29098.358,1,0,413921,105963776
simless,4,2,enron_full_239927,exact_ref,29098.358,1,0,413921,105963776
simless,6,2,enron_full_240437,exact_ref,28388.245,1,0,413921,105963776
simless,4,2,enron_full_240437,exact_ref,28388.245,1,0,413921,105963776
simless,5,2,enron_full_240437,exact_ref,28388.245,1,0,413921,105963776
simless,4,2,enron_full_240888,exact_ref,27412.984,1,0,413921,105963776
simless,5,2,enron_full_240888,exact_ref,27412.984,1,0,413921,105963776
simless,6,2,enron_full_240888,exact_ref,27412.984,1,0,413921,105963776
simless,5,2,enron_full_241204,exact_ref,27377.411,1,0,413921,105963776
simless,6,2,enron_full_241204,exact_ref,27377.411,1,0,413921,105963776
simless,4,2,enron_full_241204,exact_ref,27377.411,1,0,413921,105963776
simless,6,2,enron_full_242121,exact_ref,27368.352,1,0,413921,105963776
simless,4,2,enron_full_242121,exact_ref,27368.352,1,0,413921,105963776
simless,5,2,enron_full_242121,exact_ref,27368.352,1,0,413921,105963776
simless,4,2,enron_full_242149,exact_ref,27434.670,1,0,413921,105963776
simless,5,2,enron_full_242149,exact_ref,27434.670,1,0,413921,105963776
simless,6,2,enron_full_242149,exact_ref,27434.670,1,0,413921,105963776
simless,5,2,enron_full_242702,exact_ref,26821.654,1,0,413921,105963776
simless,6,2,enron_full_242702,exact_ref,26821.654,1,0,413921,105963776
simless,4,2,enron_full_242702,exact_ref,26821.654,1,0,413921,105963776
simless,6,2,enron_full_242763,exact_ref,28270.137,1,0,413921,105963776
simless,4,2,enron_full_242763,exact_ref,28270.137,1,0,413921,105963776
simless,5,2,enron_full_242763,exact_ref,28270.137,1,0,413921,105963776
simless,4,2,enron_full_243198,exact_ref,28745.933,1,0,413921,105963776
simless,5,2,enron_full_243198,exact_ref,28745.933,1,0,413921,105963776
simless,6,2,enron_full_243198,exact_ref,28745.933,1,0,413921,105963776
simless,5,2,enron_full_243425,exact_ref,28326.051,1,0,413921,105963776
simless,6,2,enron_full_243425,exact_ref,28326.051,1,0,413921,105963776
simless,4,2,enron_full_243425,exact_ref,28326.051,1,0,413921,105963776
simless,6,2,enron_full_244168,no_exact_ref,28050.647,1,0,413921,105963776
simless,4,2,enron_full_244168,no_exact_ref,28050.647,1,0,413921,105963776
simless,5,2,enron_full_244168,no_exact_ref,28050.647,1,0,413921,105963776
simless,4,2,enron_full_244538,exact_ref,28066.169,1,0,413921,105963776
simless,5,2,enron_full_244538,exact_ref,28066.169,1,0,413921,105963776
simless,6,2,enron_full_244538,exact_ref,28066.169,1,0,413921,105963776
simless,5,2,enron_full_244857,exact_ref,28248.027,1,0,413921,105963776
simless,6,2,enron_full_244857,exact_ref,28248.027,1,0,413921,105963776
simless,4,2,enron_full_244857,exact_ref,28248.027,1,0,413921,105963776
simless,6,2,enron_full_244901,exact_ref,28969.638,1,0,413921,105963776
simless,4,2,enron_full_244901,exact_ref,28969.638,1,0,413921,105963776
simless,5,2,enron_full_244901,exact_ref,28969.638,1,0,413921,105963776
simless,4,2,enron_full_244915,exact_ref,28772.095,1,0,413921,105963776
simless,5,2,enron_full_244915,exact_ref,28772.095,1,0,413921,105963776
simless,6,2,enron_full_244915,exact_ref,28772.095,1,0,413921,105963776
simless,5,2,enron_full_245469,exact_ref,28011.133,1,0,413921,105963776
simless,6,2,enron_full_245469,exact_ref,28011.133,1,0,413921,105963776
simless,4,2,enron_full_245469,exact_ref,28011.133,1,0,413921,105963776
simless,6,2,enron_full_246185,exact_ref,26922.581,1,0,413921,105963776
simless,4,2,enron_full_246185,exact_ref,26922.581,1,0,413921,105963776
simless,5,2,enron_full_246185,exact_ref,26922.581,1,0,413921,105963776
simless,4,2,enron_full_246287,exact_ref,27916.554,1,0,413921,105963776
simless,5,2,enron_full_246287,exact_ref,27916.554,1,0,413921,105963776
simless,6,2,enron_full_246287,exact_ref,27916.554,1,0,413921,105963776
simless,5,2,enron_full_246288,exact_ref,27657.196,1,0,413921,105963776
simless,6,2,enron_full_246288,exact_ref,27657.196,1,0,413921,105963776
simless,4,2,enron_full_246288,exact_ref,27657.196,1,0,413921,105963776
simless,6,2,enron_full_246340,exact_ref,27154.931,1,0,413921,105963776
simless,4,2,enron_full_246340,exact_ref,27154.931,1,0,413921,105963776
simless,5,2,enron_full_246340,exact_ref,27154.931,1,0,413921,105963776
simless,4,2,enron_full_246689,exact_ref,27115.587,1,0,413921,105963776
simless,5,2,enron_full_246689,exact_ref,27115.587,1,0,413921,105963776
simless,6,2,enron_full_246689,exact_ref,27115.587,1,0,413921,105963776
simless,5,2,enron_full_246896,exact_ref,26843.839,1,0,413921,105963776
simless,6,2,enron_full_246896,exact_ref,26843.839,1,0,413921,105963776
simless,4,2,enron_full_246896,exact_ref,26843.839,1,0,413921,105963776
simless,6,2,enron_full_247095,exact_ref,27225.483,1,0,413921,105963776
simless,4,2,enron_full_247095,exact_ref,27225.483,1,0,413921,105963776
simless,5,2,enron_full_247095,exact_ref,27225.483,1,0,413921,105963776
simless,4,2,enron_full_247286,exact_ref,27672.153,1,0,413921,105963776
simless,5,2,enron_full_247286,exact_ref,27672.153,1,0,413921,105963776
simless,6,2,enron_full_247286,exact_ref,27672.153,1,0,413921,105963776
simless,5,2,enron_full_247295,exact_ref,27319.293,1,0,413921,105963776
simless,6,2,enron_full_247295,exact_ref,27319.293,1,0,413921,105963776
simless,4,2,enron_full_247295,exact_ref,27319.293,1,0,413921,105963776
simless,6,2,enron_full_247605,exact_ref,28304.021,1,0,413921,105963776
simless,4,2,enron_full_247605,exact_ref,28304.021,1,0,413921,105963776
simless,5,2,enron_full_247605,exact_ref,28304.021,1,0,413921,105963776
simless,4,2,enron_full_247963,exact_ref,28968.676,1,0,413921,105963776
simless,5,2,enron_full_247963,exact_ref,28968.676,1,0,413921,105963776
simless,6,2,enron_full_247963,exact_ref,28968.676,1,0,413921,105963776
simless,5,2,enron_full_248460,exact_ref,28593.227,1,0,413921,105963776
simless,6,2,enron_full_248460,exact_ref,28593.227,1,0,413921,105963776
simless,4,2,enron_full_248460,exact_ref,28593.227,1,0,413921,105963776
simless,6,2,enron_full_248776,no_exact_ref,30526.207,1,0,413921,105963776
simless,4,2,enron_full_248776,no_exact_ref,30526.207,1,0,413921,105963776
simless,5,2,enron_full_248776,no_exact_ref,30526.207,1,0,413921,105963776
simless,4,2,enron_full_249257,no_exact_ref,30706.874,0,91,413921,105963776
simless,5,2,enron_full_249257,no_exact_ref,30706.874,0,91,413921,105963776
simless,6,2,enron_full_249257,no_exact_ref,30706.874,0,91,413921,105963776
simless,5,2,enron_full_250519,exact_ref,35306.032,1,0,413921,105963776
simless,6,2,enron_full_250519,exact_ref,35306.032,1,0,413921,105963776
simless,4,2,enron_full_250519,exact_ref,35306.032,1,0,413921,105963776
simless,6,2,enron_full_250725,exact_ref,30047.836,1,0,413921,105963776
simless,4,2,enron_full_250725,exact_ref,30047.836,1,0,413921,105963776
simless,5,2,enron_full_250725,exact_ref,30047.836,1,0,413921,105963776
simless,4,2,enron_full_252462,no_exact_ref,29540.042,0,60,413921,105963776
simless,5,2,enron_full_252462,no_exact_ref,29540.042,0,60,413921,105963776
simless,6,2,enron_full_252462,no_exact_ref,29540.042,0,60,413921,105963776
simless,5,2,enron_full_253509,no_exact_ref,28393.108,0,40,413921,105963776
simless,6,2,enron_full_253509,no_exact_ref,28393.108,0,40,413921,105963776
simless,4,2,enron_full_253509,no_exact_ref,28393.108,0,40,413921,105963776
simless,6,2,enron_full_253676,exact_ref,26727.720,1,0,413921,105963776
simless,4,2,enron_full_253676,exact_ref,26727.720,1,0,413921,105963776
simless,5,2,enron_full_253676,exact_ref,26727.720,1,0,413921,105963776
simless,4,2,enron_full_253776,exact_ref,26728.038,1,0,413921,105963776
simless,5,2,enron_full_253776,exact_ref,26728.038,1,0,413921,105963776
simless,6,2,enron_full_253776,exact_ref,26728.038,1,0,413921,105963776
simless,5,2,enron_full_253875,exact_ref,26068.139,1,0,413921,105963776
simless,6,2,enron_full_253875,exact_ref,26068.139,1,0,413921,105963776
simless,4,2,enron_full_253875,exact_ref,26068.139,1,0,413921,105963776
simless,6,2,enron_full_254022,exact_ref,27374.364,1,0,413921,105963776
simless,4,2,enron_full_254022,exact_ref,27374.364,1,0,413921,105963776
simless,5,2,enron_full_254022,exact_ref,27374.364,1,0,413921,105963776
simless,4,2,enron_full_254732,exact_ref,29067.984,1,0,413921,105963776
simless,5,2,enron_full_254732,exact_ref,29067.984,1,0,413921,105963776
simless,6,2,enron_full_254732,exact_ref,29067.984,1,0,413921,105963776
simless,5,2,enron_full_254813,exact_ref,28953.837,1,0,413921,105963776
simless,6,2,enron_full_254813,exact_ref,28953.837,1,0,413921,105963776
simless,4,2,enron_full_254813,exact_ref,28953.837,1,0,413921,105963776
simless,6,2,enron_full_254930,no_exact_ref,27300.449,0,36,413921,105963776
simless,4,2,enron_full_254930,no_exact_ref,27300.449,0,36,413921,105963776
simless,5,2,enron_full_254930,no_exact_ref,27300.449,0,36,413921,105963776
simless,4,2,enron_full_256359,no_exact_ref,26821.671,0,75,413921,105963776
simless,5,2,enron_full_256359,no_exact_ref,26821.671,0,75,413921,105963776
simless,6,2,enron_full_256359,no_exact_ref,26821.671,0,75,413921,105963776
simless,5,2,enron_full_256719,no_exact_ref,27727.313,0,65,413921,105963776
simless,6,2,enron_full_256719,no_exact_ref,27727.313,0,65,413921,105963776
simless,4,2,enron_full_256719,no_exact_ref,27727.313,0,65,413921,105963776
simless,6,2,enron_full_257223,no_exact_ref,26761.821,0,14,413921,105963776
simless,4,2,enron_full_257223,no_exact_ref,26761.821,0,14,413921,105963776
simless,5,2,enron_full_257223,no_exact_ref,26761.821,0,14,413921,105963776
simless,4,2,enron_full_257476,no_exact_ref,26289.888,0,89,413921,105963776
simless,5,2,enron_full_257476,no_exact_ref,26289.888,0,89,413921,105963776
simless,6,2,enron_full_257476,no_exact_ref,26289.888,0,89,413921,105963776
simless,5,2,enron_full_257526,no_exact_ref,26116.482,0,91,413921,105963776
simless,6,2,enron_full_257526,no_exact_ref,26116.482,0,91,413921,105963776
simless,4,2,enron_full_257526,no_exact_ref,26116.482,0,91,413921,105963776
simless,6,2,enron_full_258106,no_exact_ref,26876.726,0,92,413921,105963776
simless,4,2,enron_full_258106,no_exact_ref,26876.726,0,92,413921,105963776
simless,5,2,enron_full_258106,no_exact_ref,26876.726,0,92,413921,105963776
simless,4,2,enron_full_258436,no_exact_ref,28018.412,0,32,413921,105963776
simless,5,2,enron_full_258436,no_exact_ref,28018.412,0,32,413921,105963776
simless,6,2,enron_full_258436,no_exact_ref,28018.412,0,32,413921,105963776
simless,5,2,enron_full_259050,exact_ref,27183.685,1,0,413921,105963776
simless,6,2,enron_full_259050,exact_ref,27183.685,1,0,413921,105963776
simless,4,2,enron_full_259050,exact_ref,27183.685,1,0,413921,105963776
simless,6,2,enron_full_259076,no_exact_ref,27081.569,0,65,413921,105963776
simless,4,2,enron_full_259076,no_exact_ref,27081.569,0,65,413921,105963776
simless,5,2,enron_full_259076,no_exact_ref,27081.569,0,65,413921,105963776
simless,4,2,enron_full_259321,exact_ref,29034.122,1,0,413921,105963776
simless,5,2,enron_full_259321,exact_ref,29034.122,1,0,413921,105963776
simless,6,2,enron_full_259321,exact_ref,29034.122,1,0,413921,105963776
simless,5,2,enron_full_260192,exact_ref,29249.902,1,0,413921,105963776
simless,6,2,enron_full_260192,exact_ref,29249.902,1,0,413921,105963776
simless,4,2,enron_full_260192,exact_ref,29249.902,1,0,413921,105963776
simless,6,2,enron_full_261884,no_exact_ref,29292.367,0,77,413921,105963776
simless,4,2,enron_full_261884,no_exact_ref,29292.367,0,77,413921,105963776
simless,5,2,enron_full_261884,no_exact_ref,29292.367,0,77,413921,105963776
simless,4,2,enron_full_262514,exact_ref,28439.529,1,0,413921,105963776
simless,5,2,enron_full_262514,exact_ref,28439.529,1,0,413921,105963776
simless,6,2,enron_full_262514,exact_ref,28439.529,1,0,413921,105963776
simless,5,2,enron_full_262785,no_exact_ref,26267.579,0,90,413921,105963776
simless,6,2,enron_full_262785,no_exact_ref,26267.579,0,90,413921,105963776
simless,4,2,enron_full_262785,no_exact_ref,26267.579,0,90,413921,105963776
simless,6,2,enron_full_263240,exact_ref,26501.304,1,0,413921,105963776
simless,4,2,enron_full_263240,exact_ref,26501.304,1,0,413921,105963776
simless,5,2,enron_full_263240,exact_ref,26501.304,1,0,413921,105963776
simless,4,2,enron_full_264723,no_exact_ref,25822.224,0,65,413921,105963776
simless,5,2,enron_full_264723,no_exact_ref,25822.224,0,65,413921,105963776
simless,6,2,enron_full_264723,no_exact_ref,25822.224,0,65,413921,105963776
simless,5,2,enron_full_265023,exact_ref,26054.369,1,0,413921,105963776
simless,6,2,enron_full_265023,exact_ref,26054.369,1,0,413921,105963776
simless,4,2,enron_full_265023,exact_ref,26054.369,1,0,413921,105963776
simless,6,2,enron_full_265448,exact_ref,25740.902,1,0,413921,105963776
simless,4,2,enron_full_265448,exact_ref,25740.902,1,0,413921,105963776
simless,5,2,enron_full_265448,exact_ref,25740.902,1,0,413921,105963776
simless,4,2,enron_full_265746,exact_ref,26221.290,1,0,413921,105963776
simless,5,2,enron_full_265746,exact_ref,26221.290,1,0,413921,105963776
simless,6,2,enron_full_265746,exact_ref,26221.290,1,0,413921,105963776
simless,5,2,enron_full_265774,exact_ref,26283.168,1,0,413921,105963776
simless,6,2,enron_full_265774,exact_ref,26283.168,1,0,413921,105963776
simless,4,2,enron_full_265774,exact_ref,26283.168,1,0,413921,105963776
simless,6,2,enron_full_266026,exact_ref,25934.850,1,0,413921,105963776
simless,4,2,enron_full_266026,exact_ref,25934.850,1,0,413921,105963776
simless,5,2,enron_full_266026,exact_ref,25934.850,1,0,413921,105963776
simless,4,2,enron_full_266097,no_exact_ref,26233.470,0,77,413921,105963776
simless,5,2,enron_full_266097,no_exact_ref,26233.470,0,77,413921,105963776
simless,6,2,enron_full_266097,no_exact_ref,26233.470,0,77,413921,105963776
simless,5,2,enron_full_267067,exact_ref,25781.800,1,0,413921,105963776
simless,6,2,enron_full_267067,exact_ref,25781.800,1,0,413921,105963776
simless,4,2,enron_full_267067,exact_ref,25781.800,1,0,413921,105963776
simless,6,2,enron_full_267198,exact_ref,27788.618,1,0,413921,105963776
simless,4,2,enron_full_267198,exact_ref,27788.618,1,0,413921,105963776
simless,5,2,enron_full_267198,exact_ref,27788.618,1,0,413921,105963776
simless,4,2,enron_full_268981,exact_ref,29099.040,1,0,413921,105963776
simless,5,2,enron_full_268981,exact_ref,29099.040,1,0,413921,105963776
simless,6,2,enron_full_268981,exact_ref,29099.040,1,0,413921,105963776
simless,5,2,enron_full_269702,no_exact_ref,28121.866,0,10,413921,105963776
simless,6,2,enron_full_269702,no_exact_ref,28121.866,0,10,413921,105963776
simless,4,2,enron_full_269702,no_exact_ref,28121.866,0,10,413921,105963776
simless,6,2,enron_full_270257,no_exact_ref,26090.027,0,15,413921,105963776
simless,4,2,enron_full_270257,no_exact_ref,26090.027,0,15,413921,105963776
simless,5,2,enron_full_270257,no_exact_ref,26090.027,0,15,413921,105963776
simless,4,2,enron_full_270526,exact_ref,29107.274,1,0,413921,105963776
simless,5,2,enron_full_270526,exact_ref,29107.274,1,0,413921,105963776
simless,6,2,enron_full_270526,exact_ref,29107.274,1,0,413921,105963776
simless,5,2,enron_full_271097,exact_ref,29439.965,1,0,413921,105963776
simless,6,2,enron_full_271097,exact_ref,29439.965,1,0,413921,105963776
simless,4,2,enron_full_271097,exact_ref,29439.965,1,0,413921,105963776
simless,6,2,enron_full_271232,exact_ref,28563.952,1,0,413921,105963776
simless,4,2,enron_full_271232,exact_ref,28563.952,1,0,413921,105963776
simless,5,2,enron_full_271232,exact_ref,28563.952,1,0,413921,105963776
simless,4,2,enron_full_272570,no_exact_ref,27515.739,0,94,413921,105963776
simless,5,2,enron_full_272570,no_exact_ref,27515.739,0,94,413921,105963776
simless,6,2,enron_full_272570,no_exact_ref,27515.739,0,94,413921,105963776
simless,5,2,enron_full_273248,exact_ref,28413.982,1,0,413921,105963776
simless,6,2,enron_full_273248,exact_ref,28413.982,1,0,413921,105963776
simless,4,2,enron_full_273248,exact_ref,28413.982,1,0,413921,105963776
simless,6,2,enron_full_273363,exact_ref,28204.698,1,0,413921,105963776
simless,4,2,enron_full_273363,exact_ref,28204.698,1,0,413921,105963776
simless,5,2,enron_full_273363,exact_ref,28204.698,1,0,413921,105963776
simless,4,2,enron_full_273791,exact_ref,28177.251,1,0,413921,105963776
simless,5,2,enron_full_273791,exact_ref,28177.251,1,0,413921,105963776
simless,6,2,enron_full_273791,exact_ref,28177.251,1,0,413921,105963776
simless,5,2,enron_full_273820,exact_ref,28629.078,1,0,413921,105963776
simless,6,2,enron_full_273820,exact_ref,28629.078,1,0,413921,105963776
simless,4,2,enron_full_273820,exact_ref,28629.078,1,0,413921,105963776
simless,6,2,enron_full_273961,exact_ref,28337.242,1,0,413921,105963776
simless,4,2,enron_full_273961,exact_ref,28337.242,1,0,413921,105963776
simless,5,2,enron_full_273961,exact_ref,28337.242,1,0,413921,105963776
simless,4,2,enron_full_274206,exact_ref,29570.081,1,0,413921,105963776
simless,5,2,enron_full_274206,exact_ref,29570.081,1,0,413921,105963776
simless,6,2,enron_full_274206,exact_ref,29570.081,1,0,413921,105963776
simless,5,2,enron_full_274561,exact_ref,29924.061,1,0,413921,105963776
simless,6,2,enron_full_274561,exact_ref,29924.061,1,0,413921,105963776
simless,4,2,enron_full_274561,exact_ref,29924.061,1,0,413921,105963776
simless,6,2,enron_full_274757,exact_ref,28598.006,1,0,413921,105963776
simless,4,2,enron_full_274757,exact_ref,28598.006,1,0,413921,105963776
simless,5,2,enron_full_274757,exact_ref,28598.006,1,0,413921,105963776
simless,4,2,enron_full_274786,no_exact_ref,27157.401,0,89,413921,105963776
simless,5,2,enron_full_274786,no_exact_ref,27157.401,0,89,413921,105963776
simless,6,2,enron_full_274786,no_exact_ref,27157.401,0,89,413921,105963776
simless,5,2,enron_full_275183,no_exact_ref,27726.819,0,91,413921,105963776
simless,6,2,enron_full_275183,no_exact_ref,27726.819,0,91,413921,105963776
simless,4,2,enron_full_275183,no_exact_ref,27726.819,0,91,413921,105963776
simless,6,2,enron_full_275570,exact_ref,27753.485,1,0,413921,105963776
simless,4,2,enron_full_275570,exact_ref,27753.485,1,0,413921,105963776
simless,5,2,enron_full_275570,exact_ref,27753.485,1,0,413921,105963776
simless,4,2,enron_full_276028,no_exact_ref,27146.333,0,41,413921,105963776
simless,5,2,enron_full_276028,no_exact_ref,27146.333,0,41,413921,105963776
simless,6,2,enron_full_276028,no_exact_ref,27146.333,0,41,413921,105963776
simless,5,2,enron_full_276324,exact_ref,28433.768,1,0,413921,105963776
simless,6,2,enron_full_276324,exact_ref,28433.768,1,0,413921,105963776
simless,4,2,enron_full_276324,exact_ref,28433.768,1,0,413921,105963776
simless,6,2,enron_full_276342,exact_ref,27989.689,1,0,413921,105963776
simless,4,2,enron_full_276342,exact_ref,27989.689,1,0,413921,105963776
simless,5,2,enron_full_276342,exact_ref,27989.689,1,0,413921,105963776
simless,4,2,enron_full_277439,no_exact_ref,28181.783,0,87,413921,105963776
simless,5,2,enron_full_277439,no_exact_ref,28181.783,0,87,413921,105963776
simless,6,2,enron_full_277439,no_exact_ref,28181.783,0,87,413921,105963776
simless,5,2,enron_full_277990,exact_ref,27902.828,1,0,413921,105963776
simless,6,2,enron_full_277990,exact_ref,27902.828,1,0,413921,105963776
simless,4,2,enron_full_277990,exact_ref,27902.828,1,0,413921,105963776
simless,6,2,enron_full_278811,exact_ref,28528.284,1,0,413921,105963776
simless,4,2,enron_full_278811,exact_ref,28528.284,1,0,413921,105963776
simless,5,2,enron_full_278811,exact_ref,28528.284,1,0,413921,105963776
simless,4,2,enron_full_279563,no_exact_ref,28127.456,1,0,413921,105963776
simless,5,2,enron_full_279563,no_exact_ref,28127.456,1,0,413921,105963776
simless,6,2,enron_full_279563,no_exact_ref,28127.456,1,0,413921,105963776
simless,5,2,enron_full_279751,exact_ref,29660.837,1,0,413921,105963776
simless,6,2,enron_full_279751,exact_ref,29660.837,1,0,413921,105963776
simless,4,2,enron_full_279751,exact_ref,29660.837,1,0,413921,105963776
simless,6,2,enron_full_280423,no_exact_ref,29060.210,0,67,413921,105963776
simless,4,2,enron_full_280423,no_exact_ref,29060.210,0,67,413921,105963776
simless,5,2,enron_full_280423,no_exact_ref,29060.210,0,67,413921,105963776
simless,4,2,enron_full_280603,no_exact_ref,27702.257,0,92,413921,105963776
simless,5,2,enron_full_280603,no_exact_ref,27702.257,0,92,413921,105963776
simless,6,2,enron_full_280603,no_exact_ref,27702.257,0,92,413921,105963776
simless,5,2,enron_full_281547,no_exact_ref,28930.294,0,84,413921,105963776
simless,6,2,enron_full_281547,no_exact_ref,28930.294,0,84,413921,105963776
simless,4,2,enron_full_281547,no_exact_ref,28930.294,0,84,413921,105963776
simless,6,2,enron_full_282395,exact_ref,28725.820,1,0,413921,105963776
simless,4,2,enron_full_282395,exact_ref,28725.820,1,0,413921,105963776
simless,5,2,enron_full_282395,exact_ref,28725.820,1,0,413921,105963776
simless,4,2,enron_full_283356,exact_ref,29167.647,1,0,413921,105963776
simless,5,2,enron_full_283356,exact_ref,29167.647,1,0,413921,105963776
simless,6,2,enron_full_283356,exact_ref,29167.647,1,0,413921,105963776
simless,5,2,enron_full_283839,exact_ref,28906.614,1,0,413921,105963776
simless,6,2,enron_full_283839,exact_ref,28906.614,1,0,413921,105963776
simless,4,2,enron_full_283839,exact_ref,28906.614,1,0,413921,105963776
simless,6,2,enron_full_283868,exact_ref,28037.808,1,0,413921,105963776
simless,4,2,enron_full_283868,exact_ref,28037.808,1,0,413921,105963776
simless,5,2,enron_full_283868,exact_ref,28037.808,1,0,413921,105963776
simless,4,2,enron_full_284197,exact_ref,28409.578,1,0,413921,105963776
simless,5,2,enron_full_284197,exact_ref,28409.578,1,0,413921,105963776
simless,6,2,enron_full_284197,exact_ref,28409.578,1,0,413921,105963776
simless,5,2,enron_full_284956,exact_ref,28445.575,1,0,413921,105963776
simless,6,2,enron_full_284956,exact_ref,28445.575,1,0,413921,105963776
simless,4,2,enron_full_284956,exact_ref,28445.575,1,0,413921,105963776
simless,6,2,enron_full_285559,exact_ref,28140.421,1,0,413921,105963776
simless,4,2,enron_full_285559,exact_ref,28140.421,1,0,413921,105963776
simless,5,2,enron_full_285559,exact_ref,28140.421,1,0,413921,105963776
simless,4,2,enron_full_286024,exact_ref,28212.910,1,0,413921,105963776
simless,5,2,enron_full_286024,exact_ref,28212.910,1,0,413921,105963776
simless,6,2,enron_full_286024,exact_ref,28212.910,1,0,413921,105963776
simless,5,2,enron_full_286036,exact_ref,29047.860,1,0,413921,105963776
simless,6,2,enron_full_286036,exact_ref,29047.860,1,0,413921,105963776
simless,4,2,enron_full_286036,exact_ref,29047.860,1,0,413921,105963776
simless,6,2,enron_full_286164,exact_ref,29926.167,1,0,413921,105963776
simless,4,2,enron_full_286164,exact_ref,29926.167,1,0,413921,105963776
simless,5,2,enron_full_286164,exact_ref,29926.167,1,0,413921,105963776
simless,4,2,enron_full_286899,exact_ref,31523.951,1,0,413921,105963776
simless,5,2,enron_full_286899,exact_ref,31523.951,1,0,413921,105963776
simless,6,2,enron_full_286899,exact_ref,31523.951,1,0,413921,105963776
simless,5,2,enron_full_287012,no_exact_ref,28945.193,0,64,413921,105963776
simless,6,2,enron_full_287012,no_exact_ref,28945.193,0,64,413921,105963776
simless,4,2,enron_full_287012,no_exact_ref,28945.193,0,64,413921,105963776
simless,6,2,enron_full_287512,exact_ref,28185.244,1,0,413921,105963776
simless,4,2,enron_full_287512,exact_ref,28185.244,1,0,413921,105963776
simless,5,2,enron_full_287512,exact_ref,28185.244,1,0,413921,105963776
simless,4,2,enron_full_287655,exact_ref,28569.651,1,0,413921,105963776
simless,5,2,enron_full_287655,exact_ref,28569.651,1,0,413921,105963776
simless,6,2,enron_full_287655,exact_ref,28569.651,1,0,413921,105963776
simless,5,2,enron_full_287736,exact_ref,27945.251,1,0,413921,105963776
simless,6,2,enron_full_287736,exact_ref,27945.251,1,0,413921,105963776
simless,4,2,enron_full_287736,exact_ref,27945.251,1,0,413921,105963776
simless,6,2,enron_full_287760,exact_ref,28192.978,1,0,413921,105963776
simless,4,2,enron_full_287760,exact_ref,28192.978,1,0,413921,105963776
simless,5,2,enron_full_287760,exact_ref,28192.978,1,0,413921,105963776
simless,4,2,enron_full_287778,exact_ref,29483.731,1,0,413921,105963776
simless,5,2,enron_full_287778,exact_ref,29483.731,1,0,413921,105963776
simless,6,2,enron_full_287778,exact_ref,29483.731,1,0,413921,105963776
simless,5,2,enron_full_288938,exact_ref,28406.574,1,0,413921,105963776
simless,6,2,enron_full_288938,exact_ref,28406.574,1,0,413921,105963776
simless,4,2,enron_full_288938,exact_ref,28406.574,1,0,413921,105963776
simless,6,2,enron_full_289243,no_exact_ref,27218.655,0,48,413921,105963776
simless,4,2,enron_full_289243,no_exact_ref,27218.655,0,48,413921,105963776
simless,5,2,enron_full_289243,no_exact_ref,27218.655,0,48,413921,105963776
simless,4,2,enron_full_291054,no_exact_ref,28780.657,0,48,413921,105963776
simless,5,2,enron_full_291054,no_exact_ref,28780.657,0,48,413921,105963776
simless,6,2,enron_full_291054,no_exact_ref,28780.657,0,48,413921,105963776
simless,5,2,enron_full_291275,no_exact_ref,30329.843,0,37,413921,105963776
simless,6,2,enron_full_291275,no_exact_ref,30329.843,0,37,413921,105963776
simless,4,2,enron_full_291275,no_exact_ref,30329.843,0,37,413921,105963776
simless,6,2,enron_full_291375,no_exact_ref,29181.587,0,46,413921,105963776
simless,4,2,enron_full_291375,no_exact_ref,29181.587,0,46,413921,105963776
simless,5,2,enron_full_291375,no_exact_ref,29181.587,0,46,413921,105963776
simless,4,2,enron_full_291790,exact_ref,28815.586,1,0,413921,105963776
simless,5,2,enron_full_291790,exact_ref,28815.586,1,0,413921,105963776
simless,6,2,enron_full_291790,exact_ref,28815.586,1,0,413921,105963776
simless,5,2,enron_full_292561,exact_ref,27076.367,1,0,413921,105963776
simless,6,2,enron_full_292561,exact_ref,27076.367,1,0,413921,105963776
simless,4,2,enron_full_292561,exact_ref,27076.367,1,0,413921,105963776
simless,6,2,enron_full_292656,exact_ref,26862.203,1,0,413921,105963776
simless,4,2,enron_full_292656,exact_ref,26862.203,1,0,413921,105963776
simless,5,2,enron_full_292656,exact_ref,26862.203,1,0,413921,105963776
simless,4,2,enron_full_293066,exact_ref,26288.261,1,0,413921,105963776
simless,5,2,enron_full_293066,exact_ref,26288.261,1,0,413921,105963776
simless,6,2,enron_full_293066,exact_ref,26288.261,1,0,413921,105963776
simless,5,2,enron_full_293083,exact_ref,26040.608,1,0,413921,105963776
simless,6,2,enron_full_293083,exact_ref,26040.608,1,0,413921,105963776
simless,4,2,enron_full_293083,exact_ref,26040.608,1,0,413921,105963776
simless,6,2,enron_full_293619,exact_ref,26391.339,1,0,413921,105963776
simless,4,2,enron_full_293619,exact_ref,26391.339,1,0,413921,105963776
simless,5,2,enron_full_293619,exact_ref,26391.339,1,0,413921,105963776
simless,4,2,enron_full_293948,no_exact_ref,26515.854,0,19,413921,105963776
simless,5,2,enron_full_293948,no_exact_ref,26515.854,0,19,413921,105963776
simless,6,2,enron_full_293948,no_exact_ref,26515.854,0,19,413921,105963776
simless,5,2,enron_full_293985,exact_ref,26170.893,1,0,413921,105963776
simless,6,2,enron_full_293985,exact_ref,26170.893,1,0,413921,105963776
simless,4,2,enron_full_293985,exact_ref,26170.893,1,0,413921,105963776
simless,6,2,enron_full_295023,exact_ref,27263.126,1,0,413921,105963776
simless,4,2,enron_full_295023,exact_ref,27263.126,1,0,413921,105963776
simless,5,2,enron_full_295023,exact_ref,27263.126,1,0,413921,105963776
simless,4,2,enron_full_295246,no_exact_ref,26685.756,0,19,413921,105963776
simless,5,2,enron_full_295246,no_exact_ref,26685.756,0,19,413921,105963776
simless,6,2,enron_full_295246,no_exact_ref,26685.756,0,19,413921,105963776
simless,5,2,enron_full_296957,no_exact_ref,27792.065,0,14,413921,105963776
simless,6,2,enron_full_296957,no_exact_ref,27792.065,0,14,413921,105963776
simless,4,2,enron_full_296957,no_exact_ref,27792.065,0,14,413921,105963776
simless,6,2,enron_full_298392,no_exact_ref,28376.049,0,60,413921,105963776
simless,4,2,enron_full_298392,no_exact_ref,28376.049,0,60,413921,105963776
simless,5,2,enron_full_298392,no_exact_ref,28376.049,0,60,413921,105963776
simless,4,2,enron_full_298764,no_exact_ref,29193.570,0,40,413921,105963776
simless,5,2,enron_full_298764,no_exact_ref,29193.570,0,40,413921,105963776
simless,6,2,enron_full_298764,no_exact_ref,29193.570,0,40,413921,105963776
simless,5,2,enron_full_299033,no_exact_ref,29148.301,0,64,413921,105963776
simless,6,2,enron_full_299033,no_exact_ref,29148.301,0,64,413921,105963776
simless,4,2,enron_full_299033,no_exact_ref,29148.301,0,64,413921,105963776
simless,6,2,enron_full_299289,exact_ref,27721.077,1,0,413921,105963776
simless,4,2,enron_full_299289,exact_ref,27721.077,1,0,413921,105963776
simless,5,2,enron_full_299289,exact_ref,27721.077,1,0,413921,105963776
simless,4,2,enron_full_299345,exact_ref,27241.947,1,0,413921,105963776
simless,5,2,enron_full_299345,exact_ref,27241.947,1,0,413921,105963776
simless,6,2,enron_full_299345,exact_ref,27241.947,1,0,413921,105963776
simless,5,2,enron_full_299690,exact_ref,27057.548,1,0,413921,105963776
simless,6,2,enron_full_299690,exact_ref,27057.548,1,0,413921,105963776
simless,4,2,enron_full_299690,exact_ref,27057.548,1,0,413921,105963776
simless,6,2,enron_full_300310,exact_ref,27757.425,1,0,413921,105963776
simless,4,2,enron_full_300310,exact_ref,27757.425,1,0,413921,105963776
simless,5,2,enron_full_300310,exact_ref,27757.425,1,0,413921,105963776
simless,4,2,enron_full_300702,exact_ref,26432.774,1,0,413921,105963776
simless,5,2,enron_full_300702,exact_ref,26432.774,1,0,413921,105963776
simless,6,2,enron_full_300702,exact_ref,26432.774,1,0,413921,105963776
simless,5,2,enron_full_301521,exact_ref,28604.822,1,0,413921,105963776
simless,6,2,enron_full_301521,exact_ref,28604.822,1,0,413921,105963776
simless,4,2,enron_full_301521,exact_ref,28604.822,1,0,413921,105963776
simless,6,2,enron_full_301926,exact_ref,28844.599,1,0,413921,105963776
simless,4,2,enron_full_301926,exact_ref,28844.599,1,0,413921,105963776
simless,5,2,enron_full_301926,exact_ref,28844.599,1,0,413921,105963776
simless,4,2,enron_full_302529,exact_ref,28590.925,1,0,413921,105963776
simless,5,2,enron_full_302529,exact_ref,28590.925,1,0,413921,105963776
simless,6,2,enron_full_302529,exact_ref,28590.925,1,0,413921,105963776
simless,5,2,enron_full_303527,exact_ref,28358.486,1,0,413921,105963776
simless,6,2,enron_full_303527,exact_ref,28358.486,1,0,413921,105963776
simless,4,2,enron_full_303527,exact_ref,28358.486,1,0,413921,105963776
simless,6,2,enron_full_304134,exact_ref,31029.978,1,0,413921,105963776
simless,4,2,enron_full_304134,exact_ref,31029.978,1,0,413921,105963776
simless,5,2,enron_full_304134,exact_ref,31029.978,1,0,413921,105963776
simless,4,2,enron_full_304324,exact_ref,31047.258,1,0,413921,105963776
simless,5,2,enron_full_304324,exact_ref,31047.258,1,0,413921,105963776
simless,6,2,enron_full_304324,exact_ref,31047.258,1,0,413921,105963776
simless,5,2,enron_full_305112,exact_ref,30192.412,1,0,413921,105963776
simless,6,2,enron_full_305112,exact_ref,30192.412,1,0,413921,105963776
simless,4,2,enron_full_305112,exact_ref,30192.412,1,0,413921,105963776
simless,6,2,enron_full_305491,exact_ref,29072.147,1,0,413921,105963776
simless,4,2,enron_full_305491,exact_ref,29072.147,1,0,413921,105963776
simless,5,2,enron_full_305491,exact_ref,29072.147,1,0,413921,105963776
simless,4,2,enron_full_305595,exact_ref,26753.012,1,0,413921,105963776
simless,5,2,enron_full_305595,exact_ref,26753.012,1,0,413921,105963776
simless,6,2,enron_full_305595,exact_ref,26753.012,1,0,413921,105963776
simless,5,2,enron_full_306022,exact_ref,26910.954,1,0,413921,105963776
simless,6,2,enron_full_306022,exact_ref,26910.954,1,0,413921,105963776
simless,4,2,enron_full_306022,exact_ref,26910.954,1,0,413921,105963776
simless,6,2,enron_full_306282,exact_ref,26990.522,1,0,413921,105963776
simless,4,2,enron_full_306282,exact_ref,26990.522,1,0,413921,105963776
simless,5,2,enron_full_306282,exact_ref,26990.522,1,0,413921,105963776
simless,4,2,enron_full_306838,exact_ref,27279.892,1,0,413921,105963776
simless,5,2,enron_full_306838,exact_ref,27279.892,1,0,413921,105963776
simless,6,2,enron_full_306838,exact_ref,27279.892,1,0,413921,105963776
simless,5,2,enron_full_306879,exact_ref,27422.619,1,0,413921,105963776
simless,6,2,enron_full_306879,exact_ref,27422.619,1,0,413921,105963776
simless,4,2,enron_full_306879,exact_ref,27422.619,1,0,413921,105963776
simless,6,2,enron_full_307066,exact_ref,27212.964,1,0,413921,105963776
simless,4,2,enron_full_307066,exact_ref,27212.964,1,0,413921,105963776
simless,5,2,enron_full_307066,exact_ref,27212.964,1,0,413921,105963776
simless,4,2,enron_full_307536,exact_ref,27408.936,1,0,413921,105963776
simless,5,2,enron_full_307536,exact_ref,27408.936,1,0,413921,105963776
simless,6,2,enron_full_307536,exact_ref,27408.936,1,0,413921,105963776
simless,5,2,enron_full_307959,exact_ref,27610.112,1,0,413921,105963776
simless,6,2,enron_full_307959,exact_ref,27610.112,1,0,413921,105963776
simless,4,2,enron_full_307959,exact_ref,27610.112,1,0,413921,105963776
simless,6,2,enron_full_308283,exact_ref,26432.704,1,0,413921,105963776
simless,4,2,enron_full_308283,exact_ref,26432.704,1,0,413921,105963776
simless,5,2,enron_full_308283,exact_ref,26432.704,1,0,413921,105963776
simless,4,2,enron_full_308504,exact_ref,26544.717,1,0,413921,105963776
simless,5,2,enron_full_308504,exact_ref,26544.717,1,0,413921,105963776
simless,6,2,enron_full_308504,exact_ref,26544.717,1,0,413921,105963776
simless,5,2,enron_full_308666,exact_ref,28515.442,1,0,413921,105963776
simless,6,2,enron_full_308666,exact_ref,28515.442,1,0,413921,105963776
simless,4,2,enron_full_308666,exact_ref,28515.442,1,0,413921,105963776
simless,6,2,enron_full_310049,exact_ref,29853.801,1,0,413921,105963776
simless,4,2,enron_full_310049,exact_ref,29853.801,1,0,413921,105963776
simless,5,2,enron_full_310049,exact_ref,29853.801,1,0,413921,105963776
simless,4,2,enron_full_310050,exact_ref,28391.564,1,0,413921,105963776
simless,5,2,enron_full_310050,exact_ref,28391.564,1,0,413921,105963776
simless,6,2,enron_full_310050,exact_ref,28391.564,1,0,413921,105963776
simless,5,2,enron_full_310056,exact_ref,27514.472,1,0,413921,105963776
simless,6,2,enron_full_310056,exact_ref,27514.472,1,0,413921,105963776
simless,4,2,enron_full_310056,exact_ref,27514.472,1,0,413921,105963776
simless,6,2,enron_full_310895,exact_ref,29122.959,1,0,413921,105963776
simless,4,2,enron_full_310895,exact_ref,29122.959,1,0,413921,105963776
simless,5,2,enron_full_310895,exact_ref,29122.959,1,0,413921,105963776
simless,4,2,enron_full_310913,exact_ref,27932.735,1,0,413921,105963776
simless,5,2,enron_full_310913,exact_ref,27932.735,1,0,413921,105963776
simless,6,2,enron_full_310913,exact_ref,27932.735,1,0,413921,105963776
simless,5,2,enron_full_311017,exact_ref,28660.710,1,0,413921,105963776
simless,6,2,enron_full_311017,exact_ref,28660.710,1,0,413921,105963776
simless,4,2,enron_full_311017,exact_ref,28660.710,1,0,413921,105963776
simless,6,2,enron_full_313090,exact_ref,27455.869,1,0,413921,105963776
simless,4,2,enron_full_313090,exact_ref,27455.869,1,0,413921,105963776
simless,5,2,enron_full_313090,exact_ref,27455.869,1,0,413921,105963776
simless,4,2,enron_full_314206,exact_ref,26787.942,1,0,413921,105963776
simless,5,2,enron_full_314206,exact_ref,26787.942,1,0,413921,105963776
simless,6,2,enron_full_314206,exact_ref,26787.942,1,0,413921,105963776
simless,5,2,enron_full_314362,exact_ref,26299.625,1,0,413921,105963776
simless,6,2,enron_full_314362,exact_ref,26299.625,1,0,413921,105963776
simless,4,2,enron_full_314362,exact_ref,26299.625,1,0,413921,105963776
simless,6,2,enron_full_315231,exact_ref,26214.192,1,0,413921,105963776
simless,4,2,enron_full_315231,exact_ref,26214.192,1,0,413921,105963776
simless,5,2,enron_full_315231,exact_ref,26214.192,1,0,413921,105963776
simless,4,2,enron_full_315279,exact_ref,26248.197,1,0,413921,105963776
simless,5,2,enron_full_315279,exact_ref,26248.197,1,0,413921,105963776
simless,6,2,enron_full_315279,exact_ref,26248.197,1,0,413921,105963776
simless,5,2,enron_full_315623,exact_ref,26599.521,1,0,413921,105963776
simless,6,2,enron_full_315623,exact_ref,26599.521,1,0,413921,105963776
simless,4,2,enron_full_315623,exact_ref,26599.521,1,0,413921,105963776
simless,6,2,enron_full_316006,exact_ref,28199.321,1,0,413921,105963776
simless,4,2,enron_full_316006,exact_ref,28199.321,1,0,413921,105963776
simless,5,2,enron_full_316006,exact_ref,28199.321,1,0,413921,105963776
simless,4,2,enron_full_317192,exact_ref,29316.373,1,0,413921,105963776
simless,5,2,enron_full_317192,exact_ref,29316.373,1,0,413921,105963776
simless,6,2,enron_full_317192,exact_ref,29316.373,1,0,413921,105963776
simless,5,2,enron_full_317451,exact_ref,28937.730,1,0,413921,105963776
simless,6,2,enron_full_317451,exact_ref,28937.730,1,0,413921,105963776
simless,4,2,enron_full_317451,exact_ref,28937.730,1,0,413921,105963776
simless,6,2,enron_full_318133,exact_ref,27369.576,1,0,413921,105963776
simless,4,2,enron_full_318133,exact_ref,27369.576,1,0,413921,105963776
simless,5,2,enron_full_318133,exact_ref,27369.576,1,0,413921,105963776
simless,4,2,enron_full_318207,exact_ref,26462.518,1,0,413921,105963776
simless,5,2,enron_full_318207,exact_ref,26462.518,1,0,413921,105963776
simless,6,2,enron_full_318207,exact_ref,26462.518,1,0,413921,105963776
simless,5,2,enron_full_318845,exact_ref,26800.429,1,0,413921,105963776
simless,6,2,enron_full_318845,exact_ref,26800.429,1,0,413921,105963776
simless,4,2,enron_full_318845,exact_ref,26800.429,1,0,413921,105963776
simless,6,2,enron_full_318909,exact_ref,26726.224,1,0,413921,105963776
simless,4,2,enron_full_318909,exact_ref,26726.224,1,0,413921,105963776
simless,5,2,enron_full_318909,exact_ref,26726.224,1,0,413921,105963776
simless,4,2,enron_full_319080,exact_ref,27176.371,1,0,413921,105963776
simless,5,2,enron_full_319080,exact_ref,27176.371,1,0,413921,105963776
simless,6,2,enron_full_319080,exact_ref,27176.371,1,0,413921,105963776
simless,5,2,enron_full_319320,exact_ref,27072.519,1,0,413921,105963776
simless,6,2,enron_full_319320,exact_ref,27072.519,1,0,413921,105963776
simless,4,2,enron_full_319320,exact_ref,27072.519,1,0,413921,105963776
simless,6,2,enron_full_319952,exact_ref,29702.257,1,0,413921,105963776
simless,4,2,enron_full_319952,exact_ref,29702.257,1,0,413921,105963776
simless,5,2,enron_full_319952,exact_ref,29702.257,1,0,413921,105963776
simless,4,2,enron_full_320564,exact_ref,29430.022,1,0,413921,105963776
simless,5,2,enron_full_320564,exact_ref,29430.022,1,0,413921,105963776
simless,6,2,enron_full_320564,exact_ref,29430.022,1,0,413921,105963776
simless,5,2,enron_full_320626,exact_ref,28243.068,1,0,413921,105963776
simless,6,2,enron_full_320626,exact_ref,28243.068,1,0,413921,105963776
simless,4,2,enron_full_320626,exact_ref,28243.068,1,0,413921,105963776
simless,6,2,enron_full_321445,exact_ref,28582.849,1,0,413921,105963776
simless,4,2,enron_full_321445,exact_ref,28582.849,1,0,413921,105963776
simless,5,2,enron_full_321445,exact_ref,28582.849,1,0,413921,105963776
simless,4,2,enron_full_321807,exact_ref,29063.335,1,0,413921,105963776
simless,5,2,enron_full_321807,exact_ref,29063.335,1,0,413921,105963776
simless,6,2,enron_full_321807,exact_ref,29063.335,1,0,413921,105963776
simless,5,2,enron_full_321918,exact_ref,29412.375,1,0,413921,105963776
simless,6,2,enron_full_321918,exact_ref,29412.375,1,0,413921,105963776
simless,4,2,enron_full_321918,exact_ref,29412.375,1,0,413921,105963776
simless,6,2,enron_full_322149,exact_ref,29769.978,1,0,413921,105963776
simless,4,2,enron_full_322149,exact_ref,29769.978,1,0,413921,105963776
simless,5,2,enron_full_322149,exact_ref,29769.978,1,0,413921,105963776
simless,4,2,enron_full_322706,exact_ref,27663.482,1,0,413921,105963776
simless,5,2,enron_full_322706,exact_ref,27663.482,1,0,413921,105963776
simless,6,2,enron_full_322706,exact_ref,27663.482,1,0,413921,105963776
simless,5,2,enron_full_322737,exact_ref,27803.024,1,0,413921,105963776
simless,6,2,enron_full_322737,exact_ref,27803.024,1,0,413921,105963776
simless,4,2,enron_full_322737,exact_ref,27803.024,1,0,413921,105963776
simless,6,2,enron_full_322757,exact_ref,27151.592,1,0,413921,105963776
simless,4,2,enron_full_322757,exact_ref,27151.592,1,0,413921,105963776
simless,5,2,enron_full_322757,exact_ref,27151.592,1,0,413921,105963776
simless,4,2,enron_full_324000,exact_ref,27153.952,1,0,413921,105963776
simless,5,2,enron_full_324000,exact_ref,27153.952,1,0,413921,105963776
simless,6,2,enron_full_324000,exact_ref,27153.952,1,0,413921,105963776
simless,5,2,enron_full_324353,no_exact_ref,27748.053,0,34,413921,105963776
simless,6,2,enron_full_324353,no_exact_ref,27748.053,0,34,413921,105963776
simless,4,2,enron_full_324353,no_exact_ref,27748.053,0,34,413921,105963776
simless,6,2,enron_full_325002,exact_ref,27118.767,1,0,413921,105963776
simless,4,2,enron_full_325002,exact_ref,27118.767,1,0,413921,105963776
simless,5,2,enron_full_325002,exact_ref,27118.767,1,0,413921,105963776
simless,4,2,enron_full_325131,exact_ref,27700.242,1,0,413921,105963776
simless,5,2,enron_full_325131,exact_ref,27700.242,1,0,413921,105963776
simless,6,2,enron_full_325131,exact_ref,27700.242,1,0,413921,105963776
simless,5,2,enron_full_325547,exact_ref,27221.863,1,0,413921,105963776
simless,6,2,enron_full_325547,exact_ref,27221.863,1,0,413921,105963776
simless,4,2,enron_full_325547,exact_ref,27221.863,1,0,413921,105963776
simless,6,2,enron_full_326276,exact_ref,27875.868,1,0,413921,105963776
simless,4,2,enron_full_326276,exact_ref,27875.868,1,0,413921,105963776
simless,5,2,enron_full_326276,exact_ref,27875.868,1,0,413921,105963776
simless,4,2,enron_full_326406,exact_ref,26558.273,1,0,413921,105963776
simless,5,2,enron_full_326406,exact_ref,26558.273,1,0,413921,105963776
simless,6,2,enron_full_326406,exact_ref,26558.273,1,0,413921,105963776
simless,5,2,enron_full_326699,exact_ref,29240.507,1,0,413921,105963776
simless,6,2,enron_full_326699,exact_ref,29240.507,1,0,413921,105963776
simless,4,2,enron_full_326699,exact_ref,29240.507,1,0,413921,105963776
simless,6,2,enron_full_326891,exact_ref,30022.395,1,0,413921,105963776
simless,4,2,enron_full_326891,exact_ref,30022.395,1,0,413921,105963776
simless,5,2,enron_full_326891,exact_ref,30022.395,1,0,413921,105963776
simless,4,2,enron_full_327398,exact_ref,27916.046,1,0,413921,105963776
simless,5,2,enron_full_327398,exact_ref,27916.046,1,0,413921,105963776
simless,6,2,enron_full_327398,exact_ref,27916.046,1,0,413921,105963776
simless,5,2,enron_full_327734,exact_ref,27126.387,1,0,413921,105963776
simless,6,2,enron_full_327734,exact_ref,27126.387,1,0,413921,105963776
simless,4,2,enron_full_327734,exact_ref,27126.387,1,0,413921,105963776
simless,6,2,enron_full_330743,exact_ref,27055.129,1,0,413921,105963776
simless,4,2,enron_full_330743,exact_ref,27055.129,1,0,413921,105963776
simless,5,2,enron_full_330743,exact_ref,27055.129,1,0,413921,105963776
simless,4,2,enron_full_330847,exact_ref,27076.343,1,0,413921,105963776
simless,5,2,enron_full_330847,exact_ref,27076.343,1,0,413921,105963776
simless,6,2,enron_full_330847,exact_ref,27076.343,1,0,413921,105963776
simless,5,2,enron_full_331065,no_exact_ref,25912.328,0,87,413921,105963776
simless,6,2,enron_full_331065,no_exact_ref,25912.328,0,87,413921,105963776
simless,4,2,enron_full_331065,no_exact_ref,25912.328,0,87,413921,105963776
simless,6,2,enron_full_331235,exact_ref,26540.745,1,0,413921,105963776
simless,4,2,enron_full_331235,exact_ref,26540.745,1,0,413921,105963776
simless,5,2,enron_full_331235,exact_ref,26540.745,1,0,413921,105963776
simless,4,2,enron_full_331309,no_exact_ref,27864.957,0,68,413921,105963776
simless,5,2,enron_full_331309,no_exact_ref,27864.957,0,68,413921,105963776
simless,6,2,enron_full_331309,no_exact_ref,27864.957,0,68,413921,105963776
simless,5,2,enron_full_332147,no_exact_ref,27998.128,0,71,413921,105963776
simless,6,2,enron_full_332147,no_exact_ref,27998.128,0,71,413921,105963776
simless,4,2,enron_full_332147,no_exact_ref,27998.128,0,71,413921,105963776
simless,6,2,enron_full_332523,exact_ref,27750.324,1,0,413921,105963776
simless,4,2,enron_full_332523,exact_ref,27750.324,1,0,413921,105963776
simless,5,2,enron_full_332523,exact_ref,27750.324,1,0,413921,105963776
simless,4,2,enron_full_333276,exact_ref,27485.978,1,0,413921,105963776
simless,5,2,enron_full_333276,exact_ref,27485.978,1,0,413921,105963776
simless,6,2,enron_full_333276,exact_ref,27485.978,1,0,413921,105963776
simless,5,2,enron_full_333308,exact_ref,26494.854,1,0,413921,105963776
simless,6,2,enron_full_333308,exact_ref,26494.854,1,0,413921,105963776
simless,4,2,enron_full_333308,exact_ref,26494.854,1,0,413921,105963776
simless,6,2,enron_full_333309,exact_ref,29225.169,1,0,413921,105963776
simless,4,2,enron_full_333309,exact_ref,29225.169,1,0,413921,105963776
simless,5,2,enron_full_333309,exact_ref,29225.169,1,0,413921,105963776
simless,4,2,enron_full_334798,no_exact_ref,29456.091,0,93,413921,105963776
simless,5,2,enron_full_334798,no_exact_ref,29456.091,0,93,413921,105963776
simless,6,2,enron_full_334798,no_exact_ref,29456.091,0,93,413921,105963776
simless,5,2,enron_full_335428,exact_ref,26976.728,1,0,413921,105963776
simless,6,2,enron_full_335428,exact_ref,26976.728,1,0,413921,105963776
simless,4,2,enron_full_335428,exact_ref,26976.728,1,0,413921,105963776
simless,6,2,enron_full_335498,exact_ref,26132.822,1,0,413921,105963776
simless,4,2,enron_full_335498,exact_ref,26132.822,1,0,413921,105963776
simless,5,2,enron_full_335498,exact_ref,26132.822,1,0,413921,105963776
simless,4,2,enron_full_335546,exact_ref,25738.680,1,0,413921,105963776
simless,5,2,enron_full_335546,exact_ref,25738.680,1,0,413921,105963776
simless,6,2,enron_full_335546,exact_ref,25738.680,1,0,413921,105963776
simless,5,2,enron_full_335575,exact_ref,26303.406,1,0,413921,105963776
simless,6,2,enron_full_335575,exact_ref,26303.406,1,0,413921,105963776
simless,4,2,enron_full_335575,exact_ref,26303.406,1,0,413921,105963776
simless,6,2,enron_full_335623,exact_ref,28830.253,1,0,413921,105963776
simless,4,2,enron_full_335623,exact_ref,28830.253,1,0,413921,105963776
simless,5,2,enron_full_335623,exact_ref,28830.253,1,0,413921,105963776
simless,4,2,enron_full_335857,exact_ref,28851.208,1,0,413921,105963776
simless,5,2,enron_full_335857,exact_ref,28851.208,1,0,413921,105963776
simless,6,2,enron_full_335857,exact_ref,28851.208,1,0,413921,105963776
simless,5,2,enron_full_335946,exact_ref,27392.739,1,0,413921,105963776
simless,6,2,enron_full_335946,exact_ref,27392.739,1,0,413921,105963776
simless,4,2,enron_full_335946,exact_ref,27392.739,1,0,413921,105963776
simless,6,2,enron_full_336542,exact_ref,26016.269,1,0,413921,105963776
simless,4,2,enron_full_336542,exact_ref,26016.269,1,0,413921,105963776
simless,5,2,enron_full_336542,exact_ref,26016.269,1,0,413921,105963776
simless,4,2,enron_full_337267,exact_ref,25993.926,1,0,413921,105963776
simless,5,2,enron_full_337267,exact_ref,25993.926,1,0,413921,105963776
simless,6,2,enron_full_337267,exact_ref,25993.926,1,0,413921,105963776
simless,5,2,enron_full_337292,exact_ref,25800.969,1,0,413921,105963776
simless,6,2,enron_full_337292,exact_ref,25800.969,1,0,413921,105963776
simless,4,2,enron_full_337292,exact_ref,25800.969,1,0,413921,105963776
simless,6,2,enron_full_337470,exact_ref,25945.556,1,0,413921,105963776
simless,4,2,enron_full_337470,exact_ref,25945.556,1,0,413921,105963776
simless,5,2,enron_full_337470,exact_ref,25945.556,1,0,413921,105963776
simless,4,2,enron_full_339638,no_exact_ref,28385.293,0,28,413921,105963776
simless,5,2,enron_full_339638,no_exact_ref,28385.293,0,28,413921,105963776
simless,6,2,enron_full_339638,no_exact_ref,28385.293,0,28,413921,105963776
simless,5,2,enron_full_340418,exact_ref,29288.213,1,0,413921,105963776
simless,6,2,enron_full_340418,exact_ref,29288.213,1,0,413921,105963776
simless,4,2,enron_full_340418,exact_ref,29288.213,1,0,413921,105963776
simless,6,2,enron_full_340472,exact_ref,28588.322,1,0,413921,105963776
simless,4,2,enron_full_340472,exact_ref,28588.322,1,0,413921,105963776
simless,5,2,enron_full_340472,exact_ref,28588.322,1,0,413921,105963776
simless,4,2,enron_full_340761,exact_ref,27574.669,1,0,413921,105963776
simless,5,2,enron_full_340761,exact_ref,27574.669,1,0,413921,105963776
simless,6,2,enron_full_340761,exact_ref,27574.669,1,0,413921,105963776
simless,5,2,enron_full_341249,exact_ref,28381.874,1,0,413921,105963776
simless,6,2,enron_full_341249,exact_ref,28381.874,1,0,413921,105963776
simless,4,2,enron_full_341249,exact_ref,28381.874,1,0,413921,105963776
simless,6,2,enron_full_341362,exact_ref,27319.271,1,0,413921,105963776
simless,4,2,enron_full_341362,exact_ref,27319.271,1,0,413921,105963776
simless,5,2,enron_full_341362,exact_ref,27319.271,1,0,413921,105963776
simless,4,2,enron_full_342301,exact_ref,28298.336,1,0,413921,105963776
simless,5,2,enron_full_342301,exact_ref,28298.336,1,0,413921,105963776
simless,6,2,enron_full_342301,exact_ref,28298.336,1,0,413921,105963776
simless,5,2,enron_full_342735,exact_ref,26278.139,1,0,413921,105963776
simless,6,2,enron_full_342735,exact_ref,26278.139,1,0,413921,105963776
simless,4,2,enron_full_342735,exact_ref,26278.139,1,0,413921,105963776
simless,6,2,enron_full_344191,exact_ref,26692.901,1,0,413921,105963776
simless,4,2,enron_full_344191,exact_ref,26692.901,1,0,413921,105963776
simless,5,2,enron_full_344191,exact_ref,26692.901,1,0,413921,105963776
simless,4,2,enron_full_344335,exact_ref,26283.816,1,0,413921,105963776
simless,5,2,enron_full_344335,exact_ref,26283.816,1,0,413921,105963776
simless,6,2,enron_full_344335,exact_ref,26283.816,1,0,413921,105963776
simless,5,2,enron_full_344645,no_exact_ref,25795.868,0,92,413921,105963776
simless,6,2,enron_full_344645,no_exact_ref,25795.868,0,92,413921,105963776
simless,4,2,enron_full_344645,no_exact_ref,25795.868,0,92,413921,105963776
simless,6,2,enron_full_345595,exact_ref,26308.147,1,0,413921,105963776
simless,4,2,enron_full_345595,exact_ref,26308.147,1,0,413921,105963776
simless,5,2,enron_full_345595,exact_ref,26308.147,1,0,413921,105963776
simless,4,2,enron_full_345814,exact_ref,25688.334,1,0,413921,105963776
simless,5,2,enron_full_345814,exact_ref,25688.334,1,0,413921,105963776
simless,6,2,enron_full_345814,exact_ref,25688.334,1,0,413921,105963776
simless,5,2,enron_full_348142,exact_ref,27542.783,1,0,413921,105963776
simless,6,2,enron_full_348142,exact_ref,27542.783,1,0,413921,105963776
simless,4,2,enron_full_348142,exact_ref,27542.783,1,0,413921,105963776
simless,6,2,enron_full_348438,no_exact_ref,29121.719,0,28,413921,105963776
simless,4,2,enron_full_348438,no_exact_ref,29121.719,0,28,413921,105963776
simless,5,2,enron_full_348438,no_exact_ref,29121.719,0,28,413921,105963776
simless,4,2,enron_full_349353,no_exact_ref,27953.437,0,42,413921,105963776
simless,5,2,enron_full_349353,no_exact_ref,27953.437,0,42,413921,105963776
simless,6,2,enron_full_349353,no_exact_ref,27953.437,0,42,413921,105963776
simless,5,2,enron_full_349483,no_exact_ref,27041.095,0,57,413921,105963776
simless,6,2,enron_full_349483,no_exact_ref,27041.095,0,57,413921,105963776
simless,4,2,enron_full_349483,no_exact_ref,27041.095,0,57,413921,105963776
simless,6,2,enron_full_352068,no_exact_ref,26472.773,0,93,413921,105963776
simless,4,2,enron_full_352068,no_exact_ref,26472.773,0,93,413921,105963776
simless,5,2,enron_full_352068,no_exact_ref,26472.773,0,93,413921,105963776
simless,4,2,enron_full_352183,exact_ref,25828.229,1,0,413921,105963776
simless,5,2,enron_full_352183,exact_ref,25828.229,1,0,413921,105963776
simless,6,2,enron_full_352183,exact_ref,25828.229,1,0,413921,105963776
simless,5,2,enron_full_352410,exact_ref,26009.328,1,0,413921,105963776
simless,6,2,enron_full_352410,exact_ref,26009.328,1,0,413921,105963776
simless,4,2,enron_full_352410,exact_ref,26009.328,1,0,413921,105963776
simless,6,2,enron_full_352552,no_exact_ref,25452.292,0,59,413921,105963776
simless,4,2,enron_full_352552,no_exact_ref,25452.292,0,59,413921,105963776
simless,5,2,enron_full_352552,no_exact_ref,25452.292,0,59,413921,105963776
simless,4,2,enron_full_353158,exact_ref,26345.905,1,0,413921,105963776
simless,5,2,enron_full_353158,exact_ref,26345.905,1,0,413921,105963776
simless,6,2,enron_full_353158,exact_ref,26345.905,1,0,413921,105963776
simless,5,2,enron_full_353883,no_exact_ref,25988.879,0,91,413921,105963776
simless,6,2,enron_full_353883,no_exact_ref,25988.879,0,91,413921,105963776
simless,4,2,enron_full_353883,no_exact_ref,25988.879,0,91,413921,105963776
simless,6,2,enron_full_354290,no_exact_ref,26804.829,0,7,413921,105963776
simless,4,2,enron_full_354290,no_exact_ref,26804.829,0,7,413921,105963776
simless,5,2,enron_full_354290,no_exact_ref,26804.829,0,7,413921,105963776
simless,4,2,enron_full_355229,no_exact_ref,26350.961,0,87,413921,105963776
simless,5,2,enron_full_355229,no_exact_ref,26350.961,0,87,413921,105963776
simless,6,2,enron_full_355229,no_exact_ref,26350.961,0,87,413921,105963776
simless,5,2,enron_full_355694,exact_ref,26245.325,1,0,413921,105963776
simless,6,2,enron_full_355694,exact_ref,26245.325,1,0,413921,105963776
simless,4,2,enron_full_355694,exact_ref,26245.325,1,0,413921,105963776
simless,6,2,enron_full_355895,no_exact_ref,28290.550,0,32,413921,105963776
simless,4,2,enron_full_355895,no_exact_ref,28290.550,0,32,413921,105963776
simless,5,2,enron_full_355895,no_exact_ref,28290.550,0,32,413921,105963776
simless,4,2,enron_full_356569,no_exact_ref,29361.250,0,90,413921,105963776
simless,5,2,enron_full_356569,no_exact_ref,29361.250,0,90,413921,105963776
simless,6,2,enron_full_356569,no_exact_ref,29361.250,0,90,413921,105963776
simless,5,2,enron_full_356908,exact_ref,29236.011,1,0,413921,105963776
simless,6,2,enron_full_356908,exact_ref,29236.011,1,0,413921,105963776
simless,4,2,enron_full_356908,exact_ref,29236.011,1,0,413921,105963776
simless,6,2,enron_full_356976,no_exact_ref,29320.037,0,8,413921,105963776
simless,4,2,enron_full_356976,no_exact_ref,29320.037,0,8,413921,105963776
simless,5,2,enron_full_356976,no_exact_ref,29320.037,0,8,413921,105963776
simless,4,2,enron_full_358597,no_exact_ref,29699.868,0,53,413921,105963776
simless,5,2,enron_full_358597,no_exact_ref,29699.868,0,53,413921,105963776
simless,6,2,enron_full_358597,no_exact_ref,29699.868,0,53,413921,105963776
simless,5,2,enron_full_358915,no_exact_ref,28806.062,0,27,413921,105963776
simless,6,2,enron_full_358915,no_exact_ref,28806.062,0,27,413921,105963776
simless,4,2,enron_full_358915,no_exact_ref,28806.062,0,27,413921,105963776
simless,6,2,enron_full_360085,exact_ref,26344.743,1,0,413921,105963776
simless,4,2,enron_full_360085,exact_ref,26344.743,1,0,413921,105963776
simless,5,2,enron_full_360085,exact_ref,26344.743,1,0,413921,105963776
simless,4,2,enron_full_360983,exact_ref,26600.547,1,0,413921,105963776
simless,5,2,enron_full_360983,exact_ref,26600.547,1,0,413921,105963776
simless,6,2,enron_full_360983,exact_ref,26600.547,1,0,413921,105963776
simless,5,2,enron_full_362389,exact_ref,25902.357,1,0,413921,105963776
simless,6,2,enron_full_362389,exact_ref,25902.357,1,0,413921,105963776
simless,4,2,enron_full_362389,exact_ref,25902.357,1,0,413921,105963776
simless,6,2,enron_full_363120,exact_ref,26564.276,1,0,413921,105963776
simless,4,2,enron_full_363120,exact_ref,26564.276,1,0,413921,105963776
simless,5,2,enron_full_363120,exact_ref,26564.276,1,0,413921,105963776
simless,4,2,enron_full_363607,no_exact_ref,26105.434,0,96,413921,105963776
simless,5,2,enron_full_363607,no_exact_ref,26105.434,0,96,413921,105963776
simless,6,2,enron_full_363607,no_exact_ref,26105.434,0,96,413921,105963776
simless,5,2,enron_full_363846,no_exact_ref,26148.779,0,93,413921,105963776
simless,6,2,enron_full_363846,no_exact_ref,26148.779,0,93,413921,105963776
simless,4,2,enron_full_363846,no_exact_ref,26148.779,0,93,413921,105963776
simless,6,2,enron_full_363876,exact_ref,26930.194,1,0,413921,105963776
simless,4,2,enron_full_363876,exact_ref,26930.194,1,0,413921,105963776
simless,5,2,enron_full_363876,exact_ref,26930.194,1,0,413921,105963776
simless,4,2,enron_full_364025,no_exact_ref,27164.534,0,77,413921,105963776
simless,5,2,enron_full_364025,no_exact_ref,27164.534,0,77,413921,105963776
simless,6,2,enron_full_364025,no_exact_ref,27164.534,0,77,413921,105963776
simless,5,2,enron_full_364586,exact_ref,29384.100,1,0,413921,105963776
simless,6,2,enron_full_364586,exact_ref,29384.100,1,0,413921,105963776
simless,4,2,enron_full_364586,exact_ref,29384.100,1,0,413921,105963776
simless,6,2,enron_full_365105,no_exact_ref,29653.788,0,47,413921,105963776
simless,4,2,enron_full_365105,no_exact_ref,29653.788,0,47,413921,105963776
simless,5,2,enron_full_365105,no_exact_ref,29653.788,0,47,413921,105963776
simless,4,2,enron_full_365478,no_exact_ref,27398.166,0,75,413921,105963776
simless,5,2,enron_full_365478,no_exact_ref,27398.166,0,75,413921,105963776
simless,6,2,enron_full_365478,no_exact_ref,27398.166,0,75,413921,105963776
simless,5,2,enron_full_365497,exact_ref,25657.806,1,0,413921,105963776
simless,6,2,enron_full_365497,exact_ref,25657.806,1,0,413921,105963776
simless,4,2,enron_full_365497,exact_ref,25657.806,1,0,413921,105963776
simless,6,2,enron_full_365509,no_exact_ref,25810.490,1,0,413921,105963776
simless,4,2,enron_full_365509,no_exact_ref,25810.490,1,0,413921,105963776
simless,5,2,enron_full_365509,no_exact_ref,25810.490,1,0,413921,105963776
simless,4,2,enron_full_365947,no_exact_ref,26618.402,0,90,413921,105963776
simless,5,2,enron_full_365947,no_exact_ref,26618.402,0,90,413921,105963776
simless,6,2,enron_full_365947,no_exact_ref,26618.402,0,90,413921,105963776
simless,5,2,enron_full_366510,exact_ref,26620.815,1,0,413921,105963776
simless,6,2,enron_full_366510,exact_ref,26620.815,1,0,413921,105963776
simless,4,2,enron_full_366510,exact_ref,26620.815,1,0,413921,105963776
simless,6,2,enron_full_366895,exact_ref,26465.301,1,0,413921,105963776
simless,4,2,enron_full_366895,exact_ref,26465.301,1,0,413921,105963776
simless,5,2,enron_full_366895,exact_ref,26465.301,1,0,413921,105963776
simless,4,2,enron_full_367052,no_exact_ref,29066.406,0,78,413921,105963776
simless,5,2,enron_full_367052,no_exact_ref,29066.406,0,78,413921,105963776
simless,6,2,enron_full_367052,no_exact_ref,29066.406,0,78,413921,105963776
simless,5,2,enron_full_367129,no_exact_ref,28029.442,0,93,413921,105963776
simless,6,2,enron_full_367129,no_exact_ref,28029.442,0,93,413921,105963776
simless,4,2,enron_full_367129,no_exact_ref,28029.442,0,93,413921,105963776
simless,6,2,enron_full_367319,no_exact_ref,27904.491,0,48,413921,105963776
simless,4,2,enron_full_367319,no_exact_ref,27904.491,0,48,413921,105963776
simless,5,2,enron_full_367319,no_exact_ref,27904.491,0,48,413921,105963776
simless,4,2,enron_full_367765,exact_ref,28191.724,1,0,413921,105963776
simless,5,2,enron_full_367765,exact_ref,28191.724,1,0,413921,105963776
simless,6,2,enron_full_367765,exact_ref,28191.724,1,0,413921,105963776
simless,5,2,enron_full_367912,no_exact_ref,27638.346,0,84,413921,105963776
simless,6,2,enron_full_367912,no_exact_ref,27638.346,0,84,413921,105963776
simless,4,2,enron_full_367912,no_exact_ref,27638.346,0,84,413921,105963776
simless,6,2,enron_full_368156,no_exact_ref,29285.832,0,64,413921,105963776
simless,4,2,enron_full_368156,no_exact_ref,29285.832,0,64,413921,105963776
simless,5,2,enron_full_368156,no_exact_ref,29285.832,0,64,413921,105963776
simless,4,2,enron_full_368318,no_exact_ref,29329.654,0,60,413921,105963776
simless,5,2,enron_full_368318,no_exact_ref,29329.654,0,60,413921,105963776
simless,6,2,enron_full_368318,no_exact_ref,29329.654,0,60,413921,105963776
simless,5,2,enron_full_369168,exact_ref,27560.912,1,0,413921,105963776
simless,6,2,enron_full_369168,exact_ref,27560.912,1,0,413921,105963776
simless,4,2,enron_full_369168,exact_ref,27560.912,1,0,413921,105963776
simless,6,2,enron_full_369419,exact_ref,26482.869,1,0,413921,105963776
simless,4,2,enron_full_369419,exact_ref,26482.869,1,0,413921,105963776
simless,5,2,enron_full_369419,exact_ref,26482.869,1,0,413921,105963776
simless,4,2,enron_full_370439,exact_ref,27203.471,1,0,413921,105963776
simless,5,2,enron_full_370439,exact_ref,27203.471,1,0,413921,105963776
simless,6,2,enron_full_370439,exact_ref,27203.471,1,0,413921,105963776
simless,5,2,enron_full_371121,no_exact_ref,26498.887,0,88,413921,105963776
simless,6,2,enron_full_371121,no_exact_ref,26498.887,0,88,413921,105963776
simless,4,2,enron_full_371121,no_exact_ref,26498.887,0,88,413921,105963776
simless,6,2,enron_full_373728,exact_ref,26546.759,1,0,413921,105963776
simless,4,2,enron_full_373728,exact_ref,26546.759,1,0,413921,105963776
simless,5,2,enron_full_373728,exact_ref,26546.759,1,0,413921,105963776
simless,4,2,enron_full_373978,exact_ref,26839.715,1,0,413921,105963776
simless,5,2,enron_full_373978,exact_ref,26839.715,1,0,413921,105963776
simless,6,2,enron_full_373978,exact_ref,26839.715,1,0,413921,105963776
simless,5,2,enron_full_374719,exact_ref,27174.894,1,0,413921,105963776
simless,6,2,enron_full_374719,exact_ref,27174.894,1,0,413921,105963776
simless,4,2,enron_full_374719,exact_ref,27174.894,1,0,413921,105963776
simless,6,2,enron_full_374736,exact_ref,26957.287,1,0,413921,105963776
simless,4,2,enron_full_374736,exact_ref,26957.287,1,0,413921,105963776
simless,5,2,enron_full_374736,exact_ref,26957.287,1,0,413921,105963776
simless,4,2,enron_full_375606,exact_ref,27316.760,1,0,413921,105963776
simless,5,2,enron_full_375606,exact_ref,27316.760,1,0,413921,105963776
simless,6,2,enron_full_375606,exact_ref,27316.760,1,0,413921,105963776
simless,5,2,enron_full_376013,exact_ref,26989.543,1,0,413921,105963776
simless,6,2,enron_full_376013,exact_ref,26989.543,1,0,413921,105963776
simless,4,2,enron_full_376013,exact_ref,26989.543,1,0,413921,105963776
simless,6,2,enron_full_376710,exact_ref,27192.205,1,0,413921,105963776
simless,4,2,enron_full_376710,exact_ref,27192.205,1,0,413921,105963776
simless,5,2,enron_full_376710,exact_ref,27192.205,1,0,413921,105963776
simless,4,2,enron_full_377221,exact_ref,29743.119,1,0,413921,105963776
simless,5,2,enron_full_377221,exact_ref,29743.119,1,0,413921,105963776
simless,6,2,enron_full_377221,exact_ref,29743.119,1,0,413921,105963776
simless,5,2,enron_full_377377,exact_ref,29698.128,1,0,413921,105963776
simless,6,2,enron_full_377377,exact_ref,29698.128,1,0,413921,105963776
simless,4,2,enron_full_377377,exact_ref,29698.128,1,0,413921,105963776
simless,6,2,enron_full_378712,exact_ref,28914.019,1,0,413921,105963776
simless,4,2,enron_full_378712,exact_ref,28914.019,1,0,413921,105963776
simless,5,2,enron_full_378712,exact_ref,28914.019,1,0,413921,105963776
simless,4,2,enron_full_378826,exact_ref,28601.005,1,0,413921,105963776
simless,5,2,enron_full_378826,exact_ref,28601.005,1,0,413921,105963776
simless,6,2,enron_full_378826,exact_ref,28601.005,1,0,413921,105963776
simless,5,2,enron_full_379382,exact_ref,28987.496,1,0,413921,105963776
simless,6,2,enron_full_379382,exact_ref,28987.496,1,0,413921,105963776
simless,4,2,enron_full_379382,exact_ref,28987.496,1,0,413921,105963776
simless,6,2,enron_full_379515,exact_ref,28920.137,1,0,413921,105963776
simless,4,2,enron_full_379515,exact_ref,28920.137,1,0,413921,105963776
simless,5,2,enron_full_379515,exact_ref,28920.137,1,0,413921,105963776
simless,4,2,enron_full_380183,exact_ref,28128.047,1,0,413921,105963776
simless,5,2,enron_full_380183,exact_ref,28128.047,1,0,413921,105963776
simless,6,2,enron_full_380183,exact_ref,28128.047,1,0,413921,105963776
simless,5,2,enron_full_380419,exact_ref,27237.732,1,0,413921,105963776
simless,6,2,enron_full_380419,exact_ref,27237.732,1,0,413921,105963776
simless,4,2,enron_full_380419,exact_ref,27237.732,1,0,413921,105963776
simless,6,2,enron_full_380667,exact_ref,27028.893,1,0,413921,105963776
simless,4,2,enron_full_380667,exact_ref,27028.893,1,0,413921,105963776
simless,5,2,enron_full_380667,exact_ref,27028.893,1,0,413921,105963776
simless,4,2,enron_full_381275,exact_ref,27012.996,1,0,413921,105963776
simless,5,2,enron_full_381275,exact_ref,27012.996,1,0,413921,105963776
simless,6,2,enron_full_381275,exact_ref,27012.996,1,0,413921,105963776
simless,5,2,enron_full_381430,exact_ref,29991.218,1,0,413921,105963776
simless,6,2,enron_full_381430,exact_ref,29991.218,1,0,413921,105963776
simless,4,2,enron_full_381430,exact_ref,29991.218,1,0,413921,105963776
simless,6,2,enron_full_381540,exact_ref,33245.029,1,0,413921,105963776
simless,4,2,enron_full_381540,exact_ref,33245.029,1,0,413921,105963776
simless,5,2,enron_full_381540,exact_ref,33245.029,1,0,413921,105963776
simless,4,2,enron_full_381912,exact_ref,30007.470,1,0,413921,105963776
simless,5,2,enron_full_381912,exact_ref,30007.470,1,0,413921,105963776
simless,6,2,enron_full_381912,exact_ref,30007.470,1,0,413921,105963776
simless,5,2,enron_full_382401,no_exact_ref,29817.668,0,94,413921,105963776
simless,6,2,enron_full_382401,no_exact_ref,29817.668,0,94,413921,105963776
simless,4,2,enron_full_382401,no_exact_ref,29817.668,0,94,413921,105963776
simless,6,2,enron_full_382476,exact_ref,27683.482,1,0,413921,105963776
simless,4,2,enron_full_382476,exact_ref,27683.482,1,0,413921,105963776
simless,5,2,enron_full_382476,exact_ref,27683.482,1,0,413921,105963776
simless,4,2,enron_full_382877,exact_ref,27048.848,1,0,413921,105963776
simless,5,2,enron_full_382877,exact_ref,27048.848,1,0,413921,105963776
simless,6,2,enron_full_382877,exact_ref,27048.848,1,0,413921,105963776
simless,5,2,enron_full_384162,no_exact_ref,27392.767,0,76,413921,105963776
simless,6,2,enron_full_384162,no_exact_ref,27392.767,0,76,413921,105963776
simless,4,2,enron_full_384162,no_exact_ref,27392.767,0,76,413921,105963776
simless,6,2,enron_full_384461,exact_ref,26805.952,1,0,413921,105963776
simless,4,2,enron_full_384461,exact_ref,26805.952,1,0,413921,105963776
simless,5,2,enron_full_384461,exact_ref,26805.952,1,0,413921,105963776
simless,4,2,enron_full_384653,exact_ref,26909.522,1,0,413921,105963776
simless,5,2,enron_full_384653,exact_ref,26909.522,1,0,413921,105963776
simless,6,2,enron_full_384653,exact_ref,26909.522,1,0,413921,105963776
simless,5,2,enron_full_384988,exact_ref,26764.591,1,0,413921,105963776
simless,6,2,enron_full_384988,exact_ref,26764.591,1,0,413921,105963776
simless,4,2,enron_full_384988,exact_ref,26764.591,1,0,413921,105963776
simless,6,2,enron_full_385098,exact_ref,27367.391,1,0,413921,105963776
simless,4,2,enron_full_385098,exact_ref,27367.391,1,0,413921,105963776
simless,5,2,enron_full_385098,exact_ref,27367.391,1,0,413921,105963776
simless,4,2,enron_full_385839,exact_ref,27468.596,1,0,413921,105963776
simless,5,2,enron_full_385839,exact_ref,27468.596,1,0,413921,105963776
simless,6,2,enron_full_385839,exact_ref,27468.596,1,0,413921,105963776
simless,5,2,enron_full_386188,no_exact_ref,26783.585,0,50,413921,105963776
simless,6,2,enron_full_386188,no_exact_ref,26783.585,0,50,413921,105963776
simless,4,2,enron_full_386188,no_exact_ref,26783.585,0,50,413921,105963776
simless,6,2,enron_full_386616,no_exact_ref,27157.853,0,17,413921,105963776
simless,4,2,enron_full_386616,no_exact_ref,27157.853,0,17,413921,105963776
simless,5,2,enron_full_386616,no_exact_ref,27157.853,0,17,413921,105963776
simless,4,2,enron_full_386731,no_exact_ref,28243.106,0,89,413921,105963776
simless,5,2,enron_full_386731,no_exact_ref,28243.106,0,89,413921,105963776
simless,6,2,enron_full_386731,no_exact_ref,28243.106,0,89,413921,105963776
simless,5,2,enron_full_387578,exact_ref,30916.441,1,0,413921,105963776
simless,6,2,enron_full_387578,exact_ref,30916.441,1,0,413921,105963776
simless,4,2,enron_full_387578,exact_ref,30916.441,1,0,413921,105963776
simless,6,2,enron_full_387701,no_exact_ref,29517.536,0,59,413921,105963776
simless,4,2,enron_full_387701,no_exact_ref,29517.536,0,59,413921,105963776
simless,5,2,enron_full_387701,no_exact_ref,29517.536,0,59,413921,105963776
simless,4,2,enron_full_387952,no_exact_ref,28556.774,0,93,413921,105963776
simless,5,2,enron_full_387952,no_exact_ref,28556.774,0,93,413921,105963776
simless,6,2,enron_full_387952,no_exact_ref,28556.774,0,93,413921,105963776
simless,5,2,enron_full_388565,exact_ref,28154.480,1,0,413921,105963776
simless,6,2,enron_full_388565,exact_ref,28154.480,1,0,413921,105963776
simless,4,2,enron_full_388565,exact_ref,28154.480,1,0,413921,105963776
simless,6,2,enron_full_388921,exact_ref,26852.113,1,0,413921,105963776
simless,4,2,enron_full_388921,exact_ref,26852.113,1,0,413921,105963776
simless,5,2,enron_full_388921,exact_ref,26852.113,1,0,413921,105963776
simless,4,2,enron_full_390158,exact_ref,27507.846,1,0,413921,105963776
simless,5,2,enron_full_390158,exact_ref,27507.846,1,0,413921,105963776
simless,6,2,enron_full_390158,exact_ref,27507.846,1,0,413921,105963776
simless,5,2,enron_full_391047,exact_ref,26804.081,1,0,413921,105963776
simless,6,2,enron_full_391047,exact_ref,26804.081,1,0,413921,105963776
simless,4,2,enron_full_391047,exact_ref,26804.081,1,0,413921,105963776
simless,6,2,enron_full_391217,no_exact_ref,27459.172,0,50,413921,105963776
simless,4,2,enron_full_391217,no_exact_ref,27459.172,0,50,413921,105963776
simless,5,2,enron_full_391217,no_exact_ref,27459.172,0,50,413921,105963776
simless,4,2,enron_full_391486,no_exact_ref,28096.488,0,38,413921,105963776
simless,5,2,enron_full_391486,no_exact_ref,28096.488,0,38,413921,105963776
simless,6,2,enron_full_391486,no_exact_ref,28096.488,0,38,413921,105963776
simless,5,2,enron_full_391746,no_exact_ref,26946.386,0,95,413921,105963776
simless,6,2,enron_full_391746,no_exact_ref,26946.386,0,95,413921,105963776
simless,4,2,enron_full_391746,no_exact_ref,26946.386,0,95,413921,105963776
simless,6,2,enron_full_392955,exact_ref,29182.567,1,0,413921,105963776
simless,4,2,enron_full_392955,exact_ref,29182.567,1,0,413921,105963776
simless,5,2,enron_full_392955,exact_ref,29182.567,1,0,413921,105963776
simless,4,2,enron_full_393136,no_exact_ref,30521.329,0,52,413921,105963776
simless,5,2,enron_full_393136,no_exact_ref,30521.329,0,52,413921,105963776
simless,6,2,enron_full_393136,no_exact_ref,30521.329,0,52,413921,105963776
simless,5,2,enron_full_393487,exact_ref,29388.741,1,0,413921,105963776
simless,6,2,enron_full_393487,exact_ref,29388.741,1,0,413921,105963776
simless,4,2,enron_full_393487,exact_ref,29388.741,1,0,413921,105963776
simless,6,2,enron_full_394271,exact_ref,30209.758,1,0,413921,105963776
simless,4,2,enron_full_394271,exact_ref,30209.758,1,0,413921,105963776
simless,5,2,enron_full_394271,exact_ref,30209.758,1,0,413921,105963776
simless,4,2,enron_full_394331,exact_ref,29366.976,1,0,413921,105963776
simless,5,2,enron_full_394331,exact_ref,29366.976,1,0,413921,105963776
simless,6,2,enron_full_394331,exact_ref,29366.976,1,0,413921,105963776
simless,5,2,enron_full_394348,exact_ref,27478.793,1,0,413921,105963776
simless,6,2,enron_full_394348,exact_ref,27478.793,1,0,413921,105963776
simless,4,2,enron_full_394348,exact_ref,27478.793,1,0,413921,105963776
simless,6,2,enron_full_394407,no_exact_ref,27601.448,0,94,413921,105963776
simless,4,2,enron_full_394407,no_exact_ref,27601.448,0,94,413921,105963776
simless,5,2,enron_full_394407,no_exact_ref,27601.448,0,94,413921,105963776
simless,4,2,enron_full_395301,exact_ref,27619.848,1,0,413921,105963776
simless,5,2,enron_full_395301,exact_ref,27619.848,1,0,413921,105963776
simless,6,2,enron_full_395301,exact_ref,27619.848,1,0,413921,105963776
simless,5,2,enron_full_395725,no_exact_ref,26924.214,0,90,413921,105963776
simless,6,2,enron_full_395725,no_exact_ref,26924.214,0,90,413921,105963776
simless,4,2,enron_full_395725,no_exact_ref,26924.214,0,90,413921,105963776
simless,6,2,enron_full_396292,exact_ref,27553.036,1,0,413921,105963776
simless,4,2,enron_full_396292,exact_ref,27553.036,1,0,413921,105963776
simless,5,2,enron_full_396292,exact_ref,27553.036,1,0,413921,105963776
simless,4,2,enron_full_396812,exact_ref,27214.214,1,0,413921,105963776
simless,5,2,enron_full_396812,exact_ref,27214.214,1,0,413921,105963776
simless,6,2,enron_full_396812,exact_ref,27214.214,1,0,413921,105963776
simless,5,2,enron_full_397391,exact_ref,28609.179,1,0,413921,105963776
simless,6,2,enron_full_397391,exact_ref,28609.179,1,0,413921,105963776
simless,4,2,enron_full_397391,exact_ref,28609.179,1,0,413921,105963776
simless,6,2,enron_full_397879,exact_ref,28157.562,1,0,413921,105963776
simless,4,2,enron_full_397879,exact_ref,28157.562,1,0,413921,105963776
simless,5,2,enron_full_397879,exact_ref,28157.562,1,0,413921,105963776
simless,4,2,enron_full_398718,exact_ref,27699.503,1,0,413921,105963776
simless,5,2,enron_full_398718,exact_ref,27699.503,1,0,413921,105963776
simless,6,2,enron_full_398718,exact_ref,27699.503,1,0,413921,105963776
simless,5,2,enron_full_399591,no_exact_ref,27547.955,0,15,413921,105963776
simless,6,2,enron_full_399591,no_exact_ref,27547.955,0,15,413921,105963776
simless,4,2,enron_full_399591,no_exact_ref,27547.955,0,15,413921,105963776
simless,6,2,enron_full_399779,no_exact_ref,27641.379,0,69,413921,105963776
simless,4,2,enron_full_399779,no_exact_ref,27641.379,0,69,413921,105963776
simless,5,2,enron_full_399779,no_exact_ref,27641.379,0,69,413921,105963776
simless,4,2,enron_full_399917,no_exact_ref,28615.846,0,93,413921,105963776
simless,5,2,enron_full_399917,no_exact_ref,28615.846,0,93,413921,105963776
simless,6,2,enron_full_399917,no_exact_ref,28615.846,0,93,413921,105963776
simless,5,2,enron_full_400523,exact_ref,28702.138,1,0,413921,105963776
simless,6,2,enron_full_400523,exact_ref,28702.138,1,0,413921,105963776
simless,4,2,enron_full_400523,exact_ref,28702.138,1,0,413921,105963776
simless,6,2,enron_full_401763,no_exact_ref,27884.456,0,58,413921,105963776
simless,4,2,enron_full_401763,no_exact_ref,27884.456,0,58,413921,105963776
simless,5,2,enron_full_401763,no_exact_ref,27884.456,0,58,413921,105963776
simless,4,2,enron_full_401798,no_exact_ref,27044.881,0,48,413921,105963776
simless,5,2,enron_full_401798,no_exact_ref,27044.881,0,48,413921,105963776
simless,6,2,enron_full_401798,no_exact_ref,27044.881,0,48,413921,105963776
simless,5,2,enron_full_402233,exact_ref,26761.584,1,0,413921,105963776
simless,6,2,enron_full_402233,exact_ref,26761.584,1,0,413921,105963776
simless,4,2,enron_full_402233,exact_ref,26761.584,1,0,413921,105963776
simless,6,2,enron_full_402310,exact_ref,27291.937,1,0,413921,105963776
simless,4,2,enron_full_402310,exact_ref,27291.937,1,0,413921,105963776
simless,5,2,enron_full_402310,exact_ref,27291.937,1,0,413921,105963776
simless,4,2,enron_full_403001,exact_ref,26711.728,1,0,413921,105963776
simless,5,2,enron_full_403001,exact_ref,26711.728,1,0,413921,105963776
simless,6,2,enron_full_403001,exact_ref,26711.728,1,0,413921,105963776
simless,5,2,enron_full_403036,exact_ref,26718.904,1,0,413921,105963776
simless,6,2,enron_full_403036,exact_ref,26718.904,1,0,413921,105963776
simless,4,2,enron_full_403036,exact_ref,26718.904,1,0,413921,105963776
simless,6,2,enron_full_403180,exact_ref,26691.924,1,0,413921,105963776
simless,4,2,enron_full_403180,exact_ref,26691.924,1,0,413921,105963776
simless,5,2,enron_full_403180,exact_ref,26691.924,1,0,413921,105963776
simless,4,2,enron_full_404066,exact_ref,26232.993,1,0,413921,105963776
simless,5,2,enron_full_404066,exact_ref,26232.993,1,0,413921,105963776
simless,6,2,enron_full_404066,exact_ref,26232.993,1,0,413921,105963776
simless,5,2,enron_full_405218,exact_ref,26543.370,1,0,413921,105963776
simless,6,2,enron_full_405218,exact_ref,26543.370,1,0,413921,105963776
simless,4,2,enron_full_405218,exact_ref,26543.370,1,0,413921,105963776
simless,6,2,enron_full_405288,exact_ref,26025.576,1,0,413921,105963776
simless,4,2,enron_full_405288,exact_ref,26025.576,1,0,413921,105963776
simless,5,2,enron_full_405288,exact_ref,26025.576,1,0,413921,105963776
simless,4,2,enron_full_405421,exact_ref,27263.578,1,0,413921,105963776
simless,5,2,enron_full_405421,exact_ref,27263.578,1,0,413921,105963776
simless,6,2,enron_full_405421,exact_ref,27263.578,1,0,413921,105963776
simless,5,2,enron_full_406531,exact_ref,28152.922,1,0,413921,105963776
simless,6,2,enron_full_406531,exact_ref,28152.922,1,0,413921,105963776
simless,4,2,enron_full_406531,exact_ref,28152.922,1,0,413921,105963776
simless,6,2,enron_full_407210,exact_ref,28358.633,1,0,413921,105963776
simless,4,2,enron_full_407210,exact_ref,28358.633,1,0,413921,105963776
simless,5,2,enron_full_407210,exact_ref,28358.633,1,0,413921,105963776
simless,4,2,enron_full_407416,exact_ref,27556.288,1,0,413921,105963776
simless,5,2,enron_full_407416,exact_ref,27556.288,1,0,413921,105963776
simless,6,2,enron_full_407416,exact_ref,27556.288,1,0,413921,105963776
simless,5,2,enron_full_407459,exact_ref,26290.016,1,0,413921,105963776
simless,6,2,enron_full_407459,exact_ref,26290.016,1,0,413921,105963776
simless,4,2,enron_full_407459,exact_ref,26290.016,1,0,413921,105963776
simless,6,2,enron_full_407590,exact_ref,28305.923,1,0,413921,105963776
simless,4,2,enron_full_407590,exact_ref,28305.923,1,0,413921,105963776
simless,5,2,enron_full_407590,exact_ref,28305.923,1,0,413921,105963776
simless,4,2,enron_full_407747,exact_ref,28068.290,1,0,413921,105963776
simless,5,2,enron_full_407747,exact_ref,28068.290,1,0,413921,105963776
simless,6,2,enron_full_407747,exact_ref,28068.290,1,0,413921,105963776
simless,5,2,enron_full_408988,exact_ref,28495.891,1,0,413921,105963776
simless,6,2,enron_full_408988,exact_ref,28495.891,1,0,413921,105963776
simless,4,2,enron_full_408988,exact_ref,28495.891,1,0,413921,105963776
simless,6,2,enron_full_409260,exact_ref,28508.918,1,0,413921,105963776
simless,4,2,enron_full_409260,exact_ref,28508.918,1,0,413921,105963776
simless,5,2,enron_full_409260,exact_ref,28508.918,1,0,413921,105963776
simless,4,2,enron_full_409276,exact_ref,28769.075,1,0,413921,105963776
simless,5,2,enron_full_409276,exact_ref,28769.075,1,0,413921,105963776
simless,6,2,enron_full_409276,exact_ref,28769.075,1,0,413921,105963776
simless,5,2,enron_full_409720,exact_ref,28318.996,1,0,413921,105963776
simless,6,2,enron_full_409720,exact_ref,28318.996,1,0,413921,105963776
simless,4,2,enron_full_409720,exact_ref,28318.996,1,0,413921,105963776
simless,6,2,enron_full_409761,exact_ref,26541.003,1,0,413921,105963776
simless,4,2,enron_full_409761,exact_ref,26541.003,1,0,413921,105963776
simless,5,2,enron_full_409761,exact_ref,26541.003,1,0,413921,105963776
simless,4,2,enron_full_410980,no_exact_ref,27181.716,0,83,413921,105963776
simless,5,2,enron_full_410980,no_exact_ref,27181.716,0,83,413921,105963776
simless,6,2,enron_full_410980,no_exact_ref,27181.716,0,83,413921,105963776
simless,5,2,enron_full_411073,no_exact_ref,26949.338,0,71,413921,105963776
simless,6,2,enron_full_411073,no_exact_ref,26949.338,0,71,413921,105963776
simless,4,2,enron_full_411073,no_exact_ref,26949.338,0,71,413921,105963776
simless,6,2,enron_full_411853,exact_ref,28472.212,1,0,413921,105963776
simless,4,2,enron_full_411853,exact_ref,28472.212,1,0,413921,105963776
simless,5,2,enron_full_411853,exact_ref,28472.212,1,0,413921,105963776
simless,4,2,enron_full_412435,exact_ref,28414.646,1,0,413921,105963776
simless,5,2,enron_full_412435,exact_ref,28414.646,1,0,413921,105963776
simless,6,2,enron_full_412435,exact_ref,28414.646,1,0,413921,105963776
simless,5,2,enron_full_412836,exact_ref,27540.350,1,0,413921,105963776
simless,6,2,enron_full_412836,exact_ref,27540.350,1,0,413921,105963776
simless,4,2,enron_full_412836,exact_ref,27540.350,1,0,413921,105963776
simless,6,2,enron_full_414414,exact_ref,25864.448,1,0,413921,105963776
simless,4,2,enron_full_414414,exact_ref,25864.448,1,0,413921,105963776
simless,5,2,enron_full_414414,exact_ref,25864.448,1,0,413921,105963776
simless,4,2,enron_full_414620,exact_ref,27266.238,1,0,413921,105963776
simless,5,2,enron_full_414620,exact_ref,27266.238,1,0,413921,105963776
simless,6,2,enron_full_414620,exact_ref,27266.238,1,0,413921,105963776
simless,5,2,enron_full_414624,no_exact_ref,27343.833,0,91,413921,105963776
simless,6,2,enron_full_414624,no_exact_ref,27343.833,0,91,413921,105963776
simless,4,2,enron_full_414624,no_exact_ref,27343.833,0,91,413921,105963776
simless,6,2,enron_full_415032,exact_ref,26166.156,1,0,413921,105963776
simless,4,2,enron_full_415032,exact_ref,26166.156,1,0,413921,105963776
simless,5,2,enron_full_415032,exact_ref,26166.156,1,0,413921,105963776
simless,4,2,enron_full_415416,exact_ref,25748.760,1,0,413921,105963776
simless,5,2,enron_full_415416,exact_ref,25748.760,1,0,413921,105963776
simless,6,2,enron_full_415416,exact_ref,25748.760,1,0,413921,105963776
simless,5,2,enron_full_415425,exact_ref,25351.657,1,0,413921,105963776
simless,6,2,enron_full_415425,exact_ref,25351.657,1,0,413921,105963776
simless,4,2,enron_full_415425,exact_ref,25351.657,1,0,413921,105963776
simless,6,2,enron_full_415589,exact_ref,25474.930,1,0,413921,105963776
simless,4,2,enron_full_415589,exact_ref,25474.930,1,0,413921,105963776
simless,5,2,enron_full_415589,exact_ref,25474.930,1,0,413921,105963776
simless,4,2,enron_full_416173,no_exact_ref,26284.799,0,92,413921,105963776
simless,5,2,enron_full_416173,no_exact_ref,26284.799,0,92,413921,105963776
simless,6,2,enron_full_416173,no_exact_ref,26284.799,0,92,413921,105963776
simless,5,2,enron_full_416275,no_exact_ref,27081.484,0,94,413921,105963776
simless,6,2,enron_full_416275,no_exact_ref,27081.484,0,94,413921,105963776
simless,4,2,enron_full_416275,no_exact_ref,27081.484,0,94,413921,105963776
simless,6,2,enron_full_417397,exact_ref,25941.200,1,0,413921,105963776
simless,4,2,enron_full_417397,exact_ref,25941.200,1,0,413921,105963776
simless,5,2,enron_full_417397,exact_ref,25941.200,1,0,413921,105963776
simless,4,2,enron_full_418145,exact_ref,27829.330,1,0,413921,105963776
simless,5,2,enron_full_418145,exact_ref,27829.330,1,0,413921,105963776
simless,6,2,enron_full_418145,exact_ref,27829.330,1,0,413921,105963776
simless,5,2,enron_full_418173,exact_ref,29510.815,1,0,413921,105963776
simless,6,2,enron_full_418173,exact_ref,29510.815,1,0,413921,105963776
simless,4,2,enron_full_418173,exact_ref,29510.815,1,0,413921,105963776
simless,6,2,enron_full_418938,exact_ref,28677.810,1,0,413921,105963776
simless,4,2,enron_full_418938,exact_ref,28677.810,1,0,413921,105963776
simless,5,2,enron_full_418938,exact_ref,28677.810,1,0,413921,105963776
simless,4,2,enron_full_419715,exact_ref,27672.173,1,0,413921,105963776
simless,5,2,enron_full_419715,exact_ref,27672.173,1,0,413921,105963776
simless,6,2,enron_full_419715,exact_ref,27672.173,1,0,413921,105963776
simless,5,2,enron_full_419787,exact_ref,27313.202,1,0,413921,105963776
simless,6,2,enron_full_419787,exact_ref,27313.202,1,0,413921,105963776
simless,4,2,enron_full_419787,exact_ref,27313.202,1,0,413921,105963776
simless,6,2,enron_full_419936,exact_ref,26260.560,1,0,413921,105963776
simless,4,2,enron_full_419936,exact_ref,26260.560,1,0,413921,105963776
simless,5,2,enron_full_419936,exact_ref,26260.560,1,0,413921,105963776
simless,4,2,enron_full_419992,exact_ref,26373.645,1,0,413921,105963776
simless,5,2,enron_full_419992,exact_ref,26373.645,1,0,413921,105963776
simless,6,2,enron_full_419992,exact_ref,26373.645,1,0,413921,105963776
simless,5,2,enron_full_420340,exact_ref,26310.722,1,0,413921,105963776
simless,6,2,enron_full_420340,exact_ref,26310.722,1,0,413921,105963776
simless,4,2,enron_full_420340,exact_ref,26310.722,1,0,413921,105963776
simless,6,2,enron_full_420635,exact_ref,25983.356,1,0,413921,105963776
simless,4,2,enron_full_420635,exact_ref,25983.356,1,0,413921,105963776
simless,5,2,enron_full_420635,exact_ref,25983.356,1,0,413921,105963776
simless,4,2,enron_full_421070,no_exact_ref,26879.901,0,94,413921,105963776
simless,5,2,enron_full_421070,no_exact_ref,26879.901,0,94,413921,105963776
simless,6,2,enron_full_421070,no_exact_ref,26879.901,0,94,413921,105963776
simless,5,2,enron_full_421581,no_exact_ref,26329.149,0,39,413921,105963776
simless,6,2,enron_full_421581,no_exact_ref,26329.149,0,39,413921,105963776
simless,4,2,enron_full_421581,no_exact_ref,26329.149,0,39,413921,105963776
simless,6,2,enron_full_421659,no_exact_ref,26465.614,0,86,413921,105963776
simless,4,2,enron_full_421659,no_exact_ref,26465.614,0,86,413921,105963776
simless,5,2,enron_full_421659,no_exact_ref,26465.614,0,86,413921,105963776
simless,4,2,enron_full_422214,no_exact_ref,26343.770,0,69,413921,105963776
simless,5,2,enron_full_422214,no_exact_ref,26343.770,0,69,413921,105963776
simless,6,2,enron_full_422214,no_exact_ref,26343.770,0,69,413921,105963776
simless,5,2,enron_full_422408,exact_ref,27112.695,1,0,413921,105963776
simless,6,2,enron_full_422408,exact_ref,27112.695,1,0,413921,105963776
simless,4,2,enron_full_422408,exact_ref,27112.695,1,0,413921,105963776
simless,6,2,enron_full_423045,exact_ref,28214.046,1,0,413921,105963776
simless,4,2,enron_full_423045,exact_ref,28214.046,1,0,413921,105963776
simless,5,2,enron_full_423045,exact_ref,28214.046,1,0,413921,105963776
simless,4,2,enron_full_423694,exact_ref,28401.501,1,0,413921,105963776
simless,5,2,enron_full_423694,exact_ref,28401.501,1,0,413921,105963776
simless,6,2,enron_full_423694,exact_ref,28401.501,1,0,413921,105963776
simless,5,2,enron_full_423789,exact_ref,26743.059,1,0,413921,105963776
simless,6,2,enron_full_423789,exact_ref,26743.059,1,0,413921,105963776
simless,4,2,enron_full_423789,exact_ref,26743.059,1,0,413921,105963776
simless,6,2,enron_full_424183,no_exact_ref,26742.419,1,0,413921,105963776
simless,4,2,enron_full_424183,no_exact_ref,26742.419,1,0,413921,105963776
simless,5,2,enron_full_424183,no_exact_ref,26742.419,1,0,413921,105963776
simless,4,2,enron_full_424691,exact_ref,27716.797,1,0,413921,105963776
simless,5,2,enron_full_424691,exact_ref,27716.797,1,0,413921,105963776
simless,6,2,enron_full_424691,exact_ref,27716.797,1,0,413921,105963776
simless,5,2,enron_full_425035,exact_ref,28719.698,1,0,413921,105963776
simless,6,2,enron_full_425035,exact_ref,28719.698,1,0,413921,105963776
simless,4,2,enron_full_425035,exact_ref,28719.698,1,0,413921,105963776
simless,6,2,enron_full_425166,exact_ref,28461.039,1,0,413921,105963776
simless,4,2,enron_full_425166,exact_ref,28461.039,1,0,413921,105963776
simless,5,2,enron_full_425166,exact_ref,28461.039,1,0,413921,105963776
simless,4,2,enron_full_425789,exact_ref,26795.542,1,0,413921,105963776
simless,5,2,enron_full_425789,exact_ref,26795.542,1,0,413921,105963776
simless,6,2,enron_full_425789,exact_ref,26795.542,1,0,413921,105963776
simless,5,2,enron_full_426054,exact_ref,26816.619,1,0,413921,105963776
simless,6,2,enron_full_426054,exact_ref,26816.619,1,0,413921,105963776
simless,4,2,enron_full_426054,exact_ref,26816.619,1,0,413921,105963776
simless,6,2,enron_full_426288,exact_ref,28335.205,1,0,413921,105963776
simless,4,2,enron_full_426288,exact_ref,28335.205,1,0,413921,105963776
simless,5,2,enron_full_426288,exact_ref,28335.205,1,0,413921,105963776
simless,4,2,enron_full_427733,exact_ref,27450.369,1,0,413921,105963776
simless,5,2,enron_full_427733,exact_ref,27450.369,1,0,413921,105963776
simless,6,2,enron_full_427733,exact_ref,27450.369,1,0,413921,105963776
simless,5,2,enron_full_428515,exact_ref,27513.340,1,0,413921,105963776
simless,6,2,enron_full_428515,exact_ref,27513.340,1,0,413921,105963776
simless,4,2,enron_full_428515,exact_ref,27513.340,1,0,413921,105963776
simless,6,2,enron_full_428895,exact_ref,27119.977,1,0,413921,105963776
simless,4,2,enron_full_428895,exact_ref,27119.977,1,0,413921,105963776
simless,5,2,enron_full_428895,exact_ref,27119.977,1,0,413921,105963776
simless,4,2,enron_full_429441,no_exact_ref,28229.607,0,90,413921,105963776
simless,5,2,enron_full_429441,no_exact_ref,28229.607,0,90,413921,105963776
simless,6,2,enron_full_429441,no_exact_ref,28229.607,0,90,413921,105963776
simless,5,2,enron_full_429986,no_exact_ref,28859.914,0,41,413921,105963776
simless,6,2,enron_full_429986,no_exact_ref,28859.914,0,41,413921,105963776
simless,4,2,enron_full_429986,no_exact_ref,28859.914,0,41,413921,105963776
simless,6,2,enron_full_430065,no_exact_ref,27375.810,0,56,413921,105963776
simless,4,2,enron_full_430065,no_exact_ref,27375.810,0,56,413921,105963776
simless,5,2,enron_full_430065,no_exact_ref,27375.810,0,56,413921,105963776
simless,4,2,enron_full_430260,no_exact_ref,26014.165,0,7,413921,105963776
simless,5,2,enron_full_430260,no_exact_ref,26014.165,0,7,413921,105963776
simless,6,2,enron_full_430260,no_exact_ref,26014.165,0,7,413921,105963776
simless,5,2,enron_full_430592,no_exact_ref,25641.971,0,93,413921,105963776
simless,6,2,enron_full_430592,no_exact_ref,25641.971,0,93,413921,105963776
simless,4,2,enron_full_430592,no_exact_ref,25641.971,0,93,413921,105963776
simless,6,2,enron_full_431423,no_exact_ref,25307.281,0,85,413921,105963776
simless,4,2,enron_full_431423,no_exact_ref,25307.281,0,85,413921,105963776
simless,5,2,enron_full_431423,no_exact_ref,25307.281,0,85,413921,105963776
simless,4,2,enron_full_432116,exact_ref,25620.890,1,0,413921,105963776
simless,5,2,enron_full_432116,exact_ref,25620.890,1,0,413921,105963776
simless,6,2,enron_full_432116,exact_ref,25620.890,1,0,413921,105963776
simless,5,2,enron_full_432508,exact_ref,26863.545,1,0,413921,105963776
simless,6,2,enron_full_432508,exact_ref,26863.545,1,0,413921,105963776
simless,4,2,enron_full_432508,exact_ref,26863.545,1,0,413921,105963776
simless,6,2,enron_full_433686,exact_ref,27094.167,1,0,413921,105963776
simless,4,2,enron_full_433686,exact_ref,27094.167,1,0,413921,105963776
simless,5,2,enron_full_433686,exact_ref,27094.167,1,0,413921,105963776
simless,4,2,enron_full_433711,exact_ref,26408.890,1,0,413921,105963776
simless,5,2,enron_full_433711,exact_ref,26408.890,1,0,413921,105963776
simless,6,2,enron_full_433711,exact_ref,26408.890,1,0,413921,105963776
simless,5,2,enron_full_433823,exact_ref,25737.405,1,0,413921,105963776
simless,6,2,enron_full_433823,exact_ref,25737.405,1,0,413921,105963776
simless,4,2,enron_full_433823,exact_ref,25737.405,1,0,413921,105963776
simless,6,2,enron_full_434515,exact_ref,26157.410,1,0,413921,105963776
simless,4,2,enron_full_434515,exact_ref,26157.410,1,0,413921,105963776
simless,5,2,enron_full_434515,exact_ref,26157.410,1,0,413921,105963776
simless,4,2,enron_full_434661,exact_ref,25735.589,1,0,413921,105963776
simless,5,2,enron_full_434661,exact_ref,25735.589,1,0,413921,105963776
simless,6,2,enron_full_434661,exact_ref,25735.589,1,0,413921,105963776
simless,5,2,enron_full_435743,exact_ref,27533.854,1,0,413921,105963776
simless,6,2,enron_full_435743,exact_ref,27533.854,1,0,413921,105963776
simless,4,2,enron_full_435743,exact_ref,27533.854,1,0,413921,105963776
simless,6,2,enron_full_436019,no_exact_ref,28619.785,0,76,413921,105963776
simless,4,2,enron_full_436019,no_exact_ref,28619.785,0,76,413921,105963776
simless,5,2,enron_full_436019,no_exact_ref,28619.785,0,76,413921,105963776
simless,4,2,enron_full_436309,no_exact_ref,28257.401,0,46,413921,105963776
simless,5,2,enron_full_436309,no_exact_ref,28257.401,0,46,413921,105963776
simless,6,2,enron_full_436309,no_exact_ref,28257.401,0,46,413921,105963776
simless,5,2,enron_full_436431,no_exact_ref,27020.286,0,15,413921,105963776
simless,6,2,enron_full_436431,no_exact_ref,27020.286,0,15,413921,105963776
simless,4,2,enron_full_436431,no_exact_ref,27020.286,0,15,413921,105963776
simless,6,2,enron_full_436454,no_exact_ref,27779.824,0,50,413921,105963776
simless,4,2,enron_full_436454,no_exact_ref,27779.824,0,50,413921,105963776
simless,5,2,enron_full_436454,no_exact_ref,27779.824,0,50,413921,105963776
simless,4,2,enron_full_437873,exact_ref,28983.224,1,0,413921,105963776
simless,5,2,enron_full_437873,exact_ref,28983.224,1,0,413921,105963776
simless,6,2,enron_full_437873,exact_ref,28983.224,1,0,413921,105963776
simless,5,2,enron_full_439573,no_exact_ref,28253.327,0,24,413921,105963776
simless,6,2,enron_full_439573,no_exact_ref,28253.327,0,24,413921,105963776
simless,4,2,enron_full_439573,no_exact_ref,28253.327,0,24,413921,105963776
simless,6,2,enron_full_440276,no_exact_ref,28541.566,0,90,413921,105963776
simless,4,2,enron_full_440276,no_exact_ref,28541.566,0,90,413921,105963776
simless,5,2,enron_full_440276,no_exact_ref,28541.566,0,90,413921,105963776
simless,4,2,enron_full_440707,exact_ref,28213.108,1,0,413921,105963776
simless,5,2,enron_full_440707,exact_ref,28213.108,1,0,413921,105963776
simless,6,2,enron_full_440707,exact_ref,28213.108,1,0,413921,105963776
simless,5,2,enron_full_441744,exact_ref,27043.390,1,0,413921,105963776
simless,6,2,enron_full_441744,exact_ref,27043.390,1,0,413921,105963776
simless,4,2,enron_full_441744,exact_ref,27043.390,1,0,413921,105963776
simless,6,2,enron_full_442093,exact_ref,26840.823,1,0,413921,105963776
simless,4,2,enron_full_442093,exact_ref,26840.823,1,0,413921,105963776
simless,5,2,enron_full_442093,exact_ref,26840.823,1,0,413921,105963776
simless,4,2,enron_full_442322,no_exact_ref,26894.101,0,60,413921,105963776
simless,5,2,enron_full_442322,no_exact_ref,26894.101,0,60,413921,105963776
simless,6,2,enron_full_442322,no_exact_ref,26894.101,0,60,413921,105963776
simless,5,2,enron_full_442524,exact_ref,27276.588,1,0,413921,105963776
simless,6,2,enron_full_442524,exact_ref,27276.588,1,0,413921,105963776
simless,4,2,enron_full_442524,exact_ref,27276.588,1,0,413921,105963776
simless,6,2,enron_full_442558,exact_ref,28366.858,1,0,413921,105963776
simless,4,2,enron_full_442558,exact_ref,28366.858,1,0,413921,105963776
simless,5,2,enron_full_442558,exact_ref,28366.858,1,0,413921,105963776
simless,4,2,enron_full_442662,exact_ref,28917.553,1,0,413921,105963776
simless,5,2,enron_full_442662,exact_ref,28917.553,1,0,413921,105963776
simless,6,2,enron_full_442662,exact_ref,28917.553,1,0,413921,105963776
simless,5,2,enron_full_442954,exact_ref,28856.806,1,0,413921,105963776
simless,6,2,enron_full_442954,exact_ref,28856.806,1,0,413921,105963776
simless,4,2,enron_full_442954,exact_ref,28856.806,1,0,413921,105963776
simless,6,2,enron_full_443309,exact_ref,28828.933,1,0,413921,105963776
simless,4,2,enron_full_443309,exact_ref,28828.933,1,0,413921,105963776
simless,5,2,enron_full_443309,exact_ref,28828.933,1,0,413921,105963776
simless,4,2,enron_full_443772,exact_ref,27974.933,1,0,413921,105963776
simless,5,2,enron_full_443772,exact_ref,27974.933,1,0,413921,105963776
simless,6,2,enron_full_443772,exact_ref,27974.933,1,0,413921,105963776
simless,5,2,enron_full_444240,exact_ref,26910.221,1,0,413921,105963776
simless,6,2,enron_full_444240,exact_ref,26910.221,1,0,413921,105963776
simless,4,2,enron_full_444240,exact_ref,26910.221,1,0,413921,105963776
simless,6,2,enron_full_445163,no_exact_ref,27140.548,0,81,413921,105963776
simless,4,2,enron_full_445163,no_exact_ref,27140.548,0,81,413921,105963776
simless,5,2,enron_full_445163,no_exact_ref,27140.548,0,81,413921,105963776
simless,4,2,enron_full_445774,exact_ref,26539.393,1,0,413921,105963776
simless,5,2,enron_full_445774,exact_ref,26539.393,1,0,413921,105963776
simless,6,2,enron_full_445774,exact_ref,26539.393,1,0,413921,105963776
simless,5,2,enron_full_445830,no_exact_ref,26642.338,0,63,413921,105963776
simless,6,2,enron_full_445830,no_exact_ref,26642.338,0,63,413921,105963776
simless,4,2,enron_full_445830,no_exact_ref,26642.338,0,63,413921,105963776
simless,6,2,enron_full_446457,no_exact_ref,27109.335,0,10,413921,105963776
simless,4,2,enron_full_446457,no_exact_ref,27109.335,0,10,413921,105963776
simless,5,2,enron_full_446457,no_exact_ref,27109.335,0,10,413921,105963776
simless,4,2,enron_full_447336,exact_ref,27113.494,1,0,413921,105963776
simless,5,2,enron_full_447336,exact_ref,27113.494,1,0,413921,105963776
simless,6,2,enron_full_447336,exact_ref,27113.494,1,0,413921,105963776
simless,5,2,enron_full_447596,no_exact_ref,26905.574,0,43,413921,105963776
simless,6,2,enron_full_447596,no_exact_ref,26905.574,0,43,413921,105963776
simless,4,2,enron_full_447596,no_exact_ref,26905.574,0,43,413921,105963776
simless,6,2,enron_full_448246,exact_ref,27719.583,1,0,413921,105963776
simless,4,2,enron_full_448246,exact_ref,27719.583,1,0,413921,105963776
simless,5,2,enron_full_448246,exact_ref,27719.583,1,0,413921,105963776
simless,4,2,enron_full_448315,no_exact_ref,28011.273,1,0,413921,105963776
simless,5,2,enron_full_448315,no_exact_ref,28011.273,1,0,413921,105963776
simless,6,2,enron_full_448315,no_exact_ref,28011.273,1,0,413921,105963776
simless,5,2,enron_full_448897,exact_ref,28808.587,1,0,413921,105963776
simless,6,2,enron_full_448897,exact_ref,28808.587,1,0,413921,105963776
simless,4,2,enron_full_448897,exact_ref,28808.587,1,0,413921,105963776
simless,6,2,enron_full_449771,no_exact_ref,28454.112,0,91,413921,105963776
simless,4,2,enron_full_449771,no_exact_ref,28454.112,0,91,413921,105963776
simless,5,2,enron_full_449771,no_exact_ref,28454.112,0,91,413921,105963776
simless,4,2,enron_full_450293,exact_ref,28317.541,1,0,413921,105963776
simless,5,2,enron_full_450293,exact_ref,28317.541,1,0,413921,105963776
simless,6,2,enron_full_450293,exact_ref,28317.541,1,0,413921,105963776
simless,5,2,enron_full_450584,no_exact_ref,27851.074,0,30,413921,105963776
simless,6,2,enron_full_450584,no_exact_ref,27851.074,0,30,413921,105963776
simless,4,2,enron_full_450584,no_exact_ref,27851.074,0,30,413921,105963776
simless,6,2,enron_full_451624,exact_ref,27260.958,1,0,413921,105963776
simless,4,2,enron_full_451624,exact_ref,27260.958,1,0,413921,105963776
simless,5,2,enron_full_451624,exact_ref,27260.958,1,0,413921,105963776
simless,4,2,enron_full_451708,exact_ref,28160.564,1,0,413921,105963776
simless,5,2,enron_full_451708,exact_ref,28160.564,1,0,413921,105963776
simless,6,2,enron_full_451708,exact_ref,28160.564,1,0,413921,105963776
simless,5,2,enron_full_451980,no_exact_ref,27009.418,0,28,413921,105963776
simless,6,2,enron_full_451980,no_exact_ref,27009.418,0,28,413921,105963776
simless,4,2,enron_full_451980,no_exact_ref,27009.418,0,28,413921,105963776
simless,6,2,enron_full_452075,exact_ref,27943.654,1,0,413921,105963776
simless,4,2,enron_full_452075,exact_ref,27943.654,1,0,413921,105963776
simless,5,2,enron_full_452075,exact_ref,27943.654,1,0,413921,105963776
simless,4,2,enron_full_452624,exact_ref,27330.701,1,0,413921,105963776
simless,5,2,enron_full_452624,exact_ref,27330.701,1,0,413921,105963776
simless,6,2,enron_full_452624,exact_ref,27330.701,1,0,413921,105963776
simless,5,2,enron_full_452665,exact_ref,27364.312,1,0,413921,105963776
simless,6,2,enron_full_452665,exact_ref,27364.312,1,0,413921,105963776
simless,4,2,enron_full_452665,exact_ref,27364.312,1,0,413921,105963776
simless,6,2,enron_full_453158,exact_ref,27752.572,1,0,413921,105963776
simless,4,2,enron_full_453158,exact_ref,27752.572,1,0,413921,105963776
simless,5,2,enron_full_453158,exact_ref,27752.572,1,0,413921,105963776
simless,4,2,enron_full_453577,exact_ref,27512.748,1,0,413921,105963776
simless,5,2,enron_full_453577,exact_ref,27512.748,1,0,413921,105963776
simless,6,2,enron_full_453577,exact_ref,27512.748,1,0,413921,105963776
simless,5,2,enron_full_455974,no_exact_ref,28323.688,1,3,413921,105963776
simless,6,2,enron_full_455974,no_exact_ref,28323.688,1,3,413921,105963776
simless,4,2,enron_full_455974,no_exact_ref,28323.688,1,3,413921,105963776
simless,6,2,enron_full_456283,no_exact_ref,28831.023,0,81,413921,105963776
simless,4,2,enron_full_456283,no_exact_ref,28831.023,0,81,413921,105963776
simless,5,2,enron_full_456283,no_exact_ref,28831.023,0,81,413921,105963776
simless,4,2,enron_full_458074,no_exact_ref,28503.322,0,91,413921,105963776
simless,5,2,enron_full_458074,no_exact_ref,28503.322,0,91,413921,105963776
simless,6,2,enron_full_458074,no_exact_ref,28503.322,0,91,413921,105963776
simless,5,2,enron_full_458660,no_exact_ref,27539.511,0,84,413921,105963776
simless,6,2,enron_full_458660,no_exact_ref,27539.511,0,84,413921,105963776
simless,4,2,enron_full_458660,no_exact_ref,27539.511,0,84,413921,105963776
simless,6,2,enron_full_459917,no_exact_ref,28086.237,0,92,413921,105963776
simless,4,2,enron_full_459917,no_exact_ref,28086.237,0,92,413921,105963776
simless,5,2,enron_full_459917,no_exact_ref,28086.237,0,92,413921,105963776
simless,4,2,enron_full_459959,no_exact_ref,27354.267,0,91,413921,105963776
simless,5,2,enron_full_459959,no_exact_ref,27354.267,0,91,413921,105963776
simless,6,2,enron_full_459959,no_exact_ref,27354.267,0,91,413921,105963776
simless,5,2,enron_full_460573,exact_ref,27534.266,1,0,413921,105963776
simless,6,2,enron_full_460573,exact_ref,27534.266,1,0,413921,105963776
simless,4,2,enron_full_460573,exact_ref,27534.266,1,0,413921,105963776
simless,6,2,enron_full_461053,exact_ref,27403.017,1,0,413921,105963776
simless,4,2,enron_full_461053,exact_ref,27403.017,1,0,413921,105963776
simless,5,2,enron_full_461053,exact_ref,27403.017,1,0,413921,105963776
simless,4,2,enron_full_461203,no_exact_ref,27492.121,0,54,413921,105963776
simless,5,2,enron_full_461203,no_exact_ref,27492.121,0,54,413921,105963776
simless,6,2,enron_full_461203,no_exact_ref,27492.121,0,54,413921,105963776
simless,5,2,enron_full_461474,no_exact_ref,27990.385,0,85,413921,105963776
simless,6,2,enron_full_461474,no_exact_ref,27990.385,0,85,413921,105963776
simless,4,2,enron_full_461474,no_exact_ref,27990.385,0,85,413921,105963776
simless,6,2,enron_full_461621,exact_ref,28967.968,1,0,413921,105963776
simless,4,2,enron_full_461621,exact_ref,28967.968,1,0,413921,105963776
simless,5,2,enron_full_461621,exact_ref,28967.968,1,0,413921,105963776
simless,4,2,enron_full_461648,exact_ref,28346.184,1,0,413921,105963776
simless,5,2,enron_full_461648,exact_ref,28346.184,1,0,413921,105963776
simless,6,2,enron_full_461648,exact_ref,28346.184,1,0,413921,105963776
simless,5,2,enron_full_461948,exact_ref,32831.426,1,0,413921,105963776
simless,6,2,enron_full_461948,exact_ref,32831.426,1,0,413921,105963776
simless,4,2,enron_full_461948,exact_ref,32831.426,1,0,413921,105963776
simless,6,2,enron_full_462616,exact_ref,29795.619,1,0,413921,105963776
simless,4,2,enron_full_462616,exact_ref,29795.619,1,0,413921,105963776
simless,5,2,enron_full_462616,exact_ref,29795.619,1,0,413921,105963776
simless,4,2,enron_full_463151,exact_ref,30547.959,1,0,413921,105963776
simless,5,2,enron_full_463151,exact_ref,30547.959,1,0,413921,105963776
simless,6,2,enron_full_463151,exact_ref,30547.959,1,0,413921,105963776
simless,5,2,enron_full_463936,exact_ref,28236.152,1,0,413921,105963776
simless,6,2,enron_full_463936,exact_ref,28236.152,1,0,413921,105963776
simless,4,2,enron_full_463936,exact_ref,28236.152,1,0,413921,105963776
simless,6,2,enron_full_463955,exact_ref,27621.897,1,0,413921,105963776
simless,4,2,enron_full_463955,exact_ref,27621.897,1,0,413921,105963776
simless,5,2,enron_full_463955,exact_ref,27621.897,1,0,413921,105963776
simless,4,2,enron_full_463976,exact_ref,26997.396,1,0,413921,105963776
simless,5,2,enron_full_463976,exact_ref,26997.396,1,0,413921,105963776
simless,6,2,enron_full_463976,exact_ref,26997.396,1,0,413921,105963776
simless,5,2,enron_full_465574,exact_ref,27351.783,1,0,413921,105963776
simless,6,2,enron_full_465574,exact_ref,27351.783,1,0,413921,105963776
simless,4,2,enron_full_465574,exact_ref,27351.783,1,0,413921,105963776
simless,6,2,enron_full_466018,exact_ref,27421.849,1,0,413921,105963776
simless,4,2,enron_full_466018,exact_ref,27421.849,1,0,413921,105963776
simless,5,2,enron_full_466018,exact_ref,27421.849,1,0,413921,105963776
simless,4,2,enron_full_466387,exact_ref,26999.412,1,0,413921,105963776
simless,5,2,enron_full_466387,exact_ref,26999.412,1,0,413921,105963776
simless,6,2,enron_full_466387,exact_ref,26999.412,1,0,413921,105963776
simless,5,2,enron_full_466533,exact_ref,27084.728,1,0,413921,105963776
simless,6,2,enron_full_466533,exact_ref,27084.728,1,0,413921,105963776
simless,4,2,enron_full_466533,exact_ref,27084.728,1,0,413921,105963776
simless,6,2,enron_full_466708,exact_ref,27260.267,1,0,413921,105963776
simless,4,2,enron_full_466708,exact_ref,27260.267,1,0,413921,105963776
simless,5,2,enron_full_466708,exact_ref,27260.267,1,0,413921,105963776
simless,4,2,enron_full_467278,exact_ref,27359.187,1,0,413921,105963776
simless,5,2,enron_full_467278,exact_ref,27359.187,1,0,413921,105963776
simless,6,2,enron_full_467278,exact_ref,27359.187,1,0,413921,105963776
simless,5,2,enron_full_467576,exact_ref,27522.484,1,0,413921,105963776
simless,6,2,enron_full_467576,exact_ref,27522.484,1,0,413921,105963776
simless,4,2,enron_full_467576,exact_ref,27522.484,1,0,413921,105963776
simless,6,2,enron_full_467913,exact_ref,28356.403,1,0,413921,105963776
simless,4,2,enron_full_467913,exact_ref,28356.403,1,0,413921,105963776
simless,5,2,enron_full_467913,exact_ref,28356.403,1,0,413921,105963776
simless,4,2,enron_full_468001,exact_ref,32380.844,1,0,413921,105963776
simless,5,2,enron_full_468001,exact_ref,32380.844,1,0,413921,105963776
simless,6,2,enron_full_468001,exact_ref,32380.844,1,0,413921,105963776
simless,5,2,enron_full_468241,exact_ref,31789.979,1,0,413921,105963776
simless,6,2,enron_full_468241,exact_ref,31789.979,1,0,413921,105963776
simless,4,2,enron_full_468241,exact_ref,31789.979,1,0,413921,105963776
simless,6,2,enron_full_468948,exact_ref,28414.224,1,0,413921,105963776
simless,4,2,enron_full_468948,exact_ref,28414.224,1,0,413921,105963776
simless,5,2,enron_full_468948,exact_ref,28414.224,1,0,413921,105963776
simless,4,2,enron_full_469104,exact_ref,27361.562,1,0,413921,105963776
simless,5,2,enron_full_469104,exact_ref,27361.562,1,0,413921,105963776
simless,6,2,enron_full_469104,exact_ref,27361.562,1,0,413921,105963776
simless,5,2,enron_full_469441,exact_ref,27411.795,1,0,413921,105963776
simless,6,2,enron_full_469441,exact_ref,27411.795,1,0,413921,105963776
simless,4,2,enron_full_469441,exact_ref,27411.795,1,0,413921,105963776
simless,6,2,enron_full_470510,exact_ref,29594.084,1,0,413921,105963776
simless,4,2,enron_full_470510,exact_ref,29594.084,1,0,413921,105963776
simless,5,2,enron_full_470510,exact_ref,29594.084,1,0,413921,105963776
simless,4,2,enron_full_471172,exact_ref,28700.642,1,0,413921,105963776
simless,5,2,enron_full_471172,exact_ref,28700.642,1,0,413921,105963776
simless,6,2,enron_full_471172,exact_ref,28700.642,1,0,413921,105963776
simless,5,2,enron_full_472398,exact_ref,28665.190,1,0,413921,105963776
simless,6,2,enron_full_472398,exact_ref,28665.190,1,0,413921,105963776
simless,4,2,enron_full_472398,exact_ref,28665.190,1,0,413921,105963776
simless,6,2,enron_full_473353,exact_ref,28118.043,1,0,413921,105963776
simless,4,2,enron_full_473353,exact_ref,28118.043,1,0,413921,105963776
simless,5,2,enron_full_473353,exact_ref,28118.043,1,0,413921,105963776
simless,4,2,enron_full_473987,no_exact_ref,27907.534,0,88,413921,105963776
simless,5,2,enron_full_473987,no_exact_ref,27907.534,0,88,413921,105963776
simless,6,2,enron_full_473987,no_exact_ref,27907.534,0,88,413921,105963776
simless,5,2,enron_full_474902,exact_ref,27545.987,1,0,413921,105963776
simless,6,2,enron_full_474902,exact_ref,27545.987,1,0,413921,105963776
simless,4,2,enron_full_474902,exact_ref,27545.987,1,0,413921,105963776
simless,6,2,enron_full_476646,exact_ref,26395.962,1,0,413921,105963776
simless,4,2,enron_full_476646,exact_ref,26395.962,1,0,413921,105963776
simless,5,2,enron_full_476646,exact_ref,26395.962,1,0,413921,105963776
simless,4,2,enron_full_476866,exact_ref,26706.507,1,0,413921,105963776
simless,5,2,enron_full_476866,exact_ref,26706.507,1,0,413921,105963776
simless,6,2,enron_full_476866,exact_ref,26706.507,1,0,413921,105963776
simless,5,2,enron_full_476952,exact_ref,28987.230,1,0,413921,105963776
simless,6,2,enron_full_476952,exact_ref,28987.230,1,0,413921,105963776
simless,4,2,enron_full_476952,exact_ref,28987.230,1,0,413921,105963776
simless,6,2,enron_full_478933,no_exact_ref,28736.530,0,68,413921,105963776
simless,4,2,enron_full_478933,no_exact_ref,28736.530,0,68,413921,105963776
simless,5,2,enron_full_478933,no_exact_ref,28736.530,0,68,413921,105963776
simless,4,2,enron_full_479947,no_exact_ref,27987.595,0,90,413921,105963776
simless,5,2,enron_full_479947,no_exact_ref,27987.595,0,90,413921,105963776
simless,6,2,enron_full_479947,no_exact_ref,27987.595,0,90,413921,105963776
simless,5,2,enron_full_480468,no_exact_ref,26153.603,0,58,413921,105963776
simless,6,2,enron_full_480468,no_exact_ref,26153.603,0,58,413921,105963776
simless,4,2,enron_full_480468,no_exact_ref,26153.603,0,58,413921,105963776
simless,6,2,enron_full_480848,exact_ref,26345.863,1,0,413921,105963776
simless,4,2,enron_full_480848,exact_ref,26345.863,1,0,413921,105963776
simless,5,2,enron_full_480848,exact_ref,26345.863,1,0,413921,105963776
simless,4,2,enron_full_481384,exact_ref,26646.233,1,0,413921,105963776
simless,5,2,enron_full_481384,exact_ref,26646.233,1,0,413921,105963776
simless,6,2,enron_full_481384,exact_ref,26646.233,1,0,413921,105963776
simless,5,2,enron_full_481691,exact_ref,26563.292,1,0,413921,105963776
simless,6,2,enron_full_481691,exact_ref,26563.292,1,0,413921,105963776
simless,4,2,enron_full_481691,exact_ref,26563.292,1,0,413921,105963776
simless,6,2,enron_full_481940,exact_ref,27155.309,1,0,413921,105963776
simless,4,2,enron_full_481940,exact_ref,27155.309,1,0,413921,105963776
simless,5,2,enron_full_481940,exact_ref,27155.309,1,0,413921,105963776
simless,4,2,enron_full_482039,exact_ref,28602.600,1,0,413921,105963776
simless,5,2,enron_full_482039,exact_ref,28602.600,1,0,413921,105963776
simless,6,2,enron_full_482039,exact_ref,28602.600,1,0,413921,105963776
simless,5,2,enron_full_482398,no_exact_ref,29342.239,0,60,413921,105963776
simless,6,2,enron_full_482398,no_exact_ref,29342.239,0,60,413921,105963776
simless,4,2,enron_full_482398,no_exact_ref,29342.239,0,60,413921,105963776
simless,6,2,enron_full_482679,no_exact_ref,28517.670,0,72,413921,105963776
simless,4,2,enron_full_482679,no_exact_ref,28517.670,0,72,413921,105963776
simless,5,2,enron_full_482679,no_exact_ref,28517.670,0,72,413921,105963776
simless,4,2,enron_full_482700,exact_ref,26794.390,1,0,413921,105963776
simless,5,2,enron_full_482700,exact_ref,26794.390,1,0,413921,105963776
simless,6,2,enron_full_482700,exact_ref,26794.390,1,0,413921,105963776
simless,5,2,enron_full_482778,exact_ref,26185.283,1,0,413921,105963776
simless,6,2,enron_full_482778,exact_ref,26185.283,1,0,413921,105963776
simless,4,2,enron_full_482778,exact_ref,26185.283,1,0,413921,105963776
simless,6,2,enron_full_482919,exact_ref,28624.044,1,0,413921,105963776
simless,4,2,enron_full_482919,exact_ref,28624.044,1,0,413921,105963776
simless,5,2,enron_full_482919,exact_ref,28624.044,1,0,413921,105963776
simless,4,2,enron_full_483941,exact_ref,29608.338,1,0,413921,105963776
simless,5,2,enron_full_483941,exact_ref,29608.338,1,0,413921,105963776
simless,6,2,enron_full_483941,exact_ref,29608.338,1,0,413921,105963776
simless,5,2,enron_full_484013,exact_ref,34039.129,1,0,413921,105963776
simless,6,2,enron_full_484013,exact_ref,34039.129,1,0,413921,105963776
simless,4,2,enron_full_484013,exact_ref,34039.129,1,0,413921,105963776
simless,6,2,enron_full_485161,exact_ref,28703.457,1,0,413921,105963776
simless,4,2,enron_full_485161,exact_ref,28703.457,1,0,413921,105963776
simless,5,2,enron_full_485161,exact_ref,28703.457,1,0,413921,105963776
simless,4,2,enron_full_485319,exact_ref,28219.662,1,0,413921,105963776
simless,5,2,enron_full_485319,exact_ref,28219.662,1,0,413921,105963776
simless,6,2,enron_full_485319,exact_ref,28219.662,1,0,413921,105963776
simless,5,2,enron_full_485507,no_exact_ref,28150.591,0,18,413921,105963776
simless,6,2,enron_full_485507,no_exact_ref,28150.591,0,18,413921,105963776
simless,4,2,enron_full_485507,no_exact_ref,28150.591,0,18,413921,105963776
simless,6,2,enron_full_485652,no_exact_ref,26437.000,0,85,413921,105963776
simless,4,2,enron_full_485652,no_exact_ref,26437.000,0,85,413921,105963776
simless,5,2,enron_full_485652,no_exact_ref,26437.000,0,85,413921,105963776
simless,4,2,enron_full_485802,no_exact_ref,26214.460,0,69,413921,105963776
simless,5,2,enron_full_485802,no_exact_ref,26214.460,0,69,413921,105963776
simless,6,2,enron_full_485802,no_exact_ref,26214.460,0,69,413921,105963776
simless,5,2,enron_full_486590,exact_ref,25336.108,1,0,413921,105963776
simless,6,2,enron_full_486590,exact_ref,25336.108,1,0,413921,105963776
simless,4,2,enron_full_486590,exact_ref,25336.108,1,0,413921,105963776
simless,6,2,enron_full_486718,exact_ref,25726.766,1,0,413921,105963776
simless,4,2,enron_full_486718,exact_ref,25726.766,1,0,413921,105963776
simless,5,2,enron_full_486718,exact_ref,25726.766,1,0,413921,105963776
simless,4,2,enron_full_487009,no_exact_ref,26241.626,0,26,413921,105963776
simless,5,2,enron_full_487009,no_exact_ref,26241.626,0,26,413921,105963776
simless,6,2,enron_full_487009,no_exact_ref,26241.626,0,26,413921,105963776
simless,5,2,enron_full_487095,no_exact_ref,26061.318,0,92,413921,105963776
simless,6,2,enron_full_487095,no_exact_ref,26061.318,0,92,413921,105963776
simless,4,2,enron_full_487095,no_exact_ref,26061.318,0,92,413921,105963776
simless,6,2,enron_full_487221,exact_ref,26497.257,1,0,413921,105963776
simless,4,2,enron_full_487221,exact_ref,26497.257,1,0,413921,105963776
simless,5,2,enron_full_487221,exact_ref,26497.257,1,0,413921,105963776
simless,4,2,enron_full_488455,no_exact_ref,28593.572,0,67,413921,105963776
simless,5,2,enron_full_488455,no_exact_ref,28593.572,0,67,413921,105963776
simless,6,2,enron_full_488455,no_exact_ref,28593.572,0,67,413921,105963776
simless,5,2,enron_full_488704,no_exact_ref,28725.522,1,1,413921,105963776
simless,6,2,enron_full_488704,no_exact_ref,28725.522,1,1,413921,105963776
simless,4,2,enron_full_488704,no_exact_ref,28725.522,1,1,413921,105963776
simless,6,2,enron_full_489126,no_exact_ref,27026.329,0,93,413921,105963776
simless,4,2,enron_full_489126,no_exact_ref,27026.329,0,93,413921,105963776
simless,5,2,enron_full_489126,no_exact_ref,27026.329,0,93,413921,105963776
simless,4,2,enron_full_490171,no_exact_ref,26065.897,0,86,413921,105963776
simless,5,2,enron_full_490171,no_exact_ref,26065.897,0,86,413921,105963776
simless,6,2,enron_full_490171,no_exact_ref,26065.897,0,86,413921,105963776
simless,5,2,enron_full_490913,exact_ref,26201.836,1,0,413921,105963776
simless,6,2,enron_full_490913,exact_ref,26201.836,1,0,413921,105963776
simless,4,2,enron_full_490913,exact_ref,26201.836,1,0,413921,105963776
simless,6,2,enron_full_491597,exact_ref,26338.525,1,0,413921,105963776
simless,4,2,enron_full_491597,exact_ref,26338.525,1,0,413921,105963776
simless,5,2,enron_full_491597,exact_ref,26338.525,1,0,413921,105963776
simless,4,2,enron_full_491993,no_exact_ref,26233.405,0,91,413921,105963776
simless,5,2,enron_full_491993,no_exact_ref,26233.405,0,91,413921,105963776
simless,6,2,enron_full_491993,no_exact_ref,26233.405,0,91,413921,105963776
simless,5,2,enron_full_492310,no_exact_ref,26326.077,0,13,413921,105963776
simless,6,2,enron_full_492310,no_exact_ref,26326.077,0,13,413921,105963776
simless,4,2,enron_full_492310,no_exact_ref,26326.077,0,13,413921,105963776
simless,6,2,enron_full_492624,exact_ref,26003.242,1,0,413921,105963776
simless,4,2,enron_full_492624,exact_ref,26003.242,1,0,413921,105963776
simless,5,2,enron_full_492624,exact_ref,26003.242,1,0,413921,105963776
simless,4,2,enron_full_492762,no_exact_ref,26399.925,0,69,413921,105963776
simless,5,2,enron_full_492762,no_exact_ref,26399.925,0,69,413921,105963776
simless,6,2,enron_full_492762,no_exact_ref,26399.925,0,69,413921,105963776
simless,5,2,enron_full_493081,no_exact_ref,26214.150,0,50,413921,105963776
simless,6,2,enron_full_493081,no_exact_ref,26214.150,0,50,413921,105963776
simless,4,2,enron_full_493081,no_exact_ref,26214.150,0,50,413921,105963776
simless,6,2,enron_full_493173,no_exact_ref,28725.715,0,90,413921,105963776
simless,4,2,enron_full_493173,no_exact_ref,28725.715,0,90,413921,105963776
simless,5,2,enron_full_493173,no_exact_ref,28725.715,0,90,413921,105963776
simless,4,2,enron_full_494836,no_exact_ref,28107.335,0,9,413921,105963776
simless,5,2,enron_full_494836,no_exact_ref,28107.335,0,9,413921,105963776
simless,6,2,enron_full_494836,no_exact_ref,28107.335,0,9,413921,105963776
simless,5,2,enron_full_495207,no_exact_ref,29124.809,0,94,413921,105963776
simless,6,2,enron_full_495207,no_exact_ref,29124.809,0,94,413921,105963776
simless,4,2,enron_full_495207,no_exact_ref,29124.809,0,94,413921,105963776
simless,6,2,enron_full_496303,no_exact_ref,29098.193,0,47,413921,105963776
simless,4,2,enron_full_496303,no_exact_ref,29098.193,0,47,413921,105963776
simless,5,2,enron_full_496303,no_exact_ref,29098.193,0,47,413921,105963776
simless,4,2,enron_full_497180,exact_ref,26878.564,1,0,413921,105963776
simless,5,2,enron_full_497180,exact_ref,26878.564,1,0,413921,105963776
simless,6,2,enron_full_497180,exact_ref,26878.564,1,0,413921,105963776
simless,5,2,enron_full_498346,no_exact_ref,28447.222,0,93,413921,105963776
simless,6,2,enron_full_498346,no_exact_ref,28447.222,0,93,413921,105963776
simless,4,2,enron_full_498346,no_exact_ref,28447.222,0,93,413921,105963776
simless,6,2,enron_full_498425,exact_ref,26107.971,1,0,413921,105963776
simless,4,2,enron_full_498425,exact_ref,26107.971,1,0,413921,105963776
simless,5,2,enron_full_498425,exact_ref,26107.971,1,0,413921,105963776
simless,4,2,enron_full_498832,exact_ref,27868.166,1,0,413921,105963776
simless,5,2,enron_full_498832,exact_ref,27868.166,1,0,413921,105963776
simless,6,2,enron_full_498832,exact_ref,27868.166,1,0,413921,105963776
simless,5,2,enron_full_499190,exact_ref,29402.410,1,0,413921,105963776
simless,6,2,enron_full_499190,exact_ref,29402.410,1,0,413921,105963776
simless,4,2,enron_full_499190,exact_ref,29402.410,1,0,413921,105963776
simless,6,2,enron_full_499335,exact_ref,28866.540,1,0,413921,105963776
simless,4,2,enron_full_499335,exact_ref,28866.540,1,0,413921,105963776
simless,5,2,enron_full_499335,exact_ref,28866.540,1,0,413921,105963776
simless,4,2,enron_full_500125,exact_ref,27784.985,1,0,413921,105963776
simless,5,2,enron_full_500125,exact_ref,27784.985,1,0,413921,105963776
simless,6,2,enron_full_500125,exact_ref,27784.985,1,0,413921,105963776
simless,5,2,enron_full_500480,exact_ref,26505.174,1,0,413921,105963776
simless,6,2,enron_full_500480,exact_ref,26505.174,1,0,413921,105963776
simless,4,2,enron_full_500480,exact_ref,26505.174,1,0,413921,105963776
simless,6,2,enron_full_500856,exact_ref,25914.903,1,0,413921,105963776
simless,4,2,enron_full_500856,exact_ref,25914.903,1,0,413921,105963776
simless,5,2,enron_full_500856,exact_ref,25914.903,1,0,413921,105963776
simless,4,2,enron_full_501389,exact_ref,26124.052,1,0,413921,105963776
simless,5,2,enron_full_501389,exact_ref,26124.052,1,0,413921,105963776
simless,6,2,enron_full_501389,exact_ref,26124.052,1,0,413921,105963776
simless,5,2,enron_full_501995,no_exact_ref,26347.218,1,0,413921,105963776
simless,6,2,enron_full_501995,no_exact_ref,26347.218,1,0,413921,105963776
simless,4,2,enron_full_501995,no_exact_ref,26347.218,1,0,413921,105963776
simless,6,2,enron_full_503996,no_exact_ref,28336.299,0,95,413921,105963776
simless,4,2,enron_full_503996,no_exact_ref,28336.299,0,95,413921,105963776
simless,5,2,enron_full_503996,no_exact_ref,28336.299,0,95,413921,105963776
simless,4,2,enron_full_504214,no_exact_ref,27650.222,0,34,413921,105963776
simless,5,2,enron_full_504214,no_exact_ref,27650.222,0,34,413921,105963776
simless,6,2,enron_full_504214,no_exact_ref,27650.222,0,34,413921,105963776
simless,5,2,enron_full_504672,exact_ref,26911.697,1,0,413921,105963776
simless,6,2,enron_full_504672,exact_ref,26911.697,1,0,413921,105963776
simless,4,2,enron_full_504672,exact_ref,26911.697,1,0,413921,105963776
simless,6,2,enron_full_506077,no_exact_ref,27144.345,0,83,413921,105963776
simless,4,2,enron_full_506077,no_exact_ref,27144.345,0,83,413921,105963776
simless,5,2,enron_full_506077,no_exact_ref,27144.345,0,83,413921,105963776
simless,4,2,enron_full_506313,no_exact_ref,26572.346,0,62,413921,105963776
simless,5,2,enron_full_506313,no_exact_ref,26572.346,0,62,413921,105963776
simless,6,2,enron_full_506313,no_exact_ref,26572.346,0,62,413921,105963776
simless,5,2,enron_full_506691,no_exact_ref,25730.774,0,90,413921,105963776
simless,6,2,enron_full_506691,no_exact_ref,25730.774,0,90,413921,105963776
simless,4,2,enron_full_506691,no_exact_ref,25730.774,0,90,413921,105963776
simless,6,2,enron_full_506951,no_exact_ref,26724.918,0,36,413921,105963776
simless,4,2,enron_full_506951,no_exact_ref,26724.918,0,36,413921,105963776
simless,5,2,enron_full_506951,no_exact_ref,26724.918,0,36,413921,105963776
simless,4,2,enron_full_508297,exact_ref,28175.218,1,0,413921,105963776
simless,5,2,enron_full_508297,exact_ref,28175.218,1,0,413921,105963776
simless,6,2,enron_full_508297,exact_ref,28175.218,1,0,413921,105963776
simless,5,2,enron_full_508633,no_exact_ref,30275.947,1,0,413921,105963776
simless,6,2,enron_full_508633,no_exact_ref,30275.947,1,0,413921,105963776
simless,4,2,enron_full_508633,no_exact_ref,30275.947,1,0,413921,105963776
simless,6,2,enron_full_509309,exact_ref,30864.354,1,0,413921,105963776
simless,4,2,enron_full_509309,exact_ref,30864.354,1,0,413921,105963776
simless,5,2,enron_full_509309,exact_ref,30864.354,1,0,413921,105963776
simless,4,2,enron_full_509898,exact_ref,27452.916,1,0,413921,105963776
simless,5,2,enron_full_509898,exact_ref,27452.916,1,0,413921,105963776
simless,6,2,enron_full_509898,exact_ref,27452.916,1,0,413921,105963776
simless,5,2,enron_full_511005,exact_ref,26764.354,1,0,413921,105963776
simless,6,2,enron_full_511005,exact_ref,26764.354,1,0,413921,105963776
simless,4,2,enron_full_511005,exact_ref,26764.354,1,0,413921,105963776
simless,6,2,enron_full_513543,no_exact_ref,26508.034,0,26,413921,105963776
simless,4,2,enron_full_513543,no_exact_ref,26508.034,0,26,413921,105963776
simless,5,2,enron_full_513543,no_exact_ref,26508.034,0,26,413921,105963776
simless,4,2,enron_full_513857,exact_ref,27827.502,1,0,413921,105963776
simless,5,2,enron_full_513857,exact_ref,27827.502,1,0,413921,105963776
simless,6,2,enron_full_513857,exact_ref,27827.502,1,0,413921,105963776
simless,5,2,enron_full_514823,no_exact_ref,28084.115,0,66,413921,105963776
simless,6,2,enron_full_514823,no_exact_ref,28084.115,0,66,413921,105963776
simless,4,2,enron_full_514823,no_exact_ref,28084.115,0,66,413921,105963776
simless,6,2,enron_full_514984,exact_ref,28283.321,1,0,413921,105963776
simless,4,2,enron_full_514984,exact_ref,28283.321,1,0,413921,105963776
simless,5,2,enron_full_514984,exact_ref,28283.321,1,0,413921,105963776
simless,4,2,enron_full_515092,no_exact_ref,27036.122,0,34,413921,105963776
simless,5,2,enron_full_515092,no_exact_ref,27036.122,0,34,413921,105963776
simless,6,2,enron_full_515092,no_exact_ref,27036.122,0,34,413921,105963776
simless,5,2,enron_full_515627,no_exact_ref,26633.275,0,45,413921,105963776
simless,6,2,enron_full_515627,no_exact_ref,26633.275,0,45,413921,105963776
simless,4,2,enron_full_515627,no_exact_ref,26633.275,0,45,413921,105963776
simless,6,2,enron_full_515714,no_exact_ref,27102.944,0,62,413921,105963776
simless,4,2,enron_full_515714,no_exact_ref,27102.944,0,62,413921,105963776
simless,5,2,enron_full_515714,no_exact_ref,27102.944,0,62,413921,105963776
simless,4,2,enron_full_516032,exact_ref,26455.237,1,0,413921,105963776
simless,5,2,enron_full_516032,exact_ref,26455.237,1,0,413921,105963776
simless,6,2,enron_full_516032,exact_ref,26455.237,1,0,413921,105963776
simless,5,2,enron_full_516843,no_exact_ref,26916.609,0,27,413921,105963776
simless,6,2,enron_full_516843,no_exact_ref,26916.609,0,27,413921,105963776
simless,4,2,enron_full_516843,no_exact_ref,26916.609,0,27,413921,105963776
simless,6,2,enron_full_516871,no_exact_ref,26742.527,0,93,413921,105963776
simless,4,2,enron_full_516871,no_exact_ref,26742.527,0,93,413921,105963776
simless,5,2,enron_full_516871,no_exact_ref,26742.527,0,93,413921,105963776
